course_no,course_name,canonical_dept_code,canonical_dept_name,opening_dept,year_term_range,first_year,first_term,latest_year,latest_term,grade_row_count,term_count,department_count,pdf_path,parse_status
ACC2056,회계학,H0002867,정보시스템학과,정보시스템학과(학과/서울),2009/1 ~ 2028/2,2022,2,2025,2,18,4,1,outputs/pdfs_full/정보시스템학과__ACC2056__회계학.pdf,ok
ACC3001,원가회계,H0002894,경영학부,경영학부(학부/서울/경영),2006/1 ~ 2028/2,2022,1,2026,1,40,5,2,outputs/pdfs_full/경영학부__ACC3001__원가회계.pdf,ok
ACC3002,회계감사,H0002894,경영학부,경영학부(학부/서울/경영),1999/1 ~ 2029/2,2022,1,2026,1,20,5,2,outputs/pdfs_full/경영학부__ACC3002__회계감사.pdf,ok
ACC3003,관리회계,H0002894,경영학부,경영학부(학부/서울/경영),2006/1 ~ 2028/2,2022,2,2025,2,29,4,2,outputs/pdfs_full/경영학부__ACC3003__관리회계.pdf,ok
ACC3004,세무회계,H0002894,경영학부,경영학부(학부/서울/경영),1998/1 ~ 2022/2,2016,2,2020,2,30,5,2,outputs/pdfs_full/경영학부__ACC3004__세무회계.pdf,ok
ACC3005,조세법,H0003542,법학과,법학과(학부/서울),2003/1 ~ 2016/2,2010,2,2014,2,29,5,2,outputs/pdfs_full/법학과__ACC3005__조세법.pdf,ok
ACC4001,고급회계,H0002894,경영학부,경영학부(학부/서울/경영),1999/1 ~ 2029/2,2022,2,2025,2,25,4,2,outputs/pdfs_full/경영학부__ACC4001__고급회계.pdf,ok
AIX0001,인공지능과학자-딥러닝,H0002256,서울 대학,대학(학부/서울),2018/2 ~ 2027/2,2018,2,2018,2,1,1,1,outputs/pdfs_seoul_university/서울_대학__AIX0001__인공지능과학자-딥러닝.pdf,ok
AIX0002,AI+X:인공지능,H0004253,인문소프트웨어융합전공,인문소프트웨어융합전공,2020/1 ~ 2029/2,2024,2,2026,1,11,4,2,outputs/pdfs_full/인문소프트웨어융합전공__AIX0002__AI+X_인공지능.pdf,ok
AIX0003,AI+X:딥러닝,H0004253,인문소프트웨어융합전공,인문소프트웨어융합전공,2020/1 ~ 2029/2,2024,2,2026,1,31,4,2,outputs/pdfs_full/인문소프트웨어융합전공__AIX0003__AI+X_딥러닝.pdf,ok
AIX0004,AI+X:R-Py컴퓨팅,H0004253,인문소프트웨어융합전공,인문소프트웨어융합전공,2020/1 ~ 2029/2,2024,2,2026,1,31,4,2,outputs/pdfs_full/인문소프트웨어융합전공__AIX0004__AI+X_R-Py컴퓨팅.pdf,ok
AIX0005,AI+X:머신러닝,H0004253,인문소프트웨어융합전공,인문소프트웨어융합전공,2020/1 ~ 2029/2,2024,2,2026,1,23,4,2,outputs/pdfs_full/인문소프트웨어융합전공__AIX0005__AI+X_머신러닝.pdf,ok
AIX0006,AI와법,H0004157,미래인문학융합전공,미래인문학융합전공,2021/2 ~ 2029/2,2022,2,2025,2,13,4,2,outputs/pdfs_full/미래인문학융합전공__AIX0006__AI와법.pdf,ok
AIX0007,인공지능의철학,H0004157,미래인문학융합전공,미래인문학융합전공,2021/2 ~ 2029/2,2024,2,2026,1,8,4,2,outputs/pdfs_full/미래인문학융합전공__AIX0007__인공지능의철학.pdf,ok
AIX0008,AI+X:데이터사이언티스트,H0004322,빅데이터융합전공,빅데이터융합전공,2018/2 ~ 2029/2,2021,2,2023,2,37,5,2,outputs/pdfs_full/빅데이터융합전공__AIX0008__AI+X_데이터사이언티스트.pdf,ok
AIX0009,AI와암호화폐이야기,H0002256,서울 대학,대학(학부/서울),2022/1 ~ 2025/2,2022,1,2024,1,33,5,1,outputs/pdfs_seoul_university/서울_대학__AIX0009__AI와암호화폐이야기.pdf,ok
APA1001,기초디자인1,H0002722,응용미술교육과,응용미술교육과(학부/서울),1989/1 ~ 2027/2,2022,1,2026,1,16,5,1,outputs/pdfs_full/응용미술교육과__APA1001__기초디자인1.pdf,ok
APA1002,기초디자인2,H0002722,응용미술교육과,응용미술교육과(학부/서울),1989/1 ~ 2021/2,2015,2,2021,1,8,5,1,outputs/pdfs_full/응용미술교육과__APA1002__기초디자인2.pdf,ok
APA1011,기초회화,H0002722,응용미술교육과,응용미술교육과(학부/서울),2005/1 ~ 2027/2,2022,1,2026,1,20,5,1,outputs/pdfs_full/응용미술교육과__APA1011__기초회화.pdf,ok
APA1012,미술교육학원론1,H0002722,응용미술교육과,응용미술교육과(학부/서울),2005/1 ~ 2027/2,2022,2,2025,2,10,4,1,outputs/pdfs_full/응용미술교육과__APA1012__미술교육학원론1.pdf,ok
APA1014,서양미술사1,H0002722,응용미술교육과,응용미술교육과(학부/서울),2010/1 ~ 2016/2,2012,1,2016,1,22,5,1,outputs/pdfs_full/응용미술교육과__APA1014__서양미술사1.pdf,ok
APA1015,드로잉,H0002722,응용미술교육과,응용미술교육과(학부/서울),2009/1 ~ 2027/2,2022,2,2025,2,15,4,1,outputs/pdfs_full/응용미술교육과__APA1015__드로잉.pdf,ok
APA1016,타이포그래피,H0002722,응용미술교육과,응용미술교육과(학부/서울),2013/1 ~ 2015/2,2013,2,2015,2,15,3,1,outputs/pdfs_full/응용미술교육과__APA1016__타이포그래피.pdf,ok
APA2021,가상공간연구,H0002722,응용미술교육과,응용미술교육과(학부/서울),2002/1 ~ 2029/2,2021,1,2025,2,10,4,1,outputs/pdfs_full/응용미술교육과__APA2021__가상공간연구.pdf,ok
APA2023,미술치료법,H0002722,응용미술교육과,응용미술교육과(학부/서울),2002/1 ~ 2016/2,2012,1,2016,1,17,5,1,outputs/pdfs_full/응용미술교육과__APA2023__미술치료법.pdf,ok
APA2024,영어프리젠테이션,H0002722,응용미술교육과,응용미술교육과(학부/서울),2002/1 ~ 2016/2,2012,1,2016,1,16,5,1,outputs/pdfs_full/응용미술교육과__APA2024__영어프리젠테이션.pdf,ok
APA2026,게임환경연구2,H0002722,응용미술교육과,응용미술교육과(학부/서울),2002/1 ~ 2017/2,2010,2,2017,2,14,5,1,outputs/pdfs_full/응용미술교육과__APA2026__게임환경연구2.pdf,ok
APA2030,문화예술콘텐츠,H0002722,응용미술교육과,응용미술교육과(학부/서울),2010/1 ~ 2030/2,2022,2,2025,2,11,4,1,outputs/pdfs_full/응용미술교육과__APA2030__문화예술콘텐츠.pdf,ok
APA2031,서양미술사2,H0002722,응용미술교육과,응용미술교육과(학부/서울),2010/1 ~ 2029/2,2022,2,2025,2,16,4,1,outputs/pdfs_full/응용미술교육과__APA2031__서양미술사2.pdf,ok
APA2032,섬유공예,H0002722,응용미술교육과,응용미술교육과(학부/서울),2010/1 ~ 2016/2,2012,1,2016,1,17,5,1,outputs/pdfs_full/응용미술교육과__APA2032__섬유공예.pdf,ok
APA2033,환경도자,H0002722,응용미술교육과,응용미술교육과(학부/서울),2010/1 ~ 2018/1,2013,1,2017,2,17,5,1,outputs/pdfs_full/응용미술교육과__APA2033__환경도자.pdf,ok
APA2034,2D컴퓨터그래픽,H0002722,응용미술교육과,응용미술교육과(학부/서울),2010/1 ~ 2027/2,2022,2,2025,2,12,4,1,outputs/pdfs_full/응용미술교육과__APA2034__2D컴퓨터그래픽.pdf,ok
APA2035,입체오브제,H0002722,응용미술교육과,응용미술교육과(학부/서울),2010/1 ~ 2020/2,2016,1,2020,1,18,5,1,outputs/pdfs_full/응용미술교육과__APA2035__입체오브제.pdf,ok
APA2036,경험디자인,H0002722,응용미술교육과,응용미술교육과(학부/서울),2025/1 ~ 2028/2,2025,1,2026,1,6,2,1,outputs/pdfs_full/응용미술교육과__APA2036__경험디자인.pdf,ok
APA2054,데이터구조,H0002867,정보시스템학과,정보시스템학과(학과/서울),2009/1 ~ 2028/2,2022,2,2026,1,38,5,1,outputs/pdfs_full/정보시스템학과__APA2054__데이터구조.pdf,ok
APA2056,미술교육원강,H0002722,응용미술교육과,응용미술교육과(학부/서울),2006/1 ~ 2018/2,2012,1,2018,1,16,5,1,outputs/pdfs_full/응용미술교육과__APA2056__미술교육원강.pdf,ok
APA2057,캐릭터도자,H0002722,응용미술교육과,응용미술교육과(학부/서울),2006/1 ~ 2016/2,2012,2,2016,2,13,5,1,outputs/pdfs_full/응용미술교육과__APA2057__캐릭터도자.pdf,ok
APA2058,미술교육학원론2,H0002722,응용미술교육과,응용미술교육과(학부/서울),2006/1 ~ 2028/2,2022,1,2026,1,18,5,1,outputs/pdfs_full/응용미술교육과__APA2058__미술교육학원론2.pdf,ok
APA2059,문화예술콘텐츠2,H0002722,응용미술교육과,응용미술교육과(학부/서울),2010/1 ~ 2017/2,2010,2,2017,2,19,5,1,outputs/pdfs_full/응용미술교육과__APA2059__문화예술콘텐츠2.pdf,ok
APA2060,캡스톤디자인미술교육,H0002722,응용미술교육과,응용미술교육과(학부/서울),2012/1 ~ 2030/2,2022,1,2026,1,10,5,1,outputs/pdfs_full/응용미술교육과__APA2060__캡스톤디자인미술교육.pdf,ok
APA2061,다문화미술교육,H0002722,응용미술교육과,응용미술교육과(학부/서울),2010/1 ~ 2016/2,2010,2,2015,2,15,4,1,outputs/pdfs_full/응용미술교육과__APA2061__다문화미술교육.pdf,ok
APA2090,글로벌디자인실습,H0002722,응용미술교육과,응용미술교육과(학부/서울),2018/2 ~ 2029/2,2019,2,2024,2,6,4,1,outputs/pdfs_full/응용미술교육과__APA2090__글로벌디자인실습.pdf,ok
APA2091,인터렉티브디자인,H0002722,응용미술교육과,응용미술교육과(학부/서울),2021/1 ~ 2030/2,2021,1,2024,1,12,4,1,outputs/pdfs_full/응용미술교육과__APA2091__인터렉티브디자인.pdf,ok
APA2092,전시디자인,H0002722,응용미술교육과,응용미술교육과(학부/서울),2021/1 ~ 2029/2,2021,2,2024,2,11,4,1,outputs/pdfs_full/응용미술교육과__APA2092__전시디자인.pdf,ok
APA3005,시각디자인1,H0002722,응용미술교육과,응용미술교육과(학부/서울),1990/1 ~ 2028/2,2022,1,2026,1,15,5,1,outputs/pdfs_full/응용미술교육과__APA3005__시각디자인1.pdf,ok
APA3006,시각디자인2,H0002722,응용미술교육과,응용미술교육과(학부/서울),1990/1 ~ 2028/2,2021,2,2025,2,8,4,1,outputs/pdfs_full/응용미술교육과__APA3006__시각디자인2.pdf,ok
APA3020,미술과교육론,H0002722,응용미술교육과,응용미술교육과(학부/서울),1995/1 ~ 2029/2,2022,1,2026,1,15,5,1,outputs/pdfs_full/응용미술교육과__APA3020__미술과교육론.pdf,ok
APA3021,미술과교재연구,H0002722,응용미술교육과,응용미술교육과(학부/서울),1995/1 ~ 2029/2,2022,2,2025,2,14,4,1,outputs/pdfs_full/응용미술교육과__APA3021__미술과교재연구.pdf,ok
APA3024,웹디자인1,H0002722,응용미술교육과,응용미술교육과(학부/서울),2003/1 ~ 2020/2,2016,1,2020,1,21,5,1,outputs/pdfs_full/응용미술교육과__APA3024__웹디자인1.pdf,ok
APA3028,디지털일러스트레이션,H0002722,응용미술교육과,응용미술교육과(학부/서울),2003/1 ~ 2017/2,2012,1,2017,1,21,5,1,outputs/pdfs_full/응용미술교육과__APA3028__디지털일러스트레이션.pdf,ok
APA3029,웹디자인2,H0002722,응용미술교육과,응용미술교육과(학부/서울),2003/1 ~ 2020/2,2015,2,2020,2,20,5,1,outputs/pdfs_full/응용미술교육과__APA3029__웹디자인2.pdf,ok
APA3036,애니메이션,H0002722,응용미술교육과,응용미술교육과(학부/서울),2011/1 ~ 2021/2,2017,2,2021,2,16,5,1,outputs/pdfs_full/응용미술교육과__APA3036__애니메이션.pdf,ok
APA3038,3D컴퓨터그래픽,H0002722,응용미술교육과,응용미술교육과(학부/서울),2011/1 ~ 2029/2,2019,2,2026,1,14,5,1,outputs/pdfs_full/응용미술교육과__APA3038__3D컴퓨터그래픽.pdf,ok
APA3039,동양미술사,H0002722,응용미술교육과,응용미술교육과(학부/서울),2011/1 ~ 2030/2,2024,1,2026,1,10,3,1,outputs/pdfs_full/응용미술교육과__APA3039__동양미술사.pdf,ok
APA3053,도자공예연구,H0002722,응용미술교육과,응용미술교육과(학부/서울),2003/1 ~ 2021/2,2015,2,2021,2,15,5,1,outputs/pdfs_full/응용미술교육과__APA3053__도자공예연구.pdf,ok
APA3060,영상미디어제작,H0002722,응용미술교육과,응용미술교육과(학부/서울),2007/1 ~ 2018/2,2012,2,2018,2,18,5,1,outputs/pdfs_full/응용미술교육과__APA3060__영상미디어제작.pdf,ok
APA3061,산업도자공예,H0002722,응용미술교육과,응용미술교육과(학부/서울),2007/1 ~ 2017/2,2013,1,2017,1,15,5,1,outputs/pdfs_full/응용미술교육과__APA3061__산업도자공예.pdf,ok
APA3062,멀티미디어미술교육,H0002722,응용미술교육과,응용미술교육과(학부/서울),2007/1 ~ 2016/2,2012,1,2016,1,18,5,1,outputs/pdfs_full/응용미술교육과__APA3062__멀티미디어미술교육.pdf,ok
APA3063,캡스톤디자인뉴미디어,H0002722,응용미술교육과,응용미술교육과(학부/서울),2011/1 ~ 2029/2,2022,1,2026,1,8,5,1,outputs/pdfs_full/응용미술교육과__APA3063__캡스톤디자인뉴미디어.pdf,ok
APA3064,미디어인터렉션디자인,H0002722,응용미술교육과,응용미술교육과(학부/서울),2011/1 ~ 2030/2,2022,1,2026,1,11,5,1,outputs/pdfs_full/응용미술교육과__APA3064__미디어인터렉션디자인.pdf,ok
APA3065,디자인스튜디오,H0002722,응용미술교육과,응용미술교육과(학부/서울),2011/1 ~ 2028/2,2022,2,2025,2,10,4,1,outputs/pdfs_full/응용미술교육과__APA3065__디자인스튜디오.pdf,ok
APA3114,소셜디자인,H0002722,응용미술교육과,응용미술교육과(학부/서울),2022/1 ~ 2029/2,2022,2,2025,2,8,4,1,outputs/pdfs_full/응용미술교육과__APA3114__소셜디자인.pdf,ok
APA4011,실내디자인,H0002886,건축학부,건축학부(학부/서울),2008/1 ~ 2031/2,2021,1,2026,1,12,5,1,outputs/pdfs_full/건축학부__APA4011__실내디자인.pdf,ok
APA4023,포트폴리오작품제작,H0002722,응용미술교육과,응용미술교육과(학부/서울),2004/1 ~ 2030/2,2022,1,2026,1,10,5,1,outputs/pdfs_full/응용미술교육과__APA4023__포트폴리오작품제작.pdf,ok
APA4025,디자인포트폴리오실무,H0002722,응용미술교육과,응용미술교육과(학부/서울),2004/1 ~ 2030/2,2019,2,2024,2,9,4,1,outputs/pdfs_full/응용미술교육과__APA4025__디자인포트폴리오실무.pdf,ok
APA4026,포트폴리오제작2,H0002722,응용미술교육과,응용미술교육과(학부/서울),2004/1 ~ 2018/2,2013,2,2017,2,9,5,1,outputs/pdfs_full/응용미술교육과__APA4026__포트폴리오제작2.pdf,ok
APA4027,클레이메이션,H0002722,응용미술교육과,응용미술교육과(학부/서울),2011/1 ~ 2017/2,2013,1,2017,1,14,5,1,outputs/pdfs_full/응용미술교육과__APA4027__클레이메이션.pdf,ok
APA4028,미술과논리및논술,H0002722,응용미술교육과,응용미술교육과(학부/서울),2012/1 ~ 2030/2,2022,2,2025,2,19,4,1,outputs/pdfs_full/응용미술교육과__APA4028__미술과논리및논술.pdf,ok
APA4055,인공지능개론,H0002575,융합전자공학부,융합전자공학부,2019/1 ~ 2030/2,2022,1,2026,1,32,5,2,outputs/pdfs_full/융합전자공학부__APA4055__인공지능개론.pdf,ok
APA4057,도예실기,H0002722,응용미술교육과,응용미술교육과(학부/서울),2005/1 ~ 2029/2,2022,1,2025,2,7,4,1,outputs/pdfs_full/응용미술교육과__APA4057__도예실기.pdf,ok
APA4058,도예실기2,H0002722,응용미술교육과,응용미술교육과(학부/서울),2005/1 ~ 2022/2,2018,2,2022,2,17,5,1,outputs/pdfs_full/응용미술교육과__APA4058__도예실기2.pdf,ok
APA4090,3D시뮬레이션,H0002722,응용미술교육과,응용미술교육과(학부/서울),2015/1 ~ 2026/2,2021,2,2026,1,10,5,1,outputs/pdfs_full/응용미술교육과__APA4090__3D시뮬레이션.pdf,ok
APA4091,캡스톤디자인산학협력,H0002722,응용미술교육과,응용미술교육과(학부/서울),2016/1 ~ 2029/2,2021,1,2026,1,10,5,1,outputs/pdfs_full/응용미술교육과__APA4091__캡스톤디자인산학협력.pdf,ok
APA4108,사회문제해결을위한Hands-onExperienceDesign,H0002722,응용미술교육과,응용미술교육과(학부/서울),2021/2 ~ 2030/2,2022,2,2025,2,4,4,1,outputs/pdfs_full/응용미술교육과__APA4108__사회문제해결을위한Hands-onExperienceDesign.pdf,ok
APA4110,미술과현장수업연구,H0002722,응용미술교육과,응용미술교육과(학부/서울),2024/2 ~ 2026/2,2024,2,2024,2,1,1,1,outputs/pdfs_full/응용미술교육과__APA4110__미술과현장수업연구.pdf,ok
APS1002,대학수학,H0003958,산업융합학부,산업융합학부,2016/1 ~ 2027/2,2013,1,2026,1,31,4,2,outputs/pdfs_full/산업융합학부__APS1002__대학수학.pdf,ok
APS1003,논리적사고와말하기,H0003958,산업융합학부,산업융합학부,2016/1 ~ 2027/2,2013,1,2026,1,19,4,2,outputs/pdfs_full/산업융합학부__APS1003__논리적사고와말하기.pdf,ok
APS1004,학술기초영어회화,H0003958,산업융합학부,산업융합학부,2016/1 ~ 2027/2,2013,1,2026,1,23,4,2,outputs/pdfs_full/산업융합학부__APS1004__학술기초영어회화.pdf,ok
APS1005,대학수학2,H0002256,서울 대학,대학(학부/서울),2016/2 ~ 2016/2,2013,2,2015,2,24,3,1,outputs/pdfs_seoul_university/서울_대학__APS1005__대학수학2.pdf,ok
APS1006,창조적사고와글쓰기,H0003958,산업융합학부,산업융합학부,2016/1 ~ 2027/2,2013,2,2015,2,17,3,2,outputs/pdfs_full/산업융합학부__APS1006__창조적사고와글쓰기.pdf,ok
APS1007,영어토론과발표,H0003958,산업융합학부,산업융합학부,2016/1 ~ 2027/2,2013,2,2015,2,23,3,2,outputs/pdfs_full/산업융합학부__APS1007__영어토론과발표.pdf,ok
APS1008,과학기술의철학적탐색,H0003958,산업융합학부,산업융합학부,2016/1 ~ 2027/2,2013,2,2015,2,22,3,2,outputs/pdfs_full/산업융합학부__APS1008__과학기술의철학적탐색.pdf,ok
APS1009,산업융합입문,H0003958,산업융합학부,산업융합학부,2020/1 ~ 2027/2,2026,1,2026,1,6,1,2,outputs/pdfs_full/산업융합학부__APS1009__산업융합입문.pdf,ok
APS1010,산업융합수학,H0003958,산업융합학부,산업융합학부,2020/1 ~ 2027/2,,,,,0,0,2,outputs/pdfs_full/산업융합학부__APS1010__산업융합수학.pdf,not_found
APS2001,확률및통계1,H0003960,응용시스템전공,응용시스템전공,2014/1 ~ 2028/2,2014,1,2026,1,20,3,6,outputs/pdfs_full/응용시스템전공__APS2001__확률및통계1.pdf,ok
APS2002,기술경영입문,H0003960,응용시스템전공,응용시스템전공,2014/1 ~ 2028/2,2014,1,2026,1,18,3,3,outputs/pdfs_full/응용시스템전공__APS2002__기술경영입문.pdf,ok
APS2003,경제성공학론,H0003960,응용시스템전공,응용시스템전공,2014/1 ~ 2028/2,2014,1,2026,1,18,3,3,outputs/pdfs_full/응용시스템전공__APS2003__경제성공학론.pdf,ok
APS2004,인간심리와경험,H0003960,응용시스템전공,응용시스템전공,2014/1 ~ 2016/2,2014,1,2026,1,17,3,5,outputs/pdfs_full/응용시스템전공__APS2004__인간심리와경험.pdf,ok
APS2005,확률및통계2,H0003960,응용시스템전공,응용시스템전공,2014/1 ~ 2028/2,2014,2,2015,2,14,2,6,outputs/pdfs_full/응용시스템전공__APS2005__확률및통계2.pdf,ok
APS2006,공업경제학2,H0003960,응용시스템전공,응용시스템전공,2014/1 ~ 2020/2,2014,2,2015,2,8,2,1,outputs/pdfs_full/응용시스템전공__APS2006__공업경제학2.pdf,ok
APS2007,정보시각화,H0003960,응용시스템전공,응용시스템전공,2014/1 ~ 2016/2,2014,2,2025,2,14,3,5,outputs/pdfs_full/응용시스템전공__APS2007__정보시각화.pdf,ok
APS2008,경제학개론,H0003960,응용시스템전공,응용시스템전공,2015/2 ~ 2028/2,2015,2,2015,2,7,1,3,outputs/pdfs_full/응용시스템전공__APS2008__경제학개론.pdf,ok
APS2009,마케팅입문,H0003960,응용시스템전공,응용시스템전공,2015/2 ~ 2020/2,2015,2,2015,2,5,1,2,outputs/pdfs_full/응용시스템전공__APS2009__마케팅입문.pdf,ok
APS2010,사회기술시스템,H0003960,응용시스템전공,응용시스템전공,2018/2 ~ 2028/2,,,,,0,0,4,outputs/pdfs_full/응용시스템전공__APS2010__사회기술시스템.pdf,not_found
APS2011,마케팅원리,H0003960,응용시스템전공,응용시스템전공,2025/1 ~ 2028/2,,,,,0,0,4,outputs/pdfs_full/응용시스템전공__APS2011__마케팅원리.pdf,not_found
APS3001,수리최적화,H0003960,응용시스템전공,응용시스템전공,2015/1 ~ 2029/2,2015,1,2026,1,11,2,6,outputs/pdfs_full/응용시스템전공__APS3001__수리최적화.pdf,ok
APS3002,생산운영관리론,H0003960,응용시스템전공,응용시스템전공,2015/1 ~ 2029/2,2015,1,2026,1,14,2,3,outputs/pdfs_full/응용시스템전공__APS3002__생산운영관리론.pdf,ok
APS3003,디자인혁신경영,H0003960,응용시스템전공,응용시스템전공,2015/1 ~ 2017/2,2015,1,2015,1,5,1,5,outputs/pdfs_full/응용시스템전공__APS3003__디자인혁신경영.pdf,ok
APS3004,데이터마이닝1,H0003960,응용시스템전공,응용시스템전공,2015/1 ~ 2017/2,,,,,0,0,2,outputs/pdfs_full/응용시스템전공__APS3004__데이터마이닝1.pdf,not_found
APS3005,기술혁신전략,H0003960,응용시스템전공,응용시스템전공,2015/1 ~ 2028/2,2015,1,2015,1,8,1,4,outputs/pdfs_full/응용시스템전공__APS3005__기술혁신전략.pdf,ok
APS3007,시계열및인공지능예측,H0003960,응용시스템전공,응용시스템전공,2015/1 ~ 2029/2,2015,2,2015,2,6,1,5,outputs/pdfs_full/응용시스템전공__APS3007__시계열및인공지능예측.pdf,ok
APS3008,생산운영관리2,H0003960,응용시스템전공,응용시스템전공,2015/1 ~ 2021/2,,,,,0,0,1,outputs/pdfs_full/응용시스템전공__APS3008__생산운영관리2.pdf,not_found
APS3009,인간중심디자인,H0003960,응용시스템전공,응용시스템전공,2015/1 ~ 2017/2,,,,,0,0,5,outputs/pdfs_full/응용시스템전공__APS3009__인간중심디자인.pdf,not_found
APS3010,데이터마이닝2,H0003960,응용시스템전공,응용시스템전공,2015/1 ~ 2017/2,,,,,0,0,2,outputs/pdfs_full/응용시스템전공__APS3010__데이터마이닝2.pdf,not_found
APS3011,회계학원론,H0003960,응용시스템전공,응용시스템전공,2016/1 ~ 2028/2,2026,1,2026,1,3,1,4,outputs/pdfs_full/응용시스템전공__APS3011__회계학원론.pdf,ok
APS3013,서비스경영,H0003960,응용시스템전공,응용시스템전공,2015/1 ~ 2030/2,2015,2,2015,2,7,1,5,outputs/pdfs_full/응용시스템전공__APS3013__서비스경영.pdf,ok
APS3014,프로세스매니지먼트,H0003960,응용시스템전공,응용시스템전공,2015/1 ~ 2021/2,2026,1,2026,1,5,1,4,outputs/pdfs_full/응용시스템전공__APS3014__프로세스매니지먼트.pdf,ok
APS3015,품질경영,H0003960,응용시스템전공,응용시스템전공,2015/1 ~ 2030/2,2015,1,2015,1,7,1,3,outputs/pdfs_full/응용시스템전공__APS3015__품질경영.pdf,ok
APS3016,전략경영,H0003960,응용시스템전공,응용시스템전공,2015/2 ~ 2029/2,2015,2,2026,1,13,2,3,outputs/pdfs_full/응용시스템전공__APS3016__전략경영.pdf,ok
APS3017,e-비즈니스,H0003960,응용시스템전공,응용시스템전공,2015/2 ~ 2021/2,2015,2,2015,2,5,1,4,outputs/pdfs_full/응용시스템전공__APS3017__e-비즈니스.pdf,ok
APS3019,하이테크마케팅,H0003960,응용시스템전공,응용시스템전공,2016/1 ~ 2029/2,2026,1,2026,1,7,1,4,outputs/pdfs_full/응용시스템전공__APS3019__하이테크마케팅.pdf,ok
APS3020,사이버물리시스템(캡스톤디자인),H0003960,응용시스템전공,응용시스템전공,2019/1 ~ 2021/2,2026,1,2026,1,4,1,4,outputs/pdfs_full/응용시스템전공__APS3020__사이버물리시스템(캡스톤디자인).pdf,ok
APS3021,기술사업화,H0003960,응용시스템전공,응용시스템전공,2022/1 ~ 2029/2,2026,1,2026,1,4,1,4,outputs/pdfs_full/응용시스템전공__APS3021__기술사업화.pdf,ok
APS3022,지속가능경영시스템,H0003960,응용시스템전공,응용시스템전공,2023/2 ~ 2029/2,,,,,0,0,3,outputs/pdfs_full/응용시스템전공__APS3022__지속가능경영시스템.pdf,not_found
APS3023,기술금융,H0003960,응용시스템전공,응용시스템전공,2026/1 ~ 2029/2,,,,,0,0,3,outputs/pdfs_full/응용시스템전공__APS3023__기술금융.pdf,not_found
APS4001,실험및시험방법론,H0003960,응용시스템전공,응용시스템전공,2016/1 ~ 2022/2,,,,,0,0,1,outputs/pdfs_full/응용시스템전공__APS4001__실험및시험방법론.pdf,not_found
APS4002,공급망관리,H0003960,응용시스템전공,응용시스템전공,2016/1 ~ 2029/2,,,,,0,0,3,outputs/pdfs_full/응용시스템전공__APS4002__공급망관리.pdf,not_found
APS4003,ERP실무,H0003960,응용시스템전공,응용시스템전공,2016/1 ~ 2022/2,,,,,0,0,1,outputs/pdfs_full/응용시스템전공__APS4003__ERP실무.pdf,not_found
APS4004,컴퓨터통합제조,H0003960,응용시스템전공,응용시스템전공,2016/1 ~ 2018/2,,,,,0,0,1,outputs/pdfs_full/응용시스템전공__APS4004__컴퓨터통합제조.pdf,not_found
APS4005,산업융합세미나,H0003960,응용시스템전공,응용시스템전공,2016/1 ~ 2026/2,,,,,0,0,3,outputs/pdfs_full/응용시스템전공__APS4005__산업융합세미나.pdf,not_found
APS4006,경영공학창의설계,H0003960,응용시스템전공,응용시스템전공,2016/1 ~ 2030/2,2026,1,2026,1,3,1,3,outputs/pdfs_full/응용시스템전공__APS4006__경영공학창의설계.pdf,ok
APS4007,실험및시험방법론2,H0003960,응용시스템전공,응용시스템전공,2016/1 ~ 2018/2,,,,,0,0,1,outputs/pdfs_full/응용시스템전공__APS4007__실험및시험방법론2.pdf,not_found
APS4008,프로젝트관리론,H0003960,응용시스템전공,응용시스템전공,2016/1 ~ 2030/2,,,,,0,0,4,outputs/pdfs_full/응용시스템전공__APS4008__프로젝트관리론.pdf,not_found
APS4011,응용시스템세미나2,H0003960,응용시스템전공,응용시스템전공,2016/1 ~ 2018/2,,,,,0,0,1,outputs/pdfs_full/응용시스템전공__APS4011__응용시스템세미나2.pdf,not_found
APS4012,경영공학종합설계,H0003960,응용시스템전공,응용시스템전공,2016/1 ~ 2030/2,,,,,0,0,3,outputs/pdfs_full/응용시스템전공__APS4012__경영공학종합설계.pdf,not_found
APS4013,의사결정론,H0003960,응용시스템전공,응용시스템전공,2016/1 ~ 2022/2,,,,,0,0,1,outputs/pdfs_full/응용시스템전공__APS4013__의사결정론.pdf,not_found
APS4014,경영시뮬레이션,H0003960,응용시스템전공,응용시스템전공,2016/1 ~ 2022/2,,,,,0,0,1,outputs/pdfs_full/응용시스템전공__APS4014__경영시뮬레이션.pdf,not_found
APS4015,제조혁신,H0003960,응용시스템전공,응용시스템전공,2016/1 ~ 2022/2,,,,,0,0,1,outputs/pdfs_full/응용시스템전공__APS4015__제조혁신.pdf,not_found
APS4016,사회혁신의이해,H0003960,응용시스템전공,응용시스템전공,2018/1 ~ 2026/2,2022,1,2026,1,12,5,4,outputs/pdfs_full/응용시스템전공__APS4016__사회혁신의이해.pdf,ok
APS4017,하이브리드프로토타이핑,H0003960,응용시스템전공,응용시스템전공,2018/1 ~ 2022/2,,,,,0,0,1,outputs/pdfs_full/응용시스템전공__APS4017__하이브리드프로토타이핑.pdf,not_found
APS4019,글로벌혁신시스템,H0003960,응용시스템전공,응용시스템전공,2019/1 ~ 2029/2,,,,,0,0,4,outputs/pdfs_full/응용시스템전공__APS4019__글로벌혁신시스템.pdf,not_found
APS4020,지식재산경영,H0003960,응용시스템전공,응용시스템전공,2023/1 ~ 2029/2,2026,1,2026,1,6,1,4,outputs/pdfs_full/응용시스템전공__APS4020__지식재산경영.pdf,ok
APS4021,산업문제해결컨설팅,H0003960,응용시스템전공,응용시스템전공,2022/1 ~ 2030/2,,,,,0,0,4,outputs/pdfs_full/응용시스템전공__APS4021__산업문제해결컨설팅.pdf,not_found
APS4022,비즈니스모델디자인,H0003960,응용시스템전공,응용시스템전공,2023/1 ~ 2030/2,2026,1,2026,1,6,1,5,outputs/pdfs_full/응용시스템전공__APS4022__비즈니스모델디자인.pdf,ok
ARD2001,주거론,H0002886,건축학부,건축학부(학부/서울),2008/1 ~ 2030/2,2022,1,2026,1,24,5,2,outputs/pdfs_full/건축학부__ARD2001__주거론.pdf,ok
ARD2052,건축환경공학,H0002886,건축학부,건축학부(학부/서울),2007/1 ~ 2029/2,2024,2,2026,1,21,4,2,outputs/pdfs_full/건축학부__ARD2052__건축환경공학.pdf,ok
ARD3005,서양건축사,H0002886,건축학부,건축학부(학부/서울),2006/1 ~ 2027/2,2022,2,2025,2,24,4,1,outputs/pdfs_full/건축학부__ARD3005__서양건축사.pdf,ok
ARD3009,건축구법1,H0002886,건축학부,건축학부(학부/서울),2006/1 ~ 2016/2,2018,2,2022,2,31,5,2,outputs/pdfs_full/건축학부__ARD3009__건축구법1.pdf,ok
ARD3010,건축구법2,H0002521,건축공학부,건축공학부(학부/서울),2008/1 ~ 2017/2,2017,1,2017,1,2,1,1,outputs/pdfs_full/건축공학부__ARD3010__건축구법2.pdf,ok
ARD3063,건축계획,H0002886,건축학부,건축학부(학부/서울),2006/1 ~ 2028/2,2022,1,2026,1,34,5,2,outputs/pdfs_full/건축학부__ARD3063__건축계획.pdf,ok
ARD4005,한국건축사,H0002886,건축학부,건축학부(학부/서울),2006/1 ~ 2028/2,2022,1,2026,1,35,5,1,outputs/pdfs_full/건축학부__ARD4005__한국건축사.pdf,ok
ARD4006,현대건축사,H0002886,건축학부,건축학부(학부/서울),2007/1 ~ 2017/2,2013,1,2017,1,36,5,1,outputs/pdfs_full/건축학부__ARD4006__현대건축사.pdf,ok
ARD4007,동양건축사,H0002886,건축학부,건축학부(학부/서울),2009/1 ~ 2027/2,2017,2,2023,1,26,5,1,outputs/pdfs_full/건축학부__ARD4007__동양건축사.pdf,ok
ARD4012,건축기획,H0002886,건축학부,건축학부(학부/서울),2008/1 ~ 2031/2,2022,1,2026,1,22,5,1,outputs/pdfs_full/건축학부__ARD4012__건축기획.pdf,ok
ARE1001,건축론,H0002886,건축학부,건축학부(학부/서울),2009/1 ~ 2019/2,2014,2,2018,2,37,5,1,outputs/pdfs_full/건축학부__ARE1001__건축론.pdf,ok
ARE1032,기초표현1,H0002886,건축학부,건축학부(학부/서울),2005/1 ~ 2015/2,2011,1,2015,1,26,5,1,outputs/pdfs_full/건축학부__ARE1032__기초표현1.pdf,ok
ARE1033,기초표현2,H0002886,건축학부,건축학부(학부/서울),2005/1 ~ 2015/2,2011,2,2015,2,29,5,1,outputs/pdfs_full/건축학부__ARE1033__기초표현2.pdf,ok
ARE1034,수학과기하학,H0002886,건축학부,건축학부(학부/서울),2005/1 ~ 2023/2,2019,2,2023,2,30,5,1,outputs/pdfs_full/건축학부__ARE1034__수학과기하학.pdf,ok
ARE1035,물리학의개념,H0002886,건축학부,건축학부(학부/서울),2005/1 ~ 2023/2,2019,2,2023,2,32,5,1,outputs/pdfs_full/건축학부__ARE1035__물리학의개념.pdf,ok
ARE1056,기초표현,H0002886,건축학부,건축학부(학부/서울),2016/1 ~ 2025/2,2021,1,2025,1,28,5,1,outputs/pdfs_full/건축학부__ARE1056__기초표현.pdf,ok
ARE1057,스마트건축의이해,H0002521,건축공학부,건축공학부(학부/서울),2020/1 ~ 2027/2,2022,2,2025,2,17,4,1,outputs/pdfs_full/건축공학부__ARE1057__스마트건축의이해.pdf,ok
ARE1058,건축의이해,H0002886,건축학부,건축학부(학부/서울),2024/1 ~ 2027/2,2024,1,2026,1,16,3,1,outputs/pdfs_full/건축학부__ARE1058__건축의이해.pdf,ok
ARE2007,건축설비개론,H0002886,건축학부,건축학부(학부/서울),2007/1 ~ 2029/2,2024,2,2026,1,30,4,2,outputs/pdfs_full/건축학부__ARE2007__건축설비개론.pdf,ok
ARE2008,건축CAD,H0002886,건축학부,건축학부(학부/서울),2006/1 ~ 2016/2,2012,2,2016,2,36,5,1,outputs/pdfs_full/건축학부__ARE2008__건축CAD.pdf,ok
ARE2021,공학역학,H0002521,건축공학부,건축공학부(학부/서울),2010/1 ~ 2028/2,2022,1,2026,1,25,5,1,outputs/pdfs_full/건축공학부__ARE2021__공학역학.pdf,ok
ARE2022,건물유체및열역학,H0002521,건축공학부,건축공학부(학부/서울),2010/1 ~ 2028/2,2022,2,2025,2,28,4,1,outputs/pdfs_full/건축공학부__ARE2022__건물유체및열역학.pdf,ok
ARE2051,건축사,H0002521,건축공학부,건축공학부(학부/서울),2006/1 ~ 2018/2,2014,1,2018,1,30,5,1,outputs/pdfs_full/건축공학부__ARE2051__건축사.pdf,ok
ARE2070,컴퓨터활용디자인기본,H0002886,건축학부,건축학부(학부/서울),2014/1 ~ 2027/2,2022,2,2025,2,24,4,1,outputs/pdfs_full/건축학부__ARE2070__컴퓨터활용디자인기본.pdf,ok
ARE2078,건축과컴퓨터,H0002886,건축학부,건축학부(학부/서울),2017/1 ~ 2028/2,2022,2,2025,2,25,4,1,outputs/pdfs_full/건축학부__ARE2078__건축과컴퓨터.pdf,ok
ARE3005,건축재료,H0002886,건축학부,건축학부(학부/서울),2007/1 ~ 2017/2,2022,1,2026,1,18,5,2,outputs/pdfs_full/건축학부__ARE3005__건축재료.pdf,ok
ARE3008,건축구조역학1,H0002886,건축학부,건축학부(학부/서울),2007/1 ~ 2017/2,2022,1,2026,1,25,5,2,outputs/pdfs_full/건축학부__ARE3008__건축구조역학1.pdf,ok
ARE3009,건축구조역학2,H0002521,건축공학부,건축공학부(학부/서울),2007/1 ~ 2029/2,2022,2,2025,2,14,4,1,outputs/pdfs_full/건축공학부__ARE3009__건축구조역학2.pdf,ok
ARE3067,건축설계론,H0002886,건축학부,건축학부(학부/서울),2008/1 ~ 2022/2,2018,2,2022,2,27,5,1,outputs/pdfs_full/건축학부__ARE3067__건축설계론.pdf,ok
ARE3069,글로벌건설경영,H0002521,건축공학부,건축공학부(학부/서울),2007/1 ~ 2029/2,2022,2,2025,2,20,4,1,outputs/pdfs_full/건축공학부__ARE3069__글로벌건설경영.pdf,ok
ARE3070,도시사,H0002886,건축학부,건축학부(학부/서울),2008/1 ~ 2019/2,2014,1,2019,1,29,5,1,outputs/pdfs_full/건축학부__ARE3070__도시사.pdf,ok
ARE3080,건축융합설계1,H0002521,건축공학부,건축공학부(학부/서울),2018/1 ~ 2025/2,2021,1,2025,1,24,5,1,outputs/pdfs_full/건축공학부__ARE3080__건축융합설계1.pdf,ok
ARE3081,건축융합설계2,H0002521,건축공학부,건축공학부(학부/서울),2018/1 ~ 2025/2,2021,2,2025,2,26,5,1,outputs/pdfs_full/건축공학부__ARE3081__건축융합설계2.pdf,ok
ARE3082,컴퓨터활용건축설계특론,H0002886,건축학부,건축학부(학부/서울),2018/1 ~ 2029/2,2022,1,2026,1,31,5,1,outputs/pdfs_full/건축학부__ARE3082__컴퓨터활용건축설계특론.pdf,ok
ARE3083,건축구조역학,H0002886,건축학부,건축학부(학부/서울),2017/1 ~ 2028/2,2022,2,2025,2,20,4,1,outputs/pdfs_full/건축학부__ARE3083__건축구조역학.pdf,ok
ARE3084,근대건축의역사와이론,H0002886,건축학부,건축학부(학부/서울),2017/1 ~ 2028/2,2022,2,2025,2,28,4,1,outputs/pdfs_full/건축학부__ARE3084__근대건축의역사와이론.pdf,ok
ARE3085,건축재료및활용,H0002886,건축학부,건축학부(학부/서울),2018/1 ~ 2029/2,2022,1,2026,1,38,5,1,outputs/pdfs_full/건축학부__ARE3085__건축재료및활용.pdf,ok
ARE3086,스마트건축생산,H0002521,건축공학부,건축공학부(학부/서울),2020/1 ~ 2029/2,2021,2,2025,2,4,4,1,outputs/pdfs_full/건축공학부__ARE3086__스마트건축생산.pdf,ok
ARE3087,건축과도시설계,H0002886,건축학부,건축학부(학부/서울),2022/1 ~ 2029/2,2022,2,2025,2,19,4,1,outputs/pdfs_full/건축학부__ARE3087__건축과도시설계.pdf,ok
ARE3088,건축융합설계,H0002521,건축공학부,건축공학부(학부/서울),2026/1 ~ 2029/2,,,,,0,0,1,outputs/pdfs_full/건축공학부__ARE3088__건축융합설계.pdf,not_found
ARE3096,건축통합시스템,H0002886,건축학부,건축학부(학부/서울),2025/1 ~ 2030/2,2025,2,2025,2,8,1,1,outputs/pdfs_full/건축학부__ARE3096__건축통합시스템.pdf,ok
ARE3097,건축법과실무,H0002886,건축학부,건축학부(학부/서울),2025/1 ~ 2030/2,2025,2,2025,2,6,1,1,outputs/pdfs_full/건축학부__ARE3097__건축법과실무.pdf,ok
ARE4002,구조해석,H0002517,건설환경공학과,건설환경공학과(학부/서울),2011/1 ~ 2029/2,2022,1,2026,1,33,5,1,outputs/pdfs_full/건설환경공학과__ARE4002__구조해석.pdf,ok
ARE4014,건축구조계획,H0002886,건축학부,건축학부(학부/서울),2007/1 ~ 2030/2,2022,2,2025,2,28,4,2,outputs/pdfs_full/건축학부__ARE4014__건축구조계획.pdf,ok
ARE4020,건축공학실험,H0002521,건축공학부,건축공학부(학부/서울),2008/1 ~ 2018/2,,,,,0,0,1,outputs/pdfs_full/건축공학부__ARE4020__건축공학실험.pdf,not_found
ARE4022,건축음향,H0002521,건축공학부,건축공학부(학부/서울),2007/1 ~ 2029/2,2022,2,2025,2,15,4,1,outputs/pdfs_full/건축공학부__ARE4022__건축음향.pdf,ok
ARE4026,환경과생태건축,H0002886,건축학부,건축학부(학부/서울),2009/1 ~ 2030/2,2024,1,2026,1,25,4,2,outputs/pdfs_full/건축학부__ARE4026__환경과생태건축.pdf,ok
ARE4027,건축상세미학,H0002886,건축학부,건축학부(학부/서울),2008/1 ~ 2031/2,2022,2,2025,2,16,4,1,outputs/pdfs_full/건축학부__ARE4027__건축상세미학.pdf,ok
ARE4030,전기회로및조명시스템,H0002521,건축공학부,건축공학부(학부/서울),2008/1 ~ 2030/2,2022,2,2025,2,18,4,1,outputs/pdfs_full/건축공학부__ARE4030__전기회로및조명시스템.pdf,ok
ARE4031,건물에너지,H0002521,건축공학부,건축공학부(학부/서울),2012/1 ~ 2030/2,2022,1,2026,1,37,5,1,outputs/pdfs_full/건축공학부__ARE4031__건물에너지.pdf,ok
ARE4078,건축실무,H0002886,건축학부,건축학부(학부/서울),2009/1 ~ 2030/2,2020,2,2024,2,27,5,1,outputs/pdfs_full/건축학부__ARE4078__건축실무.pdf,ok
ARE4086,기본설계1,H0002886,건축학부,건축학부(학부/서울),2005/1 ~ 2027/2,2022,1,2026,1,35,5,2,outputs/pdfs_full/건축학부__ARE4086__기본설계1.pdf,ok
ARE4087,기본설계2,H0002886,건축학부,건축학부(학부/서울),2005/1 ~ 2027/2,2022,2,2025,2,28,4,2,outputs/pdfs_full/건축학부__ARE4087__기본설계2.pdf,ok
ARE4088,건축설계스튜디오1,H0002886,건축학부,건축학부(학부/서울),2006/1 ~ 2028/2,2022,1,2026,1,32,5,1,outputs/pdfs_full/건축학부__ARE4088__건축설계스튜디오1.pdf,ok
ARE4089,건축설계스튜디오2,H0002886,건축학부,건축학부(학부/서울),2006/1 ~ 2028/2,2022,2,2025,2,24,4,1,outputs/pdfs_full/건축학부__ARE4089__건축설계스튜디오2.pdf,ok
ARE4092,건축설계스튜디오3,H0002886,건축학부,건축학부(학부/서울),2007/1 ~ 2029/2,2022,1,2026,1,30,5,1,outputs/pdfs_full/건축학부__ARE4092__건축설계스튜디오3.pdf,ok
ARE4093,건축설계스튜디오4,H0002886,건축학부,건축학부(학부/서울),2007/1 ~ 2029/2,2022,2,2025,2,23,4,1,outputs/pdfs_full/건축학부__ARE4093__건축설계스튜디오4.pdf,ok
ARE4095,건축설계스튜디오5,H0002886,건축학부,건축학부(학부/서울),2008/1 ~ 2030/2,2022,1,2026,1,31,5,1,outputs/pdfs_full/건축학부__ARE4095__건축설계스튜디오5.pdf,ok
ARE4096,건축설계스튜디오6,H0002886,건축학부,건축학부(학부/서울),2008/1 ~ 2030/2,2022,2,2025,2,24,4,1,outputs/pdfs_full/건축학부__ARE4096__건축설계스튜디오6.pdf,ok
ARE4097,건축설계스튜디오7,H0002886,건축학부,건축학부(학부/서울),2009/1 ~ 2031/2,2022,1,2026,1,23,5,1,outputs/pdfs_full/건축학부__ARE4097__건축설계스튜디오7.pdf,ok
ARE4098,건축설계스튜디오8,H0002886,건축학부,건축학부(학부/서울),2009/1 ~ 2031/2,2022,2,2025,2,22,4,1,outputs/pdfs_full/건축학부__ARE4098__건축설계스튜디오8.pdf,ok
ARE4100,건축공간론,H0002886,건축학부,건축학부(학부/서울),2016/1 ~ 2026/2,2018,2,2019,2,13,2,1,outputs/pdfs_full/건축학부__ARE4100__건축공간론.pdf,ok
ARE4101,예술과기술,H0002886,건축학부,건축학부(학부/서울),2016/1 ~ 2030/2,2022,1,2026,1,20,5,1,outputs/pdfs_full/건축학부__ARE4101__예술과기술.pdf,ok
ARE4106,현대건축의역사와이론,H0002886,건축학부,건축학부(학부/서울),2019/1 ~ 2030/2,2022,1,2026,1,31,5,1,outputs/pdfs_full/건축학부__ARE4106__현대건축의역사와이론.pdf,ok
ARE4107,공학프로젝트및현장실습,H0002521,건축공학부,건축공학부(학부/서울),2019/1 ~ 2019/2,2019,1,2019,1,4,1,1,outputs/pdfs_full/건축공학부__ARE4107__공학프로젝트및현장실습.pdf,ok
ARE4108,건축공학종합설계,H0002521,건축공학부,건축공학부(학부/서울),2019/1 ~ 2022/2,,,,,0,0,1,outputs/pdfs_full/건축공학부__ARE4108__건축공학종합설계.pdf,not_found
ARE4109,건축과인터랙션,H0002886,건축학부,건축학부(학부/서울),2023/1 ~ 2030/2,2023,2,2025,2,12,3,1,outputs/pdfs_full/건축학부__ARE4109__건축과인터랙션.pdf,ok
ARE4110,동아시아건축과문화,H0002886,건축학부,건축학부(학부/서울),2024/1 ~ 2031/2,2024,2,2025,2,7,2,1,outputs/pdfs_full/건축학부__ARE4110__동아시아건축과문화.pdf,ok
ARE5000,건축공간행태론,H0002886,건축학부,건축학부(학부/서울),2008/1 ~ 2030/2,2021,1,2026,1,15,5,1,outputs/pdfs_full/건축학부__ARE5000__건축공간행태론.pdf,ok
ARE5001,디지털디자인스튜디오,H0002886,건축학부,건축학부(학부/서울),2008/1 ~ 2030/2,2021,1,2026,1,22,5,1,outputs/pdfs_full/건축학부__ARE5001__디지털디자인스튜디오.pdf,ok
ARE5003,건축연구,H0002886,건축학부,건축학부(학부/서울),2009/1 ~ 2031/2,2022,1,2026,1,21,5,1,outputs/pdfs_full/건축학부__ARE5003__건축연구.pdf,ok
ARE5004,건축연구2,H0002886,건축학부,건축학부(학부/서울),2009/1 ~ 2023/2,2019,2,2023,2,24,5,1,outputs/pdfs_full/건축학부__ARE5004__건축연구2.pdf,ok
ARE5005,글로벌프로젝트기획및개발,H0002521,건축공학부,건축공학부(학부/서울),2008/1 ~ 2030/2,2022,2,2025,2,10,4,1,outputs/pdfs_full/건축공학부__ARE5005__글로벌프로젝트기획및개발.pdf,ok
ARE5007,건축방재론,H0002886,건축학부,건축학부(학부/서울),2009/1 ~ 2019/2,2012,2,2016,2,8,2,1,outputs/pdfs_full/건축학부__ARE5007__건축방재론.pdf,ok
ARE5008,Adventure_Design(건축융합1),H0002521,건축공학부,건축공학부(학부/서울),2006/1 ~ 2028/2,2022,1,2026,1,19,5,1,outputs/pdfs_full/건축공학부__ARE5008__Adventure_Design(건축융합1).pdf,ok
ARE5009,Adventure_Design(건축융합2),H0002521,건축공학부,건축공학부(학부/서울),2006/1 ~ 2028/2,2022,2,2025,2,15,4,1,outputs/pdfs_full/건축공학부__ARE5009__Adventure_Design(건축융합2).pdf,ok
ARE5011,건축시공계획,H0002886,건축학부,건축학부(학부/서울),2008/1 ~ 2029/2,2024,2,2026,1,18,4,2,outputs/pdfs_full/건축학부__ARE5011__건축시공계획.pdf,ok
ARE5012,건축종합설계1,H0002521,건축공학부,건축공학부(학부/서울),2007/1 ~ 2017/2,2013,1,2017,1,27,5,1,outputs/pdfs_full/건축공학부__ARE5012__건축종합설계1.pdf,ok
ARE5013,건축종합설계2,H0002521,건축공학부,건축공학부(학부/서울),2007/1 ~ 2017/2,2013,2,2017,2,27,5,1,outputs/pdfs_full/건축공학부__ARE5013__건축종합설계2.pdf,ok
ARE5014,토질및기초공학,H0002521,건축공학부,건축공학부(학부/서울),2007/1 ~ 2017/2,2010,1,2014,1,22,5,1,outputs/pdfs_full/건축공학부__ARE5014__토질및기초공학.pdf,ok
ARE5016,건설경영,H0002886,건축학부,건축학부(학부/서울),2009/1 ~ 2030/2,2022,1,2026,1,31,5,2,outputs/pdfs_full/건축학부__ARE5016__건설경영.pdf,ok
ARE5027,HVAC 시스템디자인,H0002521,건축공학부,건축공학부(학부/서울),2008/1 ~ 2029/2,2022,1,2026,1,30,5,1,outputs/pdfs_full/건축공학부__ARE5027__HVAC_시스템디자인.pdf,ok
ARE5028,건축구조시스템,H0002886,건축학부,건축학부(학부/서울),2006/1 ~ 2028/2,2022,1,2026,1,40,5,2,outputs/pdfs_full/건축학부__ARE5028__건축구조시스템.pdf,ok
ARE5029,한국근현대건축의이해,H0002886,건축학부,건축학부(학부/서울),2009/1 ~ 2031/2,2021,2,2024,2,16,4,1,outputs/pdfs_full/건축학부__ARE5029__한국근현대건축의이해.pdf,ok
ARE5031,공학프로젝트및현장실습1,H0002521,건축공학부,건축공학부(학부/서울),2008/1 ~ 2018/2,2014,1,2018,1,21,5,1,outputs/pdfs_full/건축공학부__ARE5031__공학프로젝트및현장실습1.pdf,ok
ARE5032,공학프로젝트및현장실습2,H0002521,건축공학부,건축공학부(학부/서울),2008/1 ~ 2018/2,2014,2,2018,2,21,5,1,outputs/pdfs_full/건축공학부__ARE5032__공학프로젝트및현장실습2.pdf,ok
ARE5041,보존과활용,H0002886,건축학부,건축학부(학부/서울),2017/1 ~ 2031/2,2021,1,2026,1,26,5,1,outputs/pdfs_full/건축학부__ARE5041__보존과활용.pdf,ok
ARE5042,파라매트릭스디자인,H0002886,건축학부,건축학부(학부/서울),2017/1 ~ 2019/2,2018,2,2019,2,7,2,1,outputs/pdfs_full/건축학부__ARE5042__파라매트릭스디자인.pdf,ok
ARE5043,건축형태이론,H0002886,건축학부,건축학부(학부/서울),2017/1 ~ 2027/2,2019,2,2025,2,15,4,1,outputs/pdfs_full/건축학부__ARE5043__건축형태이론.pdf,ok
ARE5045,UX기반공간연구,H0002886,건축학부,건축학부(학부/서울),2020/1 ~ 2031/2,2022,2,2025,2,10,4,1,outputs/pdfs_full/건축학부__ARE5045__UX기반공간연구.pdf,ok
ARE6041,강구조,H0002521,건축공학부,건축공학부(학부/서울),2012/1 ~ 2030/2,2022,1,2026,1,16,5,1,outputs/pdfs_full/건축공학부__ARE6041__강구조.pdf,ok
ATC0001,HCI와아트테크놀로지디자인씽킹,H0004361,예술융합소프트웨어 융합전공,예술융합소프트웨어 융합전공,2014/2 ~ 2028/2,2017,2,2018,2,4,2,2,outputs/pdfs_full/예술융합소프트웨어_융합전공__ATC0001__HCI와아트테크놀로지디자인씽킹.pdf,ok
ATC0002,사운드스케이프캡스톤디자인,H0004361,예술융합소프트웨어 융합전공,예술융합소프트웨어 융합전공,2014/2 ~ 2028/2,2017,2,2018,2,2,2,2,outputs/pdfs_full/예술융합소프트웨어_융합전공__ATC0002__사운드스케이프캡스톤디자인.pdf,ok
ATC0003,아트테크놀로지PBL캡스톤디자인,H0004361,예술융합소프트웨어 융합전공,예술융합소프트웨어 융합전공,2014/2 ~ 2028/2,2018,1,2018,1,3,1,2,outputs/pdfs_full/예술융합소프트웨어_융합전공__ATC0003__아트테크놀로지PBL캡스톤디자인.pdf,ok
ATC0004,아트앤테크놀로지그래픽스,H0004361,예술융합소프트웨어 융합전공,예술융합소프트웨어 융합전공,2014/2 ~ 2028/2,2017,2,2019,2,14,3,2,outputs/pdfs_full/예술융합소프트웨어_융합전공__ATC0004__아트앤테크놀로지그래픽스.pdf,ok
ATC0005,가상/증강현실캡스톤디자인,H0004361,예술융합소프트웨어 융합전공,예술융합소프트웨어 융합전공,2015/2 ~ 2029/2,2017,2,2019,2,5,3,2,outputs/pdfs_full/예술융합소프트웨어_융합전공__ATC0005__가상_증강현실캡스톤디자인.pdf,ok
ATC0006,아트테크놀로지비주얼컴퓨팅,H0004361,예술융합소프트웨어 융합전공,예술융합소프트웨어 융합전공,2015/2 ~ 2028/2,2017,2,2017,2,6,1,2,outputs/pdfs_full/예술융합소프트웨어_융합전공__ATC0006__아트테크놀로지비주얼컴퓨팅.pdf,ok
ATC0007,아트테크놀로지사운드컴퓨팅,H0004361,예술융합소프트웨어 융합전공,예술융합소프트웨어 융합전공,2014/2 ~ 2028/2,2018,1,2018,1,5,1,2,outputs/pdfs_full/예술융합소프트웨어_융합전공__ATC0007__아트테크놀로지사운드컴퓨팅.pdf,ok
ATC0008,아두이노아트캡스톤디자인,H0002256,서울 대학,대학(학부/서울),2018/1 ~ 2020/2,,,,,0,0,1,outputs/pdfs_seoul_university/서울_대학__ATC0008__아두이노아트캡스톤디자인.pdf,not_found
ATC0009,과학적일러스트레이션디자인,H0004361,예술융합소프트웨어 융합전공,예술융합소프트웨어 융합전공,2014/2 ~ 2028/2,2018,1,2018,1,1,1,2,outputs/pdfs_full/예술융합소프트웨어_융합전공__ATC0009__과학적일러스트레이션디자인.pdf,ok
AUE3028,CAE,H0004800,미래자동차기술융합전공,미래자동차기술융합전공,2018/1 ~ 2029/2,2022,2,2025,2,16,4,1,outputs/pdfs_full/미래자동차기술융합전공__AUE3028__CAE.pdf,ok
AUE3030,자동차공학실험,H0004800,미래자동차기술융합전공,미래자동차기술융합전공,2018/1 ~ 2029/2,2022,2,2025,2,12,4,1,outputs/pdfs_full/미래자동차기술융합전공__AUE3030__자동차공학실험.pdf,ok
AUE3031,설계공학,H0004800,미래자동차기술융합전공,미래자동차기술융합전공,2018/1 ~ 2029/2,2021,2,2025,2,21,4,1,outputs/pdfs_full/미래자동차기술융합전공__AUE3031__설계공학.pdf,ok
AUE3032,미래자동차공학연구실현장실습1,H0004800,미래자동차기술융합전공,미래자동차기술융합전공,2018/1 ~ 2025/2,2019,1,2025,1,4,4,1,outputs/pdfs_full/미래자동차기술융합전공__AUE3032__미래자동차공학연구실현장실습1.pdf,ok
AUE3033,미래자동차공학연구실현장실습2,H0004800,미래자동차기술융합전공,미래자동차기술융합전공,2018/1 ~ 2025/2,2021,2,2025,2,5,5,1,outputs/pdfs_full/미래자동차기술융합전공__AUE3033__미래자동차공학연구실현장실습2.pdf,ok
AUE3034,마이크로프로세서응용시스템,H0004800,미래자동차기술융합전공,미래자동차기술융합전공,2018/1 ~ 2029/2,2022,2,2026,1,30,5,1,outputs/pdfs_full/미래자동차기술융합전공__AUE3034__마이크로프로세서응용시스템.pdf,ok
AUE4021,NVH,H0004800,미래자동차기술융합전공,미래자동차기술융합전공,2019/2 ~ 2030/2,2017,2,2024,2,24,5,1,outputs/pdfs_full/미래자동차기술융합전공__AUE4021__NVH.pdf,ok
AUE4023,차량센서,H0004800,미래자동차기술융합전공,미래자동차기술융합전공,2019/1 ~ 2030/2,2022,1,2026,1,20,5,1,outputs/pdfs_full/미래자동차기술융합전공__AUE4023__차량센서.pdf,ok
AUE4024,미래자동차공학종합설계1,H0004800,미래자동차기술융합전공,미래자동차기술융합전공,2019/1 ~ 2030/2,2022,1,2026,1,17,5,1,outputs/pdfs_full/미래자동차기술융합전공__AUE4024__미래자동차공학종합설계1.pdf,ok
AUE4025,미래자동차공학종합설계2,H0004800,미래자동차기술융합전공,미래자동차기술융합전공,2019/2 ~ 2030/2,2022,2,2025,2,15,4,1,outputs/pdfs_full/미래자동차기술융합전공__AUE4025__미래자동차공학종합설계2.pdf,ok
AUE4029,미래자동차공학연구실현장실습3,H0004800,미래자동차기술융합전공,미래자동차기술융합전공,2019/1 ~ 2026/2,2022,1,2026,1,5,5,1,outputs/pdfs_full/미래자동차기술융합전공__AUE4029__미래자동차공학연구실현장실습3.pdf,ok
AUE4030,미래자동차공학연구실현장실습4,H0004800,미래자동차기술융합전공,미래자동차기술융합전공,2019/2 ~ 2026/2,2022,2,2025,2,4,4,1,outputs/pdfs_full/미래자동차기술융합전공__AUE4030__미래자동차공학연구실현장실습4.pdf,ok
AUE4031,e-파워트레인,H0004800,미래자동차기술융합전공,미래자동차기술융합전공,2019/1 ~ 2030/2,2022,1,2026,1,28,5,1,outputs/pdfs_full/미래자동차기술융합전공__AUE4031__e-파워트레인.pdf,ok
AUE4032,AI로봇공학,H0004800,미래자동차기술융합전공,미래자동차기술융합전공,2019/1 ~ 2030/2,2023,1,2024,1,10,2,1,outputs/pdfs_full/미래자동차기술융합전공__AUE4032__AI로봇공학.pdf,ok
AUE4033,차량최적설계,H0004800,미래자동차기술융합전공,미래자동차기술융합전공,2019/2 ~ 2030/2,2023,2,2025,2,5,3,1,outputs/pdfs_full/미래자동차기술융합전공__AUE4033__차량최적설계.pdf,ok
AUE4034,자동차플랫폼이해및분해조립실습,H0004800,미래자동차기술융합전공,미래자동차기술융합전공,2019/1 ~ 2030/2,2023,2,2023,2,3,1,1,outputs/pdfs_full/미래자동차기술융합전공__AUE4034__자동차플랫폼이해및분해조립실습.pdf,ok
AUE4035,AI차량융합기술,H0004800,미래자동차기술융합전공,미래자동차기술융합전공,2019/2 ~ 2030/2,2024,2,2024,2,2,1,1,outputs/pdfs_full/미래자동차기술융합전공__AUE4035__AI차량융합기술.pdf,ok
AUE4036,xEV에너지시스템,H0004800,미래자동차기술융합전공,미래자동차기술융합전공,2019/2 ~ 2030/2,2021,2,2025,2,13,4,1,outputs/pdfs_full/미래자동차기술융합전공__AUE4036__xEV에너지시스템.pdf,ok
AUE4037,xEV모터제어,H0004800,미래자동차기술융합전공,미래자동차기술융합전공,2019/2 ~ 2030/2,2021,2,2022,2,9,2,1,outputs/pdfs_full/미래자동차기술융합전공__AUE4037__xEV모터제어.pdf,ok
AUE4038,xEV모터구동시스템,H0004800,미래자동차기술융합전공,미래자동차기술융합전공,2019/1 ~ 2030/2,2024,1,2026,1,15,3,1,outputs/pdfs_full/미래자동차기술융합전공__AUE4038__xEV모터구동시스템.pdf,ok
AUE4039,자동차소프트웨어,H0004800,미래자동차기술융합전공,미래자동차기술융합전공,2024/2 ~ 2030/2,2023,2,2025,2,10,3,1,outputs/pdfs_full/미래자동차기술융합전공__AUE4039__자동차소프트웨어.pdf,ok
AUT4001,자동차제품개발론,H0004800,미래자동차기술융합전공,미래자동차기술융합전공,2023/1 ~ 2030/2,2023,1,2023,1,3,1,1,outputs/pdfs_full/미래자동차기술융합전공__AUT4001__자동차제품개발론.pdf,ok
BAT4001,에너지저장변환기술,H0004770,배터리융합전공,배터리융합전공,2019/2 ~ 2030/2,,,,,0,0,1,outputs/pdfs_full/배터리융합전공__BAT4001__에너지저장변환기술.pdf,not_found
BAT4002,이차전지공정개론,H0004770,배터리융합전공,배터리융합전공,2019/2 ~ 2030/2,,,,,0,0,1,outputs/pdfs_full/배터리융합전공__BAT4002__이차전지공정개론.pdf,not_found
BAT4003,이차전지설계개론,H0004770,배터리융합전공,배터리융합전공,2019/2 ~ 2030/2,,,,,0,0,1,outputs/pdfs_full/배터리융합전공__BAT4003__이차전지설계개론.pdf,not_found
BIG2001,기초미적분학,H0004322,빅데이터융합전공,빅데이터융합전공,2014/1 ~ 2028/2,2022,1,2026,1,29,5,1,outputs/pdfs_full/빅데이터융합전공__BIG2001__기초미적분학.pdf,ok
BIG2002,기초확률및통계,H0004322,빅데이터융합전공,빅데이터융합전공,2014/1 ~ 2028/2,2019,1,2026,1,21,5,1,outputs/pdfs_full/빅데이터융합전공__BIG2002__기초확률및통계.pdf,ok
BIG2003,자료구조와알고리즘,H0004322,빅데이터융합전공,빅데이터융합전공,2014/1 ~ 2028/2,2022,1,2026,1,22,5,1,outputs/pdfs_full/빅데이터융합전공__BIG2003__자료구조와알고리즘.pdf,ok
BIG2004,자료분석방법론,H0004322,빅데이터융합전공,빅데이터융합전공,2014/1 ~ 2028/2,2021,2,2024,2,7,4,1,outputs/pdfs_full/빅데이터융합전공__BIG2004__자료분석방법론.pdf,ok
BIG2005,데이터베이스의원리와응용,H0004322,빅데이터융합전공,빅데이터융합전공,2014/1 ~ 2024/2,2018,2,2021,2,9,3,1,outputs/pdfs_full/빅데이터융합전공__BIG2005__데이터베이스의원리와응용.pdf,ok
BIG2006,R과자료시각화,H0004322,빅데이터융합전공,빅데이터융합전공,2014/1 ~ 2028/2,2022,2,2025,2,17,4,1,outputs/pdfs_full/빅데이터융합전공__BIG2006__R과자료시각화.pdf,ok
BIG2007,사회데이터조사방법론,H0004322,빅데이터융합전공,빅데이터융합전공,2014/1 ~ 2028/2,2022,1,2026,1,16,5,1,outputs/pdfs_full/빅데이터융합전공__BIG2007__사회데이터조사방법론.pdf,ok
BIG3001,통계적모델링,H0004322,빅데이터융합전공,빅데이터융합전공,2015/1 ~ 2029/2,2021,1,2026,1,7,5,1,outputs/pdfs_full/빅데이터융합전공__BIG3001__통계적모델링.pdf,ok
BIG3002,빅데이터마이닝,H0004322,빅데이터융합전공,빅데이터융합전공,2015/1 ~ 2029/2,2022,1,2026,1,16,5,1,outputs/pdfs_full/빅데이터융합전공__BIG3002__빅데이터마이닝.pdf,ok
BIG3003,인공지능과머신러닝,H0004322,빅데이터융합전공,빅데이터융합전공,2015/1 ~ 2029/2,2022,1,2025,1,19,4,1,outputs/pdfs_full/빅데이터융합전공__BIG3003__인공지능과머신러닝.pdf,ok
BIG3004,빅데이터융합세미나,H0004322,빅데이터융합전공,빅데이터융합전공,2015/1 ~ 2029/2,,,,,0,0,1,outputs/pdfs_full/빅데이터융합전공__BIG3004__빅데이터융합세미나.pdf,not_found
BIG3005,사회연결망분석과텍스트마이닝,H0004322,빅데이터융합전공,빅데이터융합전공,2015/1 ~ 2025/2,2021,2,2025,2,14,5,1,outputs/pdfs_full/빅데이터융합전공__BIG3005__사회연결망분석과텍스트마이닝.pdf,ok
BIG3006,바이오데이터분석,H0004322,빅데이터융합전공,빅데이터융합전공,2022/1 ~ 2029/2,2022,2,2024,2,7,3,1,outputs/pdfs_full/빅데이터융합전공__BIG3006__바이오데이터분석.pdf,ok
BIG4001,응용회귀분석,H0004322,빅데이터융합전공,빅데이터융합전공,2023/1 ~ 2029/2,2023,2,2025,2,10,3,1,outputs/pdfs_full/빅데이터융합전공__BIG4001__응용회귀분석.pdf,ok
BIG4002,사회연결망분석방법론,H0004322,빅데이터융합전공,빅데이터융합전공,2026/1 ~ 2029/2,,,,,0,0,1,outputs/pdfs_full/빅데이터융합전공__BIG4002__사회연결망분석방법론.pdf,not_found
BIO1001,일반화학기초,H0003563,생명과학과,생명과학과,2024/1 ~ 2025/1,2024,1,2025,1,11,2,1,outputs/pdfs_full/생명과학과__BIO1001__일반화학기초.pdf,ok
BIO1069,일반생물학및실험,H0003561,물리학과,물리학과,2013/1 ~ 2019/2,2015,2,2019,2,30,5,1,outputs/pdfs_full/물리학과__BIO1069__일반생물학및실험.pdf,ok
BIO1070,기초생명과학1,H0003563,생명과학과,생명과학과,2025/1 ~ 2025/1,,,,,0,0,1,outputs/pdfs_full/생명과학과__BIO1070__기초생명과학1.pdf,not_found
BIO1071,기초생명과학2,H0003563,생명과학과,생명과학과,2025/1 ~ 2025/1,,,,,0,0,1,outputs/pdfs_full/생명과학과__BIO1071__기초생명과학2.pdf,not_found
BIO2016,세포생물학1,H0002599,의예과,의예과(학부/서울),1990/1 ~ 2020/2,2022,1,2026,1,31,5,2,outputs/pdfs_full/의예과__BIO2016__세포생물학1.pdf,ok
BIO2017,세포생물학2,H0002599,의예과,의예과(학부/서울),1990/1 ~ 2020/2,2022,2,2025,2,25,4,2,outputs/pdfs_full/의예과__BIO2017__세포생물학2.pdf,ok
BIO2022,세포생물학,H0002599,의예과,의예과(학부/서울),2002/1 ~ 2027/2,2022,2,2025,2,24,4,1,outputs/pdfs_full/의예과__BIO2022__세포생물학.pdf,ok
BIO2023,비교해부학,H0002599,의예과,의예과(학부/서울),1990/1 ~ 2017/1,2012,2,2016,2,40,5,1,outputs/pdfs_full/의예과__BIO2023__비교해부학.pdf,ok
BIO2025,세포생물학실험,H0002599,의예과,의예과(학부/서울),1990/1 ~ 1993/2,2016,1,2020,2,19,5,2,outputs/pdfs_full/의예과__BIO2025__세포생물학실험.pdf,ok
BIO2030,미생물학1,H0003563,생명과학과,생명과학과,2014/1 ~ 2028/2,2022,1,2026,1,31,5,1,outputs/pdfs_full/생명과학과__BIO2030__미생물학1.pdf,ok
BIO2031,미생물학2,H0003563,생명과학과,생명과학과,2014/1 ~ 2028/2,2022,2,2025,2,23,4,1,outputs/pdfs_full/생명과학과__BIO2031__미생물학2.pdf,ok
BIO2037,유전학및실험,H0003563,생명과학과,생명과학과,2018/1 ~ 2021/2,2005,2,2021,1,39,5,1,outputs/pdfs_full/생명과학과__BIO2037__유전학및실험.pdf,ok
BIO2040,동물의다양성,H0003563,생명과학과,생명과학과,2014/1 ~ 2028/2,2013,1,2026,1,33,5,1,outputs/pdfs_full/생명과학과__BIO2040__동물의다양성.pdf,ok
BIO2043,신경생물학,H0003563,생명과학과,생명과학과,2015/1 ~ 2025/2,2020,2,2025,2,27,5,1,outputs/pdfs_full/생명과학과__BIO2043__신경생물학.pdf,ok
BIO2062,생태학1,H0003563,생명과학과,생명과학과,2021/1 ~ 2028/2,2022,2,2025,2,24,4,1,outputs/pdfs_full/생명과학과__BIO2062__생태학1.pdf,ok
BIO2063,동물의다양성실험,H0003563,생명과학과,생명과학과,2014/1 ~ 2016/2,2008,2,2016,1,21,5,1,outputs/pdfs_full/생명과학과__BIO2063__동물의다양성실험.pdf,ok
BIO2068,생물유기화학,H0003563,생명과학과,생명과학과,2014/1 ~ 2028/2,2021,1,2026,1,35,5,1,outputs/pdfs_full/생명과학과__BIO2068__생물유기화학.pdf,ok
BIO2079,바이오분자공학,H0002567,생체공학전공,생체공학전공(학부/서울),2021/1 ~ 2022/1,2022,1,2026,1,32,5,2,outputs/pdfs_full/생체공학전공__BIO2079__바이오분자공학.pdf,ok
BIO3001,생태학및실험,H0003563,생명과학과,생명과학과,2014/1 ~ 2016/2,2014,2,2016,2,16,3,1,outputs/pdfs_full/생명과학과__BIO3001__생태학및실험.pdf,ok
BIO3006,일반유전학및실험,H0003563,생명과학과,생명과학과,2015/1 ~ 2017/2,2015,1,2017,1,17,3,1,outputs/pdfs_full/생명과학과__BIO3006__일반유전학및실험.pdf,ok
BIO3013,생태학,H0003563,생명과학과,생명과학과,2017/1 ~ 2020/2,2014,1,2020,1,26,5,1,outputs/pdfs_full/생명과학과__BIO3013__생태학.pdf,ok
BIO3022,유전학1,H0003563,생명과학과,생명과학과,2021/1 ~ 2028/2,2022,2,2026,1,31,5,1,outputs/pdfs_full/생명과학과__BIO3022__유전학1.pdf,ok
BIO3023,유전학2,H0003563,생명과학과,생명과학과,2022/1 ~ 2028/2,2022,1,2025,2,24,4,1,outputs/pdfs_full/생명과학과__BIO3023__유전학2.pdf,ok
BIO3035,세포분자생물학,H0002567,생체공학전공,생체공학전공(학부/서울),2011/1 ~ 2020/2,2016,2,2020,2,12,5,1,outputs/pdfs_full/생체공학전공__BIO3035__세포분자생물학.pdf,ok
BIO3038,생물공학,H0002575,융합전자공학부,융합전자공학부,2010/1 ~ 2015/2,2011,2,2015,2,33,5,2,outputs/pdfs_full/융합전자공학부__BIO3038__생물공학.pdf,ok
BIO3039,분자생물학1,H0003563,생명과학과,생명과학과,2021/1 ~ 2029/2,2021,1,2026,1,37,5,1,outputs/pdfs_full/생명과학과__BIO3039__분자생물학1.pdf,ok
BIO3040,분자생물학2,H0003563,생명과학과,생명과학과,2021/1 ~ 2029/2,2021,2,2024,2,27,4,1,outputs/pdfs_full/생명과학과__BIO3040__분자생물학2.pdf,ok
BIO3042,동물생리학1,H0003563,생명과학과,생명과학과,2015/1 ~ 2028/2,2022,2,2025,2,29,4,1,outputs/pdfs_full/생명과학과__BIO3042__동물생리학1.pdf,ok
BIO3044,동물생리학2,H0003563,생명과학과,생명과학과,2015/1 ~ 2029/2,2022,1,2026,1,35,5,1,outputs/pdfs_full/생명과학과__BIO3044__동물생리학2.pdf,ok
BIO3046,수서생태학,H0003563,생명과학과,생명과학과,2018/1 ~ 2021/2,2007,2,2021,2,17,5,1,outputs/pdfs_full/생명과학과__BIO3046__수서생태학.pdf,ok
BIO3059,분자유전학,H0003563,생명과학과,생명과학과,2015/1 ~ 2021/2,2017,2,2021,2,31,5,1,outputs/pdfs_full/생명과학과__BIO3059__분자유전학.pdf,ok
BIO3074,발생학1,H0003563,생명과학과,생명과학과,2015/1 ~ 2029/2,2022,1,2026,1,33,5,1,outputs/pdfs_full/생명과학과__BIO3074__발생학1.pdf,ok
BIO3076,발생학실험1,H0003563,생명과학과,생명과학과,2015/1 ~ 2017/2,2013,1,2017,1,16,5,1,outputs/pdfs_full/생명과학과__BIO3076__발생학실험1.pdf,ok
BIO3077,생태학2,H0003563,생명과학과,생명과학과,2022/1 ~ 2029/2,2022,1,2026,1,13,5,1,outputs/pdfs_full/생명과학과__BIO3077__생태학2.pdf,ok
BIO3078,동물생리학실험,H0003563,생명과학과,생명과학과,2015/1 ~ 2017/2,2007,2,2016,2,17,4,1,outputs/pdfs_full/생명과학과__BIO3078__동물생리학실험.pdf,ok
BIO3081,생체소재공학,H0002567,생체공학전공,생체공학전공(학부/서울),2011/1 ~ 2023/2,2022,2,2025,2,10,4,2,outputs/pdfs_full/생체공학전공__BIO3081__생체소재공학.pdf,ok
BIO3084,생체모방공학,H0002567,생체공학전공,생체공학전공(학부/서울),2011/1 ~ 2025/2,2022,1,2026,1,29,5,2,outputs/pdfs_full/생체공학전공__BIO3084__생체모방공학.pdf,ok
BIO3087,최신생태과학기술세미나,H0003563,생명과학과,생명과학과,2016/1 ~ 2018/2,2013,2,2018,1,14,5,1,outputs/pdfs_full/생명과학과__BIO3087__최신생태과학기술세미나.pdf,ok
BIO3093,발생학2,H0003563,생명과학과,생명과학과,2015/1 ~ 2029/2,2021,2,2025,2,18,4,1,outputs/pdfs_full/생명과학과__BIO3093__발생학2.pdf,ok
BIO4001,분자생물학,H0003563,생명과학과,생명과학과,2014/1 ~ 2020/2,2022,1,2026,1,28,5,1,outputs/pdfs_full/생명과학과__BIO4001__분자생물학.pdf,ok
BIO4004,진화생물학,H0003563,생명과학과,생명과학과,2016/1 ~ 2030/2,2021,1,2025,2,22,4,1,outputs/pdfs_full/생명과학과__BIO4004__진화생물학.pdf,ok
BIO4005,해양생물학,H0003563,생명과학과,생명과학과,2015/1 ~ 2030/2,2022,2,2025,2,20,4,1,outputs/pdfs_full/생명과학과__BIO4005__해양생물학.pdf,ok
BIO4009,식물생리학,H0003563,생명과학과,생명과학과,2018/1 ~ 2029/2,2022,2,2025,2,26,4,1,outputs/pdfs_full/생명과학과__BIO4009__식물생리학.pdf,ok
BIO4021,발생유전학,H0003563,생명과학과,생명과학과,2016/1 ~ 2026/2,2021,2,2026,1,14,5,1,outputs/pdfs_full/생명과학과__BIO4021__발생유전학.pdf,ok
BIO4034,신경생물학1,H0003563,생명과학과,생명과학과,2026/1 ~ 2029/2,,,,,0,0,1,outputs/pdfs_full/생명과학과__BIO4034__신경생물학1.pdf,not_found
BIO4035,신경생물학2,H0003563,생명과학과,생명과학과,2027/1 ~ 2030/2,,,,,0,0,1,outputs/pdfs_full/생명과학과__BIO4035__신경생물학2.pdf,not_found
BIO4058,사회생물학,H0003563,생명과학과,생명과학과,2016/1 ~ 2018/2,2009,2,2017,2,24,5,1,outputs/pdfs_full/생명과학과__BIO4058__사회생물학.pdf,ok
BIO4061,창의적생체공학연구1,H0002567,생체공학전공,생체공학전공(학부/서울),2012/1 ~ 2018/2,2012,1,2016,1,15,5,1,outputs/pdfs_full/생체공학전공__BIO4061__창의적생체공학연구1.pdf,ok
BIO4062,창의적생체공학연구2,H0002567,생체공학전공,생체공학전공(학부/서울),2012/1 ~ 2018/2,2012,2,2018,2,17,5,1,outputs/pdfs_full/생체공학전공__BIO4062__창의적생체공학연구2.pdf,ok
BIO4063,바이오센서,H0002567,생체공학전공,생체공학전공(학부/서울),2012/1 ~ 2026/2,2020,1,2025,1,23,5,2,outputs/pdfs_full/생체공학전공__BIO4063__바이오센서.pdf,ok
BIO4064,고급생체영상처리,H0002567,생체공학전공,생체공학전공(학부/서울),2012/1 ~ 2019/2,2015,1,2019,2,20,5,1,outputs/pdfs_full/생체공학전공__BIO4064__고급생체영상처리.pdf,ok
BIO4065,바이오메디컬공학특강1,H0002567,생체공학전공,생체공학전공(학부/서울),2012/1 ~ 2026/2,2022,1,2026,1,16,5,2,outputs/pdfs_full/생체공학전공__BIO4065__바이오메디컬공학특강1.pdf,ok
BIO4066,나노바이오공학,H0002567,생체공학전공,생체공학전공(학부/서울),2012/1 ~ 2026/2,2020,1,2026,1,6,5,2,outputs/pdfs_full/생체공학전공__BIO4066__나노바이오공학.pdf,ok
BIO4067,바이오메디컬공학특강2,H0002567,생체공학전공,생체공학전공(학부/서울),2012/1 ~ 2024/2,2022,2,2025,2,13,4,2,outputs/pdfs_full/생체공학전공__BIO4067__바이오메디컬공학특강2.pdf,ok
BIO4068,생체에너지공학,H0002567,생체공학전공,생체공학전공(학부/서울),2012/1 ~ 2022/2,2012,2,2014,2,7,3,1,outputs/pdfs_full/생체공학전공__BIO4068__생체에너지공학.pdf,ok
BIO4102,후성유전학,H0003563,생명과학과,생명과학과,2019/2 ~ 2030/2,2021,2,2024,2,26,4,1,outputs/pdfs_full/생명과학과__BIO4102__후성유전학.pdf,ok
BIO4107,멀티오믹스데이터마이닝,H0004397,바이오소프트웨어융합전공,바이오소프트웨어융합전공,2016/1 ~ 2026/2,,,,,0,0,1,outputs/pdfs_full/바이오소프트웨어융합전공__BIO4107__멀티오믹스데이터마이닝.pdf,not_found
BIO4112,생명의료정보데이터마이닝,H0004397,바이오소프트웨어융합전공,바이오소프트웨어융합전공,2021/1 ~ 2030/2,,,,,0,0,1,outputs/pdfs_full/바이오소프트웨어융합전공__BIO4112__생명의료정보데이터마이닝.pdf,not_found
BIO4113,분자생화학PBL,H0003563,생명과학과,생명과학과,2023/1 ~ 2026/2,2023,1,2026,1,11,4,1,outputs/pdfs_full/생명과학과__BIO4113__분자생화학PBL.pdf,ok
BNG1001,바이오메디컬공학개론,H0002567,생체공학전공,생체공학전공(학부/서울),2022/1 ~ 2023/2,2022,2,2026,1,30,5,2,outputs/pdfs_full/생체공학전공__BNG1001__바이오메디컬공학개론.pdf,ok
BNG2001,생체신호및시스템,H0002567,생체공학전공,생체공학전공(학부/서울),2010/1 ~ 2022/1,2022,1,2026,1,37,5,2,outputs/pdfs_full/생체공학전공__BNG2001__생체신호및시스템.pdf,ok
BNG2002,생체신호처리,H0002567,생체공학전공,생체공학전공(학부/서울),2011/1 ~ 2022/2,2022,2,2025,2,28,4,4,outputs/pdfs_full/생체공학전공__BNG2002__생체신호처리.pdf,ok
BNG2003,기초비교생물학,H0002567,생체공학전공,생체공학전공(학부/서울),2010/1 ~ 2020/2,2016,1,2020,1,15,5,1,outputs/pdfs_full/생체공학전공__BNG2003__기초비교생물학.pdf,ok
BNG2004,생체구조및기능1,H0002567,생체공학전공,생체공학전공(학부/서울),2010/1 ~ 2022/2,2022,2,2025,2,21,4,2,outputs/pdfs_full/생체공학전공__BNG2004__생체구조및기능1.pdf,ok
BNG2005,생체구조및기능2,H0002567,생체공학전공,생체공학전공(학부/서울),2010/1 ~ 2025/2,2022,1,2026,1,19,5,2,outputs/pdfs_full/생체공학전공__BNG2005__생체구조및기능2.pdf,ok
BNG2007,바이오메디컬프로그래밍,H0002567,생체공학전공,생체공학전공(학부/서울),2010/1 ~ 2022/1,2022,1,2026,1,27,5,2,outputs/pdfs_full/생체공학전공__BNG2007__바이오메디컬프로그래밍.pdf,ok
BNG2008,바이오메디컬회로이론,H0002567,생체공학전공,생체공학전공(학부/서울),2014/1 ~ 2022/1,2022,1,2026,1,28,5,2,outputs/pdfs_full/생체공학전공__BNG2008__바이오메디컬회로이론.pdf,ok
BNG2009,생체전자및실습,H0002567,생체공학전공,생체공학전공(학부/서울),2014/1 ~ 2022/2,2022,2,2025,2,20,4,2,outputs/pdfs_full/생체공학전공__BNG2009__생체전자및실습.pdf,ok
BNG2010,생체해석프로그래밍,H0002567,생체공학전공,생체공학전공(학부/서울),2014/1 ~ 2016/2,2014,2,2016,2,15,3,1,outputs/pdfs_full/생체공학전공__BNG2010__생체해석프로그래밍.pdf,ok
BNG3002,기초면역학,H0005006,한양인터칼리지학부,한양인터칼리지학부,2026/1 ~ 2028/2,2023,1,2026,1,5,4,2,outputs/pdfs_full/한양인터칼리지학부__BNG3002__기초면역학.pdf,ok
BNG3005,기초신경과학,H0002567,생체공학전공,생체공학전공(학부/서울),2012/1 ~ 2023/2,2022,2,2025,2,23,4,3,outputs/pdfs_full/생체공학전공__BNG3005__기초신경과학.pdf,ok
BNG3009,생체영상처리,H0002567,생체공학전공,생체공학전공(학부/서울),2011/1 ~ 2023/2,2022,2,2025,2,22,4,2,outputs/pdfs_full/생체공학전공__BNG3009__생체영상처리.pdf,ok
BNG3011,디지털헬스케어,H0002567,생체공학전공,생체공학전공(학부/서울),2012/1 ~ 2024/2,2017,2,2025,2,20,4,2,outputs/pdfs_full/생체공학전공__BNG3011__디지털헬스케어.pdf,ok
BNG3013,생체시스템모델링,H0002567,생체공학전공,생체공학전공(학부/서울),2012/1 ~ 2024/2,2019,2,2024,2,22,5,2,outputs/pdfs_full/생체공학전공__BNG3013__생체시스템모델링.pdf,ok
BNG3014,생체신호계측및실습,H0002567,생체공학전공,생체공학전공(학부/서울),2011/1 ~ 2025/2,2022,1,2026,1,25,5,2,outputs/pdfs_full/생체공학전공__BNG3014__생체신호계측및실습.pdf,ok
BNG3018,생체디지털공학,H0002567,생체공학전공,생체공학전공(학부/서울),2015/1 ~ 2025/2,2022,1,2026,1,26,5,2,outputs/pdfs_full/생체공학전공__BNG3018__생체디지털공학.pdf,ok
BNG3019,생체의광학,H0002567,생체공학전공,생체공학전공(학부/서울),2015/1 ~ 2018/2,2015,1,2017,1,15,3,1,outputs/pdfs_full/생체공학전공__BNG3019__생체의광학.pdf,ok
BNG3020,생체공학연구실현장실습1,H0002567,생체공학전공,생체공학전공(학부/서울),2018/2 ~ 2025/2,2021,1,2025,1,5,5,2,outputs/pdfs_full/생체공학전공__BNG3020__생체공학연구실현장실습1.pdf,ok
BNG3021,생체공학연구실현장실습2,H0002567,생체공학전공,생체공학전공(학부/서울),2018/2 ~ 2023/2,2021,2,2025,2,5,5,2,outputs/pdfs_full/생체공학전공__BNG3021__생체공학연구실현장실습2.pdf,ok
BNG3022,생체공학연구실현장실습3,H0002567,생체공학전공,생체공학전공(학부/서울),2019/1 ~ 2026/2,2022,1,2026,1,5,5,2,outputs/pdfs_full/생체공학전공__BNG3022__생체공학연구실현장실습3.pdf,ok
BNG3023,생체공학연구실현장실습4,H0002567,생체공학전공,생체공학전공(학부/서울),2018/2 ~ 2024/2,2022,2,2025,2,4,4,2,outputs/pdfs_full/생체공학전공__BNG3023__생체공학연구실현장실습4.pdf,ok
BNG3024,고주파의료공학,H0002567,생체공학전공,생체공학전공(학부/서울),2019/1 ~ 2023/2,2019,2,2021,2,5,3,2,outputs/pdfs_full/생체공학전공__BNG3024__고주파의료공학.pdf,ok
BNG3025,바이오포토닉스,H0002567,생체공학전공,생체공학전공(학부/서울),2022/1 ~ 2025/2,2022,2,2025,2,17,4,2,outputs/pdfs_full/생체공학전공__BNG3025__바이오포토닉스.pdf,ok
BNG3026,생체의역학및전자기적이해,H0004701,바이오메디컬공학전공,바이오메디컬공학전공,2025/1 ~ 2029/2,2025,1,2025,1,5,1,1,outputs/pdfs_full/바이오메디컬공학전공__BNG3026__생체의역학및전자기적이해.pdf,ok
BNG4004,생체시스템설계프로젝트,H0002567,생체공학전공,생체공학전공(학부/서울),2011/1 ~ 2023/2,2022,2,2025,2,15,4,2,outputs/pdfs_full/생체공학전공__BNG4004__생체시스템설계프로젝트.pdf,ok
BNG4012,생체전자기학,H0002567,생체공학전공,생체공학전공(학부/서울),2012/1 ~ 2026/2,2018,2,2024,1,15,5,2,outputs/pdfs_full/생체공학전공__BNG4012__생체전자기학.pdf,ok
BNG4013,의학영상기기,H0002567,생체공학전공,생체공학전공(학부/서울),2012/1 ~ 2025/2,2022,1,2026,1,25,5,2,outputs/pdfs_full/생체공학전공__BNG4013__의학영상기기.pdf,ok
BNG4015,의료기기실무,H0002567,생체공학전공,생체공학전공(학부/서울),2012/1 ~ 2018/2,2014,2,2018,2,9,5,1,outputs/pdfs_full/생체공학전공__BNG4015__의료기기실무.pdf,ok
BNG4016,의광학시스템,H0002567,생체공학전공,생체공학전공(학부/서울),2012/1 ~ 2021/1,2012,2,2017,2,17,5,1,outputs/pdfs_full/생체공학전공__BNG4016__의광학시스템.pdf,ok
BNG4019,바이오메디컬종합설계1,H0002567,생체공학전공,생체공학전공(학부/서울),2013/1 ~ 2026/2,2022,1,2026,1,11,5,2,outputs/pdfs_full/생체공학전공__BNG4019__바이오메디컬종합설계1.pdf,ok
BNG4020,바이오메디컬종합설계2,H0002567,생체공학전공,생체공학전공(학부/서울),2013/1 ~ 2024/2,2022,2,2025,2,9,4,2,outputs/pdfs_full/생체공학전공__BNG4020__바이오메디컬종합설계2.pdf,ok
BNG4021,AI생체정보패턴인식,H0002567,생체공학전공,생체공학전공(학부/서울),2019/1 ~ 2026/2,2020,1,2025,1,23,5,2,outputs/pdfs_full/생체공학전공__BNG4021__AI생체정보패턴인식.pdf,ok
BNG4022,의료기기,H0002567,생체공학전공,생체공학전공(학부/서울),2018/2 ~ 2024/2,2021,2,2025,2,5,4,2,outputs/pdfs_full/생체공학전공__BNG4022__의료기기.pdf,ok
BNG4023,생체아날로그회로,H0002567,생체공학전공,생체공학전공(학부/서울),2023/1 ~ 2026/2,2023,1,2025,1,12,3,2,outputs/pdfs_full/생체공학전공__BNG4023__생체아날로그회로.pdf,ok
BUS1003,재무회계1,H0002894,경영학부,경영학부(학부/서울/경영),1997/1 ~ 2028/2,2024,2,2026,1,28,4,2,outputs/pdfs_full/경영학부__BUS1003__재무회계1.pdf,ok
BUS1004,재무회계2,H0002894,경영학부,경영학부(학부/서울/경영),1998/1 ~ 2028/2,2022,2,2025,2,26,4,2,outputs/pdfs_full/경영학부__BUS1004__재무회계2.pdf,ok
BUS1013,금융시장의이해,H0002895,파이낸스경영학과,파이낸스경영학과(학과/서울/경영),2009/1 ~ 2028/2,2022,2,2025,2,29,4,2,outputs/pdfs_full/파이낸스경영학과__BUS1013__금융시장의이해.pdf,ok
BUS1054,비즈니스트렌드,H0002894,경영학부,경영학부(학부/서울/경영),2013/1 ~ 2022/2,2014,2,2022,1,28,5,1,outputs/pdfs_full/경영학부__BUS1054__비즈니스트렌드.pdf,ok
BUS1055,기초재무관리,H0002895,파이낸스경영학과,파이낸스경영학과(학과/서울/경영),2013/1 ~ 2015/2,2013,2,2015,2,18,3,1,outputs/pdfs_full/파이낸스경영학과__BUS1055__기초재무관리.pdf,ok
BUS1056,기초투자론,H0002895,파이낸스경영학과,파이낸스경영학과(학과/서울/경영),2013/1 ~ 2015/2,2013,2,2015,2,18,3,1,outputs/pdfs_full/파이낸스경영학과__BUS1056__기초투자론.pdf,ok
BUS1057,커리어디자인1,H0002894,경영학부,경영학부(학부/서울/경영),2013/1 ~ 2027/2,2022,2,2025,2,29,4,2,outputs/pdfs_full/경영학부__BUS1057__커리어디자인1.pdf,ok
BUS1058,커리어디자인2,H0002894,경영학부,경영학부(학부/서울/경영),2013/1 ~ 2015/2,2013,2,2015,2,21,3,2,outputs/pdfs_full/경영학부__BUS1058__커리어디자인2.pdf,ok
BUS1059,경영의이해,H0002894,경영학부,경영학부(학부/서울/경영),2016/1 ~ 2027/2,2022,1,2026,1,36,5,2,outputs/pdfs_full/경영학부__BUS1059__경영의이해.pdf,ok
BUS1060,경제의이해,H0002894,경영학부,경영학부(학부/서울/경영),2016/1 ~ 2027/2,2022,1,2026,1,37,5,2,outputs/pdfs_full/경영학부__BUS1060__경제의이해.pdf,ok
BUS1061,회계의이해,H0002894,경영학부,경영학부(학부/서울/경영),2016/1 ~ 2027/2,2023,2,2025,2,30,4,3,outputs/pdfs_full/경영학부__BUS1061__회계의이해.pdf,ok
BUS1062,경영통계응용,H0002894,경영학부,경영학부(학부/서울/경영),2016/1 ~ 2027/2,2022,2,2025,2,33,4,2,outputs/pdfs_full/경영학부__BUS1062__경영통계응용.pdf,ok
BUS1063,금융수리통계,H0002895,파이낸스경영학과,파이낸스경영학과(학과/서울/경영),2020/1 ~ 2028/2,2022,2,2025,2,30,4,1,outputs/pdfs_full/파이낸스경영학과__BUS1063__금융수리통계.pdf,ok
BUS2002,계량경영,H0002894,경영학부,경영학부(학부/서울/경영),1998/1 ~ 2029/2,2022,2,2025,2,29,4,1,outputs/pdfs_full/경영학부__BUS2002__계량경영.pdf,ok
BUS2003,마케팅관리,H0002894,경영학부,경영학부(학부/서울/경영),1998/1 ~ 2027/2,2024,2,2026,1,36,4,5,outputs/pdfs_full/경영학부__BUS2003__마케팅관리.pdf,ok
BUS2011,경영통계학,H0003959,정보융합전공,정보융합전공,2017/1 ~ 2020/2,,,,,0,0,1,outputs/pdfs_full/정보융합전공__BUS2011__경영통계학.pdf,not_found
BUS2022,재무제표분석,H0002894,경영학부,경영학부(학부/서울/경영),1998/1 ~ 2030/2,2022,1,2026,1,25,5,2,outputs/pdfs_full/경영학부__BUS2022__재무제표분석.pdf,ok
BUS2025,비즈니스커뮤니케이션,H0002894,경영학부,경영학부(학부/서울/경영),2009/1 ~ 2017/2,2013,1,2017,1,25,5,1,outputs/pdfs_full/경영학부__BUS2025__비즈니스커뮤니케이션.pdf,ok
BUS2034,오퍼레이션관리,H0002894,경영학부,경영학부(학부/서울/경영),2002/1 ~ 2028/2,2022,1,2026,1,40,5,2,outputs/pdfs_full/경영학부__BUS2034__오퍼레이션관리.pdf,ok
BUS2035,글로벌기업관리론,H0002894,경영학부,경영학부(학부/서울/경영),2002/1 ~ 2029/2,2022,2,2026,1,30,5,1,outputs/pdfs_full/경영학부__BUS2035__글로벌기업관리론.pdf,ok
BUS2036,제품.서비스관리론,H0002894,경영학부,경영학부(학부/서울/경영),2002/1 ~ 2016/2,2012,2,2016,2,33,5,1,outputs/pdfs_full/경영학부__BUS2036__제품.서비스관리론.pdf,ok
BUS2042,인터넷과미래사회,H0002894,경영학부,경영학부(학부/서울/경영),2010/1 ~ 2016/2,2012,1,2016,1,35,5,1,outputs/pdfs_full/경영학부__BUS2042__인터넷과미래사회.pdf,ok
BUS2055,경영정보시스템,H0003960,응용시스템전공,응용시스템전공,2016/1 ~ 2017/2,,,,,0,0,2,outputs/pdfs_full/응용시스템전공__BUS2055__경영정보시스템.pdf,not_found
BUS2062,인적자원및조직개발론,H0002894,경영학부,경영학부(학부/서울/경영),2008/1 ~ 2030/2,2022,1,2025,2,29,4,1,outputs/pdfs_full/경영학부__BUS2062__인적자원및조직개발론.pdf,ok
BUS2063,세법개론,H0002894,경영학부,경영학부(학부/서울/경영),2007/1 ~ 2029/2,2022,1,2026,1,35,5,2,outputs/pdfs_full/경영학부__BUS2063__세법개론.pdf,ok
BUS2064,비즈니스데이터개론,H0002894,경영학부,경영학부(학부/서울/경영),2010/1 ~ 2028/2,2022,1,2026,1,23,5,1,outputs/pdfs_full/경영학부__BUS2064__비즈니스데이터개론.pdf,ok
BUS2065,기초경영통계,H0002894,경영학부,경영학부(학부/서울/경영),2010/1 ~ 2016/2,2012,1,2016,1,40,5,2,outputs/pdfs_full/경영학부__BUS2065__기초경영통계.pdf,ok
BUS2066,고급경영통계,H0002894,경영학부,경영학부(학부/서울/경영),2010/1 ~ 2016/2,2012,2,2016,2,27,5,2,outputs/pdfs_full/경영학부__BUS2066__고급경영통계.pdf,ok
BUS2067,글로벌금융커뮤니케이션,H0002895,파이낸스경영학과,파이낸스경영학과(학과/서울/경영),2011/1 ~ 2016/2,2012,1,2016,1,17,5,1,outputs/pdfs_full/파이낸스경영학과__BUS2067__글로벌금융커뮤니케이션.pdf,ok
BUS2069,비즈니스커뮤니케이션전략,H0002894,경영학부,경영학부(학부/서울/경영),2012/1 ~ 2016/2,2012,2,2016,2,22,5,1,outputs/pdfs_full/경영학부__BUS2069__비즈니스커뮤니케이션전략.pdf,ok
BUS2071,인터넷과e-비즈니스,H0002894,경영학부,경영학부(학부/서울/경영),2017/1 ~ 2028/2,2022,2,2025,2,20,4,1,outputs/pdfs_full/경영학부__BUS2071__인터넷과e-비즈니스.pdf,ok
BUS2072,미시경제이론,H0002895,파이낸스경영학과,파이낸스경영학과(학과/서울/경영),2017/1 ~ 2028/2,2022,1,2026,1,29,5,1,outputs/pdfs_full/파이낸스경영학과__BUS2072__미시경제이론.pdf,ok
BUS2073,거시경제이론,H0002895,파이낸스경영학과,파이낸스경영학과(학과/서울/경영),2017/1 ~ 2028/2,2022,2,2025,2,22,4,1,outputs/pdfs_full/파이낸스경영학과__BUS2073__거시경제이론.pdf,ok
BUS2076,기업법개론,H0002894,경영학부,경영학부(학부/서울/경영),2021/1 ~ 2028/2,2022,2,2025,2,12,4,1,outputs/pdfs_full/경영학부__BUS2076__기업법개론.pdf,ok
BUS3002,재무관리,H0002867,정보시스템학과,정보시스템학과(학과/서울),2010/1 ~ 2028/2,2024,2,2026,1,33,4,3,outputs/pdfs_full/정보시스템학과__BUS3002__재무관리.pdf,ok
BUS3003,조직행동,H0002894,경영학부,경영학부(학부/서울/경영),1998/1 ~ 2028/2,2024,2,2026,1,33,4,2,outputs/pdfs_full/경영학부__BUS3003__조직행동.pdf,ok
BUS3004,인사관리,H0002894,경영학부,경영학부(학부/서울/경영),1999/1 ~ 2029/2,2022,2,2025,2,32,4,1,outputs/pdfs_full/경영학부__BUS3004__인사관리.pdf,ok
BUS3007,마케팅조사,H0002894,경영학부,경영학부(학부/서울/경영),1999/1 ~ 2029/2,2022,1,2026,1,40,5,1,outputs/pdfs_full/경영학부__BUS3007__마케팅조사.pdf,ok
BUS3009,국제경영,H0002867,정보시스템학과,정보시스템학과(학과/서울),2011/1 ~ 2021/2,2023,1,2025,2,30,4,3,outputs/pdfs_full/정보시스템학과__BUS3009__국제경영.pdf,ok
BUS3014,소비자행동,H0002894,경영학부,경영학부(학부/서울/경영),1999/1 ~ 2028/2,2022,2,2026,1,36,5,1,outputs/pdfs_full/경영학부__BUS3014__소비자행동.pdf,ok
BUS3016,물류관리,H0002894,경영학부,경영학부(학부/서울/경영),1999/1 ~ 2017/2,2013,1,2017,1,35,5,1,outputs/pdfs_full/경영학부__BUS3016__물류관리.pdf,ok
BUS3020,외환관리론,H0002894,경영학부,경영학부(학부/서울/경영),1999/1 ~ 2017/2,2016,1,2018,2,32,5,2,outputs/pdfs_full/경영학부__BUS3020__외환관리론.pdf,ok
BUS3021,품질경영,H0002894,경영학부,경영학부(학부/서울/경영),1999/1 ~ 2030/2,2024,2,2026,1,26,4,1,outputs/pdfs_full/경영학부__BUS3021__품질경영.pdf,ok
BUS3022,국제재무론,H0002894,경영학부,경영학부(학부/서울/경영),1999/1 ~ 2029/2,2022,2,2026,1,35,5,2,outputs/pdfs_full/경영학부__BUS3022__국제재무론.pdf,ok
BUS3023,파생증권론,H0002894,경영학부,경영학부(학부/서울/경영),1999/1 ~ 2029/2,2022,2,2025,2,25,4,2,outputs/pdfs_full/경영학부__BUS3023__파생증권론.pdf,ok
BUS3026,마케팅전략론,H0002894,경영학부,경영학부(학부/서울/경영),2012/1 ~ 2030/2,2022,1,2026,1,38,5,1,outputs/pdfs_full/경영학부__BUS3026__마케팅전략론.pdf,ok
BUS3039,벤처창업론,H0002894,경영학부,경영학부(학부/서울/경영),2003/1 ~ 2029/2,2022,1,2026,1,25,5,1,outputs/pdfs_full/경영학부__BUS3039__벤처창업론.pdf,ok
BUS3049,전략적마케팅커뮤니케이션,H0002894,경영학부,경영학부(학부/서울/경영),2003/1 ~ 2029/2,2022,2,2025,2,29,4,1,outputs/pdfs_full/경영학부__BUS3049__전략적마케팅커뮤니케이션.pdf,ok
BUS3068,혁신전략론,H0002894,경영학부,경영학부(학부/서울/경영),2011/1 ~ 2029/2,2022,2,2025,2,22,4,1,outputs/pdfs_full/경영학부__BUS3068__혁신전략론.pdf,ok
BUS3070,의료경영,H0002894,경영학부,경영학부(학부/서울/경영),2009/1 ~ 2023/1,2017,2,2021,2,29,5,1,outputs/pdfs_full/경영학부__BUS3070__의료경영.pdf,ok
BUS3071,글로벌브랜드관리론,H0002894,경영학부,경영학부(학부/서울/경영),2011/1 ~ 2030/2,2022,1,2026,1,21,5,1,outputs/pdfs_full/경영학부__BUS3071__글로벌브랜드관리론.pdf,ok
BUS3079,비즈니스경제학세미나,H0002894,경영학부,경영학부(학부/서울/경영),2010/1 ~ 2017/2,2010,1,2017,1,25,5,1,outputs/pdfs_full/경영학부__BUS3079__비즈니스경제학세미나.pdf,ok
BUS3080,서비스마케팅,H0002894,경영학부,경영학부(학부/서울/경영),2010/1 ~ 2029/2,2022,1,2026,1,39,5,1,outputs/pdfs_full/경영학부__BUS3080__서비스마케팅.pdf,ok
BUS3082,기초금융데이터분석,H0002895,파이낸스경영학과,파이낸스경영학과(학과/서울/경영),2011/1 ~ 2029/2,2022,1,2026,1,24,5,1,outputs/pdfs_full/파이낸스경영학과__BUS3082__기초금융데이터분석.pdf,ok
BUS3083,대체투자론,H0002895,파이낸스경영학과,파이낸스경영학과(학과/서울/경영),2011/1 ~ 2030/2,2021,1,2026,1,18,5,1,outputs/pdfs_full/파이낸스경영학과__BUS3083__대체투자론.pdf,ok
BUS3084,채권금융론,H0002894,경영학부,경영학부(학부/서울/경영),2018/1 ~ 2030/2,2022,2,2025,2,23,4,2,outputs/pdfs_full/경영학부__BUS3084__채권금융론.pdf,ok
BUS3085,마이크로파이낸스와소사업경영,H0002895,파이낸스경영학과,파이낸스경영학과(학과/서울/경영),2011/1 ~ 2017/2,2011,1,2013,1,8,3,1,outputs/pdfs_full/파이낸스경영학과__BUS3085__마이크로파이낸스와소사업경영.pdf,ok
BUS3089,비즈니스데이터분석,H0002895,파이낸스경영학과,파이낸스경영학과(학과/서울/경영),2011/1 ~ 2025/2,2021,1,2025,1,23,5,1,outputs/pdfs_full/파이낸스경영학과__BUS3089__비즈니스데이터분석.pdf,ok
BUS3094,아시아경영및마케팅,H0002894,경영학부,경영학부(학부/서울/경영),2012/1 ~ 2017/2,2012,1,2017,1,25,5,1,outputs/pdfs_full/경영학부__BUS3094__아시아경영및마케팅.pdf,ok
BUS3095,재무사례연구,H0002895,파이낸스경영학과,파이낸스경영학과(학과/서울/경영),2012/1 ~ 2030/2,2022,2,2025,2,14,4,1,outputs/pdfs_full/파이낸스경영학과__BUS3095__재무사례연구.pdf,ok
BUS3096,국제투자론,H0002895,파이낸스경영학과,파이낸스경영학과(학과/서울/경영),2012/1 ~ 2017/2,2012,2,2016,2,8,2,1,outputs/pdfs_full/파이낸스경영학과__BUS3096__국제투자론.pdf,ok
BUS3097,보험재무,H0002895,파이낸스경영학과,파이낸스경영학과(학과/서울/경영),2012/1 ~ 2017/2,2012,2,2012,2,2,1,1,outputs/pdfs_full/파이낸스경영학과__BUS3097__보험재무.pdf,ok
BUS3099,경영데이터마이닝,H0002894,경영학부,경영학부(학부/서울/경영),2015/1 ~ 2029/2,2022,2,2025,2,20,4,1,outputs/pdfs_full/경영학부__BUS3099__경영데이터마이닝.pdf,ok
BUS3101,재무금융시계열분석,H0002895,파이낸스경영학과,파이낸스경영학과(학과/서울/경영),2018/1 ~ 2029/2,2022,2,2025,2,18,4,1,outputs/pdfs_full/파이낸스경영학과__BUS3101__재무금융시계열분석.pdf,ok
BUS3102,조직관리,H0002894,경영학부,경영학부(학부/서울/경영),2018/1 ~ 2029/2,2022,1,2026,1,35,5,1,outputs/pdfs_full/경영학부__BUS3102__조직관리.pdf,ok
BUS3103,공급사슬경영과스마트로지스틱스,H0002894,경영학부,경영학부(학부/서울/경영),2018/1 ~ 2029/2,2022,1,2026,1,39,5,1,outputs/pdfs_full/경영학부__BUS3103__공급사슬경영과스마트로지스틱스.pdf,ok
BUS3104,기업가치평가,H0002895,파이낸스경영학과,파이낸스경영학과(학과/서울/경영),2018/1 ~ 2029/2,2022,1,2026,1,25,5,1,outputs/pdfs_full/파이낸스경영학과__BUS3104__기업가치평가.pdf,ok
BUS3105,시장미시구조,H0002895,파이낸스경영학과,파이낸스경영학과(학과/서울/경영),2018/1 ~ 2029/2,2020,2,2025,2,24,5,1,outputs/pdfs_full/파이낸스경영학과__BUS3105__시장미시구조.pdf,ok
BUS3107,인공지능과비즈니스,H0002894,경영학부,경영학부(학부/서울/경영),2017/1 ~ 2029/2,2022,1,2026,1,24,5,1,outputs/pdfs_full/경영학부__BUS3107__인공지능과비즈니스.pdf,ok
BUS3108,모바일비즈니스기획,H0002894,경영학부,경영학부(학부/서울/경영),2017/1 ~ 2021/2,2017,1,2018,1,7,2,1,outputs/pdfs_full/경영학부__BUS3108__모바일비즈니스기획.pdf,ok
BUS3109,모바일비즈니스개발,H0002894,경영학부,경영학부(학부/서울/경영),2017/1 ~ 2021/2,2017,2,2018,2,5,2,1,outputs/pdfs_full/경영학부__BUS3109__모바일비즈니스개발.pdf,ok
BUS3110,변동성투자전략,H0002895,파이낸스경영학과,파이낸스경영학과(학과/서울/경영),2018/1 ~ 2026/2,2018,1,2020,1,9,3,1,outputs/pdfs_full/파이낸스경영학과__BUS3110__변동성투자전략.pdf,ok
BUS3111,경영대연구실현장실습1,H0002894,경영학부,경영학부(학부/서울/경영),2018/2 ~ 2025/2,,,,,0,0,2,outputs/pdfs_full/경영학부__BUS3111__경영대연구실현장실습1.pdf,not_found
BUS3112,경영대연구실현장실습2,H0002894,경영학부,경영학부(학부/서울/경영),2018/2 ~ 2025/2,2018,2,2018,2,1,1,2,outputs/pdfs_full/경영학부__BUS3112__경영대연구실현장실습2.pdf,ok
BUS3113,아시아경영및마케팅,H0002894,경영학부,경영학부(학부/서울/경영),2018/2 ~ 2023/2,2019,1,2023,2,25,5,1,outputs/pdfs_full/경영학부__BUS3113__아시아경영및마케팅.pdf,ok
BUS3114,협상과전략적커뮤니케이션,H0002894,경영학부,경영학부(학부/서울/경영),2018/2 ~ 2029/2,2020,1,2025,1,26,5,1,outputs/pdfs_full/경영학부__BUS3114__협상과전략적커뮤니케이션.pdf,ok
BUS3115,비즈니스분석프로그래밍,H0002894,경영학부,경영학부(학부/서울/경영),2022/1 ~ 2029/2,2022,1,2025,2,20,4,1,outputs/pdfs_full/경영학부__BUS3115__비즈니스분석프로그래밍.pdf,ok
BUS3116,고급금융데이터분석,H0002895,파이낸스경영학과,파이낸스경영학과(학과/서울/경영),2022/1 ~ 2029/2,2022,1,2026,1,23,5,1,outputs/pdfs_full/파이낸스경영학과__BUS3116__고급금융데이터분석.pdf,ok
BUS3118,응용통계와데이터애널리틱스,H0002894,경영학부,경영학부(학부/서울/경영),2024/1 ~ 2029/2,2024,1,2026,1,18,3,1,outputs/pdfs_full/경영학부__BUS3118__응용통계와데이터애널리틱스.pdf,ok
BUS3119,디지털마케팅전략,H0002894,경영학부,경영학부(학부/서울/경영),2024/1 ~ 2029/2,2024,2,2025,2,12,2,1,outputs/pdfs_full/경영학부__BUS3119__디지털마케팅전략.pdf,ok
BUS3120,글로벌환경과호스피탈리티마케팅,H0002894,경영학부,경영학부(학부/서울/경영),2024/2 ~ 2029/2,2025,1,2025,1,5,1,1,outputs/pdfs_full/경영학부__BUS3120__글로벌환경과호스피탈리티마케팅.pdf,ok
BUS4003,투자론,H0002894,경영학부,경영학부(학부/서울/경영),1999/1 ~ 2029/2,2024,2,2026,1,25,4,2,outputs/pdfs_full/경영학부__BUS4003__투자론.pdf,ok
BUS4005,경영정보시스템,H0002894,경영학부,경영학부(학부/서울/경영),1999/1 ~ 2028/2,2024,2,2026,1,29,4,4,outputs/pdfs_full/경영학부__BUS4005__경영정보시스템.pdf,ok
BUS4006,노사관계,H0002894,경영학부,경영학부(학부/서울/경영),2000/1 ~ 2030/2,2022,1,2026,1,36,5,1,outputs/pdfs_full/경영학부__BUS4006__노사관계.pdf,ok
BUS4007,경영학특강,H0002894,경영학부,경영학부(학부/서울/경영),2000/1 ~ 2030/2,2023,2,2026,1,19,4,2,outputs/pdfs_full/경영학부__BUS4007__경영학특강.pdf,ok
BUS4009,금융기관론,H0002894,경영학부,경영학부(학부/서울/경영),2000/1 ~ 2030/2,2022,1,2026,1,30,5,2,outputs/pdfs_full/경영학부__BUS4009__금융기관론.pdf,ok
BUS4012,기업재무론,H0002894,경영학부,경영학부(학부/서울/경영),2000/1 ~ 2029/2,2022,1,2026,1,26,5,2,outputs/pdfs_full/경영학부__BUS4012__기업재무론.pdf,ok
BUS4017,서비스운영관리,H0002894,경영학부,경영학부(학부/서울/경영),2000/1 ~ 2028/2,2022,2,2025,2,31,4,1,outputs/pdfs_full/경영학부__BUS4017__서비스운영관리.pdf,ok
BUS4019,전략경영론,H0002894,경영학부,경영학부(학부/서울/경영),2000/1 ~ 2028/2,2024,1,2026,1,30,5,2,outputs/pdfs_full/경영학부__BUS4019__전략경영론.pdf,ok
BUS4020,조직개발론,H0002894,경영학부,경영학부(학부/서울/경영),2000/1 ~ 2026/2,2018,2,2022,2,31,5,1,outputs/pdfs_full/경영학부__BUS4020__조직개발론.pdf,ok
BUS4023,기업윤리,H0002894,경영학부,경영학부(학부/서울/경영),2000/1 ~ 2018/2,2008,2,2018,2,36,5,1,outputs/pdfs_full/경영학부__BUS4023__기업윤리.pdf,ok
BUS4026,국제경영전략,H0002894,경영학부,경영학부(학부/서울/경영),2000/1 ~ 2030/2,2020,1,2026,1,25,5,1,outputs/pdfs_full/경영학부__BUS4026__국제경영전략.pdf,ok
BUS4037,금융공학,H0002894,경영학부,경영학부(학부/서울/경영),2000/1 ~ 2018/2,2018,1,2022,1,22,5,2,outputs/pdfs_full/경영학부__BUS4037__금융공학.pdf,ok
BUS4041,창업론,H0002867,정보시스템학과,정보시스템학과(학과/서울),2012/1 ~ 2030/2,2021,1,2025,1,17,5,2,outputs/pdfs_full/정보시스템학과__BUS4041__창업론.pdf,ok
BUS4070,유통관리,H0002894,경영학부,경영학부(학부/서울/경영),2004/1 ~ 2030/2,2022,1,2025,1,18,5,1,outputs/pdfs_full/경영학부__BUS4070__유통관리.pdf,ok
BUS4078,프로젝트경영,H0002894,경영학부,경영학부(학부/서울/경영),2008/1 ~ 2030/2,2021,1,2025,1,31,5,1,outputs/pdfs_full/경영학부__BUS4078__프로젝트경영.pdf,ok
BUS4081,금융윤리,H0002894,경영학부,경영학부(학부/서울/경영),2008/1 ~ 2017/2,2022,2,2026,1,23,5,2,outputs/pdfs_full/경영학부__BUS4081__금융윤리.pdf,ok
BUS4082,디지털비즈니스모델과전략,H0002894,경영학부,경영학부(학부/서울/경영),2012/1 ~ 2030/2,2021,1,2026,1,19,5,1,outputs/pdfs_full/경영학부__BUS4082__디지털비즈니스모델과전략.pdf,ok
BUS4083,정보기술과데이터전략,H0002894,경영학부,경영학부(학부/서울/경영),2012/1 ~ 2029/2,2021,2,2025,2,25,5,1,outputs/pdfs_full/경영학부__BUS4083__정보기술과데이터전략.pdf,ok
BUS4084,중국비즈니스전략,H0002894,경영학부,경영학부(학부/서울/경영),2012/1 ~ 2030/2,2022,2,2025,2,12,4,1,outputs/pdfs_full/경영학부__BUS4084__중국비즈니스전략.pdf,ok
BUS4085,경쟁전략론,H0002894,경영학부,경영학부(학부/서울/경영),2012/1 ~ 2029/2,2021,2,2025,2,29,5,1,outputs/pdfs_full/경영학부__BUS4085__경쟁전략론.pdf,ok
BUS4087,이비즈니스,H0002894,경영학부,경영학부(학부/서울/경영),2011/1 ~ 2016/2,2012,2,2016,2,35,5,1,outputs/pdfs_full/경영학부__BUS4087__이비즈니스.pdf,ok
BUS4100,학부연구학점,H0002894,경영학부,경영학부(학부/서울/경영),2014/1 ~ 2029/2,2022,1,2026,1,10,5,2,outputs/pdfs_full/경영학부__BUS4100__학부연구학점.pdf,ok
BUS4105,기업윤리와지속가능경영,H0002894,경영학부,경영학부(학부/서울/경영),2019/1 ~ 2030/2,2022,2,2025,2,25,4,1,outputs/pdfs_full/경영학부__BUS4105__기업윤리와지속가능경영.pdf,ok
BUS4106,비즈니스실습,H0002894,경영학부,경영학부(학부/서울/경영),2017/1 ~ 2023/1,2018,1,2023,1,20,5,1,outputs/pdfs_full/경영학부__BUS4106__비즈니스실습.pdf,ok
BUS4107,사회혁신실습,H0002894,경영학부,경영학부(학부/서울/경영),2017/1 ~ 2023/2,2018,2,2023,2,18,5,1,outputs/pdfs_full/경영학부__BUS4107__사회혁신실습.pdf,ok
BUS4109,경영대연구실현장실습3,H0002894,경영학부,경영학부(학부/서울/경영),2019/1 ~ 2026/2,2020,1,2021,1,2,2,2,outputs/pdfs_full/경영학부__BUS4109__경영대연구실현장실습3.pdf,ok
BUS4110,경영대연구실현장실습4,H0002894,경영학부,경영학부(학부/서울/경영),2018/2 ~ 2026/2,2020,2,2021,2,2,2,2,outputs/pdfs_full/경영학부__BUS4110__경영대연구실현장실습4.pdf,ok
BUS4111,보험과위험관리,H0002895,파이낸스경영학과,파이낸스경영학과(학과/서울/경영),2023/1 ~ 2030/2,2024,1,2026,1,17,3,1,outputs/pdfs_full/파이낸스경영학과__BUS4111__보험과위험관리.pdf,ok
BUS4112,M&A전략,H0002894,경영학부,경영학부(학부/서울/경영),2023/1 ~ 2023/1,,,,,0,0,1,outputs/pdfs_full/경영학부__BUS4112__M&A전략.pdf,not_found
BUS4113,비즈니스프로젝트학기,H0002894,경영학부,경영학부(학부/서울/경영),2021/1 ~ 2030/2,2024,2,2026,1,9,4,2,outputs/pdfs_full/경영학부__BUS4113__비즈니스프로젝트학기.pdf,ok
BUS4114,보상관리론,H0002894,경영학부,경영학부(학부/서울/경영),2023/1 ~ 2030/2,2023,1,2026,1,30,4,1,outputs/pdfs_full/경영학부__BUS4114__보상관리론.pdf,ok
BUS4115,인공지능금융투자와데이터,H0002895,파이낸스경영학과,파이낸스경영학과(학과/서울/경영),2023/1 ~ 2023/1,,,,,0,0,1,outputs/pdfs_full/파이낸스경영학과__BUS4115__인공지능금융투자와데이터.pdf,not_found
BUS4116,회계데이터애널리틱스,H0002894,경영학부,경영학부(학부/서울/경영),2024/1 ~ 2030/2,2024,1,2025,1,12,2,1,outputs/pdfs_full/경영학부__BUS4116__회계데이터애널리틱스.pdf,ok
BUS5000,전략적구매관리,H0002894,경영학부,경영학부(학부/서울/경영),2012/1 ~ 2018/2,2015,2,2018,2,25,4,1,outputs/pdfs_full/경영학부__BUS5000__전략적구매관리.pdf,ok
BUS5002,개인자산관리론,H0002895,파이낸스경영학과,파이낸스경영학과(학과/서울/경영),2012/1 ~ 2018/2,2013,1,2018,1,19,4,1,outputs/pdfs_full/파이낸스경영학과__BUS5002__개인자산관리론.pdf,ok
BUS5003,금융공학실습,H0002895,파이낸스경영학과,파이낸스경영학과(학과/서울/경영),2012/1 ~ 2018/2,2015,2,2018,2,4,2,1,outputs/pdfs_full/파이낸스경영학과__BUS5003__금융공학실습.pdf,ok
BUS5004,위험관리,H0002895,파이낸스경영학과,파이낸스경영학과(학과/서울/경영),2012/1 ~ 2017/2,2013,2,2017,2,24,5,1,outputs/pdfs_full/파이낸스경영학과__BUS5004__위험관리.pdf,ok
BUS5005,행동재무론,H0002895,파이낸스경영학과,파이낸스경영학과(학과/서울/경영),2012/1 ~ 2030/2,2022,2,2025,2,21,4,1,outputs/pdfs_full/파이낸스경영학과__BUS5005__행동재무론.pdf,ok
BUS5007,고급투자론,H0002894,경영학부,경영학부(학부/서울/경영),2018/1 ~ 2029/2,2022,1,2026,1,31,5,2,outputs/pdfs_full/경영학부__BUS5007__고급투자론.pdf,ok
BUS5009,지식경영과의사결정,H0002894,경영학부,경영학부(학부/서울/경영),2015/1 ~ 2030/2,2021,2,2024,2,27,4,1,outputs/pdfs_full/경영학부__BUS5009__지식경영과의사결정.pdf,ok
BUS5010,기술과경영,H0002894,경영학부,경영학부(학부/서울/경영),2015/1 ~ 2017/2,,,,,0,0,1,outputs/pdfs_full/경영학부__BUS5010__기술과경영.pdf,not_found
BUS5011,ESG경영전략,H0002894,경영학부,경영학부(학부/서울/경영),2013/1 ~ 2030/2,2022,2,2025,2,16,4,1,outputs/pdfs_full/경영학부__BUS5011__ESG경영전략.pdf,ok
BUS5012,마케팅조사2,H0002894,경영학부,경영학부(학부/서울/경영),2013/1 ~ 2017/2,2013,2,2017,2,38,5,1,outputs/pdfs_full/경영학부__BUS5012__마케팅조사2.pdf,ok
BUS5013,글로벌기업가정신과창업,H0002894,경영학부,경영학부(학부/서울/경영),2013/1 ~ 2022/2,2013,1,2018,1,8,2,1,outputs/pdfs_full/경영학부__BUS5013__글로벌기업가정신과창업.pdf,ok
BUS5014,IT컨설팅과프로세스혁신,H0002894,경영학부,경영학부(학부/서울/경영),2016/1 ~ 2018/2,2018,1,2018,1,5,1,1,outputs/pdfs_full/경영학부__BUS5014__IT컨설팅과프로세스혁신.pdf,ok
BUS5015,시사재무금융,H0002895,파이낸스경영학과,파이낸스경영학과(학과/서울/경영),2016/1 ~ 2018/2,2016,2,2018,2,13,3,1,outputs/pdfs_full/파이낸스경영학과__BUS5015__시사재무금융.pdf,ok
BUS5017,경영종합연구(캡스톤디자인),H0002894,경영학부,경영학부(학부/서울/경영),2013/1 ~ 2030/2,2021,1,2026,1,11,5,1,outputs/pdfs_full/경영학부__BUS5017__경영종합연구(캡스톤디자인).pdf,ok
C-T1005,패션과색채,H0003583,의류학과,의류학과,2013/1 ~ 2025/2,2021,1,2025,1,28,5,1,outputs/pdfs_full/의류학과__C-T1005__패션과색채.pdf,ok
C-T2013,패션디자인드로잉,H0003583,의류학과,의류학과,2013/1 ~ 2028/2,2022,2,2026,1,32,5,1,outputs/pdfs_full/의류학과__C-T2013__패션디자인드로잉.pdf,ok
C-T2014,패션드로잉2,H0003583,의류학과,의류학과,2013/1 ~ 2016/2,2012,2,2016,2,28,5,1,outputs/pdfs_full/의류학과__C-T2014__패션드로잉2.pdf,ok
C-T2020,패턴메이킹,H0003583,의류학과,의류학과,2013/1 ~ 2028/2,2022,2,2025,2,21,4,1,outputs/pdfs_full/의류학과__C-T2020__패턴메이킹.pdf,ok
C-T2021,의복재료,H0003583,의류학과,의류학과,2013/1 ~ 2028/2,2022,1,2026,1,34,5,1,outputs/pdfs_full/의류학과__C-T2021__의복재료.pdf,ok
C-T2022,염색가공과신소재,H0003583,의류학과,의류학과,2013/1 ~ 2028/2,2022,2,2025,2,28,4,1,outputs/pdfs_full/의류학과__C-T2022__염색가공과신소재.pdf,ok
C-T2023,디자인문화와패션,H0003583,의류학과,의류학과,2013/1 ~ 2028/2,2022,1,2025,1,26,4,1,outputs/pdfs_full/의류학과__C-T2023__디자인문화와패션.pdf,ok
C-T2024,패턴메이킹2,H0003583,의류학과,의류학과,2013/1 ~ 2016/2,2010,2,2014,2,28,5,1,outputs/pdfs_full/의류학과__C-T2024__패턴메이킹2.pdf,ok
C-T2025,기초의복구성,H0003583,의류학과,의류학과,2013/1 ~ 2028/2,2022,2,2026,1,31,5,1,outputs/pdfs_full/의류학과__C-T2025__기초의복구성.pdf,ok
C-T2026,의류학전공용어,H0003583,의류학과,의류학과,2013/1 ~ 2016/2,2012,1,2013,1,11,2,1,outputs/pdfs_full/의류학과__C-T2026__의류학전공용어.pdf,ok
C-T3001,서양복식사,H0003583,의류학과,의류학과,2013/1 ~ 2028/2,2022,1,2026,1,35,5,1,outputs/pdfs_full/의류학과__C-T3001__서양복식사.pdf,ok
C-T3025,한국복식사,H0003583,의류학과,의류학과,2013/1 ~ 2017/2,2013,2,2017,2,30,5,1,outputs/pdfs_full/의류학과__C-T3025__한국복식사.pdf,ok
C-T3027,의복구성,H0003583,의류학과,의류학과,2013/1 ~ 2029/2,2020,2,2025,1,25,5,1,outputs/pdfs_full/의류학과__C-T3027__의복구성.pdf,ok
C-T3028,의복제작실무,H0003583,의류학과,의류학과,2013/1 ~ 2021/2,2017,2,2021,1,26,5,1,outputs/pdfs_full/의류학과__C-T3028__의복제작실무.pdf,ok
C-T3029,드레이핑,H0003583,의류학과,의류학과,2013/1 ~ 2028/2,2022,1,2026,1,33,5,1,outputs/pdfs_full/의류학과__C-T3029__드레이핑.pdf,ok
C-T3030,드레이핑2,H0003583,의류학과,의류학과,2013/1 ~ 2017/2,2011,1,2015,1,22,5,1,outputs/pdfs_full/의류학과__C-T3030__드레이핑2.pdf,ok
C-T3033,한국전통복식,H0003583,의류학과,의류학과,2013/1 ~ 2029/2,2022,2,2026,1,27,5,1,outputs/pdfs_full/의류학과__C-T3033__한국전통복식.pdf,ok
C-T3034,패션디자인스튜디오,H0003583,의류학과,의류학과,2013/1 ~ 2029/2,2022,2,2026,1,28,5,1,outputs/pdfs_full/의류학과__C-T3034__패션디자인스튜디오.pdf,ok
C-T3035,의류소재기획,H0003583,의류학과,의류학과,2013/1 ~ 2029/2,2022,1,2026,1,26,5,1,outputs/pdfs_full/의류학과__C-T3035__의류소재기획.pdf,ok
C-T3036,패션디자인스튜디오2,H0003583,의류학과,의류학과,2013/1 ~ 2029/2,2021,1,2025,1,17,5,1,outputs/pdfs_full/의류학과__C-T3036__패션디자인스튜디오2.pdf,ok
C-T3037,패션사회심리,H0003583,의류학과,의류학과,2013/1 ~ 2028/2,2022,1,2026,1,26,5,1,outputs/pdfs_full/의류학과__C-T3037__패션사회심리.pdf,ok
C-T3038,의류산업세미나,H0003583,의류학과,의류학과,2013/1 ~ 2026/2,2013,1,2019,1,26,5,1,outputs/pdfs_full/의류학과__C-T3038__의류산업세미나.pdf,ok
C-T3041,남성복구성,H0003583,의류학과,의류학과,2013/1 ~ 2017/2,2011,1,2015,1,26,5,1,outputs/pdfs_full/의류학과__C-T3041__남성복구성.pdf,ok
C-T3043,의류캡스톤디자인,H0003583,의류학과,의류학과,2013/1 ~ 2022/2,2015,2,2022,2,7,5,1,outputs/pdfs_full/의류학과__C-T3043__의류캡스톤디자인.pdf,ok
C-T3044,테크니컬디자인,H0003583,의류학과,의류학과,2015/1 ~ 2029/2,2021,2,2025,2,22,5,1,outputs/pdfs_full/의류학과__C-T3044__테크니컬디자인.pdf,ok
C-T3045,디지털패션콘텐츠개발,H0003583,의류학과,의류학과,2019/2 ~ 2029/2,2022,2,2025,2,17,4,1,outputs/pdfs_full/의류학과__C-T3045__디지털패션콘텐츠개발.pdf,ok
C-T3046,버츄얼패션콘텐츠개발,H0003583,의류학과,의류학과,2020/1 ~ 2030/2,2022,1,2026,1,14,5,1,outputs/pdfs_full/의류학과__C-T3046__버츄얼패션콘텐츠개발.pdf,ok
C-T3047,의류학과연구실현장실습1,H0003583,의류학과,의류학과,2021/1 ~ 2025/2,2021,1,2021,1,1,1,1,outputs/pdfs_full/의류학과__C-T3047__의류학과연구실현장실습1.pdf,ok
C-T3048,지능형텍스타일소재,H0003583,의류학과,의류학과,2022/1 ~ 2029/2,2022,2,2025,2,8,2,1,outputs/pdfs_full/의류학과__C-T3048__지능형텍스타일소재.pdf,ok
C-T3049,스마트휴먼테크의류,H0003583,의류학과,의류학과,2022/1 ~ 2029/2,2023,1,2025,1,13,3,1,outputs/pdfs_full/의류학과__C-T3049__스마트휴먼테크의류.pdf,ok
C-T3050,패션리테일어낼리틱스,H0003583,의류학과,의류학과,2021/2 ~ 2029/2,2022,2,2025,2,18,4,1,outputs/pdfs_full/의류학과__C-T3050__패션리테일어낼리틱스.pdf,ok
C-T3051,비주얼커뮤니케이션&머천다이징,H0003583,의류학과,의류학과,2022/1 ~ 2029/2,2022,1,2026,1,27,5,1,outputs/pdfs_full/의류학과__C-T3051__비주얼커뮤니케이션&머천다이징.pdf,ok
C-T4024,패션마케팅과브랜딩,H0003583,의류학과,의류학과,2013/1 ~ 2028/2,2022,2,2025,2,29,4,1,outputs/pdfs_full/의류학과__C-T4024__패션마케팅과브랜딩.pdf,ok
C-T4025,의복과환경,H0003583,의류학과,의류학과,2013/1 ~ 2030/2,2022,2,2025,2,24,4,1,outputs/pdfs_full/의류학과__C-T4025__의복과환경.pdf,ok
C-T4031,패션문화데이터마이닝연구(종합설계),H0003583,의류학과,의류학과,2013/1 ~ 2030/2,2022,1,2026,1,12,5,1,outputs/pdfs_full/의류학과__C-T4031__패션문화데이터마이닝연구(종합설계).pdf,ok
C-T4032,캡스톤디자인스튜디오,H0003583,의류학과,의류학과,2013/1 ~ 2030/2,2022,1,2026,1,22,5,1,outputs/pdfs_full/의류학과__C-T4032__캡스톤디자인스튜디오.pdf,ok
C-T4033,패션유통론,H0003583,의류학과,의류학과,2013/1 ~ 2029/2,2022,1,2026,1,37,5,1,outputs/pdfs_full/의류학과__C-T4033__패션유통론.pdf,ok
C-T4034,의류제품분석및평가,H0003583,의류학과,의류학과,2013/1 ~ 2029/2,2022,2,2025,2,18,4,1,outputs/pdfs_full/의류학과__C-T4034__의류제품분석및평가.pdf,ok
C-T4035,의류업체인턴쉽,H0003583,의류학과,의류학과,2013/1 ~ 2022/2,2012,2,2016,2,10,5,1,outputs/pdfs_full/의류학과__C-T4035__의류업체인턴쉽.pdf,ok
C-T4036,글로벌패션산업,H0003583,의류학과,의류학과,2013/1 ~ 2029/2,2022,2,2025,2,27,4,1,outputs/pdfs_full/의류학과__C-T4036__글로벌패션산업.pdf,ok
C-T4037,패션과미디어,H0003583,의류학과,의류학과,2016/2 ~ 2030/2,2021,1,2025,1,18,5,1,outputs/pdfs_full/의류학과__C-T4037__패션과미디어.pdf,ok
C-T4038,의류프로젝트,H0003583,의류학과,의류학과,2016/1 ~ 2026/2,2016,1,2019,1,8,4,1,outputs/pdfs_full/의류학과__C-T4038__의류프로젝트.pdf,ok
C-T4039,패션과테크놀로지,H0003583,의류학과,의류학과,2019/2 ~ 2025/2,,,,,0,0,1,outputs/pdfs_full/의류학과__C-T4039__패션과테크놀로지.pdf,not_found
C-T4040,패션창업,H0003583,의류학과,의류학과,2016/2 ~ 2022/2,2017,2,2021,2,17,5,1,outputs/pdfs_full/의류학과__C-T4040__패션창업.pdf,ok
C-T4042,의류학과연구실현장실습4,H0003583,의류학과,의류학과,2021/2 ~ 2026/2,2023,2,2025,2,3,3,1,outputs/pdfs_full/의류학과__C-T4042__의류학과연구실현장실습4.pdf,ok
C-T4043,패션미디어와스토리텔링,H0003583,의류학과,의류학과,2026/1 ~ 2030/2,2026,1,2026,1,4,1,1,outputs/pdfs_full/의류학과__C-T4043__패션미디어와스토리텔링.pdf,ok
C-T4044,패션스마트팩토리인공지능,H0003583,의류학과,의류학과,2027/1 ~ 2030/2,,,,,0,0,1,outputs/pdfs_full/의류학과__C-T4044__패션스마트팩토리인공지능.pdf,not_found
CEC0001,중국경제론,H0002950,중국경제통상전공,중국경제통상전공,2006/1 ~ 2028/2,2021,2,2024,2,9,4,1,outputs/pdfs_full/중국경제통상전공__CEC0001__중국경제론.pdf,ok
CEC0002,현대중국사회의이해,H0002950,중국경제통상전공,중국경제통상전공,2006/1 ~ 2028/2,2022,2,2025,2,16,4,1,outputs/pdfs_full/중국경제통상전공__CEC0002__현대중국사회의이해.pdf,ok
CEC0003,중국경제통상법,H0002950,중국경제통상전공,중국경제통상전공,2006/1 ~ 2023/1,2017,2,2021,2,30,5,1,outputs/pdfs_full/중국경제통상전공__CEC0003__중국경제통상법.pdf,ok
CEC0006,중국지적재산법,H0002950,중국경제통상전공,중국경제통상전공,2007/1 ~ 2021/2,2016,1,2020,1,30,5,1,outputs/pdfs_full/중국경제통상전공__CEC0006__중국지적재산법.pdf,ok
CEC0007,중국세무회계,H0002950,중국경제통상전공,중국경제통상전공,2007/1 ~ 2021/2,2013,2,2017,2,33,5,1,outputs/pdfs_full/중국경제통상전공__CEC0007__중국세무회계.pdf,ok
CEC0008,중국의권력구조와정부조직,H0002950,중국경제통상전공,중국경제통상전공,2006/1 ~ 2028/2,2021,1,2025,1,32,5,1,outputs/pdfs_full/중국경제통상전공__CEC0008__중국의권력구조와정부조직.pdf,ok
CEC0009,중국금융시장의이해,H0002950,중국경제통상전공,중국경제통상전공,2006/1 ~ 2028/2,2018,2,2022,2,22,5,1,outputs/pdfs_full/중국경제통상전공__CEC0009__중국금융시장의이해.pdf,ok
CEC0012,중국통상실무,H0002950,중국경제통상전공,중국경제통상전공,2009/1 ~ 2029/2,2022,1,2026,1,13,5,1,outputs/pdfs_full/중국경제통상전공__CEC0012__중국통상실무.pdf,ok
CEC0013,무역중국어,H0002950,중국경제통상전공,중국경제통상전공,2009/1 ~ 2029/2,2022,2,2025,2,10,4,1,outputs/pdfs_full/중국경제통상전공__CEC0013__무역중국어.pdf,ok
CEC0014,중국지역경제의이해,H0002950,중국경제통상전공,중국경제통상전공,2018/1 ~ 2029/2,2020,2,2023,2,16,4,1,outputs/pdfs_full/중국경제통상전공__CEC0014__중국지역경제의이해.pdf,ok
CEC0015,4차산업혁명과중국혁신기업,H0002950,중국경제통상전공,중국경제통상전공,2021/1 ~ 2023/1,2021,1,2021,1,5,1,1,outputs/pdfs_full/중국경제통상전공__CEC0015__4차산업혁명과중국혁신기업.pdf,ok
CEC0016,중국문화콘텐츠의이해,H0002950,중국경제통상전공,중국경제통상전공,2020/2 ~ 2028/2,2022,2,2025,2,24,4,1,outputs/pdfs_full/중국경제통상전공__CEC0016__중국문화콘텐츠의이해.pdf,ok
CEC0017,중국전통인재론과리더십,H0002950,중국경제통상전공,중국경제통상전공,2020/2 ~ 2029/2,2020,2,2025,2,13,3,1,outputs/pdfs_full/중국경제통상전공__CEC0017__중국전통인재론과리더십.pdf,ok
CEC0018,중국외교정책론,H0002950,중국경제통상전공,중국경제통상전공,2020/2 ~ 2029/2,2022,2,2025,2,21,4,1,outputs/pdfs_full/중국경제통상전공__CEC0018__중국외교정책론.pdf,ok
CEC0019,영상으로이해하는중국사회문화,H0002950,중국경제통상전공,중국경제통상전공,2021/1 ~ 2029/2,2024,1,2026,1,14,3,1,outputs/pdfs_full/중국경제통상전공__CEC0019__영상으로이해하는중국사회문화.pdf,ok
CEC0020,중국기업의이해,H0002950,중국경제통상전공,중국경제통상전공,2021/2 ~ 2029/2,2022,2,2025,2,16,4,1,outputs/pdfs_full/중국경제통상전공__CEC0020__중국기업의이해.pdf,ok
CEC2001,거시경제학입문,H0002950,중국경제통상전공,중국경제통상전공,2023/2 ~ 2028/2,2023,2,2025,2,11,3,1,outputs/pdfs_full/중국경제통상전공__CEC2001__거시경제학입문.pdf,ok
CEC2002,미시경제학입문,H0002950,중국경제통상전공,중국경제통상전공,2023/2 ~ 2028/2,2024,1,2026,1,13,3,1,outputs/pdfs_full/중국경제통상전공__CEC2002__미시경제학입문.pdf,ok
CEC3000,중국기업의이해2,H0002950,중국경제통상전공,중국경제통상전공,2022/1 ~ 2029/2,2022,1,2026,1,25,5,1,outputs/pdfs_full/중국경제통상전공__CEC3000__중국기업의이해2.pdf,ok
CEC3001,중국사회현안세미나,H0002950,중국경제통상전공,중국경제통상전공,2023/2 ~ 2029/2,2023,2,2025,2,14,3,1,outputs/pdfs_full/중국경제통상전공__CEC3001__중국사회현안세미나.pdf,ok
CEC4001,중국산업론,H0002950,중국경제통상전공,중국경제통상전공,2023/2 ~ 2029/2,2023,2,2025,2,11,3,1,outputs/pdfs_full/중국경제통상전공__CEC4001__중국산업론.pdf,ok
CEC4002,AI시대중국의경제정책,H0002950,중국경제통상전공,중국경제통상전공,2026/2 ~ 2029/2,,,,,0,0,1,outputs/pdfs_full/중국경제통상전공__CEC4002__AI시대중국의경제정책.pdf,not_found
CED1004,세계시민교육론,H0002718,교육학과,교육학과(학부/서울),2016/1 ~ 2024/2,2020,2,2024,2,25,5,6,outputs/pdfs_full/교육학과__CED1004__세계시민교육론.pdf,ok
CED2012,교육학교과교육론,H0002718,교육학과,교육학과(학부/서울),2010/1 ~ 2028/2,2022,2,2025,2,12,4,2,outputs/pdfs_full/교육학과__CED2012__교육학교과교육론.pdf,ok
CHE1018,기초생물학,H0002256,서울 대학,대학(학부/서울),2009/1 ~ 2027/2,2009,1,2012,1,24,4,1,outputs/pdfs_seoul_university/서울_대학__CHE1018__기초생물학.pdf,ok
CHE3007,환경화학,H0002560,자원환경공학과,자원환경공학과(학부/서울),2023/2 ~ 2025/2,2001,1,2025,2,20,5,2,outputs/pdfs_full/자원환경공학과__CHE3007__환경화학.pdf,ok
CHI1003,중국문화개설,H0002809,중어중문학과,중어중문학(학부/서울),1989/1 ~ 2016/2,2013,1,2017,1,29,5,2,outputs/pdfs_full/중어중문학과__CHI1003__중국문화개설.pdf,ok
CHI1034,현대중국의정치경제,H0002809,중어중문학과,중어중문학(학부/서울),2008/1 ~ 2019/2,2015,1,2019,1,31,5,1,outputs/pdfs_full/중어중문학과__CHI1034__현대중국의정치경제.pdf,ok
CHI1035,중국어입문2,H0002809,중어중문학과,중어중문학(학부/서울),2008/1 ~ 2027/2,2022,2,2025,2,23,4,1,outputs/pdfs_full/중어중문학과__CHI1035__중국어입문2.pdf,ok
CHI1036,기초한문,H0002814,사학과,사학(학부-인문과/서울),2008/1 ~ 2015/2,2011,1,2015,1,29,5,1,outputs/pdfs_full/사학과__CHI1036__기초한문.pdf,ok
CHI1037,중국어입문1,H0002809,중어중문학과,중어중문학(학부/서울),2008/1 ~ 2027/2,2022,1,2026,1,33,5,1,outputs/pdfs_full/중어중문학과__CHI1037__중국어입문1.pdf,ok
CHI1038,중국어듣기와말하기,H0002809,중어중문학과,중어중문학(학부/서울),2008/1 ~ 2015/2,2011,2,2015,2,31,5,1,outputs/pdfs_full/중어중문학과__CHI1038__중국어듣기와말하기.pdf,ok
CHI1039,중국어읽기와쓰기,H0002809,중어중문학과,중어중문학(학부/서울),2008/1 ~ 2015/2,2011,2,2015,2,29,5,1,outputs/pdfs_full/중어중문학과__CHI1039__중국어읽기와쓰기.pdf,ok
CHI1046,한자한문의이해,H0002809,중어중문학과,중어중문학(학부/서울),2016/1 ~ 2025/2,2021,1,2025,1,19,5,1,outputs/pdfs_full/중어중문학과__CHI1046__한자한문의이해.pdf,ok
CHI1047,중국어학산책,H0002809,중어중문학과,중어중문학(학부/서울),2016/1 ~ 2023/2,2019,2,2023,2,25,5,1,outputs/pdfs_full/중어중문학과__CHI1047__중국어학산책.pdf,ok
CHI1052,중국의역사와사상,H0002809,중어중문학과,중어중문학(학부/서울),2020/1 ~ 2028/2,2022,1,2025,1,21,4,1,outputs/pdfs_full/중어중문학과__CHI1052__중국의역사와사상.pdf,ok
CHI2045,현대중국어법,H0002809,중어중문학과,중어중문학(학부/서울),2006/1 ~ 2013/2,2009,2,2013,2,27,5,1,outputs/pdfs_full/중어중문학과__CHI2045__현대중국어법.pdf,ok
CHI2046,중국고대문학의이해,H0002809,중어중문학과,중어중문학(학부/서울),2006/1 ~ 2028/2,2022,2,2026,1,28,5,1,outputs/pdfs_full/중어중문학과__CHI2046__중국고대문학의이해.pdf,ok
CHI2048,사마천의사기와현대사회,H0002809,중어중문학과,중어중문학(학부/서울),2006/1 ~ 2028/2,2021,1,2025,1,11,4,1,outputs/pdfs_full/중어중문학과__CHI2048__사마천의사기와현대사회.pdf,ok
CHI2049,중국근대문학의이해,H0002809,중어중문학과,중어중문학(학부/서울),2007/1 ~ 2028/2,2022,1,2025,1,27,4,1,outputs/pdfs_full/중어중문학과__CHI2049__중국근대문학의이해.pdf,ok
CHI2053,중국문화입문,H0002809,중어중문학과,중어중문학(학부/서울),2006/1 ~ 2028/2,2022,1,2026,1,26,5,1,outputs/pdfs_full/중어중문학과__CHI2053__중국문화입문.pdf,ok
CHI2054,중급중국어1,H0002809,중어중문학과,중어중문학(학부/서울),2006/1 ~ 2028/2,2022,1,2026,1,22,5,1,outputs/pdfs_full/중어중문학과__CHI2054__중급중국어1.pdf,ok
CHI2055,실용중국어회화1,H0002809,중어중문학과,중어중문학(학부/서울),2006/1 ~ 2028/2,2022,1,2026,1,23,5,1,outputs/pdfs_full/중어중문학과__CHI2055__실용중국어회화1.pdf,ok
CHI2056,중국어작문2,H0002809,중어중문학과,중어중문학(학부/서울),2006/1 ~ 2025/2,2020,2,2025,2,18,5,1,outputs/pdfs_full/중어중문학과__CHI2056__중국어작문2.pdf,ok
CHI2057,중급중국어2,H0002809,중어중문학과,중어중문학(학부/서울),2006/1 ~ 2028/2,2022,2,2025,2,12,4,1,outputs/pdfs_full/중어중문학과__CHI2057__중급중국어2.pdf,ok
CHI2058,실용중국어회화2,H0002809,중어중문학과,중어중문학(학부/서울),2006/1 ~ 2028/2,2022,2,2025,2,13,4,1,outputs/pdfs_full/중어중문학과__CHI2058__실용중국어회화2.pdf,ok
CHI2059,현대중국어독해,H0002809,중어중문학과,중어중문학(학부/서울),2006/1 ~ 2030/2,2022,2,2026,1,20,5,1,outputs/pdfs_full/중어중문학과__CHI2059__현대중국어독해.pdf,ok
CHI2060,중국의언어와문화,H0002809,중어중문학과,중어중문학(학부/서울),2006/1 ~ 2024/2,2022,1,2026,1,25,5,2,outputs/pdfs_full/중어중문학과__CHI2060__중국의언어와문화.pdf,ok
CHI2065,현대중국어문법,H0002809,중어중문학과,중어중문학(학부/서울),2014/1 ~ 2029/2,2022,1,2026,1,30,5,1,outputs/pdfs_full/중어중문학과__CHI2065__현대중국어문법.pdf,ok
CHI2066,중국고전읽기,H0002809,중어중문학과,중어중문학(학부/서울),2014/1 ~ 2029/2,2021,2,2026,1,16,5,1,outputs/pdfs_full/중어중문학과__CHI2066__중국고전읽기.pdf,ok
CHI2073,중국어음성학,H0002809,중어중문학과,중어중문학(학부/서울),2024/1 ~ 2028/2,2024,2,2025,2,12,2,1,outputs/pdfs_full/중어중문학과__CHI2073__중국어음성학.pdf,ok
CHI2074,중국어통사론,H0002809,중어중문학과,중어중문학(학부/서울),2025/1 ~ 2030/2,,,,,0,0,1,outputs/pdfs_full/중어중문학과__CHI2074__중국어통사론.pdf,not_found
CHI3019,중급중국어회화,H0002809,중어중문학과,중어중문학(학부/서울),1991/1 ~ 2017/2,2013,1,2017,1,25,5,1,outputs/pdfs_full/중어중문학과__CHI3019__중급중국어회화.pdf,ok
CHI3027,고급중국어회화,H0002809,중어중문학과,중어중문학(학부/서울),1991/1 ~ 2017/2,2012,2,2017,2,22,5,1,outputs/pdfs_full/중어중문학과__CHI3027__고급중국어회화.pdf,ok
CHI3031,중국어학의이해,H0002809,중어중문학과,중어중문학(학부/서울),2007/1 ~ 2029/2,2022,1,2026,1,29,5,1,outputs/pdfs_full/중어중문학과__CHI3031__중국어학의이해.pdf,ok
CHI3033,한자의이해,H0002809,중어중문학과,중어중문학(학부/서울),2007/1 ~ 2029/2,2019,1,2023,1,21,5,1,outputs/pdfs_full/중어중문학과__CHI3033__한자의이해.pdf,ok
CHI3054,현대중국의문학과사회문화,H0002809,중어중문학과,중어중문학(학부/서울),2008/1 ~ 2029/2,2022,2,2025,2,24,4,1,outputs/pdfs_full/중어중문학과__CHI3054__현대중국의문학과사회문화.pdf,ok
CHI3056,중국시가감상,H0002809,중어중문학과,중어중문학(학부/서울),2007/1 ~ 2021/2,2017,1,2021,1,21,5,1,outputs/pdfs_full/중어중문학과__CHI3056__중국시가감상.pdf,ok
CHI3057,중국민간가요와대중문화,H0002809,중어중문학과,중어중문학(학부/서울),2007/1 ~ 2017/2,2013,2,2017,2,19,5,1,outputs/pdfs_full/중어중문학과__CHI3057__중국민간가요와대중문화.pdf,ok
CHI3058,중국소설의세계,H0002809,중어중문학과,중어중문학(학부/서울),2007/1 ~ 2029/2,2023,1,2026,1,11,4,1,outputs/pdfs_full/중어중문학과__CHI3058__중국소설의세계.pdf,ok
CHI3059,당송시가감상,H0002809,중어중문학과,중어중문학(학부/서울),2007/1 ~ 2029/2,2021,2,2026,1,14,5,1,outputs/pdfs_full/중어중문학과__CHI3059__당송시가감상.pdf,ok
CHI3061,고급중국어1,H0002809,중어중문학과,중어중문학(학부/서울),2007/1 ~ 2029/2,2022,1,2026,1,17,5,1,outputs/pdfs_full/중어중문학과__CHI3061__고급중국어1.pdf,ok
CHI3063,고급중국어2,H0002809,중어중문학과,중어중문학(학부/서울),2007/1 ~ 2029/2,2022,2,2025,2,13,4,1,outputs/pdfs_full/중어중문학과__CHI3063__고급중국어2.pdf,ok
CHI3064,중국음운의세계,H0002809,중어중문학과,중어중문학(학부/서울),2007/1 ~ 2025/2,2021,2,2025,2,21,5,1,outputs/pdfs_full/중어중문학과__CHI3064__중국음운의세계.pdf,ok
CHI3068,사기강독,H0002809,중어중문학과,중어중문학(학부/서울),2011/1 ~ 2017/2,2013,1,2017,2,15,5,1,outputs/pdfs_full/중어중문학과__CHI3068__사기강독.pdf,ok
CHI3071,중국어연극제작실습,H0002809,중어중문학과,중어중문학(학부/서울),2012/1 ~ 2029/2,2022,1,2026,1,13,5,1,outputs/pdfs_full/중어중문학과__CHI3071__중국어연극제작실습.pdf,ok
CHI3079,중국민간가요,H0002809,중어중문학과,중어중문학(학부/서울),2022/1 ~ 2029/2,2022,1,2025,1,12,4,1,outputs/pdfs_full/중어중문학과__CHI3079__중국민간가요.pdf,ok
CHI3081,한자의세계와한중한자어비교,H0002809,중어중문학과,중어중문학(학부/서울),2024/2 ~ 2029/2,2025,1,2026,1,9,2,1,outputs/pdfs_full/중어중문학과__CHI3081__한자의세계와한중한자어비교.pdf,ok
CHI4038,명시문으로이해하는중국문화,H0002809,중어중문학과,중어중문학(학부/서울),2008/1 ~ 2022/2,2017,2,2022,2,17,5,1,outputs/pdfs_full/중어중문학과__CHI4038__명시문으로이해하는중국문화.pdf,ok
CHI4039,경서의이해,H0002809,중어중문학과,중어중문학(학부/서울),2008/1 ~ 2016/1,2012,2,2015,2,10,3,1,outputs/pdfs_full/중어중문학과__CHI4039__경서의이해.pdf,ok
CHI4041,중국현대문학감상,H0002809,중어중문학과,중어중문학(학부/서울),2007/1 ~ 2030/2,2022,1,2026,1,25,5,1,outputs/pdfs_full/중어중문학과__CHI4041__중국현대문학감상.pdf,ok
CHI4042,중국문학비평의이해,H0002809,중어중문학과,중어중문학(학부/서울),2008/1 ~ 2016/1,2011,2,2015,2,26,5,1,outputs/pdfs_full/중어중문학과__CHI4042__중국문학비평의이해.pdf,ok
CHI4043,제자백가의이해,H0002809,중어중문학과,중어중문학(학부/서울),2008/1 ~ 2030/2,2020,2,2024,2,19,4,2,outputs/pdfs_full/중어중문학과__CHI4043__제자백가의이해.pdf,ok
CHI4047,실무중국어,H0002809,중어중문학과,중어중문학(학부/서울),2008/1 ~ 2025/2,2020,2,2025,2,26,5,1,outputs/pdfs_full/중어중문학과__CHI4047__실무중국어.pdf,ok
CHI4048,중국소설감상,H0002809,중어중문학과,중어중문학(학부/서울),2008/1 ~ 2018/2,2014,1,2018,1,18,5,1,outputs/pdfs_full/중어중문학과__CHI4048__중국소설감상.pdf,ok
CHI4050,중국공연예술과미디어문화,H0002809,중어중문학과,중어중문학(학부/서울),2008/1 ~ 2029/2,2021,2,2025,2,18,5,1,outputs/pdfs_full/중어중문학과__CHI4050__중국공연예술과미디어문화.pdf,ok
CHI4052,중국어의사소통연습,H0002809,중어중문학과,중어중문학(학부/서울),2008/1 ~ 2016/1,2012,1,2016,1,24,5,1,outputs/pdfs_full/중어중문학과__CHI4052__중국어의사소통연습.pdf,ok
CHI4053,시사중국어듣기연습,H0002809,중어중문학과,중어중문학(학부/서울),2008/1 ~ 2018/2,2012,2,2018,2,28,5,1,outputs/pdfs_full/중어중문학과__CHI4053__시사중국어듣기연습.pdf,ok
CHI4054,중한대조와전환,H0002940,중국어커뮤니케이션전공,중국어커뮤니케이션전공,2007/1 ~ 2016/2,2014,1,2018,1,17,5,1,outputs/pdfs_full/중국어커뮤니케이션전공__CHI4054__중한대조와전환.pdf,ok
CHI4056,중국전문가캡스톤디자인,H0002809,중어중문학과,중어중문학(학부/서울),2012/1 ~ 2016/1,2012,1,2012,1,2,1,1,outputs/pdfs_full/중어중문학과__CHI4056__중국전문가캡스톤디자인.pdf,ok
CHI4058,한중언어비교와브랜드네이밍,H0002809,중어중문학과,중어중문학(학부/서울),2016/1 ~ 2030/2,2022,2,2025,2,10,4,1,outputs/pdfs_full/중어중문학과__CHI4058__한중언어비교와브랜드네이밍.pdf,ok
CHI4059,중국의지역별상인과비즈니스문화,H0002809,중어중문학과,중어중문학(학부/서울),2016/2 ~ 2022/2,2018,1,2022,1,18,5,1,outputs/pdfs_full/중어중문학과__CHI4059__중국의지역별상인과비즈니스문화.pdf,ok
CHI4060,중국마케팅론,H0002809,중어중문학과,중어중문학(학부/서울),2016/2 ~ 2022/2,2018,1,2022,1,31,5,1,outputs/pdfs_full/중어중문학과__CHI4060__중국마케팅론.pdf,ok
CHI4062,중국도시발전과지역문화의이해,H0002809,중어중문학과,중어중문학(학부/서울),2016/2 ~ 2030/2,2021,2,2025,2,9,4,1,outputs/pdfs_full/중어중문학과__CHI4062__중국도시발전과지역문화의이해.pdf,ok
CHI4064,중국비즈니스및창업캡스톤디자인,H0002809,중어중문학과,중어중문학(학부/서울),2016/2 ~ 2022/2,2016,2,2017,2,8,2,1,outputs/pdfs_full/중어중문학과__CHI4064__중국비즈니스및창업캡스톤디자인.pdf,ok
CHI4066,언어데이터의정량분석,H0002809,중어중문학과,중어중문학(학부/서울),2026/1 ~ 2029/2,,,,,0,0,1,outputs/pdfs_full/중어중문학과__CHI4066__언어데이터의정량분석.pdf,not_found
CHI4069,중국미디어문화의이해,H0002809,중어중문학과,중어중문학(학부/서울),2026/1 ~ 2029/2,,,,,0,0,1,outputs/pdfs_full/중어중문학과__CHI4069__중국미디어문화의이해.pdf,not_found
CHM1002,일반화학및실험2,H0002521,건축공학부,건축공학부(학부/서울),2005/1 ~ 2027/2,2022,2,2025,2,32,4,9,outputs/pdfs_full/건축공학부__CHM1002__일반화학및실험2.pdf,ok
CHM1003,일반화학,H0002599,의예과,의예과(학부/서울),2005/1 ~ 2027/2,2022,1,2026,1,26,5,1,outputs/pdfs_full/의예과__CHM1003__일반화학.pdf,ok
CHM1005,일반화학및실험1,H0002521,건축공학부,건축공학부(학부/서울),2005/1 ~ 2027/2,2024,2,2026,1,28,4,12,outputs/pdfs_full/건축공학부__CHM1005__일반화학및실험1.pdf,ok
CHM1053,화학생물학,H0003562,화학과,화학과,2013/1 ~ 2015/2,2013,1,2015,1,19,3,1,outputs/pdfs_full/화학과__CHM1053__화학생물학.pdf,ok
CHM1055,일반화학및실험Ⅰ,H0003561,물리학과,물리학과,2016/1 ~ 2027/2,2022,1,2026,1,35,5,2,outputs/pdfs_full/물리학과__CHM1055__일반화학및실험I.pdf,ok
CHM1056,일반화학및실험Ⅱ,H0003561,물리학과,물리학과,2020/1 ~ 2025/2,2022,2,2025,2,28,4,2,outputs/pdfs_full/물리학과__CHM1056__일반화학및실험II.pdf,ok
CHM2001,물리화학1,H0002599,의예과,의예과(학부/서울),1994/1 ~ 1997/2,2022,1,2026,1,36,5,3,outputs/pdfs_full/의예과__CHM2001__물리화학1.pdf,ok
CHM2002,물리화학2,H0002599,의예과,의예과(학부/서울),1994/1 ~ 1997/2,2022,2,2025,2,25,4,3,outputs/pdfs_full/의예과__CHM2002__물리화학2.pdf,ok
CHM2003,유기화학1,H0002599,의예과,의예과(학부/서울),1990/1 ~ 2005/2,2022,1,2026,1,37,5,3,outputs/pdfs_full/의예과__CHM2003__유기화학1.pdf,ok
CHM2004,유기화학2,H0002599,의예과,의예과(학부/서울),1990/1 ~ 2005/2,2022,2,2025,2,28,4,3,outputs/pdfs_full/의예과__CHM2004__유기화학2.pdf,ok
CHM2005,물리화학실험1,H0003562,화학과,화학과,2014/1 ~ 2028/2,2022,2,2025,2,18,4,1,outputs/pdfs_full/화학과__CHM2005__물리화학실험1.pdf,ok
CHM2011,분석화학,H0003562,화학과,화학과,2014/1 ~ 2028/2,2022,1,2026,1,34,5,1,outputs/pdfs_full/화학과__CHM2011__분석화학.pdf,ok
CHM2013,유기화학실험1,H0002599,의예과,의예과(학부/서울),1990/1 ~ 1997/2,2022,1,2026,1,24,5,3,outputs/pdfs_full/의예과__CHM2013__유기화학실험1.pdf,ok
CHM2014,유기화학실험2,H0002599,의예과,의예과(학부/서울),1990/1 ~ 1997/2,2022,2,2025,2,22,4,3,outputs/pdfs_full/의예과__CHM2014__유기화학실험2.pdf,ok
CHM2023,분석화학실험,H0003562,화학과,화학과,2014/1 ~ 2028/2,2022,1,2026,1,24,5,1,outputs/pdfs_full/화학과__CHM2023__분석화학실험.pdf,ok
CHM2066,분자생화학,H0003562,화학과,화학과,2014/1 ~ 2016/2,2010,2,2013,2,28,4,1,outputs/pdfs_full/화학과__CHM2066__분자생화학.pdf,ok
CHM2067,기본생화학,H0003562,화학과,화학과,2014/1 ~ 2016/2,2012,1,2016,1,31,5,1,outputs/pdfs_full/화학과__CHM2067__기본생화학.pdf,ok
CHM2068,기초화학수학,H0003562,화학과,화학과,2014/1 ~ 2027/2,2022,2,2025,2,28,4,1,outputs/pdfs_full/화학과__CHM2068__기초화학수학.pdf,ok
CHM3001,무기화학1,H0003562,화학과,화학과,2015/1 ~ 2029/2,2022,1,2026,1,34,5,1,outputs/pdfs_full/화학과__CHM3001__무기화학1.pdf,ok
CHM3002,무기화학2,H0003562,화학과,화학과,2015/1 ~ 2029/2,2022,2,2025,2,24,4,1,outputs/pdfs_full/화학과__CHM3002__무기화학2.pdf,ok
CHM3003,물리화학3,H0003562,화학과,화학과,2015/1 ~ 2029/2,2022,1,2026,1,28,5,1,outputs/pdfs_full/화학과__CHM3003__물리화학3.pdf,ok
CHM3004,유기화학3,H0003562,화학과,화학과,2015/1 ~ 2017/2,2013,1,2017,1,27,5,1,outputs/pdfs_full/화학과__CHM3004__유기화학3.pdf,ok
CHM3005,물리화학실험2,H0003562,화학과,화학과,2015/1 ~ 2029/2,2022,1,2026,1,17,5,1,outputs/pdfs_full/화학과__CHM3005__물리화학실험2.pdf,ok
CHM3007,고분자화학,H0003562,화학과,화학과,2015/1 ~ 2029/2,2022,1,2026,1,37,5,1,outputs/pdfs_full/화학과__CHM3007__고분자화학.pdf,ok
CHM3015,유기구조론,H0003562,화학과,화학과,2019/1 ~ 2030/2,2019,1,2024,1,26,5,1,outputs/pdfs_full/화학과__CHM3015__유기구조론.pdf,ok
CHM3018,분석화학특강,H0003562,화학과,화학과,2019/1 ~ 2030/2,2022,2,2025,2,19,4,1,outputs/pdfs_full/화학과__CHM3018__분석화학특강.pdf,ok
CHM3019,반응속도론,H0003562,화학과,화학과,2016/1 ~ 2021/2,2018,1,2021,2,26,5,1,outputs/pdfs_full/화학과__CHM3019__반응속도론.pdf,ok
CHM3020,물리화학특강,H0003562,화학과,화학과,2016/1 ~ 2018/2,2013,1,2018,2,25,5,1,outputs/pdfs_full/화학과__CHM3020__물리화학특강.pdf,ok
CHM3027,입체유기화학,H0003562,화학과,화학과,2015/1 ~ 2017/2,2009,1,2015,1,27,5,1,outputs/pdfs_full/화학과__CHM3027__입체유기화학.pdf,ok
CHM3030,표면화학,H0003562,화학과,화학과,2016/1 ~ 2030/2,2022,1,2026,1,29,5,1,outputs/pdfs_full/화학과__CHM3030__표면화학.pdf,ok
CHM3035,기기분석1,H0003562,화학과,화학과,2014/1 ~ 2016/2,2012,2,2016,2,32,5,1,outputs/pdfs_full/화학과__CHM3035__기기분석1.pdf,ok
CHM3036,기기분석2,H0003562,화학과,화학과,2015/1 ~ 2017/2,2013,1,2017,1,28,5,1,outputs/pdfs_full/화학과__CHM3036__기기분석2.pdf,ok
CHM3062,유기반응,H0003562,화학과,화학과,2016/1 ~ 2029/2,2022,1,2026,1,27,5,1,outputs/pdfs_full/화학과__CHM3062__유기반응.pdf,ok
CHM3064,유기합성론,H0003562,화학과,화학과,2015/1 ~ 2029/2,2021,2,2025,2,24,4,1,outputs/pdfs_full/화학과__CHM3064__유기합성론.pdf,ok
CHM3077,기초생화학실험,H0003562,화학과,화학과,2015/1 ~ 2017/2,2013,2,2017,1,20,5,1,outputs/pdfs_full/화학과__CHM3077__기초생화학실험.pdf,ok
CHM4001,기기분석,H0003562,화학과,화학과,2017/1 ~ 2028/2,2024,1,2025,2,23,4,1,outputs/pdfs_full/화학과__CHM4001__기기분석.pdf,ok
CHM4003,무기화학실험,H0003562,화학과,화학과,2015/1 ~ 2029/2,2022,2,2025,2,11,4,1,outputs/pdfs_full/화학과__CHM4003__무기화학실험.pdf,ok
CHM4006,생화학,H0002567,생체공학전공,생체공학전공(학부/서울),2011/1 ~ 2017/2,2014,2,2026,1,15,5,4,outputs/pdfs_full/생체공학전공__CHM4006__생화학.pdf,ok
CHM4007,양자화학,H0003562,화학과,화학과,2015/1 ~ 2029/2,2022,2,2025,2,23,4,1,outputs/pdfs_full/화학과__CHM4007__양자화학.pdf,ok
CHM4010,화학열역학,H0003562,화학과,화학과,2014/1 ~ 2029/2,2021,1,2026,1,25,5,1,outputs/pdfs_full/화학과__CHM4010__화학열역학.pdf,ok
CHM4011,고체화학,H0003562,화학과,화학과,2016/1 ~ 2018/2,2013,1,2018,1,24,5,1,outputs/pdfs_full/화학과__CHM4011__고체화학.pdf,ok
CHM4020,유기화학특강,H0003562,화학과,화학과,2016/1 ~ 2030/2,2021,2,2025,2,19,4,1,outputs/pdfs_full/화학과__CHM4020__유기화학특강.pdf,ok
CHM4021,무기화학특강,H0003562,화학과,화학과,2019/1 ~ 2030/2,2022,1,2026,1,26,5,1,outputs/pdfs_full/화학과__CHM4021__무기화학특강.pdf,ok
CHM4023,물리화학특강1,H0003562,화학과,화학과,2019/1 ~ 2030/2,2021,1,2026,1,32,5,1,outputs/pdfs_full/화학과__CHM4023__물리화학특강1.pdf,ok
CHM4024,물리화학특강2,H0003562,화학과,화학과,2019/1 ~ 2030/2,2021,2,2025,2,21,5,1,outputs/pdfs_full/화학과__CHM4024__물리화학특강2.pdf,ok
CHM4035,재료화학,H0003562,화학과,화학과,2018/1 ~ 2029/2,2022,2,2025,2,27,4,1,outputs/pdfs_full/화학과__CHM4035__재료화학.pdf,ok
CHM4037,의약화학,H0002599,의예과,의예과(학부/서울),2006/1 ~ 2028/2,2022,1,2026,1,26,5,1,outputs/pdfs_full/의예과__CHM4037__의약화학.pdf,ok
CHM4042,유기금속화학,H0003562,화학과,화학과,2016/1 ~ 2018/2,2013,2,2017,2,25,5,1,outputs/pdfs_full/화학과__CHM4042__유기금속화학.pdf,ok
CHM4051,기기분석실험,H0003562,화학과,화학과,2015/1 ~ 2029/2,2022,2,2025,2,13,4,1,outputs/pdfs_full/화학과__CHM4051__기기분석실험.pdf,ok
CHM4065,고분자응용,H0003562,화학과,화학과,2016/1 ~ 2018/2,2013,1,2017,1,24,5,1,outputs/pdfs_full/화학과__CHM4065__고분자응용.pdf,ok
CHM4075,화학특수연구1,H0003562,화학과,화학과,2016/1 ~ 2030/2,2022,1,2026,1,11,5,1,outputs/pdfs_full/화학과__CHM4075__화학특수연구1.pdf,ok
CHM4076,화학특수연구2,H0003562,화학과,화학과,2016/1 ~ 2030/2,2021,2,2025,2,10,5,1,outputs/pdfs_full/화학과__CHM4076__화학특수연구2.pdf,ok
CHM4097,고분자재료화학특강,H0003562,화학과,화학과,2016/1 ~ 2030/2,2022,2,2025,2,13,4,1,outputs/pdfs_full/화학과__CHM4097__고분자재료화학특강.pdf,ok
CHM4098,분자환경생화학,H0003562,화학과,화학과,2016/1 ~ 2018/2,2013,1,2018,1,11,3,1,outputs/pdfs_full/화학과__CHM4098__분자환경생화학.pdf,ok
CHM5001,세포생화학,H0003562,화학과,화학과,2016/1 ~ 2018/2,2014,2,2018,2,21,5,1,outputs/pdfs_full/화학과__CHM5001__세포생화학.pdf,ok
CHM5002,분자분광분석,H0003562,화학과,화학과,2015/1 ~ 2017/2,2015,2,2017,2,8,2,1,outputs/pdfs_full/화학과__CHM5002__분자분광분석.pdf,ok
CHM5005,화학과캡스톤디자인1,H0003562,화학과,화학과,2016/1 ~ 2030/2,2022,1,2026,1,11,5,1,outputs/pdfs_full/화학과__CHM5005__화학과캡스톤디자인1.pdf,ok
CHM5006,화학과캡스톤디자인2,H0003562,화학과,화학과,2016/1 ~ 2030/2,2022,2,2025,2,8,4,1,outputs/pdfs_full/화학과__CHM5006__화학과캡스톤디자인2.pdf,ok
CHM5009,재료분석,H0003562,화학과,화학과,2016/1 ~ 2018/2,,,,,0,0,1,outputs/pdfs_full/화학과__CHM5009__재료분석.pdf,not_found
CIE1005,자연환경시스템,H0002517,건설환경공학과,건설환경공학과(학부/서울),2013/1 ~ 2015/2,2013,2,2015,2,18,3,1,outputs/pdfs_full/건설환경공학과__CIE1005__자연환경시스템.pdf,ok
CIE2003,측량학및실습,H0002517,건설환경공학과,건설환경공학과(학부/서울),2010/1 ~ 2020/2,2012,1,2016,1,29,5,1,outputs/pdfs_full/건설환경공학과__CIE2003__측량학및실습.pdf,ok
CIE2007,측량학,H0002521,건축공학부,건축공학부(학부/서울),2008/1 ~ 2018/2,2009,2,2014,2,28,5,2,outputs/pdfs_full/건축공학부__CIE2007__측량학.pdf,ok
CIE2014,건설CAD및전산응용,H0002517,건설환경공학과,건설환경공학과(학부/서울),2010/1 ~ 2028/2,2022,2,2025,2,22,4,1,outputs/pdfs_full/건설환경공학과__CIE2014__건설CAD및전산응용.pdf,ok
CIE2015,지형공간정보학,H0002517,건설환경공학과,건설환경공학과(학부/서울),2010/1 ~ 2016/2,2010,2,2014,2,30,5,1,outputs/pdfs_full/건설환경공학과__CIE2015__지형공간정보학.pdf,ok
CIE2066,프리스트레스트콘크리트구조설계,H0002517,건설환경공학과,건설환경공학과(학부/서울),2012/1 ~ 2029/2,2022,2,2025,2,18,4,1,outputs/pdfs_full/건설환경공학과__CIE2066__프리스트레스트콘크리트구조설계.pdf,ok
CIE2067,고체재료역학및실험,H0002517,건설환경공학과,건설환경공학과(학부/서울),2014/1 ~ 2028/2,2022,2,2025,2,24,4,1,outputs/pdfs_full/건설환경공학과__CIE2067__고체재료역학및실험.pdf,ok
CIE2068,고체응용역학,H0002517,건설환경공학과,건설환경공학과(학부/서울),2014/1 ~ 2016/2,2014,2,2016,2,18,3,1,outputs/pdfs_full/건설환경공학과__CIE2068__고체응용역학.pdf,ok
CIE2070,환경계측및처리기술,H0002517,건설환경공학과,건설환경공학과(학부/서울),2014/2 ~ 2022/2,2014,2,2021,1,19,3,1,outputs/pdfs_full/건설환경공학과__CIE2070__환경계측및처리기술.pdf,ok
CIE2071,건설공간정보학및실습,H0002517,건설환경공학과,건설환경공학과(학부/서울),2017/1 ~ 2028/2,2022,1,2026,1,33,5,1,outputs/pdfs_full/건설환경공학과__CIE2071__건설공간정보학및실습.pdf,ok
CIE3007,수문학,H0002517,건설환경공학과,건설환경공학과(학부/서울),2011/1 ~ 2029/2,2022,2,2025,2,29,4,1,outputs/pdfs_full/건설환경공학과__CIE3007__수문학.pdf,ok
CIE3008,토질역학및실험,H0002517,건설환경공학과,건설환경공학과(학부/서울),2011/1 ~ 2029/2,2022,1,2026,1,32,5,1,outputs/pdfs_full/건설환경공학과__CIE3008__토질역학및실험.pdf,ok
CIE3009,철도공학,H0002517,건설환경공학과,건설환경공학과(학부/서울),2012/1 ~ 2018/2,,,,,0,0,1,outputs/pdfs_full/건설환경공학과__CIE3009__철도공학.pdf,not_found
CIE3011,콘크리트공학및실험,H0002517,건설환경공학과,건설환경공학과(학부/서울),2010/1 ~ 2028/2,2022,1,2026,1,25,5,1,outputs/pdfs_full/건설환경공학과__CIE3011__콘크리트공학및실험.pdf,ok
CIE3020,수환경공학,H0002517,건설환경공학과,건설환경공학과(학부/서울),2010/1 ~ 2028/2,2022,1,2025,2,25,4,1,outputs/pdfs_full/건설환경공학과__CIE3020__수환경공학.pdf,ok
CIE3021,철근콘크리트공학,H0002517,건설환경공학과,건설환경공학과(학부/서울),2011/1 ~ 2029/2,2022,1,2026,1,29,5,1,outputs/pdfs_full/건설환경공학과__CIE3021__철근콘크리트공학.pdf,ok
CIE3022,철근콘크리트구조설계,H0002517,건설환경공학과,건설환경공학과(학부/서울),2011/1 ~ 2017/2,2011,2,2016,2,18,4,1,outputs/pdfs_full/건설환경공학과__CIE3022__철근콘크리트구조설계.pdf,ok
CIE3032,지반공학및실험,H0002517,건설환경공학과,건설환경공학과(학부/서울),2011/1 ~ 2029/2,2021,2,2024,2,23,4,1,outputs/pdfs_full/건설환경공학과__CIE3032__지반공학및실험.pdf,ok
CIE3033,건설경제학,H0002517,건설환경공학과,건설환경공학과(학부/서울),2011/1 ~ 2017/2,2013,2,2017,2,28,5,1,outputs/pdfs_full/건설환경공학과__CIE3033__건설경제학.pdf,ok
CIE3055,도로공학,H0002517,건설환경공학과,건설환경공학과(학부/서울),2011/1 ~ 2017/2,2011,2,2012,2,12,2,1,outputs/pdfs_full/건설환경공학과__CIE3055__도로공학.pdf,ok
CIE3069,철근콘크리트구조1,H0002521,건축공학부,건축공학부(학부/서울),2007/1 ~ 2029/2,2022,1,2026,1,30,5,1,outputs/pdfs_full/건축공학부__CIE3069__철근콘크리트구조1.pdf,ok
CIE3070,철근콘크리트구조2,H0002521,건축공학부,건축공학부(학부/서울),2007/1 ~ 2029/2,2022,2,2025,2,19,4,1,outputs/pdfs_full/건축공학부__CIE3070__철근콘크리트구조2.pdf,ok
CIE3073,환경화학및실험,H0002517,건설환경공학과,건설환경공학과(학부/서울),2015/1 ~ 2020/2,2017,1,2020,2,30,5,1,outputs/pdfs_full/건설환경공학과__CIE3073__환경화학및실험.pdf,ok
CIE3074,생태하천공학,H0002517,건설환경공학과,건설환경공학과(학부/서울),2015/1 ~ 2017/2,,,,,0,0,1,outputs/pdfs_full/건설환경공학과__CIE3074__생태하천공학.pdf,not_found
CIE3075,전산구조동역학,H0002517,건설환경공학과,건설환경공학과(학부/서울),2018/1 ~ 2029/2,2022,2,2025,2,15,4,1,outputs/pdfs_full/건설환경공학과__CIE3075__전산구조동역학.pdf,ok
CIE3076,환경공정,H0002517,건설환경공학과,건설환경공학과(학부/서울),2018/1 ~ 2029/2,2022,2,2025,2,16,4,1,outputs/pdfs_full/건설환경공학과__CIE3076__환경공정.pdf,ok
CIE3078,대기공학,H0002517,건설환경공학과,건설환경공학과(학부/서울),2022/1 ~ 2029/2,2022,2,2023,2,9,2,1,outputs/pdfs_full/건설환경공학과__CIE3078__대기공학.pdf,ok
CIE4009,기초공학,H0002517,건설환경공학과,건설환경공학과(학부/서울),2012/1 ~ 2030/2,2022,1,2026,1,25,5,1,outputs/pdfs_full/건설환경공학과__CIE4009__기초공학.pdf,ok
CIE4011,수리학및실험,H0002517,건설환경공학과,건설환경공학과(학부/서울),2011/1 ~ 2029/2,2022,1,2026,1,34,5,1,outputs/pdfs_full/건설환경공학과__CIE4011__수리학및실험.pdf,ok
CIE4032,건설관리,H0002517,건설환경공학과,건설환경공학과(학부/서울),2019/1 ~ 2022/2,2019,1,2022,1,17,4,1,outputs/pdfs_full/건설환경공학과__CIE4032__건설관리.pdf,ok
CIE4034,수자원및하천공학,H0002517,건설환경공학과,건설환경공학과(학부/서울),2012/1 ~ 2030/2,2021,2,2026,1,16,5,1,outputs/pdfs_full/건설환경공학과__CIE4034__수자원및하천공학.pdf,ok
CIE4044,강구조설계,H0002517,건설환경공학과,건설환경공학과(학부/서울),2012/1 ~ 2030/2,2022,1,2026,1,19,5,1,outputs/pdfs_full/건설환경공학과__CIE4044__강구조설계.pdf,ok
CIE4045,디지털건설,H0002517,건설환경공학과,건설환경공학과(학부/서울),2012/1 ~ 2030/2,2018,1,2026,1,21,5,1,outputs/pdfs_full/건설환경공학과__CIE4045__디지털건설.pdf,ok
CIE4047,수공구조물설계,H0002517,건설환경공학과,건설환경공학과(학부/서울),2012/1 ~ 2030/2,2020,1,2024,2,20,5,1,outputs/pdfs_full/건설환경공학과__CIE4047__수공구조물설계.pdf,ok
CIE4058,구조동역학,H0002517,건설환경공학과,건설환경공학과(학부/서울),2011/1 ~ 2017/2,2013,2,2017,2,28,5,1,outputs/pdfs_full/건설환경공학과__CIE4058__구조동역학.pdf,ok
CIE4062,환경정화공학,H0002517,건설환경공학과,건설환경공학과(학부/서울),2012/1 ~ 2030/2,2021,1,2026,1,12,5,1,outputs/pdfs_full/건설환경공학과__CIE4062__환경정화공학.pdf,ok
CIE4065,"4차산업혁명스마트도시,건축,환경,건설공학",H0002517,건설환경공학과,건설환경공학과(학부/서울),2012/1 ~ 2021/2,2016,2,2021,2,24,5,1,"outputs/pdfs_full/건설환경공학과__CIE4065__4차산업혁명스마트도시,건축,환경,건설공학.pdf",ok
CIE4067,건설환경공학종합설계1,H0002517,건설환경공학과,건설환경공학과(학부/서울),2012/1 ~ 2030/2,2022,1,2026,1,10,5,1,outputs/pdfs_full/건설환경공학과__CIE4067__건설환경공학종합설계1.pdf,ok
CIE4068,건설환경공학종합설계2,H0002517,건설환경공학과,건설환경공학과(학부/서울),2012/1 ~ 2030/2,2022,2,2025,2,5,4,1,outputs/pdfs_full/건설환경공학과__CIE4068__건설환경공학종합설계2.pdf,ok
CIE4075,수처리공학,H0002517,건설환경공학과,건설환경공학과(학부/서울),2016/1 ~ 2018/2,2017,1,2018,1,9,2,1,outputs/pdfs_full/건설환경공학과__CIE4075__수처리공학.pdf,ok
CIE4076,구조물유지관리시스템공학,H0002517,건설환경공학과,건설환경공학과(학부/서울),2016/1 ~ 2018/2,2017,2,2018,2,8,2,1,outputs/pdfs_full/건설환경공학과__CIE4076__구조물유지관리시스템공학.pdf,ok
CIE4077,수자원시스템공학,H0002517,건설환경공학과,건설환경공학과(학부/서울),2016/1 ~ 2018/2,2016,2,2018,2,12,2,1,outputs/pdfs_full/건설환경공학과__CIE4077__수자원시스템공학.pdf,ok
CIE4078,지반시스템설계,H0002517,건설환경공학과,건설환경공학과(학부/서울),2016/1 ~ 2018/2,,,,,0,0,1,outputs/pdfs_full/건설환경공학과__CIE4078__지반시스템설계.pdf,not_found
CIE4079,대기오염관리,H0002517,건설환경공학과,건설환경공학과(학부/서울),2015/1 ~ 2029/2,2015,1,2021,2,28,5,1,outputs/pdfs_full/건설환경공학과__CIE4079__대기오염관리.pdf,ok
CIE4081,건설정보모델링,H0002517,건설환경공학과,건설환경공학과(학부/서울),2019/1 ~ 2030/2,2022,2,2025,2,20,4,1,outputs/pdfs_full/건설환경공학과__CIE4081__건설정보모델링.pdf,ok
CIE4086,수처리시스템공학,H0002517,건설환경공학과,건설환경공학과(학부/서울),2023/1 ~ 2030/2,2023,2,2025,2,13,3,1,outputs/pdfs_full/건설환경공학과__CIE4086__수처리시스템공학.pdf,ok
CIE4087,유한요소법의기초,H0002517,건설환경공학과,건설환경공학과(학부/서울),2023/1 ~ 2030/2,2025,2,2025,2,6,1,1,outputs/pdfs_full/건설환경공학과__CIE4087__유한요소법의기초.pdf,ok
CIE4089,건설AI및로봇,H0002517,건설환경공학과,건설환경공학과(학부/서울),2025/1 ~ 2029/2,2025,2,2025,2,5,1,1,outputs/pdfs_full/건설환경공학과__CIE4089__건설AI및로봇.pdf,ok
CIN4005,최적화이론,H0005006,한양인터칼리지학부,한양인터칼리지학부,2027/1 ~ 2029/2,,,,,0,0,2,outputs/pdfs_full/한양인터칼리지학부__CIN4005__최적화이론.pdf,not_found
CLS1001,인문클래식:마음의이해,H0002936,STS(과학기술학)전공,STS(과학기술학)전공,2019/1 ~ 2022/2,2019,1,2024,1,13,5,2,outputs/pdfs_full/STS(과학기술학)전공__CLS1001__인문클래식_마음의이해.pdf,ok
CLS1002,인문클래식:인간과가족,H0003886,고전읽기융합전공,고전읽기융합전공,2015/1 ~ 2026/1,2024,2,2026,1,18,4,2,outputs/pdfs_full/고전읽기융합전공__CLS1002__인문클래식_인간과가족.pdf,ok
CLS1003,사회클래식:국가발전의원리,H0003886,고전읽기융합전공,고전읽기융합전공,2015/1 ~ 2026/1,2018,1,2023,1,25,5,2,outputs/pdfs_full/고전읽기융합전공__CLS1003__사회클래식_국가발전의원리.pdf,ok
CLS1004,과학클래식:과학기술의문화사,H0002936,STS(과학기술학)전공,STS(과학기술학)전공,2018/1 ~ 2021/2,2024,2,2026,1,19,4,2,outputs/pdfs_full/STS(과학기술학)전공__CLS1004__과학클래식_과학기술의문화사.pdf,ok
CLS1005,"예술클래식:일상과예술,그리고상상력",H0003886,고전읽기융합전공,고전읽기융합전공,2015/1 ~ 2026/1,2024,2,2026,1,23,4,2,"outputs/pdfs_full/고전읽기융합전공__CLS1005__예술클래식_일상과예술,그리고상상력.pdf",ok
CLS1006,예술클래식:천재와광기,H0003886,고전읽기융합전공,고전읽기융합전공,2015/1 ~ 2026/1,2024,2,2026,1,16,4,2,outputs/pdfs_full/고전읽기융합전공__CLS1006__예술클래식_천재와광기.pdf,ok
CLS1007,인문클래식BL:삼국지와인간,H0003886,고전읽기융합전공,고전읽기융합전공,2015/1 ~ 2026/1,2024,2,2026,1,24,4,2,outputs/pdfs_full/고전읽기융합전공__CLS1007__인문클래식BL_삼국지와인간.pdf,ok
CLS1008,인문클래식BL:언어의비밀,H0003886,고전읽기융합전공,고전읽기융합전공,2015/1 ~ 2026/1,2024,2,2026,1,16,4,2,outputs/pdfs_full/고전읽기융합전공__CLS1008__인문클래식BL_언어의비밀.pdf,ok
CLS1009,사회클래식BL:사랑의역사와문화정치학,H0003886,고전읽기융합전공,고전읽기융합전공,2015/1 ~ 2026/1,2024,2,2026,1,22,4,2,outputs/pdfs_full/고전읽기융합전공__CLS1009__사회클래식BL_사랑의역사와문화정치학.pdf,ok
CLS1010,사회클래식BL:성과인간의대화,H0003886,고전읽기융합전공,고전읽기융합전공,2015/1 ~ 2026/1,2024,2,2026,1,18,4,2,outputs/pdfs_full/고전읽기융합전공__CLS1010__사회클래식BL_성과인간의대화.pdf,ok
CLS1011,예술클래식BL:신화로읽는동화,H0003886,고전읽기융합전공,고전읽기융합전공,2015/1 ~ 2026/1,2024,2,2026,1,27,4,2,outputs/pdfs_full/고전읽기융합전공__CLS1011__예술클래식BL_신화로읽는동화.pdf,ok
CLS1012,예술클래식BL:대중예술속그리스신화,H0003886,고전읽기융합전공,고전읽기융합전공,2015/1 ~ 2026/1,2015,2,2017,2,14,5,2,outputs/pdfs_full/고전읽기융합전공__CLS1012__예술클래식BL_대중예술속그리스신화.pdf,ok
CLS1013,인문클래식:독서의기술,H0003886,고전읽기융합전공,고전읽기융합전공,2015/1 ~ 2026/1,2024,2,2026,1,13,4,2,outputs/pdfs_full/고전읽기융합전공__CLS1013__인문클래식_독서의기술.pdf,ok
CLS1014,사회클래식:미디어와인간의확장,H0003886,고전읽기융합전공,고전읽기융합전공,2015/1 ~ 2026/1,2015,2,2015,2,4,1,2,outputs/pdfs_full/고전읽기융합전공__CLS1014__사회클래식_미디어와인간의확장.pdf,ok
CLS1015,사회클래식:자서전의힘,H0003886,고전읽기융합전공,고전읽기융합전공,2015/1 ~ 2026/1,2024,2,2026,1,22,4,2,outputs/pdfs_full/고전읽기융합전공__CLS1015__사회클래식_자서전의힘.pdf,ok
CLS1016,과학클래식:화학의변명,H0002936,STS(과학기술학)전공,STS(과학기술학)전공,2017/1 ~ 2020/2,2023,2,2026,1,9,4,2,outputs/pdfs_full/STS(과학기술학)전공__CLS1016__과학클래식_화학의변명.pdf,ok
CLS1017,과학클래식:과학과종교,H0002936,STS(과학기술학)전공,STS(과학기술학)전공,2018/1 ~ 2021/2,2015,2,2019,2,12,3,2,outputs/pdfs_full/STS(과학기술학)전공__CLS1017__과학클래식_과학과종교.pdf,ok
CLS1018,예술클래식:건축과미술,H0003886,고전읽기융합전공,고전읽기융합전공,2015/1 ~ 2026/1,2015,2,2018,2,16,3,2,outputs/pdfs_full/고전읽기융합전공__CLS1018__예술클래식_건축과미술.pdf,ok
CLS1019,과학클래식:과학과 상상의 인간,H0003886,고전읽기융합전공,고전읽기융합전공,2015/2 ~ 2026/1,2024,2,2026,1,14,4,2,outputs/pdfs_full/고전읽기융합전공__CLS1019__과학클래식_과학과_상상의_인간.pdf,ok
CLS1020,과학클래식:과학에게정의를묻다,H0003886,고전읽기융합전공,고전읽기융합전공,2016/1 ~ 2026/1,2024,2,2026,1,15,4,2,outputs/pdfs_full/고전읽기융합전공__CLS1020__과학클래식_과학에게정의를묻다.pdf,ok
CLS1021,과학클래식:과학의풍경들,H0003886,고전읽기융합전공,고전읽기융합전공,2016/1 ~ 2026/1,2022,1,2026,1,17,5,2,outputs/pdfs_full/고전읽기융합전공__CLS1021__과학클래식_과학의풍경들.pdf,ok
CLS1022,과학클래식:생명과문명의융합적세계관을향하여,H0003886,고전읽기융합전공,고전읽기융합전공,2017/2 ~ 2026/1,2024,2,2026,1,8,4,2,outputs/pdfs_full/고전읽기융합전공__CLS1022__과학클래식_생명과문명의융합적세계관을향하여.pdf,ok
CLS1023,인문클래식:문학으로읽는음식과인간,H0003886,고전읽기융합전공,고전읽기융합전공,2018/1 ~ 2029/2,2024,2,2026,1,17,4,2,outputs/pdfs_full/고전읽기융합전공__CLS1023__인문클래식_문학으로읽는음식과인간.pdf,ok
CLS1024,사회클래식:상상의낙원유토피아,H0003886,고전읽기융합전공,고전읽기융합전공,2018/1 ~ 2026/1,2024,2,2026,1,21,4,2,outputs/pdfs_full/고전읽기융합전공__CLS1024__사회클래식_상상의낙원유토피아.pdf,ok
CLS1025,예술클래식:도시와문학,H0003886,고전읽기융합전공,고전읽기융합전공,2018/1 ~ 2026/1,2024,2,2026,1,18,4,2,outputs/pdfs_full/고전읽기융합전공__CLS1025__예술클래식_도시와문학.pdf,ok
CMU1011,합창1,H0002737,성악과,성악과(학부/서울),1989/1 ~ 2027/2,2022,1,2026,1,18,5,3,outputs/pdfs_full/성악과__CMU1011__합창1.pdf,ok
CMU1012,합창2,H0002737,성악과,성악과(학부/서울),1989/1 ~ 2027/2,2022,2,2025,2,12,4,3,outputs/pdfs_full/성악과__CMU1012__합창2.pdf,ok
CMU1041,시창및청음1,H0002737,성악과,성악과(학부/서울),1989/1 ~ 2027/2,2022,1,2026,1,40,5,5,outputs/pdfs_full/성악과__CMU1041__시창및청음1.pdf,ok
CMU1042,시창및청음2,H0002737,성악과,성악과(학부/서울),1989/1 ~ 2027/2,2022,2,2025,2,32,4,5,outputs/pdfs_full/성악과__CMU1042__시창및청음2.pdf,ok
CMU2011,합창3,H0002737,성악과,성악과(학부/서울),1990/1 ~ 2028/2,2022,1,2026,1,18,5,3,outputs/pdfs_full/성악과__CMU2011__합창3.pdf,ok
CMU2012,합창4,H0002737,성악과,성악과(학부/서울),1990/1 ~ 2028/2,2022,2,2025,2,10,4,3,outputs/pdfs_full/성악과__CMU2012__합창4.pdf,ok
CMU2031,서양음악사1,H0002737,성악과,성악과(학부/서울),1989/1 ~ 2016/2,2022,1,2026,1,37,5,5,outputs/pdfs_full/성악과__CMU2031__서양음악사1.pdf,ok
CMU2032,서양음악사2,H0002737,성악과,성악과(학부/서울),1989/1 ~ 2016/2,2022,2,2025,2,26,4,5,outputs/pdfs_full/성악과__CMU2032__서양음악사2.pdf,ok
CMU2041,시창및청음3,H0002737,성악과,성악과(학부/서울),1990/1 ~ 2028/2,2022,1,2026,1,39,5,5,outputs/pdfs_full/성악과__CMU2041__시창및청음3.pdf,ok
CMU2042,시창및청음4,H0002737,성악과,성악과(학부/서울),1990/1 ~ 2028/2,2022,2,2025,2,32,4,5,outputs/pdfs_full/성악과__CMU2042__시창및청음4.pdf,ok
CMU3003,전공쏠페지오1,H0002737,성악과,성악과(학부/서울),1991/1 ~ 2029/2,2022,1,2026,1,28,5,4,outputs/pdfs_full/성악과__CMU3003__전공쏠페지오1.pdf,ok
CMU3004,전공쏠페지오2,H0002737,성악과,성악과(학부/서울),1991/1 ~ 2029/2,2022,2,2025,2,19,4,4,outputs/pdfs_full/성악과__CMU3004__전공쏠페지오2.pdf,ok
CMU3007,연주매체특강B,H0002738,작곡과,작곡과(학부/서울),2003/1 ~ 2029/2,2022,1,2026,1,21,5,1,outputs/pdfs_full/작곡과__CMU3007__연주매체특강B.pdf,ok
CMU3011,합창5,H0002737,성악과,성악과(학부/서울),1991/1 ~ 2029/2,2022,1,2026,1,17,5,2,outputs/pdfs_full/성악과__CMU3011__합창5.pdf,ok
CMU3012,합창6,H0002737,성악과,성악과(학부/서울),1991/1 ~ 2029/2,2022,2,2025,2,8,4,2,outputs/pdfs_full/성악과__CMU3012__합창6.pdf,ok
CMU3031,서양음악사3,H0002737,성악과,성악과(학부/서울),1990/1 ~ 2017/2,2022,1,2026,1,21,5,5,outputs/pdfs_full/성악과__CMU3031__서양음악사3.pdf,ok
CMU3032,서양음악사4,H0002737,성악과,성악과(학부/서울),1990/1 ~ 2017/2,2022,2,2025,2,20,4,5,outputs/pdfs_full/성악과__CMU3032__서양음악사4.pdf,ok
CMU4011,합창7,H0002737,성악과,성악과(학부/서울),2010/1 ~ 2018/2,2011,1,2012,1,5,2,1,outputs/pdfs_full/성악과__CMU4011__합창7.pdf,ok
CMU4012,합창8,H0002737,성악과,성악과(학부/서울),2010/1 ~ 2018/2,2010,2,2012,2,3,3,1,outputs/pdfs_full/성악과__CMU4012__합창8.pdf,ok
CMU4053,전공쏠페지오3,H0002737,성악과,성악과(학부/서울),2012/1 ~ 2030/2,2022,1,2026,1,15,5,1,outputs/pdfs_full/성악과__CMU4053__전공쏠페지오3.pdf,ok
CMU4054,전공쏠페지오4,H0002737,성악과,성악과(학부/서울),2012/1 ~ 2030/2,2022,2,2025,2,10,4,1,outputs/pdfs_full/성악과__CMU4054__전공쏠페지오4.pdf,ok
COE1010,실용공학연구1,H0002570,도시공학과,도시공학과(학부/서울),1998/1 ~ 2025/2,2021,1,2025,1,5,5,4,outputs/pdfs_full/도시공학과__COE1010__실용공학연구1.pdf,ok
COE1011,실용공학연구2,H0002570,도시공학과,도시공학과(학부/서울),1998/1 ~ 2025/2,2021,2,2025,2,5,5,6,outputs/pdfs_full/도시공학과__COE1011__실용공학연구2.pdf,ok
COE1012,실용공학연구3,H0002570,도시공학과,도시공학과(학부/서울),1998/1 ~ 2026/2,2022,1,2026,1,5,5,5,outputs/pdfs_full/도시공학과__COE1012__실용공학연구3.pdf,ok
COE1013,실용공학연구4,H0002570,도시공학과,도시공학과(학부/서울),1998/1 ~ 2000/2,2021,2,2025,2,4,4,5,outputs/pdfs_full/도시공학과__COE1013__실용공학연구4.pdf,ok
COE1014,실용공학연구5,H0002570,도시공학과,도시공학과(학부/서울),1998/1 ~ 2001/2,2003,1,2007,1,5,5,2,outputs/pdfs_full/도시공학과__COE1014__실용공학연구5.pdf,ok
COE1015,실용공학연구6,H0002570,도시공학과,도시공학과(학부/서울),1998/1 ~ 2001/2,2003,2,2012,2,5,5,2,outputs/pdfs_full/도시공학과__COE1015__실용공학연구6.pdf,ok
COE2003,정역학,H0002521,건축공학부,건축공학부(학부/서울),2006/1 ~ 2009/2,2022,2,2025,2,31,4,3,outputs/pdfs_full/건축공학부__COE2003__정역학.pdf,ok
COE2004,동역학,H0002521,건축공학부,건축공학부(학부/서울),2006/1 ~ 2009/2,2024,2,2026,1,30,4,3,outputs/pdfs_full/건축공학부__COE2004__동역학.pdf,ok
COE2022,공학입문설계,H0002517,건설환경공학과,건설환경공학과(학부/서울),2010/1 ~ 2027/2,2024,2,2026,1,15,4,11,outputs/pdfs_full/건설환경공학과__COE2022__공학입문설계.pdf,ok
COE2051,공업역학,H0002517,건설환경공학과,건설환경공학과(학부/서울),2009/1 ~ 2028/2,2022,1,2026,1,32,5,1,outputs/pdfs_full/건설환경공학과__COE2051__공업역학.pdf,ok
COE3001,공업수학,H0002570,도시공학과,도시공학과(학부/서울),1991/1 ~ 1994/2,2012,2,2016,2,31,5,2,outputs/pdfs_full/도시공학과__COE3001__공업수학.pdf,ok
COE3003,응용통계학,H0002256,서울 대학,대학(학부/서울),1993/1 ~ 1996/2,2022,2,2025,2,28,4,1,outputs/pdfs_seoul_university/서울_대학__COE3003__응용통계학.pdf,ok
COE3051,공업수학1,H0002521,건축공학부,건축공학부(학부/서울),2006/1 ~ 2028/2,2022,1,2026,1,40,5,17,outputs/pdfs_full/건축공학부__COE3051__공업수학1.pdf,ok
COE3052,공업수학2,H0002521,건축공학부,건축공학부(학부/서울),2010/1 ~ 2011/2,2022,2,2025,2,31,4,10,outputs/pdfs_full/건축공학부__COE3052__공업수학2.pdf,ok
COE3053,공업수학3,H0002517,건설환경공학과,건설환경공학과(학부/서울),2011/1 ~ 2017/2,2022,1,2026,1,40,5,4,outputs/pdfs_full/건설환경공학과__COE3053__공업수학3.pdf,ok
COM2018,객체지향프로그래밍,H0002575,융합전자공학부,융합전자공학부,2014/1 ~ 2028/2,2024,1,2025,2,26,4,3,outputs/pdfs_full/융합전자공학부__COM2018__객체지향프로그래밍.pdf,ok
COP1006,화성학1,H0002737,성악과,성악과(학부/서울),1989/1 ~ 1992/2,2019,1,2023,1,22,5,4,outputs/pdfs_full/성악과__COP1006__화성학1.pdf,ok
COP1007,화성학2,H0002737,성악과,성악과(학부/서울),1989/1 ~ 1992/2,2019,2,2023,2,30,5,4,outputs/pdfs_full/성악과__COP1007__화성학2.pdf,ok
COP1012,선법대위,H0002738,작곡과,작곡과(학부/서울),2024/1 ~ 2027/2,2024,1,2026,1,18,3,1,outputs/pdfs_full/작곡과__COP1012__선법대위.pdf,ok
COP1013,음악소리의기초,H0002738,작곡과,작곡과(학부/서울),2024/1 ~ 2027/2,2024,1,2026,1,11,3,1,outputs/pdfs_full/작곡과__COP1013__음악소리의기초.pdf,ok
COP1014,후기낭만화성,H0002738,작곡과,작곡과(학부/서울),2024/1 ~ 2027/2,2024,1,2026,1,15,3,1,outputs/pdfs_full/작곡과__COP1014__후기낭만화성.pdf,ok
COP1015,푸가,H0002738,작곡과,작곡과(학부/서울),2024/1 ~ 2027/2,2024,2,2025,2,14,2,1,outputs/pdfs_full/작곡과__COP1015__푸가.pdf,ok
COP1016,악기의이론과실제,H0002738,작곡과,작곡과(학부/서울),2024/1 ~ 2027/2,2024,2,2025,2,10,2,1,outputs/pdfs_full/작곡과__COP1016__악기의이론과실제.pdf,ok
COP1017,고급화성,H0002738,작곡과,작곡과(학부/서울),2024/1 ~ 2027/2,2024,2,2025,2,11,2,1,outputs/pdfs_full/작곡과__COP1017__고급화성.pdf,ok
COP1018,현대음악감상,H0002738,작곡과,작곡과(학부/서울),2024/1 ~ 2027/2,2024,2,2025,2,8,2,1,outputs/pdfs_full/작곡과__COP1018__현대음악감상.pdf,ok
COP1051,건반화성1,H0002737,성악과,성악과(학부/서울),1990/1 ~ 2005/2,2022,1,2026,1,23,5,4,outputs/pdfs_full/성악과__COP1051__건반화성1.pdf,ok
COP1052,건반화성2,H0002737,성악과,성악과(학부/서울),1990/1 ~ 2005/2,2022,2,2025,2,21,4,4,outputs/pdfs_full/성악과__COP1052__건반화성2.pdf,ok
COP1057,음악문헌1,H0002738,작곡과,작곡과(학부/서울),1997/1 ~ 2015/2,2011,1,2015,1,24,5,1,outputs/pdfs_full/작곡과__COP1057__음악문헌1.pdf,ok
COP1058,음악문헌2,H0002738,작곡과,작곡과(학부/서울),1997/1 ~ 2015/2,2011,2,2015,2,20,5,1,outputs/pdfs_full/작곡과__COP1058__음악문헌2.pdf,ok
COP1059,작곡전공실기1,H0002738,작곡과,작곡과(학부/서울),1999/1 ~ 2027/2,2022,1,2026,1,18,5,1,outputs/pdfs_full/작곡과__COP1059__작곡전공실기1.pdf,ok
COP1060,작곡전공실기2,H0002738,작곡과,작곡과(학부/서울),1999/1 ~ 2027/2,2022,2,2025,2,14,4,2,outputs/pdfs_full/작곡과__COP1060__작곡전공실기2.pdf,ok
COP1063,음악이론1,H0002737,성악과,성악과(학부/서울),2005/1 ~ 2027/2,2022,1,2026,1,37,5,3,outputs/pdfs_full/성악과__COP1063__음악이론1.pdf,ok
COP1064,음악이론2,H0002737,성악과,성악과(학부/서울),2005/1 ~ 2027/2,2022,2,2025,2,31,4,3,outputs/pdfs_full/성악과__COP1064__음악이론2.pdf,ok
COP1065,현대음악연주1,H0002739,피아노과,피아노과(학부/서울),2008/1 ~ 2015/2,2019,1,2026,1,7,5,2,outputs/pdfs_full/피아노과__COP1065__현대음악연주1.pdf,ok
COP1066,현대음악연주2,H0002739,피아노과,피아노과(학부/서울),2008/1 ~ 2015/2,2017,2,2025,2,6,4,2,outputs/pdfs_full/피아노과__COP1066__현대음악연주2.pdf,ok
COP1067,기악실습1,H0002738,작곡과,작곡과(학부/서울),2005/1 ~ 2016/2,2012,1,2016,1,13,5,1,outputs/pdfs_full/작곡과__COP1067__기악실습1.pdf,ok
COP1068,기악실습2,H0002738,작곡과,작곡과(학부/서울),2005/1 ~ 2016/2,2012,2,2016,2,14,5,1,outputs/pdfs_full/작곡과__COP1068__기악실습2.pdf,ok
COP1069,건반화성,H0002738,작곡과,작곡과(학부/서울),2016/1 ~ 2019/2,2016,2,2019,2,17,4,1,outputs/pdfs_full/작곡과__COP1069__건반화성.pdf,ok
COP1070,미디어와음악,H0002738,작곡과,작곡과(학부/서울),2020/1 ~ 2027/2,2022,2,2025,2,16,4,1,outputs/pdfs_full/작곡과__COP1070__미디어와음악.pdf,ok
COP2001,대위법1,H0002737,성악과,성악과(학부/서울),1989/1 ~ 1996/2,2019,1,2023,1,29,5,4,outputs/pdfs_full/성악과__COP2001__대위법1.pdf,ok
COP2002,대위법2,H0002737,성악과,성악과(학부/서울),1989/1 ~ 1996/2,2019,2,2023,2,27,5,4,outputs/pdfs_full/성악과__COP2002__대위법2.pdf,ok
COP2003,악기론1,H0002737,성악과,성악과(학부/서울),1997/1 ~ 2004/2,2019,1,2023,1,25,5,4,outputs/pdfs_full/성악과__COP2003__악기론1.pdf,ok
COP2004,악기론2,H0002737,성악과,성악과(학부/서울),1997/1 ~ 2004/2,2019,2,2023,2,27,5,4,outputs/pdfs_full/성악과__COP2004__악기론2.pdf,ok
COP2011,서양음악이론1,H0002741,국악과,국악과(학부/서울),2005/1 ~ 2027/2,2022,1,2026,1,37,5,1,outputs/pdfs_full/국악과__COP2011__서양음악이론1.pdf,ok
COP2012,서양음악이론2,H0002741,국악과,국악과(학부/서울),2005/1 ~ 2027/2,2022,2,2025,2,30,4,1,outputs/pdfs_full/국악과__COP2012__서양음악이론2.pdf,ok
COP2031,음악이론특강1,H0002738,작곡과,작곡과(학부/서울),2000/1 ~ 2022/2,2012,1,2016,1,10,5,1,outputs/pdfs_full/작곡과__COP2031__음악이론특강1.pdf,ok
COP2032,음악이론특강2,H0002738,작곡과,작곡과(학부/서울),2000/1 ~ 2022/2,2006,2,2016,2,8,5,1,outputs/pdfs_full/작곡과__COP2032__음악이론특강2.pdf,ok
COP2033,작곡전공실기3,H0002738,작곡과,작곡과(학부/서울),1999/1 ~ 2028/2,2022,1,2026,1,16,5,1,outputs/pdfs_full/작곡과__COP2033__작곡전공실기3.pdf,ok
COP2034,작곡전공실기4,H0002738,작곡과,작곡과(학부/서울),1999/1 ~ 2028/2,2022,2,2025,2,16,4,2,outputs/pdfs_full/작곡과__COP2034__작곡전공실기4.pdf,ok
COP2037,음악이론3,H0002737,성악과,성악과(학부/서울),2006/1 ~ 2028/2,2022,1,2026,1,32,5,3,outputs/pdfs_full/성악과__COP2037__음악이론3.pdf,ok
COP2038,음악이론4,H0002737,성악과,성악과(학부/서울),2006/1 ~ 2028/2,2022,2,2025,2,28,4,3,outputs/pdfs_full/성악과__COP2038__음악이론4.pdf,ok
COP2041,기악실습3,H0002738,작곡과,작곡과(학부/서울),2006/1 ~ 2017/2,2013,1,2017,1,14,5,1,outputs/pdfs_full/작곡과__COP2041__기악실습3.pdf,ok
COP2042,국악기실습1,H0002738,작곡과,작곡과(학부/서울),2006/1 ~ 2017/2,2012,1,2017,1,13,5,1,outputs/pdfs_full/작곡과__COP2042__국악기실습1.pdf,ok
COP2043,음악학개론1,H0002738,작곡과,작곡과(학부/서울),2006/1 ~ 2021/2,2013,1,2017,1,14,5,1,outputs/pdfs_full/작곡과__COP2043__음악학개론1.pdf,ok
COP2044,기악실습4,H0002738,작곡과,작곡과(학부/서울),2006/1 ~ 2017/2,2012,2,2017,2,14,5,1,outputs/pdfs_full/작곡과__COP2044__기악실습4.pdf,ok
COP2045,국악기실습2,H0002738,작곡과,작곡과(학부/서울),2006/1 ~ 2017/2,2012,2,2017,2,11,5,1,outputs/pdfs_full/작곡과__COP2045__국악기실습2.pdf,ok
COP2046,음악학개론2,H0002738,작곡과,작곡과(학부/서울),2006/1 ~ 2021/2,2011,2,2016,2,10,5,1,outputs/pdfs_full/작곡과__COP2046__음악학개론2.pdf,ok
COP2047,후기낭만화성1,H0002738,작곡과,작곡과(학부/서울),2014/1 ~ 2020/2,2016,1,2020,1,18,5,1,outputs/pdfs_full/작곡과__COP2047__후기낭만화성1.pdf,ok
COP2048,후기낭만화성2,H0002738,작곡과,작곡과(학부/서울),2014/1 ~ 2020/2,2016,2,2020,2,17,5,1,outputs/pdfs_full/작곡과__COP2048__후기낭만화성2.pdf,ok
COP2049,피아노실습(건반화성)1,H0002737,성악과,성악과(학부/서울),2014/1 ~ 2016/2,2016,1,2020,1,21,5,3,outputs/pdfs_full/성악과__COP2049__피아노실습(건반화성)1.pdf,ok
COP2050,피아노실습(건반화성)2,H0002737,성악과,성악과(학부/서울),2014/1 ~ 2016/2,2015,2,2019,2,18,5,3,outputs/pdfs_full/성악과__COP2050__피아노실습(건반화성)2.pdf,ok
COP2051,기악및국악기실습1,H0002738,작곡과,작곡과(학부/서울),2017/1 ~ 2028/2,2022,1,2026,1,14,5,1,outputs/pdfs_full/작곡과__COP2051__기악및국악기실습1.pdf,ok
COP2052,기악및국악기실습2,H0002738,작곡과,작곡과(학부/서울),2017/1 ~ 2028/2,2022,2,2025,2,13,4,1,outputs/pdfs_full/작곡과__COP2052__기악및국악기실습2.pdf,ok
COP3004,대위법3,H0002737,성악과,성악과(학부/서울),1990/1 ~ 1997/2,2012,1,2016,1,25,5,4,outputs/pdfs_full/성악과__COP3004__대위법3.pdf,ok
COP3005,관현악법1,H0002738,작곡과,작곡과(학부/서울),1991/1 ~ 2028/2,2022,1,2026,1,32,5,2,outputs/pdfs_full/작곡과__COP3005__관현악법1.pdf,ok
COP3006,관현악법2,H0002738,작곡과,작곡과(학부/서울),1991/1 ~ 2028/2,2022,2,2025,2,24,4,2,outputs/pdfs_full/작곡과__COP3006__관현악법2.pdf,ok
COP3009,대위법4,H0002737,성악과,성악과(학부/서울),1990/1 ~ 1997/2,2012,2,2016,2,26,5,4,outputs/pdfs_full/성악과__COP3009__대위법4.pdf,ok
COP3017,20세기음악1,H0002738,작곡과,작곡과(학부/서울),1991/1 ~ 2028/2,2022,1,2026,1,27,5,1,outputs/pdfs_full/작곡과__COP3017__20세기음악1.pdf,ok
COP3018,20세기음악2,H0002738,작곡과,작곡과(학부/서울),1991/1 ~ 2028/2,2022,2,2025,2,21,4,1,outputs/pdfs_full/작곡과__COP3018__20세기음악2.pdf,ok
COP3025,전자음악입문,H0002738,작곡과,작곡과(학부/서울),2026/1 ~ 2029/2,2026,1,2026,1,8,1,1,outputs/pdfs_full/작곡과__COP3025__전자음악입문.pdf,ok
COP3026,전자음악프로젝트,H0002738,작곡과,작곡과(학부/서울),2026/1 ~ 2029/2,,,,,0,0,1,outputs/pdfs_full/작곡과__COP3026__전자음악프로젝트.pdf,not_found
COP3053,전자음악1,H0002738,작곡과,작곡과(학부/서울),1999/1 ~ 2025/2,2021,1,2025,1,25,5,2,outputs/pdfs_full/작곡과__COP3053__전자음악1.pdf,ok
COP3054,전자음악2,H0002738,작곡과,작곡과(학부/서울),1999/1 ~ 2025/2,2021,2,2025,2,26,5,2,outputs/pdfs_full/작곡과__COP3054__전자음악2.pdf,ok
COP3055,전자음악3,H0002738,작곡과,작곡과(학부/서울),2000/1 ~ 2017/2,2010,1,2017,1,14,5,2,outputs/pdfs_full/작곡과__COP3055__전자음악3.pdf,ok
COP3056,전자음악4,H0002738,작곡과,작곡과(학부/서울),2000/1 ~ 2017/2,2007,2,2017,2,12,5,2,outputs/pdfs_full/작곡과__COP3056__전자음악4.pdf,ok
COP3057,작곡전공실기5,H0002738,작곡과,작곡과(학부/서울),1999/1 ~ 2029/2,2022,1,2026,1,20,5,1,outputs/pdfs_full/작곡과__COP3057__작곡전공실기5.pdf,ok
COP3058,작곡전공실기6,H0002738,작곡과,작곡과(학부/서울),1999/1 ~ 2029/2,2022,2,2025,2,18,4,1,outputs/pdfs_full/작곡과__COP3058__작곡전공실기6.pdf,ok
COP3061,연주와비평5,H0002737,성악과,성악과(학부/서울),2007/1 ~ 2021/2,2022,1,2026,1,34,5,5,outputs/pdfs_full/성악과__COP3061__연주와비평5.pdf,ok
COP3062,연주와비평6,H0002737,성악과,성악과(학부/서울),2007/1 ~ 2021/2,2022,2,2025,2,28,4,5,outputs/pdfs_full/성악과__COP3062__연주와비평6.pdf,ok
COP3065,연주매체특강1,H0002738,작곡과,작곡과(학부/서울),2007/1 ~ 2017/2,2013,1,2017,1,18,5,1,outputs/pdfs_full/작곡과__COP3065__연주매체특강1.pdf,ok
COP3066,국악기실습3,H0002738,작곡과,작곡과(학부/서울),2007/1 ~ 2018/2,2012,1,2018,1,9,5,1,outputs/pdfs_full/작곡과__COP3066__국악기실습3.pdf,ok
COP3067,음악형식과분석1,H0002738,작곡과,작곡과(학부/서울),2007/1 ~ 2028/2,2022,1,2026,1,26,5,1,outputs/pdfs_full/작곡과__COP3067__음악형식과분석1.pdf,ok
COP3068,국악기실습4,H0002738,작곡과,작곡과(학부/서울),2007/1 ~ 2018/2,2013,2,2018,2,11,5,1,outputs/pdfs_full/작곡과__COP3068__국악기실습4.pdf,ok
COP3071,음악형식과분석2,H0002738,작곡과,작곡과(학부/서울),2007/1 ~ 2028/2,2022,2,2025,2,22,4,1,outputs/pdfs_full/작곡과__COP3071__음악형식과분석2.pdf,ok
COP3072,이론전공세미나1,H0002738,작곡과,작곡과(학부/서울),2015/1 ~ 2017/2,,,,,0,0,1,outputs/pdfs_full/작곡과__COP3072__이론전공세미나1.pdf,not_found
COP3073,전자음악작곡실기1,H0002738,작곡과,작곡과(학부/서울),2015/1 ~ 2017/2,,,,,0,0,1,outputs/pdfs_full/작곡과__COP3073__전자음악작곡실기1.pdf,not_found
COP3074,이론전공세미나2,H0002738,작곡과,작곡과(학부/서울),2015/1 ~ 2017/2,,,,,0,0,1,outputs/pdfs_full/작곡과__COP3074__이론전공세미나2.pdf,not_found
COP3075,전자음악작곡실기2,H0002738,작곡과,작곡과(학부/서울),2015/1 ~ 2017/2,,,,,0,0,1,outputs/pdfs_full/작곡과__COP3075__전자음악작곡실기2.pdf,not_found
COP3076,연주를위한음악분석1,H0002737,성악과,성악과(학부/서울),2015/1 ~ 2017/2,2021,1,2025,1,17,5,3,outputs/pdfs_full/성악과__COP3076__연주를위한음악분석1.pdf,ok
COP3077,연주를위한음악분석2,H0002737,성악과,성악과(학부/서울),2015/1 ~ 2017/2,2022,2,2025,2,13,4,3,outputs/pdfs_full/성악과__COP3077__연주를위한음악분석2.pdf,ok
COP3078,음악회제작캡스톤디자인,H0002737,성악과,성악과(학부/서울),2014/1 ~ 2017/2,2014,1,2015,1,5,2,5,outputs/pdfs_full/성악과__COP3078__음악회제작캡스톤디자인.pdf,ok
COP3079,기악및국악기실습3,H0002738,작곡과,작곡과(학부/서울),2018/1 ~ 2029/2,2022,1,2026,1,12,5,1,outputs/pdfs_full/작곡과__COP3079__기악및국악기실습3.pdf,ok
COP3080,기악및국악기실습4,H0002738,작곡과,작곡과(학부/서울),2018/1 ~ 2029/2,2022,2,2025,2,9,4,1,outputs/pdfs_full/작곡과__COP3080__기악및국악기실습4.pdf,ok
COP3081,20세기대위법,H0002738,작곡과,작곡과(학부/서울),2018/2 ~ 2025/2,2021,1,2025,1,27,5,1,outputs/pdfs_full/작곡과__COP3081__20세기대위법.pdf,ok
COP3082,관현악워크샵,H0002738,작곡과,작곡과(학부/서울),2018/2 ~ 2021/2,2018,2,2019,2,9,2,1,outputs/pdfs_full/작곡과__COP3082__관현악워크샵.pdf,ok
COP3083,관현악워크샾1,H0002738,작곡과,작곡과(학부/서울),2020/1 ~ 2029/2,2022,1,2026,1,20,5,1,outputs/pdfs_full/작곡과__COP3083__관현악워크샾1.pdf,ok
COP3084,관현악워크샾2,H0002738,작곡과,작곡과(학부/서울),2020/1 ~ 2029/2,2022,2,2025,2,21,4,1,outputs/pdfs_full/작곡과__COP3084__관현악워크샾2.pdf,ok
COP3085,리허설테크닉1,H0002738,작곡과,작곡과(학부/서울),2026/1 ~ 2029/2,2026,1,2026,1,4,1,1,outputs/pdfs_full/작곡과__COP3085__리허설테크닉1.pdf,ok
COP3086,리허설테크닉2,H0002738,작곡과,작곡과(학부/서울),2026/1 ~ 2029/2,,,,,0,0,1,outputs/pdfs_full/작곡과__COP3086__리허설테크닉2.pdf,not_found
COP3087,연주매체특강A,H0002738,작곡과,작곡과(학부/서울),2026/1 ~ 2028/2,,,,,0,0,1,outputs/pdfs_full/작곡과__COP3087__연주매체특강A.pdf,not_found
COP4003,관현악법3,H0002738,작곡과,작곡과(학부/서울),1992/1 ~ 2017/2,2013,1,2017,1,15,5,1,outputs/pdfs_full/작곡과__COP4003__관현악법3.pdf,ok
COP4004,관현악법4,H0002738,작곡과,작곡과(학부/서울),1992/1 ~ 2017/2,2013,2,2017,2,19,5,1,outputs/pdfs_full/작곡과__COP4004__관현악법4.pdf,ok
COP4009,음악사특강1,H0002738,작곡과,작곡과(학부/서울),1992/1 ~ 2018/2,2010,1,2014,1,10,5,1,outputs/pdfs_full/작곡과__COP4009__음악사특강1.pdf,ok
COP4010,음악사특강2,H0002738,작곡과,작곡과(학부/서울),1992/1 ~ 2018/2,2009,2,2014,2,14,5,1,outputs/pdfs_full/작곡과__COP4010__음악사특강2.pdf,ok
COP4015,20세기음악3,H0002738,작곡과,작곡과(학부/서울),1992/1 ~ 2029/2,2022,1,2026,1,23,5,1,outputs/pdfs_full/작곡과__COP4015__20세기음악3.pdf,ok
COP4016,20세기음악4,H0002738,작곡과,작곡과(학부/서울),1992/1 ~ 2025/2,2021,2,2025,2,17,5,1,outputs/pdfs_full/작곡과__COP4016__20세기음악4.pdf,ok
COP4025,음악학개론,H0002738,작곡과,작곡과(학부/서울),2018/1 ~ 2028/2,2022,2,2025,2,6,4,3,outputs/pdfs_full/작곡과__COP4025__음악학개론.pdf,ok
COP4029,작곡전공실기7,H0002738,작곡과,작곡과(학부/서울),1999/1 ~ 2030/2,2022,1,2026,1,18,5,1,outputs/pdfs_full/작곡과__COP4029__작곡전공실기7.pdf,ok
COP4030,작곡전공실기8,H0002738,작곡과,작곡과(학부/서울),1999/1 ~ 2030/2,2022,2,2025,2,21,4,1,outputs/pdfs_full/작곡과__COP4030__작곡전공실기8.pdf,ok
COP4031,작곡워크샵1,H0002738,작곡과,작곡과(학부/서울),2004/1 ~ 2026/2,2021,1,2026,1,9,5,1,outputs/pdfs_full/작곡과__COP4031__작곡워크샵1.pdf,ok
COP4032,작곡워크샵2,H0002738,작곡과,작곡과(학부/서울),2004/1 ~ 2026/2,2020,2,2025,2,10,4,1,outputs/pdfs_full/작곡과__COP4032__작곡워크샵2.pdf,ok
COP4043,중등음악교육실습1,H0002737,성악과,성악과(학부/서울),2012/1 ~ 2018/2,2022,1,2026,1,18,5,5,outputs/pdfs_full/성악과__COP4043__중등음악교육실습1.pdf,ok
COP4044,중등음악교육실습2,H0002737,성악과,성악과(학부/서울),2009/1 ~ 2018/2,2022,2,2025,2,8,4,5,outputs/pdfs_full/성악과__COP4044__중등음악교육실습2.pdf,ok
COP4045,포스트프로덕션1,H0002738,작곡과,작곡과(학부/서울),2012/1 ~ 2026/2,2022,1,2026,1,24,5,1,outputs/pdfs_full/작곡과__COP4045__포스트프로덕션1.pdf,ok
COP4046,포스트프로덕션2,H0002738,작곡과,작곡과(학부/서울),2012/1 ~ 2026/2,2022,2,2025,2,20,4,1,outputs/pdfs_full/작곡과__COP4046__포스트프로덕션2.pdf,ok
COP4049,국악작곡기법1,H0002738,작곡과,작곡과(학부/서울),2016/1 ~ 2026/2,2022,1,2026,1,18,5,1,outputs/pdfs_full/작곡과__COP4049__국악작곡기법1.pdf,ok
COP4050,미디어음악실습,H0002738,작곡과,작곡과(학부/서울),2016/1 ~ 2018/2,2017,1,2017,1,3,1,1,outputs/pdfs_full/작곡과__COP4050__미디어음악실습.pdf,ok
COP4052,이론전공세미나3,H0002738,작곡과,작곡과(학부/서울),2016/1 ~ 2018/2,,,,,0,0,1,outputs/pdfs_full/작곡과__COP4052__이론전공세미나3.pdf,not_found
COP4053,이론전공세미나4,H0002738,작곡과,작곡과(학부/서울),2016/1 ~ 2018/2,,,,,0,0,1,outputs/pdfs_full/작곡과__COP4053__이론전공세미나4.pdf,not_found
COP4055,국악작곡기법2,H0002738,작곡과,작곡과(학부/서울),2016/1 ~ 2026/2,2022,2,2025,2,10,4,1,outputs/pdfs_full/작곡과__COP4055__국악작곡기법2.pdf,ok
COP4056,극과음악워크샵,H0002738,작곡과,작곡과(학부/서울),2016/1 ~ 2030/2,2022,1,2026,1,15,5,1,outputs/pdfs_full/작곡과__COP4056__극과음악워크샵.pdf,ok
COP4057,미디어음악실습1,H0002738,작곡과,작곡과(학부/서울),2019/1 ~ 2030/2,2021,1,2026,1,12,5,1,outputs/pdfs_full/작곡과__COP4057__미디어음악실습1.pdf,ok
COP4058,미디어음악실습2,H0002738,작곡과,작곡과(학부/서울),2019/1 ~ 2030/2,2019,2,2025,2,8,4,1,outputs/pdfs_full/작곡과__COP4058__미디어음악실습2.pdf,ok
COP4059,4차산업혁명과음악,H0002738,작곡과,작곡과(학부/서울),2018/2 ~ 2030/2,2020,2,2026,1,15,5,1,outputs/pdfs_full/작곡과__COP4059__4차산업혁명과음악.pdf,ok
COP4060,음악치료입문,H0002738,작곡과,작곡과(학부/서울),2019/1 ~ 2026/2,2021,1,2026,1,22,5,1,outputs/pdfs_full/작곡과__COP4060__음악치료입문.pdf,ok
COP4061,건반화성Ⅰ,H0002738,작곡과,작곡과(학부/서울),2023/1 ~ 2030/2,2024,1,2025,1,4,2,1,outputs/pdfs_full/작곡과__COP4061__건반화성I.pdf,ok
COP4062,건반화성Ⅱ,H0002738,작곡과,작곡과(학부/서울),2023/2 ~ 2030/2,2024,2,2024,2,1,1,1,outputs/pdfs_full/작곡과__COP4062__건반화성II.pdf,ok
COP4063,동시대음악,H0002738,작곡과,작곡과(학부/서울),2026/1 ~ 2029/2,,,,,0,0,1,outputs/pdfs_full/작곡과__COP4063__동시대음악.pdf,not_found
COP4064,음악과사회,H0002738,작곡과,작곡과(학부/서울),2027/1 ~ 2030/2,,,,,0,0,1,outputs/pdfs_full/작곡과__COP4064__음악과사회.pdf,not_found
COP4065,작곡과캡스톤,H0002738,작곡과,작곡과(학부/서울),2027/1 ~ 2030/2,,,,,0,0,1,outputs/pdfs_full/작곡과__COP4065__작곡과캡스톤.pdf,not_found
COP4066,오디오프로덕션1,H0002738,작곡과,작곡과(학부/서울),2027/1 ~ 2030/2,,,,,0,0,1,outputs/pdfs_full/작곡과__COP4066__오디오프로덕션1.pdf,not_found
COP4067,오디오프로덕션2,H0002738,작곡과,작곡과(학부/서울),2027/1 ~ 2030/2,,,,,0,0,1,outputs/pdfs_full/작곡과__COP4067__오디오프로덕션2.pdf,not_found
COP4068,연주와비평7,H0002738,작곡과,작곡과(학부/서울),2027/1 ~ 2030/2,,,,,0,0,1,outputs/pdfs_full/작곡과__COP4068__연주와비평7.pdf,not_found
COP4069,연주와비평8,H0002738,작곡과,작곡과(학부/서울),2027/1 ~ 2030/2,,,,,0,0,1,outputs/pdfs_full/작곡과__COP4069__연주와비평8.pdf,not_found
CPE1001,해부학,H0002256,서울 대학,대학(학부/서울),1993/1 ~ 2018/2,2016,2,2018,2,26,5,1,outputs/pdfs_seoul_university/서울_대학__CPE1001__해부학.pdf,ok
CPE1002,생리학,H0002256,서울 대학,대학(학부/서울),1993/1 ~ 2004/2,2022,1,2026,1,28,5,1,outputs/pdfs_seoul_university/서울_대학__CPE1002__생리학.pdf,ok
CSE1002,전산학개론,H0002867,정보시스템학과,정보시스템학과(학과/서울),2009/1 ~ 2027/2,2022,1,2026,1,38,5,1,outputs/pdfs_full/정보시스템학과__CSE1002__전산학개론.pdf,ok
CSE2008,전산수학,H0003560,수학과,수학과,2014/1 ~ 2024/2,2020,2,2024,2,34,5,1,outputs/pdfs_full/수학과__CSE2008__전산수학.pdf,ok
CSE2010,자료구조론,H0002575,융합전자공학부,융합전자공학부,2011/1 ~ 2028/2,2022,1,2026,1,40,5,10,outputs/pdfs_full/융합전자공학부__CSE2010__자료구조론.pdf,ok
CSE2011,마이크로프로세서,H0002575,융합전자공학부,융합전자공학부,2011/1 ~ 2028/2,2022,2,2025,2,26,4,4,outputs/pdfs_full/융합전자공학부__CSE2011__마이크로프로세서.pdf,ok
CSE3004,오퍼레이팅시스템,H0002867,정보시스템학과,정보시스템학과(학과/서울),2010/1 ~ 2028/2,2022,1,2025,1,30,4,1,outputs/pdfs_full/정보시스템학과__CSE3004__오퍼레이팅시스템.pdf,ok
CSE3010,데이터베이스,H0003960,응용시스템전공,응용시스템전공,2016/1 ~ 2018/2,,,,,0,0,4,outputs/pdfs_full/응용시스템전공__CSE3010__데이터베이스.pdf,not_found
CSE3037,기계학습알고리즘,H0004134,컴퓨터소프트웨어학부,컴퓨터소프트웨어학부,2022/1 ~ 2030/2,2022,1,2025,1,24,4,1,outputs/pdfs_full/컴퓨터소프트웨어학부__CSE3037__기계학습알고리즘.pdf,ok
CSE4006,소프트웨어공학,H0002518,소프트웨어전공,소프트웨어전공,2014/1 ~ 2021/2,2023,2,2026,1,31,4,9,outputs/pdfs_full/소프트웨어전공__CSE4006__소프트웨어공학.pdf,ok
CSE4007,인공지능,H0002518,소프트웨어전공,소프트웨어전공,2014/1 ~ 2021/2,2024,1,2026,1,34,5,8,outputs/pdfs_full/소프트웨어전공__CSE4007__인공지능.pdf,ok
CSE4009,시스템프로그래밍,H0002518,소프트웨어전공,소프트웨어전공,2017/1 ~ 2020/2,2022,2,2025,2,30,4,3,outputs/pdfs_full/소프트웨어전공__CSE4009__시스템프로그래밍.pdf,ok
CSE4020,컴퓨터그래픽스,H0002886,건축학부,건축학부(학부/서울),2007/1 ~ 2017/2,2022,1,2026,1,34,5,5,outputs/pdfs_full/건축학부__CSE4020__컴퓨터그래픽스.pdf,ok
CSE4055,지능형로보틱스,H0004134,컴퓨터소프트웨어학부,컴퓨터소프트웨어학부,2023/1 ~ 2026/2,2022,2,2023,2,8,2,5,outputs/pdfs_full/컴퓨터소프트웨어학부__CSE4055__지능형로보틱스.pdf,ok
CSE4056,딥러닝시스템,H0004134,컴퓨터소프트웨어학부,컴퓨터소프트웨어학부,2023/1 ~ 2026/2,,,,,0,0,1,outputs/pdfs_full/컴퓨터소프트웨어학부__CSE4056__딥러닝시스템.pdf,not_found
CSE4057,자연어처리론,H0004134,컴퓨터소프트웨어학부,컴퓨터소프트웨어학부,2023/1 ~ 2030/2,2023,2,2025,2,23,3,1,outputs/pdfs_full/컴퓨터소프트웨어학부__CSE4057__자연어처리론.pdf,ok
CSS1002,사회과학의이해,H0002834,사회과학부,사회과학부(학부/서울),2005/1 ~ 2013/2,,,,,0,0,1,outputs/pdfs_full/사회과학부__CSS1002__사회과학의이해.pdf,not_found
CSS1003,사회과학의논리적사고,H0002834,사회과학부,사회과학부(학부/서울),2013/1 ~ 2013/2,,,,,0,0,1,outputs/pdfs_full/사회과학부__CSS1003__사회과학의논리적사고.pdf,not_found
CUL0005,말과글,H0002886,건축학부,건축학부(학부/서울),2005/1 ~ 2027/2,2024,2,2026,1,29,4,66,outputs/pdfs_full/건축학부__CUL0005__말과글.pdf,ok
CUL0011,창의적컴퓨팅,H0002570,도시공학과,도시공학과(학부/서울),1997/1 ~ 1998/2,2024,2,2026,1,29,4,48,outputs/pdfs_full/도시공학과__CUL0011__창의적컴퓨팅.pdf,ok
CUL0021,한문의이해,H0002256,서울 대학,대학(학부/서울),1997/1 ~ 2027/2,2024,2,2026,1,18,4,1,outputs/pdfs_seoul_university/서울_대학__CUL0021__한문의이해.pdf,ok
CUL0025,영어발음의원리와교정,H0002256,서울 대학,대학(학부/서울),1997/1 ~ 2027/2,2017,1,2019,2,33,5,1,outputs/pdfs_seoul_university/서울_대학__CUL0025__영어발음의원리와교정.pdf,ok
CUL0038,프랑스어회화,H0002256,서울 대학,대학(학부/서울),1997/1 ~ 2027/2,2013,2,2018,1,21,5,1,outputs/pdfs_seoul_university/서울_대학__CUL0038__프랑스어회화.pdf,ok
CUL0047,영화로보는서양의역사,H0002256,서울 대학,대학(학부/서울),2001/1 ~ 2027/2,2024,2,2026,1,15,4,1,outputs/pdfs_seoul_university/서울_대학__CUL0047__영화로보는서양의역사.pdf,ok
CUL0051,현대중국의이해,H0002256,서울 대학,대학(학부/서울),1997/1 ~ 2027/2,2024,2,2026,1,27,4,1,outputs/pdfs_seoul_university/서울_대학__CUL0051__현대중국의이해.pdf,ok
CUL0072,독일문학과영화,H0002256,서울 대학,대학(학부/서울),1997/1 ~ 2027/2,2024,2,2026,1,23,4,1,outputs/pdfs_seoul_university/서울_대학__CUL0072__독일문학과영화.pdf,ok
CUL0074,텍스트언어학의이해,H0002801,독어독문학과,독어독문학(학부/서울),2026/2 ~ 2028/2,,,,,0,0,2,outputs/pdfs_full/독어독문학과__CUL0074__텍스트언어학의이해.pdf,not_found
CUL0076,프랑스문화관광,H0002256,서울 대학,대학(학부/서울),1997/1 ~ 2027/2,2024,2,2026,1,16,4,1,outputs/pdfs_seoul_university/서울_대학__CUL0076__프랑스문화관광.pdf,ok
CUL0092,"경계의시대,공존을말하다",H0002256,서울 대학,대학(학부/서울),1997/1 ~ 2027/2,2024,2,2026,1,19,4,1,"outputs/pdfs_seoul_university/서울_대학__CUL0092__경계의시대,공존을말하다.pdf",ok
CUL0093,프로이트와문화비평,H0002256,서울 대학,대학(학부/서울),2008/1 ~ 2027/2,2024,2,2026,1,22,4,1,outputs/pdfs_seoul_university/서울_대학__CUL0093__프로이트와문화비평.pdf,ok
CUL0100,필란트로피의이해와실천,H0002256,서울 대학,대학(학부/서울),2015/2 ~ 2025/2,2016,2,2018,2,13,5,1,outputs/pdfs_seoul_university/서울_대학__CUL0100__필란트로피의이해와실천.pdf,ok
CUL0103,과학기술과경제사,H0002256,서울 대학,대학(학부/서울),2015/2 ~ 2018/2,2016,1,2016,2,10,2,1,outputs/pdfs_seoul_university/서울_대학__CUL0103__과학기술과경제사.pdf,ok
CUL0104,자유란무엇인가,H0002256,서울 대학,대학(학부/서울),2016/1 ~ 2027/2,2024,2,2026,1,23,4,1,outputs/pdfs_seoul_university/서울_대학__CUL0104__자유란무엇인가.pdf,ok
CUL0105,지속가능한발전을위한환경의이해,H0002256,서울 대학,대학(학부/서울),2016/1 ~ 2027/2,2018,1,2022,2,20,5,1,outputs/pdfs_seoul_university/서울_대학__CUL0105__지속가능한발전을위한환경의이해.pdf,ok
CUL0107,과학기술법의이해,H0002256,서울 대학,대학(학부/서울),2016/1 ~ 2016/2,2016,1,2016,1,4,1,1,outputs/pdfs_seoul_university/서울_대학__CUL0107__과학기술법의이해.pdf,ok
CUL0108,세계를품는공학기술:적정기술,H0002256,서울 대학,대학(학부/서울),2016/1 ~ 2016/2,2016,1,2016,1,3,1,1,outputs/pdfs_seoul_university/서울_대학__CUL0108__세계를품는공학기술_적정기술.pdf,ok
CUL0109,첨단공학기술의세계,H0002256,서울 대학,대학(학부/서울),2016/1 ~ 2018/2,2016,1,2017,1,12,2,1,outputs/pdfs_seoul_university/서울_대학__CUL0109__첨단공학기술의세계.pdf,ok
CUL0110,에너지와문명,H0002256,서울 대학,대학(학부/서울),2016/1 ~ 2017/1,,,,,0,0,1,outputs/pdfs_seoul_university/서울_대학__CUL0110__에너지와문명.pdf,not_found
CUL0111,통일함께만들기,H0002256,서울 대학,대학(학부/서울),2016/1 ~ 2027/2,2024,2,2026,1,4,4,1,outputs/pdfs_seoul_university/서울_대학__CUL0111__통일함께만들기.pdf,ok
CUL0112,탄소문명과에너지,H0002256,서울 대학,대학(학부/서울),2016/2 ~ 2017/2,,,,,0,0,1,outputs/pdfs_seoul_university/서울_대학__CUL0112__탄소문명과에너지.pdf,not_found
CUL0113,과학기술의융합으로서의공학,H0002256,서울 대학,대학(학부/서울),2016/2 ~ 2017/2,,,,,0,0,1,outputs/pdfs_seoul_university/서울_대학__CUL0113__과학기술의융합으로서의공학.pdf,not_found
CUL0114,박물관으로배우는세계,H0002256,서울 대학,대학(학부/서울),2016/2 ~ 2019/1,2016,2,2018,2,18,5,1,outputs/pdfs_seoul_university/서울_대학__CUL0114__박물관으로배우는세계.pdf,ok
CUL0115,여성과법,H0002256,서울 대학,대학(학부/서울),2016/2 ~ 2027/2,2020,2,2025,2,14,4,1,outputs/pdfs_seoul_university/서울_대학__CUL0115__여성과법.pdf,ok
CUL0116,Understanding the new business environment,H0002256,서울 대학,대학(학부/서울),2016/2 ~ 2027/2,2024,2,2026,1,16,4,1,outputs/pdfs_seoul_university/서울_대학__CUL0116__Understanding_the_new_business_environment.pdf,ok
CUL0117,아트테크놀로지입문,H0002256,서울 대학,대학(학부/서울),2016/2 ~ 2018/2,2016,2,2017,2,12,3,1,outputs/pdfs_seoul_university/서울_대학__CUL0117__아트테크놀로지입문.pdf,ok
CUL0119,질병의역사,H0002256,서울 대학,대학(학부/서울),2017/1 ~ 2019/1,2017,1,2019,1,30,5,1,outputs/pdfs_seoul_university/서울_대학__CUL0119__질병의역사.pdf,ok
CUL0120,중국비즈니스문화와에티켓,H0002256,서울 대학,대학(학부/서울),2017/1 ~ 2027/2,2024,2,2026,1,27,4,1,outputs/pdfs_seoul_university/서울_대학__CUL0120__중국비즈니스문화와에티켓.pdf,ok
CUL0121,철학과인간가치,H0002256,서울 대학,대학(학부/서울),2017/1 ~ 2021/2,2017,1,2018,1,9,3,1,outputs/pdfs_seoul_university/서울_대학__CUL0121__철학과인간가치.pdf,ok
CUL0122,인간과생명과학,H0002256,서울 대학,대학(학부/서울),2017/1 ~ 2027/2,2022,2,2025,2,20,4,1,outputs/pdfs_seoul_university/서울_대학__CUL0122__인간과생명과학.pdf,ok
CUL0123,과학기술혁신시대의디자인이슈,H0002256,서울 대학,대학(학부/서울),2017/1 ~ 2027/2,2019,1,2021,1,17,5,1,outputs/pdfs_seoul_university/서울_대학__CUL0123__과학기술혁신시대의디자인이슈.pdf,ok
CUL0124,창의혁신리더십론,H0002256,서울 대학,대학(학부/서울),2017/1 ~ 2020/2,2018,1,2020,1,15,5,1,outputs/pdfs_seoul_university/서울_대학__CUL0124__창의혁신리더십론.pdf,ok
CUL0125,성공취업의이해,H0002256,서울 대학,대학(학부/서울),2017/1 ~ 2027/2,2024,2,2026,1,4,4,1,outputs/pdfs_seoul_university/서울_대학__CUL0125__성공취업의이해.pdf,ok
CUL0126,기초법의학,H0002256,서울 대학,대학(학부/서울),2017/1 ~ 2027/2,2023,2,2025,1,30,4,1,outputs/pdfs_seoul_university/서울_대학__CUL0126__기초법의학.pdf,ok
CUL0127,인성리더십,H0002256,서울 대학,대학(학부/서울),2017/1 ~ 2027/2,2017,2,2019,2,21,5,1,outputs/pdfs_seoul_university/서울_대학__CUL0127__인성리더십.pdf,ok
CUL0128,4차산업혁명의이해,H0002256,서울 대학,대학(학부/서울),2017/1 ~ 2027/2,2024,2,2026,1,12,4,1,outputs/pdfs_seoul_university/서울_대학__CUL0128__4차산업혁명의이해.pdf,ok
CUL0129,기업실무실습형6시그마(종합설계),H0002256,서울 대학,대학(학부/서울),2017/1 ~ 2027/2,2019,1,2021,2,16,5,1,outputs/pdfs_seoul_university/서울_대학__CUL0129__기업실무실습형6시그마(종합설계).pdf,ok
CUL0130,디지털저널리즘,H0002256,서울 대학,대학(학부/서울),2018/2 ~ 2027/2,2023,2,2025,2,15,4,1,outputs/pdfs_seoul_university/서울_대학__CUL0130__디지털저널리즘.pdf,ok
CUL0131,역사로보는미술이해,H0002256,서울 대학,대학(학부/서울),2018/2 ~ 2027/2,2018,2,2021,1,22,4,1,outputs/pdfs_seoul_university/서울_대학__CUL0131__역사로보는미술이해.pdf,ok
CUL0132,트랜스내셔널문학읽기,H0002256,서울 대학,대학(학부/서울),2018/2 ~ 2019/2,,,,,0,0,1,outputs/pdfs_seoul_university/서울_대학__CUL0132__트랜스내셔널문학읽기.pdf,not_found
CUL0134,중국의도시문화와비즈니스,H0002256,서울 대학,대학(학부/서울),2018/2 ~ 2027/2,,,,,0,0,1,outputs/pdfs_seoul_university/서울_대학__CUL0134__중국의도시문화와비즈니스.pdf,not_found
CUL0135,글로벌기업가정신,H0003877,창업융합학과,창업융합학과,2021/1 ~ 2024/2,2022,2,2025,2,29,4,2,outputs/pdfs_full/창업융합학과__CUL0135__글로벌기업가정신.pdf,ok
CUL0136,우주시공간과물질,H0002256,서울 대학,대학(학부/서울),2018/2 ~ 2027/2,2018,2,2021,2,24,4,1,outputs/pdfs_seoul_university/서울_대학__CUL0136__우주시공간과물질.pdf,ok
CUL0137,창의성과미래문제해결,H0002256,서울 대학,대학(학부/서울),2018/2 ~ 2027/2,2018,2,2020,2,26,5,1,outputs/pdfs_seoul_university/서울_대학__CUL0137__창의성과미래문제해결.pdf,ok
CUL0138,다양성시대의한국어교육,H0002256,서울 대학,대학(학부/서울),2022/1 ~ 2027/2,2023,1,2025,2,14,4,1,outputs/pdfs_seoul_university/서울_대학__CUL0138__다양성시대의한국어교육.pdf,ok
CUL0139,법과국제공동체,H0002256,서울 대학,대학(학부/서울),2022/1 ~ 2027/2,2024,2,2026,1,12,4,1,outputs/pdfs_seoul_university/서울_대학__CUL0139__법과국제공동체.pdf,ok
CUL0140,창업과법,H0002256,서울 대학,대학(학부/서울),2022/1 ~ 2027/2,2023,1,2025,2,11,4,1,outputs/pdfs_seoul_university/서울_대학__CUL0140__창업과법.pdf,ok
CUL0141,시민생활과세법,H0002256,서울 대학,대학(학부/서울),2022/1 ~ 2027/2,2024,2,2026,1,25,4,1,outputs/pdfs_seoul_university/서울_대학__CUL0141__시민생활과세법.pdf,ok
CUL0201,상상과학성찰,H0002521,건축공학부,건축공학부(학부/서울),2025/1 ~ 2027/2,2025,1,2026,1,22,3,14,outputs/pdfs_full/건축공학부__CUL0201__상상과학성찰.pdf,ok
CUL0202,문화기술인간,H0002886,건축학부,건축학부(학부/서울),2025/1 ~ 2027/2,2025,1,2026,1,24,3,39,outputs/pdfs_full/건축학부__CUL0202__문화기술인간.pdf,ok
CUL0203,AI시대쓰기의힘,H0002521,건축공학부,건축공학부(학부/서울),2025/1 ~ 2027/2,2025,1,2026,1,24,3,31,outputs/pdfs_full/건축공학부__CUL0203__AI시대쓰기의힘.pdf,ok
CUL0204,통합사고와읽기의기술,H0002886,건축학부,건축학부(학부/서울),2025/1 ~ 2027/2,2025,1,2026,1,22,3,22,outputs/pdfs_full/건축학부__CUL0204__통합사고와읽기의기술.pdf,ok
CUL0205,Technology and AI: Utopia or Dystopia?,H0002521,건축공학부,건축공학부(학부/서울),2025/1 ~ 2027/2,2025,2,2026,1,16,2,32,outputs/pdfs_full/건축공학부__CUL0205__Technology_and_AI__Utopia_or_Dystopia_.pdf,ok
CUL0206,Personal Branding in Digital Markets,H0002886,건축학부,건축학부(학부/서울),2025/1 ~ 2027/2,2025,2,2026,1,15,2,22,outputs/pdfs_full/건축학부__CUL0206__Personal_Branding_in_Digital_Markets.pdf,ok
CUL0207,미래지능연결,H0002517,건설환경공학과,건설환경공학과(학부/서울),2026/1 ~ 2028/2,2026,1,2026,1,7,1,12,outputs/pdfs_full/건설환경공학과__CUL0207__미래지능연결.pdf,ok
CUL0208,스토리텔링의설계와전략,H0002886,건축학부,건축학부(학부/서울),2026/1 ~ 2028/2,2026,1,2026,1,8,1,37,outputs/pdfs_full/건축학부__CUL0208__스토리텔링의설계와전략.pdf,ok
CUL0209,"Wellness Web: Self, Society, and Beyond",H0004707,데이터사이언스학부,데이터사이언스학부,2026/1 ~ 2028/2,2026,1,2026,1,8,1,6,"outputs/pdfs_full/데이터사이언스학부__CUL0209__Wellness_Web__Self,_Society,_and_Beyond.pdf",ok
CUL0210,AI와함께하는스마트자기주도학습,H0002256,서울 대학,대학(학부/서울),2025/2 ~ 2027/2,2025,2,2026,1,9,2,1,outputs/pdfs_seoul_university/서울_대학__CUL0210__AI와함께하는스마트자기주도학습.pdf,ok
CUL0211,AI를위한컴퓨터구조및프로그래밍이해,H0002256,서울 대학,대학(학부/서울),2025/2 ~ 2027/2,2025,2,2026,1,4,2,1,outputs/pdfs_seoul_university/서울_대학__CUL0211__AI를위한컴퓨터구조및프로그래밍이해.pdf,ok
CUL0212,외국인유학생을위한한국취·창업전략과실습,H0002256,서울 대학,대학(학부/서울),2025/2 ~ 2027/2,2025,2,2026,1,6,2,1,outputs/pdfs_seoul_university/서울_대학__CUL0212__외국인유학생을위한한국취·창업전략과실습.pdf,ok
CUL0213,AI시대디지털보안입문,H0002256,서울 대학,대학(학부/서울),2026/1 ~ 2027/2,,,,,0,0,1,outputs/pdfs_seoul_university/서울_대학__CUL0213__AI시대디지털보안입문.pdf,not_found
CUL0214,사회현상정량적이해·분석·모델링,H0002256,서울 대학,대학(학부/서울),2026/1 ~ 2027/2,2026,1,2026,1,3,1,1,outputs/pdfs_seoul_university/서울_대학__CUL0214__사회현상정량적이해·분석·모델링.pdf,ok
CUL1000,문학과사랑,H0002256,서울 대학,대학(학부/서울),1997/1 ~ 2027/2,2024,2,2026,1,16,4,1,outputs/pdfs_seoul_university/서울_대학__CUL1000__문학과사랑.pdf,ok
CUL1026,대학합창,H0002256,서울 대학,대학(학부/서울),1997/1 ~ 2027/2,2024,2,2026,1,14,4,1,outputs/pdfs_seoul_university/서울_대학__CUL1026__대학합창.pdf,ok
CUL1027,한국가곡의이해,H0002256,서울 대학,대학(학부/서울),1997/1 ~ 2015/1,2011,2,2013,2,28,5,1,outputs/pdfs_seoul_university/서울_대학__CUL1027__한국가곡의이해.pdf,ok
CUL1029,쉽게듣는서양오페라,H0002256,서울 대학,대학(학부/서울),1997/1 ~ 2027/2,2024,2,2026,1,30,4,1,outputs/pdfs_seoul_university/서울_대학__CUL1029__쉽게듣는서양오페라.pdf,ok
CUL1032,현대음악의이해,H0002256,서울 대학,대학(학부/서울),1997/1 ~ 2027/2,2024,2,2026,1,30,4,1,outputs/pdfs_seoul_university/서울_대학__CUL1032__현대음악의이해.pdf,ok
CUL1041,전통음악감상,H0002256,서울 대학,대학(학부/서울),1997/1 ~ 2027/2,2024,2,2026,1,27,4,1,outputs/pdfs_seoul_university/서울_대학__CUL1041__전통음악감상.pdf,ok
CUL1046,삶과무용,H0002256,서울 대학,대학(학부/서울),1997/1 ~ 2013/2,2010,1,2012,1,33,5,1,outputs/pdfs_seoul_university/서울_대학__CUL1046__삶과무용.pdf,ok
CUL1048,시와무용,H0003590,무용학과,무용학과,2013/1 ~ 2028/2,2022,1,2026,1,18,5,2,outputs/pdfs_full/무용학과__CUL1048__시와무용.pdf,ok
CUL1056,한국의역사와문화,H0002741,국악과,국악과(학부/서울),1999/1 ~ 2006/2,2024,2,2026,1,28,4,2,outputs/pdfs_full/국악과__CUL1056__한국의역사와문화.pdf,ok
CUL1073,인간의본성에관한철학적담론,H0003542,법학과,법학과(학부/서울),1997/1 ~ 2000/2,2024,2,2026,1,19,4,2,outputs/pdfs_full/법학과__CUL1073__인간의본성에관한철학적담론.pdf,ok
CUL1075,철학명저제대로읽기,H0003621,간호학전공(야),간호학전공(야),2013/1 ~ 2014/2,2024,2,2026,1,27,4,2,outputs/pdfs_full/간호학전공(야)__CUL1075__철학명저제대로읽기.pdf,ok
CUL1079,불멸의철학자들,H0002256,서울 대학,대학(학부/서울),1997/1 ~ 2027/2,2023,2,2026,1,19,4,1,outputs/pdfs_seoul_university/서울_대학__CUL1079__불멸의철학자들.pdf,ok
CUL1115,Aesthetic Awareness in the Modern World,H0004360,글로벌 CEO 창업 융합전공,글로벌 CEO 창업 융합전공,2024/2 ~ 2027/2,2024,2,2026,1,32,4,2,outputs/pdfs_full/글로벌_CEO_창업_융합전공__CUL1115__Aesthetic_Awareness_in_the_Modern_World.pdf,ok
CUL1116,Animal Ethics,H0002256,서울 대학,대학(학부/서울),2015/1 ~ 2027/2,2024,2,2026,1,28,4,1,outputs/pdfs_seoul_university/서울_대학__CUL1116__Animal_Ethics.pdf,ok
CUL1117,Introduction to Digital Photography,H0002256,서울 대학,대학(학부/서울),2015/1 ~ 2027/2,2024,2,2026,1,23,4,1,outputs/pdfs_seoul_university/서울_대학__CUL1117__Introduction_to_Digital_Photography.pdf,ok
CUL1118,The Language of Global Cuisine,H0002256,서울 대학,대학(학부/서울),2015/1 ~ 2027/2,2024,2,2026,1,21,4,1,outputs/pdfs_seoul_university/서울_대학__CUL1118__The_Language_of_Global_Cuisine.pdf,ok
CUL1119,인구변화와미래복지,H0004318,사회혁신융합전공,사회혁신융합전공,2013/1 ~ 2027/2,2024,2,2026,1,12,4,2,outputs/pdfs_full/사회혁신융합전공__CUL1119__인구변화와미래복지.pdf,ok
CUL1120,"빅데이터,사물인터넷,그리고인문학적상상력",H0002256,서울 대학,대학(학부/서울),2017/2 ~ 2027/2,2022,2,2025,2,8,4,1,"outputs/pdfs_seoul_university/서울_대학__CUL1120__빅데이터,사물인터넷,그리고인문학적상상력.pdf",ok
CUL1121,사회혁신캡스톤디자인(Plus),H0004318,사회혁신융합전공,사회혁신융합전공,2017/1 ~ 2024/2,,,,,0,0,2,outputs/pdfs_full/사회혁신융합전공__CUL1121__사회혁신캡스톤디자인(Plus).pdf,not_found
CUL1122,창의적프로그래밍,H0004816,간호학과,간호학과,2023/1 ~ 2028/2,2024,2,2026,1,31,4,44,outputs/pdfs_full/간호학과__CUL1122__창의적프로그래밍.pdf,ok
CUL1123,"기술,공학과경제분석",H0002256,서울 대학,대학(학부/서울),2017/2 ~ 2027/2,2017,2,2017,2,3,1,1,"outputs/pdfs_seoul_university/서울_대학__CUL1123__기술,공학과경제분석.pdf",ok
CUL1124,맞춤형성장멘토링교과목I,H0002256,서울 대학,대학(학부/서울),2017/2 ~ 2025/2,,,,,0,0,1,outputs/pdfs_seoul_university/서울_대학__CUL1124__맞춤형성장멘토링교과목I.pdf,not_found
CUL1125,여성공학인재양성을위한소그룹진로멘토링2,H0002256,서울 대학,대학(학부/서울),2017/2 ~ 2027/2,2018,2,2018,2,1,1,1,outputs/pdfs_seoul_university/서울_대학__CUL1125__여성공학인재양성을위한소그룹진로멘토링2.pdf,ok
CUL1126,여성공학자연계멘토링,H0002256,서울 대학,대학(학부/서울),2017/2 ~ 2025/2,,,,,0,0,1,outputs/pdfs_seoul_university/서울_대학__CUL1126__여성공학자연계멘토링.pdf,not_found
CUL1127,스타트업을위한국제통상이야기,H0002256,서울 대학,대학(학부/서울),2017/2 ~ 2020/2,2017,2,2019,2,15,3,1,outputs/pdfs_seoul_university/서울_대학__CUL1127__스타트업을위한국제통상이야기.pdf,ok
CUL1128,인체용어의이해,H0002256,서울 대학,대학(학부/서울),2017/2 ~ 2027/2,2024,1,2026,1,15,4,1,outputs/pdfs_seoul_university/서울_대학__CUL1128__인체용어의이해.pdf,ok
CUL1129,자기를찾아가는에니어그램,H0002256,서울 대학,대학(학부/서울),2017/2 ~ 2027/2,2024,2,2026,1,15,4,1,outputs/pdfs_seoul_university/서울_대학__CUL1129__자기를찾아가는에니어그램.pdf,ok
CUL1130,환경과법,H0002256,서울 대학,대학(학부/서울),2017/2 ~ 2027/2,2019,1,2022,1,17,5,1,outputs/pdfs_seoul_university/서울_대학__CUL1130__환경과법.pdf,ok
CUL1131,4차산업혁명과비즈니스,H0004322,빅데이터융합전공,빅데이터융합전공,2013/1 ~ 2027/2,2024,2,2026,1,11,4,2,outputs/pdfs_full/빅데이터융합전공__CUL1131__4차산업혁명과비즈니스.pdf,ok
CUL1132,여성공학인재양성을위한소그룹진로멘토링1,H0002256,서울 대학,대학(학부/서울),2018/1 ~ 2027/2,2018,1,2018,1,1,1,1,outputs/pdfs_seoul_university/서울_대학__CUL1132__여성공학인재양성을위한소그룹진로멘토링1.pdf,ok
CUL1133,(여성공학도)기업가정신과창의적사고,H0002256,서울 대학,대학(학부/서울),2018/1 ~ 2027/2,,,,,0,0,1,outputs/pdfs_seoul_university/서울_대학__CUL1133__(여성공학도)기업가정신과창의적사고.pdf,not_found
CUL1134,쿼크에서빅뱅까지,H0002256,서울 대학,대학(학부/서울),2018/1 ~ 2027/2,2023,2,2026,1,26,5,1,outputs/pdfs_seoul_university/서울_대학__CUL1134__쿼크에서빅뱅까지.pdf,ok
CUL1135,4차산업과해양자원,H0002256,서울 대학,대학(학부/서울),2018/1 ~ 2027/2,2024,2,2026,1,15,4,1,outputs/pdfs_seoul_university/서울_대학__CUL1135__4차산업과해양자원.pdf,ok
CUL1136,미생물의세계,H0002256,서울 대학,대학(학부/서울),2018/1 ~ 2027/2,2024,1,2026,1,25,4,1,outputs/pdfs_seoul_university/서울_대학__CUL1136__미생물의세계.pdf,ok
CUL1137,놀이의재발견,H0002256,서울 대학,대학(학부/서울),2018/1 ~ 2027/2,2023,1,2026,1,15,5,1,outputs/pdfs_seoul_university/서울_대학__CUL1137__놀이의재발견.pdf,ok
CUL1138,인공지능과기계학습,H0002886,건축학부,건축학부(학부/서울),2024/1 ~ 2028/2,2024,2,2026,1,17,4,58,outputs/pdfs_full/건축학부__CUL1138__인공지능과기계학습.pdf,ok
CUL1139,4차산업혁명핵심기술의이해,H0002256,서울 대학,대학(학부/서울),2018/2 ~ 2027/2,2024,2,2026,1,18,4,1,outputs/pdfs_seoul_university/서울_대학__CUL1139__4차산업혁명핵심기술의이해.pdf,ok
CUL1140,블록체인기술과산업응용,H0002256,서울 대학,대학(학부/서울),2018/2 ~ 2027/2,2018,2,2018,2,4,1,1,outputs/pdfs_seoul_university/서울_대학__CUL1140__블록체인기술과산업응용.pdf,ok
CUL1141,창의인성프로젝트,H0002256,서울 대학,대학(학부/서울),2019/1 ~ 2026/1,2019,1,2021,1,14,3,1,outputs/pdfs_seoul_university/서울_대학__CUL1141__창의인성프로젝트.pdf,ok
CUL1142,노인에대한이해,H0002256,서울 대학,대학(학부/서울),2019/1 ~ 2027/2,2022,1,2026,1,24,5,1,outputs/pdfs_seoul_university/서울_대학__CUL1142__노인에대한이해.pdf,ok
CUL1143,치매와문화예술,H0002256,서울 대학,대학(학부/서울),2019/1 ~ 2021/1,,,,,0,0,1,outputs/pdfs_seoul_university/서울_대학__CUL1143__치매와문화예술.pdf,not_found
CUL1144,미래기업과법,H0002256,서울 대학,대학(학부/서울),2019/1 ~ 2027/2,2019,1,2021,1,12,3,1,outputs/pdfs_seoul_university/서울_대학__CUL1144__미래기업과법.pdf,ok
CUL1145,중국의사상과종교,H0002256,서울 대학,대학(학부/서울),2019/1 ~ 2027/2,2019,2,2021,2,25,5,1,outputs/pdfs_seoul_university/서울_대학__CUL1145__중국의사상과종교.pdf,ok
CUL1146,한미관계의정치경제,H0002256,서울 대학,대학(학부/서울),2019/1 ~ 2027/2,,,,,0,0,1,outputs/pdfs_seoul_university/서울_대학__CUL1146__한미관계의정치경제.pdf,not_found
CUL1147,사물인터넷시스템(캡스톤디자인),H0002256,서울 대학,대학(학부/서울),2019/1 ~ 2027/2,,,,,0,0,1,outputs/pdfs_seoul_university/서울_대학__CUL1147__사물인터넷시스템(캡스톤디자인).pdf,not_found
CUL1148,뉴미디어와공연예술의현재와미래,H0002256,서울 대학,대학(학부/서울),2019/2 ~ 2027/2,2024,2,2026,1,19,4,1,outputs/pdfs_seoul_university/서울_대학__CUL1148__뉴미디어와공연예술의현재와미래.pdf,ok
CUL1149,스토리텔링으로보는춤,H0002256,서울 대학,대학(학부/서울),2019/2 ~ 2027/2,2024,2,2026,1,12,4,1,outputs/pdfs_seoul_university/서울_대학__CUL1149__스토리텔링으로보는춤.pdf,ok
CUL1150,헌법의이해,H0002256,서울 대학,대학(학부/서울),2019/2 ~ 2027/2,2024,2,2026,1,14,4,1,outputs/pdfs_seoul_university/서울_대학__CUL1150__헌법의이해.pdf,ok
CUL1151,형법의이해,H0002256,서울 대학,대학(학부/서울),2019/2 ~ 2027/2,2024,2,2026,1,18,4,1,outputs/pdfs_seoul_university/서울_대학__CUL1151__형법의이해.pdf,ok
CUL1152,기후변화와임팩트비즈니스,H0004318,사회혁신융합전공,사회혁신융합전공,2019/2 ~ 2029/2,2019,2,2025,2,18,5,2,outputs/pdfs_full/사회혁신융합전공__CUL1152__기후변화와임팩트비즈니스.pdf,ok
CUL1153,멀티미디어로배우는현대생명과학,H0002256,서울 대학,대학(학부/서울),2019/2 ~ 2027/2,2024,2,2026,1,24,4,1,outputs/pdfs_seoul_university/서울_대학__CUL1153__멀티미디어로배우는현대생명과학.pdf,ok
CUL1154,인간행동과동기,H0002256,서울 대학,대학(학부/서울),2019/2 ~ 2027/2,2024,2,2026,1,29,4,1,outputs/pdfs_seoul_university/서울_대학__CUL1154__인간행동과동기.pdf,ok
CUL1155,건강과사회그리고심리학,H0002256,서울 대학,대학(학부/서울),2019/2 ~ 2027/2,2024,2,2026,1,22,4,1,outputs/pdfs_seoul_university/서울_대학__CUL1155__건강과사회그리고심리학.pdf,ok
CUL1156,4차산업혁명과창업,H0003878,창업융합전공,창업융합전공,2021/1 ~ 2028/2,2019,2,2023,2,12,3,2,outputs/pdfs_full/창업융합전공__CUL1156__4차산업혁명과창업.pdf,ok
CUL1157,금융인공지능실무,H0004322,빅데이터융합전공,빅데이터융합전공,2019/2 ~ 2029/2,2024,1,2026,1,18,4,2,outputs/pdfs_full/빅데이터융합전공__CUL1157__금융인공지능실무.pdf,ok
CUL1158,항공업진로의탐색,H0002256,서울 대학,대학(학부/서울),2020/1 ~ 2027/2,2024,2,2026,1,16,4,1,outputs/pdfs_seoul_university/서울_대학__CUL1158__항공업진로의탐색.pdf,ok
CUL1159,아시아시장과소비자,H0002256,서울 대학,대학(학부/서울),2020/1 ~ 2027/2,2022,1,2026,1,15,5,1,outputs/pdfs_seoul_university/서울_대학__CUL1159__아시아시장과소비자.pdf,ok
CUL1160,Korean Politics and Foreign Policy,H0002256,서울 대학,대학(학부/서울),2020/1 ~ 2021/2,2020,1,2020,1,2,1,1,outputs/pdfs_seoul_university/서울_대학__CUL1160__Korean_Politics_and_Foreign_Policy.pdf,ok
CUL1161,SDGs달성을위한CSR과지속가능경영에대한이해,H0002256,서울 대학,대학(학부/서울),2020/1 ~ 2021/2,,,,,0,0,1,outputs/pdfs_seoul_university/서울_대학__CUL1161__SDGs달성을위한CSR과지속가능경영에대한이해.pdf,not_found
CUL1162,히든기업분석을통한취업스펙트럼확장하기,H0002256,서울 대학,대학(학부/서울),2020/1 ~ 2027/2,2020,1,2022,1,5,5,1,outputs/pdfs_seoul_university/서울_대학__CUL1162__히든기업분석을통한취업스펙트럼확장하기.pdf,ok
CUL1163,IT서비스디자인,H0002256,서울 대학,대학(학부/서울),2020/1 ~ 2025/2,2021,2,2022,2,4,2,1,outputs/pdfs_seoul_university/서울_대학__CUL1163__IT서비스디자인.pdf,ok
CUL1164,4차산업혁명과인공지능:융합적분석과인문학적통찰,H0002256,서울 대학,대학(학부/서울),2020/1 ~ 2027/2,2024,2,2026,1,30,4,1,outputs/pdfs_seoul_university/서울_대학__CUL1164__4차산업혁명과인공지능_융합적분석과인문학적통찰.pdf,ok
CUL1165,버추얼피트니스이노베이션,H0002256,서울 대학,대학(학부/서울),2020/1 ~ 2027/2,2022,1,2026,1,12,5,1,outputs/pdfs_seoul_university/서울_대학__CUL1165__버추얼피트니스이노베이션.pdf,ok
CUL1166,버추얼피트니스산업디자인,H0002256,서울 대학,대학(학부/서울),2020/1 ~ 2027/2,2022,2,2025,2,5,4,1,outputs/pdfs_seoul_university/서울_대학__CUL1166__버추얼피트니스산업디자인.pdf,ok
CUL1167,로봇의이해,H0002256,서울 대학,대학(학부/서울),2020/1 ~ 2027/2,2024,2,2026,1,13,4,1,outputs/pdfs_seoul_university/서울_대학__CUL1167__로봇의이해.pdf,ok
CUL1168,이공계를위한영어글쓰기,H0002256,서울 대학,대학(학부/서울),2020/1 ~ 2027/2,2024,2,2026,1,16,4,1,outputs/pdfs_seoul_university/서울_대학__CUL1168__이공계를위한영어글쓰기.pdf,ok
CUL1169,비즈니스글쓰기:설득의방법,H0002256,서울 대학,대학(학부/서울),2020/1 ~ 2027/2,2024,2,2026,1,25,4,1,outputs/pdfs_seoul_university/서울_대학__CUL1169__비즈니스글쓰기_설득의방법.pdf,ok
CUL1170,고급영어토론:설득의기술,H0002256,서울 대학,대학(학부/서울),2020/1 ~ 2027/2,2024,2,2026,1,22,4,1,outputs/pdfs_seoul_university/서울_대학__CUL1170__고급영어토론_설득의기술.pdf,ok
CUL1171,고급영어토론:협상의기술,H0002256,서울 대학,대학(학부/서울),2020/1 ~ 2027/2,2024,2,2026,1,21,4,1,outputs/pdfs_seoul_university/서울_대학__CUL1171__고급영어토론_협상의기술.pdf,ok
CUL1172,현장형데이터기반서비스디자인전략,H0002256,서울 대학,대학(학부/서울),2020/1 ~ 2027/2,2020,1,2021,1,6,2,1,outputs/pdfs_seoul_university/서울_대학__CUL1172__현장형데이터기반서비스디자인전략.pdf,ok
CUL1173,중소벤처경영실무특강,H0002256,서울 대학,대학(학부/서울),2020/1 ~ 2027/2,2020,1,2025,1,4,2,1,outputs/pdfs_seoul_university/서울_대학__CUL1173__중소벤처경영실무특강.pdf,ok
CUL1174,사회혁신을위한미디어의이해,H0004318,사회혁신융합전공,사회혁신융합전공,2020/2 ~ 2028/2,2024,2,2026,1,16,4,2,outputs/pdfs_full/사회혁신융합전공__CUL1174__사회혁신을위한미디어의이해.pdf,ok
CUL1175,4차산업혁명과미디어리터러시,H0002256,서울 대학,대학(학부/서울),2020/1 ~ 2027/2,2020,2,2022,1,16,4,1,outputs/pdfs_seoul_university/서울_대학__CUL1175__4차산업혁명과미디어리터러시.pdf,ok
CUL1176,패션리테일4.0시대옴니채널마케팅,H0002256,서울 대학,대학(학부/서울),2020/2 ~ 2027/2,2024,2,2026,1,5,4,1,outputs/pdfs_seoul_university/서울_대학__CUL1176__패션리테일4.0시대옴니채널마케팅.pdf,ok
CUL1177,디지털인문학,H0002256,서울 대학,대학(학부/서울),2020/2 ~ 2027/2,,,,,0,0,1,outputs/pdfs_seoul_university/서울_대학__CUL1177__디지털인문학.pdf,not_found
CUL1178,IoT데이터마이닝,H0004322,빅데이터융합전공,빅데이터융합전공,2018/2 ~ 2029/2,2020,2,2023,2,9,4,2,outputs/pdfs_full/빅데이터융합전공__CUL1178__IoT데이터마이닝.pdf,ok
CUL1179,빅뱅에서인간까지,H0002256,서울 대학,대학(학부/서울),2021/1 ~ 2027/2,2023,1,2025,2,26,5,1,outputs/pdfs_seoul_university/서울_대학__CUL1179__빅뱅에서인간까지.pdf,ok
CUL1180,뉴리터러시,H0002256,서울 대학,대학(학부/서울),2021/1 ~ 2027/2,2022,1,2025,1,15,5,1,outputs/pdfs_seoul_university/서울_대학__CUL1180__뉴리터러시.pdf,ok
CUL1181,움직임과DesignThinking,H0002256,서울 대학,대학(학부/서울),2021/1 ~ 2025/1,2022,1,2024,1,12,5,1,outputs/pdfs_seoul_university/서울_대학__CUL1181__움직임과DesignThinking.pdf,ok
CUL1182,디지털플랫폼과경제및사회적이슈,H0002256,서울 대학,대학(학부/서울),2021/1 ~ 2027/2,2024,1,2026,1,16,5,1,outputs/pdfs_seoul_university/서울_대학__CUL1182__디지털플랫폼과경제및사회적이슈.pdf,ok
CUL1183,트랜스미디어디자이닝솔루션,H0002256,서울 대학,대학(학부/서울),2021/1 ~ 2027/2,2022,1,2025,2,16,5,1,outputs/pdfs_seoul_university/서울_대학__CUL1183__트랜스미디어디자이닝솔루션.pdf,ok
CUL1184,AR/VR가상공간인터렉티브콘텐츠개발랩,H0002256,서울 대학,대학(학부/서울),2021/1 ~ 2027/2,2024,2,2026,1,8,4,1,outputs/pdfs_seoul_university/서울_대학__CUL1184__AR_VR가상공간인터렉티브콘텐츠개발랩.pdf,ok
CUL1185,전기에너지개론,H0004713,미래전기에너지신기술융합전공,미래전기에너지신기술융합전공,2017/2 ~ 2028/2,2024,2,2026,1,16,4,2,outputs/pdfs_full/미래전기에너지신기술융합전공__CUL1185__전기에너지개론.pdf,ok
CUL1186,문학과예술이론의아포리아에대한동서양의대화,H0002256,서울 대학,대학(학부/서울),2021/2 ~ 2027/2,2024,2,2026,1,28,4,1,outputs/pdfs_seoul_university/서울_대학__CUL1186__문학과예술이론의아포리아에대한동서양의대화.pdf,ok
CUL1187,CEO취업멘토링,H0002256,서울 대학,대학(학부/서울),2021/2 ~ 2027/2,2021,2,2021,2,1,1,1,outputs/pdfs_seoul_university/서울_대학__CUL1187__CEO취업멘토링.pdf,ok
CUL1188,몸과마음을읽는헬스케어,H0002256,서울 대학,대학(학부/서울),2021/2 ~ 2027/2,2023,1,2025,2,9,4,1,outputs/pdfs_seoul_university/서울_대학__CUL1188__몸과마음을읽는헬스케어.pdf,ok
CUL1189,Contemporary Korean Studies,H0004360,글로벌 CEO 창업 융합전공,글로벌 CEO 창업 융합전공,2022/1 ~ 2028/2,2024,2,2026,1,29,4,2,outputs/pdfs_full/글로벌_CEO_창업_융합전공__CUL1189__Contemporary_Korean_Studies.pdf,ok
CUL1190,4차산업혁명과사회의이해,H0002256,서울 대학,대학(학부/서울),2021/2 ~ 2027/2,2022,2,2026,1,16,5,1,outputs/pdfs_seoul_university/서울_대학__CUL1190__4차산업혁명과사회의이해.pdf,ok
CUL1191,물리현상과컴퓨터시뮬레이션,H0002256,서울 대학,대학(학부/서울),2021/2 ~ 2027/2,2021,2,2023,1,3,3,1,outputs/pdfs_seoul_university/서울_대학__CUL1191__물리현상과컴퓨터시뮬레이션.pdf,ok
CUL1192,OTT드라마스토리텔링,H0002256,서울 대학,대학(학부/서울),2022/1 ~ 2027/2,2024,2,2026,1,13,4,1,outputs/pdfs_seoul_university/서울_대학__CUL1192__OTT드라마스토리텔링.pdf,ok
CUL1193,기후변화와종말의상상,H0002256,서울 대학,대학(학부/서울),2022/2 ~ 2027/2,2023,1,2024,2,13,4,1,outputs/pdfs_seoul_university/서울_대학__CUL1193__기후변화와종말의상상.pdf,ok
CUL1194,지속가능성장과기업의ESG정책,H0002256,서울 대학,대학(학부/서울),2022/2 ~ 2027/2,2022,2,2023,1,9,2,1,outputs/pdfs_seoul_university/서울_대학__CUL1194__지속가능성장과기업의ESG정책.pdf,ok
CUL1195,"ESG와사회혁신,커뮤니케이션",H0002256,서울 대학,대학(학부/서울),2023/1 ~ 2027/2,,,,,0,0,1,"outputs/pdfs_seoul_university/서울_대학__CUL1195__ESG와사회혁신,커뮤니케이션.pdf",not_found
CUL1196,FutureTechLiteracy:꼭알아야할미래기술은무엇인가,H0002256,서울 대학,대학(학부/서울),2023/1 ~ 2027/2,2023,1,2023,1,5,1,1,outputs/pdfs_seoul_university/서울_대학__CUL1196__FutureTechLiteracy_꼭알아야할미래기술은무엇인가.pdf,ok
CUL1197,뇌과학으로알아보는나의정신과마음,H0002256,서울 대학,대학(학부/서울),2023/1 ~ 2027/2,2023,1,2023,2,11,2,1,outputs/pdfs_seoul_university/서울_대학__CUL1197__뇌과학으로알아보는나의정신과마음.pdf,ok
CUL1198,인공지능기술기반에너지관리시스템의이해,H0002256,서울 대학,대학(학부/서울),2023/1 ~ 2027/2,2023,2,2026,1,4,3,1,outputs/pdfs_seoul_university/서울_대학__CUL1198__인공지능기술기반에너지관리시스템의이해.pdf,ok
CUL1199,미국의문화와사회,H0002256,서울 대학,대학(학부/서울),2023/2 ~ 2027/2,2023,2,2026,1,25,4,1,outputs/pdfs_seoul_university/서울_대학__CUL1199__미국의문화와사회.pdf,ok
CUL1200,20세기일본과21세기중국,H0002256,서울 대학,대학(학부/서울),2023/2 ~ 2027/2,2023,2,2025,2,15,3,1,outputs/pdfs_seoul_university/서울_대학__CUL1200__20세기일본과21세기중국.pdf,ok
CUL1201,의사소통과이미지메이킹론,H0002256,서울 대학,대학(학부/서울),2023/2 ~ 2027/2,2024,2,2026,1,16,4,1,outputs/pdfs_seoul_university/서울_대학__CUL1201__의사소통과이미지메이킹론.pdf,ok
CUL1202,뉴스포츠,H0002256,서울 대학,대학(학부/서울),2023/2 ~ 2027/2,2024,2,2026,1,5,4,1,outputs/pdfs_seoul_university/서울_대학__CUL1202__뉴스포츠.pdf,ok
CUL1203,효과적인영어어휘학습전략,H0002256,서울 대학,대학(학부/서울),2023/2 ~ 2027/2,2023,2,2026,1,9,3,1,outputs/pdfs_seoul_university/서울_대학__CUL1203__효과적인영어어휘학습전략.pdf,ok
CUL1204,학문적영어읽기:이해와해석,H0002256,서울 대학,대학(학부/서울),2023/2 ~ 2027/2,2024,2,2025,2,6,2,1,outputs/pdfs_seoul_university/서울_대학__CUL1204__학문적영어읽기_이해와해석.pdf,ok
CUL1205,Art&Brain:뇌과학으로예술이해하기,H0002256,서울 대학,대학(학부/서울),2023/2 ~ 2027/2,2023,2,2023,2,6,1,1,outputs/pdfs_seoul_university/서울_대학__CUL1205__Art&Brain_뇌과학으로예술이해하기.pdf,ok
CUL1206,기후환경에따른환경문제와융복합처리기술,H0002256,서울 대학,대학(학부/서울),2023/2 ~ 2027/2,,,,,0,0,1,outputs/pdfs_seoul_university/서울_대학__CUL1206__기후환경에따른환경문제와융복합처리기술.pdf,not_found
CUL1207,반도체의물리와화학,H0002256,서울 대학,대학(학부/서울),2023/2 ~ 2027/2,,,,,0,0,1,outputs/pdfs_seoul_university/서울_대학__CUL1207__반도체의물리와화학.pdf,not_found
CUL1208,기술시장데이터분석,H0002256,서울 대학,대학(학부/서울),2023/2 ~ 2026/1,2023,2,2025,1,8,3,1,outputs/pdfs_seoul_university/서울_대학__CUL1208__기술시장데이터분석.pdf,ok
CUL1209,기술전략과R&D기획,H0005006,한양인터칼리지학부,한양인터칼리지학부,2027/1 ~ 2029/2,2023,2,2025,1,5,3,5,outputs/pdfs_full/한양인터칼리지학부__CUL1209__기술전략과R&D기획.pdf,ok
CUL1210,소통과갈등의이해,H0002256,서울 대학,대학(학부/서울),2024/1 ~ 2027/2,2024,2,2026,1,14,4,1,outputs/pdfs_seoul_university/서울_대학__CUL1210__소통과갈등의이해.pdf,ok
CUL1211,우리말어원의세계,H0002256,서울 대학,대학(학부/서울),2024/1 ~ 2027/2,2024,2,2026,1,16,4,1,outputs/pdfs_seoul_university/서울_대학__CUL1211__우리말어원의세계.pdf,ok
CUL1212,MBTI유형에따른대화전략,H0002256,서울 대학,대학(학부/서울),2024/1 ~ 2027/2,2024,2,2026,1,19,4,1,outputs/pdfs_seoul_university/서울_대학__CUL1212__MBTI유형에따른대화전략.pdf,ok
CUL1213,직장인을위한프레젠테이션,H0002256,서울 대학,대학(학부/서울),2024/1 ~ 2027/2,2024,2,2026,1,9,4,1,outputs/pdfs_seoul_university/서울_대학__CUL1213__직장인을위한프레젠테이션.pdf,ok
CUL1214,스마트장치의이해,H0002256,서울 대학,대학(학부/서울),2024/1 ~ 2027/2,2024,2,2026,1,8,4,1,outputs/pdfs_seoul_university/서울_대학__CUL1214__스마트장치의이해.pdf,ok
CUL1215,21세기뮤지컬과미래예술,H0002256,서울 대학,대학(학부/서울),2024/1 ~ 2027/2,2024,2,2026,1,18,4,1,outputs/pdfs_seoul_university/서울_대학__CUL1215__21세기뮤지컬과미래예술.pdf,ok
CUL1216,호신술과자기방어,H0002256,서울 대학,대학(학부/서울),2024/1 ~ 2027/2,2024,2,2026,1,12,4,1,outputs/pdfs_seoul_university/서울_대학__CUL1216__호신술과자기방어.pdf,ok
CUL1217,명화속에숨어있는심리학,H0002256,서울 대학,대학(학부/서울),2024/1 ~ 2027/2,2024,2,2026,1,19,4,1,outputs/pdfs_seoul_university/서울_대학__CUL1217__명화속에숨어있는심리학.pdf,ok
CUL1218,인간발달담론,H0002256,서울 대학,대학(학부/서울),2024/1 ~ 2027/2,2024,1,2025,2,9,3,1,outputs/pdfs_seoul_university/서울_대학__CUL1218__인간발달담론.pdf,ok
CUL1219,ESG의이론과실제,H0002256,서울 대학,대학(학부/서울),2024/1 ~ 2027/2,2024,1,2026,1,9,3,1,outputs/pdfs_seoul_university/서울_대학__CUL1219__ESG의이론과실제.pdf,ok
CUL1220,Ethics of Science and Technology,H0002256,서울 대학,대학(학부/서울),2024/1 ~ 2027/2,2024,2,2026,1,16,4,1,outputs/pdfs_seoul_university/서울_대학__CUL1220__Ethics_of_Science_and_Technology.pdf,ok
CUL1221,Fact versus Fiction: Media Literacy and Detecting Fake News,H0002256,서울 대학,대학(학부/서울),2024/1 ~ 2027/2,2024,2,2026,1,22,4,1,outputs/pdfs_seoul_university/서울_대학__CUL1221__Fact_versus_Fiction__Media_Literacy_and_Detecting_Fake_News.pdf,ok
CUL1222,Neuromarketing & AI: Unlocking consumerinsights,H0002256,서울 대학,대학(학부/서울),2024/1 ~ 2027/2,2024,1,2024,2,7,2,1,outputs/pdfs_seoul_university/서울_대학__CUL1222__Neuromarketing_&_AI__Unlocking_consumerinsights.pdf,ok
CUL1223,과학과대중,H0002256,서울 대학,대학(학부/서울),2024/1 ~ 2027/2,2024,1,2026,1,16,3,1,outputs/pdfs_seoul_university/서울_대학__CUL1223__과학과대중.pdf,ok
CUL1224,과학의탈국가화,H0002256,서울 대학,대학(학부/서울),2024/1 ~ 2027/2,2024,2,2026,1,5,4,1,outputs/pdfs_seoul_university/서울_대학__CUL1224__과학의탈국가화.pdf,ok
CUL1225,동양신화와문화콘텐츠스토리텔링,H0002256,서울 대학,대학(학부/서울),2024/1 ~ 2027/2,2024,2,2026,1,19,4,1,outputs/pdfs_seoul_university/서울_대학__CUL1225__동양신화와문화콘텐츠스토리텔링.pdf,ok
CUL1226,인문학도를위한창의적코딩,H0002256,서울 대학,대학(학부/서울),2024/1 ~ 2027/2,2024,2,2026,1,12,4,1,outputs/pdfs_seoul_university/서울_대학__CUL1226__인문학도를위한창의적코딩.pdf,ok
CUL1227,디지털교육과ODA,H0002256,서울 대학,대학(학부/서울),2024/1 ~ 2026/1,2024,1,2024,1,3,1,1,outputs/pdfs_seoul_university/서울_대학__CUL1227__디지털교육과ODA.pdf,ok
CUL1228,인문학도를위한컴퓨팅의시작,H0002256,서울 대학,대학(학부/서울),2024/2 ~ 2027/2,2024,2,2025,2,6,2,1,outputs/pdfs_seoul_university/서울_대학__CUL1228__인문학도를위한컴퓨팅의시작.pdf,ok
CUL1229,AI혁명:최첨단비즈니스전략마스터하기,H0002256,서울 대학,대학(학부/서울),2024/2 ~ 2027/2,2025,1,2026,1,12,3,1,outputs/pdfs_seoul_university/서울_대학__CUL1229__AI혁명_최첨단비즈니스전략마스터하기.pdf,ok
CUL1230,교양풋살,H0002256,서울 대학,대학(학부/서울),2024/2 ~ 2027/2,2024,2,2026,1,10,3,1,outputs/pdfs_seoul_university/서울_대학__CUL1230__교양풋살.pdf,ok
CUL1231,데이터와법,H0002256,서울 대학,대학(학부/서울),2024/2 ~ 2027/2,2026,1,2026,1,5,1,1,outputs/pdfs_seoul_university/서울_대학__CUL1231__데이터와법.pdf,ok
CUL1232,"질병과장애,고통의음악학",H0002256,서울 대학,대학(학부/서울),2025/1 ~ 2027/2,2025,1,2026,1,14,3,1,"outputs/pdfs_seoul_university/서울_대학__CUL1232__질병과장애,고통의음악학.pdf",ok
CUL1233,로봇시대의논쟁,H0002256,서울 대학,대학(학부/서울),2025/1 ~ 2027/2,2025,1,2026,1,14,3,1,outputs/pdfs_seoul_university/서울_대학__CUL1233__로봇시대의논쟁.pdf,ok
CUL1234,무용미학의언어와감각,H0002256,서울 대학,대학(학부/서울),2025/1 ~ 2027/2,2025,2,2026,1,12,2,1,outputs/pdfs_seoul_university/서울_대학__CUL1234__무용미학의언어와감각.pdf,ok
CUL1235,아프리카창업아카데미,H0002256,서울 대학,대학(학부/서울),2025/1 ~ 2027/2,2025,1,2025,1,3,1,1,outputs/pdfs_seoul_university/서울_대학__CUL1235__아프리카창업아카데미.pdf,ok
CUL1236,교양펜싱,H0002256,서울 대학,대학(학부/서울),2025/1 ~ 2027/2,2025,1,2026,1,3,3,1,outputs/pdfs_seoul_university/서울_대학__CUL1236__교양펜싱.pdf,ok
CUL1237,인간다운생활과사회보장법,H0002256,서울 대학,대학(학부/서울),2025/1 ~ 2027/2,2025,1,2026,1,4,2,1,outputs/pdfs_seoul_university/서울_대학__CUL1237__인간다운생활과사회보장법.pdf,ok
CUL1238,파워앱스를활용한현장프로세스디지털전환,H0002256,서울 대학,대학(학부/서울),2025/2 ~ 2027/2,2025,2,2025,2,3,1,1,outputs/pdfs_seoul_university/서울_대학__CUL1238__파워앱스를활용한현장프로세스디지털전환.pdf,ok
CUL1239,딥러닝과생성형인공지능–딥러닝,H0002256,서울 대학,대학(학부/서울),2026/2 ~ 2027/2,,,,,0,0,1,outputs/pdfs_seoul_university/서울_대학__CUL1239__딥러닝과생성형인공지능–딥러닝.pdf,not_found
CUL1240,딥러닝과생성형인공지능-생성형인공지능,H0002256,서울 대학,대학(학부/서울),2026/2 ~ 2027/2,,,,,0,0,1,outputs/pdfs_seoul_university/서울_대학__CUL1240__딥러닝과생성형인공지능-생성형인공지능.pdf,not_found
CUL1241,모두를위한피지컬AI,H0002256,서울 대학,대학(학부/서울),2026/2 ~ 2027/2,,,,,0,0,1,outputs/pdfs_seoul_university/서울_대학__CUL1241__모두를위한피지컬AI.pdf,not_found
CUL1242,생성형AI와플랫폼을활용한산업문제해결,H0002256,서울 대학,대학(학부/서울),2026/2 ~ 2027/2,,,,,0,0,1,outputs/pdfs_seoul_university/서울_대학__CUL1242__생성형AI와플랫폼을활용한산업문제해결.pdf,not_found
CUL1243,현대소비생활과법,H0002256,서울 대학,대학(학부/서울),2026/2 ~ 2027/2,,,,,0,0,1,outputs/pdfs_seoul_university/서울_대학__CUL1243__현대소비생활과법.pdf,not_found
CUL1244,AI시대새로배우는대화법,H0002256,서울 대학,대학(학부/서울),2026/2 ~ 2027/2,,,,,0,0,1,outputs/pdfs_seoul_university/서울_대학__CUL1244__AI시대새로배우는대화법.pdf,not_found
CUL1245,인구로읽는미래사회,H0002256,서울 대학,대학(학부/서울),2026/2 ~ 2027/2,,,,,0,0,1,outputs/pdfs_seoul_university/서울_대학__CUL1245__인구로읽는미래사회.pdf,not_found
CUL1246,고대이집트문명으로의초대,H0002256,서울 대학,대학(학부/서울),2026/2 ~ 2027/2,,,,,0,0,1,outputs/pdfs_seoul_university/서울_대학__CUL1246__고대이집트문명으로의초대.pdf,not_found
CUL2000,사회학의이해,H0003664,사회학과,사회학과,2014/1 ~ 2027/2,2022,2,2025,2,22,4,4,outputs/pdfs_full/사회학과__CUL2000__사회학의이해.pdf,ok
CUL2004,사회학에의초대,H0003664,사회학과,사회학과,2014/1 ~ 2027/2,2022,1,2026,1,39,5,3,outputs/pdfs_full/사회학과__CUL2004__사회학에의초대.pdf,ok
CUL2007,정보화사회,H0003664,사회학과,사회학과,2014/1 ~ 2022/2,2002,2,2020,2,28,5,4,outputs/pdfs_full/사회학과__CUL2007__정보화사회.pdf,ok
CUL2016,관광과지리,H0002256,서울 대학,대학(학부/서울),1997/1 ~ 2027/2,2018,2,2026,1,15,4,1,outputs/pdfs_seoul_university/서울_대학__CUL2016__관광과지리.pdf,ok
CUL2018,교육의이해,H0002718,교육학과,교육학과(학부/서울),1997/1 ~ 2027/2,2022,1,2026,1,10,5,7,outputs/pdfs_full/교육학과__CUL2018__교육의이해.pdf,ok
CUL2019,심리학의이해,H0004816,간호학과,간호학과,2016/1 ~ 2023/2,2024,2,2026,1,25,4,7,outputs/pdfs_full/간호학과__CUL2019__심리학의이해.pdf,ok
CUL2022,말과현대생활,H0002256,서울 대학,대학(학부/서울),1997/1 ~ 2027/2,2024,2,2026,1,19,4,1,outputs/pdfs_seoul_university/서울_대학__CUL2022__말과현대생활.pdf,ok
CUL2024,인간과생활환경,H0002256,서울 대학,대학(학부/서울),1997/1 ~ 2019/1,2017,1,2019,1,36,5,1,outputs/pdfs_seoul_university/서울_대학__CUL2024__인간과생활환경.pdf,ok
CUL2025,가족문제,H0002256,서울 대학,대학(학부/서울),1997/1 ~ 2027/2,2024,2,2026,1,22,4,1,outputs/pdfs_seoul_university/서울_대학__CUL2025__가족문제.pdf,ok
CUL2026,패션과스타일커뮤니케이션,H0002256,서울 대학,대학(학부/서울),1997/1 ~ 2027/2,2022,1,2026,1,29,5,1,outputs/pdfs_seoul_university/서울_대학__CUL2026__패션과스타일커뮤니케이션.pdf,ok
CUL2029,정치사상의이해,H0002256,서울 대학,대학(학부/서울),1997/1 ~ 2016/2,2014,2,2016,2,25,5,1,outputs/pdfs_seoul_university/서울_대학__CUL2029__정치사상의이해.pdf,ok
CUL2040,법과인권,H0002256,서울 대학,대학(학부/서울),1997/1 ~ 2027/2,2023,2,2026,1,21,4,1,outputs/pdfs_seoul_university/서울_대학__CUL2040__법과인권.pdf,ok
CUL2041,법과의료,H0004817,간호학과(야),간호학과(야),2018/1 ~ 2029/2,2005,1,2026,1,20,5,4,outputs/pdfs_full/간호학과(야)__CUL2041__법과의료.pdf,ok
CUL2045,기업과경영의이해,H0002894,경영학부,경영학부(학부/서울/경영),1997/1 ~ 2015/2,2015,2,2017,2,23,5,4,outputs/pdfs_full/경영학부__CUL2045__기업과경영의이해.pdf,ok
CUL2046,기업정보의이해,H0002933,경제금융학부,경제금융학부(학부/서울),1998/1 ~ 2015/2,2015,2,2017,2,28,5,6,outputs/pdfs_full/경제금융학부__CUL2046__기업정보의이해.pdf,ok
CUL2053,현실경제의이해,H0004817,간호학과(야),간호학과(야),2019/1 ~ 2030/2,2023,1,2026,1,31,5,4,outputs/pdfs_full/간호학과(야)__CUL2053__현실경제의이해.pdf,ok
CUL2061,물리현상의원리,H0002256,서울 대학,대학(학부/서울),1997/1 ~ 2013/2,2007,2,2013,2,32,5,1,outputs/pdfs_seoul_university/서울_대학__CUL2061__물리현상의원리.pdf,ok
CUL2075,지진과생활,H0002256,서울 대학,대학(학부/서울),1997/1 ~ 2027/2,2024,2,2026,1,28,4,1,outputs/pdfs_seoul_university/서울_대학__CUL2075__지진과생활.pdf,ok
CUL2080,피부건강과코디네이션,H0002256,서울 대학,대학(학부/서울),1997/1 ~ 2015/1,2011,2,2013,2,27,5,1,outputs/pdfs_seoul_university/서울_대학__CUL2080__피부건강과코디네이션.pdf,ok
CUL2081,가족과건강,H0002256,서울 대학,대학(학부/서울),1997/1 ~ 2015/2,2013,2,2015,2,35,5,1,outputs/pdfs_seoul_university/서울_대학__CUL2081__가족과건강.pdf,ok
CUL2082,영양정보,H0002256,서울 대학,대학(학부/서울),1997/1 ~ 2015/2,2011,1,2015,1,35,5,1,outputs/pdfs_seoul_university/서울_대학__CUL2082__영양정보.pdf,ok
CUL2084,체동학,H0003587,체육학과,체육학과,2013/1 ~ 2022/2,2017,1,2020,2,25,5,2,outputs/pdfs_full/체육학과__CUL2084__체동학.pdf,ok
CUL2090,스키,H0003587,체육학과,체육학과,2017/1 ~ 2022/2,2021,2,2024,2,10,4,3,outputs/pdfs_full/체육학과__CUL2090__스키.pdf,ok
CUL2099,교양스키1,H0002256,서울 대학,대학(학부/서울),1997/1 ~ 2019/2,2012,1,2016,2,5,5,1,outputs/pdfs_seoul_university/서울_대학__CUL2099__교양스키1.pdf,ok
CUL3002,무용해부학,H0003590,무용학과,무용학과,2013/1 ~ 2014/2,2013,1,2014,1,14,2,2,outputs/pdfs_full/무용학과__CUL3002__무용해부학.pdf,ok
CUL3005,운동과다이어트,H0002256,서울 대학,대학(학부/서울),1997/1 ~ 2027/2,2024,2,2026,1,13,4,1,outputs/pdfs_seoul_university/서울_대학__CUL3005__운동과다이어트.pdf,ok
CUL3006,웨이트트레이닝,H0003587,체육학과,체육학과,2016/1 ~ 2022/1,2022,1,2026,1,23,5,4,outputs/pdfs_full/체육학과__CUL3006__웨이트트레이닝.pdf,ok
CUL3011,일반물리학및실험1,H0002521,건축공학부,건축공학부(학부/서울),2005/1 ~ 2027/2,2023,1,2026,1,39,5,17,outputs/pdfs_full/건축공학부__CUL3011__일반물리학및실험1.pdf,ok
CUL3012,일반물리학및실험2,H0002521,건축공학부,건축공학부(학부/서울),2005/1 ~ 2027/2,2022,2,2025,2,31,4,14,outputs/pdfs_full/건축공학부__CUL3012__일반물리학및실험2.pdf,ok
CUL3013,일반생물학및실험1,H0002599,의예과,의예과(학부/서울),1997/1 ~ 2019/2,2015,1,2019,1,40,5,4,outputs/pdfs_full/의예과__CUL3013__일반생물학및실험1.pdf,ok
CUL3014,일반생물학및실험2,H0002599,의예과,의예과(학부/서울),1997/1 ~ 2019/2,2022,2,2025,2,17,4,3,outputs/pdfs_full/의예과__CUL3014__일반생물학및실험2.pdf,ok
CUL3016,교양댄스스포츠,H0002256,서울 대학,대학(학부/서울),2009/1 ~ 2027/2,2024,2,2026,1,4,4,1,outputs/pdfs_seoul_university/서울_대학__CUL3016__교양댄스스포츠.pdf,ok
CUL3020,소시오드라마,H0002256,서울 대학,대학(학부/서울),2000/1 ~ 2015/1,2011,1,2013,2,25,5,1,outputs/pdfs_seoul_university/서울_대학__CUL3020__소시오드라마.pdf,ok
CUL3034,생활속의의학,H0002599,의예과,의예과(학부/서울),2002/1 ~ 2002/2,2017,1,2019,1,39,5,2,outputs/pdfs_full/의예과__CUL3034__생활속의의학.pdf,ok
CUL3036,스크린영어,H0002256,서울 대학,대학(학부/서울),1999/1 ~ 2027/2,2024,2,2026,1,19,4,1,outputs/pdfs_seoul_university/서울_대학__CUL3036__스크린영어.pdf,ok
CUL3045,창의적시쓰기,H0002256,서울 대학,대학(학부/서울),1999/1 ~ 2015/2,2013,2,2015,2,15,5,1,outputs/pdfs_seoul_university/서울_대학__CUL3045__창의적시쓰기.pdf,ok
CUL3050,음악창작과컴퓨터,H0002256,서울 대학,대학(학부/서울),1999/1 ~ 2014/2,2011,1,2013,2,19,5,1,outputs/pdfs_seoul_university/서울_대학__CUL3050__음악창작과컴퓨터.pdf,ok
CUL3052,교양골프1,H0002256,서울 대학,대학(학부/서울),1997/1 ~ 2019/2,2016,2,2018,2,5,5,1,outputs/pdfs_seoul_university/서울_대학__CUL3052__교양골프1.pdf,ok
CUL3060,산업재산권법2,H0003542,법학과,법학과(학부/서울),2004/1 ~ 2016/2,2012,2,2016,2,15,5,1,outputs/pdfs_full/법학과__CUL3060__산업재산권법2.pdf,ok
CUL3065,독일가곡과시,H0002256,서울 대학,대학(학부/서울),1999/1 ~ 2027/2,2011,2,2014,2,31,5,1,outputs/pdfs_seoul_university/서울_대학__CUL3065__독일가곡과시.pdf,ok
CUL3084,영.미문화와영화,H0002256,서울 대학,대학(학부/서울),1999/1 ~ 2027/2,2024,2,2026,1,22,4,1,outputs/pdfs_seoul_university/서울_대학__CUL3084__영.미문화와영화.pdf,ok
CUL3098,북한정치론,H0002256,서울 대학,대학(학부/서울),2000/1 ~ 2014/2,2010,2,2014,1,28,5,1,outputs/pdfs_seoul_university/서울_대학__CUL3098__북한정치론.pdf,ok
CUL3100,American Popular Music of the 20th Century : Cultural and Linguistic Significance,H0002256,서울 대학,대학(학부/서울),2014/2 ~ 2014/2,,,,,0,0,1,outputs/pdfs_seoul_university/서울_대학__CUL3100__American_Popular_Music_of_the_20th_Century___Cultural_and_Linguistic_Significance.pdf,not_found
CUL3101,Cultural and Ethnic Diversity In Korea,H0002256,서울 대학,대학(학부/서울),2014/2 ~ 2027/2,2024,2,2026,1,27,4,1,outputs/pdfs_seoul_university/서울_대학__CUL3101__Cultural_and_Ethnic_Diversity_In_Korea.pdf,ok
CUL3102,The Language of Cinema,H0002256,서울 대학,대학(학부/서울),2014/2 ~ 2027/2,2024,2,2026,1,27,4,1,outputs/pdfs_seoul_university/서울_대학__CUL3102__The_Language_of_Cinema.pdf,ok
CUL4000,서양미술의이해,H0002256,서울 대학,대학(학부/서울),2000/1 ~ 2013/2,2011,1,2013,1,37,5,1,outputs/pdfs_seoul_university/서울_대학__CUL4000__서양미술의이해.pdf,ok
CUL4005,삼국유사풀어읽기,H0002256,서울 대학,대학(학부/서울),2002/1 ~ 2015/1,2011,2,2013,2,23,5,1,outputs/pdfs_seoul_university/서울_대학__CUL4005__삼국유사풀어읽기.pdf,ok
CUL4016,유럽문학속의여성들,H0002256,서울 대학,대학(학부/서울),2008/1 ~ 2013/2,2010,1,2013,2,31,5,1,outputs/pdfs_seoul_university/서울_대학__CUL4016__유럽문학속의여성들.pdf,ok
CUL4023,중국과남북한,H0002256,서울 대학,대학(학부/서울),2001/1 ~ 2014/2,2009,1,2013,1,29,5,1,outputs/pdfs_seoul_university/서울_대학__CUL4023__중국과남북한.pdf,ok
CUL4026,동북아국제관계의이해,H0002256,서울 대학,대학(학부/서울),2001/1 ~ 2014/2,2010,2,2014,2,23,5,1,outputs/pdfs_seoul_university/서울_대학__CUL4026__동북아국제관계의이해.pdf,ok
CUL4028,교양축구1,H0002256,서울 대학,대학(학부/서울),2001/1 ~ 2027/2,2024,2,2026,1,4,4,1,outputs/pdfs_seoul_university/서울_대학__CUL4028__교양축구1.pdf,ok
CUL4030,교양농구1,H0002256,서울 대학,대학(학부/서울),2001/1 ~ 2027/2,2024,2,2026,1,4,4,1,outputs/pdfs_seoul_university/서울_대학__CUL4030__교양농구1.pdf,ok
CUL4032,교양배구1,H0002256,서울 대학,대학(학부/서울),2001/1 ~ 2027/2,2024,2,2026,1,4,4,1,outputs/pdfs_seoul_university/서울_대학__CUL4032__교양배구1.pdf,ok
CUL4034,교양테니스1,H0002256,서울 대학,대학(학부/서울),2001/1 ~ 2027/2,2024,2,2026,1,4,4,1,outputs/pdfs_seoul_university/서울_대학__CUL4034__교양테니스1.pdf,ok
CUL4036,교양탁구1,H0002256,서울 대학,대학(학부/서울),2001/1 ~ 2027/2,2024,2,2026,1,4,4,1,outputs/pdfs_seoul_university/서울_대학__CUL4036__교양탁구1.pdf,ok
CUL4077,발달과부모교육,H0002256,서울 대학,대학(학부/서울),2002/1 ~ 2027/2,2024,2,2026,1,23,4,1,outputs/pdfs_seoul_university/서울_대학__CUL4077__발달과부모교육.pdf,ok
CUL4078,분노와자기관리,H0002256,서울 대학,대학(학부/서울),2002/1 ~ 2027/2,2024,2,2026,1,14,4,1,outputs/pdfs_seoul_university/서울_대학__CUL4078__분노와자기관리.pdf,ok
CUL4088,중국의역사와문화,H0002256,서울 대학,대학(학부/서울),2003/1 ~ 2027/2,2024,2,2026,1,15,4,1,outputs/pdfs_seoul_university/서울_대학__CUL4088__중국의역사와문화.pdf,ok
CUL4089,중국근현대사,H0002256,서울 대학,대학(학부/서울),2003/1 ~ 2027/2,2024,2,2026,1,14,4,1,outputs/pdfs_seoul_university/서울_대학__CUL4089__중국근현대사.pdf,ok
CUL5001,주거학개론,H0002256,서울 대학,대학(학부/서울),2003/1 ~ 2027/2,2024,2,2026,1,22,4,1,outputs/pdfs_seoul_university/서울_대학__CUL5001__주거학개론.pdf,ok
CUL5005,불교사상과인생,H0002256,서울 대학,대학(학부/서울),2003/1 ~ 2027/2,2022,1,2026,1,17,5,1,outputs/pdfs_seoul_university/서울_대학__CUL5005__불교사상과인생.pdf,ok
CUL5013,요가,H0002256,서울 대학,대학(학부/서울),2003/1 ~ 2027/2,2024,2,2026,1,4,4,1,outputs/pdfs_seoul_university/서울_대학__CUL5013__요가.pdf,ok
CUL5018,라틴아메리카문화와예술,H0002256,서울 대학,대학(학부/서울),2004/1 ~ 2027/2,2024,2,2026,1,16,4,1,outputs/pdfs_seoul_university/서울_대학__CUL5018__라틴아메리카문화와예술.pdf,ok
CUL5027,산업재산권법1,H0003542,법학과,법학과(학부/서울),2004/1 ~ 2016/2,2010,1,2016,1,27,5,1,outputs/pdfs_full/법학과__CUL5027__산업재산권법1.pdf,ok
CUL5036,교양배드민턴,H0002256,서울 대학,대학(학부/서울),2009/1 ~ 2027/2,2024,2,2026,1,4,4,1,outputs/pdfs_seoul_university/서울_대학__CUL5036__교양배드민턴.pdf,ok
CUL5042,필수비즈니스한자,H0002256,서울 대학,대학(학부/서울),2005/1 ~ 2027/2,2024,2,2026,1,22,4,1,outputs/pdfs_seoul_university/서울_대학__CUL5042__필수비즈니스한자.pdf,ok
CUL5043,재미있는한자세계,H0002256,서울 대학,대학(학부/서울),2005/1 ~ 2027/2,2024,2,2026,1,13,4,1,outputs/pdfs_seoul_university/서울_대학__CUL5043__재미있는한자세계.pdf,ok
CUL5047,노자와장자의철학이야기,H0002256,서울 대학,대학(학부/서울),2005/1 ~ 2027/2,2013,1,2016,2,24,5,1,outputs/pdfs_seoul_university/서울_대학__CUL5047__노자와장자의철학이야기.pdf,ok
CUL5053,SALT(기업실무능력과리더십),H0003621,간호학전공(야),간호학전공(야),2013/1 ~ 2015/2,2014,2,2016,2,5,5,2,outputs/pdfs_full/간호학전공(야)__CUL5053__SALT(기업실무능력과리더십).pdf,ok
CUL5057,실용일어회화,H0002256,서울 대학,대학(학부/서울),2005/1 ~ 2027/2,2024,2,2026,1,24,4,1,outputs/pdfs_seoul_university/서울_대학__CUL5057__실용일어회화.pdf,ok
CUL5064,디자인과생활,H0002256,서울 대학,대학(학부/서울),2005/1 ~ 2015/2,2013,2,2015,2,33,5,1,outputs/pdfs_seoul_university/서울_대학__CUL5064__디자인과생활.pdf,ok
CUL5066,고전음악의이해,H0002256,서울 대학,대학(학부/서울),2005/1 ~ 2027/2,2024,2,2026,1,13,4,1,outputs/pdfs_seoul_university/서울_대학__CUL5066__고전음악의이해.pdf,ok
CUL5067,현대중국의시장과통상,H0002256,서울 대학,대학(학부/서울),2005/1 ~ 2027/2,2024,2,2026,1,22,4,1,outputs/pdfs_seoul_university/서울_대학__CUL5067__현대중국의시장과통상.pdf,ok
CUL5070,조세법의이해,H0002256,서울 대학,대학(학부/서울),2006/1 ~ 2013/2,2010,1,2013,1,29,5,1,outputs/pdfs_seoul_university/서울_대학__CUL5070__조세법의이해.pdf,ok
CUL6003,성인병과운동,H0002256,서울 대학,대학(학부/서울),2008/1 ~ 2027/2,2024,2,2026,1,10,4,1,outputs/pdfs_seoul_university/서울_대학__CUL6003__성인병과운동.pdf,ok
CUL6004,직업진로와미래설계,H0002256,서울 대학,대학(학부/서울),2008/1 ~ 2027/2,2024,2,2026,1,4,4,1,outputs/pdfs_seoul_university/서울_대학__CUL6004__직업진로와미래설계.pdf,ok
CUL6008,문화인류학으로의여행,H0002256,서울 대학,대학(학부/서울),2009/1 ~ 2013/2,2011,2,2013,2,32,5,1,outputs/pdfs_seoul_university/서울_대학__CUL6008__문화인류학으로의여행.pdf,ok
CUL6010,파워인재직무역량,H0002256,서울 대학,대학(학부/서울),2008/1 ~ 2027/2,2013,2,2015,2,5,5,1,outputs/pdfs_seoul_university/서울_대학__CUL6010__파워인재직무역량.pdf,ok
CUL6011,글로벌기업직무역량과정,H0002256,서울 대학,대학(학부/서울),2008/1 ~ 2027/2,2019,2,2021,2,5,5,1,outputs/pdfs_seoul_university/서울_대학__CUL6011__글로벌기업직무역량과정.pdf,ok
CUL6013,추리와논증,H0002256,서울 대학,대학(학부/서울),2009/1 ~ 2015/1,2011,2,2013,2,26,5,1,outputs/pdfs_seoul_university/서울_대학__CUL6013__추리와논증.pdf,ok
CUL6014,연극치료,H0002256,서울 대학,대학(학부/서울),2009/1 ~ 2027/2,2024,2,2026,1,19,4,1,outputs/pdfs_seoul_university/서울_대학__CUL6014__연극치료.pdf,ok
CUL6017,외국인을위한한국의역사와문화,H0002256,서울 대학,대학(학부/서울),2009/1 ~ 2027/2,2024,2,2026,1,29,4,1,outputs/pdfs_seoul_university/서울_대학__CUL6017__외국인을위한한국의역사와문화.pdf,ok
CUL6019,고전읽기,H0003588,스포츠산업학과,스포츠산업학과,2016/1 ~ 2016/2,2010,1,2012,2,5,5,2,outputs/pdfs_full/스포츠산업학과__CUL6019__고전읽기.pdf,ok
CUL6022,표현을통한자기계발,H0002256,서울 대학,대학(학부/서울),2009/1 ~ 2015/1,2011,2,2013,2,27,5,1,outputs/pdfs_seoul_university/서울_대학__CUL6022__표현을통한자기계발.pdf,ok
CUL6023,가곡감상과가창,H0002256,서울 대학,대학(학부/서울),2009/1 ~ 2013/2,2011,2,2013,2,26,5,1,outputs/pdfs_seoul_university/서울_대학__CUL6023__가곡감상과가창.pdf,ok
CUL6025,생명공학의이해,H0002256,서울 대학,대학(학부/서울),2009/1 ~ 2027/2,2024,2,2026,1,13,4,1,outputs/pdfs_seoul_university/서울_대학__CUL6025__생명공학의이해.pdf,ok
CUL6026,생명과학입문,H0002256,서울 대학,대학(학부/서울),2009/1 ~ 2027/2,2020,1,2024,1,24,5,1,outputs/pdfs_seoul_university/서울_대학__CUL6026__생명과학입문.pdf,ok
CUL6027,문화예술마케팅,H0002256,서울 대학,대학(학부/서울),2009/1 ~ 2015/1,2012,1,2014,1,28,5,1,outputs/pdfs_seoul_university/서울_대학__CUL6027__문화예술마케팅.pdf,ok
CUL6029,세상을움직이는커뮤니케이션,H0002256,서울 대학,대학(학부/서울),2009/1 ~ 2015/1,2012,2,2014,2,23,5,1,outputs/pdfs_seoul_university/서울_대학__CUL6029__세상을움직이는커뮤니케이션.pdf,ok
CUL6031,세상으로걸어간과학기술자들,H0002936,STS(과학기술학)전공,STS(과학기술학)전공,2018/1 ~ 2021/2,2022,2,2026,1,21,4,2,outputs/pdfs_full/STS(과학기술학)전공__CUL6031__세상으로걸어간과학기술자들.pdf,ok
CUL6034,공학영어프레젠테이션,H0002256,서울 대학,대학(학부/서울),2009/1 ~ 2027/2,2012,2,2014,2,23,5,1,outputs/pdfs_seoul_university/서울_대학__CUL6034__공학영어프레젠테이션.pdf,ok
CUL6037,과학기술학의새로운지평,H0002936,STS(과학기술학)전공,STS(과학기술학)전공,2018/1 ~ 2021/2,2024,2,2026,1,19,4,2,outputs/pdfs_full/STS(과학기술학)전공__CUL6037__과학기술학의새로운지평.pdf,ok
CUL6042,R&D전략과기술사업화,H0002256,서울 대학,대학(학부/서울),2009/1 ~ 2015/1,2013,1,2015,1,20,5,1,outputs/pdfs_seoul_university/서울_대학__CUL6042__R&D전략과기술사업화.pdf,ok
CUL6045,글로벌CEO의비전과전략,H0002256,서울 대학,대학(학부/서울),2009/1 ~ 2014/2,2012,2,2014,2,26,5,1,outputs/pdfs_seoul_university/서울_대학__CUL6045__글로벌CEO의비전과전략.pdf,ok
CUL6046,기술경영의이해,H0002256,서울 대학,대학(학부/서울),2009/1 ~ 2015/1,2013,1,2015,1,20,5,1,outputs/pdfs_seoul_university/서울_대학__CUL6046__기술경영의이해.pdf,ok
CUL6047,현대인의질병과식생활,H0002256,서울 대학,대학(학부/서울),2009/1 ~ 2015/1,2010,2,2014,2,30,5,1,outputs/pdfs_seoul_university/서울_대학__CUL6047__현대인의질병과식생활.pdf,ok
CUL6048,식생활과안전,H0002256,서울 대학,대학(학부/서울),2009/1 ~ 2026/1,2014,2,2025,2,16,5,1,outputs/pdfs_seoul_university/서울_대학__CUL6048__식생활과안전.pdf,ok
CUL6056,교양웨이트트레이닝,H0002256,서울 대학,대학(학부/서울),2009/1 ~ 2027/2,2024,2,2026,1,4,4,1,outputs/pdfs_seoul_university/서울_대학__CUL6056__교양웨이트트레이닝.pdf,ok
CUL6059,언어와논리,H0002256,서울 대학,대학(학부/서울),2009/1 ~ 2015/1,2011,2,2013,2,26,5,1,outputs/pdfs_seoul_university/서울_대학__CUL6059__언어와논리.pdf,ok
CUL6060,여성건강학,H0002256,서울 대학,대학(학부/서울),2009/1 ~ 2014/2,2011,2,2013,2,27,5,1,outputs/pdfs_seoul_university/서울_대학__CUL6060__여성건강학.pdf,ok
CUL6069,CEO세미나(혁신과변화),H0002256,서울 대학,대학(학부/서울),2011/1 ~ 2027/2,2024,2,2026,1,4,4,1,outputs/pdfs_seoul_university/서울_대학__CUL6069__CEO세미나(혁신과변화).pdf,ok
CUL6070,CEO특강-성공하는CEO의조건,H0002256,서울 대학,대학(학부/서울),2011/1 ~ 2016/2,2014,1,2016,1,5,5,1,outputs/pdfs_seoul_university/서울_대학__CUL6070__CEO특강-성공하는CEO의조건.pdf,ok
CUL6075,아시아론,H0002256,서울 대학,대학(학부/서울),2009/1 ~ 2027/2,2016,2,2021,1,5,5,1,outputs/pdfs_seoul_university/서울_대학__CUL6075__아시아론.pdf,ok
CUL6077,상상력을자극하는한자교실,H0002256,서울 대학,대학(학부/서울),2012/1 ~ 2027/2,2024,2,2026,1,23,4,1,outputs/pdfs_seoul_university/서울_대학__CUL6077__상상력을자극하는한자교실.pdf,ok
CUL6078,미디어로세상읽기,H0002256,서울 대학,대학(학부/서울),2012/1 ~ 2027/2,2024,2,2026,1,18,4,1,outputs/pdfs_seoul_university/서울_대학__CUL6078__미디어로세상읽기.pdf,ok
CUL6079,분석과비판,H0002256,서울 대학,대학(학부/서울),2012/1 ~ 2027/2,2024,2,2026,1,13,4,1,outputs/pdfs_seoul_university/서울_대학__CUL6079__분석과비판.pdf,ok
CUL6080,문화혼융의시읽기,H0002256,서울 대학,대학(학부/서울),2012/1 ~ 2017/1,2012,2,2015,2,35,5,1,outputs/pdfs_seoul_university/서울_대학__CUL6080__문화혼융의시읽기.pdf,ok
CUL6081,뉴벤처창업워크샵,H0002256,서울 대학,대학(학부/서울),2012/1 ~ 2014/2,2012,2,2014,2,9,3,1,outputs/pdfs_seoul_university/서울_대학__CUL6081__뉴벤처창업워크샵.pdf,ok
CUL6082,특허정보를활용한창업전략,H0002256,서울 대학,대학(학부/서울),2012/1 ~ 2014/2,2012,1,2013,1,10,2,1,outputs/pdfs_seoul_university/서울_대학__CUL6082__특허정보를활용한창업전략.pdf,ok
CUL6083,인간심리를바탕으로한합리적의사결정,H0002256,서울 대학,대학(학부/서울),2012/1 ~ 2015/2,2012,2,2015,2,21,4,1,outputs/pdfs_seoul_university/서울_대학__CUL6083__인간심리를바탕으로한합리적의사결정.pdf,ok
CUL6084,생활속의심리학,H0002256,서울 대학,대학(학부/서울),2012/1 ~ 2022/1,2017,2,2020,2,28,5,1,outputs/pdfs_seoul_university/서울_대학__CUL6084__생활속의심리학.pdf,ok
CUL6085,패션아이콘으로문화읽기,H0002256,서울 대학,대학(학부/서울),2012/1 ~ 2025/1,2014,1,2024,2,29,5,1,outputs/pdfs_seoul_university/서울_대학__CUL6085__패션아이콘으로문화읽기.pdf,ok
CUL6086,인간과음악적상상력,H0002256,서울 대학,대학(학부/서울),2012/1 ~ 2027/2,2024,2,2026,1,20,4,1,outputs/pdfs_seoul_university/서울_대학__CUL6086__인간과음악적상상력.pdf,ok
CUL6091,고전과사상,H0002256,서울 대학,대학(학부/서울),2012/1 ~ 2027/2,2013,1,2015,2,20,5,1,outputs/pdfs_seoul_university/서울_대학__CUL6091__고전과사상.pdf,ok
CUL6092,20대의논어읽기,H0002256,서울 대학,대학(학부/서울),2012/1 ~ 2027/2,2024,2,2026,1,24,4,1,outputs/pdfs_seoul_university/서울_대학__CUL6092__20대의논어읽기.pdf,ok
CUL6093,고전으로읽는정치,H0002256,서울 대학,대학(학부/서울),2012/1 ~ 2027/2,2013,2,2015,2,19,5,1,outputs/pdfs_seoul_university/서울_대학__CUL6093__고전으로읽는정치.pdf,ok
CUL6094,사마천과의대화,H0002256,서울 대학,대학(학부/서울),2013/1 ~ 2027/2,2024,2,2026,1,31,4,1,outputs/pdfs_seoul_university/서울_대학__CUL6094__사마천과의대화.pdf,ok
CUL6095,영화로읽는영미고전문학,H0002256,서울 대학,대학(학부/서울),2013/1 ~ 2019/1,2016,2,2019,1,30,5,1,outputs/pdfs_seoul_university/서울_대학__CUL6095__영화로읽는영미고전문학.pdf,ok
CUL6096,영미고전산책,H0002256,서울 대학,대학(학부/서울),2013/1 ~ 2027/2,2015,1,2019,1,30,5,1,outputs/pdfs_seoul_university/서울_대학__CUL6096__영미고전산책.pdf,ok
CUL6097,제왕학으로노자와한비자읽기,H0002256,서울 대학,대학(학부/서울),2013/1 ~ 2018/2,2014,1,2016,1,25,5,1,outputs/pdfs_seoul_university/서울_대학__CUL6097__제왕학으로노자와한비자읽기.pdf,ok
CUL6098,생명이란무엇인가?정신과물질,H0002256,서울 대학,대학(학부/서울),2013/1 ~ 2027/2,2023,2,2025,2,30,5,1,outputs/pdfs_seoul_university/서울_대학__CUL6098__생명이란무엇인가_정신과물질.pdf,ok
CUL6099,종의기원과진화,H0002256,서울 대학,대학(학부/서울),2013/1 ~ 2027/2,2023,2,2025,2,28,5,1,outputs/pdfs_seoul_university/서울_대학__CUL6099__종의기원과진화.pdf,ok
CUL6100,Capturing the Essence of Outliers: Exploring the Minds of Innovative Leaders,H0002256,서울 대학,대학(학부/서울),2015/2 ~ 2027/2,2024,2,2026,1,24,4,1,outputs/pdfs_seoul_university/서울_대학__CUL6100__Capturing_the_Essence_of_Outliers__Exploring_the_Minds_of_Innovative_Leaders.pdf,ok
CUL6101,"Globalisation, Ethics and International Development",H0002256,서울 대학,대학(학부/서울),2015/2 ~ 2027/2,2024,2,2026,1,18,4,1,"outputs/pdfs_seoul_university/서울_대학__CUL6101__Globalisation,_Ethics_and_International_Development.pdf",ok
CUL6102,Science Fiction and Society,H0002256,서울 대학,대학(학부/서울),2015/2 ~ 2027/2,2024,2,2026,1,21,4,1,outputs/pdfs_seoul_university/서울_대학__CUL6102__Science_Fiction_and_Society.pdf,ok
CUL6103,행복의사회학,H0002256,서울 대학,대학(학부/서울),2015/2 ~ 2017/2,2015,2,2017,2,20,4,1,outputs/pdfs_seoul_university/서울_대학__CUL6103__행복의사회학.pdf,ok
CUL6104,수사학으로읽는미디어와대중문화,H0002256,서울 대학,대학(학부/서울),2015/2 ~ 2027/2,2024,2,2026,1,15,4,1,outputs/pdfs_seoul_university/서울_대학__CUL6104__수사학으로읽는미디어와대중문화.pdf,ok
CUL6105,영화로읽는서양정치사상,H0002256,서울 대학,대학(학부/서울),2015/2 ~ 2019/1,2015,2,2018,1,28,5,1,outputs/pdfs_seoul_university/서울_대학__CUL6105__영화로읽는서양정치사상.pdf,ok
CUL6106,융합캡스톤디자인과TRIZ-2,H0002256,서울 대학,대학(학부/서울),2015/2 ~ 2017/1,2015,2,2015,2,4,1,1,outputs/pdfs_seoul_university/서울_대학__CUL6106__융합캡스톤디자인과TRIZ-2.pdf,ok
CUL6107,영성과음악,H0002256,서울 대학,대학(학부/서울),2015/2 ~ 2027/2,2024,2,2026,1,12,4,1,outputs/pdfs_seoul_university/서울_대학__CUL6107__영성과음악.pdf,ok
CUL6108,기업실무중심의식스시그마,H0002256,서울 대학,대학(학부/서울),2015/2 ~ 2027/2,2015,2,2016,2,9,3,1,outputs/pdfs_seoul_university/서울_대학__CUL6108__기업실무중심의식스시그마.pdf,ok
CUL7000,정의란무엇인가?,H0002256,서울 대학,대학(학부/서울),2013/1 ~ 2027/2,2013,2,2015,2,21,5,1,outputs/pdfs_seoul_university/서울_대학__CUL7000__정의란무엇인가_.pdf,ok
CUL7001,예술을어떻게읽을것인가?,H0002256,서울 대학,대학(학부/서울),2013/1 ~ 2027/2,2013,2,2015,2,20,5,1,outputs/pdfs_seoul_university/서울_대학__CUL7001__예술을어떻게읽을것인가_.pdf,ok
CUL7002,교양으로읽는삼국지,H0002256,서울 대학,대학(학부/서울),2013/1 ~ 2014/2,2013,1,2014,2,19,4,1,outputs/pdfs_seoul_university/서울_대학__CUL7002__교양으로읽는삼국지.pdf,ok
CUL7003,"희망과진실의서사학,동화읽기",H0002256,서울 대학,대학(학부/서울),2013/1 ~ 2014/2,2013,1,2014,2,20,4,1,"outputs/pdfs_seoul_university/서울_대학__CUL7003__희망과진실의서사학,동화읽기.pdf",ok
CUL7004,그리스신화와함께읽는고전,H0002256,서울 대학,대학(학부/서울),2013/1 ~ 2014/2,2013,1,2014,2,25,4,1,outputs/pdfs_seoul_university/서울_대학__CUL7004__그리스신화와함께읽는고전.pdf,ok
CUL7005,사랑의문화정치학,H0002256,서울 대학,대학(학부/서울),2013/1 ~ 2014/2,2013,1,2014,2,15,4,1,outputs/pdfs_seoul_university/서울_대학__CUL7005__사랑의문화정치학.pdf,ok
CUL7006,성과인간,H0002256,서울 대학,대학(학부/서울),2013/1 ~ 2014/2,2013,1,2014,2,24,4,1,outputs/pdfs_seoul_university/서울_대학__CUL7006__성과인간.pdf,ok
CUL7007,언어에매혹된철학,H0002256,서울 대학,대학(학부/서울),2013/1 ~ 2014/2,2013,1,2014,2,15,4,1,outputs/pdfs_seoul_university/서울_대학__CUL7007__언어에매혹된철학.pdf,ok
CUL7008,테러리즘의시대읽기,H0002256,서울 대학,대학(학부/서울),2013/1 ~ 2025/2,2013,2,2016,1,24,5,1,outputs/pdfs_seoul_university/서울_대학__CUL7008__테러리즘의시대읽기.pdf,ok
CUL7009,인문학과예술이본인간,H0002256,서울 대학,대학(학부/서울),2013/1 ~ 2027/2,2024,2,2026,1,4,4,1,outputs/pdfs_seoul_university/서울_대학__CUL7009__인문학과예술이본인간.pdf,ok
CUL7010,세계화와한국사회,H0002256,서울 대학,대학(학부/서울),2013/1 ~ 2027/2,2013,2,2015,2,19,5,1,outputs/pdfs_seoul_university/서울_대학__CUL7010__세계화와한국사회.pdf,ok
CUL7011,문화비즈니스와리더십,H0002256,서울 대학,대학(학부/서울),2013/1 ~ 2027/2,2024,2,2026,1,4,4,1,outputs/pdfs_seoul_university/서울_대학__CUL7011__문화비즈니스와리더십.pdf,ok
CUL7012,유럽문화와사회,H0002256,서울 대학,대학(학부/서울),2013/1 ~ 2014/2,2013,1,2014,1,13,3,1,outputs/pdfs_seoul_university/서울_대학__CUL7012__유럽문화와사회.pdf,ok
CUL7013,조선의지식인들,H0002256,서울 대학,대학(학부/서울),2013/1 ~ 2016/2,2013,1,2015,1,19,4,1,outputs/pdfs_seoul_university/서울_대학__CUL7013__조선의지식인들.pdf,ok
CUL7014,철학으로읽는정의와민주주의,H0002256,서울 대학,대학(학부/서울),2013/1 ~ 2015/1,2013,1,2013,2,7,2,1,outputs/pdfs_seoul_university/서울_대학__CUL7014__철학으로읽는정의와민주주의.pdf,ok
CUL7015,철학으로읽는근대유럽,H0002256,서울 대학,대학(학부/서울),2013/1 ~ 2015/1,2013,1,2013,2,8,2,1,outputs/pdfs_seoul_university/서울_대학__CUL7015__철학으로읽는근대유럽.pdf,ok
CUL7016,영화의역사,H0002256,서울 대학,대학(학부/서울),2013/1 ~ 2027/2,2024,2,2026,1,26,4,1,outputs/pdfs_seoul_university/서울_대학__CUL7016__영화의역사.pdf,ok
CUL7017,연출적상상력과영미희곡,H0002256,서울 대학,대학(학부/서울),2013/1 ~ 2027/2,2017,2,2019,2,24,5,1,outputs/pdfs_seoul_university/서울_대학__CUL7017__연출적상상력과영미희곡.pdf,ok
CUL7018,서양역사와문화,H0002256,서울 대학,대학(학부/서울),2013/1 ~ 2015/2,2013,2,2015,2,32,5,1,outputs/pdfs_seoul_university/서울_대학__CUL7018__서양역사와문화.pdf,ok
CUL7019,언어의철학,H0002256,서울 대학,대학(학부/서울),2013/1 ~ 2016/2,2014,1,2015,1,8,2,1,outputs/pdfs_seoul_university/서울_대학__CUL7019__언어의철학.pdf,ok
CUL7041,한양글로벌인재특강,H0002256,서울 대학,대학(학부/서울),2013/1 ~ 2024/2,2022,2,2024,2,5,5,1,outputs/pdfs_seoul_university/서울_대학__CUL7041__한양글로벌인재특강.pdf,ok
CUL7042,두문화의인간학,H0002936,STS(과학기술학)전공,STS(과학기술학)전공,2018/1 ~ 2021/2,2019,1,2025,1,24,5,2,outputs/pdfs_full/STS(과학기술학)전공__CUL7042__두문화의인간학.pdf,ok
CUL7043,기술시대의인간과윤리,H0002936,STS(과학기술학)전공,STS(과학기술학)전공,2018/1 ~ 2021/2,2024,2,2026,1,17,4,2,outputs/pdfs_full/STS(과학기술학)전공__CUL7043__기술시대의인간과윤리.pdf,ok
CUL7045,문학과역사적상상력,H0002256,서울 대학,대학(학부/서울),2014/1 ~ 2027/2,2024,2,2026,1,14,4,1,outputs/pdfs_seoul_university/서울_대학__CUL7045__문학과역사적상상력.pdf,ok
CUL7046,채움과비움:나이듦의인문학적이해,H0002256,서울 대학,대학(학부/서울),2014/1 ~ 2027/2,2024,2,2026,1,18,4,1,outputs/pdfs_seoul_university/서울_대학__CUL7046__채움과비움_나이듦의인문학적이해.pdf,ok
CUL7047,옛소설과현대와의대화,H0002256,서울 대학,대학(학부/서울),2014/1 ~ 2027/2,2024,2,2026,1,26,4,1,outputs/pdfs_seoul_university/서울_대학__CUL7047__옛소설과현대와의대화.pdf,ok
CUL7048,하루키와함께읽는고전,H0002256,서울 대학,대학(학부/서울),2014/1 ~ 2027/2,2024,2,2026,1,18,4,1,outputs/pdfs_seoul_university/서울_대학__CUL7048__하루키와함께읽는고전.pdf,ok
CUL7100,"위기의시민정치:혐오,갈등,양극화",H0002256,서울 대학,대학(학부/서울),2022/2 ~ 2027/2,2024,2,2026,1,16,4,1,"outputs/pdfs_seoul_university/서울_대학__CUL7100__위기의시민정치_혐오,갈등,양극화.pdf",ok
CUL7101,영화속인간발달,H0002256,서울 대학,대학(학부/서울),2022/2 ~ 2027/2,2024,2,2026,1,13,4,1,outputs/pdfs_seoul_university/서울_대학__CUL7101__영화속인간발달.pdf,ok
CUL7102,회사경영과주식거래의법적이해,H0002256,서울 대학,대학(학부/서울),2022/2 ~ 2027/2,2022,2,2022,2,3,1,1,outputs/pdfs_seoul_university/서울_대학__CUL7102__회사경영과주식거래의법적이해.pdf,ok
CUL7103,금융상품과조세의이해,H0002256,서울 대학,대학(학부/서울),2022/2 ~ 2027/2,2023,1,2026,1,27,5,1,outputs/pdfs_seoul_university/서울_대학__CUL7103__금융상품과조세의이해.pdf,ok
CUL7104,언어와미디어,H0002256,서울 대학,대학(학부/서울),2022/2 ~ 2027/2,2022,2,2022,2,4,1,1,outputs/pdfs_seoul_university/서울_대학__CUL7104__언어와미디어.pdf,ok
CUL7105,전쟁과국가안보,H0002256,서울 대학,대학(학부/서울),2022/2 ~ 2027/2,2022,2,2026,1,10,4,1,outputs/pdfs_seoul_university/서울_대학__CUL7105__전쟁과국가안보.pdf,ok
CUL7106,글로벌지속가능소비와시장,H0002256,서울 대학,대학(학부/서울),2023/1 ~ 2027/2,2024,2,2025,2,5,2,1,outputs/pdfs_seoul_university/서울_대학__CUL7106__글로벌지속가능소비와시장.pdf,ok
CUL7107,일의세계와노동법,H0002256,서울 대학,대학(학부/서울),2023/1 ~ 2027/2,2024,2,2026,1,17,4,1,outputs/pdfs_seoul_university/서울_대학__CUL7107__일의세계와노동법.pdf,ok
CUL7108,예술을통한마음챙김이해하기,H0002256,서울 대학,대학(학부/서울),2023/1 ~ 2025/1,2023,1,2024,1,7,3,1,outputs/pdfs_seoul_university/서울_대학__CUL7108__예술을통한마음챙김이해하기.pdf,ok
CUL7109,노자와장자의인생수업,H0002256,서울 대학,대학(학부/서울),2023/1 ~ 2027/2,2023,2,2026,1,22,4,1,outputs/pdfs_seoul_university/서울_대학__CUL7109__노자와장자의인생수업.pdf,ok
CUL7110,블랜디드온스테이지-뮤지컬제작프로젝트,H0002256,서울 대학,대학(학부/서울),2023/1 ~ 2027/2,2024,2,2026,1,8,4,1,outputs/pdfs_seoul_university/서울_대학__CUL7110__블랜디드온스테이지-뮤지컬제작프로젝트.pdf,ok
CUL7111,실전취업전략최종완성,H0002256,서울 대학,대학(학부/서울),2023/1 ~ 2023/1,,,,,0,0,1,outputs/pdfs_seoul_university/서울_대학__CUL7111__실전취업전략최종완성.pdf,not_found
CUL7112,융합과혁신캡스톤디자인,H0002256,서울 대학,대학(학부/서울),2023/1 ~ 2025/2,,,,,0,0,1,outputs/pdfs_seoul_university/서울_대학__CUL7112__융합과혁신캡스톤디자인.pdf,not_found
CUL7113,ESG평가방법론,H0005012,데이터융합서비스디자인융합전공,데이터융합서비스디자인융합전공,2026/1 ~ 2029/2,2024,1,2026,1,11,4,2,outputs/pdfs_full/데이터융합서비스디자인융합전공__CUL7113__ESG평가방법론.pdf,ok
CUL7114,글로벌지속가능성마케팅,H0002256,서울 대학,대학(학부/서울),2023/1 ~ 2027/2,2023,2,2026,1,15,4,1,outputs/pdfs_seoul_university/서울_대학__CUL7114__글로벌지속가능성마케팅.pdf,ok
CUL7115,컬렉티브임팩트실습,H0002256,서울 대학,대학(학부/서울),2023/1 ~ 2027/2,2023,1,2023,1,1,1,1,outputs/pdfs_seoul_university/서울_대학__CUL7115__컬렉티브임팩트실습.pdf,ok
CUL7116,Challenging Narratives: Rethinking the Stories We’re Told,H0002256,서울 대학,대학(학부/서울),2023/2 ~ 2027/2,2024,2,2026,1,17,4,1,outputs/pdfs_seoul_university/서울_대학__CUL7116__Challenging_Narratives__Rethinking_the_Stories_We’re_Told.pdf,ok
CUL7117,글로벌혁신캡스톤디자인,H0002256,서울 대학,대학(학부/서울),2023/2 ~ 2025/2,2023,2,2024,2,2,2,1,outputs/pdfs_seoul_university/서울_대학__CUL7117__글로벌혁신캡스톤디자인.pdf,ok
CUL7118,관광혁신개발실습캡스톤디자인,H0002256,서울 대학,대학(학부/서울),2023/2 ~ 2025/2,2023,2,2024,2,2,2,1,outputs/pdfs_seoul_university/서울_대학__CUL7118__관광혁신개발실습캡스톤디자인.pdf,ok
CUL7119,강화학습및생성형AI를활용한IoT기술의이해,H0002256,서울 대학,대학(학부/서울),2024/1 ~ 2027/2,2024,1,2025,1,2,2,1,outputs/pdfs_seoul_university/서울_대학__CUL7119__강화학습및생성형AI를활용한IoT기술의이해.pdf,ok
CUL7120,데이터드리븐경험디자인,H0002256,서울 대학,대학(학부/서울),2024/1 ~ 2027/2,2024,1,2024,1,5,1,1,outputs/pdfs_seoul_university/서울_대학__CUL7120__데이터드리븐경험디자인.pdf,ok
CUL7121,디자인씽킹기반의사회문제해결캡스톤디자인,H0002256,서울 대학,대학(학부/서울),2024/2 ~ 2025/2,2024,2,2024,2,1,1,1,outputs/pdfs_seoul_university/서울_대학__CUL7121__디자인씽킹기반의사회문제해결캡스톤디자인.pdf,ok
CYB0014,경영정보학개론,H0002256,서울 대학,대학(학부/서울),2020/1 ~ 2027/2,2020,1,2021,1,6,2,1,outputs/pdfs_seoul_university/서울_대학__CYB0014__경영정보학개론.pdf,ok
D-C1002,연극개론,H0003589,연극영화학과,연극영화학과,2011/1 ~ 2015/2,2013,2,2015,2,26,3,1,outputs/pdfs_full/연극영화학과__D-C1002__연극개론.pdf,ok
D-C1005,기초연기,H0003589,연극영화학과,연극영화학과,2011/1 ~ 2015/2,2013,1,2015,1,25,3,1,outputs/pdfs_full/연극영화학과__D-C1005__기초연기.pdf,ok
D-C1012,영화편집,H0003589,연극영화학과,연극영화학과,2011/1 ~ 2028/2,2022,1,2026,1,20,5,1,outputs/pdfs_full/연극영화학과__D-C1012__영화편집.pdf,ok
D-C1014,디지털영화제작1,H0003589,연극영화학과,연극영화학과,2011/1 ~ 2019/2,2015,2,2019,2,31,5,1,outputs/pdfs_full/연극영화학과__D-C1014__디지털영화제작1.pdf,ok
D-C1015,사운드몽타주이론과실습,H0003589,연극영화학과,연극영화학과,2013/1 ~ 2020/2,2016,1,2020,2,29,5,1,outputs/pdfs_full/연극영화학과__D-C1015__사운드몽타주이론과실습.pdf,ok
D-C1016,초급영화제작워크숍,H0003589,연극영화학과,연극영화학과,2013/1 ~ 2028/2,2022,1,2026,1,20,5,1,outputs/pdfs_full/연극영화학과__D-C1016__초급영화제작워크숍.pdf,ok
D-C1017,호흡과발성1,H0003589,연극영화학과,연극영화학과,2011/1 ~ 2015/2,2013,2,2015,2,20,3,1,outputs/pdfs_full/연극영화학과__D-C1017__호흡과발성1.pdf,ok
D-C1018,연극제작준비실습1,H0003589,연극영화학과,연극영화학과,2011/1 ~ 2015/2,2013,1,2015,1,17,3,1,outputs/pdfs_full/연극영화학과__D-C1018__연극제작준비실습1.pdf,ok
D-C1019,연극제작준비실습2,H0003589,연극영화학과,연극영화학과,2011/1 ~ 2015/2,2013,2,2015,2,18,3,1,outputs/pdfs_full/연극영화학과__D-C1019__연극제작준비실습2.pdf,ok
D-C1021,시나리오이론,H0003589,연극영화학과,연극영화학과,2011/1 ~ 2016/2,2014,1,2016,1,20,3,1,outputs/pdfs_full/연극영화학과__D-C1021__시나리오이론.pdf,ok
D-C1022,스토리텔링의기초,H0003589,연극영화학과,연극영화학과,2013/1 ~ 2027/2,2022,1,2026,1,31,5,1,outputs/pdfs_full/연극영화학과__D-C1022__스토리텔링의기초.pdf,ok
D-C1023,영화학입문,H0003589,연극영화학과,연극영화학과,2013/1 ~ 2027/2,2022,1,2026,1,27,5,1,outputs/pdfs_full/연극영화학과__D-C1023__영화학입문.pdf,ok
D-C1024,예술철학과사상사,H0003589,연극영화학과,연극영화학과,2013/1 ~ 2028/2,2022,1,2026,1,22,5,1,outputs/pdfs_full/연극영화학과__D-C1024__예술철학과사상사.pdf,ok
D-C1025,디자인실습,H0003589,연극영화학과,연극영화학과,2016/1 ~ 2027/2,2022,1,2026,1,34,5,1,outputs/pdfs_full/연극영화학과__D-C1025__디자인실습.pdf,ok
D-C1026,배우와연출을위한연출실습1,H0003589,연극영화학과,연극영화학과,2016/1 ~ 2027/2,2022,1,2026,1,30,5,1,outputs/pdfs_full/연극영화학과__D-C1026__배우와연출을위한연출실습1.pdf,ok
D-C1027,액팅테크닉1,H0003589,연극영화학과,연극영화학과,2016/1 ~ 2027/2,2022,1,2026,1,32,5,1,outputs/pdfs_full/연극영화학과__D-C1027__액팅테크닉1.pdf,ok
D-C1028,희곡개론,H0003589,연극영화학과,연극영화학과,2016/1 ~ 2027/2,2022,1,2026,1,31,5,1,outputs/pdfs_full/연극영화학과__D-C1028__희곡개론.pdf,ok
D-C1029,공연개론,H0003589,연극영화학과,연극영화학과,2016/1 ~ 2027/2,2022,2,2025,2,27,4,1,outputs/pdfs_full/연극영화학과__D-C1029__공연개론.pdf,ok
D-C1030,무대제작실습,H0003589,연극영화학과,연극영화학과,2016/1 ~ 2027/2,2022,2,2025,2,14,4,1,outputs/pdfs_full/연극영화학과__D-C1030__무대제작실습.pdf,ok
D-C1031,배우와연출을위한연출실습2,H0003589,연극영화학과,연극영화학과,2016/1 ~ 2027/2,2022,2,2025,2,25,4,1,outputs/pdfs_full/연극영화학과__D-C1031__배우와연출을위한연출실습2.pdf,ok
D-C1032,상상과표현기법1,H0003589,연극영화학과,연극영화학과,2016/1 ~ 2027/2,2022,2,2025,2,24,4,1,outputs/pdfs_full/연극영화학과__D-C1032__상상과표현기법1.pdf,ok
D-C1033,4차산업기술과창의적예술공간,H0003589,연극영화학과,연극영화학과,2019/2 ~ 2028/2,2022,2,2025,2,11,4,1,outputs/pdfs_full/연극영화학과__D-C1033__4차산업기술과창의적예술공간.pdf,ok
D-C1034,뉴미디어랩,H0003589,연극영화학과,연극영화학과,2020/1 ~ 2027/2,2022,1,2026,1,27,5,1,outputs/pdfs_full/연극영화학과__D-C1034__뉴미디어랩.pdf,ok
D-C1035,영화제작의기초,H0003589,연극영화학과,연극영화학과,2020/1 ~ 2027/2,2022,2,2025,2,19,4,1,outputs/pdfs_full/연극영화학과__D-C1035__영화제작의기초.pdf,ok
D-C1036,인터미디어스테이지콘텐츠개발랩,H0003589,연극영화학과,연극영화학과,2020/2 ~ 2028/2,2022,2,2025,2,14,4,1,outputs/pdfs_full/연극영화학과__D-C1036__인터미디어스테이지콘텐츠개발랩.pdf,ok
D-C2004,연극연출론,H0003589,연극영화학과,연극영화학과,2013/1 ~ 2017/2,2013,1,2017,1,20,5,1,outputs/pdfs_full/연극영화학과__D-C2004__연극연출론.pdf,ok
D-C2008,분장실습,H0003589,연극영화학과,연극영화학과,2013/1 ~ 2016/2,2013,2,2016,2,19,4,1,outputs/pdfs_full/연극영화학과__D-C2008__분장실습.pdf,ok
D-C2028,작품분석,H0003589,연극영화학과,연극영화학과,2013/1 ~ 2016/2,2022,1,2026,1,23,5,2,outputs/pdfs_full/연극영화학과__D-C2028__작품분석.pdf,ok
D-C2030,중급연기,H0003589,연극영화학과,연극영화학과,2013/1 ~ 2016/2,2013,1,2016,1,22,4,1,outputs/pdfs_full/연극영화학과__D-C2030__중급연기.pdf,ok
D-C2031,영화촬영실습,H0003589,연극영화학과,연극영화학과,2021/1 ~ 2028/2,2022,1,2026,1,16,5,1,outputs/pdfs_full/연극영화학과__D-C2031__영화촬영실습.pdf,ok
D-C2032,영화촬영이론과실습,H0003589,연극영화학과,연극영화학과,2017/1 ~ 2020/2,2017,1,2020,1,23,4,1,outputs/pdfs_full/연극영화학과__D-C2032__영화촬영이론과실습.pdf,ok
D-C2033,무대기술,H0003589,연극영화학과,연극영화학과,2011/1 ~ 2015/2,2013,1,2015,1,27,3,1,outputs/pdfs_full/연극영화학과__D-C2033__무대기술.pdf,ok
D-C2035,세계영화사1,H0003589,연극영화학과,연극영화학과,2013/1 ~ 2020/2,2016,2,2020,2,34,5,1,outputs/pdfs_full/연극영화학과__D-C2035__세계영화사1.pdf,ok
D-C2041,연극제작실습1,H0003589,연극영화학과,연극영화학과,2013/1 ~ 2028/2,2022,1,2026,1,13,5,1,outputs/pdfs_full/연극영화학과__D-C2041__연극제작실습1.pdf,ok
D-C2042,연극제작실습2,H0003589,연극영화학과,연극영화학과,2013/1 ~ 2029/2,2022,2,2025,2,8,4,1,outputs/pdfs_full/연극영화학과__D-C2042__연극제작실습2.pdf,ok
D-C2044,무대디자인1,H0003589,연극영화학과,연극영화학과,2013/1 ~ 2016/2,2013,1,2016,1,14,4,1,outputs/pdfs_full/연극영화학과__D-C2044__무대디자인1.pdf,ok
D-C2045,무대디자인2,H0003589,연극영화학과,연극영화학과,2013/1 ~ 2016/2,2013,2,2016,2,9,4,1,outputs/pdfs_full/연극영화학과__D-C2045__무대디자인2.pdf,ok
D-C2046,호흡과발성2,H0003589,연극영화학과,연극영화학과,2013/1 ~ 2016/2,2013,2,2016,2,19,4,1,outputs/pdfs_full/연극영화학과__D-C2046__호흡과발성2.pdf,ok
D-C2062,영화제작1,H0003589,연극영화학과,연극영화학과,2013/1 ~ 2020/2,2016,2,2020,2,18,5,1,outputs/pdfs_full/연극영화학과__D-C2062__영화제작1.pdf,ok
D-C2063,한국영화사1,H0003589,연극영화학과,연극영화학과,2013/1 ~ 2020/2,2016,1,2020,1,28,5,1,outputs/pdfs_full/연극영화학과__D-C2063__한국영화사1.pdf,ok
D-C2073,영화촬영이론과실습1,H0003589,연극영화학과,연극영화학과,2013/1 ~ 2015/2,2013,1,2015,2,14,4,1,outputs/pdfs_full/연극영화학과__D-C2073__영화촬영이론과실습1.pdf,ok
D-C2074,영화촬영이론과실습2,H0003589,연극영화학과,연극영화학과,2013/1 ~ 2017/2,2013,2,2017,1,13,4,1,outputs/pdfs_full/연극영화학과__D-C2074__영화촬영이론과실습2.pdf,ok
D-C2075,시나리오창작,H0003589,연극영화학과,연극영화학과,2013/1 ~ 2028/2,2022,2,2025,2,15,4,1,outputs/pdfs_full/연극영화학과__D-C2075__시나리오창작.pdf,ok
D-C2080,무대의상제작실습,H0003589,연극영화학과,연극영화학과,2013/1 ~ 2016/2,2013,1,2016,1,18,4,1,outputs/pdfs_full/연극영화학과__D-C2080__무대의상제작실습.pdf,ok
D-C2082,다큐멘터리영화역사,H0003589,연극영화학과,연극영화학과,2014/1 ~ 2027/2,2022,2,2025,2,31,4,1,outputs/pdfs_full/연극영화학과__D-C2082__다큐멘터리영화역사.pdf,ok
D-C2083,영화연기와연출,H0003589,연극영화학과,연극영화학과,2014/1 ~ 2029/2,2022,1,2026,1,17,5,1,outputs/pdfs_full/연극영화학과__D-C2083__영화연기와연출.pdf,ok
D-C2084,기획경영1,H0003589,연극영화학과,연극영화학과,2014/1 ~ 2016/2,2014,1,2016,1,14,3,1,outputs/pdfs_full/연극영화학과__D-C2084__기획경영1.pdf,ok
D-C2085,기획경영2,H0003589,연극영화학과,연극영화학과,2014/1 ~ 2016/2,2014,2,2016,2,12,3,1,outputs/pdfs_full/연극영화학과__D-C2085__기획경영2.pdf,ok
D-C2086,대본창작1,H0003589,연극영화학과,연극영화학과,2017/1 ~ 2028/2,2022,1,2026,1,27,5,1,outputs/pdfs_full/연극영화학과__D-C2086__대본창작1.pdf,ok
D-C2087,액팅테크닉2,H0003589,연극영화학과,연극영화학과,2017/1 ~ 2028/2,2022,1,2026,1,21,5,1,outputs/pdfs_full/연극영화학과__D-C2087__액팅테크닉2.pdf,ok
D-C2088,연출과디자인세미나1,H0003589,연극영화학과,연극영화학과,2017/1 ~ 2028/2,2022,1,2026,1,20,5,1,outputs/pdfs_full/연극영화학과__D-C2088__연출과디자인세미나1.pdf,ok
D-C2089,이미지미학,H0003589,연극영화학과,연극영화학과,2017/1 ~ 2028/2,2022,2,2025,2,24,4,1,outputs/pdfs_full/연극영화학과__D-C2089__이미지미학.pdf,ok
D-C2090,대본창작2,H0003589,연극영화학과,연극영화학과,2017/1 ~ 2020/2,2017,2,2020,2,25,4,1,outputs/pdfs_full/연극영화학과__D-C2090__대본창작2.pdf,ok
D-C2091,연출과디자인세미나2,H0003589,연극영화학과,연극영화학과,2017/1 ~ 2028/2,2022,2,2025,2,17,4,1,outputs/pdfs_full/연극영화학과__D-C2091__연출과디자인세미나2.pdf,ok
D-C2092,상상과표현기법2,H0003589,연극영화학과,연극영화학과,2017/1 ~ 2028/2,2022,2,2025,2,15,4,1,outputs/pdfs_full/연극영화학과__D-C2092__상상과표현기법2.pdf,ok
D-C2093,뮤지컬액팅테크닉1,H0003589,연극영화학과,연극영화학과,2021/1 ~ 2028/2,2022,2,2025,2,10,4,1,outputs/pdfs_full/연극영화학과__D-C2093__뮤지컬액팅테크닉1.pdf,ok
D-C2094,연극사세미나,H0003589,연극영화학과,연극영화학과,2021/1 ~ 2028/2,2022,2,2025,2,15,4,1,outputs/pdfs_full/연극영화학과__D-C2094__연극사세미나.pdf,ok
D-C2095,세계영화역사,H0003589,연극영화학과,연극영화학과,2021/1 ~ 2028/2,2022,2,2025,2,21,4,1,outputs/pdfs_full/연극영화학과__D-C2095__세계영화역사.pdf,ok
D-C2096,한국영화역사,H0003589,연극영화학과,연극영화학과,2021/1 ~ 2028/2,2023,1,2026,1,26,5,1,outputs/pdfs_full/연극영화학과__D-C2096__한국영화역사.pdf,ok
D-C2097,논픽션영상제작워크숍,H0003589,연극영화학과,연극영화학과,2021/1 ~ 2028/2,2022,2,2025,2,13,4,1,outputs/pdfs_full/연극영화학과__D-C2097__논픽션영상제작워크숍.pdf,ok
D-C2098,융합공연스튜디오,H0003589,연극영화학과,연극영화학과,2020/2 ~ 2028/2,2022,1,2026,1,16,5,1,outputs/pdfs_full/연극영화학과__D-C2098__융합공연스튜디오.pdf,ok
D-C3005,영화미학,H0003589,연극영화학과,연극영화학과,2013/1 ~ 2016/2,2013,1,2016,2,32,5,1,outputs/pdfs_full/연극영화학과__D-C3005__영화미학.pdf,ok
D-C3018,고급연기1,H0003589,연극영화학과,연극영화학과,2013/1 ~ 2017/2,2013,1,2017,1,24,5,1,outputs/pdfs_full/연극영화학과__D-C3018__고급연기1.pdf,ok
D-C3019,고급연기2,H0003589,연극영화학과,연극영화학과,2013/1 ~ 2017/2,2013,2,2017,2,21,5,1,outputs/pdfs_full/연극영화학과__D-C3019__고급연기2.pdf,ok
D-C3029,세계영화사2,H0003589,연극영화학과,연극영화학과,2013/1 ~ 2021/2,2017,1,2021,1,33,5,1,outputs/pdfs_full/연극영화학과__D-C3029__세계영화사2.pdf,ok
D-C3031,서양연극사1,H0003589,연극영화학과,연극영화학과,2013/1 ~ 2017/2,2013,1,2017,1,40,5,1,outputs/pdfs_full/연극영화학과__D-C3031__서양연극사1.pdf,ok
D-C3035,서양연극사2,H0003589,연극영화학과,연극영화학과,2013/1 ~ 2017/2,2013,2,2017,2,38,5,1,outputs/pdfs_full/연극영화학과__D-C3035__서양연극사2.pdf,ok
D-C3043,연극제작실습3,H0003589,연극영화학과,연극영화학과,2013/1 ~ 2021/2,2017,1,2021,1,19,5,1,outputs/pdfs_full/연극영화학과__D-C3043__연극제작실습3.pdf,ok
D-C3044,연극제작실습4,H0003589,연극영화학과,연극영화학과,2013/1 ~ 2021/2,2017,2,2021,2,17,5,1,outputs/pdfs_full/연극영화학과__D-C3044__연극제작실습4.pdf,ok
D-C3046,움직임1,H0003589,연극영화학과,연극영화학과,2013/1 ~ 2017/2,2013,1,2017,1,18,5,1,outputs/pdfs_full/연극영화학과__D-C3046__움직임1.pdf,ok
D-C3047,움직임2,H0003589,연극영화학과,연극영화학과,2013/1 ~ 2017/2,2013,2,2017,2,14,5,1,outputs/pdfs_full/연극영화학과__D-C3047__움직임2.pdf,ok
D-C3049,한국영화사2,H0003589,연극영화학과,연극영화학과,2013/1 ~ 2020/2,2016,2,2020,2,26,5,1,outputs/pdfs_full/연극영화학과__D-C3049__한국영화사2.pdf,ok
D-C3050,중급영화제작워크숍1,H0003589,연극영화학과,연극영화학과,2013/1 ~ 2029/2,2022,1,2026,1,15,5,1,outputs/pdfs_full/연극영화학과__D-C3050__중급영화제작워크숍1.pdf,ok
D-C3051,중급영화제작워크숍2,H0003589,연극영화학과,연극영화학과,2013/1 ~ 2029/2,2021,2,2025,2,13,4,1,outputs/pdfs_full/연극영화학과__D-C3051__중급영화제작워크숍2.pdf,ok
D-C3052,전통극제작실습,H0003589,연극영화학과,연극영화학과,2013/1 ~ 2017/2,2013,1,2017,1,22,5,1,outputs/pdfs_full/연극영화학과__D-C3052__전통극제작실습.pdf,ok
D-C3053,연극연출론2,H0003589,연극영화학과,연극영화학과,2013/1 ~ 2017/2,2014,2,2017,2,16,4,1,outputs/pdfs_full/연극영화학과__D-C3053__연극연출론2.pdf,ok
D-C3075,무대음향제작실습,H0003589,연극영화학과,연극영화학과,2013/1 ~ 2015/2,2013,2,2015,2,16,3,1,outputs/pdfs_full/연극영화학과__D-C3075__무대음향제작실습.pdf,ok
D-C3078,영화분석과비평이론,H0003589,연극영화학과,연극영화학과,2015/1 ~ 2029/2,2022,1,2026,1,39,5,1,outputs/pdfs_full/연극영화학과__D-C3078__영화분석과비평이론.pdf,ok
D-C3079,영화포스트프로덕션,H0003589,연극영화학과,연극영화학과,2015/1 ~ 2015/2,2015,1,2015,1,4,1,1,outputs/pdfs_full/연극영화학과__D-C3079__영화포스트프로덕션.pdf,ok
D-C3080,현대예술과영상미디어,H0003589,연극영화학과,연극영화학과,2015/1 ~ 2017/2,2015,1,2017,1,18,3,1,outputs/pdfs_full/연극영화학과__D-C3080__현대예술과영상미디어.pdf,ok
D-C3081,문화이론연구,H0003589,연극영화학과,연극영화학과,2015/1 ~ 2029/2,2022,2,2025,2,26,4,1,outputs/pdfs_full/연극영화학과__D-C3081__문화이론연구.pdf,ok
D-C3082,영화감독연구,H0003589,연극영화학과,연극영화학과,2015/1 ~ 2029/2,2022,2,2025,2,22,4,1,outputs/pdfs_full/연극영화학과__D-C3082__영화감독연구.pdf,ok
D-C3083,영화사운드제작,H0003589,연극영화학과,연극영화학과,2015/1 ~ 2015/2,2015,2,2015,2,6,1,1,outputs/pdfs_full/연극영화학과__D-C3083__영화사운드제작.pdf,ok
D-C3084,연극영화제작실습캡스톤디자인1,H0003589,연극영화학과,연극영화학과,2013/1 ~ 2017/2,2013,1,2017,1,28,5,1,outputs/pdfs_full/연극영화학과__D-C3084__연극영화제작실습캡스톤디자인1.pdf,ok
D-C3085,연극영화제작실습캡스톤디자인2,H0003589,연극영화학과,연극영화학과,2013/1 ~ 2017/2,2013,2,2017,2,26,5,1,outputs/pdfs_full/연극영화학과__D-C3085__연극영화제작실습캡스톤디자인2.pdf,ok
D-C3086,공동창작1,H0003589,연극영화학과,연극영화학과,2018/1 ~ 2029/2,2022,1,2026,1,20,5,1,outputs/pdfs_full/연극영화학과__D-C3086__공동창작1.pdf,ok
D-C3087,액팅테크닉3,H0003589,연극영화학과,연극영화학과,2018/1 ~ 2029/2,2022,1,2026,1,19,5,1,outputs/pdfs_full/연극영화학과__D-C3087__액팅테크닉3.pdf,ok
D-C3088,연출과디자인세미나3,H0003589,연극영화학과,연극영화학과,2018/1 ~ 2029/2,2022,1,2026,1,20,5,1,outputs/pdfs_full/연극영화학과__D-C3088__연출과디자인세미나3.pdf,ok
D-C3089,공동창작2,H0003589,연극영화학과,연극영화학과,2018/1 ~ 2029/2,2022,2,2025,2,16,4,1,outputs/pdfs_full/연극영화학과__D-C3089__공동창작2.pdf,ok
D-C3090,연출과디자인세미나4,H0003589,연극영화학과,연극영화학과,2018/1 ~ 2029/2,2022,2,2025,2,17,4,1,outputs/pdfs_full/연극영화학과__D-C3090__연출과디자인세미나4.pdf,ok
D-C3091,상상과표현기법3,H0003589,연극영화학과,연극영화학과,2018/1 ~ 2029/2,2022,2,2025,2,21,4,1,outputs/pdfs_full/연극영화학과__D-C3091__상상과표현기법3.pdf,ok
D-C3092,무대의상제작실습2,H0003589,연극영화학과,연극영화학과,2016/1 ~ 2017/2,2016,2,2017,2,7,2,1,outputs/pdfs_full/연극영화학과__D-C3092__무대의상제작실습2.pdf,ok
D-C3093,영화프로듀싱1,H0003589,연극영화학과,연극영화학과,2016/1 ~ 2017/2,2016,1,2017,1,11,2,1,outputs/pdfs_full/연극영화학과__D-C3093__영화프로듀싱1.pdf,ok
D-C3094,영화프로듀싱2,H0003589,연극영화학과,연극영화학과,2016/1 ~ 2017/2,2016,2,2017,2,13,2,1,outputs/pdfs_full/연극영화학과__D-C3094__영화프로듀싱2.pdf,ok
D-C3095,뮤지컬액팅테크닉2,H0003589,연극영화학과,연극영화학과,2022/1 ~ 2029/2,2022,1,2026,1,15,5,1,outputs/pdfs_full/연극영화학과__D-C3095__뮤지컬액팅테크닉2.pdf,ok
D-C3096,영화와예술의상호매체성,H0003589,연극영화학과,연극영화학과,2022/1 ~ 2029/2,2022,1,2026,1,32,5,1,outputs/pdfs_full/연극영화학과__D-C3096__영화와예술의상호매체성.pdf,ok
D-C3097,장편시나리오의이해,H0003589,연극영화학과,연극영화학과,2022/1 ~ 2029/2,2022,2,2025,2,12,4,1,outputs/pdfs_full/연극영화학과__D-C3097__장편시나리오의이해.pdf,ok
D-C3098,뉴미디어콘텐츠액팅&디렉팅실습,H0003589,연극영화학과,연극영화학과,2022/2 ~ 2029/2,2022,2,2025,2,12,4,1,outputs/pdfs_full/연극영화학과__D-C3098__뉴미디어콘텐츠액팅&디렉팅실습.pdf,ok
D-C4019,교육연극론,H0003589,연극영화학과,연극영화학과,2013/1 ~ 2016/2,2013,1,2016,1,20,4,1,outputs/pdfs_full/연극영화학과__D-C4019__교육연극론.pdf,ok
D-C4031,영상산업과경영론,H0003589,연극영화학과,연극영화학과,2013/1 ~ 2018/2,2014,2,2018,1,24,5,1,outputs/pdfs_full/연극영화학과__D-C4031__영상산업과경영론.pdf,ok
D-C4032,현대영화세미나,H0003589,연극영화학과,연극영화학과,2013/1 ~ 2018/2,2014,2,2018,2,23,5,1,outputs/pdfs_full/연극영화학과__D-C4032__현대영화세미나.pdf,ok
D-C4034,연극제작실습5,H0003589,연극영화학과,연극영화학과,2013/1 ~ 2022/2,2018,1,2022,1,19,5,1,outputs/pdfs_full/연극영화학과__D-C4034__연극제작실습5.pdf,ok
D-C4035,연극제작실습6,H0003589,연극영화학과,연극영화학과,2013/1 ~ 2022/2,2018,2,2022,2,18,5,1,outputs/pdfs_full/연극영화학과__D-C4035__연극제작실습6.pdf,ok
D-C4036,고급연기3,H0003589,연극영화학과,연극영화학과,2013/1 ~ 2018/2,2014,2,2018,2,20,5,1,outputs/pdfs_full/연극영화학과__D-C4036__고급연기3.pdf,ok
D-C4038,영화제작4,H0003589,연극영화학과,연극영화학과,2013/1 ~ 2018/2,2014,1,2018,1,19,5,1,outputs/pdfs_full/연극영화학과__D-C4038__영화제작4.pdf,ok
D-C4039,영화제작5,H0003589,연극영화학과,연극영화학과,2013/1 ~ 2018/2,2014,2,2018,2,13,5,1,outputs/pdfs_full/연극영화학과__D-C4039__영화제작5.pdf,ok
D-C4059,공연예술감상,H0002256,서울 대학,대학(학부/서울),2001/1 ~ 2015/2,2011,2,2014,1,30,5,1,outputs/pdfs_seoul_university/서울_대학__D-C4059__공연예술감상.pdf,ok
D-C4077,현대사회의쟁점과영화창작,H0003589,연극영화학과,연극영화학과,2016/1 ~ 2030/2,2022,2,2026,1,24,5,1,outputs/pdfs_full/연극영화학과__D-C4077__현대사회의쟁점과영화창작.pdf,ok
D-C4080,액팅테크닉4,H0003589,연극영화학과,연극영화학과,2019/1 ~ 2030/2,2022,1,2026,1,23,5,1,outputs/pdfs_full/연극영화학과__D-C4080__액팅테크닉4.pdf,ok
D-C4081,연출과디자인세미나5,H0003589,연극영화학과,연극영화학과,2019/1 ~ 2030/2,2022,1,2026,1,20,5,1,outputs/pdfs_full/연극영화학과__D-C4081__연출과디자인세미나5.pdf,ok
D-C4082,고급영화제작워크숍1,H0003589,연극영화학과,연극영화학과,2019/1 ~ 2030/2,2022,1,2026,1,17,5,1,outputs/pdfs_full/연극영화학과__D-C4082__고급영화제작워크숍1.pdf,ok
D-C4083,연출과디자인세미나6,H0003589,연극영화학과,연극영화학과,2019/1 ~ 2030/2,2022,2,2025,2,19,4,1,outputs/pdfs_full/연극영화학과__D-C4083__연출과디자인세미나6.pdf,ok
D-C4084,캡스톤디자인(창작희곡콘텐츠개발),H0003589,연극영화학과,연극영화학과,2019/1 ~ 2030/2,2022,2,2025,2,19,4,1,outputs/pdfs_full/연극영화학과__D-C4084__캡스톤디자인(창작희곡콘텐츠개발).pdf,ok
D-C4085,고급영화제작워크숍2,H0003589,연극영화학과,연극영화학과,2019/1 ~ 2030/2,2022,2,2025,2,13,4,1,outputs/pdfs_full/연극영화학과__D-C4085__고급영화제작워크숍2.pdf,ok
D-C4086,희곡작법,H0003589,연극영화학과,연극영화학과,2016/1 ~ 2018/2,2016,1,2018,1,17,3,1,outputs/pdfs_full/연극영화학과__D-C4086__희곡작법.pdf,ok
D-C4087,뮤지컬액팅테크닉3,H0003589,연극영화학과,연극영화학과,2023/1 ~ 2030/2,2023,2,2025,2,6,3,1,outputs/pdfs_full/연극영화학과__D-C4087__뮤지컬액팅테크닉3.pdf,ok
D-C4088,영상미디어산업연구,H0003589,연극영화학과,연극영화학과,2023/1 ~ 2030/2,2023,2,2025,2,15,3,1,outputs/pdfs_full/연극영화학과__D-C4088__영상미디어산업연구.pdf,ok
D-C4089,뉴미디어융합공연제작실습,H0003589,연극영화학과,연극영화학과,2021/1 ~ 2029/2,2022,1,2026,1,10,5,1,outputs/pdfs_full/연극영화학과__D-C4089__뉴미디어융합공연제작실습.pdf,ok
D-C4090,뉴미디어와이머시브씨어터,H0003589,연극영화학과,연극영화학과,2021/1 ~ 2028/2,2022,1,2025,2,24,4,1,outputs/pdfs_full/연극영화학과__D-C4090__뉴미디어와이머시브씨어터.pdf,ok
D-C4091,블랜디드온씨어터,H0003589,연극영화학과,연극영화학과,2023/1 ~ 2030/2,2023,2,2025,2,5,3,1,outputs/pdfs_full/연극영화학과__D-C4091__블랜디드온씨어터.pdf,ok
D-C4092,인공지능융합공연창작,H0003589,연극영화학과,연극영화학과,2024/2 ~ 2027/2,2024,2,2025,2,6,2,1,outputs/pdfs_full/연극영화학과__D-C4092__인공지능융합공연창작.pdf,ok
DAN1001,한국무용1,H0003590,무용학과,무용학과,2009/1 ~ 2027/2,2022,1,2026,1,12,5,1,outputs/pdfs_full/무용학과__DAN1001__한국무용1.pdf,ok
DAN1002,한국무용2,H0003590,무용학과,무용학과,2009/1 ~ 2027/2,2022,2,2025,2,10,4,1,outputs/pdfs_full/무용학과__DAN1002__한국무용2.pdf,ok
DAN1003,현대무용1,H0003590,무용학과,무용학과,2009/1 ~ 2027/2,2022,1,2026,1,28,5,1,outputs/pdfs_full/무용학과__DAN1003__현대무용1.pdf,ok
DAN1004,현대무용2,H0003590,무용학과,무용학과,2009/1 ~ 2027/2,2022,2,2025,2,22,4,1,outputs/pdfs_full/무용학과__DAN1004__현대무용2.pdf,ok
DAN1008,무용즉흥,H0003590,무용학과,무용학과,2009/1 ~ 2027/2,2022,2,2025,2,12,4,1,outputs/pdfs_full/무용학과__DAN1008__무용즉흥.pdf,ok
DAN1037,필라테스,H0002256,서울 대학,대학(학부/서울),2008/1 ~ 2027/2,2024,2,2026,1,4,4,1,outputs/pdfs_seoul_university/서울_대학__DAN1037__필라테스.pdf,ok
DAN1047,필라테스와이미지,H0003590,무용학과,무용학과,2010/1 ~ 2016/2,,,,,0,0,1,outputs/pdfs_full/무용학과__DAN1047__필라테스와이미지.pdf,not_found
DAN1048,무용필라테스,H0003590,무용학과,무용학과,2013/1 ~ 2029/2,2022,2,2025,2,8,4,1,outputs/pdfs_full/무용학과__DAN1048__무용필라테스.pdf,ok
DAN1049,움직임의원리,H0003590,무용학과,무용학과,2009/1 ~ 2015/2,2013,1,2015,1,15,3,1,outputs/pdfs_full/무용학과__DAN1049__움직임의원리.pdf,ok
DAN1051,춤과의상,H0003590,무용학과,무용학과,2009/1 ~ 2015/2,2013,1,2015,1,16,3,1,outputs/pdfs_full/무용학과__DAN1051__춤과의상.pdf,ok
DAN1052,춤과이미지,H0003590,무용학과,무용학과,2009/1 ~ 2029/2,2022,2,2025,2,9,4,1,outputs/pdfs_full/무용학과__DAN1052__춤과이미지.pdf,ok
DAN1053,전통타악실기,H0003590,무용학과,무용학과,2011/1 ~ 2015/2,2013,1,2015,1,12,3,1,outputs/pdfs_full/무용학과__DAN1053__전통타악실기.pdf,ok
DAN1054,사회무용의연구,H0003590,무용학과,무용학과,2011/1 ~ 2017/2,,,,,0,0,1,outputs/pdfs_full/무용학과__DAN1054__사회무용의연구.pdf,not_found
DAN1061,한국춤의역사,H0003590,무용학과,무용학과,2016/1 ~ 2027/2,2022,2,2025,2,24,4,1,outputs/pdfs_full/무용학과__DAN1061__한국춤의역사.pdf,ok
DAN1062,무용음악실습과편집,H0003590,무용학과,무용학과,2016/1 ~ 2028/2,2021,2,2025,2,20,4,1,outputs/pdfs_full/무용학과__DAN1062__무용음악실습과편집.pdf,ok
DAN1063,전공레파토리1,H0003590,무용학과,무용학과,2016/1 ~ 2027/2,2022,1,2026,1,18,5,1,outputs/pdfs_full/무용학과__DAN1063__전공레파토리1.pdf,ok
DAN1064,춤교육의이론과실제,H0003590,무용학과,무용학과,2016/1 ~ 2027/2,2022,2,2025,2,22,4,1,outputs/pdfs_full/무용학과__DAN1064__춤교육의이론과실제.pdf,ok
DAN1065,전공레파토리2.정기공연,H0003590,무용학과,무용학과,2016/1 ~ 2027/2,2022,2,2025,2,14,4,1,outputs/pdfs_full/무용학과__DAN1065__전공레파토리2.정기공연.pdf,ok
DAN2001,한국무용3,H0003590,무용학과,무용학과,2013/1 ~ 2028/2,2022,1,2026,1,8,5,1,outputs/pdfs_full/무용학과__DAN2001__한국무용3.pdf,ok
DAN2002,한국무용4,H0003590,무용학과,무용학과,2013/1 ~ 2028/2,2022,2,2025,2,5,4,1,outputs/pdfs_full/무용학과__DAN2002__한국무용4.pdf,ok
DAN2003,현대무용3,H0003590,무용학과,무용학과,2013/1 ~ 2028/2,2022,1,2026,1,24,5,1,outputs/pdfs_full/무용학과__DAN2003__현대무용3.pdf,ok
DAN2004,현대무용4,H0003590,무용학과,무용학과,2013/1 ~ 2028/2,2022,2,2025,2,18,4,1,outputs/pdfs_full/무용학과__DAN2004__현대무용4.pdf,ok
DAN2005,발레1,H0003590,무용학과,무용학과,2009/1 ~ 2027/2,2022,1,2026,1,18,5,1,outputs/pdfs_full/무용학과__DAN2005__발레1.pdf,ok
DAN2006,발레2,H0003590,무용학과,무용학과,2009/1 ~ 2027/2,2022,2,2025,2,21,4,1,outputs/pdfs_full/무용학과__DAN2006__발레2.pdf,ok
DAN2007,무용개론,H0003590,무용학과,무용학과,2009/1 ~ 2028/2,2022,1,2026,1,30,5,1,outputs/pdfs_full/무용학과__DAN2007__무용개론.pdf,ok
DAN2015,서양무용사,H0003590,무용학과,무용학과,2013/1 ~ 2029/2,2022,2,2025,2,22,4,1,outputs/pdfs_full/무용학과__DAN2015__서양무용사.pdf,ok
DAN2016,동양무용사,H0003590,무용학과,무용학과,2013/1 ~ 2016/2,2013,1,2016,1,28,4,1,outputs/pdfs_full/무용학과__DAN2016__동양무용사.pdf,ok
DAN2019,무용심리,H0003590,무용학과,무용학과,2013/1 ~ 2028/2,2022,2,2025,2,18,4,1,outputs/pdfs_full/무용학과__DAN2019__무용심리.pdf,ok
DAN2020,동작분석및표현,H0003590,무용학과,무용학과,2013/1 ~ 2028/2,2022,2,2025,2,19,4,1,outputs/pdfs_full/무용학과__DAN2020__동작분석및표현.pdf,ok
DAN2021,무용구성법,H0003590,무용학과,무용학과,2013/1 ~ 2016/2,2013,1,2016,1,29,4,1,outputs/pdfs_full/무용학과__DAN2021__무용구성법.pdf,ok
DAN2028,예술의이해,H0003590,무용학과,무용학과,2009/1 ~ 2027/2,2022,2,2025,2,22,4,1,outputs/pdfs_full/무용학과__DAN2028__예술의이해.pdf,ok
DAN2037,댄스스포츠,H0003590,무용학과,무용학과,2013/1 ~ 2016/2,2013,2,2016,2,21,4,1,outputs/pdfs_full/무용학과__DAN2037__댄스스포츠.pdf,ok
DAN2047,동양무용음악연구,H0003590,무용학과,무용학과,2009/1 ~ 2015/2,2013,1,2015,1,18,3,1,outputs/pdfs_full/무용학과__DAN2047__동양무용음악연구.pdf,ok
DAN2048,서양무용음악연구,H0003590,무용학과,무용학과,2010/1 ~ 2016/2,,,,,0,0,1,outputs/pdfs_full/무용학과__DAN2048__서양무용음악연구.pdf,not_found
DAN2052,무용교육현장리서치,H0003590,무용학과,무용학과,2013/1 ~ 2028/2,2022,2,2025,2,17,4,1,outputs/pdfs_full/무용학과__DAN2052__무용교육현장리서치.pdf,ok
DAN2053,무용동작기보법,H0003590,무용학과,무용학과,2013/1 ~ 2020/2,2013,1,2016,1,18,4,1,outputs/pdfs_full/무용학과__DAN2053__무용동작기보법.pdf,ok
DAN2054,아동무용교육개발연구,H0003590,무용학과,무용학과,2013/1 ~ 2020/2,2013,1,2016,2,20,4,1,outputs/pdfs_full/무용학과__DAN2054__아동무용교육개발연구.pdf,ok
DAN2058,춤과미디어,H0003590,무용학과,무용학과,2017/1 ~ 2030/2,2022,2,2025,2,17,4,1,outputs/pdfs_full/무용학과__DAN2058__춤과미디어.pdf,ok
DAN2059,전공레파토리3.창작발표회,H0003590,무용학과,무용학과,2017/1 ~ 2028/2,2022,1,2026,1,17,5,1,outputs/pdfs_full/무용학과__DAN2059__전공레파토리3.창작발표회.pdf,ok
DAN2060,전공레파토리4.정기공연,H0003590,무용학과,무용학과,2017/1 ~ 2028/2,2022,2,2025,2,11,4,1,outputs/pdfs_full/무용학과__DAN2060__전공레파토리4.정기공연.pdf,ok
DAN2063,문화예술활성화연구,H0003590,무용학과,무용학과,2017/1 ~ 2028/2,2022,1,2026,1,23,5,1,outputs/pdfs_full/무용학과__DAN2063__문화예술활성화연구.pdf,ok
DAN2064,사회문화예술교육개발연구,H0003590,무용학과,무용학과,2017/1 ~ 2028/2,2022,2,2025,2,10,4,1,outputs/pdfs_full/무용학과__DAN2064__사회문화예술교육개발연구.pdf,ok
DAN2065,무용교육과정연구,H0003590,무용학과,무용학과,2018/2 ~ 2028/2,2022,1,2026,1,24,5,1,outputs/pdfs_full/무용학과__DAN2065__무용교육과정연구.pdf,ok
DAN3005,발레3,H0003590,무용학과,무용학과,2013/1 ~ 2028/2,2022,1,2026,1,19,5,1,outputs/pdfs_full/무용학과__DAN3005__발레3.pdf,ok
DAN3006,발레4,H0003590,무용학과,무용학과,2013/1 ~ 2028/2,2022,2,2025,2,12,4,1,outputs/pdfs_full/무용학과__DAN3006__발레4.pdf,ok
DAN3013,무용교육론,H0003590,무용학과,무용학과,2013/1 ~ 2018/1,2014,1,2018,1,29,5,1,outputs/pdfs_full/무용학과__DAN3013__무용교육론.pdf,ok
DAN3028,무용전공실기1,H0003590,무용학과,무용학과,2009/1 ~ 2027/2,2022,1,2026,1,22,5,1,outputs/pdfs_full/무용학과__DAN3028__무용전공실기1.pdf,ok
DAN3029,무용전공실기2,H0003590,무용학과,무용학과,2009/1 ~ 2027/2,2022,2,2025,2,18,4,1,outputs/pdfs_full/무용학과__DAN3029__무용전공실기2.pdf,ok
DAN3044,무용측정평가,H0003590,무용학과,무용학과,2013/1 ~ 2022/2,2014,1,2018,1,24,5,1,outputs/pdfs_full/무용학과__DAN3044__무용측정평가.pdf,ok
DAN3057,무용연기,H0003590,무용학과,무용학과,2013/1 ~ 2018/2,2014,2,2018,2,22,5,1,outputs/pdfs_full/무용학과__DAN3057__무용연기.pdf,ok
DAN3058,무용전공실기5,H0003590,무용학과,무용학과,2013/1 ~ 2029/2,2022,1,2026,1,16,5,1,outputs/pdfs_full/무용학과__DAN3058__무용전공실기5.pdf,ok
DAN3059,무용전공실기6,H0003590,무용학과,무용학과,2013/1 ~ 2029/2,2022,2,2025,2,11,4,1,outputs/pdfs_full/무용학과__DAN3059__무용전공실기6.pdf,ok
DAN3060,무용의학,H0003590,무용학과,무용학과,2013/1 ~ 2015/2,2013,2,2015,2,17,3,1,outputs/pdfs_full/무용학과__DAN3060__무용의학.pdf,ok
DAN3067,무용분장법,H0003590,무용학과,무용학과,2009/1 ~ 2015/2,2013,2,2015,2,15,3,1,outputs/pdfs_full/무용학과__DAN3067__무용분장법.pdf,ok
DAN3069,서양의전통과예술이론,H0003590,무용학과,무용학과,2013/1 ~ 2017/2,2013,1,2017,1,29,5,1,outputs/pdfs_full/무용학과__DAN3069__서양의전통과예술이론.pdf,ok
DAN3070,실기워크샵,H0003590,무용학과,무용학과,2013/1 ~ 2030/2,2022,2,2025,2,14,4,1,outputs/pdfs_full/무용학과__DAN3070__실기워크샵.pdf,ok
DAN3071,스테이지디자인,H0003590,무용학과,무용학과,2013/1 ~ 2029/2,2022,1,2026,1,28,5,1,outputs/pdfs_full/무용학과__DAN3071__스테이지디자인.pdf,ok
DAN3074,무용교수워크샵,H0003590,무용학과,무용학과,2013/1 ~ 2030/2,2022,1,2026,1,16,5,1,outputs/pdfs_full/무용학과__DAN3074__무용교수워크샵.pdf,ok
DAN3075,동양의전통과예술이론,H0003590,무용학과,무용학과,2013/1 ~ 2017/2,2013,2,2017,2,29,5,1,outputs/pdfs_full/무용학과__DAN3075__동양의전통과예술이론.pdf,ok
DAN3076,무용공연프로젝트,H0003590,무용학과,무용학과,2013/1 ~ 2030/2,2022,2,2025,2,15,4,1,outputs/pdfs_full/무용학과__DAN3076__무용공연프로젝트.pdf,ok
DAN3077,무용작품해설,H0003590,무용학과,무용학과,2009/1 ~ 2029/2,2022,1,2026,1,12,5,1,outputs/pdfs_full/무용학과__DAN3077__무용작품해설.pdf,ok
DAN3079,사회무용교육방법론,H0003590,무용학과,무용학과,2013/1 ~ 2029/2,2022,1,2026,1,15,5,1,outputs/pdfs_full/무용학과__DAN3079__사회무용교육방법론.pdf,ok
DAN3080,무용진로특강,H0003590,무용학과,무용학과,2013/1 ~ 2029/2,2022,2,2025,2,14,4,1,outputs/pdfs_full/무용학과__DAN3080__무용진로특강.pdf,ok
DAN3081,웰빙무용프로그램개발,H0003590,무용학과,무용학과,2013/1 ~ 2027/2,2022,2,2025,2,16,4,1,outputs/pdfs_full/무용학과__DAN3081__웰빙무용프로그램개발.pdf,ok
DAN3088,춤공연연출,H0003590,무용학과,무용학과,2018/1 ~ 2029/2,2021,1,2026,1,21,5,1,outputs/pdfs_full/무용학과__DAN3088__춤공연연출.pdf,ok
DAN3089,전공레파토리5.창작발표회,H0003590,무용학과,무용학과,2018/1 ~ 2029/2,2022,1,2026,1,16,5,1,outputs/pdfs_full/무용학과__DAN3089__전공레파토리5.창작발표회.pdf,ok
DAN3091,전공레파토리6.정기공연,H0003590,무용학과,무용학과,2018/1 ~ 2029/2,2022,2,2025,2,12,4,1,outputs/pdfs_full/무용학과__DAN3091__전공레파토리6.정기공연.pdf,ok
DAN3097,무용예술경영,H0003590,무용학과,무용학과,2016/1 ~ 2017/2,2016,2,2017,2,11,2,1,outputs/pdfs_full/무용학과__DAN3097__무용예술경영.pdf,ok
DAN4007,창작론,H0003590,무용학과,무용학과,2013/1 ~ 2028/2,2022,2,2025,2,24,4,1,outputs/pdfs_full/무용학과__DAN4007__창작론.pdf,ok
DAN4008,무용미학,H0003590,무용학과,무용학과,2013/1 ~ 2017/2,2013,2,2017,2,26,5,1,outputs/pdfs_full/무용학과__DAN4008__무용미학.pdf,ok
DAN4012,무용전공실기3,H0003590,무용학과,무용학과,2013/1 ~ 2028/2,2022,1,2026,1,14,5,1,outputs/pdfs_full/무용학과__DAN4012__무용전공실기3.pdf,ok
DAN4013,무용전공실기4,H0003590,무용학과,무용학과,2013/1 ~ 2028/2,2022,2,2025,2,13,4,1,outputs/pdfs_full/무용학과__DAN4013__무용전공실기4.pdf,ok
DAN4022,무용요법,H0003590,무용학과,무용학과,2013/1 ~ 2022/2,2014,2,2018,2,31,5,1,outputs/pdfs_full/무용학과__DAN4022__무용요법.pdf,ok
DAN4025,무용교수법,H0003590,무용학과,무용학과,2013/1 ~ 2018/2,2014,2,2018,2,26,5,1,outputs/pdfs_full/무용학과__DAN4025__무용교수법.pdf,ok
DAN4026,무용사회학,H0003590,무용학과,무용학과,2013/1 ~ 2016/2,2013,2,2016,2,20,4,1,outputs/pdfs_full/무용학과__DAN4026__무용사회학.pdf,ok
DAN4049,무용비평,H0003590,무용학과,무용학과,2013/1 ~ 2018/2,2014,2,2018,2,24,5,1,outputs/pdfs_full/무용학과__DAN4049__무용비평.pdf,ok
DAN4051,무용학연구,H0003590,무용학과,무용학과,2013/1 ~ 2018/2,2013,2,2017,1,23,5,1,outputs/pdfs_full/무용학과__DAN4051__무용학연구.pdf,ok
DAN4052,무용전공실기7,H0003590,무용학과,무용학과,2013/1 ~ 2030/2,2022,1,2026,1,15,5,1,outputs/pdfs_full/무용학과__DAN4052__무용전공실기7.pdf,ok
DAN4053,무용전공실기8,H0003590,무용학과,무용학과,2013/1 ~ 2030/2,2022,2,2025,2,14,4,1,outputs/pdfs_full/무용학과__DAN4053__무용전공실기8.pdf,ok
DAN4062,실기워크샵2,H0003590,무용학과,무용학과,2013/1 ~ 2017/2,2013,2,2017,2,14,5,1,outputs/pdfs_full/무용학과__DAN4062__실기워크샵2.pdf,ok
DAN4063,인류와춤의발상,H0003590,무용학과,무용학과,2013/1 ~ 2029/2,2022,1,2026,1,18,5,1,outputs/pdfs_full/무용학과__DAN4063__인류와춤의발상.pdf,ok
DAN4064,국제발레교사자격증코스1,H0003590,무용학과,무용학과,2013/1 ~ 2028/2,2022,1,2026,1,13,5,1,outputs/pdfs_full/무용학과__DAN4064__국제발레교사자격증코스1.pdf,ok
DAN4065,무형문화재춤분석,H0003590,무용학과,무용학과,2013/1 ~ 2018/2,2014,1,2018,1,29,5,1,outputs/pdfs_full/무용학과__DAN4065__무형문화재춤분석.pdf,ok
DAN4067,인턴십과정,H0003590,무용학과,무용학과,2013/1 ~ 2030/2,2022,1,2026,1,12,5,1,outputs/pdfs_full/무용학과__DAN4067__인턴십과정.pdf,ok
DAN4068,국제발레교사자격증코스2,H0003590,무용학과,무용학과,2013/1 ~ 2029/2,2022,2,2025,2,7,4,1,outputs/pdfs_full/무용학과__DAN4068__국제발레교사자격증코스2.pdf,ok
DAN4071,무용수의건강과영양,H0003590,무용학과,무용학과,2009/1 ~ 2027/2,2022,1,2026,1,23,5,1,outputs/pdfs_full/무용학과__DAN4071__무용수의건강과영양.pdf,ok
DAN4079,춤공연마케팅전략연구,H0003590,무용학과,무용학과,2019/1 ~ 2030/2,2022,1,2026,1,13,5,1,outputs/pdfs_full/무용학과__DAN4079__춤공연마케팅전략연구.pdf,ok
DAN4080,전공레파토리7.졸업작품Showcase,H0003590,무용학과,무용학과,2019/1 ~ 2030/2,2022,1,2026,1,18,5,1,outputs/pdfs_full/무용학과__DAN4080__전공레파토리7.졸업작품Showcase.pdf,ok
DAN4082,전공레파토리8.졸업작품Performance,H0003590,무용학과,무용학과,2019/1 ~ 2030/2,2022,2,2025,2,15,4,1,outputs/pdfs_full/무용학과__DAN4082__전공레파토리8.졸업작품Performance.pdf,ok
DAN4086,성인발레지도법,H0003590,무용학과,무용학과,2019/1 ~ 2030/2,2022,1,2026,1,16,5,1,outputs/pdfs_full/무용학과__DAN4086__성인발레지도법.pdf,ok
DAN4087,유아발레지도법,H0003590,무용학과,무용학과,2019/1 ~ 2030/2,2022,2,2025,2,12,4,1,outputs/pdfs_full/무용학과__DAN4087__유아발레지도법.pdf,ok
DBC2001,생화학1,H0003562,화학과,화학과,2015/1 ~ 2029/2,2024,1,2026,1,26,4,2,outputs/pdfs_full/화학과__DBC2001__생화학1.pdf,ok
DBC2002,생화학2,H0003562,화학과,화학과,2015/1 ~ 2029/2,2023,2,2026,1,25,4,2,outputs/pdfs_full/화학과__DBC2002__생화학2.pdf,ok
DBC2010,생화학실험,H0003562,화학과,화학과,2018/1 ~ 2029/2,2022,1,2026,1,16,5,1,outputs/pdfs_full/화학과__DBC2010__생화학실험.pdf,ok
DBC3011,생물리학,H0002599,의예과,의예과(학부/서울),1998/1 ~ 2027/2,2022,2,2025,2,17,4,1,outputs/pdfs_full/의예과__DBC3011__생물리학.pdf,ok
DBC4023,생물정보학,H0003563,생명과학과,생명과학과,2016/1 ~ 2029/2,2024,1,2026,1,9,4,1,outputs/pdfs_full/생명과학과__DBC4023__생물정보학.pdf,ok
DBC4028,시스템생물학,H0003563,생명과학과,생명과학과,2023/1 ~ 2030/2,2026,1,2026,1,6,1,1,outputs/pdfs_full/생명과학과__DBC4028__시스템생물학.pdf,ok
DCC2030,디지털마케팅,H0004360,글로벌 CEO 창업 융합전공,글로벌 CEO 창업 융합전공,2023/1 ~ 2028/2,2024,2,2026,1,19,4,1,outputs/pdfs_full/글로벌_CEO_창업_융합전공__DCC2030__디지털마케팅.pdf,ok
DCE2005,수영,H0003587,체육학과,체육학과,2016/1 ~ 2022/1,2020,2,2026,1,11,5,2,outputs/pdfs_full/체육학과__DCE2005__수영.pdf,ok
DCE2016,건강교육,H0003587,체육학과,체육학과,2015/1 ~ 2023/2,2021,2,2025,2,26,5,2,outputs/pdfs_full/체육학과__DCE2016__건강교육.pdf,ok
DCE2018,운동생리1,H0003587,체육학과,체육학과,2013/1 ~ 2022/1,2022,1,2026,1,25,5,3,outputs/pdfs_full/체육학과__DCE2018__운동생리1.pdf,ok
DCE2019,운동생리2,H0003587,체육학과,체육학과,2013/1 ~ 2022/2,2020,2,2024,2,18,5,2,outputs/pdfs_full/체육학과__DCE2019__운동생리2.pdf,ok
DCE3002,스포츠심리,H0003587,체육학과,체육학과,2009/1 ~ 2022/1,2019,2,2026,1,21,5,2,outputs/pdfs_full/체육학과__DCE3002__스포츠심리.pdf,ok
DCE3003,골프,H0003587,체육학과,체육학과,2019/1 ~ 2020/1,2018,1,2018,1,2,1,2,outputs/pdfs_full/체육학과__DCE3003__골프.pdf,ok
DCE3005,트레이닝방법론,H0003587,체육학과,체육학과,2013/1 ~ 2025/2,2021,1,2025,1,17,5,2,outputs/pdfs_full/체육학과__DCE3005__트레이닝방법론.pdf,ok
DCE3030,운동학습및제어,H0003587,체육학과,체육학과,2018/1 ~ 2021/2,2018,1,2021,1,14,4,1,outputs/pdfs_full/체육학과__DCE3030__운동학습및제어.pdf,ok
DCE4002,스포츠사회학,H0003587,체육학과,체육학과,2013/1 ~ 2018/2,2022,2,2025,2,26,4,4,outputs/pdfs_full/체육학과__DCE4002__스포츠사회학.pdf,ok
DCE4005,배드민턴,H0003587,체육학과,체육학과,2018/1 ~ 2025/2,2022,1,2026,1,5,5,2,outputs/pdfs_full/체육학과__DCE4005__배드민턴.pdf,ok
DCE4027,운동처방,H0003587,체육학과,체육학과,2013/1 ~ 2025/2,2022,1,2026,1,23,5,2,outputs/pdfs_full/체육학과__DCE4027__운동처방.pdf,ok
DCE4028,스포츠행정관리,H0003588,스포츠산업학과,스포츠산업학과,2013/1 ~ 2018/2,2014,2,2018,2,21,5,1,outputs/pdfs_full/스포츠산업학과__DCE4028__스포츠행정관리.pdf,ok
DEE1007,영어의사소통의기초,H0002720,영어교육과,영어교육과(학부/서울),2003/1 ~ 2027/2,2022,2,2025,2,13,4,1,outputs/pdfs_full/영어교육과__DEE1007__영어의사소통의기초.pdf,ok
DEE1015,영어쓰기의기초,H0002720,영어교육과,영어교육과(학부/서울),2009/1 ~ 2027/2,2022,2,2025,2,21,4,1,outputs/pdfs_full/영어교육과__DEE1015__영어쓰기의기초.pdf,ok
DEE1016,학교문법,H0002720,영어교육과,영어교육과(학부/서울),2009/1 ~ 2027/2,2022,1,2026,1,23,5,1,outputs/pdfs_full/영어교육과__DEE1016__학교문법.pdf,ok
DEE2011,영어읽기의기초,H0002720,영어교육과,영어교육과(학부/서울),1994/1 ~ 2027/2,2022,1,2026,1,25,5,2,outputs/pdfs_full/영어교육과__DEE2011__영어읽기의기초.pdf,ok
DEE2015,영어음성학연구,H0002720,영어교육과,영어교육과(학부/서울),1998/1 ~ 2027/2,2022,2,2025,2,19,4,1,outputs/pdfs_full/영어교육과__DEE2015__영어음성학연구.pdf,ok
DEE2016,영어읽기연습,H0002720,영어교육과,영어교육과(학부/서울),1998/1 ~ 2016/2,2011,1,2015,1,18,5,1,outputs/pdfs_full/영어교육과__DEE2016__영어읽기연습.pdf,ok
DEE2020,영어쓰기연습,H0002720,영어교육과,영어교육과(학부/서울),1998/1 ~ 2028/2,2021,1,2025,1,20,5,1,outputs/pdfs_full/영어교육과__DEE2020__영어쓰기연습.pdf,ok
DEE2023,영어교육현장연구,H0002720,영어교육과,영어교육과(학부/서울),1998/1 ~ 2018/2,2016,1,2018,1,7,2,1,outputs/pdfs_full/영어교육과__DEE2023__영어교육현장연구.pdf,ok
DEE2030,영어학과영어교육,H0002800,영어영문학과,영어영문학(학부/서울),2007/1 ~ 2009/2,2020,2,2025,2,24,4,2,outputs/pdfs_full/영어영문학과__DEE2030__영어학과영어교육.pdf,ok
DEE2032,영문학과영어교육,H0002720,영어교육과,영어교육과(학부/서울),2006/1 ~ 2028/2,2022,1,2026,1,20,5,1,outputs/pdfs_full/영어교육과__DEE2032__영문학과영어교육.pdf,ok
DEE2033,영어음운론연구,H0002720,영어교육과,영어교육과(학부/서울),2010/1 ~ 2028/2,2022,1,2025,2,16,4,1,outputs/pdfs_full/영어교육과__DEE2033__영어음운론연구.pdf,ok
DEE2034,학교문법2,H0002720,영어교육과,영어교육과(학부/서울),2010/1 ~ 2016/2,2012,1,2016,1,21,5,1,outputs/pdfs_full/영어교육과__DEE2034__학교문법2.pdf,ok
DEE2035,다문화사회의영어교육,H0002720,영어교육과,영어교육과(학부/서울),2010/1 ~ 2026/1,2021,2,2025,2,23,5,1,outputs/pdfs_full/영어교육과__DEE2035__다문화사회의영어교육.pdf,ok
DEE2036,글로벌영어커뮤니케이션,H0002720,영어교육과,영어교육과(학부/서울),2010/1 ~ 2028/2,2022,2,2025,2,16,4,1,outputs/pdfs_full/영어교육과__DEE2036__글로벌영어커뮤니케이션.pdf,ok
DEE2043,영어교육학개론,H0002720,영어교육과,영어교육과(학부/서울),2014/1 ~ 2028/2,2022,1,2026,1,23,5,1,outputs/pdfs_full/영어교육과__DEE2043__영어교육학개론.pdf,ok
DEE2044,영어활동실습1,H0002720,영어교육과,영어교육과(학부/서울),2014/1 ~ 2016/2,2015,1,2016,1,2,2,1,outputs/pdfs_full/영어교육과__DEE2044__영어활동실습1.pdf,ok
DEE2045,영국문학과영어교육1,H0002720,영어교육과,영어교육과(학부/서울),2014/1 ~ 2016/2,2014,2,2016,2,13,3,1,outputs/pdfs_full/영어교육과__DEE2045__영국문학과영어교육1.pdf,ok
DEE2046,영어활동실습2,H0002720,영어교육과,영어교육과(학부/서울),2014/1 ~ 2016/2,2014,2,2016,2,4,3,1,outputs/pdfs_full/영어교육과__DEE2046__영어활동실습2.pdf,ok
DEE2053,글로벌시대의문화적감수성,H0002720,영어교육과,영어교육과(학부/서울),2026/2 ~ 2028/2,,,,,0,0,1,outputs/pdfs_full/영어교육과__DEE2053__글로벌시대의문화적감수성.pdf,not_found
DEE3002,언어와문화,H0002256,서울 대학,대학(학부/서울),1997/1 ~ 2019/1,2017,1,2019,1,32,5,1,outputs/pdfs_seoul_university/서울_대학__DEE3002__언어와문화.pdf,ok
DEE3011,영어통사론,H0002800,영어영문학과,영어영문학(학부/서울),2007/1 ~ 2009/2,2022,1,2026,1,22,5,2,outputs/pdfs_full/영어영문학과__DEE3011__영어통사론.pdf,ok
DEE3018,영어과교육론,H0002720,영어교육과,영어교육과(학부/서울),1995/1 ~ 2028/2,2022,2,2025,2,19,4,1,outputs/pdfs_full/영어교육과__DEE3018__영어과교육론.pdf,ok
DEE3021,영어교육과테크놀로지,H0002720,영어교육과,영어교육과(학부/서울),1999/1 ~ 2026/1,2022,1,2026,1,12,5,1,outputs/pdfs_full/영어교육과__DEE3021__영어교육과테크놀로지.pdf,ok
DEE3022,영어교수의원리,H0002720,영어교육과,영어교육과(학부/서울),1999/1 ~ 2028/2,2021,2,2026,1,25,5,1,outputs/pdfs_full/영어교육과__DEE3022__영어교수의원리.pdf,ok
DEE3035,영어변천사,H0002720,영어교육과,영어교육과(학부/서울),2003/1 ~ 2022/2,2017,1,2021,1,24,5,1,outputs/pdfs_full/영어교육과__DEE3035__영어변천사.pdf,ok
DEE3042,영어습득론,H0002720,영어교육과,영어교육과(학부/서울),2007/1 ~ 2029/2,2022,1,2026,1,21,5,1,outputs/pdfs_full/영어교육과__DEE3042__영어습득론.pdf,ok
DEE3045,영어읽기지도,H0002720,영어교육과,영어교육과(학부/서울),2011/1 ~ 2017/2,2013,1,2017,1,20,5,1,outputs/pdfs_full/영어교육과__DEE3045__영어읽기지도.pdf,ok
DEE3046,영어쓰기지도,H0002720,영어교육과,영어교육과(학부/서울),2011/1 ~ 2017/2,2011,2,2017,2,23,5,1,outputs/pdfs_full/영어교육과__DEE3046__영어쓰기지도.pdf,ok
DEE3047,다문화사회와영어,H0002720,영어교육과,영어교육과(학부/서울),2011/1 ~ 2017/2,2013,1,2017,1,21,5,1,outputs/pdfs_full/영어교육과__DEE3047__다문화사회와영어.pdf,ok
DEE3048,세계의영어,H0002720,영어교육과,영어교육과(학부/서울),2011/1 ~ 2017/2,2011,2,2015,2,18,5,1,outputs/pdfs_full/영어교육과__DEE3048__세계의영어.pdf,ok
DEE3049,영국문학과영어교육2,H0002720,영어교육과,영어교육과(학부/서울),2015/1 ~ 2017/2,2015,1,2017,1,14,3,1,outputs/pdfs_full/영어교육과__DEE3049__영국문학과영어교육2.pdf,ok
DEE3050,영어교수의실제,H0002720,영어교육과,영어교육과(학부/서울),2015/1 ~ 2026/1,2022,1,2026,1,14,5,1,outputs/pdfs_full/영어교육과__DEE3050__영어교수의실제.pdf,ok
DEE3051,미국문학과영어교육,H0002720,영어교육과,영어교육과(학부/서울),2015/1 ~ 2017/2,2017,2,2017,2,2,1,1,outputs/pdfs_full/영어교육과__DEE3051__미국문학과영어교육.pdf,ok
DEE3052,사회언어학과영어교육,H0002720,영어교육과,영어교육과(학부/서울),2015/1 ~ 2029/2,2022,2,2025,2,13,4,1,outputs/pdfs_full/영어교육과__DEE3052__사회언어학과영어교육.pdf,ok
DEE3053,영어리터러시,H0002720,영어교육과,영어교육과(학부/서울),2018/1 ~ 2029/2,2021,2,2026,1,14,5,1,outputs/pdfs_full/영어교육과__DEE3053__영어리터러시.pdf,ok
DEE3054,영어구문연구,H0002720,영어교육과,영어교육과(학부/서울),2026/1 ~ 2029/2,,,,,0,0,1,outputs/pdfs_full/영어교육과__DEE3054__영어구문연구.pdf,not_found
DEE3055,영어연극과글로벌역량,H0002720,영어교육과,영어교육과(학부/서울),2026/2 ~ 2029/2,,,,,0,0,1,outputs/pdfs_full/영어교육과__DEE3055__영어연극과글로벌역량.pdf,not_found
DEE3056,AI활용영어텍스트분석,H0002720,영어교육과,영어교육과(학부/서울),2026/2 ~ 2029/2,,,,,0,0,1,outputs/pdfs_full/영어교육과__DEE3056__AI활용영어텍스트분석.pdf,not_found
DEE3057,시네마휴머니즘,H0002720,영어교육과,영어교육과(학부/서울),2026/2 ~ 2029/2,,,,,0,0,1,outputs/pdfs_full/영어교육과__DEE3057__시네마휴머니즘.pdf,not_found
DEE4007,영어교육특강,H0002720,영어교육과,영어교육과(학부/서울),2004/1 ~ 2030/2,2019,2,2022,2,12,4,1,outputs/pdfs_full/영어교육과__DEE4007__영어교육특강.pdf,ok
DEE4031,영어과교육과정과교재연구,H0002720,영어교육과,영어교육과(학부/서울),2004/1 ~ 2029/2,2022,2,2025,2,17,4,1,outputs/pdfs_full/영어교육과__DEE4031__영어과교육과정과교재연구.pdf,ok
DEE4032,영어평가의실제,H0002720,영어교육과,영어교육과(학부/서울),2004/1 ~ 2030/2,2021,1,2026,1,14,5,1,outputs/pdfs_full/영어교육과__DEE4032__영어평가의실제.pdf,ok
DEE4033,교실영어연습,H0002720,영어교육과,영어교육과(학부/서울),2004/1 ~ 2030/2,2021,1,2026,1,10,5,1,outputs/pdfs_full/영어교육과__DEE4033__교실영어연습.pdf,ok
DEE4039,영어커뮤니케이션지도,H0002720,영어교육과,영어교육과(학부/서울),2012/1 ~ 2018/2,2012,2,2015,2,13,4,1,outputs/pdfs_full/영어교육과__DEE4039__영어커뮤니케이션지도.pdf,ok
DEE4040,AI와영어논리논술,H0002720,영어교육과,영어교육과(학부/서울),2012/1 ~ 2029/2,2022,2,2025,2,15,4,1,outputs/pdfs_full/영어교육과__DEE4040__AI와영어논리논술.pdf,ok
DEE4044,영어교수법특강,H0002720,영어교육과,영어교육과(학부/서울),2016/1 ~ 2018/2,2018,2,2018,2,3,1,1,outputs/pdfs_full/영어교육과__DEE4044__영어교수법특강.pdf,ok
DEE4045,영어교과교실수업연구,H0002720,영어교육과,영어교육과(학부/서울),2023/2 ~ 2025/2,2023,2,2023,2,1,1,1,outputs/pdfs_full/영어교육과__DEE4045__영어교과교실수업연구.pdf,ok
DEE4047,영미고전과삶의가치,H0002720,영어교육과,영어교육과(학부/서울),2027/1 ~ 2030/2,,,,,0,0,1,outputs/pdfs_full/영어교육과__DEE4047__영미고전과삶의가치.pdf,not_found
DET1002,뉴미디어문화론,H0002723,교육공학과,교육공학과(학부/서울),2013/1 ~ 2015/2,2013,2,2015,2,15,3,1,outputs/pdfs_full/교육공학과__DET1002__뉴미디어문화론.pdf,ok
DET1003,HRD개론,H0002723,교육공학과,교육공학과(학부/서울),2016/1 ~ 2027/2,2022,1,2025,2,16,4,1,outputs/pdfs_full/교육공학과__DET1003__HRD개론.pdf,ok
DET1004,교육공학이론과실제,H0002723,교육공학과,교육공학과(학부/서울),2016/1 ~ 2027/2,2022,2,2026,1,13,5,1,outputs/pdfs_full/교육공학과__DET1004__교육공학이론과실제.pdf,ok
DET1005,첨단미디어학습환경설계,H0002723,교육공학과,교육공학과(학부/서울),2020/1 ~ 2026/1,2020,1,2023,1,7,4,1,outputs/pdfs_full/교육공학과__DET1005__첨단미디어학습환경설계.pdf,ok
DET1006,학습과학의이론적기초,H0002723,교육공학과,교육공학과(학부/서울),2026/2 ~ 2028/2,,,,,0,0,1,outputs/pdfs_full/교육공학과__DET1006__학습과학의이론적기초.pdf,not_found
DET2004,학습심리,H0002718,교육학과,교육학과(학부/서울),1990/1 ~ 2021/2,2015,2,2020,1,18,5,2,outputs/pdfs_full/교육학과__DET2004__학습심리.pdf,ok
DET2013,교수설계모형,H0002723,교육공학과,교육공학과(학부/서울),1998/1 ~ 2016/2,2009,1,2014,1,18,5,1,outputs/pdfs_full/교육공학과__DET2013__교수설계모형.pdf,ok
DET2014,교수설계,H0002723,교육공학과,교육공학과(학부/서울),1998/1 ~ 2027/2,2022,2,2025,2,14,4,1,outputs/pdfs_full/교육공학과__DET2014__교수설계.pdf,ok
DET2021,교육공학전공영어,H0002723,교육공학과,교육공학과(학부/서울),2002/1 ~ 2016/2,2011,1,2015,1,21,5,1,outputs/pdfs_full/교육공학과__DET2021__교육공학전공영어.pdf,ok
DET2024,HRD와변화의예술,H0002723,교육공학과,교육공학과(학부/서울),2011/1 ~ 2029/2,2021,2,2025,2,12,4,1,outputs/pdfs_full/교육공학과__DET2024__HRD와변화의예술.pdf,ok
DET2025,글로벌HRD동향,H0002723,교육공학과,교육공학과(학부/서울),2011/1 ~ 2029/2,2020,2,2024,2,12,5,1,outputs/pdfs_full/교육공학과__DET2025__글로벌HRD동향.pdf,ok
DET2026,최신교수설계모형,H0002723,교육공학과,교육공학과(학부/서울),2012/1 ~ 2018/2,2012,1,2012,1,1,1,1,outputs/pdfs_full/교육공학과__DET2026__최신교수설계모형.pdf,ok
DET2028,뉴미디어학습컨텐츠개발,H0002723,교육공학과,교육공학과(학부/서울),2014/1 ~ 2026/2,2020,1,2026,1,11,5,1,outputs/pdfs_full/교육공학과__DET2028__뉴미디어학습컨텐츠개발.pdf,ok
DET2029,커뮤니케이션혁신교육론,H0002723,교육공학과,교육공학과(학부/서울),2014/1 ~ 2029/2,2021,1,2026,1,12,5,1,outputs/pdfs_full/교육공학과__DET2029__커뮤니케이션혁신교육론.pdf,ok
DET2030,휴먼컴퓨터인터랙션HCI디자인,H0002723,교육공학과,교육공학과(학부/서울),2014/1 ~ 2016/2,2014,2,2015,2,8,2,1,outputs/pdfs_full/교육공학과__DET2030__휴먼컴퓨터인터랙션HCI디자인.pdf,ok
DET2031,디지털트렌스포메이션시대스마트러닝설계및개발,H0002723,교육공학과,교육공학과(학부/서울),2021/2 ~ 2024/2,2021,2,2023,2,4,2,1,outputs/pdfs_full/교육공학과__DET2031__디지털트렌스포메이션시대스마트러닝설계및개발.pdf,ok
DET2037,학습전이평가모형개발,H0002723,교육공학과,교육공학과(학부/서울),2017/1 ~ 2020/2,2017,1,2020,1,13,4,1,outputs/pdfs_full/교육공학과__DET2037__학습전이평가모형개발.pdf,ok
DET2038,4차산업혁명시대의인재경영론,H0002723,교육공학과,교육공학과(학부/서울),2021/1 ~ 2026/1,2021,2,2025,2,14,5,1,outputs/pdfs_full/교육공학과__DET2038__4차산업혁명시대의인재경영론.pdf,ok
DET2039,HRD트렌드,H0002723,교육공학과,교육공학과(학부/서울),2025/1 ~ 2028/2,2025,1,2026,1,5,2,1,outputs/pdfs_full/교육공학과__DET2039__HRD트렌드.pdf,ok
DET2040,조직개발과조직문화,H0002723,교육공학과,교육공학과(학부/서울),2026/1 ~ 2029/2,,,,,0,0,1,outputs/pdfs_full/교육공학과__DET2040__조직개발과조직문화.pdf,not_found
DET2041,마이크로러닝과AIDT(DigitalTextbook)활용전략,H0002723,교육공학과,교육공학과(학부/서울),2025/1 ~ 2026/1,2025,1,2025,1,4,1,1,outputs/pdfs_full/교육공학과__DET2041__마이크로러닝과AIDT(DigitalTextbook)활용전략.pdf,ok
DET3014,AI와데이터리터러시,H0002723,교육공학과,교육공학과(학부/서울),1999/1 ~ 2028/2,2022,2,2025,2,8,4,1,outputs/pdfs_full/교육공학과__DET3014__AI와데이터리터러시.pdf,ok
DET3016,교육공학연구방법론,H0002723,교육공학과,교육공학과(학부/서울),1999/1 ~ 2018/2,2007,1,2014,2,21,5,1,outputs/pdfs_full/교육공학과__DET3016__교육공학연구방법론.pdf,ok
DET3027,이러닝설계및개발,H0002723,교육공학과,교육공학과(학부/서울),2011/1 ~ 2029/2,2022,1,2026,1,11,5,1,outputs/pdfs_full/교육공학과__DET3027__이러닝설계및개발.pdf,ok
DET3028,이러닝개발,H0002723,교육공학과,교육공학과(학부/서울),2011/1 ~ 2025/2,2021,2,2025,2,11,5,1,outputs/pdfs_full/교육공학과__DET3028__이러닝개발.pdf,ok
DET3030,21세기글로벌시대의교육동향,H0002723,교육공학과,교육공학과(학부/서울),2015/1 ~ 2017/2,2015,1,2016,1,10,2,1,outputs/pdfs_full/교육공학과__DET3030__21세기글로벌시대의교육동향.pdf,ok
DET3031,디지털영상미디어제작실습,H0002723,교육공학과,교육공학과(학부/서울),2015/1 ~ 2017/2,,,,,0,0,1,outputs/pdfs_full/교육공학과__DET3031__디지털영상미디어제작실습.pdf,not_found
DET3032,교육공학글로벌인턴십,H0002723,교육공학과,교육공학과(학부/서울),2015/1 ~ 2017/2,,,,,0,0,1,outputs/pdfs_full/교육공학과__DET3032__교육공학글로벌인턴십.pdf,not_found
DET3033,스마트교육환경론,H0002723,교육공학과,교육공학과(학부/서울),2015/1 ~ 2017/2,2015,2,2015,2,4,1,1,outputs/pdfs_full/교육공학과__DET3033__스마트교육환경론.pdf,ok
DET3034,교육공학인턴십,H0002723,교육공학과,교육공학과(학부/서울),2015/1 ~ 2017/2,,,,,0,0,1,outputs/pdfs_full/교육공학과__DET3034__교육공학인턴십.pdf,not_found
DET3035,몰입형수업설계및활용,H0002723,교육공학과,교육공학과(학부/서울),2018/1 ~ 2029/2,2021,2,2025,2,11,5,1,outputs/pdfs_full/교육공학과__DET3035__몰입형수업설계및활용.pdf,ok
DET3036,국제교육개발협력과SDGs세미나,H0002723,교육공학과,교육공학과(학부/서울),2018/1 ~ 2022/2,2019,2,2019,2,2,1,1,outputs/pdfs_full/교육공학과__DET3036__국제교육개발협력과SDGs세미나.pdf,ok
DET3037,HRD와컨설팅,H0002723,교육공학과,교육공학과(학부/서울),2018/1 ~ 2028/2,2022,2,2025,2,9,4,1,outputs/pdfs_full/교육공학과__DET3037__HRD와컨설팅.pdf,ok
DET3038,People Analytics,H0002723,교육공학과,교육공학과(학부/서울),2022/1 ~ 2029/2,2022,2,2025,2,6,3,1,outputs/pdfs_full/교육공학과__DET3038__People_Analytics.pdf,ok
DET3039,GBL설계와적용,H0002723,교육공학과,교육공학과(학부/서울),2022/1 ~ 2025/2,2022,1,2025,1,10,4,1,outputs/pdfs_full/교육공학과__DET3039__GBL설계와적용.pdf,ok
DET3040,HRD와경력개발,H0002723,교육공학과,교육공학과(학부/서울),2026/1 ~ 2029/2,2026,1,2026,1,2,1,1,outputs/pdfs_full/교육공학과__DET3040__HRD와경력개발.pdf,ok
DET3041,AI활용교육도구설계,H0002723,교육공학과,교육공학과(학부/서울),2026/1 ~ 2029/2,,,,,0,0,1,outputs/pdfs_full/교육공학과__DET3041__AI활용교육도구설계.pdf,not_found
DET3042,미래교육전문가캡스톤디자인,H0002723,교육공학과,교육공학과(학부/서울),2025/1 ~ 2026/2,2025,1,2025,1,1,1,1,outputs/pdfs_full/교육공학과__DET3042__미래교육전문가캡스톤디자인.pdf,ok
DET3043,하이브리드러닝플랫폼설계,H0002723,교육공학과,교육공학과(학부/서울),2026/1 ~ 2029/2,,,,,0,0,1,outputs/pdfs_full/교육공학과__DET3043__하이브리드러닝플랫폼설계.pdf,not_found
DET3044,학습분석의이해와적용,H0002723,교육공학과,교육공학과(학부/서울),2026/2 ~ 2029/2,,,,,0,0,1,outputs/pdfs_full/교육공학과__DET3044__학습분석의이해와적용.pdf,not_found
DET4012,디지털변혁시대의HRD방법론,H0002723,교육공학과,교육공학과(학부/서울),2000/1 ~ 2029/2,2022,1,2026,1,14,5,1,outputs/pdfs_full/교육공학과__DET4012__디지털변혁시대의HRD방법론.pdf,ok
DET4021,교육공학적용연구,H0002723,교육공학과,교육공학과(학부/서울),2008/1 ~ 2018/2,2013,1,2018,1,13,5,1,outputs/pdfs_full/교육공학과__DET4021__교육공학적용연구.pdf,ok
DET4022,교수체제개발,H0002723,교육공학과,교육공학과(학부/서울),2008/1 ~ 2028/2,2021,1,2025,1,13,5,1,outputs/pdfs_full/교육공학과__DET4022__교수체제개발.pdf,ok
DET4024,인공지능시대창의성개발,H0002723,교육공학과,교육공학과(학부/서울),2012/1 ~ 2030/2,2021,1,2025,1,12,5,1,outputs/pdfs_full/교육공학과__DET4024__인공지능시대창의성개발.pdf,ok
DET4025,HRD와리더십개발,H0002723,교육공학과,교육공학과(학부/서울),2012/1 ~ 2030/2,2022,1,2026,1,14,5,1,outputs/pdfs_full/교육공학과__DET4025__HRD와리더십개발.pdf,ok
DET4027,교수학습정보디자인,H0002723,교육공학과,교육공학과(학부/서울),2016/1 ~ 2018/2,2016,1,2016,1,5,1,1,outputs/pdfs_full/교육공학과__DET4027__교수학습정보디자인.pdf,ok
DET4028,다문화통합교육과UDL활용,H0002723,교육공학과,교육공학과(학부/서울),2016/1 ~ 2018/2,2016,2,2017,2,9,2,1,outputs/pdfs_full/교육공학과__DET4028__다문화통합교육과UDL활용.pdf,ok
DET4029,교육공학사례연구,H0002723,교육공학과,교육공학과(학부/서울),2019/1 ~ 2030/2,2020,2,2025,2,5,3,1,outputs/pdfs_full/교육공학과__DET4029__교육공학사례연구.pdf,ok
DET4030,교육공학연구방법과통계,H0002723,교육공학과,교육공학과(학부/서울),2023/1 ~ 2030/2,,,,,0,0,1,outputs/pdfs_full/교육공학과__DET4030__교육공학연구방법과통계.pdf,not_found
DIS0001,Understanding Global Affairs,H0002256,서울 대학,대학(학부/서울),2006/1 ~ 2014/2,2010,2,2014,1,21,5,1,outputs/pdfs_seoul_university/서울_대학__DIS0001__Understanding_Global_Affairs.pdf,ok
DIS0008,United States-Korea Relations From 1945,H0002256,서울 대학,대학(학부/서울),2006/1 ~ 2019/1,2016,2,2018,2,32,5,1,outputs/pdfs_seoul_university/서울_대학__DIS0008__United_States-Korea_Relations_From_1945.pdf,ok
DIS0011,American History & Culture,H0002256,서울 대학,대학(학부/서울),2006/1 ~ 2019/1,2016,2,2018,2,33,5,1,outputs/pdfs_seoul_university/서울_대학__DIS0011__American_History_&_Culture.pdf,ok
DIS0013,Understanding International Business,H0002256,서울 대학,대학(학부/서울),2006/1 ~ 2015/1,2013,1,2015,1,29,5,1,outputs/pdfs_seoul_university/서울_대학__DIS0013__Understanding_International_Business.pdf,ok
DIS0014,Understanding International Law,H0002256,서울 대학,대학(학부/서울),2006/1 ~ 2013/2,2010,2,2013,2,25,5,1,outputs/pdfs_seoul_university/서울_대학__DIS0014__Understanding_International_Law.pdf,ok
DIS0016,Banking & Investment Practice,H0002256,서울 대학,대학(학부/서울),2006/1 ~ 2027/2,2024,2,2026,1,20,4,1,outputs/pdfs_seoul_university/서울_대학__DIS0016__Banking_&_Investment_Practice.pdf,ok
DIS0023,Understanding UN,H0002256,서울 대학,대학(학부/서울),2006/1 ~ 2013/2,2011,2,2013,2,21,5,1,outputs/pdfs_seoul_university/서울_대학__DIS0023__Understanding_UN.pdf,ok
DIS1001,Contemporary Society and Philosophy,H0002920,국제학부,국제학부,2004/1 ~ 2019/2,,,,,0,0,1,outputs/pdfs_full/국제학부__DIS1001__Contemporary_Society_and_Philosophy.pdf,not_found
DIS1002,Globalization,H0002920,국제학부,국제학부,2004/1 ~ 2024/2,2025,1,2026,1,13,2,3,outputs/pdfs_full/국제학부__DIS1002__Globalization.pdf,ok
DIS1003,Special Lecture Series I,H0002920,국제학부,국제학부,2004/1 ~ 2015/2,,,,,0,0,1,outputs/pdfs_full/국제학부__DIS1003__Special_Lecture_Series_I.pdf,not_found
DIS1008,Presentation  Skills,H0002920,국제학부,국제학부,2004/1 ~ 2012/2,2011,1,2013,1,26,5,2,outputs/pdfs_full/국제학부__DIS1008__Presentation_Skills.pdf,ok
DIS1015,Business and Environmental Ethics,H0002920,국제학부,국제학부,2006/1 ~ 2026/2,2024,2,2025,2,15,2,3,outputs/pdfs_full/국제학부__DIS1015__Business_and_Environmental_Ethics.pdf,ok
DIS1016,East Asian History and Culture,H0002920,국제학부,국제학부,2006/1 ~ 2017/2,,,,,0,0,1,outputs/pdfs_full/국제학부__DIS1016__East_Asian_History_and_Culture.pdf,not_found
DIS1017,Economic Growth and Development,H0002920,국제학부,국제학부,2004/1 ~ 2018/2,,,,,0,0,1,outputs/pdfs_full/국제학부__DIS1017__Economic_Growth_and_Development.pdf,not_found
DIS1018,Global Ethics,H0002920,국제학부,국제학부,2004/1 ~ 2024/1,,,,,0,0,3,outputs/pdfs_full/국제학부__DIS1018__Global_Ethics.pdf,not_found
DIS1021,Creative and Critical Thinking,H0002920,국제학부,국제학부,2005/1 ~ 2023/2,2025,1,2026,1,11,2,3,outputs/pdfs_full/국제학부__DIS1021__Creative_and_Critical_Thinking.pdf,ok
DIS1024,Academic Writing 1,H0002920,국제학부,국제학부,2009/1 ~ 2023/2,2025,1,2026,1,10,2,3,outputs/pdfs_full/국제학부__DIS1024__Academic_Writing_1.pdf,ok
DIS1025,Basic Quantitative Methods,H0002920,국제학부,국제학부,2011/1 ~ 2015/2,,,,,0,0,1,outputs/pdfs_full/국제학부__DIS1025__Basic_Quantitative_Methods.pdf,not_found
DIS1026,Business and Society,H0002920,국제학부,국제학부,2016/1 ~ 2018/2,,,,,0,0,1,outputs/pdfs_full/국제학부__DIS1026__Business_and_Society.pdf,not_found
DIS1027,Law and Society,H0002920,국제학부,국제학부,2016/1 ~ 2019/2,,,,,0,0,1,outputs/pdfs_full/국제학부__DIS1027__Law_and_Society.pdf,not_found
DIS1028,Quantitative Methods,H0002920,국제학부,국제학부,2019/1 ~ 2019/2,,,,,0,0,1,outputs/pdfs_full/국제학부__DIS1028__Quantitative_Methods.pdf,not_found
DIS1029,한국학의이해,H0004739,글로벌한국학전공,글로벌한국학전공,2023/1 ~ 2025/2,2025,1,2025,1,7,1,2,outputs/pdfs_full/글로벌한국학전공__DIS1029__한국학의이해.pdf,ok
DIS1030,한국대중문화의이해,H0004739,글로벌한국학전공,글로벌한국학전공,2023/1 ~ 2027/2,2025,1,2026,1,9,2,2,outputs/pdfs_full/글로벌한국학전공__DIS1030__한국대중문화의이해.pdf,ok
DIS1031,한국경영의이해,H0004739,글로벌한국학전공,글로벌한국학전공,2023/1 ~ 2027/2,2025,2,2026,1,7,2,2,outputs/pdfs_full/글로벌한국학전공__DIS1031__한국경영의이해.pdf,ok
DIS1032,글로벌한국어Ⅱ,H0004739,글로벌한국학전공,글로벌한국학전공,2023/1 ~ 2027/2,2025,2,2026,1,11,2,2,outputs/pdfs_full/글로벌한국학전공__DIS1032__글로벌한국어II.pdf,ok
DIS1033,미디어콘텐츠와문화,H0004739,글로벌한국학전공,글로벌한국학전공,2023/1 ~ 2027/2,2025,2,2025,2,4,1,2,outputs/pdfs_full/글로벌한국학전공__DIS1033__미디어콘텐츠와문화.pdf,ok
DIS1034,"현대한국의사회,정치,문화",H0005064,글로벌콘텐츠융합학부,글로벌콘텐츠융합학부,2026/1 ~ 2027/2,2026,1,2026,1,6,1,1,"outputs/pdfs_full/글로벌콘텐츠융합학부__DIS1034__현대한국의사회,정치,문화.pdf",ok
DIS1035,외국인을위한기초영어및한국문화,H0005064,글로벌콘텐츠융합학부,글로벌콘텐츠융합학부,2026/1 ~ 2028/2,2026,1,2026,1,6,1,1,outputs/pdfs_full/글로벌콘텐츠융합학부__DIS1035__외국인을위한기초영어및한국문화.pdf,ok
DIS2001,Introduction to Political Science,H0002920,국제학부,국제학부,2004/1 ~ 2023/2,2025,1,2026,1,14,2,3,outputs/pdfs_full/국제학부__DIS2001__Introduction_to_Political_Science.pdf,ok
DIS2002,Introduction to Microeconomics,H0002920,국제학부,국제학부,2004/1 ~ 2024/2,2020,2,2026,1,15,3,3,outputs/pdfs_full/국제학부__DIS2002__Introduction_to_Microeconomics.pdf,ok
DIS2003,Introduction to Business Administration,H0002920,국제학부,국제학부,2005/1 ~ 2023/2,2025,2,2026,1,14,2,3,outputs/pdfs_full/국제학부__DIS2003__Introduction_to_Business_Administration.pdf,ok
DIS2004,Research Methods,H0002920,국제학부,국제학부,2005/1 ~ 2023/2,2025,2,2025,2,5,1,3,outputs/pdfs_full/국제학부__DIS2004__Research_Methods.pdf,ok
DIS2005,International Relations,H0002920,국제학부,국제학부,2004/1 ~ 2023/2,2025,2,2025,2,7,1,3,outputs/pdfs_full/국제학부__DIS2005__International_Relations.pdf,ok
DIS2006,International Law,H0002920,국제학부,국제학부,2005/1 ~ 2020/2,,,,,0,0,1,outputs/pdfs_full/국제학부__DIS2006__International_Law.pdf,not_found
DIS2007,International Economics,H0002920,국제학부,국제학부,2005/1 ~ 2020/2,,,,,0,0,1,outputs/pdfs_full/국제학부__DIS2007__International_Economics.pdf,not_found
DIS2008,International Business,H0002920,국제학부,국제학부,2005/1 ~ 2024/2,2025,2,2025,2,3,1,3,outputs/pdfs_full/국제학부__DIS2008__International_Business.pdf,ok
DIS2009,Leadership Workshop,H0002920,국제학부,국제학부,2006/1 ~ 2017/2,,,,,0,0,1,outputs/pdfs_full/국제학부__DIS2009__Leadership_Workshop.pdf,not_found
DIS2016,International Conflict & Cooperation,H0002920,국제학부,국제학부,2006/1 ~ 2017/2,,,,,0,0,1,outputs/pdfs_full/국제학부__DIS2016__International_Conflict_&_Cooperation.pdf,not_found
DIS2017,International Relations in East Asia,H0002920,국제학부,국제학부,2006/1 ~ 2025/2,2025,1,2025,1,4,1,3,outputs/pdfs_full/국제학부__DIS2017__International_Relations_in_East_Asia.pdf,ok
DIS2018,Russian Politics & Foreign Policy,H0002920,국제학부,국제학부,2004/1 ~ 2018/2,,,,,0,0,1,outputs/pdfs_full/국제학부__DIS2018__Russian_Politics_&_Foreign_Policy.pdf,not_found
DIS2019,Chinese Politics and Foreign Policy,H0002920,국제학부,국제학부,2006/1 ~ 2022/2,,,,,0,0,1,outputs/pdfs_full/국제학부__DIS2019__Chinese_Politics_and_Foreign_Policy.pdf,not_found
DIS2020,Japanese Politics & Foreign Policy,H0002920,국제학부,국제학부,2004/1 ~ 2018/2,,,,,0,0,1,outputs/pdfs_full/국제학부__DIS2020__Japanese_Politics_&_Foreign_Policy.pdf,not_found
DIS2021,American Politics & Foreign Policy,H0002920,국제학부,국제학부,2006/1 ~ 2017/2,,,,,0,0,1,outputs/pdfs_full/국제학부__DIS2021__American_Politics_&_Foreign_Policy.pdf,not_found
DIS2022,International Organizations,H0002920,국제학부,국제학부,2005/1 ~ 2024/2,2025,2,2025,2,4,1,3,outputs/pdfs_full/국제학부__DIS2022__International_Organizations.pdf,ok
DIS2024,Model United Nations,H0002920,국제학부,국제학부,2007/1 ~ 2022/2,,,,,0,0,1,outputs/pdfs_full/국제학부__DIS2024__Model_United_Nations.pdf,not_found
DIS2034,Macroeconomics,H0002920,국제학부,국제학부,2006/1 ~ 2017/2,,,,,0,0,1,outputs/pdfs_full/국제학부__DIS2034__Macroeconomics.pdf,not_found
DIS2035,The Political Economy of East Asia,H0002920,국제학부,국제학부,2006/1 ~ 2024/2,2025,1,2025,1,3,1,3,outputs/pdfs_full/국제학부__DIS2035__The_Political_Economy_of_East_Asia.pdf,ok
DIS2036,Energy Security and Geopolitics in Asia,H0002920,국제학부,국제학부,2007/1 ~ 2026/2,2025,1,2026,1,10,2,3,outputs/pdfs_full/국제학부__DIS2036__Energy_Security_and_Geopolitics_in_Asia.pdf,ok
DIS2045,Contemporary Korean Society,H0002920,국제학부,국제학부,2007/1 ~ 2016/2,,,,,0,0,1,outputs/pdfs_full/국제학부__DIS2045__Contemporary_Korean_Society.pdf,not_found
DIS2046,Korean History and Culture,H0002920,국제학부,국제학부,2007/1 ~ 2016/2,,,,,0,0,1,outputs/pdfs_full/국제학부__DIS2046__Korean_History_and_Culture.pdf,not_found
DIS2047,World History,H0002920,국제학부,국제학부,2010/1 ~ 2023/2,2025,2,2025,2,8,1,3,outputs/pdfs_full/국제학부__DIS2047__World_History.pdf,ok
DIS2048,Debate and Argumentation,H0002920,국제학부,국제학부,2010/1 ~ 2024/2,,,,,0,0,3,outputs/pdfs_full/국제학부__DIS2048__Debate_and_Argumentation.pdf,not_found
DIS2051,Comparative Politics,H0002920,국제학부,국제학부,2010/1 ~ 2025/2,2025,1,2025,1,6,1,3,outputs/pdfs_full/국제학부__DIS2051__Comparative_Politics.pdf,ok
DIS2052,Accounting,H0002920,국제학부,국제학부,2011/1 ~ 2016/2,,,,,0,0,1,outputs/pdfs_full/국제학부__DIS2052__Accounting.pdf,not_found
DIS2053,Principle of Marketing,H0002920,국제학부,국제학부,2017/1 ~ 2020/2,,,,,0,0,1,outputs/pdfs_full/국제학부__DIS2053__Principle_of_Marketing.pdf,not_found
DIS2054,Strategic Management,H0002920,국제학부,국제학부,2017/1 ~ 2024/2,2025,1,2025,1,5,1,3,outputs/pdfs_full/국제학부__DIS2054__Strategic_Management.pdf,ok
DIS2055,Academic Writing 2,H0002920,국제학부,국제학부,2020/2 ~ 2024/2,2025,2,2025,2,8,1,3,outputs/pdfs_full/국제학부__DIS2055__Academic_Writing_2.pdf,ok
DIS2056,Digital Strategy I,H0002920,국제학부,국제학부,2021/2 ~ 2023/1,,,,,0,0,3,outputs/pdfs_full/국제학부__DIS2056__Digital_Strategy_I.pdf,not_found
DIS2057,국제관계론,H0004739,글로벌한국학전공,글로벌한국학전공,2023/1 ~ 2027/2,2026,1,2026,1,5,1,2,outputs/pdfs_full/글로벌한국학전공__DIS2057__국제관계론.pdf,ok
DIS2058,한국어의실제와사용,H0004739,글로벌한국학전공,글로벌한국학전공,2024/1 ~ 2028/2,2025,1,2026,1,10,2,2,outputs/pdfs_full/글로벌한국학전공__DIS2058__한국어의실제와사용.pdf,ok
DIS2059,한류의정치경제학,H0004739,글로벌한국학전공,글로벌한국학전공,2024/1 ~ 2028/2,,,,,0,0,2,outputs/pdfs_full/글로벌한국학전공__DIS2059__한류의정치경제학.pdf,not_found
DIS2060,한국정치,H0004739,글로벌한국학전공,글로벌한국학전공,2024/1 ~ 2028/2,2025,2,2025,2,4,1,2,outputs/pdfs_full/글로벌한국학전공__DIS2060__한국정치.pdf,ok
DIS2061,한국역사콘텐츠,H0004739,글로벌한국학전공,글로벌한국학전공,2024/1 ~ 2028/2,2025,2,2025,2,4,1,2,outputs/pdfs_full/글로벌한국학전공__DIS2061__한국역사콘텐츠.pdf,ok
DIS2062,한국어글쓰기,H0004739,글로벌한국학전공,글로벌한국학전공,2024/1 ~ 2028/2,2025,2,2025,2,5,1,2,outputs/pdfs_full/글로벌한국학전공__DIS2062__한국어글쓰기.pdf,ok
DIS2063,K-pop특강,H0004739,글로벌한국학전공,글로벌한국학전공,2024/1 ~ 2028/2,2025,2,2025,2,3,1,2,outputs/pdfs_full/글로벌한국학전공__DIS2063__K-pop특강.pdf,ok
DIS2064,한국과다문화사회,H0004739,글로벌한국학전공,글로벌한국학전공,2024/1 ~ 2028/2,2025,2,2025,2,5,1,2,outputs/pdfs_full/글로벌한국학전공__DIS2064__한국과다문화사회.pdf,ok
DIS2065,한국문화콘텐츠와스토리텔링,H0004739,글로벌한국학전공,글로벌한국학전공,2025/1 ~ 2029/2,2025,1,2025,1,2,1,2,outputs/pdfs_full/글로벌한국학전공__DIS2065__한국문화콘텐츠와스토리텔링.pdf,ok
DIS2066,Introduction to Macroeconomics,H0002920,국제학부,국제학부,2023/2 ~ 2024/2,2025,2,2025,2,5,1,3,outputs/pdfs_full/국제학부__DIS2066__Introduction_to_Macroeconomics.pdf,ok
DIS2067,International Trade and Politics,H0004738,국제학전공,국제학전공,2025/1 ~ 2029/2,2025,1,2026,1,14,2,2,outputs/pdfs_full/국제학전공__DIS2067__International_Trade_and_Politics.pdf,ok
DIS2068,International Security,H0004738,국제학전공,국제학전공,2025/1 ~ 2029/2,2025,1,2026,1,11,2,2,outputs/pdfs_full/국제학전공__DIS2068__International_Security.pdf,ok
DIS2069,Quantative Analysis,H0004738,국제학전공,국제학전공,2025/1 ~ 2028/2,,,,,0,0,2,outputs/pdfs_full/국제학전공__DIS2069__Quantative_Analysis.pdf,not_found
DIS2070,International Trade and Commerce,H0005063,국제학부,국제학부,2025/2 ~ 2029/2,2025,2,2025,2,3,1,1,outputs/pdfs_full/국제학부__DIS2070__International_Trade_and_Commerce.pdf,ok
DIS3003,Public International Law,H0002920,국제학부,국제학부,2006/1 ~ 2017/2,,,,,0,0,1,outputs/pdfs_full/국제학부__DIS3003__Public_International_Law.pdf,not_found
DIS3004,Global Marketing and Business Strategy,H0002920,국제학부,국제학부,2006/1 ~ 2017/2,,,,,0,0,1,outputs/pdfs_full/국제학부__DIS3004__Global_Marketing_and_Business_Strategy.pdf,not_found
DIS3007,International Banking and Capital Market,H0002920,국제학부,국제학부,2006/1 ~ 2021/2,,,,,0,0,1,outputs/pdfs_full/국제학부__DIS3007__International_Banking_and_Capital_Market.pdf,not_found
DIS3010,Microeconomics,H0002920,국제학부,국제학부,2005/1 ~ 2017/2,,,,,0,0,1,outputs/pdfs_full/국제학부__DIS3010__Microeconomics.pdf,not_found
DIS3012,Korean Politics and Foreign Policy,H0002920,국제학부,국제학부,2007/1 ~ 2017/2,,,,,0,0,1,outputs/pdfs_full/국제학부__DIS3012__Korean_Politics_and_Foreign_Policy.pdf,not_found
DIS3013,Korean Economy and Business,H0002920,국제학부,국제학부,2007/1 ~ 2017/2,,,,,0,0,1,outputs/pdfs_full/국제학부__DIS3013__Korean_Economy_and_Business.pdf,not_found
DIS3015,International accounting and finance,H0002920,국제학부,국제학부,2018/1 ~ 2025/2,2010,2,2025,2,22,5,4,outputs/pdfs_full/국제학부__DIS3015__International_accounting_and_finance.pdf,ok
DIS3019,Transnational Management,H0002920,국제학부,국제학부,2008/1 ~ 2018/2,,,,,0,0,1,outputs/pdfs_full/국제학부__DIS3019__Transnational_Management.pdf,not_found
DIS3021,Individual Study:Internships,H0002920,국제학부,국제학부,2011/1 ~ 2019/1,,,,,0,0,1,outputs/pdfs_full/국제학부__DIS3021__Individual_Study_Internships.pdf,not_found
DIS3022,International Marketing,H0002920,국제학부,국제학부,2010/1 ~ 2025/2,2025,1,2025,1,3,1,3,outputs/pdfs_full/국제학부__DIS3022__International_Marketing.pdf,ok
DIS3025,The Developments of Modern Diplomacy,H0002256,서울 대학,대학(학부/서울),2009/1 ~ 2018/2,2016,1,2018,2,25,5,1,outputs/pdfs_seoul_university/서울_대학__DIS3025__The_Developments_of_Modern_Diplomacy.pdf,ok
DIS3027,Corporate Finance I,H0002920,국제학부,국제학부,2011/1 ~ 2017/2,,,,,0,0,1,outputs/pdfs_full/국제학부__DIS3027__Corporate_Finance_I.pdf,not_found
DIS3028,Corporate Finance II,H0002920,국제학부,국제학부,2011/1 ~ 2017/2,,,,,0,0,1,outputs/pdfs_full/국제학부__DIS3028__Corporate_Finance_II.pdf,not_found
DIS3029,Operation Management,H0002920,국제학부,국제학부,2011/1 ~ 2017/2,,,,,0,0,1,outputs/pdfs_full/국제학부__DIS3029__Operation_Management.pdf,not_found
DIS3030,Chinese Society & Culture,H0002920,국제학부,국제학부,2015/1 ~ 2017/2,,,,,0,0,1,outputs/pdfs_full/국제학부__DIS3030__Chinese_Society_&_Culture.pdf,not_found
DIS3031,Special TopicsI,H0002920,국제학부,국제학부,2015/1 ~ 2025/2,,,,,0,0,3,outputs/pdfs_full/국제학부__DIS3031__Special_TopicsI.pdf,not_found
DIS3032,Chinese Economy & Business,H0002920,국제학부,국제학부,2015/1 ~ 2017/2,,,,,0,0,1,outputs/pdfs_full/국제학부__DIS3032__Chinese_Economy_&_Business.pdf,not_found
DIS3033,Special TopicsII,H0002920,국제학부,국제학부,2015/1 ~ 2025/2,2025,2,2025,2,2,1,3,outputs/pdfs_full/국제학부__DIS3033__Special_TopicsII.pdf,ok
DIS3036,Research Methodology,H0002920,국제학부,국제학부,2018/1 ~ 2018/2,,,,,0,0,1,outputs/pdfs_full/국제학부__DIS3036__Research_Methodology.pdf,not_found
DIS3037,Basic Econometrics,H0002920,국제학부,국제학부,2019/1 ~ 2021/2,,,,,0,0,1,outputs/pdfs_full/국제학부__DIS3037__Basic_Econometrics.pdf,not_found
DIS3038,The 4th Industrial Revolution and the Future of Asia,H0002920,국제학부,국제학부,2019/2 ~ 2025/2,,,,,0,0,1,outputs/pdfs_full/국제학부__DIS3038__The_4th_Industrial_Revolution_and_the_Future_of_Asia.pdf,not_found
DIS3039,Data Analysis Using Python,H0002920,국제학부,국제학부,2020/1 ~ 2025/2,2025,1,2025,1,7,1,3,outputs/pdfs_full/국제학부__DIS3039__Data_Analysis_Using_Python.pdf,ok
DIS3040,International Finance and politics,H0002920,국제학부,국제학부,2021/2 ~ 2025/2,2025,2,2025,2,6,1,3,outputs/pdfs_full/국제학부__DIS3040__International_Finance_and_politics.pdf,ok
DIS3042,관광경영,H0004739,글로벌한국학전공,글로벌한국학전공,2024/1 ~ 2028/2,,,,,0,0,2,outputs/pdfs_full/글로벌한국학전공__DIS3042__관광경영.pdf,not_found
DIS3043,한국기업의경쟁전략,H0004739,글로벌한국학전공,글로벌한국학전공,2024/1 ~ 2028/2,,,,,0,0,2,outputs/pdfs_full/글로벌한국학전공__DIS3043__한국기업의경쟁전략.pdf,not_found
DIS3044,한국기업의글로벌경영,H0004739,글로벌한국학전공,글로벌한국학전공,2025/1 ~ 2029/2,2025,1,2026,1,6,2,2,outputs/pdfs_full/글로벌한국학전공__DIS3044__한국기업의글로벌경영.pdf,ok
DIS3045,글로벌한국어Ⅲ,H0004739,글로벌한국학전공,글로벌한국학전공,2025/1 ~ 2029/2,2025,1,2026,1,8,2,2,outputs/pdfs_full/글로벌한국학전공__DIS3045__글로벌한국어III.pdf,ok
DIS3046,동아시아국제관계와한국,H0004739,글로벌한국학전공,글로벌한국학전공,2025/1 ~ 2025/2,2025,1,2025,1,2,1,2,outputs/pdfs_full/글로벌한국학전공__DIS3046__동아시아국제관계와한국.pdf,ok
DIS3047,한국어텍스트읽기,H0004739,글로벌한국학전공,글로벌한국학전공,2025/1 ~ 2029/2,2025,2,2025,2,6,1,2,outputs/pdfs_full/글로벌한국학전공__DIS3047__한국어텍스트읽기.pdf,ok
DIS3048,북한체제의이해,H0004739,글로벌한국학전공,글로벌한국학전공,2025/1 ~ 2029/2,,,,,0,0,2,outputs/pdfs_full/글로벌한국학전공__DIS3048__북한체제의이해.pdf,not_found
DIS3049,한국의시민사회,H0004739,글로벌한국학전공,글로벌한국학전공,2026/1 ~ 2026/2,,,,,0,0,2,outputs/pdfs_full/글로벌한국학전공__DIS3049__한국의시민사회.pdf,not_found
DIS3050,Sustainable Development,H0005063,국제학부,국제학부,2025/1 ~ 2029/2,2025,1,2025,1,4,1,1,outputs/pdfs_full/국제학부__DIS3050__Sustainable_Development.pdf,ok
DIS3051,"세계속의한국문화,한국속의세계문화",H0005064,글로벌콘텐츠융합학부,글로벌콘텐츠융합학부,2025/1 ~ 2029/2,2025,1,2026,1,8,2,1,"outputs/pdfs_full/글로벌콘텐츠융합학부__DIS3051__세계속의한국문화,한국속의세계문화.pdf",ok
DIS3052,글로벌콘텐츠와SDGs,H0005064,글로벌콘텐츠융합학부,글로벌콘텐츠융합학부,2025/1 ~ 2029/2,2025,2,2025,2,5,1,1,outputs/pdfs_full/글로벌콘텐츠융합학부__DIS3052__글로벌콘텐츠와SDGs.pdf,ok
DIS3053,Quantitative Business Analysis,H0005063,국제학부,국제학부,2026/1 ~ 2029/2,2026,1,2026,1,4,1,1,outputs/pdfs_full/국제학부__DIS3053__Quantitative_Business_Analysis.pdf,ok
DIS3056,Advanced Research Methods,H0005063,국제학부,국제학부,2026/1 ~ 2029/2,,,,,0,0,1,outputs/pdfs_full/국제학부__DIS3056__Advanced_Research_Methods.pdf,not_found
DIS3057,세계이주와디아스포라역사속한국,H0005064,글로벌콘텐츠융합학부,글로벌콘텐츠융합학부,2026/1 ~ 2029/2,2026,1,2026,1,5,1,1,outputs/pdfs_full/글로벌콘텐츠융합학부__DIS3057__세계이주와디아스포라역사속한국.pdf,ok
DIS4002,Human Resource Management,H0002920,국제학부,국제학부,2011/1 ~ 2018/2,,,,,0,0,1,outputs/pdfs_full/국제학부__DIS4002__Human_Resource_Management.pdf,not_found
DIS4003,캡스톤특강:M&A와기업구조조정,H0002920,국제학부,국제학부,2012/1 ~ 2022/2,,,,,0,0,1,outputs/pdfs_full/국제학부__DIS4003__캡스톤특강_M&A와기업구조조정.pdf,not_found
DIS4004,U.S. Legal System,H0002920,국제학부,국제학부,2016/1 ~ 2018/2,,,,,0,0,1,outputs/pdfs_full/국제학부__DIS4004__U.S._Legal_System.pdf,not_found
DIS4005,Special Topics III,H0002920,국제학부,국제학부,2016/1 ~ 2021/2,,,,,0,0,1,outputs/pdfs_full/국제학부__DIS4005__Special_Topics_III.pdf,not_found
DIS4006,캡스톤특강:국제경영컨설팅실무,H0002920,국제학부,국제학부,2016/1 ~ 2022/2,,,,,0,0,1,outputs/pdfs_full/국제학부__DIS4006__캡스톤특강_국제경영컨설팅실무.pdf,not_found
DIS4007,Special Topics IV,H0002920,국제학부,국제학부,2016/1 ~ 2018/2,,,,,0,0,1,outputs/pdfs_full/국제학부__DIS4007__Special_Topics_IV.pdf,not_found
DIS4008,Financial Management,H0002920,국제학부,국제학부,2019/1 ~ 2026/2,2025,1,2026,1,10,2,3,outputs/pdfs_full/국제학부__DIS4008__Financial_Management.pdf,ok
DIS4009,캡스톤특강:DigitalStrategy,H0002920,국제학부,국제학부,2018/2 ~ 2024/1,,,,,0,0,3,outputs/pdfs_full/국제학부__DIS4009__캡스톤특강_DigitalStrategy.pdf,not_found
DIS4010,글로벌사회와한중일,H0002920,국제학부,국제학부,2019/2 ~ 2020/1,,,,,0,0,1,outputs/pdfs_full/국제학부__DIS4010__글로벌사회와한중일.pdf,not_found
DIS4011,Impact Investing,H0002920,국제학부,국제학부,2020/1 ~ 2023/1,,,,,0,0,3,outputs/pdfs_full/국제학부__DIS4011__Impact_Investing.pdf,not_found
DIS4013,Advanced Data Science for International Studies,H0002920,국제학부,국제학부,2020/2 ~ 2026/2,2025,2,2025,2,4,1,3,outputs/pdfs_full/국제학부__DIS4013__Advanced_Data_Science_for_International_Studies.pdf,ok
DIS4014,Foreign Aid and Development,H0002920,국제학부,국제학부,2021/2 ~ 2026/2,2025,2,2025,2,3,1,3,outputs/pdfs_full/국제학부__DIS4014__Foreign_Aid_and_Development.pdf,ok
DIS4015,Climate Change Economics and Policies,H0002920,국제학부,국제학부,2023/1 ~ 2026/2,2025,2,2025,2,3,1,3,outputs/pdfs_full/국제학부__DIS4015__Climate_Change_Economics_and_Policies.pdf,ok
DIS4016,사회과학연구방법론,H0004739,글로벌한국학전공,글로벌한국학전공,2025/1 ~ 2029/2,,,,,0,0,2,outputs/pdfs_full/글로벌한국학전공__DIS4016__사회과학연구방법론.pdf,not_found
DIS4017,4차산업혁명과한국기업의신성장전략,H0004739,글로벌한국학전공,글로벌한국학전공,2025/1 ~ 2029/2,,,,,0,0,2,outputs/pdfs_full/글로벌한국학전공__DIS4017__4차산업혁명과한국기업의신성장전략.pdf,not_found
DIS4018,엔터테인먼트산업경영,H0004739,글로벌한국학전공,글로벌한국학전공,2025/1 ~ 2029/2,2025,2,2025,2,7,1,2,outputs/pdfs_full/글로벌한국학전공__DIS4018__엔터테인먼트산업경영.pdf,ok
DIS4019,남북관계론,H0004739,글로벌한국학전공,글로벌한국학전공,2026/1 ~ 2030/2,,,,,0,0,2,outputs/pdfs_full/글로벌한국학전공__DIS4019__남북관계론.pdf,not_found
DIS4020,K-Culture와콘텐츠산업의 이해,H0004739,글로벌한국학전공,글로벌한국학전공,2026/1 ~ 2030/2,2026,1,2026,1,5,1,2,outputs/pdfs_full/글로벌한국학전공__DIS4020__K-Culture와콘텐츠산업의_이해.pdf,ok
DIS4021,한국의기업가정신,H0004739,글로벌한국학전공,글로벌한국학전공,2026/1 ~ 2030/2,,,,,0,0,2,outputs/pdfs_full/글로벌한국학전공__DIS4021__한국의기업가정신.pdf,not_found
DIS4022,실무실습: 임팩트투자와창업,H0004739,글로벌한국학전공,글로벌한국학전공,2026/1 ~ 2030/2,,,,,0,0,2,outputs/pdfs_full/글로벌한국학전공__DIS4022__실무실습__임팩트투자와창업.pdf,not_found
DIS4023,한국과세계정치경제,H0004739,글로벌한국학전공,글로벌한국학전공,2026/1 ~ 2026/2,,,,,0,0,2,outputs/pdfs_full/글로벌한국학전공__DIS4023__한국과세계정치경제.pdf,not_found
DIS4024,캡스톤특강:한국학과뉴미디어,H0004739,글로벌한국학전공,글로벌한국학전공,2026/1 ~ 2026/2,,,,,0,0,2,outputs/pdfs_full/글로벌한국학전공__DIS4024__캡스톤특강_한국학과뉴미디어.pdf,not_found
DIS4025,미디어콘텐츠기획,H0004739,글로벌한국학전공,글로벌한국학전공,2026/1 ~ 2030/2,,,,,0,0,2,outputs/pdfs_full/글로벌한국학전공__DIS4025__미디어콘텐츠기획.pdf,not_found
DIS4026,Global Security Challenge,H0002920,국제학부,국제학부,2023/2 ~ 2026/2,2025,2,2025,2,2,1,3,outputs/pdfs_full/국제학부__DIS4026__Global_Security_Challenge.pdf,ok
DIS4027,ESG Management,H0002920,국제학부,국제학부,2023/2 ~ 2026/2,2025,2,2025,2,3,1,3,outputs/pdfs_full/국제학부__DIS4027__ESG_Management.pdf,ok
DIS4028,War and Peacebuilding,H0002920,국제학부,국제학부,2023/2 ~ 2026/2,2025,2,2025,2,5,1,3,outputs/pdfs_full/국제학부__DIS4028__War_and_Peacebuilding.pdf,ok
DIS4029,AI Ethics and Society,H0002920,국제학부,국제학부,2024/2 ~ 2026/2,2025,1,2026,1,9,2,3,outputs/pdfs_full/국제학부__DIS4029__AI_Ethics_and_Society.pdf,ok
DIS4030,문화외교:정책과실무,H0005064,글로벌콘텐츠융합학부,글로벌콘텐츠융합학부,2025/1 ~ 2030/2,2026,1,2026,1,4,1,1,outputs/pdfs_full/글로벌콘텐츠융합학부__DIS4030__문화외교_정책과실무.pdf,ok
DIS4031,캡스톤:글로벌문화콘텐츠기획,H0005064,글로벌콘텐츠융합학부,글로벌콘텐츠융합학부,2025/1 ~ 2030/2,2026,1,2026,1,3,1,1,outputs/pdfs_full/글로벌콘텐츠융합학부__DIS4031__캡스톤_글로벌문화콘텐츠기획.pdf,ok
DIS4032,"문화,세계화,소프트파워",H0005064,글로벌콘텐츠융합학부,글로벌콘텐츠융합학부,2025/1 ~ 2029/2,2025,2,2025,2,4,1,1,"outputs/pdfs_full/글로벌콘텐츠융합학부__DIS4032__문화,세계화,소프트파워.pdf",ok
DIS4033,한국문화와글로벌역량,H0005064,글로벌콘텐츠융합학부,글로벌콘텐츠융합학부,2026/1 ~ 2030/2,,,,,0,0,1,outputs/pdfs_full/글로벌콘텐츠융합학부__DIS4033__한국문화와글로벌역량.pdf,not_found
DIS4034,K-엔터테인먼트실무,H0005064,글로벌콘텐츠융합학부,글로벌콘텐츠융합학부,2026/1 ~ 2030/2,,,,,0,0,1,outputs/pdfs_full/글로벌콘텐츠융합학부__DIS4034__K-엔터테인먼트실무.pdf,not_found
DIS4035,캡스톤:글로벌콘텐츠와엔터테인먼트산업,H0005064,글로벌콘텐츠융합학부,글로벌콘텐츠융합학부,2026/1 ~ 2030/2,,,,,0,0,1,outputs/pdfs_full/글로벌콘텐츠융합학부__DIS4035__캡스톤_글로벌콘텐츠와엔터테인먼트산업.pdf,not_found
DME2053,재료역학,H0002521,건축공학부,건축공학부(학부/서울),2006/1 ~ 2028/2,2022,2,2025,2,24,4,2,outputs/pdfs_full/건축공학부__DME2053__재료역학.pdf,ok
DME2055,기계재료학,H0004800,미래자동차기술융합전공,미래자동차기술융합전공,2017/1 ~ 2028/2,2022,2,2025,2,27,4,1,outputs/pdfs_full/미래자동차기술융합전공__DME2055__기계재료학.pdf,ok
DME2060,선형대수원리및응용,H0004800,미래자동차기술융합전공,미래자동차기술융합전공,2018/1 ~ 2029/2,2022,1,2026,1,36,5,1,outputs/pdfs_full/미래자동차기술융합전공__DME2060__선형대수원리및응용.pdf,ok
DME2064,수소모빌리티산업의응용과미래,H0004800,미래자동차기술융합전공,미래자동차기술융합전공,2023/1 ~ 2028/2,2023,1,2026,1,10,4,1,outputs/pdfs_full/미래자동차기술융합전공__DME2064__수소모빌리티산업의응용과미래.pdf,ok
DME3003,시스템해석,H0002520,전기공학전공,전기공학전공(학부/서울),2011/1 ~ 2029/2,2024,2,2026,1,27,4,2,outputs/pdfs_full/전기공학전공__DME3003__시스템해석.pdf,ok
DME3052,기계요소설계,H0004800,미래자동차기술융합전공,미래자동차기술융합전공,2018/1 ~ 2029/2,2022,1,2026,1,28,5,1,outputs/pdfs_full/미래자동차기술융합전공__DME3052__기계요소설계.pdf,ok
DME4005,시스템설계,H0004800,미래자동차기술융합전공,미래자동차기술융합전공,2019/1 ~ 2030/2,2020,1,2025,1,18,5,1,outputs/pdfs_full/미래자동차기술융합전공__DME4005__시스템설계.pdf,ok
DSD2001,인간-AI상호작용디자인,H0005012,데이터융합서비스디자인융합전공,데이터융합서비스디자인융합전공,2017/1 ~ 2028/2,2024,1,2024,1,1,1,1,outputs/pdfs_full/데이터융합서비스디자인융합전공__DSD2001__인간-AI상호작용디자인.pdf,ok
DSD3001,데이터프라이버시디자인,H0005012,데이터융합서비스디자인융합전공,데이터융합서비스디자인융합전공,2018/1 ~ 2029/2,2024,1,2026,1,4,3,1,outputs/pdfs_full/데이터융합서비스디자인융합전공__DSD3001__데이터프라이버시디자인.pdf,ok
DSD3002,디지털프로토타이핑,H0005012,데이터융합서비스디자인융합전공,데이터융합서비스디자인융합전공,2018/1 ~ 2029/2,,,,,0,0,1,outputs/pdfs_full/데이터융합서비스디자인융합전공__DSD3002__디지털프로토타이핑.pdf,not_found
DSD3003,AI디자인프로토타이핑,H0005012,데이터융합서비스디자인융합전공,데이터융합서비스디자인융합전공,2024/2 ~ 2029/2,2024,2,2024,2,1,1,2,outputs/pdfs_full/데이터융합서비스디자인융합전공__DSD3003__AI디자인프로토타이핑.pdf,ok
DSD4001,혁신서비스개발PBL,H0005012,데이터융합서비스디자인융합전공,데이터융합서비스디자인융합전공,2019/1 ~ 2030/2,,,,,0,0,2,outputs/pdfs_full/데이터융합서비스디자인융합전공__DSD4001__혁신서비스개발PBL.pdf,not_found
DSD4002,디지털정책트렌드,H0005012,데이터융합서비스디자인융합전공,데이터융합서비스디자인융합전공,2024/2 ~ 2030/2,2025,2,2025,2,1,1,2,outputs/pdfs_full/데이터융합서비스디자인융합전공__DSD4002__디지털정책트렌드.pdf,ok
DSI1001,휘트니스I,H0003588,스포츠산업학과,스포츠산업학과,2013/1 ~ 2014/2,2013,1,2014,1,8,2,1,outputs/pdfs_full/스포츠산업학과__DSI1001__휘트니스I.pdf,ok
DSI1002,휘트니스II,H0003588,스포츠산업학과,스포츠산업학과,2013/1 ~ 2014/2,2013,2,2014,2,10,2,1,outputs/pdfs_full/스포츠산업학과__DSI1002__휘트니스II.pdf,ok
DSI1006,스포츠와문화,H0003588,스포츠산업학과,스포츠산업학과,2013/1 ~ 2022/1,2022,1,2026,1,28,5,3,outputs/pdfs_full/스포츠산업학과__DSI1006__스포츠와문화.pdf,ok
DSI1008,현대사회여가와스포츠,H0003588,스포츠산업학과,스포츠산업학과,2013/1 ~ 2015/2,2013,1,2015,1,18,3,1,outputs/pdfs_full/스포츠산업학과__DSI1008__현대사회여가와스포츠.pdf,ok
DSI1009,관람스포츠산업의세계,H0003588,스포츠산업학과,스포츠산업학과,2013/1 ~ 2014/2,2013,1,2014,1,8,2,1,outputs/pdfs_full/스포츠산업학과__DSI1009__관람스포츠산업의세계.pdf,ok
DSI1010,스포츠생산및소비의세계,H0003588,스포츠산업학과,스포츠산업학과,2013/1 ~ 2014/2,2013,2,2014,2,10,2,1,outputs/pdfs_full/스포츠산업학과__DSI1010__스포츠생산및소비의세계.pdf,ok
DSI1011,참여스포츠산업의세계,H0003588,스포츠산업학과,스포츠산업학과,2013/1 ~ 2014/2,2013,1,2014,1,6,2,1,outputs/pdfs_full/스포츠산업학과__DSI1011__참여스포츠산업의세계.pdf,ok
DSI1012,스포츠디머스개론,H0003588,스포츠산업학과,스포츠산업학과,2016/1 ~ 2019/2,2016,2,2019,2,19,4,1,outputs/pdfs_full/스포츠산업학과__DSI1012__스포츠디머스개론.pdf,ok
DSI1013,스포츠와4차산업,H0003588,스포츠산업학과,스포츠산업학과,2020/1 ~ 2022/2,2020,2,2021,2,10,2,2,outputs/pdfs_full/스포츠산업학과__DSI1013__스포츠와4차산업.pdf,ok
DSI2001,레저기초실기1(하계스포츠),H0003588,스포츠산업학과,스포츠산업학과,2013/1 ~ 2014/2,2013,1,2013,1,4,1,1,outputs/pdfs_full/스포츠산업학과__DSI2001__레저기초실기1(하계스포츠).pdf,ok
DSI2002,레저기초실기2(스키),H0003588,스포츠산업학과,스포츠산업학과,2013/1 ~ 2014/2,2013,2,2014,2,7,2,1,outputs/pdfs_full/스포츠산업학과__DSI2002__레저기초실기2(스키).pdf,ok
DSI2003,스포츠전공실기1,H0003588,스포츠산업학과,스포츠산업학과,2013/1 ~ 2025/2,2020,1,2025,1,26,5,2,outputs/pdfs_full/스포츠산업학과__DSI2003__스포츠전공실기1.pdf,ok
DSI2004,스포츠전공실기2,H0003588,스포츠산업학과,스포츠산업학과,2013/1 ~ 2023/2,2016,2,2020,2,18,5,1,outputs/pdfs_full/스포츠산업학과__DSI2004__스포츠전공실기2.pdf,ok
DSI2005,스포츠심화실기1,H0003588,스포츠산업학과,스포츠산업학과,2013/1 ~ 2014/2,2013,1,2014,1,9,2,1,outputs/pdfs_full/스포츠산업학과__DSI2005__스포츠심화실기1.pdf,ok
DSI2006,스포츠심화실기2,H0003588,스포츠산업학과,스포츠산업학과,2013/1 ~ 2014/2,,,,,0,0,1,outputs/pdfs_full/스포츠산업학과__DSI2006__스포츠심화실기2.pdf,not_found
DSI2007,스포츠경영원론,H0003588,스포츠산업학과,스포츠산업학과,2013/1 ~ 2022/1,2022,1,2026,1,32,5,3,outputs/pdfs_full/스포츠산업학과__DSI2007__스포츠경영원론.pdf,ok
DSI2008,스포츠마케팅원론,H0003588,스포츠산업학과,스포츠산업학과,2013/1 ~ 2022/1,2022,1,2026,1,38,5,3,outputs/pdfs_full/스포츠산업학과__DSI2008__스포츠마케팅원론.pdf,ok
DSI2009,스포츠산업개론,H0003588,스포츠산업학과,스포츠산업학과,2013/1 ~ 2019/2,2015,1,2019,1,32,5,1,outputs/pdfs_full/스포츠산업학과__DSI2009__스포츠산업개론.pdf,ok
DSI2010,스포츠지도실기1,H0003588,스포츠산업학과,스포츠산업학과,2013/1 ~ 2014/2,2013,1,2013,1,4,1,1,outputs/pdfs_full/스포츠산업학과__DSI2010__스포츠지도실기1.pdf,ok
DSI2011,스포츠지도실기2,H0003588,스포츠산업학과,스포츠산업학과,2013/1 ~ 2014/2,2013,2,2013,2,1,1,1,outputs/pdfs_full/스포츠산업학과__DSI2011__스포츠지도실기2.pdf,ok
DSI2012,스포츠비즈니스기본영어1,H0003588,스포츠산업학과,스포츠산업학과,2013/1 ~ 2021/1,2017,1,2021,1,26,5,1,outputs/pdfs_full/스포츠산업학과__DSI2012__스포츠비즈니스기본영어1.pdf,ok
DSI2013,스포츠비즈니스기본영어2,H0003588,스포츠산업학과,스포츠산업학과,2013/1 ~ 2016/2,2013,2,2016,2,19,4,1,outputs/pdfs_full/스포츠산업학과__DSI2013__스포츠비즈니스기본영어2.pdf,ok
DSI2014,스포츠시설론,H0003588,스포츠산업학과,스포츠산업학과,2013/1 ~ 2016/2,2013,1,2016,1,21,4,1,outputs/pdfs_full/스포츠산업학과__DSI2014__스포츠시설론.pdf,ok
DSI2015,스포츠와미디어,H0003588,스포츠산업학과,스포츠산업학과,2013/1 ~ 2022/1,2022,1,2026,1,34,5,3,outputs/pdfs_full/스포츠산업학과__DSI2015__스포츠와미디어.pdf,ok
DSI2016,스포츠산업조직관리,H0003588,스포츠산업학과,스포츠산업학과,2013/1 ~ 2014/2,2013,2,2014,2,11,2,1,outputs/pdfs_full/스포츠산업학과__DSI2016__스포츠산업조직관리.pdf,ok
DSI2017,스포츠PR론,H0003588,스포츠산업학과,스포츠산업학과,2013/1 ~ 2022/1,2021,1,2024,1,23,4,2,outputs/pdfs_full/스포츠산업학과__DSI2017__스포츠PR론.pdf,ok
DSI2018,스포츠시장트렌드분석,H0003588,스포츠산업학과,스포츠산업학과,2015/1 ~ 2025/2,2022,1,2026,1,26,5,2,outputs/pdfs_full/스포츠산업학과__DSI2018__스포츠시장트렌드분석.pdf,ok
DSI2019,스포츠와산업디자인,H0003588,스포츠산업학과,스포츠산업학과,2015/1 ~ 2020/2,2015,1,2020,1,23,5,1,outputs/pdfs_full/스포츠산업학과__DSI2019__스포츠와산업디자인.pdf,ok
DSI2020,스포츠세일즈전략,H0003588,스포츠산업학과,스포츠산업학과,2015/1 ~ 2022/2,2021,2,2024,2,19,4,2,outputs/pdfs_full/스포츠산업학과__DSI2020__스포츠세일즈전략.pdf,ok
DSI2021,스포츠상품기획,H0003588,스포츠산업학과,스포츠산업학과,2015/1 ~ 2024/2,2020,2,2025,2,17,4,2,outputs/pdfs_full/스포츠산업학과__DSI2021__스포츠상품기획.pdf,ok
DSI2022,리테일마케팅,H0003588,스포츠산업학과,스포츠산업학과,2017/1 ~ 2020/2,2018,1,2020,1,13,3,1,outputs/pdfs_full/스포츠산업학과__DSI2022__리테일마케팅.pdf,ok
DSI2023,스포츠미디어디자인,H0003588,스포츠산업학과,스포츠산업학과,2017/1 ~ 2020/2,2017,2,2020,2,19,4,1,outputs/pdfs_full/스포츠산업학과__DSI2023__스포츠미디어디자인.pdf,ok
DSI2024,스포츠광고실습,H0003588,스포츠산업학과,스포츠산업학과,2019/2 ~ 2023/2,2022,2,2026,1,23,5,2,outputs/pdfs_full/스포츠산업학과__DSI2024__스포츠광고실습.pdf,ok
DSI2025,e스포츠론,H0003588,스포츠산업학과,스포츠산업학과,2020/1 ~ 2022/1,2022,2,2025,2,23,4,3,outputs/pdfs_full/스포츠산업학과__DSI2025__e스포츠론.pdf,ok
DSI2026,스포츠산업현장투어,H0004700,스포츠매니지먼트전공,스포츠매니지먼트전공,2025/1 ~ 2028/2,,,,,0,0,2,outputs/pdfs_full/스포츠매니지먼트전공__DSI2026__스포츠산업현장투어.pdf,not_found
DSI3001,레저기초실기3(하계스포츠),H0003588,스포츠산업학과,스포츠산업학과,2013/1 ~ 2014/2,2013,1,2013,1,4,1,1,outputs/pdfs_full/스포츠산업학과__DSI3001__레저기초실기3(하계스포츠).pdf,ok
DSI3002,레저기초실기4(스키),H0003588,스포츠산업학과,스포츠산업학과,2013/1 ~ 2014/2,2013,2,2014,2,8,2,1,outputs/pdfs_full/스포츠산업학과__DSI3002__레저기초실기4(스키).pdf,ok
DSI3007,스포츠와법,H0003588,스포츠산업학과,스포츠산업학과,2013/1 ~ 2025/2,2022,1,2025,1,20,4,2,outputs/pdfs_full/스포츠산업학과__DSI3007__스포츠와법.pdf,ok
DSI3008,스포츠빅데이터분석,H0003588,스포츠산업학과,스포츠산업학과,2013/1 ~ 2026/2,2021,2,2026,1,29,5,2,outputs/pdfs_full/스포츠산업학과__DSI3008__스포츠빅데이터분석.pdf,ok
DSI3009,스포츠산업정보론,H0003588,스포츠산업학과,스포츠산업학과,2013/1 ~ 2017/2,2013,1,2017,1,20,5,1,outputs/pdfs_full/스포츠산업학과__DSI3009__스포츠산업정보론.pdf,ok
DSI3011,스포츠마케팅조사방법론,H0003588,스포츠산업학과,스포츠산업학과,2013/1 ~ 2025/2,2022,1,2026,1,21,5,2,outputs/pdfs_full/스포츠산업학과__DSI3011__스포츠마케팅조사방법론.pdf,ok
DSI3012,스포츠경제학,H0003588,스포츠산업학과,스포츠산업학과,2013/1 ~ 2022/1,2020,2,2023,2,27,4,2,outputs/pdfs_full/스포츠산업학과__DSI3012__스포츠경제학.pdf,ok
DSI3013,스포츠재무론,H0003588,스포츠산업학과,스포츠산업학과,2013/1 ~ 2023/2,2021,1,2024,2,23,4,2,outputs/pdfs_full/스포츠산업학과__DSI3013__스포츠재무론.pdf,ok
DSI3014,스포츠산업사,H0003588,스포츠산업학과,스포츠산업학과,2013/1 ~ 2015/2,2013,2,2015,2,20,3,1,outputs/pdfs_full/스포츠산업학과__DSI3014__스포츠산업사.pdf,ok
DSI3017,스포츠비즈니스실무영어1,H0003588,스포츠산업학과,스포츠산업학과,2013/1 ~ 2017/2,2013,1,2017,1,23,5,1,outputs/pdfs_full/스포츠산업학과__DSI3017__스포츠비즈니스실무영어1.pdf,ok
DSI3018,스포츠비즈니스실무영어2,H0003588,스포츠산업학과,스포츠산업학과,2013/1 ~ 2017/2,2013,2,2017,2,20,5,1,outputs/pdfs_full/스포츠산업학과__DSI3018__스포츠비즈니스실무영어2.pdf,ok
DSI3019,스포츠이벤트기획론,H0003588,스포츠산업학과,스포츠산업학과,2013/1 ~ 2017/2,2013,1,2014,1,11,2,1,outputs/pdfs_full/스포츠산업학과__DSI3019__스포츠이벤트기획론.pdf,ok
DSI3020,스포츠소비자행동론,H0003588,스포츠산업학과,스포츠산업학과,2013/1 ~ 2023/2,2022,2,2025,2,21,4,2,outputs/pdfs_full/스포츠산업학과__DSI3020__스포츠소비자행동론.pdf,ok
DSI3021,스포츠전공실기3,H0003588,스포츠산업학과,스포츠산업학과,2013/1 ~ 2021/2,2017,1,2021,1,18,5,1,outputs/pdfs_full/스포츠산업학과__DSI3021__스포츠전공실기3.pdf,ok
DSI3022,스포츠와베팅,H0003588,스포츠산업학과,스포츠산업학과,2013/1 ~ 2024/2,2013,2,2017,2,18,3,2,outputs/pdfs_full/스포츠산업학과__DSI3022__스포츠와베팅.pdf,ok
DSI3023,스포츠전공실기4,H0003588,스포츠산업학과,스포츠산업학과,2013/1 ~ 2021/2,2017,2,2021,2,16,5,1,outputs/pdfs_full/스포츠산업학과__DSI3023__스포츠전공실기4.pdf,ok
DSI3024,스포츠글로벌라이제이션,H0003588,스포츠산업학과,스포츠산업학과,2013/1 ~ 2026/2,2022,2,2026,1,19,5,2,outputs/pdfs_full/스포츠산업학과__DSI3024__스포츠글로벌라이제이션.pdf,ok
DSI3026,중계권과스폰서십세일즈,H0003588,스포츠산업학과,스포츠산업학과,2018/1 ~ 2021/2,2018,1,2021,1,19,4,1,outputs/pdfs_full/스포츠산업학과__DSI3026__중계권과스폰서십세일즈.pdf,ok
DSI3027,축구문화산업론,H0003588,스포츠산업학과,스포츠산업학과,2018/1 ~ 2023/2,2022,2,2025,2,21,4,2,outputs/pdfs_full/스포츠산업학과__DSI3027__축구문화산업론.pdf,ok
DSI3028,스포츠방송산업론,H0003588,스포츠산업학과,스포츠산업학과,2018/1 ~ 2023/2,2018,2,2021,2,21,4,1,outputs/pdfs_full/스포츠산업학과__DSI3028__스포츠방송산업론.pdf,ok
DSI3029,국제스포츠비즈니스전략,H0003588,스포츠산업학과,스포츠산업학과,2018/1 ~ 2022/2,2022,2,2025,2,21,4,3,outputs/pdfs_full/스포츠산업학과__DSI3029__국제스포츠비즈니스전략.pdf,ok
DSI3030,스포츠공공정책론,H0003588,스포츠산업학과,스포츠산업학과,2018/1 ~ 2022/2,2022,2,2025,2,19,4,3,outputs/pdfs_full/스포츠산업학과__DSI3030__스포츠공공정책론.pdf,ok
DSI3031,e스포츠비즈니스,H0003588,스포츠산업학과,스포츠산업학과,2022/1 ~ 2025/2,2022,1,2026,1,21,4,2,outputs/pdfs_full/스포츠산업학과__DSI3031__e스포츠비즈니스.pdf,ok
DSI4005,스포츠산업현장실습1,H0003588,스포츠산업학과,스포츠산업학과,2013/1 ~ 2026/2,2022,1,2026,1,20,5,2,outputs/pdfs_full/스포츠산업학과__DSI4005__스포츠산업현장실습1.pdf,ok
DSI4006,스포츠산업현장실습2,H0003588,스포츠산업학과,스포츠산업학과,2013/1 ~ 2024/2,2022,2,2025,2,12,4,2,outputs/pdfs_full/스포츠산업학과__DSI4006__스포츠산업현장실습2.pdf,ok
DSI4009,스포츠산업컨설팅,H0003588,스포츠산업학과,스포츠산업학과,2013/1 ~ 2018/2,2014,1,2018,1,28,5,1,outputs/pdfs_full/스포츠산업학과__DSI4009__스포츠산업컨설팅.pdf,ok
DSI4010,프로스포츠산업연구,H0003588,스포츠산업학과,스포츠산업학과,2013/1 ~ 2026/2,2018,2,2026,1,18,5,2,outputs/pdfs_full/스포츠산업학과__DSI4010__프로스포츠산업연구.pdf,ok
DSI4011,스포츠디머스실무,H0003588,스포츠산업학과,스포츠산업학과,2013/1 ~ 2022/2,2013,2,2017,1,19,5,1,outputs/pdfs_full/스포츠산업학과__DSI4011__스포츠디머스실무.pdf,ok
DSI4012,스포츠산업특강,H0003588,스포츠산업학과,스포츠산업학과,2013/1 ~ 2022/1,2021,1,2026,1,26,5,2,outputs/pdfs_full/스포츠산업학과__DSI4012__스포츠산업특강.pdf,ok
DSI4018,스포츠관광,H0003588,스포츠산업학과,스포츠산업학과,2013/1 ~ 2022/2,2013,1,2022,2,19,4,2,outputs/pdfs_full/스포츠산업학과__DSI4018__스포츠관광.pdf,ok
DSI4022,스포츠와국제관계,H0003588,스포츠산업학과,스포츠산업학과,2013/1 ~ 2025/2,2014,1,2018,1,26,5,1,outputs/pdfs_full/스포츠산업학과__DSI4022__스포츠와국제관계.pdf,ok
DSI4023,휘트니스산업연구,H0003588,스포츠산업학과,스포츠산업학과,2013/1 ~ 2018/2,2013,1,2018,1,22,5,1,outputs/pdfs_full/스포츠산업학과__DSI4023__휘트니스산업연구.pdf,ok
DSI4024,스포츠와사회문제,H0003588,스포츠산업학과,스포츠산업학과,2016/1 ~ 2018/2,2017,1,2018,1,12,2,1,outputs/pdfs_full/스포츠산업학과__DSI4024__스포츠와사회문제.pdf,ok
DSI4025,스포츠산업신규사업개발,H0003588,스포츠산업학과,스포츠산업학과,2016/1 ~ 2018/2,2016,2,2018,2,14,3,1,outputs/pdfs_full/스포츠산업학과__DSI4025__스포츠산업신규사업개발.pdf,ok
DSI4026,스포츠실무프로젝트,H0003588,스포츠산업학과,스포츠산업학과,2019/1 ~ 2022/2,2019,1,2022,1,15,4,1,outputs/pdfs_full/스포츠산업학과__DSI4026__스포츠실무프로젝트.pdf,ok
DSI4029,스포츠실무인턴십,H0003588,스포츠산업학과,스포츠산업학과,2019/1 ~ 2022/2,2019,2,2022,2,15,4,1,outputs/pdfs_full/스포츠산업학과__DSI4029__스포츠실무인턴십.pdf,ok
DSI4031,스포츠세일즈실습,H0003588,스포츠산업학과,스포츠산업학과,2019/1 ~ 2022/2,2019,2,2022,1,19,4,1,outputs/pdfs_full/스포츠산업학과__DSI4031__스포츠세일즈실습.pdf,ok
DSI4032,스포츠에이전트실무,H0003588,스포츠산업학과,스포츠산업학과,2019/1 ~ 2023/2,2022,2,2025,2,23,4,2,outputs/pdfs_full/스포츠산업학과__DSI4032__스포츠에이전트실무.pdf,ok
DSI4033,스포츠시설경영론,H0003588,스포츠산업학과,스포츠산업학과,2019/1 ~ 2022/2,2021,1,2026,1,29,5,2,outputs/pdfs_full/스포츠산업학과__DSI4033__스포츠시설경영론.pdf,ok
DSI4034,스포츠이벤트경영론,H0003588,스포츠산업학과,스포츠산업학과,2019/1 ~ 2022/2,2019,2,2022,2,16,4,1,outputs/pdfs_full/스포츠산업학과__DSI4034__스포츠이벤트경영론.pdf,ok
DST2001,디지털기술과전략,H0005010,디지털혁신전략융합전공,디지털혁신전략융합전공,2017/1 ~ 2028/2,2024,1,2024,1,2,1,1,outputs/pdfs_full/디지털혁신전략융합전공__DST2001__디지털기술과전략.pdf,ok
DST2002,데이터애널리틱스입문,H0005010,디지털혁신전략융합전공,디지털혁신전략융합전공,2017/1 ~ 2028/2,2024,1,2024,1,3,1,1,outputs/pdfs_full/디지털혁신전략융합전공__DST2002__데이터애널리틱스입문.pdf,ok
DST2003,디지털서비스혁신개론,H0005010,디지털혁신전략융합전공,디지털혁신전략융합전공,2024/1 ~ 2028/2,,,,,0,0,1,outputs/pdfs_full/디지털혁신전략융합전공__DST2003__디지털서비스혁신개론.pdf,not_found
DST3001,SW기반특허분석실무,H0005010,디지털혁신전략융합전공,디지털혁신전략융합전공,2018/1 ~ 2029/2,,,,,0,0,1,outputs/pdfs_full/디지털혁신전략융합전공__DST3001__SW기반특허분석실무.pdf,not_found
DST3002,LLM과비즈니스,H0005012,데이터융합서비스디자인융합전공,데이터융합서비스디자인융합전공,2024/2 ~ 2029/2,,,,,0,0,2,outputs/pdfs_full/데이터융합서비스디자인융합전공__DST3002__LLM과비즈니스.pdf,not_found
DST3003,비즈니스프로세스애널리틱스,H0005010,디지털혁신전략융합전공,디지털혁신전략융합전공,2025/1 ~ 2029/2,2025,1,2025,1,1,1,1,outputs/pdfs_full/디지털혁신전략융합전공__DST3003__비즈니스프로세스애널리틱스.pdf,ok
DST4001,디지털혁신경영,H0005012,데이터융합서비스디자인융합전공,데이터융합서비스디자인융합전공,2024/2 ~ 2030/2,2024,2,2024,2,2,1,2,outputs/pdfs_full/데이터융합서비스디자인융합전공__DST4001__디지털혁신경영.pdf,ok
EBE1001,전기-생체공학입문,H0002574,전기·생체공학부,전기·생체공학부(학부/서울),2009/1 ~ 2015/2,2011,2,2015,2,32,5,1,outputs/pdfs_full/전기·생체공학부__EBE1001__전기-생체공학입문.pdf,ok
ECC1004,회로이론1,H0002575,융합전자공학부,융합전자공학부,2011/1 ~ 2025/2,2022,1,2026,1,36,5,2,outputs/pdfs_full/융합전자공학부__ECC1004__회로이론1.pdf,ok
ECC1006,회로이론2,H0002575,융합전자공학부,융합전자공학부,2011/1 ~ 2025/2,2022,2,2025,2,29,4,2,outputs/pdfs_full/융합전자공학부__ECC1006__회로이론2.pdf,ok
ECC1010,전자회로1,H0002520,전기공학전공,전기공학전공(학부/서울),2010/1 ~ 2016/2,2012,2,2016,2,32,5,1,outputs/pdfs_full/전기공학전공__ECC1010__전자회로1.pdf,ok
ECC3003,전력공학,H0002520,전기공학전공,전기공학전공(학부/서울),2011/1 ~ 2029/2,2022,1,2026,1,25,5,1,outputs/pdfs_full/전기공학전공__ECC3003__전력공학.pdf,ok
ECE3004,응용전자기학및실험,H0002575,융합전자공학부,융합전자공학부,2013/1 ~ 2029/2,2022,2,2025,2,14,4,1,outputs/pdfs_full/융합전자공학부__ECE3004__응용전자기학및실험.pdf,ok
ECE3008,신호와시스템,H0002575,융합전자공학부,융합전자공학부,2011/1 ~ 2028/2,2024,2,2026,1,31,4,7,outputs/pdfs_full/융합전자공학부__ECE3008__신호와시스템.pdf,ok
ECE4014,정보이론입문,H0002575,융합전자공학부,융합전자공학부,2013/1 ~ 2030/2,2022,1,2026,1,34,5,1,outputs/pdfs_full/융합전자공학부__ECE4014__정보이론입문.pdf,ok
ECE4024,광전자공학,H0002575,융합전자공학부,융합전자공학부,2012/1 ~ 2029/2,2022,2,2025,2,18,4,2,outputs/pdfs_full/융합전자공학부__ECE4024__광전자공학.pdf,ok
ECE4058,디지털통신,H0002575,융합전자공학부,융합전자공학부,2013/1 ~ 2030/2,2022,1,2026,1,27,5,1,outputs/pdfs_full/융합전자공학부__ECE4058__디지털통신.pdf,ok
ECL1001,디지털로직,H0002520,전기공학전공,전기공학전공(학부/서울),2024/1 ~ 2025/2,2024,2,2025,2,13,2,1,outputs/pdfs_full/전기공학전공__ECL1001__디지털로직.pdf,ok
ECL3001,전기제어실험1,H0002520,전기공학전공,전기공학전공(학부/서울),2011/1 ~ 2017/2,2011,1,2013,1,8,3,1,outputs/pdfs_full/전기공학전공__ECL3001__전기제어실험1.pdf,ok
ECL3002,전기제어실험2,H0002520,전기공학전공,전기공학전공(학부/서울),2011/1 ~ 2017/2,2011,2,2011,2,4,1,1,outputs/pdfs_full/전기공학전공__ECL3002__전기제어실험2.pdf,ok
ECL3003,임베디드시스템,H0004800,미래자동차기술융합전공,미래자동차기술융합전공,2019/1 ~ 2030/2,2018,1,2025,1,22,5,1,outputs/pdfs_full/미래자동차기술융합전공__ECL3003__임베디드시스템.pdf,ok
ECL3005,임베디드제어시스템,H0002520,전기공학전공,전기공학전공(학부/서울),2011/1 ~ 2016/2,2011,2,2016,2,20,5,1,outputs/pdfs_full/전기공학전공__ECL3005__임베디드제어시스템.pdf,ok
ECL3006,플라즈마공학1,H0002520,전기공학전공,전기공학전공(학부/서울),2011/1 ~ 2017/2,2012,1,2016,1,21,5,1,outputs/pdfs_full/전기공학전공__ECL3006__플라즈마공학1.pdf,ok
ECL3007,플라즈마공학2,H0002520,전기공학전공,전기공학전공(학부/서울),2011/1 ~ 2017/2,2011,2,2014,2,13,3,1,outputs/pdfs_full/전기공학전공__ECL3007__플라즈마공학2.pdf,ok
ECL3010,전기기초실험3,H0002520,전기공학전공,전기공학전공(학부/서울),2018/1 ~ 2019/1,,,,,0,0,1,outputs/pdfs_full/전기공학전공__ECL3010__전기기초실험3.pdf,not_found
ECL3011,전력전자,H0002520,전기공학전공,전기공학전공(학부/서울),2018/1 ~ 2029/2,2022,2,2025,2,15,4,2,outputs/pdfs_full/전기공학전공__ECL3011__전력전자.pdf,ok
ECL3012,전력시스템경제,H0002520,전기공학전공,전기공학전공(학부/서울),2025/1 ~ 2029/2,2025,2,2025,2,7,1,1,outputs/pdfs_full/전기공학전공__ECL3012__전력시스템경제.pdf,ok
ECL3013,인공지능이해,H0002520,전기공학전공,전기공학전공(학부/서울),2025/2 ~ 2029/2,2025,2,2025,2,2,1,1,outputs/pdfs_full/전기공학전공__ECL3013__인공지능이해.pdf,ok
ECL4007,신재생분산전원,H0002520,전기공학전공,전기공학전공(학부/서울),2012/1 ~ 2030/2,2022,2,2026,1,13,5,1,outputs/pdfs_full/전기공학전공__ECL4007__신재생분산전원.pdf,ok
ECL4009,피드백시스템,H0002520,전기공학전공,전기공학전공(학부/서울),2012/1 ~ 2018/2,2013,2,2017,2,24,5,1,outputs/pdfs_full/전기공학전공__ECL4009__피드백시스템.pdf,ok
ECL4010,차량전자제어,H0002520,전기공학전공,전기공학전공(학부/서울),2012/1 ~ 2030/2,2022,2,2025,2,18,4,2,outputs/pdfs_full/전기공학전공__ECL4010__차량전자제어.pdf,ok
ECL4011,전동력제어,H0002520,전기공학전공,전기공학전공(학부/서울),2012/1 ~ 2018/2,2014,2,2018,2,27,5,1,outputs/pdfs_full/전기공학전공__ECL4011__전동력제어.pdf,ok
ECL4012,전기공학종합설계1,H0002520,전기공학전공,전기공학전공(학부/서울),2012/1 ~ 2030/2,2021,1,2025,1,12,5,1,outputs/pdfs_full/전기공학전공__ECL4012__전기공학종합설계1.pdf,ok
ECL4013,전기공학종합설계2,H0002520,전기공학전공,전기공학전공(학부/서울),2012/1 ~ 2030/2,2021,2,2025,2,22,5,1,outputs/pdfs_full/전기공학전공__ECL4013__전기공학종합설계2.pdf,ok
ECL4014,산업플라즈마공학,H0002520,전기공학전공,전기공학전공(학부/서울),2012/1 ~ 2030/2,2016,2,2020,2,27,5,1,outputs/pdfs_full/전기공학전공__ECL4014__산업플라즈마공학.pdf,ok
ECL4015,전력변환응용,H0002520,전기공학전공,전기공학전공(학부/서울),2012/1 ~ 2030/2,2022,1,2026,1,13,5,2,outputs/pdfs_full/전기공학전공__ECL4015__전력변환응용.pdf,ok
ECL4017,플라즈마전자공학,H0002520,전기공학전공,전기공학전공(학부/서울),2012/1 ~ 2029/2,2022,2,2025,2,20,4,1,outputs/pdfs_full/전기공학전공__ECL4017__플라즈마전자공학.pdf,ok
ECL4018,반도체플라즈마,H0002520,전기공학전공,전기공학전공(학부/서울),2012/1 ~ 2030/2,2022,1,2026,1,21,5,1,outputs/pdfs_full/전기공학전공__ECL4018__반도체플라즈마.pdf,ok
ECL4019,지능형자동차제어시스템,H0002520,전기공학전공,전기공학전공(학부/서울),2015/1 ~ 2030/2,2020,1,2024,1,24,5,2,outputs/pdfs_full/전기공학전공__ECL4019__지능형자동차제어시스템.pdf,ok
ECL4020,에너지하베스팅,H0002520,전기공학전공,전기공학전공(학부/서울),2019/1 ~ 2026/2,,,,,0,0,1,outputs/pdfs_full/전기공학전공__ECL4020__에너지하베스팅.pdf,not_found
ECL4021,전기공학연구실현장실습1,H0002520,전기공학전공,전기공학전공(학부/서울),2019/1 ~ 2026/2,2020,1,2025,1,5,5,1,outputs/pdfs_full/전기공학전공__ECL4021__전기공학연구실현장실습1.pdf,ok
ECL4022,최적화개론,H0002520,전기공학전공,전기공학전공(학부/서울),2021/1 ~ 2030/2,2022,1,2026,1,19,5,2,outputs/pdfs_full/전기공학전공__ECL4022__최적화개론.pdf,ok
ECL4023,산업플라즈마입자시뮬레이션,H0002520,전기공학전공,전기공학전공(학부/서울),2027/1 ~ 2030/2,,,,,0,0,1,outputs/pdfs_full/전기공학전공__ECL4023__산업플라즈마입자시뮬레이션.pdf,not_found
ECL4024,전기공학종합설계,H0002520,전기공학전공,전기공학전공(학부/서울),2026/1 ~ 2030/2,2026,1,2026,1,2,1,1,outputs/pdfs_full/전기공학전공__ECL4024__전기공학종합설계.pdf,ok
ECN1001,디지털논리설계,H0002575,융합전자공학부,융합전자공학부,2010/1 ~ 2028/2,2023,2,2026,1,29,4,4,outputs/pdfs_full/융합전자공학부__ECN1001__디지털논리설계.pdf,ok
ECN4003,기계학습이론,H0004134,컴퓨터소프트웨어학부,컴퓨터소프트웨어학부,2022/1 ~ 2029/2,2022,2,2025,2,32,4,1,outputs/pdfs_full/컴퓨터소프트웨어학부__ECN4003__기계학습이론.pdf,ok
ECN4004,무선통신공학,H0002575,융합전자공학부,융합전자공학부,2013/1 ~ 2030/2,2021,2,2025,2,25,5,1,outputs/pdfs_full/융합전자공학부__ECN4004__무선통신공학.pdf,ok
ECO1001,경제학입문,H0002983,정책학과,정책학과,2011/1 ~ 2012/2,2023,1,2026,1,32,5,3,outputs/pdfs_full/정책학과__ECO1001__경제학입문.pdf,ok
ECO1002,경제수학,H0002983,정책학과,정책학과,2013/1 ~ 2022/2,2013,2,2015,2,11,2,1,outputs/pdfs_full/정책학과__ECO1002__경제수학.pdf,ok
ECO1005,경제통계분석,H0002933,경제금융학부,경제금융학부(학부/서울),2003/1 ~ 2028/2,2022,2,2026,1,38,5,1,outputs/pdfs_full/경제금융학부__ECO1005__경제통계분석.pdf,ok
ECO1006,미시경제원론,H0004360,글로벌 CEO 창업 융합전공,글로벌 CEO 창업 융합전공,2024/1 ~ 2027/2,2024,2,2026,1,30,4,2,outputs/pdfs_full/글로벌_CEO_창업_융합전공__ECO1006__미시경제원론.pdf,ok
ECO1007,수리경제입문,H0002933,경제금융학부,경제금융학부(학부/서울),2003/1 ~ 2027/2,2024,1,2025,2,28,4,2,outputs/pdfs_full/경제금융학부__ECO1007__수리경제입문.pdf,ok
ECO1011,시장경제의이해,H0002256,서울 대학,대학(학부/서울),2005/1 ~ 2027/2,2021,2,2024,2,4,4,1,outputs/pdfs_seoul_university/서울_대학__ECO1011__시장경제의이해.pdf,ok
ECO1020,계량경제입문,H0002933,경제금융학부,경제금융학부(학부/서울),2013/1 ~ 2015/2,2013,2,2015,2,24,3,1,outputs/pdfs_full/경제금융학부__ECO1020__계량경제입문.pdf,ok
ECO1021,재무회계의기초,H0002933,경제금융학부,경제금융학부(학부/서울),2016/1 ~ 2025/2,2021,2,2025,2,29,5,1,outputs/pdfs_full/경제금융학부__ECO1021__재무회계의기초.pdf,ok
ECO1023,경제금융기초(중국어강의),H0002933,경제금융학부,경제금융학부(학부/서울),2020/1 ~ 2025/2,2021,2,2025,2,30,5,1,outputs/pdfs_full/경제금융학부__ECO1023__경제금융기초(중국어강의).pdf,ok
ECO2001,거시경제원론,H0002895,파이낸스경영학과,파이낸스경영학과(학과/서울/경영),2010/1 ~ 2016/2,2012,1,2023,2,29,5,1,outputs/pdfs_full/파이낸스경영학과__ECO2001__거시경제원론.pdf,ok
ECO2003,미시경제1,H0002895,파이낸스경영학과,파이낸스경영학과(학과/서울/경영),2010/1 ~ 2016/2,2012,1,2016,1,33,5,1,outputs/pdfs_full/파이낸스경영학과__ECO2003__미시경제1.pdf,ok
ECO2016,미시경제학1,H0002983,정책학과,정책학과,2017/1 ~ 2028/2,2022,1,2026,1,36,5,1,outputs/pdfs_full/정책학과__ECO2016__미시경제학1.pdf,ok
ECO2028,거시경제1:국민소득과물가,H0002836,행정학전공,행정학전공(학부/서울),2003/1 ~ 2013/2,2024,2,2026,1,32,4,3,outputs/pdfs_full/행정학전공__ECO2028__거시경제1_국민소득과물가.pdf,ok
ECO2029,미시경제1:소비자와기업,H0002836,행정학전공,행정학전공(학부/서울),2003/1 ~ 2013/2,2024,2,2026,1,36,4,3,outputs/pdfs_full/행정학전공__ECO2029__미시경제1_소비자와기업.pdf,ok
ECO2030,경제사,H0002933,경제금융학부,경제금융학부(학부/서울),2003/1 ~ 2023/1,2019,1,2023,1,36,5,1,outputs/pdfs_full/경제금융학부__ECO2030__경제사.pdf,ok
ECO2031,경제학설사,H0002933,경제금융학부,경제금융학부(학부/서울),2003/1 ~ 2017/2,2013,1,2017,1,35,5,1,outputs/pdfs_full/경제금융학부__ECO2031__경제학설사.pdf,ok
ECO2032,거시경제2:경기변동과경제성장,H0002933,경제금융학부,경제금융학부(학부/서울),2003/1 ~ 2028/2,2024,2,2026,1,27,4,1,outputs/pdfs_full/경제금융학부__ECO2032__거시경제2_경기변동과경제성장.pdf,ok
ECO2033,미시경제2:시장구조와후생,H0002933,경제금융학부,경제금융학부(학부/서울),2003/1 ~ 2028/2,2024,2,2026,1,29,4,1,outputs/pdfs_full/경제금융학부__ECO2033__미시경제2_시장구조와후생.pdf,ok
ECO2035,게임이론과응용,H0002933,경제금융학부,경제금융학부(학부/서울),2003/1 ~ 2029/2,2022,1,2026,1,39,5,1,outputs/pdfs_full/경제금융학부__ECO2035__게임이론과응용.pdf,ok
ECO2037,거시경제학2,H0002983,정책학과,정책학과,2017/1 ~ 2028/2,2022,2,2025,2,23,4,1,outputs/pdfs_full/정책학과__ECO2037__거시경제학2.pdf,ok
ECO2038,미시경제학2,H0002983,정책학과,정책학과,2017/1 ~ 2028/2,2022,2,2025,2,25,4,1,outputs/pdfs_full/정책학과__ECO2038__미시경제학2.pdf,ok
ECO2059,재무경제,H0002933,경제금융학부,경제금융학부(학부/서울),2003/1 ~ 2028/2,2022,2,2025,2,35,4,1,outputs/pdfs_full/경제금융학부__ECO2059__재무경제.pdf,ok
ECO2061,재무금융시계열예측,H0002933,경제금융학부,경제금융학부(학부/서울),2006/1 ~ 2029/2,2021,2,2026,1,34,5,2,outputs/pdfs_full/경제금융학부__ECO2061__재무금융시계열예측.pdf,ok
ECO2062,재무경제2,H0002933,경제금융학부,경제금융학부(학부/서울),2006/1 ~ 2016/2,2012,2,2016,2,38,5,1,outputs/pdfs_full/경제금융학부__ECO2062__재무경제2.pdf,ok
ECO2063,거시경제학1,H0002983,정책학과,정책학과,2017/1 ~ 2028/2,2022,1,2026,1,33,5,1,outputs/pdfs_full/정책학과__ECO2063__거시경제학1.pdf,ok
ECO2064,경제제도의역사적분석,H0002933,경제금융학부,경제금융학부(학부/서울),2024/2 ~ 2028/2,2024,2,2025,2,16,2,1,outputs/pdfs_full/경제금융학부__ECO2064__경제제도의역사적분석.pdf,ok
ECO3001,수리경제,H0002933,경제금융학부,경제금융학부(학부/서울),1999/1 ~ 2025/2,2017,2,2021,2,31,5,1,outputs/pdfs_full/경제금융학부__ECO3001__수리경제.pdf,ok
ECO3002,재정학,H0002983,정책학과,정책학과,2015/1 ~ 2029/2,2022,2,2025,2,11,4,3,outputs/pdfs_full/정책학과__ECO3002__재정학.pdf,ok
ECO3003,화폐금융,H0002933,경제금융학부,경제금융학부(학부/서울),1998/1 ~ 2028/2,2022,2,2025,2,31,4,1,outputs/pdfs_full/경제금융학부__ECO3003__화폐금융.pdf,ok
ECO3007,계량경제,H0002933,경제금융학부,경제금융학부(학부/서울),1998/1 ~ 2028/2,2022,1,2025,1,35,4,2,outputs/pdfs_full/경제금융학부__ECO3007__계량경제.pdf,ok
ECO3008,노동경제,H0002933,경제금융학부,경제금융학부(학부/서울),1999/1 ~ 2029/2,2021,1,2026,1,32,5,1,outputs/pdfs_full/경제금융학부__ECO3008__노동경제.pdf,ok
ECO3015,계량분석론,H0002570,도시공학과,도시공학과(학부/서울),1999/1 ~ 2018/2,2012,1,2016,2,21,5,1,outputs/pdfs_full/도시공학과__ECO3015__계량분석론.pdf,ok
ECO3021,사회보장,H0002933,경제금융학부,경제금융학부(학부/서울),2004/1 ~ 2017/2,2012,2,2017,2,34,5,1,outputs/pdfs_full/경제금융학부__ECO3021__사회보장.pdf,ok
ECO3033,금융시장과금융상품,H0002933,경제금융학부,경제금융학부(학부/서울),2003/1 ~ 2015/2,2009,2,2013,2,34,5,1,outputs/pdfs_full/경제금융학부__ECO3033__금융시장과금융상품.pdf,ok
ECO3045,공공경제1:조세,H0002933,경제금융학부,경제금융학부(학부/서울),2003/1 ~ 2029/2,2022,1,2026,1,36,5,1,outputs/pdfs_full/경제금융학부__ECO3045__공공경제1_조세.pdf,ok
ECO3047,국제무역과통상정책,H0002933,경제금융학부,경제금융학부(학부/서울),2003/1 ~ 2029/2,2023,2,2026,1,23,4,2,outputs/pdfs_full/경제금융학부__ECO3047__국제무역과통상정책.pdf,ok
ECO3048,공공경제2:정부지출,H0002933,경제금융학부,경제금융학부(학부/서울),2003/1 ~ 2029/2,2021,2,2024,2,29,4,1,outputs/pdfs_full/경제금융학부__ECO3048__공공경제2_정부지출.pdf,ok
ECO3049,체제이행경제론,H0002933,경제금융학부,경제금융학부(학부/서울),2003/1 ~ 2029/2,2022,2,2025,2,26,4,1,outputs/pdfs_full/경제금융학부__ECO3049__체제이행경제론.pdf,ok
ECO3058,지역경제,H0002570,도시공학과,도시공학과(학부/서울),1992/1 ~ 2025/2,2020,1,2025,1,27,5,1,outputs/pdfs_full/도시공학과__ECO3058__지역경제.pdf,ok
ECO3068,산업조직과공정거래,H0002933,경제금융학부,경제금융학부(학부/서울),2003/1 ~ 2029/2,2022,2,2025,2,20,4,1,outputs/pdfs_full/경제금융학부__ECO3068__산업조직과공정거래.pdf,ok
ECO3073,위험관리,H0002933,경제금융학부,경제금융학부(학부/서울),2004/1 ~ 2030/2,2021,1,2025,1,28,5,1,outputs/pdfs_full/경제금융학부__ECO3073__위험관리.pdf,ok
ECO3074,선물과옵션,H0002933,경제금융학부,경제금융학부(학부/서울),2003/1 ~ 2029/2,2022,2,2025,2,22,4,1,outputs/pdfs_full/경제금융학부__ECO3074__선물과옵션.pdf,ok
ECO3076,재무금융IT,H0002933,경제금융학부,경제금융학부(학부/서울),2007/1 ~ 2029/2,2022,1,2025,2,27,4,1,outputs/pdfs_full/경제금융학부__ECO3076__재무금융IT.pdf,ok
ECO3080,증권투자론,H0002933,경제금융학부,경제금융학부(학부/서울),2011/1 ~ 2029/2,2022,1,2026,1,40,5,1,outputs/pdfs_full/경제금융학부__ECO3080__증권투자론.pdf,ok
ECO3086,고급재무이론과실무,H0002933,경제금융학부,경제금융학부(학부/서울),2013/1 ~ 2029/2,2021,1,2026,1,36,5,1,outputs/pdfs_full/경제금융학부__ECO3086__고급재무이론과실무.pdf,ok
ECO3087,법경제이론,H0002933,경제금융학부,경제금융학부(학부/서울),2014/1 ~ 2021/2,2014,1,2017,2,25,4,1,outputs/pdfs_full/경제금융학부__ECO3087__법경제이론.pdf,ok
ECO3088,응용미시경제학실증분석,H0002933,경제금융학부,경제금융학부(학부/서울),2015/1 ~ 2029/2,2022,2,2025,2,14,4,1,outputs/pdfs_full/경제금융학부__ECO3088__응용미시경제학실증분석.pdf,ok
ECO3089,채권론,H0002933,경제금융학부,경제금융학부(학부/서울),2015/1 ~ 2029/2,2022,2,2025,2,19,4,1,outputs/pdfs_full/경제금융학부__ECO3089__채권론.pdf,ok
ECO3090,금융빅데이터분석학,H0002933,경제금융학부,경제금융학부(학부/서울),2015/1 ~ 2029/2,2022,1,2025,1,25,4,1,outputs/pdfs_full/경제금융학부__ECO3090__금융빅데이터분석학.pdf,ok
ECO3091,응용거시재무,H0002933,경제금융학부,경제금융학부(학부/서울),2015/1 ~ 2021/2,2015,1,2018,1,25,4,1,outputs/pdfs_full/경제금융학부__ECO3091__응용거시재무.pdf,ok
ECO3092,사회보장과노동정책,H0002933,경제금융학부,경제금융학부(학부/서울),2018/1 ~ 2029/2,2020,2,2025,2,37,5,1,outputs/pdfs_full/경제금융학부__ECO3092__사회보장과노동정책.pdf,ok
ECO3093,시장설계이론,H0002933,경제금융학부,경제금융학부(학부/서울),2016/1 ~ 2017/2,,,,,0,0,1,outputs/pdfs_full/경제금융학부__ECO3093__시장설계이론.pdf,not_found
ECO3094,의료서비스시장과정부,H0002933,경제금융학부,경제금융학부(학부/서울),2016/1 ~ 2029/2,2022,2,2026,1,33,5,1,outputs/pdfs_full/경제금융학부__ECO3094__의료서비스시장과정부.pdf,ok
ECO3095,금융소비자관리론,H0002933,경제금융학부,경제금융학부(학부/서울),2017/1 ~ 2021/2,2017,2,2019,2,20,3,1,outputs/pdfs_full/경제금융학부__ECO3095__금융소비자관리론.pdf,ok
ECO3096,머신러닝·딥러닝·블록체인입문,H0002933,경제금융학부,경제금융학부(학부/서울),2017/1 ~ 2021/2,2018,2,2018,2,5,1,1,outputs/pdfs_full/경제금융학부__ECO3096__머신러닝·딥러닝·블록체인입문.pdf,ok
ECO3098,데이터를활용한기업분석,H0002933,경제금융학부,경제금융학부(학부/서울),2022/1 ~ 2029/2,2022,1,2025,1,19,4,1,outputs/pdfs_full/경제금융학부__ECO3098__데이터를활용한기업분석.pdf,ok
ECO3100,행동실험경제학,H0002933,경제금융학부,경제금융학부(학부/서울),2021/2 ~ 2029/2,2021,2,2023,2,15,3,1,outputs/pdfs_full/경제금융학부__ECO3100__행동실험경제학.pdf,ok
ECO3101,머신러닝과R을이용하는데이터분석,H0002933,경제금융학부,경제금융학부(학부/서울),2023/2 ~ 2029/2,2024,1,2026,1,13,3,1,outputs/pdfs_full/경제금융학부__ECO3101__머신러닝과R을이용하는데이터분석.pdf,ok
ECO4003,국제금융,H0002933,경제금융학부,경제금융학부(학부/서울),2003/1 ~ 2029/2,2022,1,2026,1,35,5,1,outputs/pdfs_full/경제금융학부__ECO4003__국제금융.pdf,ok
ECO4049,국제경제관계,H0002933,경제금융학부,경제금융학부(학부/서울),2004/1 ~ 2029/2,2022,1,2026,1,34,5,1,outputs/pdfs_full/경제금융학부__ECO4049__국제경제관계.pdf,ok
ECO4064,미시경제이슈및응용,H0002933,경제금융학부,경제금융학부(학부/서울),2008/1 ~ 2030/2,2021,2,2025,2,26,4,1,outputs/pdfs_full/경제금융학부__ECO4064__미시경제이슈및응용.pdf,ok
ECO4065,거시경제이슈및응용,H0002933,경제금융학부,경제금융학부(학부/서울),2008/1 ~ 2030/2,2021,1,2026,1,34,5,1,outputs/pdfs_full/경제금융학부__ECO4065__거시경제이슈및응용.pdf,ok
ECO4066,정부와경제발전,H0002933,경제금융학부,경제금융학부(학부/서울),2008/1 ~ 2030/2,2019,2,2023,2,37,5,1,outputs/pdfs_full/경제금융학부__ECO4066__정부와경제발전.pdf,ok
ECO4069,관리경제,H0002933,경제금융학부,경제금융학부(학부/서울),2012/1 ~ 2023/1,2019,1,2023,1,32,5,1,outputs/pdfs_full/경제금융학부__ECO4069__관리경제.pdf,ok
ECO4071,세계경제와한국의비전,H0002933,경제금융학부,경제금융학부(학부/서울),2010/1 ~ 2018/2,2012,1,2018,1,24,5,1,outputs/pdfs_full/경제금융학부__ECO4071__세계경제와한국의비전.pdf,ok
ECO4073,정보와불확실성의경제학,H0002933,경제금융학부,경제금융학부(학부/서울),2011/1 ~ 2030/2,2021,1,2025,1,37,5,1,outputs/pdfs_full/경제금융학부__ECO4073__정보와불확실성의경제학.pdf,ok
ECO4079,범죄경제학,H0002933,경제금융학부,경제금융학부(학부/서울),2014/1 ~ 2030/2,2017,2,2022,2,27,5,1,outputs/pdfs_full/경제금융학부__ECO4079__범죄경제학.pdf,ok
ECO4080,고급파생상품론,H0002933,경제금융학부,경제금융학부(학부/서울),2014/1 ~ 2022/2,2014,2,2016,2,12,2,1,outputs/pdfs_full/경제금융학부__ECO4080__고급파생상품론.pdf,ok
ECO4081,계산금융의기초,H0002933,경제금융학부,경제금융학부(학부/서울),2015/1 ~ 2030/2,2022,2,2025,2,32,4,1,outputs/pdfs_full/경제금융학부__ECO4081__계산금융의기초.pdf,ok
ECO4082,금융퀀트이론,H0002933,경제금융학부,경제금융학부(학부/서울),2015/1 ~ 2022/2,2017,1,2022,1,37,5,1,outputs/pdfs_full/경제금융학부__ECO4082__금융퀀트이론.pdf,ok
ECO4084,계량경제이슈및응용,H0002933,경제금융학부,경제금융학부(학부/서울),2016/1 ~ 2030/2,2021,1,2025,1,19,4,1,outputs/pdfs_full/경제금융학부__ECO4084__계량경제이슈및응용.pdf,ok
ECO4085,시계열빅데이터분석,H0002933,경제금융학부,경제금융학부(학부/서울),2016/1 ~ 2030/2,2020,2,2024,2,28,5,1,outputs/pdfs_full/경제금융학부__ECO4085__시계열빅데이터분석.pdf,ok
ECO4088,세계경제와중국,H0002933,경제금융학부,경제금융학부(학부/서울),2018/2 ~ 2030/2,2021,2,2025,2,29,4,1,outputs/pdfs_full/경제금융학부__ECO4088__세계경제와중국.pdf,ok
ECO4093,인구경제학,H0002933,경제금융학부,경제금융학부(학부/서울),2023/1 ~ 2030/2,2024,1,2026,1,26,3,1,outputs/pdfs_full/경제금융학부__ECO4093__인구경제학.pdf,ok
ECO4095,시장미시구조론과핀테크,H0002933,경제금융학부,경제금융학부(학부/서울),2023/2 ~ 2030/2,2024,1,2026,1,22,3,1,outputs/pdfs_full/경제금융학부__ECO4095__시장미시구조론과핀테크.pdf,ok
ECR2001,확률변수론,H0002575,융합전자공학부,융합전자공학부,2011/1 ~ 2016/2,2012,1,2016,2,38,5,1,outputs/pdfs_full/융합전자공학부__ECR2001__확률변수론.pdf,ok
ECR4003,영상처리,H0002575,융합전자공학부,융합전자공학부,2013/1 ~ 2030/2,2018,1,2022,1,27,5,1,outputs/pdfs_full/융합전자공학부__ECR4003__영상처리.pdf,ok
ECR4004,현대제어이론,H0002520,전기공학전공,전기공학전공(학부/서울),2012/1 ~ 2030/2,2022,1,2026,1,28,5,2,outputs/pdfs_full/전기공학전공__ECR4004__현대제어이론.pdf,ok
EDU1001,교육학개론,H0002718,교육학과,교육학과(학부/서울),1989/1 ~ 2009/2,2024,2,2026,1,16,4,7,outputs/pdfs_full/교육학과__EDU1001__교육학개론.pdf,ok
EDU1002,교육심리학,H0002718,교육학과,교육학과(학부/서울),1989/1 ~ 2019/2,2024,2,2026,1,15,4,7,outputs/pdfs_full/교육학과__EDU1002__교육심리학.pdf,ok
EDU1004,교육공학개론,H0002599,의예과,의예과(학부/서울),2006/1 ~ 2017/2,2013,2,2017,2,26,5,2,outputs/pdfs_full/의예과__EDU1004__교육공학개론.pdf,ok
EDU1005,교육의심리적기초,H0002718,교육학과,교육학과(학부/서울),2001/1 ~ 2027/2,2022,1,2026,1,18,5,1,outputs/pdfs_full/교육학과__EDU1005__교육의심리적기초.pdf,ok
EDU1006,교육학고전강독,H0002718,교육학과,교육학과(학부/서울),2005/1 ~ 2015/2,2011,1,2015,1,19,5,1,outputs/pdfs_full/교육학과__EDU1006__교육학고전강독.pdf,ok
EDU1009,국제교육실습,H0002256,서울 대학,대학(학부/서울),2005/1 ~ 2027/2,2013,2,2025,2,5,5,1,outputs/pdfs_seoul_university/서울_대학__EDU1009__국제교육실습.pdf,ok
EDU1010,다문화사회와교육,H0002718,교육학과,교육학과(학부/서울),2009/1 ~ 2015/2,2011,2,2015,2,27,5,6,outputs/pdfs_full/교육학과__EDU1010__다문화사회와교육.pdf,ok
EDU1011,AI시대의미래교육,H0002718,교육학과,교육학과(학부/서울),2025/1 ~ 2027/2,2025,1,2026,1,13,2,6,outputs/pdfs_full/교육학과__EDU1011__AI시대의미래교육.pdf,ok
EDU2001,교육과정,H0002718,교육학과,교육학과(학부/서울),1990/1 ~ 2028/2,2022,2,2025,2,5,4,2,outputs/pdfs_full/교육학과__EDU2001__교육과정.pdf,ok
EDU2003,교육사회학,H0002718,교육학과,교육학과(학부/서울),1989/1 ~ 2015/2,2024,2,2026,1,18,4,7,outputs/pdfs_full/교육학과__EDU2003__교육사회학.pdf,ok
EDU2004,교육철학,H0002718,교육학과,교육학과(학부/서울),1990/1 ~ 2017/2,2009,2,2013,2,21,5,5,outputs/pdfs_full/교육학과__EDU2004__교육철학.pdf,ok
EDU2006,교육공학,H0002718,교육학과,교육학과(학부/서울),1991/1 ~ 2002/2,2011,1,2015,1,20,5,5,outputs/pdfs_full/교육학과__EDU2006__교육공학.pdf,ok
EDU2007,발달심리학,H0002718,교육학과,교육학과(학부/서울),1990/1 ~ 2028/2,2022,2,2025,2,15,4,2,outputs/pdfs_full/교육학과__EDU2007__발달심리학.pdf,ok
EDU2010,심리검사,H0002718,교육학과,교육학과(학부/서울),1991/1 ~ 2029/2,2016,1,2026,1,14,5,1,outputs/pdfs_full/교육학과__EDU2010__심리검사.pdf,ok
EDU2014,교육철학및교육사,H0002718,교육학과,교육학과(학부/서울),2016/1 ~ 2019/2,2024,2,2026,1,14,4,7,outputs/pdfs_full/교육학과__EDU2014__교육철학및교육사.pdf,ok
EDU2015,교육통계,H0002718,교육학과,교육학과(학부/서울),1990/1 ~ 2028/2,2019,1,2025,1,24,5,2,outputs/pdfs_full/교육학과__EDU2015__교육통계.pdf,ok
EDU2018,상담이론,H0002718,교육학과,교육학과(학부/서울),1995/1 ~ 2028/2,2022,2,2025,2,9,4,2,outputs/pdfs_full/교육학과__EDU2018__상담이론.pdf,ok
EDU2019,교육현장연구,H0002718,교육학과,교육학과(학부/서울),1998/1 ~ 2030/2,2021,2,2025,2,11,4,2,outputs/pdfs_full/교육학과__EDU2019__교육현장연구.pdf,ok
EDU2022,평생교육개론,H0002718,교육학과,교육학과(학부/서울),2000/1 ~ 2016/2,2012,1,2016,1,17,5,1,outputs/pdfs_full/교육학과__EDU2022__평생교육개론.pdf,ok
EDU2025,교육논술,H0002718,교육학과,교육학과(학부/서울),2010/1 ~ 2028/2,2022,1,2026,1,14,5,2,outputs/pdfs_full/교육학과__EDU2025__교육논술.pdf,ok
EDU2054,교사론,H0002718,교육학과,교육학과(학부/서울),1992/1 ~ 2018/2,2009,2,2018,2,12,5,4,outputs/pdfs_full/교육학과__EDU2054__교사론.pdf,ok
EDU2055,정신건강과적응,H0002256,서울 대학,대학(학부/서울),1993/1 ~ 2027/2,2024,2,2026,1,15,4,1,outputs/pdfs_seoul_university/서울_대학__EDU2055__정신건강과적응.pdf,ok
EDU2058,교육의사회적기초,H0002718,교육학과,교육학과(학부/서울),2001/1 ~ 2024/2,2019,2,2023,2,15,5,2,outputs/pdfs_full/교육학과__EDU2058__교육의사회적기초.pdf,ok
EDU2059,인지심리,H0002718,교육학과,교육학과(학부/서울),2007/1 ~ 2028/2,2022,2,2025,2,20,4,1,outputs/pdfs_full/교육학과__EDU2059__인지심리.pdf,ok
EDU2061,생활지도및상담,H0002718,교육학과,교육학과(학부/서울),2017/1 ~ 2020/2,2024,2,2026,1,22,4,7,outputs/pdfs_full/교육학과__EDU2061__생활지도및상담.pdf,ok
EDU2062,교육사회및평생교육,H0002719,국어교육과,국어교육과(학부/서울),2009/1 ~ 2014/2,2009,2,2009,2,4,1,4,outputs/pdfs_full/국어교육과__EDU2062__교육사회및평생교육.pdf,ok
EDU2064,교육연구방법론,H0002723,교육공학과,교육공학과(학부/서울),2010/1 ~ 2014/2,2010,2,2012,2,17,3,6,outputs/pdfs_full/교육공학과__EDU2064__교육연구방법론.pdf,ok
EDU2066,다문화교육의이론과실제,H0002723,교육공학과,교육공학과(학부/서울),2010/1 ~ 2014/2,2010,1,2012,1,12,4,6,outputs/pdfs_full/교육공학과__EDU2066__다문화교육의이론과실제.pdf,ok
EDU2067,교육정책탐구,H0002718,교육학과,교육학과(학부/서울),2014/1 ~ 2019/1,2014,1,2016,1,5,2,1,outputs/pdfs_full/교육학과__EDU2067__교육정책탐구.pdf,ok
EDU2068,인적자원개발개론,H0002718,교육학과,교육학과(학부/서울),2014/1 ~ 2024/2,2018,2,2020,2,10,3,1,outputs/pdfs_full/교육학과__EDU2068__인적자원개발개론.pdf,ok
EDU2069,진로교육과상담,H0002718,교육학과,교육학과(학부/서울),2014/1 ~ 2016/2,,,,,0,0,1,outputs/pdfs_full/교육학과__EDU2069__진로교육과상담.pdf,not_found
EDU2070,고등사고력평가,H0002718,교육학과,교육학과(학부/서울),2014/1 ~ 2024/2,2017,2,2023,2,21,5,1,outputs/pdfs_full/교육학과__EDU2070__고등사고력평가.pdf,ok
EDU2071,교육에서의신경과학과AI,H0002718,교육학과,교육학과(학부/서울),2021/1 ~ 2029/2,2021,2,2025,2,15,4,1,outputs/pdfs_full/교육학과__EDU2071__교육에서의신경과학과AI.pdf,ok
EDU3001,교육사,H0002718,교육학과,교육학과(학부/서울),1989/1 ~ 2016/2,2010,2,2014,2,22,5,6,outputs/pdfs_full/교육학과__EDU3001__교육사.pdf,ok
EDU3004,교육행정및정책,H0002718,교육학과,교육학과(학부/서울),1990/1 ~ 2029/2,2021,2,2024,2,10,4,5,outputs/pdfs_full/교육학과__EDU3004__교육행정및정책.pdf,ok
EDU3007,교수학습이론,H0002718,교육학과,교육학과(학부/서울),2008/1 ~ 2028/2,2024,1,2026,1,10,4,2,outputs/pdfs_full/교육학과__EDU3007__교수학습이론.pdf,ok
EDU3008,비교교육론,H0002718,교육학과,교육학과(학부/서울),1992/1 ~ 2016/2,2009,1,2015,1,16,5,1,outputs/pdfs_full/교육학과__EDU3008__비교교육론.pdf,ok
EDU3016,교육과정및평가,H0002718,교육학과,교육학과(학부/서울),1998/1 ~ 2000/2,2011,2,2013,2,27,5,7,outputs/pdfs_full/교육학과__EDU3016__교육과정및평가.pdf,ok
EDU3020,교육행정및경영,H0002723,교육공학과,교육공학과(학부/서울),2010/1 ~ 2028/2,2024,2,2026,1,12,4,6,outputs/pdfs_full/교육공학과__EDU3020__교육행정및경영.pdf,ok
EDU3023,교육과사회변동,H0002718,교육학과,교육학과(학부/서울),1995/1 ~ 2017/2,2009,1,2013,1,17,5,1,outputs/pdfs_full/교육학과__EDU3023__교육과사회변동.pdf,ok
EDU3024,산업체현장실습,H0002256,서울 대학,대학(학부/서울),1997/1 ~ 2027/2,2009,1,2018,2,6,5,1,outputs/pdfs_seoul_university/서울_대학__EDU3024__산업체현장실습.pdf,ok
EDU3026,서양윤리사상,H0002718,교육학과,교육학과(학부/서울),2000/1 ~ 2017/2,2008,1,2012,1,20,5,1,outputs/pdfs_full/교육학과__EDU3026__서양윤리사상.pdf,ok
EDU3030,집단상담,H0002718,교육학과,교육학과(학부/서울),2000/1 ~ 2018/2,2012,2,2018,1,12,5,1,outputs/pdfs_full/교육학과__EDU3030__집단상담.pdf,ok
EDU3032,교육학교과교재및이론,H0002718,교육학과,교육학과(학부/서울),2011/1 ~ 2029/2,2022,1,2026,1,16,5,2,outputs/pdfs_full/교육학과__EDU3032__교육학교과교재및이론.pdf,ok
EDU3033,세계화와다문화교육,H0002718,교육학과,교육학과(학부/서울),2011/1 ~ 2017/2,2012,1,2016,1,13,5,1,outputs/pdfs_full/교육학과__EDU3033__세계화와다문화교육.pdf,ok
EDU3034,교직실무,H0002718,교육학과,교육학과(학부/서울),2011/1 ~ 2029/2,2024,2,2026,1,11,4,7,outputs/pdfs_full/교육학과__EDU3034__교직실무.pdf,ok
EDU3035,이러닝과원격교육,H0002718,교육학과,교육학과(학부/서울),2026/1 ~ 2029/2,,,,,0,0,1,outputs/pdfs_full/교육학과__EDU3035__이러닝과원격교육.pdf,not_found
EDU3036,디지털교육,H0002718,교육학과,교육학과(학부/서울),2026/1 ~ 2029/2,,,,,0,0,7,outputs/pdfs_full/교육학과__EDU3036__디지털교육.pdf,not_found
EDU3041,교육봉사활동1,H0002718,교육학과,교육학과(학부/서울),2011/1 ~ 2029/2,2022,1,2026,1,5,5,7,outputs/pdfs_full/교육학과__EDU3041__교육봉사활동1.pdf,ok
EDU3042,교육봉사활동2,H0002718,교육학과,교육학과(학부/서울),2011/1 ~ 2029/2,2022,2,2025,2,4,4,7,outputs/pdfs_full/교육학과__EDU3042__교육봉사활동2.pdf,ok
EDU3063,가정과교육론,H0003583,의류학과,의류학과,2013/1 ~ 2022/2,2008,2,2018,2,11,5,2,outputs/pdfs_full/의류학과__EDU3063__가정과교육론.pdf,ok
EDU3067,사회심리학의이해,H0002718,교육학과,교육학과(학부/서울),2008/1 ~ 2026/2,2012,1,2026,1,8,5,1,outputs/pdfs_full/교육학과__EDU3067__사회심리학의이해.pdf,ok
EDU3068,교육법과교사,H0002718,교육학과,교육학과(학부/서울),2008/1 ~ 2018/2,2009,1,2013,1,5,2,1,outputs/pdfs_full/교육학과__EDU3068__교육법과교사.pdf,ok
EDU3071,특수교육학개론,H0002718,교육학과,교육학과(학부/서울),2011/1 ~ 2029/2,2024,2,2026,1,24,4,7,outputs/pdfs_full/교육학과__EDU3071__특수교육학개론.pdf,ok
EDU3073,동기와정서,H0002718,교육학과,교육학과(학부/서울),2015/1 ~ 2017/2,2017,1,2017,1,4,1,1,outputs/pdfs_full/교육학과__EDU3073__동기와정서.pdf,ok
EDU3074,교육과리더십,H0002718,교육학과,교육학과(학부/서울),2015/1 ~ 2017/2,2015,1,2015,1,5,1,1,outputs/pdfs_full/교육학과__EDU3074__교육과리더십.pdf,ok
EDU3075,학교와지역사회관계,H0002718,교육학과,교육학과(학부/서울),2015/1 ~ 2017/2,2015,1,2015,1,4,1,1,outputs/pdfs_full/교육학과__EDU3075__학교와지역사회관계.pdf,ok
EDU3077,교육조직행동론,H0002718,교육학과,교육학과(학부/서울),2015/1 ~ 2029/2,2022,1,2026,1,13,5,1,outputs/pdfs_full/교육학과__EDU3077__교육조직행동론.pdf,ok
EDU3078,교육과정론,H0002723,교육공학과,교육공학과(학부/서울),2015/1 ~ 2028/2,2024,2,2026,1,18,4,6,outputs/pdfs_full/교육공학과__EDU3078__교육과정론.pdf,ok
EDU3079,교육평가론,H0002723,교육공학과,교육공학과(학부/서울),2015/1 ~ 2028/2,2024,2,2026,1,13,4,6,outputs/pdfs_full/교육공학과__EDU3079__교육평가론.pdf,ok
EDU3080,학교폭력예방및학생의이해,H0002718,교육학과,교육학과(학부/서울),2015/1 ~ 2029/2,2024,2,2026,1,8,4,7,outputs/pdfs_full/교육학과__EDU3080__학교폭력예방및학생의이해.pdf,ok
EDU3082,교사교육과수업장학,H0002718,교육학과,교육학과(학부/서울),2018/1 ~ 2019/1,,,,,0,0,1,outputs/pdfs_full/교육학과__EDU3082__교사교육과수업장학.pdf,not_found
EDU3083,상담실습,H0002718,교육학과,교육학과(학부/서울),2018/1 ~ 2021/2,2018,2,2021,2,11,4,1,outputs/pdfs_full/교육학과__EDU3083__상담실습.pdf,ok
EDU3084,고급교육통계,H0002718,교육학과,교육학과(학부/서울),2018/1 ~ 2021/2,2020,2,2020,2,5,1,1,outputs/pdfs_full/교육학과__EDU3084__고급교육통계.pdf,ok
EDU3085,학습과학,H0002718,교육학과,교육학과(학부/서울),2022/1 ~ 2025/2,2022,2,2025,2,3,3,1,outputs/pdfs_full/교육학과__EDU3085__학습과학.pdf,ok
EDU3086,사회정책과교육,H0002718,교육학과,교육학과(학부/서울),2022/1 ~ 2022/2,2022,1,2022,1,3,1,1,outputs/pdfs_full/교육학과__EDU3086__사회정책과교육.pdf,ok
EDU3087,교육행정데이터분석,H0002718,교육학과,교육학과(학부/서울),2023/1 ~ 2030/2,2023,1,2025,1,6,3,1,outputs/pdfs_full/교육학과__EDU3087__교육행정데이터분석.pdf,ok
EDU4001,교육평가,H0002718,교육학과,교육학과(학부/서울),1990/1 ~ 2028/2,2022,1,2026,1,24,5,1,outputs/pdfs_full/교육학과__EDU4001__교육평가.pdf,ok
EDU4003,교육실습,H0002718,교육학과,교육학과(학부/서울),1992/1 ~ 2030/2,2024,2,2026,1,7,4,7,outputs/pdfs_full/교육학과__EDU4003__교육실습.pdf,ok
EDU4007,평생교육론,H0002718,교육학과,교육학과(학부/서울),1992/1 ~ 2026/2,2000,2,2002,2,10,3,2,outputs/pdfs_full/교육학과__EDU4007__평생교육론.pdf,ok
EDU4013,성격심리,H0002718,교육학과,교육학과(학부/서울),1991/1 ~ 2025/2,2013,2,2021,1,13,5,1,outputs/pdfs_full/교육학과__EDU4013__성격심리.pdf,ok
EDU4019,교육방법및공학,H0002718,교육학과,교육학과(학부/서울),1998/1 ~ 2020/2,2024,2,2026,1,10,4,7,outputs/pdfs_full/교육학과__EDU4019__교육방법및공학.pdf,ok
EDU4021,평생교육방법론,H0002718,교육학과,교육학과(학부/서울),1992/1 ~ 2018/2,2012,1,2018,1,18,5,2,outputs/pdfs_full/교육학과__EDU4021__평생교육방법론.pdf,ok
EDU4031,직업과윤리,H0002718,교육학과,교육학과(학부/서울),2000/1 ~ 2018/2,2010,1,2017,2,11,5,1,outputs/pdfs_full/교육학과__EDU4031__직업과윤리.pdf,ok
EDU4032,교육공학세미나,H0002718,교육학과,교육학과(학부/서울),2000/1 ~ 2003/2,2022,1,2026,1,13,5,2,outputs/pdfs_full/교육학과__EDU4032__교육공학세미나.pdf,ok
EDU4036,교육명품개발의이론과실제,H0002718,교육학과,교육학과(학부/서울),2000/1 ~ 2003/2,2020,2,2025,2,10,4,2,outputs/pdfs_full/교육학과__EDU4036__교육명품개발의이론과실제.pdf,ok
EDU4037,데이터기반인적자원개발,H0002723,교육공학과,교육공학과(학부/서울),2004/1 ~ 2026/1,2022,1,2026,1,9,5,1,outputs/pdfs_full/교육공학과__EDU4037__데이터기반인적자원개발.pdf,ok
EDU4038,동기의이해,H0002718,교육학과,교육학과(학부/서울),2027/1 ~ 2030/2,,,,,0,0,1,outputs/pdfs_full/교육학과__EDU4038__동기의이해.pdf,not_found
EDU4074,과학교육론,H0002256,서울 대학,대학(학부/서울),2003/1 ~ 2019/2,2003,2,2008,1,7,4,1,outputs/pdfs_seoul_university/서울_대학__EDU4074__과학교육론.pdf,ok
EDU4091,학생상담과생활지도,H0002718,교육학과,교육학과(학부/서울),2016/1 ~ 2018/2,2017,1,2018,1,4,2,2,outputs/pdfs_full/교육학과__EDU4091__학생상담과생활지도.pdf,ok
EDU4092,성인교육,H0002718,교육학과,교육학과(학부/서울),2016/1 ~ 2025/2,2017,1,2022,1,15,5,1,outputs/pdfs_full/교육학과__EDU4092__성인교육.pdf,ok
EDU4093,교육컨설팅,H0002718,교육학과,교육학과(학부/서울),2016/1 ~ 2018/2,,,,,0,0,1,outputs/pdfs_full/교육학과__EDU4093__교육컨설팅.pdf,not_found
EDU4094,뇌기반교육과상담,H0002718,교육학과,교육학과(학부/서울),2016/1 ~ 2030/2,2018,2,2025,2,7,4,1,outputs/pdfs_full/교육학과__EDU4094__뇌기반교육과상담.pdf,ok
EDU4096,이상심리,H0002718,교육학과,교육학과(학부/서울),2019/1 ~ 2029/2,2022,1,2026,1,6,5,1,outputs/pdfs_full/교육학과__EDU4096__이상심리.pdf,ok
EDU4098,교육측정및검사,H0002718,교육학과,교육학과(학부/서울),2023/1 ~ 2030/2,,,,,0,0,1,outputs/pdfs_full/교육학과__EDU4098__교육측정및검사.pdf,not_found
EDU4099,교육프로그램개발및평가,H0002718,교육학과,교육학과(학부/서울),2020/2 ~ 2030/2,2020,2,2024,1,10,5,1,outputs/pdfs_full/교육학과__EDU4099__교육프로그램개발및평가.pdf,ok
EDU4100,한국교육정책실제,H0002718,교육학과,교육학과(학부/서울),2023/1 ~ 2029/2,2023,1,2026,1,5,3,1,outputs/pdfs_full/교육학과__EDU4100__한국교육정책실제.pdf,ok
EDU4101,학기제교육실습,H0002256,서울 대학,대학(학부/서울),2023/2 ~ 2027/2,2023,2,2024,2,3,2,1,outputs/pdfs_seoul_university/서울_대학__EDU4101__학기제교육실습.pdf,ok
EEC3005,상하수도공학,H0002517,건설환경공학과,건설환경공학과(학부/서울),2011/1 ~ 2029/2,2022,1,2026,1,27,5,1,outputs/pdfs_full/건설환경공학과__EEC3005__상하수도공학.pdf,ok
EGY1001,에너지과학과기술,H0002256,서울 대학,대학(학부/서울),2012/1 ~ 2012/2,2022,2,2026,1,24,5,1,outputs/pdfs_seoul_university/서울_대학__EGY1001__에너지과학과기술.pdf,ok
EIS1015,임베디드시스템설계,H0002575,융합전자공학부,융합전자공학부,2013/1 ~ 2029/2,2023,1,2026,1,24,4,5,outputs/pdfs_full/융합전자공학부__EIS1015__임베디드시스템설계.pdf,ok
ELE1003,전기회로이론,H0002575,융합전자공학부,융합전자공학부,2026/1 ~ 2028/2,2026,1,2026,1,9,1,1,outputs/pdfs_full/융합전자공학부__ELE1003__전기회로이론.pdf,ok
ELE1008,C프로그래밍기법,H0002575,융합전자공학부,융합전자공학부,2010/1 ~ 2015/2,2011,1,2015,1,38,5,1,outputs/pdfs_full/융합전자공학부__ELE1008__C프로그래밍기법.pdf,ok
ELE1010,일반전자물리1,H0002575,융합전자공학부,융합전자공학부,2016/1 ~ 2027/2,2022,1,2026,1,33,5,2,outputs/pdfs_full/융합전자공학부__ELE1010__일반전자물리1.pdf,ok
ELE1011,일반전자물리2,H0002575,융합전자공학부,융합전자공학부,2016/1 ~ 2027/2,2022,2,2025,2,31,4,2,outputs/pdfs_full/융합전자공학부__ELE1011__일반전자물리2.pdf,ok
ELE2001,회로이론,H0002520,전기공학전공,전기공학전공(학부/서울),2010/1 ~ 2028/2,2022,1,2026,1,31,5,1,outputs/pdfs_full/전기공학전공__ELE2001__회로이론.pdf,ok
ELE2002,회로망이론,H0002520,전기공학전공,전기공학전공(학부/서울),2010/1 ~ 2028/2,2022,2,2025,2,26,4,1,outputs/pdfs_full/전기공학전공__ELE2002__회로망이론.pdf,ok
ELE2051,전기기초실험1,H0002520,전기공학전공,전기공학전공(학부/서울),2010/1 ~ 2028/2,2022,1,2026,1,26,5,1,outputs/pdfs_full/전기공학전공__ELE2051__전기기초실험1.pdf,ok
ELE2052,전기기초실험2,H0002520,전기공학전공,전기공학전공(학부/서울),2010/1 ~ 2020/2,2015,2,2019,2,22,5,1,outputs/pdfs_full/전기공학전공__ELE2052__전기기초실험2.pdf,ok
ELE3004,제어공학,H0002520,전기공학전공,전기공학전공(학부/서울),2011/1 ~ 2029/2,2022,2,2025,2,28,4,2,outputs/pdfs_full/전기공학전공__ELE3004__제어공학.pdf,ok
ELE3013,전기기기,H0002520,전기공학전공,전기공학전공(학부/서울),2012/1 ~ 2029/2,2022,2,2025,2,20,4,2,outputs/pdfs_full/전기공학전공__ELE3013__전기기기.pdf,ok
ELE3019,컴퓨터구조1,H0002519,컴퓨터전공,컴퓨터전공,2014/1 ~ 2017/2,2022,1,2026,1,37,5,2,outputs/pdfs_full/컴퓨터전공__ELE3019__컴퓨터구조1.pdf,ok
ELE3020,컴퓨터구조2,H0002519,컴퓨터전공,컴퓨터전공,2014/1 ~ 2017/2,2021,2,2025,2,31,5,2,outputs/pdfs_full/컴퓨터전공__ELE3020__컴퓨터구조2.pdf,ok
ELE3021,운영체제,H0002575,융합전자공학부,융합전자공학부,2012/1 ~ 2029/2,2022,2,2026,1,37,5,8,outputs/pdfs_full/융합전자공학부__ELE3021__운영체제.pdf,ok
ELE3037,확률과통계,H0002725,수학교육과,수학교육과,2009/1 ~ 2027/2,2022,2,2025,2,21,4,1,outputs/pdfs_full/수학교육과__ELE3037__확률과통계.pdf,ok
ELE3039,알고리즘,H0002575,융합전자공학부,융합전자공학부,2012/1 ~ 2029/2,2021,2,2025,2,27,4,3,outputs/pdfs_full/융합전자공학부__ELE3039__알고리즘.pdf,ok
ELE3040,모빌리티기술기초및산업동향,H0002575,융합전자공학부,융합전자공학부,2024/2 ~ 2029/2,2024,2,2025,2,10,2,1,outputs/pdfs_full/융합전자공학부__ELE3040__모빌리티기술기초및산업동향.pdf,ok
ELE3067,집적회로소자,H0002575,융합전자공학부,융합전자공학부,2012/1 ~ 2029/2,2022,1,2026,1,27,5,2,outputs/pdfs_full/융합전자공학부__ELE3067__집적회로소자.pdf,ok
ELE3074,전자회로1,H0002575,융합전자공학부,융합전자공학부,2012/1 ~ 2029/2,2022,1,2026,1,39,5,2,outputs/pdfs_full/융합전자공학부__ELE3074__전자회로1.pdf,ok
ELE3075,전자회로2,H0002575,융합전자공학부,융합전자공학부,2012/1 ~ 2029/2,2022,2,2025,2,31,4,2,outputs/pdfs_full/융합전자공학부__ELE3075__전자회로2.pdf,ok
ELE3076,디지털신호처리1,H0002575,융합전자공학부,융합전자공학부,2012/1 ~ 2029/2,2022,1,2026,1,36,5,3,outputs/pdfs_full/융합전자공학부__ELE3076__디지털신호처리1.pdf,ok
ELE3077,디지털신호처리2,H0002575,융합전자공학부,융합전자공학부,2012/1 ~ 2029/2,2022,2,2025,2,20,4,3,outputs/pdfs_full/융합전자공학부__ELE3077__디지털신호처리2.pdf,ok
ELE3079,제어시스템개론,H0002575,융합전자공학부,융합전자공학부,2012/1 ~ 2029/2,2022,1,2026,1,30,5,1,outputs/pdfs_full/융합전자공학부__ELE3079__제어시스템개론.pdf,ok
ELE3080,디스플레이설계및공정,H0002575,융합전자공학부,융합전자공학부,2012/1 ~ 2030/2,2022,1,2026,1,29,5,2,outputs/pdfs_full/융합전자공학부__ELE3080__디스플레이설계및공정.pdf,ok
ELE3081,VLSI공학,H0002575,융합전자공학부,융합전자공학부,2012/1 ~ 2029/2,2022,2,2025,2,31,4,2,outputs/pdfs_full/융합전자공학부__ELE3081__VLSI공학.pdf,ok
ELE3083,융합전자실용공학연구1,H0002575,융합전자공학부,융합전자공학부,2018/2 ~ 2025/2,2019,1,2023,1,5,5,1,outputs/pdfs_full/융합전자공학부__ELE3083__융합전자실용공학연구1.pdf,ok
ELE3084,융합전자실용공학연구2,H0002575,융합전자공학부,융합전자공학부,2018/2 ~ 2025/2,2019,2,2023,2,5,5,1,outputs/pdfs_full/융합전자공학부__ELE3084__융합전자실용공학연구2.pdf,ok
ELE3085,머신러닝개론,H0002575,융합전자공학부,융합전자공학부,2022/1 ~ 2023/2,,,,,0,0,1,outputs/pdfs_full/융합전자공학부__ELE3085__머신러닝개론.pdf,not_found
ELE4004,에너지변환공학,H0002520,전기공학전공,전기공학전공(학부/서울),2012/1 ~ 2030/2,2020,1,2024,1,31,5,2,outputs/pdfs_full/전기공학전공__ELE4004__에너지변환공학.pdf,ok
ELE4005,전력전자공학,H0002520,전기공학전공,전기공학전공(학부/서울),2012/1 ~ 2017/2,2021,2,2025,2,22,4,2,outputs/pdfs_full/전기공학전공__ELE4005__전력전자공학.pdf,ok
ELE4011,전기응용실험1,H0002520,전기공학전공,전기공학전공(학부/서울),2012/1 ~ 2018/2,,,,,0,0,1,outputs/pdfs_full/전기공학전공__ELE4011__전기응용실험1.pdf,not_found
ELE4012,전기응용실험2,H0002520,전기공학전공,전기공학전공(학부/서울),2012/1 ~ 2018/2,,,,,0,0,1,outputs/pdfs_full/전기공학전공__ELE4012__전기응용실험2.pdf,not_found
ELE4019,전력시스템공학,H0002520,전기공학전공,전기공학전공(학부/서울),2011/1 ~ 2029/2,2022,2,2025,2,16,4,1,outputs/pdfs_full/전기공학전공__ELE4019__전력시스템공학.pdf,ok
ELE4025,펄스파워공학,H0002520,전기공학전공,전기공학전공(학부/서울),2011/1 ~ 2029/2,2019,2,2023,2,20,5,1,outputs/pdfs_full/전기공학전공__ELE4025__펄스파워공학.pdf,ok
ELE4029,컴파일러설계,H0002518,소프트웨어전공,소프트웨어전공,2014/2 ~ 2021/2,2022,2,2025,2,30,4,3,outputs/pdfs_full/소프트웨어전공__ELE4029__컴파일러설계.pdf,ok
ELE4031,통신시스템,H0002575,융합전자공학부,융합전자공학부,2012/1 ~ 2029/2,2022,2,2025,2,31,4,1,outputs/pdfs_full/융합전자공학부__ELE4031__통신시스템.pdf,ok
ELE4033,마이크로파회로설계,H0002575,융합전자공학부,융합전자공학부,2012/1 ~ 2029/2,2019,1,2023,1,31,5,2,outputs/pdfs_full/융합전자공학부__ELE4033__마이크로파회로설계.pdf,ok
ELE4037,디지털신호처리응용,H0002520,전기공학전공,전기공학전공(학부/서울),2015/1 ~ 2017/2,2015,2,2017,2,12,2,1,outputs/pdfs_full/전기공학전공__ELE4037__디지털신호처리응용.pdf,ok
ELE4073,전기물성1,H0002520,전기공학전공,전기공학전공(학부/서울),2010/1 ~ 2025/2,2020,2,2024,2,30,5,1,outputs/pdfs_full/전기공학전공__ELE4073__전기물성1.pdf,ok
ELE4074,전기물성2,H0002520,전기공학전공,전기공학전공(학부/서울),2011/1 ~ 2029/2,2021,1,2025,1,19,5,1,outputs/pdfs_full/전기공학전공__ELE4074__전기물성2.pdf,ok
ELE4077,고체전자물리개론,H0002575,융합전자공학부,융합전자공학부,2011/1 ~ 2028/2,2022,1,2026,1,37,5,2,outputs/pdfs_full/융합전자공학부__ELE4077__고체전자물리개론.pdf,ok
ELE4083,정보디스플레이공학개론,H0002575,융합전자공학부,융합전자공학부,2012/1 ~ 2029/2,2022,2,2025,2,24,4,1,outputs/pdfs_full/융합전자공학부__ELE4083__정보디스플레이공학개론.pdf,ok
ELE4084,디스플레이구동회로,H0002575,융합전자공학부,융합전자공학부,2013/1 ~ 2030/2,2021,1,2025,2,19,4,1,outputs/pdfs_full/융합전자공학부__ELE4084__디스플레이구동회로.pdf,ok
ELE4089,바이오전자공학개론,H0002575,융합전자공학부,융합전자공학부,2013/1 ~ 2018/2,2014,1,2018,1,26,5,1,outputs/pdfs_full/융합전자공학부__ELE4089__바이오전자공학개론.pdf,ok
ELE4090,자동차IT개론,H0002575,융합전자공학부,융합전자공학부,2013/1 ~ 2018/2,2014,1,2018,1,30,5,1,outputs/pdfs_full/융합전자공학부__ELE4090__자동차IT개론.pdf,ok
ELE4091,그린IT개론,H0002575,융합전자공학부,융합전자공학부,2013/1 ~ 2018/2,2014,1,2018,1,25,5,1,outputs/pdfs_full/융합전자공학부__ELE4091__그린IT개론.pdf,ok
ELE4092,컴퓨터비전개론,H0002575,융합전자공학부,융합전자공학부,2013/1 ~ 2030/2,2022,2,2025,2,20,4,1,outputs/pdfs_full/융합전자공학부__ELE4092__컴퓨터비전개론.pdf,ok
ELE4094,이동통신단말시스템설계,H0002575,융합전자공학부,융합전자공학부,2013/1 ~ 2026/2,2013,2,2016,2,22,4,1,outputs/pdfs_full/융합전자공학부__ELE4094__이동통신단말시스템설계.pdf,ok
ELE4096,고급자동차IT공학,H0002575,융합전자공학부,융합전자공학부,2013/1 ~ 2018/2,2013,2,2014,2,14,2,1,outputs/pdfs_full/융합전자공학부__ELE4096__고급자동차IT공학.pdf,ok
ELE4100,무선네트워크,H0002575,융합전자공학부,융합전자공학부,2014/1 ~ 2030/2,2020,1,2026,1,29,5,1,outputs/pdfs_full/융합전자공학부__ELE4100__무선네트워크.pdf,ok
ELE4102,전파시스템,H0002575,융합전자공학부,융합전자공학부,2019/1 ~ 2030/2,2021,1,2025,1,19,5,1,outputs/pdfs_full/융합전자공학부__ELE4102__전파시스템.pdf,ok
ELE4103,인공지능플랫폼기초및실습,H0002575,융합전자공학부,융합전자공학부,2023/1 ~ 2030/2,2023,1,2025,1,7,3,2,outputs/pdfs_full/융합전자공학부__ELE4103__인공지능플랫폼기초및실습.pdf,ok
ELE4105,캡스톤디자인:디지털설계,H0002575,융합전자공학부,융합전자공학부,2022/2 ~ 2030/2,2022,2,2024,2,8,3,1,outputs/pdfs_full/융합전자공학부__ELE4105__캡스톤디자인_디지털설계.pdf,ok
ELE4106,캡스톤디자인:아날로그설계,H0002575,융합전자공학부,융합전자공학부,2022/2 ~ 2030/2,2022,2,2025,2,10,4,1,outputs/pdfs_full/융합전자공학부__ELE4106__캡스톤디자인_아날로그설계.pdf,ok
ELE4107,캡스톤디자인:반도체소자,H0002575,융합전자공학부,융합전자공학부,2022/2 ~ 2030/2,2022,2,2025,2,10,4,1,outputs/pdfs_full/융합전자공학부__ELE4107__캡스톤디자인_반도체소자.pdf,ok
ELE5000,융합전자공학종합설계1,H0002575,융합전자공학부,융합전자공학부,2013/1 ~ 2030/2,2022,1,2026,1,17,5,1,outputs/pdfs_full/융합전자공학부__ELE5000__융합전자공학종합설계1.pdf,ok
ELE5001,융합전자공학종합설계2,H0002575,융합전자공학부,융합전자공학부,2013/1 ~ 2030/2,2022,2,2025,2,22,4,1,outputs/pdfs_full/융합전자공학부__ELE5001__융합전자공학종합설계2.pdf,ok
ELE5002,융합전자설계입문,H0002575,융합전자공학부,융합전자공학부,2013/1 ~ 2028/2,2019,1,2025,2,20,4,1,outputs/pdfs_full/융합전자공학부__ELE5002__융합전자설계입문.pdf,ok
ENE1004,컴퓨터구조,H0002575,융합전자공학부,융합전자공학부,2012/1 ~ 2029/2,2022,1,2026,1,38,5,3,outputs/pdfs_full/융합전자공학부__ENE1004__컴퓨터구조.pdf,ok
ENE2001,기초전자공학,H0002520,전기공학전공,전기공학전공(학부/서울),2010/1 ~ 2016/2,2012,1,2016,1,32,5,1,outputs/pdfs_full/전기공학전공__ENE2001__기초전자공학.pdf,ok
ENE2006,반도체회로공정,H0002575,융합전자공학부,융합전자공학부,2013/1 ~ 2030/2,2022,1,2026,1,38,5,2,outputs/pdfs_full/융합전자공학부__ENE2006__반도체회로공정.pdf,ok
ENE2008,컴퓨터알고리즘,H0002519,컴퓨터전공,컴퓨터전공,2013/1 ~ 2014/2,2010,2,2014,2,39,5,1,outputs/pdfs_full/컴퓨터전공__ENE2008__컴퓨터알고리즘.pdf,ok
ENE3001,전자회로,H0002519,컴퓨터전공,컴퓨터전공,2014/1 ~ 2017/2,2022,2,2025,2,29,4,2,outputs/pdfs_full/컴퓨터전공__ENE3001__전자회로.pdf,ok
ENE3002,전자회로2,H0002520,전기공학전공,전기공학전공(학부/서울),2011/1 ~ 2017/2,2013,1,2017,1,28,5,1,outputs/pdfs_full/전기공학전공__ENE3002__전자회로2.pdf,ok
ENE4014,프로그래밍언어론,H0002518,소프트웨어전공,소프트웨어전공,2014/1 ~ 2021/2,2022,1,2026,1,40,5,4,outputs/pdfs_full/소프트웨어전공__ENE4014__프로그래밍언어론.pdf,ok
ENE4015,신호처리,H0002520,전기공학전공,전기공학전공(학부/서울),2011/1 ~ 2029/2,2017,1,2021,2,34,5,2,outputs/pdfs_full/전기공학전공__ENE4015__신호처리.pdf,ok
ENE4019,컴퓨터네트워크,H0002575,융합전자공학부,융합전자공학부,2012/1 ~ 2029/2,2024,2,2026,1,26,4,7,outputs/pdfs_full/융합전자공학부__ENE4019__컴퓨터네트워크.pdf,ok
ENE4029,반도체소자,H0002575,융합전자공학부,융합전자공학부,2011/1 ~ 2028/2,2024,2,2026,1,30,4,3,outputs/pdfs_full/융합전자공학부__ENE4029__반도체소자.pdf,ok
ENE4039,아날로그회로설계,H0002575,융합전자공학부,융합전자공학부,2013/1 ~ 2030/2,2022,2,2025,2,27,4,2,outputs/pdfs_full/융합전자공학부__ENE4039__아날로그회로설계.pdf,ok
ENE4041,마이크로프로세서응용,H0002518,소프트웨어전공,소프트웨어전공,2017/1 ~ 2020/2,2022,2,2025,2,32,4,4,outputs/pdfs_full/소프트웨어전공__ENE4041__마이크로프로세서응용.pdf,ok
ENE4044,컴퓨터공학,H0002521,건축공학부,건축공학부(학부/서울),2006/1 ~ 2030/2,2022,1,2026,1,32,5,2,outputs/pdfs_full/건축공학부__ENE4044__컴퓨터공학.pdf,ok
ENE4054,자동제어,H0004800,미래자동차기술융합전공,미래자동차기술융합전공,2018/1 ~ 2029/2,2024,1,2026,1,35,5,1,outputs/pdfs_full/미래자동차기술융합전공__ENE4054__자동제어.pdf,ok
ENG1063,영어능력평가와연습,H0002794,국어국문학과,국어국문학(학부-인문과/서울),2010/1 ~ 2015/2,2011,1,2015,1,38,5,4,outputs/pdfs_full/국어국문학과__ENG1063__영어능력평가와연습.pdf,ok
ENG1065,영문학고전감상,H0002800,영어영문학과,영어영문학(학부/서울),2013/1 ~ 2015/2,2013,2,2015,2,25,3,1,outputs/pdfs_full/영어영문학과__ENG1065__영문학고전감상.pdf,ok
ENG1066,영어어법연습,H0002800,영어영문학과,영어영문학(학부/서울),2016/1 ~ 2027/2,2022,1,2026,1,35,5,1,outputs/pdfs_full/영어영문학과__ENG1066__영어어법연습.pdf,ok
ENG1067,영어읽기와토론,H0002800,영어영문학과,영어영문학(학부/서울),2016/1 ~ 2029/2,2022,1,2026,1,27,5,1,outputs/pdfs_full/영어영문학과__ENG1067__영어읽기와토론.pdf,ok
ENG1068,영어읽기와토론2,H0002800,영어영문학과,영어영문학(학부/서울),2016/1 ~ 2025/2,2021,2,2025,2,29,5,1,outputs/pdfs_full/영어영문학과__ENG1068__영어읽기와토론2.pdf,ok
ENG1069,영미문학읽기,H0002800,영어영문학과,영어영문학(학부/서울),2016/1 ~ 2028/2,2022,2,2025,2,24,4,1,outputs/pdfs_full/영어영문학과__ENG1069__영미문학읽기.pdf,ok
ENG1070,영어연극캡스톤디자인,H0002800,영어영문학과,영어영문학(학부/서울),2018/1 ~ 2019/2,2018,2,2019,2,4,2,1,outputs/pdfs_full/영어영문학과__ENG1070__영어연극캡스톤디자인.pdf,ok
ENG1071,영어연극공연캡스톤디자인,H0002800,영어영문학과,영어영문학(학부/서울),2020/1 ~ 2023/2,2020,2,2023,2,25,4,1,outputs/pdfs_full/영어영문학과__ENG1071__영어연극공연캡스톤디자인.pdf,ok
ENG1072,영어연극이론과실습캡스톤디자인,H0002800,영어영문학과,영어영문학(학부/서울),2025/1 ~ 2026/1,2025,2,2025,2,1,1,1,outputs/pdfs_full/영어영문학과__ENG1072__영어연극이론과실습캡스톤디자인.pdf,ok
ENG2005,영어음운론,H0002800,영어영문학과,영어영문학(학부/서울),1992/1 ~ 2028/2,2022,2,2025,2,21,4,1,outputs/pdfs_full/영어영문학과__ENG2005__영어음운론.pdf,ok
ENG2033,미국역사와문학,H0002800,영어영문학과,영어영문학(학부/서울),2006/1 ~ 2028/2,2022,1,2026,1,39,5,1,outputs/pdfs_full/영어영문학과__ENG2033__미국역사와문학.pdf,ok
ENG2038,영국역사와문학,H0002800,영어영문학과,영어영문학(학부/서울),2008/1 ~ 2028/2,2022,2,2025,2,26,4,1,outputs/pdfs_full/영어영문학과__ENG2038__영국역사와문학.pdf,ok
ENG2063,영어음성학,H0002800,영어영문학과,영어영문학(학부/서울),1989/1 ~ 2028/2,2022,1,2026,1,36,5,2,outputs/pdfs_full/영어영문학과__ENG2063__영어음성학.pdf,ok
ENG2073,드라마:문학텍스트와공연문화,H0002800,영어영문학과,영어영문학(학부/서울),2006/1 ~ 2028/2,2021,1,2026,1,31,5,1,outputs/pdfs_full/영어영문학과__ENG2073__드라마_문학텍스트와공연문화.pdf,ok
ENG2074,21세기드라마,H0002800,영어영문학과,영어영문학(학부/서울),2006/1 ~ 2029/2,2021,2,2024,2,28,4,1,outputs/pdfs_full/영어영문학과__ENG2074__21세기드라마.pdf,ok
ENG2075,소설과역사,H0002800,영어영문학과,영어영문학(학부/서울),2006/1 ~ 2028/2,2022,2,2025,2,29,4,1,outputs/pdfs_full/영어영문학과__ENG2075__소설과역사.pdf,ok
ENG2076,영어상호작용커뮤니케이션,H0002800,영어영문학과,영어영문학(학부/서울),2006/1 ~ 2028/2,2022,1,2026,1,26,5,1,outputs/pdfs_full/영어영문학과__ENG2076__영어상호작용커뮤니케이션.pdf,ok
ENG2079,언어습득과영어학,H0002800,영어영문학과,영어영문학(학부/서울),2006/1 ~ 2029/2,2022,2,2026,1,32,5,1,outputs/pdfs_full/영어영문학과__ENG2079__언어습득과영어학.pdf,ok
ENG2085,영어말하기와의사소통능력1,H0002800,영어영문학과,영어영문학(학부/서울),2014/1 ~ 2016/2,2014,1,2016,1,18,3,1,outputs/pdfs_full/영어영문학과__ENG2085__영어말하기와의사소통능력1.pdf,ok
ENG2086,비판적영어쓰기,H0002800,영어영문학과,영어영문학(학부/서울),2014/1 ~ 2029/2,2021,1,2025,1,31,5,1,outputs/pdfs_full/영어영문학과__ENG2086__비판적영어쓰기.pdf,ok
ENG2087,영어말하기와의사소통능력2,H0002800,영어영문학과,영어영문학(학부/서울),2014/1 ~ 2016/2,2014,2,2016,2,17,3,1,outputs/pdfs_full/영어영문학과__ENG2087__영어말하기와의사소통능력2.pdf,ok
ENG2088,영어연습,H0002800,영어영문학과,영어영문학(학부/서울),2013/1 ~ 2015/2,2013,2,2015,2,17,3,1,outputs/pdfs_full/영어영문학과__ENG2088__영어연습.pdf,ok
ENG2089,비판적생각과영어쓰기1,H0002939,영어커뮤니케이션전공,영어커뮤니케이션전공,2017/1 ~ 2020/2,,,,,0,0,1,outputs/pdfs_full/영어커뮤니케이션전공__ENG2089__비판적생각과영어쓰기1.pdf,not_found
ENG2090,영어말하기와의사소통능력,H0002800,영어영문학과,영어영문학(학부/서울),2017/1 ~ 2025/2,2021,1,2025,1,35,5,1,outputs/pdfs_full/영어영문학과__ENG2090__영어말하기와의사소통능력.pdf,ok
ENG2091,영미미디어문화,H0002800,영어영문학과,영어영문학(학부/서울),2017/1 ~ 2017/2,2017,1,2017,1,5,1,1,outputs/pdfs_full/영어영문학과__ENG2091__영미미디어문화.pdf,ok
ENG2092,글로벌영어,H0002800,영어영문학과,영어영문학(학부/서울),2017/1 ~ 2025/2,2021,2,2025,2,35,5,1,outputs/pdfs_full/영어영문학과__ENG2092__글로벌영어.pdf,ok
ENG2094,연극심화이해와실제캡스톤,H0002800,영어영문학과,영어영문학(학부/서울),2026/2 ~ 2028/2,,,,,0,0,1,outputs/pdfs_full/영어영문학과__ENG2094__연극심화이해와실제캡스톤.pdf,not_found
ENG3002,17.18세기영시,H0002800,영어영문학과,영어영문학(학부/서울),2006/1 ~ 2016/2,2011,2,2015,2,16,5,1,outputs/pdfs_full/영어영문학과__ENG3002__17.18세기영시.pdf,ok
ENG3007,영어학개론,H0002800,영어영문학과,영어영문학(학부/서울),1990/1 ~ 2027/2,2022,2,2025,2,31,4,1,outputs/pdfs_full/영어영문학과__ENG3007__영어학개론.pdf,ok
ENG3012,세익스피어,H0002800,영어영문학과,영어영문학(학부/서울),2009/1 ~ 2017/2,2012,1,2017,1,24,5,1,outputs/pdfs_full/영어영문학과__ENG3012__세익스피어.pdf,ok
ENG3054,영미단편소설,H0002800,영어영문학과,영어영문학(학부/서울),1990/1 ~ 2028/2,2022,1,2026,1,37,5,1,outputs/pdfs_full/영어영문학과__ENG3054__영미단편소설.pdf,ok
ENG3071,영어권문학,H0002800,영어영문학과,영어영문학(학부/서울),2007/1 ~ 2017/2,2013,1,2017,1,24,5,1,outputs/pdfs_full/영어영문학과__ENG3071__영어권문학.pdf,ok
ENG3073,현대문학,H0002800,영어영문학과,영어영문학(학부/서울),2007/1 ~ 2029/2,2022,2,2025,2,26,4,1,outputs/pdfs_full/영어영문학과__ENG3073__현대문학.pdf,ok
ENG3074,영미문화와언어,H0002800,영어영문학과,영어영문학(학부/서울),2007/1 ~ 2030/2,2020,1,2025,1,32,5,1,outputs/pdfs_full/영어영문학과__ENG3074__영미문화와언어.pdf,ok
ENG3075,현대영미시와유럽사,H0002800,영어영문학과,영어영문학(학부/서울),2007/1 ~ 2017/2,2013,1,2017,1,21,5,1,outputs/pdfs_full/영어영문학과__ENG3075__현대영미시와유럽사.pdf,ok
ENG3080,현대영미문학,H0002800,영어영문학과,영어영문학(학부/서울),2007/1 ~ 2017/2,2013,2,2017,2,20,5,1,outputs/pdfs_full/영어영문학과__ENG3080__현대영미문학.pdf,ok
ENG3081,실험영어음성학,H0002800,영어영문학과,영어영문학(학부/서울),2009/1 ~ 2017/2,2011,1,2014,1,6,2,1,outputs/pdfs_full/영어영문학과__ENG3081__실험영어음성학.pdf,ok
ENG3082,영어구문론,H0002800,영어영문학과,영어영문학(학부/서울),2010/1 ~ 2028/2,2022,1,2025,1,25,4,1,outputs/pdfs_full/영어영문학과__ENG3082__영어구문론.pdf,ok
ENG3083,제2언어습득과인공지능,H0002800,영어영문학과,영어영문학(학부/서울),2010/1 ~ 2029/2,2022,2,2025,2,25,4,1,outputs/pdfs_full/영어영문학과__ENG3083__제2언어습득과인공지능.pdf,ok
ENG3084,문학분석입문,H0002800,영어영문학과,영어영문학(학부/서울),2010/1 ~ 2017/2,2011,1,2017,1,22,4,1,outputs/pdfs_full/영어영문학과__ENG3084__문학분석입문.pdf,ok
ENG3090,젠더와영미문학,H0002800,영어영문학과,영어영문학(학부/서울),2015/1 ~ 2017/2,2015,1,2017,1,14,3,1,outputs/pdfs_full/영어영문학과__ENG3090__젠더와영미문학.pdf,ok
ENG3091,영어쓰기캡스톤디자인,H0002800,영어영문학과,영어영문학(학부/서울),2015/1 ~ 2030/2,2022,2,2025,2,25,4,1,outputs/pdfs_full/영어영문학과__ENG3091__영어쓰기캡스톤디자인.pdf,ok
ENG3092,영어말하기와의사소통능력3,H0002800,영어영문학과,영어영문학(학부/서울),2015/1 ~ 2017/2,2015,2,2017,2,17,3,1,outputs/pdfs_full/영어영문학과__ENG3092__영어말하기와의사소통능력3.pdf,ok
ENG3093,비판적영어쓰기3,H0002800,영어영문학과,영어영문학(학부/서울),2015/1 ~ 2017/2,2015,2,2017,2,17,4,1,outputs/pdfs_full/영어영문학과__ENG3093__비판적영어쓰기3.pdf,ok
ENG3094,실험언어학,H0002800,영어영문학과,영어영문학(학부/서울),2015/1 ~ 2017/2,,,,,0,0,2,outputs/pdfs_full/영어영문학과__ENG3094__실험언어학.pdf,not_found
ENG3097,비판적생각과영어쓰기2,H0002939,영어커뮤니케이션전공,영어커뮤니케이션전공,2018/1 ~ 2021/2,,,,,0,0,1,outputs/pdfs_full/영어커뮤니케이션전공__ENG3097__비판적생각과영어쓰기2.pdf,not_found
ENG3099,영어담화의이해와분석,H0002800,영어영문학과,영어영문학(학부/서울),2018/1 ~ 2029/2,2020,1,2024,1,23,5,1,outputs/pdfs_full/영어영문학과__ENG3099__영어담화의이해와분석.pdf,ok
ENG3100,미국과세계경제,H0002800,영어영문학과,영어영문학(학부/서울),2016/2 ~ 2023/1,2017,1,2018,1,9,2,1,outputs/pdfs_full/영어영문학과__ENG3100__미국과세계경제.pdf,ok
ENG3101,영미통상실무,H0002800,영어영문학과,영어영문학(학부/서울),2016/2 ~ 2021/2,2016,2,2017,2,7,2,1,outputs/pdfs_full/영어영문학과__ENG3101__영미통상실무.pdf,ok
ENG3102,영어권문학과사회,H0002800,영어영문학과,영어영문학(학부/서울),2018/1 ~ 2029/2,2022,1,2026,1,30,5,1,outputs/pdfs_full/영어영문학과__ENG3102__영어권문학과사회.pdf,ok
ENG3103,영미정치사상과문학,H0002800,영어영문학과,영어영문학(학부/서울),2019/1 ~ 2021/2,,,,,0,0,1,outputs/pdfs_full/영어영문학과__ENG3103__영미정치사상과문학.pdf,not_found
ENG3104,언어와뇌,H0002800,영어영문학과,영어영문학(학부/서울),2018/1 ~ 2029/2,2022,1,2026,1,30,5,1,outputs/pdfs_full/영어영문학과__ENG3104__언어와뇌.pdf,ok
ENG4004,고급영어리터러시,H0002720,영어교육과,영어교육과(학부/서울),2008/1 ~ 2030/2,2021,2,2025,2,12,4,1,outputs/pdfs_full/영어교육과__ENG4004__고급영어리터러시.pdf,ok
ENG4007,영어학특강,H0002720,영어교육과,영어교육과(학부/서울),1996/1 ~ 2030/2,2020,2,2025,2,19,4,1,outputs/pdfs_full/영어교육과__ENG4007__영어학특강.pdf,ok
ENG4013,영어회화연습,H0002800,영어영문학과,영어영문학(학부/서울),1992/1 ~ 1995/2,2013,2,2017,2,17,5,2,outputs/pdfs_full/영어영문학과__ENG4013__영어회화연습.pdf,ok
ENG4015,영어의미론,H0002800,영어영문학과,영어영문학(학부/서울),1996/1 ~ 2018/2,2014,2,2018,2,30,5,1,outputs/pdfs_full/영어영문학과__ENG4015__영어의미론.pdf,ok
ENG4017,실용영문법,H0002256,서울 대학,대학(학부/서울),2005/1 ~ 2027/2,2024,2,2026,1,20,4,1,outputs/pdfs_seoul_university/서울_대학__ENG4017__실용영문법.pdf,ok
ENG4019,르네상스영희곡,H0002800,영어영문학과,영어영문학(학부/서울),2009/1 ~ 2018/2,2012,2,2018,2,25,5,1,outputs/pdfs_full/영어영문학과__ENG4019__르네상스영희곡.pdf,ok
ENG4029,영국사회와문화,H0002800,영어영문학과,영어영문학(학부/서울),2007/1 ~ 2017/2,2013,2,2017,2,26,5,1,outputs/pdfs_full/영어영문학과__ENG4029__영국사회와문화.pdf,ok
ENG4075,언어심리와영어학,H0002800,영어영문학과,영어영문학(학부/서울),2007/1 ~ 2029/2,2022,2,2025,2,27,4,1,outputs/pdfs_full/영어영문학과__ENG4075__언어심리와영어학.pdf,ok
ENG4076,영미과학소설읽기,H0002800,영어영문학과,영어영문학(학부/서울),2008/1 ~ 2018/2,2011,1,2018,1,22,5,2,outputs/pdfs_full/영어영문학과__ENG4076__영미과학소설읽기.pdf,ok
ENG4077,미국문화와미디어,H0002800,영어영문학과,영어영문학(학부/서울),2008/1 ~ 2018/2,2014,1,2018,1,22,5,1,outputs/pdfs_full/영어영문학과__ENG4077__미국문화와미디어.pdf,ok
ENG4078,영어어휘연습과커뮤니케이션,H0002800,영어영문학과,영어영문학(학부/서울),2008/1 ~ 2018/2,2014,1,2018,1,26,5,1,outputs/pdfs_full/영어영문학과__ENG4078__영어어휘연습과커뮤니케이션.pdf,ok
ENG4079,시사영어듣기와커뮤니케이션,H0002800,영어영문학과,영어영문학(학부/서울),2008/1 ~ 2018/2,2014,2,2018,2,25,5,1,outputs/pdfs_full/영어영문학과__ENG4079__시사영어듣기와커뮤니케이션.pdf,ok
ENG4081,영한대조와전환,H0002939,영어커뮤니케이션전공,영어커뮤니케이션전공,2007/1 ~ 2017/2,2012,1,2016,1,20,5,1,outputs/pdfs_full/영어커뮤니케이션전공__ENG4081__영한대조와전환.pdf,ok
ENG4082,국제회의및협상영어,H0002939,영어커뮤니케이션전공,영어커뮤니케이션전공,2011/1 ~ 2022/2,2013,1,2017,1,18,5,1,outputs/pdfs_full/영어커뮤니케이션전공__ENG4082__국제회의및협상영어.pdf,ok
ENG4085,영국역사와영어발달,H0002800,영어영문학과,영어영문학(학부/서울),2012/1 ~ 2029/2,2022,2,2025,2,14,4,1,outputs/pdfs_full/영어영문학과__ENG4085__영국역사와영어발달.pdf,ok
ENG4087,현대문학이론입문,H0002800,영어영문학과,영어영문학(학부/서울),2011/1 ~ 2021/2,2011,2,2017,2,17,4,1,outputs/pdfs_full/영어영문학과__ENG4087__현대문학이론입문.pdf,ok
ENG4088,영어논문작성캡스톤디자인1,H0002800,영어영문학과,영어영문학(학부/서울),2012/1 ~ 2018/2,2014,1,2018,1,26,5,1,outputs/pdfs_full/영어영문학과__ENG4088__영어논문작성캡스톤디자인1.pdf,ok
ENG4089,영어논문작성캡스톤디자인2,H0002800,영어영문학과,영어영문학(학부/서울),2012/1 ~ 2018/2,2012,2,2018,2,26,5,1,outputs/pdfs_full/영어영문학과__ENG4089__영어논문작성캡스톤디자인2.pdf,ok
ENG4090,영어읽기와토론3,H0002939,영어커뮤니케이션전공,영어커뮤니케이션전공,2019/1 ~ 2022/2,,,,,0,0,1,outputs/pdfs_full/영어커뮤니케이션전공__ENG4090__영어읽기와토론3.pdf,not_found
ENG4091,비판적생각과영어쓰기3,H0002939,영어커뮤니케이션전공,영어커뮤니케이션전공,2018/1 ~ 2021/2,,,,,0,0,1,outputs/pdfs_full/영어커뮤니케이션전공__ENG4091__비판적생각과영어쓰기3.pdf,not_found
ENG4092,영미지역캡스톤디자인,H0002800,영어영문학과,영어영문학(학부/서울),2016/2 ~ 2021/2,2017,1,2018,2,8,3,1,outputs/pdfs_full/영어영문학과__ENG4092__영미지역캡스톤디자인.pdf,ok
ENG4093,현대영미역사와시,H0002800,영어영문학과,영어영문학(학부/서울),2018/1 ~ 2029/2,2022,1,2026,1,26,5,1,outputs/pdfs_full/영어영문학과__ENG4093__현대영미역사와시.pdf,ok
ENG4095,셰익스피어,H0002800,영어영문학과,영어영문학(학부/서울),2019/1 ~ 2030/2,2022,2,2025,2,19,4,1,outputs/pdfs_full/영어영문학과__ENG4095__셰익스피어.pdf,ok
ENG4096,과학과영미소설,H0002800,영어영문학과,영어영문학(학부/서울),2023/1 ~ 2030/2,2023,1,2026,1,23,4,1,outputs/pdfs_full/영어영문학과__ENG4096__과학과영미소설.pdf,ok
ENG4097,언어학과언어장애,H0002800,영어영문학과,영어영문학(학부/서울),2023/2 ~ 2030/2,2023,2,2025,2,11,2,1,outputs/pdfs_full/영어영문학과__ENG4097__언어학과언어장애.pdf,ok
ENG4098,담화및멀티모달분석,H0002800,영어영문학과,영어영문학(학부/서울),2025/1 ~ 2030/2,2025,1,2026,1,6,2,1,outputs/pdfs_full/영어영문학과__ENG4098__담화및멀티모달분석.pdf,ok
EWE4023,광통신,H0002575,융합전자공학부,융합전자공학부,2013/1 ~ 2022/2,,,,,0,0,1,outputs/pdfs_full/융합전자공학부__EWE4023__광통신.pdf,not_found
F-N1003,기초영양학,H0003584,식품영양학과,식품영양학과,2013/1 ~ 2028/2,2022,1,2026,1,28,5,1,outputs/pdfs_full/식품영양학과__F-N1003__기초영양학.pdf,ok
F-N1004,일반생물,H0003584,식품영양학과,식품영양학과,2013/1 ~ 2027/2,2022,1,2026,1,32,5,1,outputs/pdfs_full/식품영양학과__F-N1004__일반생물.pdf,ok
F-N1005,기초통계학,H0003584,식품영양학과,식품영양학과,2013/1 ~ 2027/2,2022,1,2025,1,12,4,1,outputs/pdfs_full/식품영양학과__F-N1005__기초통계학.pdf,ok
F-N1006,생활일반화학,H0003584,식품영양학과,식품영양학과,2016/1 ~ 2025/2,2021,2,2025,2,31,5,1,outputs/pdfs_full/식품영양학과__F-N1006__생활일반화학.pdf,ok
F-N2001,생활유기화학,H0003584,식품영양학과,식품영양학과,2013/1 ~ 2028/2,2022,1,2026,1,30,5,1,outputs/pdfs_full/식품영양학과__F-N2001__생활유기화학.pdf,ok
F-N2002,식품미생물학실험,H0003584,식품영양학과,식품영양학과,2013/1 ~ 2028/2,2013,2,2017,2,16,4,1,outputs/pdfs_full/식품영양학과__F-N2002__식품미생물학실험.pdf,ok
F-N2006,영양생리학,H0003584,식품영양학과,식품영양학과,2013/1 ~ 2028/2,2022,2,2025,2,24,4,1,outputs/pdfs_full/식품영양학과__F-N2006__영양생리학.pdf,ok
F-N2008,식품미생물학,H0003584,식품영양학과,식품영양학과,2013/1 ~ 2028/2,2022,2,2025,2,24,4,1,outputs/pdfs_full/식품영양학과__F-N2008__식품미생물학.pdf,ok
F-N2009,식품분석학,H0003584,식품영양학과,식품영양학과,2013/1 ~ 2028/2,2022,1,2026,1,25,5,1,outputs/pdfs_full/식품영양학과__F-N2009__식품분석학.pdf,ok
F-N2010,식품분석학실험,H0003584,식품영양학과,식품영양학과,2013/1 ~ 2026/1,2021,1,2025,1,17,5,1,outputs/pdfs_full/식품영양학과__F-N2010__식품분석학실험.pdf,ok
F-N2014,식품가공및저장학,H0003584,식품영양학과,식품영양학과,2013/1 ~ 2029/2,2022,1,2026,1,31,5,1,outputs/pdfs_full/식품영양학과__F-N2014__식품가공및저장학.pdf,ok
F-N2015,조리원리,H0003584,식품영양학과,식품영양학과,2013/1 ~ 2028/2,2022,1,2026,1,19,5,1,outputs/pdfs_full/식품영양학과__F-N2015__조리원리.pdf,ok
F-N2017,생활주기영양학,H0003584,식품영양학과,식품영양학과,2013/1 ~ 2029/2,2022,2,2025,2,20,4,1,outputs/pdfs_full/식품영양학과__F-N2017__생활주기영양학.pdf,ok
F-N3002,생화학1,H0003584,식품영양학과,식품영양학과,2013/1 ~ 2029/2,2022,1,2026,1,30,5,1,outputs/pdfs_full/식품영양학과__F-N3002__생화학1.pdf,ok
F-N3003,생화학2,H0003584,식품영양학과,식품영양학과,2013/1 ~ 2029/2,2022,2,2025,2,19,4,1,outputs/pdfs_full/식품영양학과__F-N3003__생화학2.pdf,ok
F-N3011,임상영양학,H0003584,식품영양학과,식품영양학과,2013/1 ~ 2029/2,2022,1,2026,1,31,5,1,outputs/pdfs_full/식품영양학과__F-N3011__임상영양학.pdf,ok
F-N3016,고급영양학실험,H0003584,식품영양학과,식품영양학과,2013/1 ~ 2029/2,2021,2,2025,2,11,4,1,outputs/pdfs_full/식품영양학과__F-N3016__고급영양학실험.pdf,ok
F-N3018,실험조리,H0003584,식품영양학과,식품영양학과,2013/1 ~ 2028/2,2022,2,2025,2,14,4,1,outputs/pdfs_full/식품영양학과__F-N3018__실험조리.pdf,ok
F-N3019,고급영양학,H0003584,식품영양학과,식품영양학과,2013/1 ~ 2029/2,2022,1,2026,1,29,5,1,outputs/pdfs_full/식품영양학과__F-N3019__고급영양학.pdf,ok
F-N3020,영양소대사,H0003584,식품영양학과,식품영양학과,2013/1 ~ 2029/2,2018,2,2025,2,12,5,1,outputs/pdfs_full/식품영양학과__F-N3020__영양소대사.pdf,ok
F-N3023,임상영양학실험,H0003584,식품영양학과,식품영양학과,2013/1 ~ 2029/2,2018,2,2025,2,15,5,1,outputs/pdfs_full/식품영양학과__F-N3023__임상영양학실험.pdf,ok
F-N3024,영양정보와인터넷,H0003584,식품영양학과,식품영양학과,2013/1 ~ 2016/2,2010,2,2014,1,19,5,1,outputs/pdfs_full/식품영양학과__F-N3024__영양정보와인터넷.pdf,ok
F-N3025,식품위생학,H0003584,식품영양학과,식품영양학과,2013/1 ~ 2029/2,2022,1,2026,1,16,5,1,outputs/pdfs_full/식품영양학과__F-N3025__식품위생학.pdf,ok
F-N3026,식품가공및저장학실험,H0003584,식품영양학과,식품영양학과,2013/1 ~ 2029/2,2014,1,2022,1,16,5,1,outputs/pdfs_full/식품영양학과__F-N3026__식품가공및저장학실험.pdf,ok
F-N3027,발효식품학,H0003584,식품영양학과,식품영양학과,2013/1 ~ 2029/2,2022,2,2025,2,21,4,1,outputs/pdfs_full/식품영양학과__F-N3027__발효식품학.pdf,ok
F-N3028,식품위생관계법규,H0003584,식품영양학과,식품영양학과,2013/1 ~ 2030/2,2022,2,2025,2,10,4,1,outputs/pdfs_full/식품영양학과__F-N3028__식품위생관계법규.pdf,ok
F-N4001,식품화학,H0003584,식품영양학과,식품영양학과,2013/1 ~ 2029/2,2022,2,2025,2,15,4,1,outputs/pdfs_full/식품영양학과__F-N4001__식품화학.pdf,ok
F-N4002,영양교육,H0003584,식품영양학과,식품영양학과,2013/1 ~ 2030/2,2022,1,2026,1,32,5,1,outputs/pdfs_full/식품영양학과__F-N4002__영양교육.pdf,ok
F-N4015,영양판정,H0003584,식품영양학과,식품영양학과,2013/1 ~ 2030/2,2022,2,2025,2,25,4,1,outputs/pdfs_full/식품영양학과__F-N4015__영양판정.pdf,ok
F-N4018,영양사현장실습,H0003584,식품영양학과,식품영양학과,2013/1 ~ 2030/2,2022,2,2025,2,4,4,1,outputs/pdfs_full/식품영양학과__F-N4018__영양사현장실습.pdf,ok
F-N4020,영양상담,H0003584,식품영양학과,식품영양학과,2013/1 ~ 2018/2,2012,1,2018,1,23,5,1,outputs/pdfs_full/식품영양학과__F-N4020__영양상담.pdf,ok
F-N4021,식품학,H0003584,식품영양학과,식품영양학과,2013/1 ~ 2030/2,2022,1,2026,1,23,5,1,outputs/pdfs_full/식품영양학과__F-N4021__식품학.pdf,ok
F-N4022,급식경영학,H0003584,식품영양학과,식품영양학과,2013/1 ~ 2030/2,2022,2,2025,2,12,4,1,outputs/pdfs_full/식품영양학과__F-N4022__급식경영학.pdf,ok
F-N4023,기능성식품과제품개발,H0003584,식품영양학과,식품영양학과,2013/1 ~ 2030/2,2021,2,2025,2,27,5,1,outputs/pdfs_full/식품영양학과__F-N4023__기능성식품과제품개발.pdf,ok
F-N4024,지역사회영양학,H0003584,식품영양학과,식품영양학과,2013/1 ~ 2018/2,2014,2,2018,2,25,5,1,outputs/pdfs_full/식품영양학과__F-N4024__지역사회영양학.pdf,ok
F-N4025,공중보건학,H0003584,식품영양학과,식품영양학과,2013/1 ~ 2018/2,2008,2,2014,1,25,5,1,outputs/pdfs_full/식품영양학과__F-N4025__공중보건학.pdf,ok
F-N4026,캡스톤디자인창의적연구설계,H0003584,식품영양학과,식품영양학과,2013/1 ~ 2030/2,2012,2,2024,2,5,5,1,outputs/pdfs_full/식품영양학과__F-N4026__캡스톤디자인창의적연구설계.pdf,ok
FAE2004,서양미술사,H0002722,응용미술교육과,응용미술교육과(학부/서울),1990/1 ~ 2028/2,2021,1,2026,1,26,5,2,outputs/pdfs_full/응용미술교육과__FAE2004__서양미술사.pdf,ok
FAE2007,입체구성,H0002722,응용미술교육과,응용미술교육과(학부/서울),1989/1 ~ 2027/2,2022,1,2026,1,25,5,1,outputs/pdfs_full/응용미술교육과__FAE2007__입체구성.pdf,ok
FAE4014,현대미술사,H0002722,응용미술교육과,응용미술교육과(학부/서울),2008/1 ~ 2018/2,2013,2,2018,2,20,5,1,outputs/pdfs_full/응용미술교육과__FAE4014__현대미술사.pdf,ok
FET1001,스마트에너지와지속가능한미래,H0004713,미래전기에너지신기술융합전공,미래전기에너지신기술융합전공,2025/2 ~ 2027/2,2025,2,2026,1,15,2,2,outputs/pdfs_full/미래전기에너지신기술융합전공__FET1001__스마트에너지와지속가능한미래.pdf,ok
FET1002,에너지와지속가능경영의기초,H0004713,미래전기에너지신기술융합전공,미래전기에너지신기술융합전공,2026/1 ~ 2027/2,,,,,0,0,1,outputs/pdfs_full/미래전기에너지신기술융합전공__FET1002__에너지와지속가능경영의기초.pdf,not_found
FET3001,차세대전력전자및전기기기,H0002520,전기공학전공,전기공학전공(학부/서울),2022/1 ~ 2029/2,2022,1,2026,1,27,5,1,outputs/pdfs_full/전기공학전공__FET3001__차세대전력전자및전기기기.pdf,ok
FET3002,AI기반에너지관리,H0002520,전기공학전공,전기공학전공(학부/서울),2022/1 ~ 2029/2,2023,1,2026,1,22,4,1,outputs/pdfs_full/전기공학전공__FET3002__AI기반에너지관리.pdf,ok
FET3003,에너지기후변화정책연구,H0004713,미래전기에너지신기술융합전공,미래전기에너지신기술융합전공,2025/2 ~ 2029/2,2025,2,2025,2,2,1,1,outputs/pdfs_full/미래전기에너지신기술융합전공__FET3003__에너지기후변화정책연구.pdf,ok
FET3004,에너지자원순환공학,H0004713,미래전기에너지신기술융합전공,미래전기에너지신기술융합전공,2026/1 ~ 2029/2,,,,,0,0,1,outputs/pdfs_full/미래전기에너지신기술융합전공__FET3004__에너지자원순환공학.pdf,not_found
FET4001,에너지신산업이슈연구,H0002520,전기공학전공,전기공학전공(학부/서울),2021/2 ~ 2030/2,2022,2,2025,2,15,4,1,outputs/pdfs_full/전기공학전공__FET4001__에너지신산업이슈연구.pdf,ok
FET4002,스마트그리드,H0002520,전기공학전공,전기공학전공(학부/서울),2022/1 ~ 2030/2,2022,1,2025,2,19,4,1,outputs/pdfs_full/전기공학전공__FET4002__스마트그리드.pdf,ok
FET4003,플라즈마에너지공학,H0002520,전기공학전공,전기공학전공(학부/서울),2023/1 ~ 2030/2,2023,1,2026,1,20,4,1,outputs/pdfs_full/전기공학전공__FET4003__플라즈마에너지공학.pdf,ok
FET4004,광전에너지변환소자,H0002520,전기공학전공,전기공학전공(학부/서울),2025/2 ~ 2030/2,2025,2,2025,2,3,1,1,outputs/pdfs_full/전기공학전공__FET4004__광전에너지변환소자.pdf,ok
FET9101,에너지소재개론,H0004713,미래전기에너지신기술융합전공,미래전기에너지신기술융합전공,2016/1 ~ 2027/2,,,,,0,0,1,outputs/pdfs_full/미래전기에너지신기술융합전공__FET9101__에너지소재개론.pdf,not_found
FET9102,에너지신산업머신러닝개론,H0004713,미래전기에너지신기술융합전공,미래전기에너지신기술융합전공,2025/1 ~ 2027/2,,,,,0,0,1,outputs/pdfs_full/미래전기에너지신기술융합전공__FET9102__에너지신산업머신러닝개론.pdf,not_found
FET9103,AI와에너지신산업,H0004713,미래전기에너지신기술융합전공,미래전기에너지신기술융합전공,2026/1 ~ 2027/2,,,,,0,0,1,outputs/pdfs_full/미래전기에너지신기술융합전공__FET9103__AI와에너지신산업.pdf,not_found
FET9104,에너지와지식재산라이센싱,H0004713,미래전기에너지신기술융합전공,미래전기에너지신기술융합전공,2026/1 ~ 2027/2,,,,,0,0,1,outputs/pdfs_full/미래전기에너지신기술융합전공__FET9104__에너지와지식재산라이센싱.pdf,not_found
FET9201,에너지저장공학개론,H0004713,미래전기에너지신기술융합전공,미래전기에너지신기술융합전공,2017/2 ~ 2028/2,,,,,0,0,1,outputs/pdfs_full/미래전기에너지신기술융합전공__FET9201__에너지저장공학개론.pdf,not_found
FET9202,신에너지공학개론,H0004713,미래전기에너지신기술융합전공,미래전기에너지신기술융합전공,2017/2 ~ 2028/2,,,,,0,0,1,outputs/pdfs_full/미래전기에너지신기술융합전공__FET9202__신에너지공학개론.pdf,not_found
FET9203,전기화학에너지저장이론및실험,H0004713,미래전기에너지신기술융합전공,미래전기에너지신기술융합전공,2017/1 ~ 2028/2,,,,,0,0,1,outputs/pdfs_full/미래전기에너지신기술융합전공__FET9203__전기화학에너지저장이론및실험.pdf,not_found
FET9204,재생에너지공학개론,H0004713,미래전기에너지신기술융합전공,미래전기에너지신기술융합전공,2017/1 ~ 2028/2,,,,,0,0,1,outputs/pdfs_full/미래전기에너지신기술융합전공__FET9204__재생에너지공학개론.pdf,not_found
FET9205,수소연료전지개론,H0004713,미래전기에너지신기술융합전공,미래전기에너지신기술융합전공,2017/1 ~ 2028/2,,,,,0,0,1,outputs/pdfs_full/미래전기에너지신기술융합전공__FET9205__수소연료전지개론.pdf,not_found
FET9206,에너지와기술의경제학,H0004713,미래전기에너지신기술융합전공,미래전기에너지신기술융합전공,2017/1 ~ 2028/2,,,,,0,0,1,outputs/pdfs_full/미래전기에너지신기술융합전공__FET9206__에너지와기술의경제학.pdf,not_found
FET9207,에너지와기후변화,H0004713,미래전기에너지신기술융합전공,미래전기에너지신기술융합전공,2017/1 ~ 2028/2,,,,,0,0,1,outputs/pdfs_full/미래전기에너지신기술융합전공__FET9207__에너지와기후변화.pdf,not_found
FET9208,파이썬프로그래밍입문,H0004713,미래전기에너지신기술융합전공,미래전기에너지신기술융합전공,2024/1 ~ 2027/2,,,,,0,0,1,outputs/pdfs_full/미래전기에너지신기술융합전공__FET9208__파이썬프로그래밍입문.pdf,not_found
FET9209,원자력발전공학개론,H0004713,미래전기에너지신기술융합전공,미래전기에너지신기술융합전공,2024/1 ~ 2028/2,,,,,0,0,1,outputs/pdfs_full/미래전기에너지신기술융합전공__FET9209__원자력발전공학개론.pdf,not_found
FET9210,탄소중립과ESG,H0004713,미래전기에너지신기술융합전공,미래전기에너지신기술융합전공,2025/2 ~ 2028/2,,,,,0,0,1,outputs/pdfs_full/미래전기에너지신기술융합전공__FET9210__탄소중립과ESG.pdf,not_found
FET9211,수소에너지개론,H0004713,미래전기에너지신기술융합전공,미래전기에너지신기술융합전공,2026/1 ~ 2028/2,,,,,0,0,1,outputs/pdfs_full/미래전기에너지신기술융합전공__FET9211__수소에너지개론.pdf,not_found
FET9301,에너지기후변화정책,H0004713,미래전기에너지신기술융합전공,미래전기에너지신기술융합전공,2018/2 ~ 2029/2,,,,,0,0,1,outputs/pdfs_full/미래전기에너지신기술융합전공__FET9301__에너지기후변화정책.pdf,not_found
FET9302,거대에너지저장,H0004713,미래전기에너지신기술융합전공,미래전기에너지신기술융합전공,2018/2 ~ 2029/2,,,,,0,0,1,outputs/pdfs_full/미래전기에너지신기술융합전공__FET9302__거대에너지저장.pdf,not_found
FET9303,에너지저장소재설계,H0004713,미래전기에너지신기술융합전공,미래전기에너지신기술융합전공,2018/2 ~ 2029/2,,,,,0,0,1,outputs/pdfs_full/미래전기에너지신기술융합전공__FET9303__에너지저장소재설계.pdf,not_found
FET9304,에너지생산소재공학,H0004713,미래전기에너지신기술융합전공,미래전기에너지신기술융합전공,2018/2 ~ 2029/2,,,,,0,0,1,outputs/pdfs_full/미래전기에너지신기술융합전공__FET9304__에너지생산소재공학.pdf,not_found
FET9305,에너지반응공학,H0004713,미래전기에너지신기술융합전공,미래전기에너지신기술융합전공,2018/2 ~ 2029/2,,,,,0,0,1,outputs/pdfs_full/미래전기에너지신기술융합전공__FET9305__에너지반응공학.pdf,not_found
FET9306,바이오폐기물에너지공학,H0004713,미래전기에너지신기술융합전공,미래전기에너지신기술융합전공,2018/1 ~ 2029/2,,,,,0,0,1,outputs/pdfs_full/미래전기에너지신기술융합전공__FET9306__바이오폐기물에너지공학.pdf,not_found
FET9307,화학적에너지수송,H0004713,미래전기에너지신기술융합전공,미래전기에너지신기술융합전공,2018/1 ~ 2029/2,,,,,0,0,1,outputs/pdfs_full/미래전기에너지신기술융합전공__FET9307__화학적에너지수송.pdf,not_found
FET9308,AI기반에너지안전공학,H0004713,미래전기에너지신기술융합전공,미래전기에너지신기술융합전공,2018/1 ~ 2029/2,,,,,0,0,1,outputs/pdfs_full/미래전기에너지신기술융합전공__FET9308__AI기반에너지안전공학.pdf,not_found
FET9309,제로에너지시스템,H0004713,미래전기에너지신기술융합전공,미래전기에너지신기술융합전공,2018/1 ~ 2029/2,,,,,0,0,1,outputs/pdfs_full/미래전기에너지신기술융합전공__FET9309__제로에너지시스템.pdf,not_found
FET9310,에너지빅데이터분석,H0004713,미래전기에너지신기술융합전공,미래전기에너지신기술융합전공,2018/1 ~ 2029/2,,,,,0,0,1,outputs/pdfs_full/미래전기에너지신기술융합전공__FET9310__에너지빅데이터분석.pdf,not_found
FET9311,이산화탄소포집활용저장,H0004713,미래전기에너지신기술융합전공,미래전기에너지신기술융합전공,2023/2 ~ 2029/2,,,,,0,0,1,outputs/pdfs_full/미래전기에너지신기술융합전공__FET9311__이산화탄소포집활용저장.pdf,not_found
FET9401,태양에너지공학,H0004713,미래전기에너지신기술융합전공,미래전기에너지신기술융합전공,2019/2 ~ 2030/2,,,,,0,0,1,outputs/pdfs_full/미래전기에너지신기술융합전공__FET9401__태양에너지공학.pdf,not_found
FET9402,지열에너지공학,H0004713,미래전기에너지신기술융합전공,미래전기에너지신기술융합전공,2019/1 ~ 2030/2,,,,,0,0,1,outputs/pdfs_full/미래전기에너지신기술융합전공__FET9402__지열에너지공학.pdf,not_found
FET9403,풍력에너지공학,H0004713,미래전기에너지신기술융합전공,미래전기에너지신기술융합전공,2019/1 ~ 2030/2,,,,,0,0,1,outputs/pdfs_full/미래전기에너지신기술융합전공__FET9403__풍력에너지공학.pdf,not_found
FET9404,에너지사업타당성평가,H0004713,미래전기에너지신기술융합전공,미래전기에너지신기술융합전공,2019/1 ~ 2030/2,,,,,0,0,1,outputs/pdfs_full/미래전기에너지신기술융합전공__FET9404__에너지사업타당성평가.pdf,not_found
FET9405,수소생산과연료전지응용,H0004713,미래전기에너지신기술융합전공,미래전기에너지신기술융합전공,2019/1 ~ 2030/2,,,,,0,0,1,outputs/pdfs_full/미래전기에너지신기술융합전공__FET9405__수소생산과연료전지응용.pdf,not_found
FET9406,열에너지변환공학,H0004713,미래전기에너지신기술융합전공,미래전기에너지신기술융합전공,2019/1 ~ 2030/2,,,,,0,0,1,outputs/pdfs_full/미래전기에너지신기술융합전공__FET9406__열에너지변환공학.pdf,not_found
FET9407,AI기반시스템최적화,H0004713,미래전기에너지신기술융합전공,미래전기에너지신기술융합전공,2019/1 ~ 2030/2,,,,,0,0,1,outputs/pdfs_full/미래전기에너지신기술융합전공__FET9407__AI기반시스템최적화.pdf,not_found
FET9408,수소에너지공학,H0004713,미래전기에너지신기술융합전공,미래전기에너지신기술융합전공,2019/1 ~ 2030/2,,,,,0,0,1,outputs/pdfs_full/미래전기에너지신기술융합전공__FET9408__수소에너지공학.pdf,not_found
FET9409,전기차배터리공학,H0004713,미래전기에너지신기술융합전공,미래전기에너지신기술융합전공,2019/1 ~ 2030/2,,,,,0,0,1,outputs/pdfs_full/미래전기에너지신기술융합전공__FET9409__전기차배터리공학.pdf,not_found
FET9410,차세대에너지저장변환공학,H0004713,미래전기에너지신기술융합전공,미래전기에너지신기술융합전공,2019/1 ~ 2030/2,,,,,0,0,1,outputs/pdfs_full/미래전기에너지신기술융합전공__FET9410__차세대에너지저장변환공학.pdf,not_found
FET9411,무선에너지전달,H0004713,미래전기에너지신기술융합전공,미래전기에너지신기술융합전공,2019/1 ~ 2030/2,,,,,0,0,1,outputs/pdfs_full/미래전기에너지신기술융합전공__FET9411__무선에너지전달.pdf,not_found
FET9412,수소에너지실험,H0004713,미래전기에너지신기술융합전공,미래전기에너지신기술융합전공,2025/2 ~ 2030/2,,,,,0,0,1,outputs/pdfs_full/미래전기에너지신기술융합전공__FET9412__수소에너지실험.pdf,not_found
FET9413,에너지신산업커리어디자인,H0004713,미래전기에너지신기술융합전공,미래전기에너지신기술융합전공,2027/1 ~ 2030/2,,,,,0,0,1,outputs/pdfs_full/미래전기에너지신기술융합전공__FET9413__에너지신산업커리어디자인.pdf,not_found
FRE1055,기초프랑스어,H0002256,서울 대학,대학(학부/서울),2003/1 ~ 2027/2,2024,2,2026,1,25,4,1,outputs/pdfs_seoul_university/서울_대학__FRE1055__기초프랑스어.pdf,ok
FUT1001,아르테와테크네의만남,H0004157,미래인문학융합전공,미래인문학융합전공,2017/1 ~ 2027/2,2022,1,2026,1,27,5,2,outputs/pdfs_full/미래인문학융합전공__FUT1001__아르테와테크네의만남.pdf,ok
FUT1002,디지털스토리텔링의이해,H0002938,미디어문화전공,미디어문화전공,2017/1 ~ 2017/2,2019,1,2026,1,20,5,2,outputs/pdfs_full/미디어문화전공__FUT1002__디지털스토리텔링의이해.pdf,ok
FUT1003,엔지니어를위한영어의사소통,H0004157,미래인문학융합전공,미래인문학융합전공,2017/1 ~ 2027/2,2017,1,2023,1,9,4,2,outputs/pdfs_full/미래인문학융합전공__FUT1003__엔지니어를위한영어의사소통.pdf,ok
FUT1004,과학기술자의상상력과창의성,H0004157,미래인문학융합전공,미래인문학융합전공,2017/1 ~ 2027/2,2018,1,2026,1,22,5,2,outputs/pdfs_full/미래인문학융합전공__FUT1004__과학기술자의상상력과창의성.pdf,ok
FUT1005,초학제시대의미래인문학,H0004157,미래인문학융합전공,미래인문학융합전공,2017/1 ~ 2027/2,2021,1,2026,1,21,5,2,outputs/pdfs_full/미래인문학융합전공__FUT1005__초학제시대의미래인문학.pdf,ok
FUT1006,탈진실시대의언론텍스트읽기와쓰기,H0002937,공공수행인문학전공,공공수행인문학전공,2017/1 ~ 2017/2,2022,1,2026,1,16,5,2,outputs/pdfs_full/공공수행인문학전공__FUT1006__탈진실시대의언론텍스트읽기와쓰기.pdf,ok
FUT1007,데이터과학트렌드,H0004253,인문소프트웨어융합전공,인문소프트웨어융합전공,2009/1 ~ 2027/2,2022,1,2026,1,11,5,2,outputs/pdfs_full/인문소프트웨어융합전공__FUT1007__데이터과학트렌드.pdf,ok
FUT1008,인문대생을위한창의적프로그래밍,H0004253,인문소프트웨어융합전공,인문소프트웨어융합전공,2009/1 ~ 2027/2,2021,2,2025,2,12,4,2,outputs/pdfs_full/인문소프트웨어융합전공__FUT1008__인문대생을위한창의적프로그래밍.pdf,ok
FUT2001,가상/증강현실의예술,H0004157,미래인문학융합전공,미래인문학융합전공,2017/1 ~ 2028/2,2022,1,2026,1,28,5,2,outputs/pdfs_full/미래인문학융합전공__FUT2001__가상_증강현실의예술.pdf,ok
FUT2002,AI시대의상상력과디자인씽킹,H0004157,미래인문학융합전공,미래인문학융합전공,2017/1 ~ 2028/2,2017,2,2021,2,14,4,2,outputs/pdfs_full/미래인문학융합전공__FUT2002__AI시대의상상력과디자인씽킹.pdf,ok
FUT2003,디지털게임과현대사회,H0002938,미디어문화전공,미디어문화전공,2017/1 ~ 2018/2,2022,2,2025,2,16,4,2,outputs/pdfs_full/미디어문화전공__FUT2003__디지털게임과현대사회.pdf,ok
FUT2004,문화콘텐츠+나,H0004157,미래인문학융합전공,미래인문학융합전공,2017/1 ~ 2028/2,2022,1,2026,1,21,5,2,outputs/pdfs_full/미래인문학융합전공__FUT2004__문화콘텐츠+나.pdf,ok
FUT2005,공학영어읽기,H0004157,미래인문학융합전공,미래인문학융합전공,2017/1 ~ 2028/2,2018,1,2026,1,14,5,2,outputs/pdfs_full/미래인문학융합전공__FUT2005__공학영어읽기.pdf,ok
FUT2006,엔지니어를위한영어프리젠테이션,H0004157,미래인문학융합전공,미래인문학융합전공,2017/1 ~ 2028/2,2018,2,2024,2,9,4,2,outputs/pdfs_full/미래인문학융합전공__FUT2006__엔지니어를위한영어프리젠테이션.pdf,ok
FUT2007,테크노사이언스가만드는세상,H0004157,미래인문학융합전공,미래인문학융합전공,2017/1 ~ 2028/2,2021,2,2025,2,10,4,2,outputs/pdfs_full/미래인문학융합전공__FUT2007__테크노사이언스가만드는세상.pdf,ok
FUT2008,지속가능한미래를위한과학기술정책,H0004157,미래인문학융합전공,미래인문학융합전공,2017/1 ~ 2028/2,2018,1,2018,1,3,1,2,outputs/pdfs_full/미래인문학융합전공__FUT2008__지속가능한미래를위한과학기술정책.pdf,ok
FUT2009,네트워크사회를위한미래인문학,H0004157,미래인문학융합전공,미래인문학융합전공,2017/1 ~ 2028/2,2021,2,2025,2,13,4,2,outputs/pdfs_full/미래인문학융합전공__FUT2009__네트워크사회를위한미래인문학.pdf,ok
FUT2010,은유와프레임전략,H0002936,STS(과학기술학)전공,STS(과학기술학)전공,2017/1 ~ 2017/2,2022,1,2026,1,33,5,3,outputs/pdfs_full/STS(과학기술학)전공__FUT2010__은유와프레임전략.pdf,ok
FUT2011,사회적상상력을여는소통과혁신의수사학,H0002937,공공수행인문학전공,공공수행인문학전공,2017/1 ~ 2018/2,2022,2,2025,2,8,4,2,outputs/pdfs_full/공공수행인문학전공__FUT2011__사회적상상력을여는소통과혁신의수사학.pdf,ok
FUT2012,동서양사상을통해본정의,H0002937,공공수행인문학전공,공공수행인문학전공,2017/1 ~ 2018/2,2022,1,2026,1,18,5,2,outputs/pdfs_full/공공수행인문학전공__FUT2012__동서양사상을통해본정의.pdf,ok
FUT2013,인문대생을위한트렌드프로그래밍,H0004253,인문소프트웨어융합전공,인문소프트웨어융합전공,2010/1 ~ 2028/2,2022,1,2026,1,18,5,2,outputs/pdfs_full/인문소프트웨어융합전공__FUT2013__인문대생을위한트렌드프로그래밍.pdf,ok
FUT2014,데이터시각화,H0003959,정보융합전공,정보융합전공,2018/1 ~ 2029/2,2023,2,2026,1,9,4,6,outputs/pdfs_full/정보융합전공__FUT2014__데이터시각화.pdf,ok
FUT2015,"회복을위한인문학과다크리서치:불,전염병,멸종의어젠다읽기",H0004254,인문공공행정전공,인문공공행정전공,2021/1 ~ 2029/2,2022,1,2026,1,15,5,2,"outputs/pdfs_full/인문공공행정전공__FUT2015__회복을위한인문학과다크리서치_불,전염병,멸종의어젠다읽기.pdf",ok
FUT3001,아트테크놀로지캡스톤디자인,H0004157,미래인문학융합전공,미래인문학융합전공,2017/1 ~ 2029/2,2017,1,2025,2,7,3,2,outputs/pdfs_full/미래인문학융합전공__FUT3001__아트테크놀로지캡스톤디자인.pdf,ok
FUT3002,인문학으로예술읽기,H0004157,미래인문학융합전공,미래인문학융합전공,2017/1 ~ 2029/2,2022,2,2025,2,14,4,2,outputs/pdfs_full/미래인문학융합전공__FUT3002__인문학으로예술읽기.pdf,ok
FUT3003,마음을사로잡는정보스토리텔링,H0002938,미디어문화전공,미디어문화전공,2017/1 ~ 2021/2,2020,2,2025,2,12,4,2,outputs/pdfs_full/미디어문화전공__FUT3003__마음을사로잡는정보스토리텔링.pdf,ok
FUT3004,문화콘텐츠아나토미:비평이론과실제,H0004157,미래인문학융합전공,미래인문학융합전공,2017/1 ~ 2029/2,2022,1,2026,1,18,5,2,outputs/pdfs_full/미래인문학융합전공__FUT3004__문화콘텐츠아나토미_비평이론과실제.pdf,ok
FUT3005,엔지니어를위한실용영작문,H0004157,미래인문학융합전공,미래인문학융합전공,2017/1 ~ 2029/2,2021,2,2025,2,8,4,2,outputs/pdfs_full/미래인문학융합전공__FUT3005__엔지니어를위한실용영작문.pdf,ok
FUT3006,엔지니어를위한학술영작문,H0004157,미래인문학융합전공,미래인문학융합전공,2017/1 ~ 2029/2,2022,1,2026,1,10,5,2,outputs/pdfs_full/미래인문학융합전공__FUT3006__엔지니어를위한학술영작문.pdf,ok
FUT3007,역사를바꾼과학혁명,H0004157,미래인문학융합전공,미래인문학융합전공,2017/1 ~ 2029/2,2022,1,2026,1,27,5,2,outputs/pdfs_full/미래인문학융합전공__FUT3007__역사를바꾼과학혁명.pdf,ok
FUT3008,인류세시대를위한미래인문학,H0004157,미래인문학융합전공,미래인문학융합전공,2017/1 ~ 2029/2,2018,2,2025,2,16,4,2,outputs/pdfs_full/미래인문학융합전공__FUT3008__인류세시대를위한미래인문학.pdf,ok
FUT3009,과학기술학의새로운지형도,H0004157,미래인문학융합전공,미래인문학융합전공,2017/1 ~ 2029/2,2021,1,2025,1,19,5,2,outputs/pdfs_full/미래인문학융합전공__FUT3009__과학기술학의새로운지형도.pdf,ok
FUT3010,"공정한시민을위한미디어리터러시:팩트,믿음,재미",H0004254,인문공공행정전공,인문공공행정전공,2011/1 ~ 2029/2,2022,2,2025,2,10,4,2,"outputs/pdfs_full/인문공공행정전공__FUT3010__공정한시민을위한미디어리터러시_팩트,믿음,재미.pdf",ok
FUT3011,품위있는사회와지속가능성을위한의제들,H0004254,인문공공행정전공,인문공공행정전공,2011/1 ~ 2029/2,2022,1,2026,1,14,5,2,outputs/pdfs_full/인문공공행정전공__FUT3011__품위있는사회와지속가능성을위한의제들.pdf,ok
FUT3012,인문대생을위한객체지향프로그래밍,H0004253,인문소프트웨어융합전공,인문소프트웨어융합전공,2011/1 ~ 2029/2,2020,1,2026,1,16,5,2,outputs/pdfs_full/인문소프트웨어융합전공__FUT3012__인문대생을위한객체지향프로그래밍.pdf,ok
FUT3013,인문대생을위한앱프로그래밍,H0004253,인문소프트웨어융합전공,인문소프트웨어융합전공,2011/1 ~ 2029/2,2022,2,2025,2,14,4,2,outputs/pdfs_full/인문소프트웨어융합전공__FUT3013__인문대생을위한앱프로그래밍.pdf,ok
FUT4001,인문학으로기술읽기,H0004157,미래인문학융합전공,미래인문학융합전공,2017/1 ~ 2030/2,2018,2,2025,1,16,5,2,outputs/pdfs_full/미래인문학융합전공__FUT4001__인문학으로기술읽기.pdf,ok
FUT4002,공학영어캡스톤디자인,H0004157,미래인문학융합전공,미래인문학융합전공,2017/1 ~ 2030/2,2023,2,2025,2,8,3,2,outputs/pdfs_full/미래인문학융합전공__FUT4002__공학영어캡스톤디자인.pdf,ok
FUT4003,한국과학혁신의역사,H0004157,미래인문학융합전공,미래인문학융합전공,2017/1 ~ 2030/2,2022,2,2025,2,14,4,2,outputs/pdfs_full/미래인문학융합전공__FUT4003__한국과학혁신의역사.pdf,ok
FUT4004,Lego-H인문캡스톤디자인1:현장전문가리더십특강,H0004254,인문공공행정전공,인문공공행정전공,2012/1 ~ 2030/2,,,,,0,0,1,outputs/pdfs_full/인문공공행정전공__FUT4004__Lego-H인문캡스톤디자인1_현장전문가리더십특강.pdf,not_found
FUT4005,Lego-H인문캡스톤디자인2:현장커뮤니케이션및과제,H0004254,인문공공행정전공,인문공공행정전공,2012/1 ~ 2030/2,,,,,0,0,1,outputs/pdfs_full/인문공공행정전공__FUT4005__Lego-H인문캡스톤디자인2_현장커뮤니케이션및과제.pdf,not_found
FUT4006,게임프로그래밍을위한캡스톤디자인,H0004253,인문소프트웨어융합전공,인문소프트웨어융합전공,2012/1 ~ 2030/2,2022,1,2026,1,12,5,2,outputs/pdfs_full/인문소프트웨어융합전공__FUT4006__게임프로그래밍을위한캡스톤디자인.pdf,ok
FUT4007,인문학기반디지털콘텐츠구축을위한캡스톤디자인,H0004253,인문소프트웨어융합전공,인문소프트웨어융합전공,2012/1 ~ 2030/2,2019,2,2023,2,9,4,2,outputs/pdfs_full/인문소프트웨어융합전공__FUT4007__인문학기반디지털콘텐츠구축을위한캡스톤디자인.pdf,ok
GEN0036,통계학개론,H0002599,의예과,의예과(학부/서울),2010/1 ~ 2028/2,2022,1,2026,1,22,5,2,outputs/pdfs_full/의예과__GEN0036__통계학개론.pdf,ok
GEN0039,심리학개론,H0002794,국어국문학과,국어국문학(학부-인문과/서울),1989/1 ~ 1992/2,2016,1,2019,1,21,4,9,outputs/pdfs_full/국어국문학과__GEN0039__심리학개론.pdf,ok
GEN0041,현대사회와나의삶,H0003542,법학과,법학과(학부/서울),1989/1 ~ 1992/2,2022,2,2025,2,12,5,3,outputs/pdfs_full/법학과__GEN0041__현대사회와나의삶.pdf,ok
GEN0043,경제원론,H0002834,사회과학부,사회과학부(학부/서울),2006/1 ~ 2013/2,2014,2,2015,2,15,2,2,outputs/pdfs_full/사회과학부__GEN0043__경제원론.pdf,ok
GEN0044,경영학원론,H0002867,정보시스템학과,정보시스템학과(학과/서울),2009/1 ~ 2028/2,2022,1,2026,1,24,5,1,outputs/pdfs_full/정보시스템학과__GEN0044__경영학원론.pdf,ok
GEN0059,경제원론1,H0003542,법학과,법학과(학부/서울),1989/1 ~ 2014/2,2015,1,2017,2,31,5,6,outputs/pdfs_full/법학과__GEN0059__경제원론1.pdf,ok
GEN0068,일반화학1,H0002570,도시공학과,도시공학과(학부/서울),1989/1 ~ 1996/2,2013,1,2015,1,16,3,5,outputs/pdfs_full/도시공학과__GEN0068__일반화학1.pdf,ok
GEN0069,일반화학2,H0002570,도시공학과,도시공학과(학부/서울),1989/1 ~ 1996/2,2013,2,2015,2,18,3,5,outputs/pdfs_full/도시공학과__GEN0069__일반화학2.pdf,ok
GEN0072,일반화학및실험,H0002517,건설환경공학과,건설환경공학과(학부/서울),2016/1 ~ 2027/2,2024,2,2026,1,24,4,8,outputs/pdfs_full/건설환경공학과__GEN0072__일반화학및실험.pdf,ok
GEN0074,일반생물학1,H0002599,의예과,의예과(학부/서울),1989/1 ~ 1996/2,2022,1,2026,1,40,5,3,outputs/pdfs_full/의예과__GEN0074__일반생물학1.pdf,ok
GEN0075,일반생물학2,H0002599,의예과,의예과(학부/서울),1989/1 ~ 1996/2,2022,2,2025,2,30,4,3,outputs/pdfs_full/의예과__GEN0075__일반생물학2.pdf,ok
GEN0076,일반생물학실험1,H0002599,의예과,의예과(학부/서울),1989/1 ~ 1996/2,2022,1,2026,1,22,5,3,outputs/pdfs_full/의예과__GEN0076__일반생물학실험1.pdf,ok
GEN0077,일반생물학실험2,H0002599,의예과,의예과(학부/서울),1989/1 ~ 1996/2,2022,2,2025,2,18,4,3,outputs/pdfs_full/의예과__GEN0077__일반생물학실험2.pdf,ok
GEN0087,정치학개론,H0003663,정치외교학과,정치외교학과,2014/1 ~ 2027/2,2022,1,2026,1,29,5,3,outputs/pdfs_full/정치외교학과__GEN0087__정치학개론.pdf,ok
GEN1002,전공영어,H0002886,건축학부,건축학부(학부/서울),2005/1 ~ 2012/2,2012,1,2015,2,16,5,6,outputs/pdfs_full/건축학부__GEN1002__전공영어.pdf,ok
GEN1012,일반화학,H0002575,융합전자공학부,융합전자공학부,2010/1 ~ 2015/2,2011,1,2015,1,38,5,1,outputs/pdfs_full/융합전자공학부__GEN1012__일반화학.pdf,ok
GEN1014,일반물리학,H0002575,융합전자공학부,융합전자공학부,2010/1 ~ 2015/2,2022,1,2026,1,26,5,2,outputs/pdfs_full/융합전자공학부__GEN1014__일반물리학.pdf,ok
GEN1016,일반생물학,H0002517,건설환경공학과,건설환경공학과(학부/서울),2016/1 ~ 2027/2,2024,2,2026,1,24,4,4,outputs/pdfs_full/건설환경공학과__GEN1016__일반생물학.pdf,ok
GEN1031,공학도를위한창의적컴퓨팅,H0002886,건축학부,건축학부(학부/서울),2017/1 ~ 2027/2,2024,2,2026,1,30,4,18,outputs/pdfs_full/건축학부__GEN1031__공학도를위한창의적컴퓨팅.pdf,ok
GEN1035,중급스페인어,H0002256,서울 대학,대학(학부/서울),1993/1 ~ 2027/2,2024,2,2026,1,17,4,1,outputs/pdfs_seoul_university/서울_대학__GEN1035__중급스페인어.pdf,ok
GEN1040,초급독일어,H0002801,독어독문학과,독어독문학(학부/서울),1993/1 ~ 1996/2,2024,2,2026,1,27,4,3,outputs/pdfs_full/독어독문학과__GEN1040__초급독일어.pdf,ok
GEN1043,중급중국어,H0002809,중어중문학과,중어중문학(학부/서울),1993/1 ~ 1996/2,2024,2,2026,1,18,4,2,outputs/pdfs_full/중어중문학과__GEN1043__중급중국어.pdf,ok
GEN1056,인간과역사,H0002814,사학과,사학(학부-인문과/서울),2008/1 ~ 2008/2,2010,1,2014,1,29,5,2,outputs/pdfs_full/사학과__GEN1056__인간과역사.pdf,ok
GEN1073,관광과문화행동,H0002256,서울 대학,대학(학부/서울),1993/1 ~ 2014/2,2012,2,2014,2,24,5,1,outputs/pdfs_seoul_university/서울_대학__GEN1073__관광과문화행동.pdf,ok
GEN1076,여성학,H0002256,서울 대학,대학(학부/서울),1993/1 ~ 2027/2,2022,2,2025,2,17,4,1,outputs/pdfs_seoul_university/서울_대학__GEN1076__여성학.pdf,ok
GEN1078,문화론특강,H0002256,서울 대학,대학(학부/서울),1993/1 ~ 2027/2,2024,2,2026,1,19,4,1,outputs/pdfs_seoul_university/서울_대학__GEN1078__문화론특강.pdf,ok
GEN1082,고급영어회화,H0002599,의예과,의예과(학부/서울),1998/1 ~ 2019/2,2015,2,2019,2,31,5,3,outputs/pdfs_full/의예과__GEN1082__고급영어회화.pdf,ok
GEN1092,한국근현대사,H0002256,서울 대학,대학(학부/서울),1996/1 ~ 2027/2,2024,2,2026,1,19,4,1,outputs/pdfs_seoul_university/서울_대학__GEN1092__한국근현대사.pdf,ok
GEN1100,공학도를위한창의적프로그래밍,H0002886,건축학부,건축학부(학부/서울),2024/1 ~ 2029/2,2024,2,2026,1,24,4,15,outputs/pdfs_full/건축학부__GEN1100__공학도를위한창의적프로그래밍.pdf,ok
GEN2026,논리학,H0002518,소프트웨어전공,소프트웨어전공,2013/1 ~ 2015/2,2013,1,2015,1,28,5,3,outputs/pdfs_full/소프트웨어전공__GEN2026__논리학.pdf,ok
GEN2034,기독교와현대사회1,H0002256,서울 대학,대학(학부/서울),1993/1 ~ 2015/2,2011,1,2014,1,26,5,1,outputs/pdfs_seoul_university/서울_대학__GEN2034__기독교와현대사회1.pdf,ok
GEN2035,기독교와현대사회2,H0002256,서울 대학,대학(학부/서울),1993/1 ~ 2015/1,2010,2,2013,2,26,5,1,outputs/pdfs_seoul_university/서울_대학__GEN2035__기독교와현대사회2.pdf,ok
GEN2052,미분적분학1,H0002521,건축공학부,건축공학부(학부/서울),2005/1 ~ 2027/2,2024,2,2026,1,34,4,23,outputs/pdfs_full/건축공학부__GEN2052__미분적분학1.pdf,ok
GEN2053,미분적분학2,H0002521,건축공학부,건축공학부(학부/서울),2005/1 ~ 2027/2,2024,2,2026,1,36,4,23,outputs/pdfs_full/건축공학부__GEN2053__미분적분학2.pdf,ok
GEN2055,생물학,H0002519,컴퓨터전공,컴퓨터전공,2012/1 ~ 2015/2,2011,2,2015,2,35,5,2,outputs/pdfs_full/컴퓨터전공__GEN2055__생물학.pdf,ok
GEN2076,무용의이해,H0002256,서울 대학,대학(학부/서울),1993/1 ~ 2027/2,2014,2,2017,1,23,5,1,outputs/pdfs_seoul_university/서울_대학__GEN2076__무용의이해.pdf,ok
GEN2078,연극의이해,H0002256,서울 대학,대학(학부/서울),1993/1 ~ 2027/2,2024,2,2026,1,23,4,1,outputs/pdfs_seoul_university/서울_대학__GEN2078__연극의이해.pdf,ok
GEN2079,영화의이해,H0002256,서울 대학,대학(학부/서울),1993/1 ~ 2027/2,2024,2,2026,1,29,4,1,outputs/pdfs_seoul_university/서울_대학__GEN2079__영화의이해.pdf,ok
GEN2081,미술의이해,H0002256,서울 대학,대학(학부/서울),1993/1 ~ 2015/2,2013,2,2015,2,34,5,1,outputs/pdfs_seoul_university/서울_대학__GEN2081__미술의이해.pdf,ok
GEN2082,미학의이해,H0002256,서울 대학,대학(학부/서울),1993/1 ~ 2015/2,2013,2,2015,2,33,5,1,outputs/pdfs_seoul_university/서울_대학__GEN2082__미학의이해.pdf,ok
GEN2094,초급일본어,H0002256,서울 대학,대학(학부/서울),2003/1 ~ 2027/2,2024,2,2026,1,32,4,1,outputs/pdfs_seoul_university/서울_대학__GEN2094__초급일본어.pdf,ok
GEN2095,중급일본어,H0002256,서울 대학,대학(학부/서울),2003/1 ~ 2027/2,2024,2,2026,1,16,4,1,outputs/pdfs_seoul_university/서울_대학__GEN2095__중급일본어.pdf,ok
GEN2100,기독교영성의 이해,H0002256,서울 대학,대학(학부/서울),2014/2 ~ 2015/2,,,,,0,0,1,outputs/pdfs_seoul_university/서울_대학__GEN2100__기독교영성의_이해.pdf,not_found
GEN2101,성의과학적이해,H0002256,서울 대학,대학(학부/서울),2015/1 ~ 2027/2,2023,1,2025,2,28,5,1,outputs/pdfs_seoul_university/서울_대학__GEN2101__성의과학적이해.pdf,ok
GEN3001,안보학(군사학),H0002256,서울 대학,대학(학부/서울),1993/1 ~ 2027/2,2022,1,2026,1,8,5,1,outputs/pdfs_seoul_university/서울_대학__GEN3001__안보학(군사학).pdf,ok
GEN3002,안전및조직관리사례연구(군사학),H0002256,서울 대학,대학(학부/서울),1993/1 ~ 2027/2,2022,2,2025,2,6,4,1,outputs/pdfs_seoul_university/서울_대학__GEN3002__안전및조직관리사례연구(군사학).pdf,ok
GEN3015,법학일반론,H0003542,법학과,법학과(학부/서울),1993/1 ~ 2014/2,2010,1,2014,1,26,5,2,outputs/pdfs_full/법학과__GEN3015__법학일반론.pdf,ok
GEN3016,생활법률,H0002256,서울 대학,대학(학부/서울),1993/1 ~ 2027/2,2024,2,2026,1,23,4,1,outputs/pdfs_seoul_university/서울_대학__GEN3016__생활법률.pdf,ok
GEN3032,기초물리학,H0002256,서울 대학,대학(학부/서울),2007/1 ~ 2027/2,2013,1,2018,1,28,5,1,outputs/pdfs_seoul_university/서울_대학__GEN3032__기초물리학.pdf,ok
GEN3033,기초화학,H0002256,서울 대학,대학(학부/서울),2007/1 ~ 2027/2,2019,1,2023,1,21,5,1,outputs/pdfs_seoul_university/서울_대학__GEN3033__기초화학.pdf,ok
GEN3039,환타지소설과문화콘텐츠,H0002256,서울 대학,대학(학부/서울),2007/1 ~ 2015/1,2011,2,2013,2,30,5,1,outputs/pdfs_seoul_university/서울_대학__GEN3039__환타지소설과문화콘텐츠.pdf,ok
GEN3041,초급중국어1,H0002574,전기·생체공학부,전기·생체공학부(학부/서울),2016/1 ~ 2019/2,2024,2,2026,1,30,4,17,outputs/pdfs_full/전기·생체공학부__GEN3041__초급중국어1.pdf,ok
GEN3042,초급중국어2,H0002256,서울 대학,대학(학부/서울),2009/1 ~ 2027/2,2015,1,2019,2,19,5,1,outputs/pdfs_seoul_university/서울_대학__GEN3042__초급중국어2.pdf,ok
GEN3052,환경공학,H0002570,도시공학과,도시공학과(학부/서울),2000/1 ~ 2001/2,2020,2,2025,2,19,5,2,outputs/pdfs_full/도시공학과__GEN3052__환경공학.pdf,ok
GEN3058,공업경제학,H0002521,건축공학부,건축공학부(학부/서울),2008/1 ~ 2030/2,2024,2,2026,1,25,4,4,outputs/pdfs_full/건축공학부__GEN3058__공업경제학.pdf,ok
GEN3073,연주와비평1,H0002737,성악과,성악과(학부/서울),1994/1 ~ 2027/2,2022,1,2026,1,31,5,6,outputs/pdfs_full/성악과__GEN3073__연주와비평1.pdf,ok
GEN3074,연주와비평2,H0002737,성악과,성악과(학부/서울),1994/1 ~ 2027/2,2022,2,2025,2,28,4,6,outputs/pdfs_full/성악과__GEN3074__연주와비평2.pdf,ok
GEN3075,연주와비평3,H0002737,성악과,성악과(학부/서울),1995/1 ~ 2028/2,2022,1,2026,1,33,5,6,outputs/pdfs_full/성악과__GEN3075__연주와비평3.pdf,ok
GEN3076,연주와비평4,H0002737,성악과,성악과(학부/서울),1995/1 ~ 2028/2,2022,2,2025,2,30,4,6,outputs/pdfs_full/성악과__GEN3076__연주와비평4.pdf,ok
GEN3082,보건학,H0003621,간호학전공(야),간호학전공(야),2013/1 ~ 2017/2,,,,,0,0,3,outputs/pdfs_full/간호학전공(야)__GEN3082__보건학.pdf,not_found
GEN3083,영양과건강,H0004816,간호학과,간호학과,2017/1 ~ 2027/2,2022,2,2025,2,24,4,4,outputs/pdfs_full/간호학과__GEN3083__영양과건강.pdf,ok
GEN3086,구급법,H0002256,서울 대학,대학(학부/서울),1993/1 ~ 2027/2,2024,2,2026,1,20,4,1,outputs/pdfs_seoul_university/서울_대학__GEN3086__구급법.pdf,ok
GEN3093,벤처실전전략,H0002256,서울 대학,대학(학부/서울),2006/1 ~ 2015/1,2013,1,2015,1,5,5,1,outputs/pdfs_seoul_university/서울_대학__GEN3093__벤처실전전략.pdf,ok
GEN3095,Relational dialogue,H0002256,서울 대학,대학(학부/서울),2014/2 ~ 2014/2,,,,,0,0,1,outputs/pdfs_seoul_university/서울_대학__GEN3095__Relational_dialogue.pdf,not_found
GEN3096,Modern Stress and You,H0004360,글로벌 CEO 창업 융합전공,글로벌 CEO 창업 융합전공,2025/2 ~ 2026/1,2024,2,2026,1,27,4,2,outputs/pdfs_full/글로벌_CEO_창업_융합전공__GEN3096__Modern_Stress_and_You.pdf,ok
GEN3097,디자인으로 세상읽기,H0002256,서울 대학,대학(학부/서울),2014/2 ~ 2027/2,2024,2,2026,1,7,4,1,outputs/pdfs_seoul_university/서울_대학__GEN3097__디자인으로_세상읽기.pdf,ok
GEN3098,알기쉬운경제원리,H0002256,서울 대학,대학(학부/서울),2017/1 ~ 2027/2,2017,1,2018,2,21,4,1,outputs/pdfs_seoul_university/서울_대학__GEN3098__알기쉬운경제원리.pdf,ok
GEN4001,조직리더십(군사학),H0002256,서울 대학,대학(학부/서울),1993/1 ~ 2027/2,2022,1,2026,1,7,5,1,outputs/pdfs_seoul_university/서울_대학__GEN4001__조직리더십(군사학).pdf,ok
GEN4002,조직리더십사례연구(군사학),H0002256,서울 대학,대학(학부/서울),1993/1 ~ 2027/2,2022,2,2025,2,6,4,1,outputs/pdfs_seoul_university/서울_대학__GEN4002__조직리더십사례연구(군사학).pdf,ok
GEN4012,식생활문화,H0003584,식품영양학과,식품영양학과,2013/1 ~ 2030/2,2022,1,2026,1,20,5,2,outputs/pdfs_full/식품영양학과__GEN4012__식생활문화.pdf,ok
GEN4027,교육과사회,H0002256,서울 대학,대학(학부/서울),1993/1 ~ 2024/2,2019,2,2021,2,22,5,1,outputs/pdfs_seoul_university/서울_대학__GEN4027__교육과사회.pdf,ok
GEN4029,인간관계훈련,H0002256,서울 대학,대학(학부/서울),1993/1 ~ 2027/2,2024,2,2026,1,28,4,1,outputs/pdfs_seoul_university/서울_대학__GEN4029__인간관계훈련.pdf,ok
GEN4065,원자력과환경,H0002256,서울 대학,대학(학부/서울),1993/1 ~ 2004/2,2011,2,2015,2,30,5,1,outputs/pdfs_seoul_university/서울_대학__GEN4065__원자력과환경.pdf,ok
GEN4066,기초수학,H0002256,서울 대학,대학(학부/서울),1993/1 ~ 2027/2,2024,2,2026,1,25,4,1,outputs/pdfs_seoul_university/서울_대학__GEN4066__기초수학.pdf,ok
GEN4070,천체와우주,H0002256,서울 대학,대학(학부/서울),1993/1 ~ 2014/2,2010,2,2014,2,35,5,1,outputs/pdfs_seoul_university/서울_대학__GEN4070__천체와우주.pdf,ok
GEN4073,사람과유전자,H0003621,간호학전공(야),간호학전공(야),2013/1 ~ 2014/2,2023,2,2025,2,28,5,2,outputs/pdfs_full/간호학전공(야)__GEN4073__사람과유전자.pdf,ok
GEN4075,미래지구환경과생태계,H0003621,간호학전공(야),간호학전공(야),2013/1 ~ 2015/2,2024,2,2026,1,15,4,2,outputs/pdfs_full/간호학전공(야)__GEN4075__미래지구환경과생태계.pdf,ok
GEN4078,유엔과세계평화,H0002256,서울 대학,대학(학부/서울),1994/1 ~ 2015/2,2011,1,2015,1,22,5,1,outputs/pdfs_seoul_university/서울_대학__GEN4078__유엔과세계평화.pdf,ok
GEN4079,사회봉사,H0002599,의예과,의예과(학부/서울),2005/1 ~ 2005/2,,,,,0,0,3,outputs/pdfs_full/의예과__GEN4079__사회봉사.pdf,not_found
GEN4084,사회봉사리더십,H0002256,서울 대학,대학(학부/서울),1997/1 ~ 2027/2,2013,1,2015,1,21,5,1,outputs/pdfs_seoul_university/서울_대학__GEN4084__사회봉사리더십.pdf,ok
GEN4088,결혼적응교육,H0002256,서울 대학,대학(학부/서울),2002/1 ~ 2015/2,2012,1,2014,1,28,5,1,outputs/pdfs_seoul_university/서울_대학__GEN4088__결혼적응교육.pdf,ok
GEN4091,과학기술의철학적이해,H0002886,건축학부,건축학부(학부/서울),2005/1 ~ 2027/2,2024,2,2026,1,31,4,67,outputs/pdfs_full/건축학부__GEN4091__과학기술의철학적이해.pdf,ok
GEN4092,영어듣기의원리,H0002256,서울 대학,대학(학부/서울),2003/1 ~ 2027/2,2016,2,2018,2,29,5,1,outputs/pdfs_seoul_university/서울_대학__GEN4092__영어듣기의원리.pdf,ok
GEN4093,영어읽기의원리,H0002256,서울 대학,대학(학부/서울),2003/1 ~ 2015/2,2013,2,2015,2,17,5,1,outputs/pdfs_seoul_university/서울_대학__GEN4093__영어읽기의원리.pdf,ok
GEN4094,영문쓰기의원리,H0002519,컴퓨터전공,컴퓨터전공,2009/1 ~ 2009/2,2016,2,2018,2,17,5,2,outputs/pdfs_full/컴퓨터전공__GEN4094__영문쓰기의원리.pdf,ok
GEN4095,스노보드,H0002256,서울 대학,대학(학부/서울),2003/1 ~ 2019/2,2012,1,2016,2,5,5,1,outputs/pdfs_seoul_university/서울_대학__GEN4095__스노보드.pdf,ok
GEN4100,융합캡스톤디자인과TRIZ1,H0002256,서울 대학,대학(학부/서울),2015/1 ~ 2027/2,2015,1,2016,1,4,2,1,outputs/pdfs_seoul_university/서울_대학__GEN4100__융합캡스톤디자인과TRIZ1.pdf,ok
GEN5010,지적재산법,H0003878,창업융합전공,창업융합전공,2021/1 ~ 2028/2,2024,2,2026,1,18,4,2,outputs/pdfs_full/창업융합전공__GEN5010__지적재산법.pdf,ok
GEN5014,기초스페인어,H0002256,서울 대학,대학(학부/서울),2003/1 ~ 2027/2,2024,2,2026,1,24,4,1,outputs/pdfs_seoul_university/서울_대학__GEN5014__기초스페인어.pdf,ok
GEN5019,매경-한양CEO특강,H0002256,서울 대학,대학(학부/서울),2003/1 ~ 2025/2,2022,1,2024,2,5,5,1,outputs/pdfs_seoul_university/서울_대학__GEN5019__매경-한양CEO특강.pdf,ok
GEN5026,테크노경영학(스타트업종합설계),H0002886,건축학부,건축학부(학부/서울),2014/1 ~ 2028/2,2024,2,2026,1,23,4,16,outputs/pdfs_full/건축학부__GEN5026__테크노경영학(스타트업종합설계).pdf,ok
GEN5027,인터넷과법,H0003542,법학과,법학과(학부/서울),2005/1 ~ 2016/2,2010,1,2015,1,27,5,1,outputs/pdfs_full/법학과__GEN5027__인터넷과법.pdf,ok
GEN5028,민법의이해,H0002256,서울 대학,대학(학부/서울),2005/1 ~ 2027/2,2024,2,2026,1,20,4,1,outputs/pdfs_seoul_university/서울_대학__GEN5028__민법의이해.pdf,ok
GEN5029,커리어개발Ⅰ:취.창업진로로드맵,H0002886,건축학부,건축학부(학부/서울),2005/1 ~ 2027/2,2022,1,2026,1,35,5,70,outputs/pdfs_full/건축학부__GEN5029__커리어개발I_취.창업진로로드맵.pdf,ok
GEN5047,관광과레저,H0002256,서울 대학,대학(학부/서울),2007/1 ~ 2027/2,2014,1,2018,1,28,5,1,outputs/pdfs_seoul_university/서울_대학__GEN5047__관광과레저.pdf,ok
GEN5048,호텔산업의이해,H0002256,서울 대학,대학(학부/서울),2007/1 ~ 2027/2,2024,2,2026,1,18,4,1,outputs/pdfs_seoul_university/서울_대학__GEN5048__호텔산업의이해.pdf,ok
GEN5049,대중문화와패션,H0002256,서울 대학,대학(학부/서울),2005/1 ~ 2027/2,2022,2,2025,2,23,4,1,outputs/pdfs_seoul_university/서울_대학__GEN5049__대중문화와패션.pdf,ok
GEN5060,동양철학의이해,H0003621,간호학전공(야),간호학전공(야),2013/1 ~ 2017/2,2024,2,2026,1,15,4,3,outputs/pdfs_full/간호학전공(야)__GEN5060__동양철학의이해.pdf,ok
GEN5061,사랑의철학,H0002256,서울 대학,대학(학부/서울),2005/1 ~ 2027/2,2016,2,2018,2,30,5,1,outputs/pdfs_seoul_university/서울_대학__GEN5061__사랑의철학.pdf,ok
GEN5069,중급프랑스어,H0002256,서울 대학,대학(학부/서울),2005/1 ~ 2027/2,2024,2,2026,1,25,4,1,outputs/pdfs_seoul_university/서울_대학__GEN5069__중급프랑스어.pdf,ok
GEN5072,영어연기개론,H0002256,서울 대학,대학(학부/서울),2005/1 ~ 2027/2,2024,2,2026,1,16,4,1,outputs/pdfs_seoul_university/서울_대학__GEN5072__영어연기개론.pdf,ok
GEN5073,영어권생활문화와영어학습,H0002256,서울 대학,대학(학부/서울),2005/1 ~ 2027/2,2024,2,2026,1,17,4,1,outputs/pdfs_seoul_university/서울_대학__GEN5073__영어권생활문화와영어학습.pdf,ok
GEN5078,기본법률한자,H0003542,법학과,법학과(학부/서울),2006/1 ~ 2014/2,2010,1,2014,1,32,5,1,outputs/pdfs_full/법학과__GEN5078__기본법률한자.pdf,ok
GEN5081,비즈니스설득심리,H0002936,STS(과학기술학)전공,STS(과학기술학)전공,2006/1 ~ 2018/2,2014,2,2018,2,39,5,2,outputs/pdfs_full/STS(과학기술학)전공__GEN5081__비즈니스설득심리.pdf,ok
GEN5083,세계화와법의이해,H0002256,서울 대학,대학(학부/서울),2007/1 ~ 2019/1,2017,1,2019,1,25,5,1,outputs/pdfs_seoul_university/서울_대학__GEN5083__세계화와법의이해.pdf,ok
GEN5091,생활영어회화1,H0003587,체육학과,체육학과,2013/1 ~ 2016/2,2013,1,2015,1,14,3,1,outputs/pdfs_full/체육학과__GEN5091__생활영어회화1.pdf,ok
GEN5092,생활영어회화2,H0003587,체육학과,체육학과,2013/1 ~ 2016/2,2013,2,2014,2,8,2,1,outputs/pdfs_full/체육학과__GEN5092__생활영어회화2.pdf,ok
GEN5093,생활영어회화3,H0003587,체육학과,체육학과,2013/1 ~ 2017/2,2013,1,2015,1,15,3,1,outputs/pdfs_full/체육학과__GEN5093__생활영어회화3.pdf,ok
GEN5094,생활영어회화4,H0003587,체육학과,체육학과,2013/1 ~ 2017/2,2013,2,2014,2,8,2,1,outputs/pdfs_full/체육학과__GEN5094__생활영어회화4.pdf,ok
GEN5095,생활영어회화5,H0003587,체육학과,체육학과,2013/1 ~ 2018/2,2013,1,2015,1,12,3,1,outputs/pdfs_full/체육학과__GEN5095__생활영어회화5.pdf,ok
GEN5096,생활영어회화6,H0003587,체육학과,체육학과,2013/1 ~ 2018/2,2013,2,2018,2,16,5,1,outputs/pdfs_full/체육학과__GEN5096__생활영어회화6.pdf,ok
GEN5097,문화콘텐츠의비전과전략,H0002256,서울 대학,대학(학부/서울),2007/1 ~ 2018/2,2016,2,2018,2,24,5,1,outputs/pdfs_seoul_university/서울_대학__GEN5097__문화콘텐츠의비전과전략.pdf,ok
GEN5099,국제비지니스윤리,H0002256,서울 대학,대학(학부/서울),2008/1 ~ 2027/2,2013,1,2015,1,27,5,1,outputs/pdfs_seoul_university/서울_대학__GEN5099__국제비지니스윤리.pdf,ok
GEN5100,커리어개발Ⅱ:취.창업진로포트폴리오,H0002886,건축학부,건축학부(학부/서울),2015/1 ~ 2030/2,2022,2,2025,2,27,4,73,outputs/pdfs_full/건축학부__GEN5100__커리어개발II_취.창업진로포트폴리오.pdf,ok
GEN6006,특허법의이해,H0002518,소프트웨어전공,소프트웨어전공,2013/1 ~ 2016/2,2024,2,2026,1,31,4,3,outputs/pdfs_full/소프트웨어전공__GEN6006__특허법의이해.pdf,ok
GEN6007,대중문화와법,H0002256,서울 대학,대학(학부/서울),2008/1 ~ 2027/2,2024,2,2026,1,17,4,1,outputs/pdfs_seoul_university/서울_대학__GEN6007__대중문화와법.pdf,ok
GEN6023,상상과창조,H0002256,서울 대학,대학(학부/서울),2008/1 ~ 2027/2,2024,2,2026,1,18,4,1,outputs/pdfs_seoul_university/서울_대학__GEN6023__상상과창조.pdf,ok
GEN6024,젠더와미래사회,H0002256,서울 대학,대학(학부/서울),2008/1 ~ 2013/2,2011,2,2013,2,22,5,1,outputs/pdfs_seoul_university/서울_대학__GEN6024__젠더와미래사회.pdf,ok
GEN6032,전문학술영어,H0002886,건축학부,건축학부(학부/서울),2009/1 ~ 2027/2,2024,2,2026,1,32,4,73,outputs/pdfs_full/건축학부__GEN6032__전문학술영어.pdf,ok
GEN6044,한양사회봉사,H0002886,건축학부,건축학부(학부/서울),2009/1 ~ 2014/2,2012,2,2014,1,4,4,53,outputs/pdfs_full/건축학부__GEN6044__한양사회봉사.pdf,ok
GEN6045,기초학술영어,H0002256,서울 대학,대학(학부/서울),2009/1 ~ 2027/2,2024,2,2026,1,32,4,1,outputs/pdfs_seoul_university/서울_대학__GEN6045__기초학술영어.pdf,ok
GEN6047,기업가를위한상법실무,H0002256,서울 대학,대학(학부/서울),2009/1 ~ 2015/1,2011,1,2014,2,25,5,1,outputs/pdfs_seoul_university/서울_대학__GEN6047__기업가를위한상법실무.pdf,ok
GEN6048,세무및재무관리의기초,H0002256,서울 대학,대학(학부/서울),2009/1 ~ 2015/1,2011,2,2015,1,22,5,1,outputs/pdfs_seoul_university/서울_대학__GEN6048__세무및재무관리의기초.pdf,ok
GEN6049,기업현장에서의실전마케팅,H0002256,서울 대학,대학(학부/서울),2009/1 ~ 2015/1,2011,1,2014,2,25,5,1,outputs/pdfs_seoul_university/서울_대학__GEN6049__기업현장에서의실전마케팅.pdf,ok
GEN6050,지구화와개발,H0002256,서울 대학,대학(학부/서울),2009/1 ~ 2022/1,2016,2,2018,2,22,5,1,outputs/pdfs_seoul_university/서울_대학__GEN6050__지구화와개발.pdf,ok
GEN6058,혁신과잡종의과학사,H0002936,STS(과학기술학)전공,STS(과학기술학)전공,2018/1 ~ 2021/2,2024,1,2026,1,23,4,2,outputs/pdfs_full/STS(과학기술학)전공__GEN6058__혁신과잡종의과학사.pdf,ok
GEN6060,경영원론,H0002256,서울 대학,대학(학부/서울),2009/1 ~ 2017/1,2013,1,2015,2,34,5,1,outputs/pdfs_seoul_university/서울_대학__GEN6060__경영원론.pdf,ok
GEN6061,특허실무,H0002575,융합전자공학부,융합전자공학부,2013/1 ~ 2018/2,,,,,0,0,1,outputs/pdfs_full/융합전자공학부__GEN6061__특허실무.pdf,not_found
GEN6064,고급한국어,H0002256,서울 대학,대학(학부/서울),2009/1 ~ 2027/2,2024,2,2026,1,27,4,1,outputs/pdfs_seoul_university/서울_대학__GEN6064__고급한국어.pdf,ok
GEN6065,사회적기업가정신,H0002256,서울 대학,대학(학부/서울),2011/1 ~ 2027/2,2014,1,2016,1,23,5,1,outputs/pdfs_seoul_university/서울_대학__GEN6065__사회적기업가정신.pdf,ok
GEN6066,생명과바다,H0002256,서울 대학,대학(학부/서울),2011/1 ~ 2027/2,2024,2,2026,1,15,4,1,outputs/pdfs_seoul_university/서울_대학__GEN6066__생명과바다.pdf,ok
GEN6068,세계빈곤과기아의정책,H0002256,서울 대학,대학(학부/서울),2011/1 ~ 2015/2,2011,1,2015,1,32,5,1,outputs/pdfs_seoul_university/서울_대학__GEN6068__세계빈곤과기아의정책.pdf,ok
GEN6072,비즈니스모델혁신사례분석,H0002256,서울 대학,대학(학부/서울),2009/1 ~ 2015/1,2012,2,2014,2,10,3,1,outputs/pdfs_seoul_university/서울_대학__GEN6072__비즈니스모델혁신사례분석.pdf,ok
GEN6073,기업가를위한국제통상실무,H0002256,서울 대학,대학(학부/서울),2009/1 ~ 2015/1,2011,2,2015,1,25,5,1,outputs/pdfs_seoul_university/서울_대학__GEN6073__기업가를위한국제통상실무.pdf,ok
GEN6074,뇌과학의이해,H0002256,서울 대학,대학(학부/서울),2009/1 ~ 2027/2,2024,1,2026,1,13,4,1,outputs/pdfs_seoul_university/서울_대학__GEN6074__뇌과학의이해.pdf,ok
GEN6075,인체탐험,H0002256,서울 대학,대학(학부/서울),2009/1 ~ 2021/2,2016,1,2019,2,20,5,1,outputs/pdfs_seoul_university/서울_대학__GEN6075__인체탐험.pdf,ok
GEN6084,인문학적건축학,H0002256,서울 대학,대학(학부/서울),2012/1 ~ 2027/2,2015,2,2018,2,32,5,1,outputs/pdfs_seoul_university/서울_대학__GEN6084__인문학적건축학.pdf,ok
GEN6085,상상력과과학기술,H0002256,서울 대학,대학(학부/서울),2012/1 ~ 2015/2,2012,1,2013,2,27,4,1,outputs/pdfs_seoul_university/서울_대학__GEN6085__상상력과과학기술.pdf,ok
GEN6086,생활속의화학,H0002256,서울 대학,대학(학부/서울),2012/1 ~ 2027/2,2024,2,2026,1,20,4,1,outputs/pdfs_seoul_university/서울_대학__GEN6086__생활속의화학.pdf,ok
GEN6087,생활속에서만나는생물학,H0002256,서울 대학,대학(학부/서울),2012/1 ~ 2027/2,2023,2,2025,2,22,4,1,outputs/pdfs_seoul_university/서울_대학__GEN6087__생활속에서만나는생물학.pdf,ok
GEN6088,생활속의마케팅,H0002256,서울 대학,대학(학부/서울),2012/1 ~ 2022/1,2013,1,2015,1,34,5,1,outputs/pdfs_seoul_university/서울_대학__GEN6088__생활속의마케팅.pdf,ok
GEN6089,기초인체생리학,H0002256,서울 대학,대학(학부/서울),2012/1 ~ 2014/1,2012,1,2012,2,9,2,1,outputs/pdfs_seoul_university/서울_대학__GEN6089__기초인체생리학.pdf,ok
GEN6090,분자의학시대,H0002256,서울 대학,대학(학부/서울),2012/1 ~ 2015/2,2013,1,2015,1,18,5,1,outputs/pdfs_seoul_university/서울_대학__GEN6090__분자의학시대.pdf,ok
GEN6091,소립자에서우주론까지,H0002256,서울 대학,대학(학부/서울),2012/1 ~ 2014/2,2012,1,2013,1,15,2,1,outputs/pdfs_seoul_university/서울_대학__GEN6091__소립자에서우주론까지.pdf,ok
GEN6092,첨단기술을이끄는물리학,H0002256,서울 대학,대학(학부/서울),2012/1 ~ 2013/2,2012,1,2013,1,11,2,1,outputs/pdfs_seoul_university/서울_대학__GEN6092__첨단기술을이끄는물리학.pdf,ok
GEN6094,전공현장실습1,H0002886,건축학부,건축학부(학부/서울),2014/1 ~ 2023/2,2013,1,2015,1,13,3,37,outputs/pdfs_full/건축학부__GEN6094__전공현장실습1.pdf,ok
GEN6095,전공현장실습2,H0002886,건축학부,건축학부(학부/서울),2013/1 ~ 2023/2,2013,2,2014,2,6,2,36,outputs/pdfs_full/건축학부__GEN6095__전공현장실습2.pdf,ok
GEN7003,창의와소통,H0002256,서울 대학,대학(학부/서울),2012/1 ~ 2018/1,2014,2,2018,1,27,5,1,outputs/pdfs_seoul_university/서울_대학__GEN7003__창의와소통.pdf,ok
GEN7005,미래에너지혁명,H0002256,서울 대학,대학(학부/서울),2012/1 ~ 2015/2,2012,2,2014,1,22,4,1,outputs/pdfs_seoul_university/서울_대학__GEN7005__미래에너지혁명.pdf,ok
GEN7006,인문계를위한수학,H0002256,서울 대학,대학(학부/서울),2013/1 ~ 2015/2,2013,1,2015,2,21,4,1,outputs/pdfs_seoul_university/서울_대학__GEN7006__인문계를위한수학.pdf,ok
GEN7023,스포츠와사회적책임,H0002256,서울 대학,대학(학부/서울),2013/1 ~ 2027/2,2024,2,2026,1,23,4,1,outputs/pdfs_seoul_university/서울_대학__GEN7023__스포츠와사회적책임.pdf,ok
GEN7024,비판적사고와창의적추론:현대적사고를위한툴,H0002256,서울 대학,대학(학부/서울),2013/1 ~ 2027/2,2024,2,2026,1,20,4,1,outputs/pdfs_seoul_university/서울_대학__GEN7024__비판적사고와창의적추론_현대적사고를위한툴.pdf,ok
GEN7025,멀티미디어영작문,H0002256,서울 대학,대학(학부/서울),2013/1 ~ 2027/2,2024,2,2026,1,30,4,1,outputs/pdfs_seoul_university/서울_대학__GEN7025__멀티미디어영작문.pdf,ok
GEN7026,온라인영어프레젠테이션,H0002256,서울 대학,대학(학부/서울),2013/1 ~ 2018/1,2015,1,2018,1,12,5,1,outputs/pdfs_seoul_university/서울_대학__GEN7026__온라인영어프레젠테이션.pdf,ok
GEN7027,취업영어커뮤니케이션,H0002256,서울 대학,대학(학부/서울),2013/1 ~ 2027/2,2024,2,2026,1,24,4,1,outputs/pdfs_seoul_university/서울_대학__GEN7027__취업영어커뮤니케이션.pdf,ok
GEN7028,기업·공공부문커뮤니케이션실전,H0002256,서울 대학,대학(학부/서울),2013/1 ~ 2027/2,2024,2,2026,1,20,4,1,outputs/pdfs_seoul_university/서울_대학__GEN7028__기업·공공부문커뮤니케이션실전.pdf,ok
GEN7029,시나리오영작문,H0002256,서울 대학,대학(학부/서울),2013/1 ~ 2027/2,2024,2,2026,1,28,4,1,outputs/pdfs_seoul_university/서울_대학__GEN7029__시나리오영작문.pdf,ok
GEN7030,영어와남녀의사소통의차이,H0002256,서울 대학,대학(학부/서울),2013/1 ~ 2027/2,2024,2,2026,1,18,4,1,outputs/pdfs_seoul_university/서울_대학__GEN7030__영어와남녀의사소통의차이.pdf,ok
GEN7031,자원환경기술경영,H0002256,서울 대학,대학(학부/서울),2013/1 ~ 2015/2,2013,1,2014,2,15,4,1,outputs/pdfs_seoul_university/서울_대학__GEN7031__자원환경기술경영.pdf,ok
GEN7032,정보혁명속의컴퓨터기술,H0002256,서울 대학,대학(학부/서울),2013/1 ~ 2015/2,2013,1,2015,2,12,4,1,outputs/pdfs_seoul_university/서울_대학__GEN7032__정보혁명속의컴퓨터기술.pdf,ok
GEN7033,비전공자를위한재무금융,H0002256,서울 대학,대학(학부/서울),2013/1 ~ 2027/2,2024,2,2026,1,21,4,1,outputs/pdfs_seoul_university/서울_대학__GEN7033__비전공자를위한재무금융.pdf,ok
GEN7034,초급독일어회화,H0002256,서울 대학,대학(학부/서울),2013/1 ~ 2027/2,2024,2,2026,1,22,4,1,outputs/pdfs_seoul_university/서울_대학__GEN7034__초급독일어회화.pdf,ok
GEN7035,비즈니스중국어회화,H0002256,서울 대학,대학(학부/서울),2013/1 ~ 2027/2,2015,1,2018,1,18,5,1,outputs/pdfs_seoul_university/서울_대학__GEN7035__비즈니스중국어회화.pdf,ok
GEN7036,스페인어회화,H0002256,서울 대학,대학(학부/서울),2013/1 ~ 2017/2,,,,,0,0,1,outputs/pdfs_seoul_university/서울_대학__GEN7036__스페인어회화.pdf,not_found
GEN7037,영문독해1(분석적글읽기),H0002256,서울 대학,대학(학부/서울),2013/1 ~ 2020/2,2018,1,2020,1,21,5,1,outputs/pdfs_seoul_university/서울_대학__GEN7037__영문독해1(분석적글읽기).pdf,ok
GEN7038,비판적글읽기,H0002256,서울 대학,대학(학부/서울),2013/1 ~ 2027/2,2024,2,2026,1,23,4,1,outputs/pdfs_seoul_university/서울_대학__GEN7038__비판적글읽기.pdf,ok
GEN7039,영어작문1(단문에세이),H0002256,서울 대학,대학(학부/서울),2013/1 ~ 2020/2,2018,1,2020,1,32,5,1,outputs/pdfs_seoul_university/서울_대학__GEN7039__영어작문1(단문에세이).pdf,ok
GEN7040,영어작문2(장문에세이),H0002256,서울 대학,대학(학부/서울),2013/1 ~ 2020/2,2018,1,2020,1,22,5,1,outputs/pdfs_seoul_university/서울_대학__GEN7040__영어작문2(장문에세이).pdf,ok
GEN7041,창의적글쓰기,H0002256,서울 대학,대학(학부/서울),2013/1 ~ 2027/2,2024,2,2026,1,16,4,1,outputs/pdfs_seoul_university/서울_대학__GEN7041__창의적글쓰기.pdf,ok
GEN7042,영어작문4(비판적글쓰기),H0002256,서울 대학,대학(학부/서울),2013/1 ~ 2020/2,2017,2,2020,1,22,5,1,outputs/pdfs_seoul_university/서울_대학__GEN7042__영어작문4(비판적글쓰기).pdf,ok
GEN7043,영어말하기및표현연습1(학술기초영어회화),H0002256,서울 대학,대학(학부/서울),2013/1 ~ 2027/2,2014,1,2016,1,28,5,1,outputs/pdfs_seoul_university/서울_대학__GEN7043__영어말하기및표현연습1(학술기초영어회화).pdf,ok
GEN7044,영어말하기및표현연습2(영어노래분석과표현기법),H0002256,서울 대학,대학(학부/서울),2013/1 ~ 2027/2,2024,2,2026,1,23,4,1,outputs/pdfs_seoul_university/서울_대학__GEN7044__영어말하기및표현연습2(영어노래분석과표현기법).pdf,ok
GEN7045,생태친화적기업경영,H0002256,서울 대학,대학(학부/서울),2013/1 ~ 2027/2,2024,2,2026,1,29,4,1,outputs/pdfs_seoul_university/서울_대학__GEN7045__생태친화적기업경영.pdf,ok
GEN7046,기업경영과비즈니스전략,H0002256,서울 대학,대학(학부/서울),2013/1 ~ 2027/2,2024,2,2026,1,32,4,1,outputs/pdfs_seoul_university/서울_대학__GEN7046__기업경영과비즈니스전략.pdf,ok
GEN7047,모바일시대의창업전략,H0002256,서울 대학,대학(학부/서울),2013/1 ~ 2014/2,2013,1,2014,1,5,2,1,outputs/pdfs_seoul_university/서울_대학__GEN7047__모바일시대의창업전략.pdf,ok
GEN7048,지식융합과기업가정신,H0002256,서울 대학,대학(학부/서울),2013/1 ~ 2015/1,2013,1,2015,1,30,5,1,outputs/pdfs_seoul_university/서울_대학__GEN7048__지식융합과기업가정신.pdf,ok
GEN8003,중급독일어회화,H0002256,서울 대학,대학(학부/서울),2013/1 ~ 2027/2,2024,2,2026,1,16,4,1,outputs/pdfs_seoul_university/서울_대학__GEN8003__중급독일어회화.pdf,ok
GEN8004,브리꼴뢰르-관계융합형인재,H0002256,서울 대학,대학(학부/서울),2013/1 ~ 2027/2,2024,2,2026,1,8,4,1,outputs/pdfs_seoul_university/서울_대학__GEN8004__브리꼴뢰르-관계융합형인재.pdf,ok
GEN8036,지속가능한개발을위한과학기술,H0002256,서울 대학,대학(학부/서울),2013/1 ~ 2027/2,2022,2,2024,2,20,5,1,outputs/pdfs_seoul_university/서울_대학__GEN8036__지속가능한개발을위한과학기술.pdf,ok
GEN8039,과학자의리더십,H0002936,STS(과학기술학)전공,STS(과학기술학)전공,2018/1 ~ 2021/2,2024,2,2026,1,25,4,2,outputs/pdfs_full/STS(과학기술학)전공__GEN8039__과학자의리더십.pdf,ok
GEN8040,생물학연대기,H0002936,STS(과학기술학)전공,STS(과학기술학)전공,2019/1 ~ 2022/2,2023,2,2025,2,11,5,2,outputs/pdfs_full/STS(과학기술학)전공__GEN8040__생물학연대기.pdf,ok
GEN8048,융합시대의경영트렌드,H0002256,서울 대학,대학(학부/서울),2014/1 ~ 2015/2,2014,1,2014,2,9,2,1,outputs/pdfs_seoul_university/서울_대학__GEN8048__융합시대의경영트렌드.pdf,ok
GEN8049,디지털시대보고서쓰기,H0002256,서울 대학,대학(학부/서울),2014/1 ~ 2027/2,2014,1,2015,1,6,3,1,outputs/pdfs_seoul_university/서울_대학__GEN8049__디지털시대보고서쓰기.pdf,ok
GEN9001,Introductory Korean (Level 1),H0002256,서울 대학,대학(학부/서울),2017/2 ~ 2027/2,2020,2,2022,2,35,5,1,outputs/pdfs_seoul_university/서울_대학__GEN9001__Introductory_Korean_(Level_1).pdf,ok
GEN9002,Introductory Korean (Level 2),H0002256,서울 대학,대학(학부/서울),2017/2 ~ 2027/2,2020,2,2022,2,27,5,1,outputs/pdfs_seoul_university/서울_대학__GEN9002__Introductory_Korean_(Level_2).pdf,ok
GEN9003,Intensive Korean (Intro),H0002256,서울 대학,대학(학부/서울),2017/2 ~ 2027/2,2017,2,2018,2,13,3,1,outputs/pdfs_seoul_university/서울_대학__GEN9003__Intensive_Korean_(Intro).pdf,ok
GEN9004,Intensive Korean (Level 1),H0002256,서울 대학,대학(학부/서울),2017/2 ~ 2027/2,2020,2,2022,2,24,5,1,outputs/pdfs_seoul_university/서울_대학__GEN9004__Intensive_Korean_(Level_1).pdf,ok
GEN9005,Intensive Korean (Level 2),H0002256,서울 대학,대학(학부/서울),2017/2 ~ 2027/2,2020,2,2022,2,20,5,1,outputs/pdfs_seoul_university/서울_대학__GEN9005__Intensive_Korean_(Level_2).pdf,ok
GEN9006,Intensive Korean (Level 3),H0002256,서울 대학,대학(학부/서울),2017/2 ~ 2027/2,2020,2,2022,2,26,5,1,outputs/pdfs_seoul_university/서울_대학__GEN9006__Intensive_Korean_(Level_3).pdf,ok
GEN9007,Intensive Korean (Level 4),H0002256,서울 대학,대학(학부/서울),2017/2 ~ 2027/2,2020,2,2022,2,18,5,1,outputs/pdfs_seoul_university/서울_대학__GEN9007__Intensive_Korean_(Level_4).pdf,ok
GEN9008,Intensive Korean (Level 5),H0002256,서울 대학,대학(학부/서울),2017/2 ~ 2027/2,2020,2,2022,2,21,4,1,outputs/pdfs_seoul_university/서울_대학__GEN9008__Intensive_Korean_(Level_5).pdf,ok
GEN9009,Intensive Korean (Level 6),H0002256,서울 대학,대학(학부/서울),2017/2 ~ 2027/2,2020,2,2022,2,10,5,1,outputs/pdfs_seoul_university/서울_대학__GEN9009__Intensive_Korean_(Level_6).pdf,ok
GEN9027,Intensive Korean,H0002256,서울 대학,대학(학부/서울),2018/2 ~ 2027/2,,,,,0,0,1,outputs/pdfs_seoul_university/서울_대학__GEN9027__Intensive_Korean.pdf,not_found
GEN9176,빅데이터와패션트렌드,H0002256,서울 대학,대학(학부/서울),2020/2 ~ 2027/2,2024,1,2026,1,11,4,1,outputs/pdfs_seoul_university/서울_대학__GEN9176__빅데이터와패션트렌드.pdf,ok
GEN9177,4차산업혁명시대리더십트레이닝,H0002256,서울 대학,대학(학부/서울),2020/2 ~ 2027/2,2020,2,2022,1,11,4,1,outputs/pdfs_seoul_university/서울_대학__GEN9177__4차산업혁명시대리더십트레이닝.pdf,ok
GEN9178,트랜스미디어상호작용설계,H0002256,서울 대학,대학(학부/서울),2020/2 ~ 2027/2,2022,1,2025,1,10,4,1,outputs/pdfs_seoul_university/서울_대학__GEN9178__트랜스미디어상호작용설계.pdf,ok
GEN9180,4차산업혁명과환경기술,H0002256,서울 대학,대학(학부/서울),2020/2 ~ 2027/2,2021,1,2026,1,14,4,1,outputs/pdfs_seoul_university/서울_대학__GEN9180__4차산업혁명과환경기술.pdf,ok
GEN9181,블록체인과미래사회비즈니스,H0002256,서울 대학,대학(학부/서울),2020/2 ~ 2021/1,,,,,0,0,1,outputs/pdfs_seoul_university/서울_대학__GEN9181__블록체인과미래사회비즈니스.pdf,not_found
GER1055,기초독문법,H0002801,독어독문학과,독어독문학(학부/서울),2008/1 ~ 2027/2,2022,1,2026,1,27,5,1,outputs/pdfs_full/독어독문학과__GER1055__기초독문법.pdf,ok
GER1064,유럽문화지역의이해,H0002801,독어독문학과,독어독문학(학부/서울),2009/1 ~ 2029/2,2022,2,2025,2,18,4,1,outputs/pdfs_full/독어독문학과__GER1064__유럽문화지역의이해.pdf,ok
GER1065,멀티미디어독일어,H0002801,독어독문학과,독어독문학(학부/서울),2009/1 ~ 2019/2,2015,1,2019,1,25,5,1,outputs/pdfs_full/독어독문학과__GER1065__멀티미디어독일어.pdf,ok
GER1066,독일어회화B1-2,H0002801,독어독문학과,독어독문학(학부/서울),2020/1 ~ 2025/2,2020,1,2025,1,15,5,1,outputs/pdfs_full/독어독문학과__GER1066__독일어회화B1-2.pdf,ok
GER1067,독일어회화B2-2,H0002801,독어독문학과,독어독문학(학부/서울),2020/1 ~ 2025/2,2021,2,2025,2,14,5,1,outputs/pdfs_full/독어독문학과__GER1067__독일어회화B2-2.pdf,ok
GER1068,독일문학의흐름,H0002801,독어독문학과,독어독문학(학부/서울),2020/1 ~ 2028/2,2021,1,2025,1,22,5,1,outputs/pdfs_full/독어독문학과__GER1068__독일문학의흐름.pdf,ok
GER1069,언어와마음,H0002801,독어독문학과,독어독문학(학부/서울),2022/1 ~ 2028/2,2022,2,2025,2,15,4,1,outputs/pdfs_full/독어독문학과__GER1069__언어와마음.pdf,ok
GER2005,중급독문법,H0002801,독어독문학과,독어독문학(학부/서울),2008/1 ~ 2028/2,2021,2,2025,2,23,5,1,outputs/pdfs_full/독어독문학과__GER2005__중급독문법.pdf,ok
GER2028,문학과신화,H0002801,독어독문학과,독어독문학(학부/서울),2006/1 ~ 2016/1,2011,2,2015,2,16,5,1,outputs/pdfs_full/독어독문학과__GER2028__문학과신화.pdf,ok
GER2036,유럽속의독일역사,H0002801,독어독문학과,독어독문학(학부/서울),2006/1 ~ 2016/1,2012,1,2016,1,13,5,1,outputs/pdfs_full/독어독문학과__GER2036__유럽속의독일역사.pdf,ok
GER2059,생활독일어,H0002801,독어독문학과,독어독문학(학부/서울),2010/1 ~ 2016/1,2012,1,2016,1,23,5,1,outputs/pdfs_full/독어독문학과__GER2059__생활독일어.pdf,ok
GER2063,독일문학의대표작품,H0002801,독어독문학과,독어독문학(학부/서울),2008/1 ~ 2026/2,2016,1,2020,1,17,5,1,outputs/pdfs_full/독어독문학과__GER2063__독일문학의대표작품.pdf,ok
GER2066,독일어회화A1,H0002801,독어독문학과,독어독문학(학부/서울),2008/1 ~ 2027/2,2022,1,2025,1,17,4,1,outputs/pdfs_full/독어독문학과__GER2066__독일어회화A1.pdf,ok
GER2068,독일어회화A2,H0002801,독어독문학과,독어독문학(학부/서울),2008/1 ~ 2028/2,2022,2,2026,1,17,5,1,outputs/pdfs_full/독어독문학과__GER2068__독일어회화A2.pdf,ok
GER2070,독일문화와유럽문화,H0002801,독어독문학과,독어독문학(학부/서울),2007/1 ~ 2016/1,2010,2,2014,2,18,5,1,outputs/pdfs_full/독어독문학과__GER2070__독일문화와유럽문화.pdf,ok
GER2071,독일어회화B1,H0002801,독어독문학과,독어독문학(학부/서울),2008/1 ~ 2029/2,2022,1,2026,1,17,5,1,outputs/pdfs_full/독어독문학과__GER2071__독일어회화B1.pdf,ok
GER2072,독일어회화B2,H0002801,독어독문학과,독어독문학(학부/서울),2008/1 ~ 2029/2,2020,2,2025,2,14,5,1,outputs/pdfs_full/독어독문학과__GER2072__독일어회화B2.pdf,ok
GER2074,독문학입문,H0002801,독어독문학과,독어독문학(학부/서울),2010/1 ~ 2028/2,2022,1,2025,1,17,4,1,outputs/pdfs_full/독어독문학과__GER2074__독문학입문.pdf,ok
GER2075,독문법연습,H0002801,독어독문학과,독어독문학(학부/서울),2014/1 ~ 2016/1,2015,1,2016,1,10,2,1,outputs/pdfs_full/독어독문학과__GER2075__독문법연습.pdf,ok
GER2076,독일어문장의이해,H0002801,독어독문학과,독어독문학(학부/서울),2014/1 ~ 2016/1,2014,2,2015,2,9,2,1,outputs/pdfs_full/독어독문학과__GER2076__독일어문장의이해.pdf,ok
GER2077,독어회화의길잡이,H0002801,독어독문학과,독어독문학(학부/서울),2016/2 ~ 2020/2,2016,2,2020,2,25,5,1,outputs/pdfs_full/독어독문학과__GER2077__독어회화의길잡이.pdf,ok
GER2078,독일어회화의기초,H0002801,독어독문학과,독어독문학(학부/서울),2017/1 ~ 2020/2,2017,1,2019,1,17,3,1,outputs/pdfs_full/독어독문학과__GER2078__독일어회화의기초.pdf,ok
GER2079,유럽의역사와문화,H0002801,독어독문학과,독어독문학(학부/서울),2017/1 ~ 2028/2,2022,1,2026,1,23,5,1,outputs/pdfs_full/독어독문학과__GER2079__유럽의역사와문화.pdf,ok
GER2080,독일어텍스트분석,H0002801,독어독문학과,독어독문학(학부/서울),2016/2 ~ 2026/1,2020,2,2025,2,16,5,1,outputs/pdfs_full/독어독문학과__GER2080__독일어텍스트분석.pdf,ok
GER2081,유럽과세계경제,H0002801,독어독문학과,독어독문학(학부/서울),2016/2 ~ 2020/2,2016,2,2018,2,8,3,1,outputs/pdfs_full/독어독문학과__GER2081__유럽과세계경제.pdf,ok
GER2082,유럽현대예술,H0002801,독어독문학과,독어독문학(학부/서울),2016/2 ~ 2029/2,2022,2,2025,2,17,4,1,outputs/pdfs_full/독어독문학과__GER2082__유럽현대예술.pdf,ok
GER2083,독일어문장분석,H0002801,독어독문학과,독어독문학(학부/서울),2016/2 ~ 2028/2,2022,1,2026,1,20,5,1,outputs/pdfs_full/독어독문학과__GER2083__독일어문장분석.pdf,ok
GER2084,독일어권시사토픽,H0002801,독어독문학과,독어독문학(학부/서울),2019/1 ~ 2028/2,2022,2,2025,2,15,4,1,outputs/pdfs_full/독어독문학과__GER2084__독일어권시사토픽.pdf,ok
GER2085,독일어회화C1,H0002801,독어독문학과,독어독문학(학부/서울),2021/1 ~ 2029/2,2021,1,2021,1,2,1,1,outputs/pdfs_full/독어독문학과__GER2085__독일어회화C1.pdf,ok
GER3035,세계속독일과유럽의새로운위상,H0002801,독어독문학과,독어독문학(학부/서울),2007/1 ~ 2030/2,2019,2,2023,2,17,5,1,outputs/pdfs_full/독어독문학과__GER3035__세계속독일과유럽의새로운위상.pdf,ok
GER3048,독일드라마의이해,H0002801,독어독문학과,독어독문학(학부/서울),2005/1 ~ 2016/2,2012,1,2016,2,24,5,1,outputs/pdfs_full/독어독문학과__GER3048__독일드라마의이해.pdf,ok
GER3068,실용독일어,H0002801,독어독문학과,독어독문학(학부/서울),2016/2 ~ 2021/2,2017,1,2018,1,5,2,1,outputs/pdfs_full/독어독문학과__GER3068__실용독일어.pdf,ok
GER3069,독일현대소설,H0002801,독어독문학과,독어독문학(학부/서울),2015/1 ~ 2016/1,,,,,0,0,1,outputs/pdfs_full/독어독문학과__GER3069__독일현대소설.pdf,not_found
GER3080,독일어어휘연습,H0002801,독어독문학과,독어독문학(학부/서울),2022/1 ~ 2023/1,,,,,0,0,1,outputs/pdfs_full/독어독문학과__GER3080__독일어어휘연습.pdf,not_found
GER3083,중급독일어회화1,H0002801,독어독문학과,독어독문학(학부/서울),2007/1 ~ 2021/2,2015,1,2018,1,13,4,1,outputs/pdfs_full/독어독문학과__GER3083__중급독일어회화1.pdf,ok
GER3086,독일어회화C2,H0002801,독어독문학과,독어독문학(학부/서울),2007/1 ~ 2029/2,2020,2,2023,2,11,4,1,outputs/pdfs_full/독어독문학과__GER3086__독일어회화C2.pdf,ok
GER3089,독일어구문분석및연습,H0002801,독어독문학과,독어독문학(학부/서울),2008/1 ~ 2016/1,2011,2,2011,2,3,1,1,outputs/pdfs_full/독어독문학과__GER3089__독일어구문분석및연습.pdf,ok
GER3090,유럽문화연구,H0002801,독어독문학과,독어독문학(학부/서울),2011/1 ~ 2016/1,2011,2,2014,2,15,4,1,outputs/pdfs_full/독어독문학과__GER3090__유럽문화연구.pdf,ok
GER3093,독일어에세이강독,H0002801,독어독문학과,독어독문학(학부/서울),2011/1 ~ 2021/2,2015,2,2021,1,14,4,1,outputs/pdfs_full/독어독문학과__GER3093__독일어에세이강독.pdf,ok
GER3096,독일연극제작실습워크샵캡스톤디자인,H0002801,독어독문학과,독어독문학(학부/서울),2012/1 ~ 2022/2,2014,1,2018,1,9,5,1,outputs/pdfs_full/독어독문학과__GER3096__독일연극제작실습워크샵캡스톤디자인.pdf,ok
GER3097,독일드라마캡스톤디자인,H0002801,독어독문학과,독어독문학(학부/서울),2012/1 ~ 2029/2,2020,2,2024,2,7,4,1,outputs/pdfs_full/독어독문학과__GER3097__독일드라마캡스톤디자인.pdf,ok
GER3098,독일문학의고전,H0002801,독어독문학과,독어독문학(학부/서울),2015/1 ~ 2016/1,2015,1,2016,1,7,2,1,outputs/pdfs_full/독어독문학과__GER3098__독일문학의고전.pdf,ok
GER3099,독일어텍스트의이해,H0002801,독어독문학과,독어독문학(학부/서울),2015/1 ~ 2016/1,,,,,0,0,1,outputs/pdfs_full/독어독문학과__GER3099__독일어텍스트의이해.pdf,not_found
GER3100,유럽지역캡스톤디자인,H0002801,독어독문학과,독어독문학(학부/서울),2016/2 ~ 2021/2,2017,1,2018,1,7,2,1,outputs/pdfs_full/독어독문학과__GER3100__유럽지역캡스톤디자인.pdf,ok
GER3101,현대독일사회와문화,H0002801,독어독문학과,독어독문학(학부/서울),2016/2 ~ 2021/2,2017,1,2021,1,10,3,1,outputs/pdfs_full/독어독문학과__GER3101__현대독일사회와문화.pdf,ok
GER3102,유럽통상실무,H0002801,독어독문학과,독어독문학(학부/서울),2016/2 ~ 2021/2,2016,2,2018,2,7,3,1,outputs/pdfs_full/독어독문학과__GER3102__유럽통상실무.pdf,ok
GER3103,유럽영상문화와예술,H0002801,독어독문학과,독어독문학(학부/서울),2016/2 ~ 2029/2,2021,2,2025,2,12,4,1,outputs/pdfs_full/독어독문학과__GER3103__유럽영상문화와예술.pdf,ok
GER3104,독영언어대조,H0002801,독어독문학과,독어독문학(학부/서울),2016/2 ~ 2021/2,,,,,0,0,1,outputs/pdfs_full/독어독문학과__GER3104__독영언어대조.pdf,not_found
GER3105,언어인지데이터분석방법론,H0002801,독어독문학과,독어독문학(학부/서울),2023/1 ~ 2029/2,2023,1,2026,1,6,4,1,outputs/pdfs_full/독어독문학과__GER3105__언어인지데이터분석방법론.pdf,ok
GER3106,제2언어습득,H0002801,독어독문학과,독어독문학(학부/서울),2023/2 ~ 2030/2,2023,2,2024,2,5,2,1,outputs/pdfs_full/독어독문학과__GER3106__제2언어습득.pdf,ok
GER4030,독일어읽기와쓰기,H0002801,독어독문학과,독어독문학(학부/서울),2015/1 ~ 2029/2,2015,1,2024,2,14,4,1,outputs/pdfs_full/독어독문학과__GER4030__독일어읽기와쓰기.pdf,ok
GER4039,디지털예술과문화,H0002801,독어독문학과,독어독문학(학부/서울),2012/1 ~ 2016/1,2012,2,2015,2,16,4,1,outputs/pdfs_full/독어독문학과__GER4039__디지털예술과문화.pdf,ok
GER4043,유럽영상문화,H0002801,독어독문학과,독어독문학(학부/서울),2007/1 ~ 2016/1,2011,2,2015,2,23,5,1,outputs/pdfs_full/독어독문학과__GER4043__유럽영상문화.pdf,ok
GER4060,광고와언어,H0002801,독어독문학과,독어독문학(학부/서울),1999/1 ~ 2016/2,2011,2,2015,2,17,5,1,outputs/pdfs_full/독어독문학과__GER4060__광고와언어.pdf,ok
GER4062,스크린독일어,H0002801,독어독문학과,독어독문학(학부/서울),2006/1 ~ 2018/2,2014,1,2018,1,20,5,1,outputs/pdfs_full/독어독문학과__GER4062__스크린독일어.pdf,ok
GER4069,독어회화입문,H0002801,독어독문학과,독어독문학(학부/서울),2006/1 ~ 2016/1,2011,2,2015,2,21,5,2,outputs/pdfs_full/독어독문학과__GER4069__독어회화입문.pdf,ok
GER4070,독일문학읽기,H0002256,서울 대학,대학(학부/서울),2002/1 ~ 2027/2,2016,1,2019,2,28,5,1,outputs/pdfs_seoul_university/서울_대학__GER4070__독일문학읽기.pdf,ok
GER4088,고급독일어회화연습,H0002801,독어독문학과,독어독문학(학부/서울),2008/1 ~ 2016/1,2011,1,2014,2,7,3,1,outputs/pdfs_full/독어독문학과__GER4088__고급독일어회화연습.pdf,ok
GER4089,유럽지성사,H0002801,독어독문학과,독어독문학(학부/서울),2012/1 ~ 2016/1,,,,,0,0,1,outputs/pdfs_full/독어독문학과__GER4089__유럽지성사.pdf,not_found
GER4090,유럽문학과종교,H0002801,독어독문학과,독어독문학(학부/서울),2012/1 ~ 2018/1,2013,1,2018,1,16,5,1,outputs/pdfs_full/독어독문학과__GER4090__유럽문학과종교.pdf,ok
GER4091,영상커뮤니케이션과언어학,H0002801,독어독문학과,독어독문학(학부/서울),2012/1 ~ 2016/1,2012,1,2015,1,14,3,1,outputs/pdfs_full/독어독문학과__GER4091__영상커뮤니케이션과언어학.pdf,ok
GER4094,독일문제작가연구,H0002801,독어독문학과,독어독문학(학부/서울),2012/1 ~ 2016/1,2012,2,2015,2,15,4,1,outputs/pdfs_full/독어독문학과__GER4094__독일문제작가연구.pdf,ok
GER4095,젠더와문학,H0002801,독어독문학과,독어독문학(학부/서울),2016/1 ~ 2030/2,2022,1,2026,1,9,5,1,outputs/pdfs_full/독어독문학과__GER4095__젠더와문학.pdf,ok
GER4096,현대독문학과영화,H0002801,독어독문학과,독어독문학(학부/서울),2014/1 ~ 2016/1,2014,1,2016,1,9,3,1,outputs/pdfs_full/독어독문학과__GER4096__현대독문학과영화.pdf,ok
GER4097,유럽신화와서사,H0002801,독어독문학과,독어독문학(학부/서울),2016/2 ~ 2026/2,2017,1,2018,1,6,2,1,outputs/pdfs_full/독어독문학과__GER4097__유럽신화와서사.pdf,ok
GER4098,유럽의기억문화,H0002801,독어독문학과,독어독문학(학부/서울),2016/2 ~ 2026/2,2016,2,2019,2,11,4,1,outputs/pdfs_full/독어독문학과__GER4098__유럽의기억문화.pdf,ok
GER4099,현대유럽의문화와사상,H0002801,독어독문학과,독어독문학(학부/서울),2020/2 ~ 2023/1,2020,2,2021,2,10,2,1,outputs/pdfs_full/독어독문학과__GER4099__현대유럽의문화와사상.pdf,ok
GER4100,현대독일문학의지형도,H0002801,독어독문학과,독어독문학(학부/서울),2023/2 ~ 2030/2,2024,1,2026,1,4,2,1,outputs/pdfs_full/독어독문학과__GER4100__현대독일문학의지형도.pdf,ok
GER4101,글로벌사회문화변동의비교와분석,H0002801,독어독문학과,독어독문학(학부/서울),2024/2 ~ 2030/2,2024,2,2025,2,7,2,1,outputs/pdfs_full/독어독문학과__GER4101__글로벌사회문화변동의비교와분석.pdf,ok
GER5001,독어학의첫걸음,H0002801,독어독문학과,독어독문학(학부/서울),2013/1 ~ 2016/1,2013,1,2016,1,17,4,1,outputs/pdfs_full/독어독문학과__GER5001__독어학의첫걸음.pdf,ok
GER5002,독일어와영어의언어체계,H0002801,독어독문학과,독어독문학(학부/서울),2013/1 ~ 2016/1,2013,2,2014,2,8,2,1,outputs/pdfs_full/독어독문학과__GER5002__독일어와영어의언어체계.pdf,ok
H-P0007,해외석학세미나1,H0002256,서울 대학,대학(학부/서울),2009/1 ~ 2014/2,2010,2,2012,2,6,3,1,outputs/pdfs_seoul_university/서울_대학__H-P0007__해외석학세미나1.pdf,ok
H-P0010,Honors Lab1,H0002256,서울 대학,대학(학부/서울),2009/1 ~ 2019/1,2013,1,2016,2,5,5,1,outputs/pdfs_seoul_university/서울_대학__H-P0010__Honors_Lab1.pdf,ok
H-P0011,Honors Lab2,H0002256,서울 대학,대학(학부/서울),2012/1 ~ 2019/1,2013,2,2016,1,6,5,1,outputs/pdfs_seoul_university/서울_대학__H-P0011__Honors_Lab2.pdf,ok
H-P0012,Honors Lab3,H0002256,서울 대학,대학(학부/서울),2012/1 ~ 2019/1,2012,2,2015,2,7,4,1,outputs/pdfs_seoul_university/서울_대학__H-P0012__Honors_Lab3.pdf,ok
HEC1002,주거학,H0003585,실내건축디자인학과,실내건축디자인학과,2013/1 ~ 2016/2,2010,2,2015,1,28,5,1,outputs/pdfs_full/실내건축디자인학과__HEC1002__주거학.pdf,ok
HEC1006,패션과사회,H0003583,의류학과,의류학과,2013/1 ~ 2027/2,2022,1,2026,1,27,5,1,outputs/pdfs_full/의류학과__HEC1006__패션과사회.pdf,ok
HEC2005,공간조명과색채,H0003585,실내건축디자인학과,실내건축디자인학과,2013/1 ~ 2028/2,2022,1,2025,1,18,4,1,outputs/pdfs_full/실내건축디자인학과__HEC2005__공간조명과색채.pdf,ok
HEC2006,공간과사진,H0003585,실내건축디자인학과,실내건축디자인학과,2013/1 ~ 2016/2,2010,2,2014,1,23,5,1,outputs/pdfs_full/실내건축디자인학과__HEC2006__공간과사진.pdf,ok
HEC2012,패션비지니스,H0003583,의류학과,의류학과,2013/1 ~ 2027/2,2022,2,2025,2,31,4,1,outputs/pdfs_full/의류학과__HEC2012__패션비지니스.pdf,ok
HEC3004,환경행태심리론,H0003585,실내건축디자인학과,실내건축디자인학과,2013/1 ~ 2030/2,2021,2,2026,1,24,5,1,outputs/pdfs_full/실내건축디자인학과__HEC3004__환경행태심리론.pdf,ok
HEC3007,드로잉과AI시각화,H0003585,실내건축디자인학과,실내건축디자인학과,2013/1 ~ 2028/2,2022,1,2026,1,28,5,1,outputs/pdfs_full/실내건축디자인학과__HEC3007__드로잉과AI시각화.pdf,ok
HEC3010,공간심리학,H0003585,실내건축디자인학과,실내건축디자인학과,2013/1 ~ 2018/2,2014,1,2018,1,31,5,1,outputs/pdfs_full/실내건축디자인학과__HEC3010__공간심리학.pdf,ok
HEC3011,가구디자인,H0003585,실내건축디자인학과,실내건축디자인학과,2013/1 ~ 2017/2,2012,1,2017,2,18,5,1,outputs/pdfs_full/실내건축디자인학과__HEC3011__가구디자인.pdf,ok
HEC3017,조명디자인1,H0003585,실내건축디자인학과,실내건축디자인학과,2013/1 ~ 2014/2,2013,2,2016,1,25,5,2,outputs/pdfs_full/실내건축디자인학과__HEC3017__조명디자인1.pdf,ok
HEC3019,패션CAD,H0003583,의류학과,의류학과,2013/1 ~ 2028/2,2022,1,2026,1,31,5,1,outputs/pdfs_full/의류학과__HEC3019__패션CAD.pdf,ok
HEC3020,패션디자인상품기획,H0003583,의류학과,의류학과,2013/1 ~ 2029/2,2022,2,2025,2,16,4,1,outputs/pdfs_full/의류학과__HEC3020__패션디자인상품기획.pdf,ok
HEC3022,조명디자인2,H0003589,연극영화학과,연극영화학과,2013/1 ~ 2016/2,2013,2,2016,2,21,4,1,outputs/pdfs_full/연극영화학과__HEC3022__조명디자인2.pdf,ok
HEC4008,디자인마케팅,H0003585,실내건축디자인학과,실내건축디자인학과,2013/1 ~ 2015/2,2011,2,2015,2,22,5,1,outputs/pdfs_full/실내건축디자인학과__HEC4008__디자인마케팅.pdf,ok
HEC4009,포트폴리오,H0003585,실내건축디자인학과,실내건축디자인학과,2013/1 ~ 2018/2,2014,2,2018,2,18,5,1,outputs/pdfs_full/실내건축디자인학과__HEC4009__포트폴리오.pdf,ok
HEC4015,식품독성학,H0003584,식품영양학과,식품영양학과,2013/1 ~ 2029/2,2021,2,2025,2,20,5,1,outputs/pdfs_full/식품영양학과__HEC4015__식품독성학.pdf,ok
HIC0001,Mindshift Bootcamp for Leading the World,H0005006,한양인터칼리지학부,한양인터칼리지학부,2025/1 ~ 2027/2,2026,1,2026,1,1,1,2,outputs/pdfs_full/한양인터칼리지학부__HIC0001__Mindshift_Bootcamp_for_Leading_the_World.pdf,ok
HIC0002,SPARK,H0005006,한양인터칼리지학부,한양인터칼리지학부,2025/1 ~ 2027/2,2026,1,2026,1,1,1,2,outputs/pdfs_full/한양인터칼리지학부__HIC0002__SPARK.pdf,ok
HIC1001,Systems Thinking and Design Thinking,H0005006,한양인터칼리지학부,한양인터칼리지학부,2025/1 ~ 2027/2,2026,1,2026,1,6,1,2,outputs/pdfs_full/한양인터칼리지학부__HIC1001__Systems_Thinking_and_Design_Thinking.pdf,ok
HIC1002,Make Core,H0005006,한양인터칼리지학부,한양인터칼리지학부,2025/1 ~ 2025/2,,,,,0,0,2,outputs/pdfs_full/한양인터칼리지학부__HIC1002__Make_Core.pdf,not_found
HIC1003,Life Project,H0005006,한양인터칼리지학부,한양인터칼리지학부,2025/1 ~ 2027/2,,,,,0,0,2,outputs/pdfs_full/한양인터칼리지학부__HIC1003__Life_Project.pdf,not_found
HIC1004,Unified Systems Science,H0005006,한양인터칼리지학부,한양인터칼리지학부,2025/1 ~ 2027/2,,,,,0,0,2,outputs/pdfs_full/한양인터칼리지학부__HIC1004__Unified_Systems_Science.pdf,not_found
HIC1005,Mathematical Thinking,H0005006,한양인터칼리지학부,한양인터칼리지학부,2025/1 ~ 2027/2,,,,,0,0,2,outputs/pdfs_full/한양인터칼리지학부__HIC1005__Mathematical_Thinking.pdf,not_found
HIC1006,"Algorithmic, Computational, and Data Thinking",H0005006,한양인터칼리지학부,한양인터칼리지학부,2025/1 ~ 2027/2,,,,,0,0,2,"outputs/pdfs_full/한양인터칼리지학부__HIC1006__Algorithmic,_Computational,_and_Data_Thinking.pdf",not_found
HIC1007,Global Critical Anthropology,H0005006,한양인터칼리지학부,한양인터칼리지학부,2025/1 ~ 2027/2,,,,,0,0,2,outputs/pdfs_full/한양인터칼리지학부__HIC1007__Global_Critical_Anthropology.pdf,not_found
HIC1008,Global Research Immersion,H0005006,한양인터칼리지학부,한양인터칼리지학부,2025/1 ~ 2027/2,,,,,0,0,2,outputs/pdfs_full/한양인터칼리지학부__HIC1008__Global_Research_Immersion.pdf,not_found
HIC1009,Unified Systems Science_StreamⅠ,H0005006,한양인터칼리지학부,한양인터칼리지학부,2025/2 ~ 2027/2,,,,,0,0,2,outputs/pdfs_full/한양인터칼리지학부__HIC1009__Unified_Systems_Science_StreamI.pdf,not_found
HIC1010,Unified Systems Science_StreamⅡ,H0005006,한양인터칼리지학부,한양인터칼리지학부,2025/2 ~ 2027/2,,,,,0,0,2,outputs/pdfs_full/한양인터칼리지학부__HIC1010__Unified_Systems_Science_StreamII.pdf,not_found
HIC1011,Unified Systems Science_Lab(Biochem),H0005006,한양인터칼리지학부,한양인터칼리지학부,2025/2 ~ 2027/2,,,,,0,0,2,outputs/pdfs_full/한양인터칼리지학부__HIC1011__Unified_Systems_Science_Lab(Biochem).pdf,not_found
HIC1012,Unified Systems Science_Lab(Physics),H0005006,한양인터칼리지학부,한양인터칼리지학부,2025/2 ~ 2027/2,,,,,0,0,2,outputs/pdfs_full/한양인터칼리지학부__HIC1012__Unified_Systems_Science_Lab(Physics).pdf,not_found
HIC1013,Scientific Entrepreneurship,H0005006,한양인터칼리지학부,한양인터칼리지학부,2026/1 ~ 2027/2,2026,1,2026,1,1,1,2,outputs/pdfs_full/한양인터칼리지학부__HIC1013__Scientific_Entrepreneurship.pdf,ok
HIC2001,기술경영에센셜,H0005006,한양인터칼리지학부,한양인터칼리지학부,2026/1 ~ 2028/2,2026,1,2026,1,4,1,4,outputs/pdfs_full/한양인터칼리지학부__HIC2001__기술경영에센셜.pdf,ok
HIC2002,기초반도체물리,H0005006,한양인터칼리지학부,한양인터칼리지학부,2026/1 ~ 2028/2,2026,1,2026,1,1,1,2,outputs/pdfs_full/한양인터칼리지학부__HIC2002__기초반도체물리.pdf,ok
HIC2003,뇌의구조와기능,H0005006,한양인터칼리지학부,한양인터칼리지학부,2026/1 ~ 2028/2,2026,1,2026,1,6,1,2,outputs/pdfs_full/한양인터칼리지학부__HIC2003__뇌의구조와기능.pdf,ok
HIC2004,디자인과혁신심리학,H0005006,한양인터칼리지학부,한양인터칼리지학부,2026/1 ~ 2028/2,,,,,0,0,4,outputs/pdfs_full/한양인터칼리지학부__HIC2004__디자인과혁신심리학.pdf,not_found
HIC2005,마인드이론과fMRI,H0005006,한양인터칼리지학부,한양인터칼리지학부,2026/1 ~ 2028/2,,,,,0,0,2,outputs/pdfs_full/한양인터칼리지학부__HIC2005__마인드이론과fMRI.pdf,not_found
HIC2006,머신러닝기초와응용,H0005006,한양인터칼리지학부,한양인터칼리지학부,2026/1 ~ 2028/2,,,,,0,0,2,outputs/pdfs_full/한양인터칼리지학부__HIC2006__머신러닝기초와응용.pdf,not_found
HIC2007,미래사회와우주자원개발,H0005006,한양인터칼리지학부,한양인터칼리지학부,2026/1 ~ 2028/2,,,,,0,0,2,outputs/pdfs_full/한양인터칼리지학부__HIC2007__미래사회와우주자원개발.pdf,not_found
HIC2008,반도체및재료과학입문,H0005006,한양인터칼리지학부,한양인터칼리지학부,2026/1 ~ 2028/2,,,,,0,0,2,outputs/pdfs_full/한양인터칼리지학부__HIC2008__반도체및재료과학입문.pdf,not_found
HIC2009,반도체전자기학1,H0005006,한양인터칼리지학부,한양인터칼리지학부,2026/1 ~ 2028/2,2026,1,2026,1,5,1,2,outputs/pdfs_full/한양인터칼리지학부__HIC2009__반도체전자기학1.pdf,ok
HIC2010,반도체전자기학2,H0005006,한양인터칼리지학부,한양인터칼리지학부,2026/1 ~ 2028/2,,,,,0,0,2,outputs/pdfs_full/한양인터칼리지학부__HIC2010__반도체전자기학2.pdf,not_found
HIC2011,법의기초적이해,H0005006,한양인터칼리지학부,한양인터칼리지학부,2026/1 ~ 2028/2,,,,,0,0,2,outputs/pdfs_full/한양인터칼리지학부__HIC2011__법의기초적이해.pdf,not_found
HIC2012,보건학의이해,H0005006,한양인터칼리지학부,한양인터칼리지학부,2026/1 ~ 2028/2,,,,,0,0,2,outputs/pdfs_full/한양인터칼리지학부__HIC2012__보건학의이해.pdf,not_found
HIC2013,빅데이터분석의학통계,H0005006,한양인터칼리지학부,한양인터칼리지학부,2026/1 ~ 2029/2,,,,,0,0,2,outputs/pdfs_full/한양인터칼리지학부__HIC2013__빅데이터분석의학통계.pdf,not_found
HIC2014,생체신호센서,H0005006,한양인터칼리지학부,한양인터칼리지학부,2026/1 ~ 2028/2,,,,,0,0,2,outputs/pdfs_full/한양인터칼리지학부__HIC2014__생체신호센서.pdf,not_found
HIC2015,융합생명과학,H0005006,한양인터칼리지학부,한양인터칼리지학부,2026/1 ~ 2028/2,2026,1,2026,1,2,1,2,outputs/pdfs_full/한양인터칼리지학부__HIC2015__융합생명과학.pdf,ok
HIC2016,융합약리학개론,H0005006,한양인터칼리지학부,한양인터칼리지학부,2026/1 ~ 2028/2,,,,,0,0,2,outputs/pdfs_full/한양인터칼리지학부__HIC2016__융합약리학개론.pdf,not_found
HIC2017,융합의과학개론,H0005006,한양인터칼리지학부,한양인터칼리지학부,2026/1 ~ 2028/2,,,,,0,0,2,outputs/pdfs_full/한양인터칼리지학부__HIC2017__융합의과학개론.pdf,not_found
HIC2018,의료데이타사이언스,H0005006,한양인터칼리지학부,한양인터칼리지학부,2026/1 ~ 2028/2,,,,,0,0,2,outputs/pdfs_full/한양인터칼리지학부__HIC2018__의료데이타사이언스.pdf,not_found
HIC2019,인지과학개론,H0005006,한양인터칼리지학부,한양인터칼리지학부,2026/1 ~ 2028/2,2026,1,2026,1,4,1,2,outputs/pdfs_full/한양인터칼리지학부__HIC2019__인지과학개론.pdf,ok
HIC2020,인지과학의영상데이터분석,H0005006,한양인터칼리지학부,한양인터칼리지학부,2026/1 ~ 2028/2,2026,1,2026,1,4,1,2,outputs/pdfs_full/한양인터칼리지학부__HIC2020__인지과학의영상데이터분석.pdf,ok
HIC2021,인지적왜곡과인지치료,H0005006,한양인터칼리지학부,한양인터칼리지학부,2026/1 ~ 2028/2,,,,,0,0,2,outputs/pdfs_full/한양인터칼리지학부__HIC2021__인지적왜곡과인지치료.pdf,not_found
HIC2022,CrossDisciplinary Project,H0005006,한양인터칼리지학부,한양인터칼리지학부,2026/1 ~ 2028/2,,,,,0,0,2,outputs/pdfs_full/한양인터칼리지학부__HIC2022__CrossDisciplinary_Project.pdf,not_found
HIC2023,임팩트스타트업과퓨처메이커십,H0005006,한양인터칼리지학부,한양인터칼리지학부,2026/1 ~ 2028/2,2026,1,2026,1,1,1,2,outputs/pdfs_full/한양인터칼리지학부__HIC2023__임팩트스타트업과퓨처메이커십.pdf,ok
HIC2024,지속가능경영과ESG,H0005006,한양인터칼리지학부,한양인터칼리지학부,2026/1 ~ 2028/2,,,,,0,0,2,outputs/pdfs_full/한양인터칼리지학부__HIC2024__지속가능경영과ESG.pdf,not_found
HIC2025,혁신가와기업가정신,H0005006,한양인터칼리지학부,한양인터칼리지학부,2026/1 ~ 2028/2,,,,,0,0,4,outputs/pdfs_full/한양인터칼리지학부__HIC2025__혁신가와기업가정신.pdf,not_found
HIC2026,확률과통계의기초,H0005006,한양인터칼리지학부,한양인터칼리지학부,2026/1 ~ 2028/2,2026,1,2026,1,6,1,2,outputs/pdfs_full/한양인터칼리지학부__HIC2026__확률과통계의기초.pdf,ok
HIC2027,휴먼컴퓨터인터페이스,H0005006,한양인터칼리지학부,한양인터칼리지학부,2027/1 ~ 2029/2,,,,,0,0,2,outputs/pdfs_full/한양인터칼리지학부__HIC2027__휴먼컴퓨터인터페이스.pdf,not_found
HIC2028,신경융합과학,H0005006,한양인터칼리지학부,한양인터칼리지학부,2026/1 ~ 2028/2,,,,,0,0,2,outputs/pdfs_full/한양인터칼리지학부__HIC2028__신경융합과학.pdf,not_found
HIC2029,인공지능의활용,H0005006,한양인터칼리지학부,한양인터칼리지학부,2026/1 ~ 2028/2,,,,,0,0,2,outputs/pdfs_full/한양인터칼리지학부__HIC2029__인공지능의활용.pdf,not_found
HIC3001,4차산업혁명시대의노동과법,H0005006,한양인터칼리지학부,한양인터칼리지학부,2027/1 ~ 2029/2,,,,,0,0,2,outputs/pdfs_full/한양인터칼리지학부__HIC3001__4차산업혁명시대의노동과법.pdf,not_found
HIC3002,감각증강과융합인지과학,H0005006,한양인터칼리지학부,한양인터칼리지학부,2027/1 ~ 2029/2,,,,,0,0,2,outputs/pdfs_full/한양인터칼리지학부__HIC3002__감각증강과융합인지과학.pdf,not_found
HIC3003,기반시설모니터링,H0005006,한양인터칼리지학부,한양인터칼리지학부,2027/1 ~ 2029/2,,,,,0,0,2,outputs/pdfs_full/한양인터칼리지학부__HIC3003__기반시설모니터링.pdf,not_found
HIC3004,기후변화와클라이밋파이낸스,H0005006,한양인터칼리지학부,한양인터칼리지학부,2027/1 ~ 2029/2,,,,,0,0,2,outputs/pdfs_full/한양인터칼리지학부__HIC3004__기후변화와클라이밋파이낸스.pdf,not_found
HIC3005,뇌와감각인지의응용,H0005006,한양인터칼리지학부,한양인터칼리지학부,2027/1 ~ 2029/2,,,,,0,0,2,outputs/pdfs_full/한양인터칼리지학부__HIC3005__뇌와감각인지의응용.pdf,not_found
HIC3006,대전환의시대와변화의법,H0005006,한양인터칼리지학부,한양인터칼리지학부,2027/1 ~ 2029/2,,,,,0,0,2,outputs/pdfs_full/한양인터칼리지학부__HIC3006__대전환의시대와변화의법.pdf,not_found
HIC3007,딥러닝과인공지능활용,H0005006,한양인터칼리지학부,한양인터칼리지학부,2027/1 ~ 2029/2,,,,,0,0,2,outputs/pdfs_full/한양인터칼리지학부__HIC3007__딥러닝과인공지능활용.pdf,not_found
HIC3008,메이크어드밴스드,H0005006,한양인터칼리지학부,한양인터칼리지학부,2027/1 ~ 2029/2,,,,,0,0,4,outputs/pdfs_full/한양인터칼리지학부__HIC3008__메이크어드밴스드.pdf,not_found
HIC3009,반도체고체물리학개론,H0005006,한양인터칼리지학부,한양인터칼리지학부,2027/1 ~ 2029/2,,,,,0,0,2,outputs/pdfs_full/한양인터칼리지학부__HIC3009__반도체고체물리학개론.pdf,not_found
HIC3010,반도체를위한AI와머신러닝활용,H0005006,한양인터칼리지학부,한양인터칼리지학부,2027/1 ~ 2029/2,,,,,0,0,2,outputs/pdfs_full/한양인터칼리지학부__HIC3010__반도체를위한AI와머신러닝활용.pdf,not_found
HIC3011,반도체소자공정,H0005006,한양인터칼리지학부,한양인터칼리지학부,2027/1 ~ 2029/2,,,,,0,0,2,outputs/pdfs_full/한양인터칼리지학부__HIC3011__반도체소자공정.pdf,not_found
HIC3012,반도체소자및분석,H0005006,한양인터칼리지학부,한양인터칼리지학부,2027/1 ~ 2029/2,,,,,0,0,2,outputs/pdfs_full/한양인터칼리지학부__HIC3012__반도체소자및분석.pdf,not_found
HIC3013,반도체소재응용및특성분석,H0005006,한양인터칼리지학부,한양인터칼리지학부,2027/1 ~ 2029/2,,,,,0,0,2,outputs/pdfs_full/한양인터칼리지학부__HIC3013__반도체소재응용및특성분석.pdf,not_found
HIC3014,반도체제조및공정제어,H0005006,한양인터칼리지학부,한양인터칼리지학부,2027/1 ~ 2029/2,,,,,0,0,2,outputs/pdfs_full/한양인터칼리지학부__HIC3014__반도체제조및공정제어.pdf,not_found
HIC3015,"보건경제학과정책결정,의료미디어",H0005006,한양인터칼리지학부,한양인터칼리지학부,2027/1 ~ 2029/2,,,,,0,0,2,"outputs/pdfs_full/한양인터칼리지학부__HIC3015__보건경제학과정책결정,의료미디어.pdf",not_found
HIC3016,보건의료빅데이터연구,H0005006,한양인터칼리지학부,한양인터칼리지학부,2027/1 ~ 2029/2,,,,,0,0,2,outputs/pdfs_full/한양인터칼리지학부__HIC3016__보건의료빅데이터연구.pdf,not_found
HIC3017,브랜드전략과마케팅,H0005006,한양인터칼리지학부,한양인터칼리지학부,2027/1 ~ 2029/2,,,,,0,0,4,outputs/pdfs_full/한양인터칼리지학부__HIC3017__브랜드전략과마케팅.pdf,not_found
HIC3018,비즈니스데이터스토리텔링,H0005006,한양인터칼리지학부,한양인터칼리지학부,2027/1 ~ 2029/2,,,,,0,0,4,outputs/pdfs_full/한양인터칼리지학부__HIC3018__비즈니스데이터스토리텔링.pdf,not_found
HIC3019,사회인프라경제성분석,H0005006,한양인터칼리지학부,한양인터칼리지학부,2027/1 ~ 2029/2,,,,,0,0,2,outputs/pdfs_full/한양인터칼리지학부__HIC3019__사회인프라경제성분석.pdf,not_found
HIC3020,생체에너지소자,H0005006,한양인터칼리지학부,한양인터칼리지학부,2027/1 ~ 2029/2,,,,,0,0,2,outputs/pdfs_full/한양인터칼리지학부__HIC3020__생체에너지소자.pdf,not_found
HIC3021,생체영상공학,H0005006,한양인터칼리지학부,한양인터칼리지학부,2027/1 ~ 2029/2,,,,,0,0,2,outputs/pdfs_full/한양인터칼리지학부__HIC3021__생체영상공학.pdf,not_found
HIC3022,스타트업런치패드,H0005006,한양인터칼리지학부,한양인터칼리지학부,2027/1 ~ 2029/2,,,,,0,0,4,outputs/pdfs_full/한양인터칼리지학부__HIC3022__스타트업런치패드.pdf,not_found
HIC3023,신경과학과학습설계,H0005006,한양인터칼리지학부,한양인터칼리지학부,2026/1 ~ 2029/2,,,,,0,0,2,outputs/pdfs_full/한양인터칼리지학부__HIC3023__신경과학과학습설계.pdf,not_found
HIC3024,의학연구의설계와이해,H0005006,한양인터칼리지학부,한양인터칼리지학부,2027/1 ~ 2029/2,,,,,0,0,2,outputs/pdfs_full/한양인터칼리지학부__HIC3024__의학연구의설계와이해.pdf,not_found
HIC3025,인지계산,H0005006,한양인터칼리지학부,한양인터칼리지학부,2027/1 ~ 2029/2,,,,,0,0,2,outputs/pdfs_full/한양인터칼리지학부__HIC3025__인지계산.pdf,not_found
HIC3026,인지발달과신경과학,H0005006,한양인터칼리지학부,한양인터칼리지학부,2027/1 ~ 2029/2,,,,,0,0,2,outputs/pdfs_full/한양인터칼리지학부__HIC3026__인지발달과신경과학.pdf,not_found
HIC3027,InterDisciplinary Project,H0005006,한양인터칼리지학부,한양인터칼리지학부,2027/1 ~ 2029/2,,,,,0,0,2,outputs/pdfs_full/한양인터칼리지학부__HIC3027__InterDisciplinary_Project.pdf,not_found
HIC3028,임상신경과학,H0005006,한양인터칼리지학부,한양인터칼리지학부,2027/1 ~ 2029/2,,,,,0,0,2,outputs/pdfs_full/한양인터칼리지학부__HIC3028__임상신경과학.pdf,not_found
HIC3029,임상질환학,H0005006,한양인터칼리지학부,한양인터칼리지학부,2027/1 ~ 2029/2,,,,,0,0,2,outputs/pdfs_full/한양인터칼리지학부__HIC3029__임상질환학.pdf,not_found
HIC3030,임팩트비즈니스와임팩트이코노미,H0005006,한양인터칼리지학부,한양인터칼리지학부,2027/1 ~ 2029/2,,,,,0,0,2,outputs/pdfs_full/한양인터칼리지학부__HIC3030__임팩트비즈니스와임팩트이코노미.pdf,not_found
HIC3031,제품-서비스경험디자인,H0005006,한양인터칼리지학부,한양인터칼리지학부,2026/1 ~ 2028/2,2026,1,2026,1,3,1,4,outputs/pdfs_full/한양인터칼리지학부__HIC3031__제품-서비스경험디자인.pdf,ok
HIC3032,지식재산과사업화전략,H0005006,한양인터칼리지학부,한양인터칼리지학부,2027/1 ~ 2029/2,,,,,0,0,4,outputs/pdfs_full/한양인터칼리지학부__HIC3032__지식재산과사업화전략.pdf,not_found
HIC3033,혁신애널리틱스,H0005006,한양인터칼리지학부,한양인터칼리지학부,2027/1 ~ 2029/2,,,,,0,0,4,outputs/pdfs_full/한양인터칼리지학부__HIC3033__혁신애널리틱스.pdf,not_found
HIC3034,의학종양학,H0005006,한양인터칼리지학부,한양인터칼리지학부,2027/1 ~ 2029/2,,,,,0,0,2,outputs/pdfs_full/한양인터칼리지학부__HIC3034__의학종양학.pdf,not_found
HIC3035,줄기세포학,H0005006,한양인터칼리지학부,한양인터칼리지학부,2027/1 ~ 2029/2,,,,,0,0,2,outputs/pdfs_full/한양인터칼리지학부__HIC3035__줄기세포학.pdf,not_found
HIC4001,AI융합인지임상,H0005006,한양인터칼리지학부,한양인터칼리지학부,2028/1 ~ 2030/2,,,,,0,0,2,outputs/pdfs_full/한양인터칼리지학부__HIC4001__AI융합인지임상.pdf,not_found
HIC4002,HCI인지융합설계,H0005006,한양인터칼리지학부,한양인터칼리지학부,2028/1 ~ 2030/2,,,,,0,0,2,outputs/pdfs_full/한양인터칼리지학부__HIC4002__HCI인지융합설계.pdf,not_found
HIC4003,계산인지와행동분석,H0005006,한양인터칼리지학부,한양인터칼리지학부,2028/1 ~ 2030/2,,,,,0,0,2,outputs/pdfs_full/한양인터칼리지학부__HIC4003__계산인지와행동분석.pdf,not_found
HIC4004,국가발전의원리,H0005006,한양인터칼리지학부,한양인터칼리지학부,2028/1 ~ 2030/2,,,,,0,0,2,outputs/pdfs_full/한양인터칼리지학부__HIC4004__국가발전의원리.pdf,not_found
HIC4005,뇌신경공학,H0005006,한양인터칼리지학부,한양인터칼리지학부,2028/1 ~ 2030/2,,,,,0,0,2,outputs/pdfs_full/한양인터칼리지학부__HIC4005__뇌신경공학.pdf,not_found
HIC4006,딥테크혁신경영,H0005006,한양인터칼리지학부,한양인터칼리지학부,2028/1 ~ 2030/2,,,,,0,0,4,outputs/pdfs_full/한양인터칼리지학부__HIC4006__딥테크혁신경영.pdf,not_found
HIC4007,로컬리즘과리빙랩,H0005006,한양인터칼리지학부,한양인터칼리지학부,2026/1 ~ 2030/2,,,,,0,0,2,outputs/pdfs_full/한양인터칼리지학부__HIC4007__로컬리즘과리빙랩.pdf,not_found
HIC4008,리걸디자인,H0005006,한양인터칼리지학부,한양인터칼리지학부,2027/1 ~ 2029/2,,,,,0,0,4,outputs/pdfs_full/한양인터칼리지학부__HIC4008__리걸디자인.pdf,not_found
HIC4009,마음과기계:AI기반인지시스템의미래,H0005006,한양인터칼리지학부,한양인터칼리지학부,2028/1 ~ 2030/2,,,,,0,0,2,outputs/pdfs_full/한양인터칼리지학부__HIC4009__마음과기계_AI기반인지시스템의미래.pdf,not_found
HIC4010,바이오인공장기,H0005006,한양인터칼리지학부,한양인터칼리지학부,2028/1 ~ 2030/2,,,,,0,0,2,outputs/pdfs_full/한양인터칼리지학부__HIC4010__바이오인공장기.pdf,not_found
HIC4011,반도체결함제어및활용,H0005006,한양인터칼리지학부,한양인터칼리지학부,2028/1 ~ 2030/2,,,,,0,0,2,outputs/pdfs_full/한양인터칼리지학부__HIC4011__반도체결함제어및활용.pdf,not_found
HIC4012,반도체의현재와미래,H0005006,한양인터칼리지학부,한양인터칼리지학부,2028/1 ~ 2030/2,,,,,0,0,2,outputs/pdfs_full/한양인터칼리지학부__HIC4012__반도체의현재와미래.pdf,not_found
HIC4013,반도체패키징,H0005006,한양인터칼리지학부,한양인터칼리지학부,2028/1 ~ 2030/2,,,,,0,0,2,outputs/pdfs_full/한양인터칼리지학부__HIC4013__반도체패키징.pdf,not_found
HIC4014,반도체한계극복,H0005006,한양인터칼리지학부,한양인터칼리지학부,2028/1 ~ 2030/2,,,,,0,0,2,outputs/pdfs_full/한양인터칼리지학부__HIC4014__반도체한계극복.pdf,not_found
HIC4015,보건의료정책인턴쉽,H0005006,한양인터칼리지학부,한양인터칼리지학부,2028/1 ~ 2030/2,,,,,0,0,2,outputs/pdfs_full/한양인터칼리지학부__HIC4015__보건의료정책인턴쉽.pdf,not_found
HIC4016,생물수학,H0005006,한양인터칼리지학부,한양인터칼리지학부,2028/1 ~ 2030/2,,,,,0,0,2,outputs/pdfs_full/한양인터칼리지학부__HIC4016__생물수학.pdf,not_found
HIC4017,스타트업파이낸싱과투자,H0005006,한양인터칼리지학부,한양인터칼리지학부,2028/1 ~ 2030/2,,,,,0,0,4,outputs/pdfs_full/한양인터칼리지학부__HIC4017__스타트업파이낸싱과투자.pdf,not_found
HIC4018,오픈이노베이션과크로스섹터파트너십,H0005006,한양인터칼리지학부,한양인터칼리지학부,2026/1 ~ 2030/2,,,,,0,0,2,outputs/pdfs_full/한양인터칼리지학부__HIC4018__오픈이노베이션과크로스섹터파트너십.pdf,not_found
HIC4019,의학영상시스템,H0005006,한양인터칼리지학부,한양인터칼리지학부,2028/1 ~ 2030/2,,,,,0,0,2,outputs/pdfs_full/한양인터칼리지학부__HIC4019__의학영상시스템.pdf,not_found
HIC4020,인간답게사는법,H0005006,한양인터칼리지학부,한양인터칼리지학부,2028/1 ~ 2030/2,,,,,0,0,2,outputs/pdfs_full/한양인터칼리지학부__HIC4020__인간답게사는법.pdf,not_found
HIC4021,인지과학과AI융합:인지편향과AI윤리,H0005006,한양인터칼리지학부,한양인터칼리지학부,2027/1 ~ 2029/2,,,,,0,0,2,outputs/pdfs_full/한양인터칼리지학부__HIC4021__인지과학과AI융합_인지편향과AI윤리.pdf,not_found
HIC4022,TransDisciplinary Project,H0005006,한양인터칼리지학부,한양인터칼리지학부,2028/1 ~ 2030/2,,,,,0,0,2,outputs/pdfs_full/한양인터칼리지학부__HIC4022__TransDisciplinary_Project.pdf,not_found
HIC4023,임상유전체학,H0005006,한양인터칼리지학부,한양인터칼리지학부,2028/1 ~ 2030/2,,,,,0,0,2,outputs/pdfs_full/한양인터칼리지학부__HIC4023__임상유전체학.pdf,not_found
HIC4024,집단과심리치료,H0005006,한양인터칼리지학부,한양인터칼리지학부,2027/1 ~ 2029/2,,,,,0,0,2,outputs/pdfs_full/한양인터칼리지학부__HIC4024__집단과심리치료.pdf,not_found
HIC4025,차세대유연전자소자,H0005006,한양인터칼리지학부,한양인터칼리지학부,2028/1 ~ 2030/2,,,,,0,0,2,outputs/pdfs_full/한양인터칼리지학부__HIC4025__차세대유연전자소자.pdf,not_found
HIC4026,헬스케어소프트웨어설계및실습,H0005006,한양인터칼리지학부,한양인터칼리지학부,2028/1 ~ 2030/2,,,,,0,0,2,outputs/pdfs_full/한양인터칼리지학부__HIC4026__헬스케어소프트웨어설계및실습.pdf,not_found
HIC4027,환경과건강,H0005006,한양인터칼리지학부,한양인터칼리지학부,2028/1 ~ 2030/2,,,,,0,0,2,outputs/pdfs_full/한양인터칼리지학부__HIC4027__환경과건강.pdf,not_found
HIS1005,역사연구방법론,H0002814,사학과,사학(학부-인문과/서울),2008/1 ~ 2027/2,2022,2,2025,2,21,4,1,outputs/pdfs_full/사학과__HIS1005__역사연구방법론.pdf,ok
HIS1006,한국역사학입문,H0002814,사학과,사학(학부-인문과/서울),2009/1 ~ 2027/2,2022,1,2026,1,28,5,1,outputs/pdfs_full/사학과__HIS1006__한국역사학입문.pdf,ok
HIS1007,동아시아사연구입문,H0002814,사학과,사학(학부-인문과/서울),2016/1 ~ 2027/2,2022,1,2026,1,27,5,1,outputs/pdfs_full/사학과__HIS1007__동아시아사연구입문.pdf,ok
HIS1008,한국문화유산의이해,H0002814,사학과,사학(학부-인문과/서울),2024/1 ~ 2027/2,2024,2,2025,2,10,2,1,outputs/pdfs_full/사학과__HIS1008__한국문화유산의이해.pdf,ok
HIS1009,지역사연구의이론과실습,H0002814,사학과,사학(학부-인문과/서울),2025/1 ~ 2028/2,2025,1,2026,1,8,2,1,outputs/pdfs_full/사학과__HIS1009__지역사연구의이론과실습.pdf,ok
HIS2003,한국고대사,H0002814,사학과,사학(학부-인문과/서울),1994/1 ~ 2028/2,2022,2,2025,2,22,4,1,outputs/pdfs_full/사학과__HIS2003__한국고대사.pdf,ok
HIS2006,한국고고미술사,H0002814,사학과,사학(학부-인문과/서울),1992/1 ~ 2016/2,2012,1,2016,1,23,5,1,outputs/pdfs_full/사학과__HIS2006__한국고고미술사.pdf,ok
HIS2011,중국고중세사,H0002814,사학과,사학(학부-인문과/서울),1990/1 ~ 2028/2,2025,1,2026,1,7,2,1,outputs/pdfs_full/사학과__HIS2011__중국고중세사.pdf,ok
HIS2027,동아시아비교경제사,H0002814,사학과,사학(학부-인문과/서울),2007/1 ~ 2030/2,2022,1,2025,2,10,4,2,outputs/pdfs_full/사학과__HIS2027__동아시아비교경제사.pdf,ok
HIS2032,한국고전과역사의만남,H0002814,사학과,사학(학부-인문과/서울),2006/1 ~ 2028/2,2022,1,2026,1,24,5,1,outputs/pdfs_full/사학과__HIS2032__한국고전과역사의만남.pdf,ok
HIS2034,중국고전과역사의만남,H0002814,사학과,사학(학부-인문과/서울),2006/1 ~ 2027/2,2022,2,2025,2,20,4,1,outputs/pdfs_full/사학과__HIS2034__중국고전과역사의만남.pdf,ok
HIS2035,글로벌시대역사사료읽기,H0002814,사학과,사학(학부-인문과/서울),2006/1 ~ 2028/2,2022,1,2026,1,27,5,1,outputs/pdfs_full/사학과__HIS2035__글로벌시대역사사료읽기.pdf,ok
HIS2036,그리스. 로마와그리스도교세계,H0002814,사학과,사학(학부-인문과/서울),2006/1 ~ 2016/2,2012,1,2016,1,21,5,1,outputs/pdfs_full/사학과__HIS2036__그리스._로마와그리스도교세계.pdf,ok
HIS2038,중국문명의기원과국가의발전,H0002814,사학과,사학(학부-인문과/서울),2006/1 ~ 2024/2,2020,1,2024,1,24,5,1,outputs/pdfs_full/사학과__HIS2038__중국문명의기원과국가의발전.pdf,ok
HIS2039,동아시아세계속의일본사,H0002814,사학과,사학(학부-인문과/서울),2007/1 ~ 2030/2,2022,2,2025,2,18,4,1,outputs/pdfs_full/사학과__HIS2039__동아시아세계속의일본사.pdf,ok
HIS2040,글로벌서양사,H0002814,사학과,사학(학부-인문과/서울),2006/1 ~ 2029/2,2022,1,2026,1,24,5,2,outputs/pdfs_full/사학과__HIS2040__글로벌서양사.pdf,ok
HIS2064,서양과학기술의역사적전개,H0002814,사학과,사학(학부-인문과/서울),2006/1 ~ 2016/2,2010,2,2014,2,21,5,2,outputs/pdfs_full/사학과__HIS2064__서양과학기술의역사적전개.pdf,ok
HIS2065,중국전통과학기술의역사적전개,H0002814,사학과,사학(학부-인문과/서울),2007/1 ~ 2018/2,2011,2,2018,1,23,5,2,outputs/pdfs_full/사학과__HIS2065__중국전통과학기술의역사적전개.pdf,ok
HIS2066,고려시대사와문명교류,H0002814,사학과,사학(학부-인문과/서울),2010/1 ~ 2029/2,2022,1,2026,1,23,5,1,outputs/pdfs_full/사학과__HIS2066__고려시대사와문명교류.pdf,ok
HIS2067,일제지배정책과한국독립운동,H0002814,사학과,사학(학부-인문과/서울),2010/1 ~ 2030/2,2022,2,2025,2,8,4,1,outputs/pdfs_full/사학과__HIS2067__일제지배정책과한국독립운동.pdf,ok
HIS2068,문화유적답사Ⅰ,H0002814,사학과,사학(학부-인문과/서울),2010/1 ~ 2016/2,2010,2,2015,2,9,5,1,outputs/pdfs_full/사학과__HIS2068__문화유적답사I.pdf,ok
HIS2069,사료로읽는아시아사,H0002814,사학과,사학(학부-인문과/서울),2017/1 ~ 2028/2,2022,1,2026,1,21,5,1,outputs/pdfs_full/사학과__HIS2069__사료로읽는아시아사.pdf,ok
HIS3006,서양사학사,H0002814,사학과,사학(학부-인문과/서울),1991/1 ~ 2029/2,2022,2,2025,2,20,4,1,outputs/pdfs_full/사학과__HIS3006__서양사학사.pdf,ok
HIS3012,한국근대사와문화접촉,H0002814,사학과,사학(학부-인문과/서울),1991/1 ~ 2029/2,2022,1,2026,1,16,5,2,outputs/pdfs_full/사학과__HIS3012__한국근대사와문화접촉.pdf,ok
HIS3020,일본근현대사,H0002814,사학과,사학(학부-인문과/서울),1991/1 ~ 2017/2,2013,2,2017,2,18,5,1,outputs/pdfs_full/사학과__HIS3020__일본근현대사.pdf,ok
HIS3027,근대중국과동아시아,H0002814,사학과,사학(학부-인문과/서울),2007/1 ~ 2029/2,2022,1,2026,1,23,5,2,outputs/pdfs_full/사학과__HIS3027__근대중국과동아시아.pdf,ok
HIS3030,중화제국의발전과유목세계,H0002814,사학과,사학(학부-인문과/서울),2006/1 ~ 2028/2,2022,2,2025,2,19,4,1,outputs/pdfs_full/사학과__HIS3030__중화제국의발전과유목세계.pdf,ok
HIS3036,시민혁명과볼세비키혁명,H0002814,사학과,사학(학부-인문과/서울),2007/1 ~ 2017/2,2013,2,2017,2,21,5,1,outputs/pdfs_full/사학과__HIS3036__시민혁명과볼세비키혁명.pdf,ok
HIS3037,중국역사가와역사서,H0002814,사학과,사학(학부-인문과/서울),2011/1 ~ 2017/2,2011,1,2017,2,21,5,1,outputs/pdfs_full/사학과__HIS3037__중국역사가와역사서.pdf,ok
HIS3038,동아시아속의조선시대사,H0002814,사학과,사학(학부-인문과/서울),2011/1 ~ 2029/2,2022,2,2025,2,17,4,1,outputs/pdfs_full/사학과__HIS3038__동아시아속의조선시대사.pdf,ok
HIS3058,법과젠더의역사,H0002814,사학과,사학(학부-인문과/서울),2007/1 ~ 2030/2,2021,1,2026,1,23,5,1,outputs/pdfs_full/사학과__HIS3058__법과젠더의역사.pdf,ok
HIS3059,현대과학기술의역사적쟁점,H0002814,사학과,사학(학부-인문과/서울),2007/1 ~ 2017/2,2011,1,2015,1,18,5,2,outputs/pdfs_full/사학과__HIS3059__현대과학기술의역사적쟁점.pdf,ok
HIS3060,역사콘텐츠실습,H0002814,사학과,사학(학부-인문과/서울),2007/1 ~ 2030/2,2017,1,2024,2,14,4,1,outputs/pdfs_full/사학과__HIS3060__역사콘텐츠실습.pdf,ok
HIS3061,유럽사특강,H0002814,사학과,사학(학부-인문과/서울),2007/1 ~ 2028/2,2022,2,2025,2,22,4,1,outputs/pdfs_full/사학과__HIS3061__유럽사특강.pdf,ok
HIS3064,폭력과서양문명,H0002814,사학과,사학(학부-인문과/서울),2011/1 ~ 2021/2,2016,2,2021,2,27,5,1,outputs/pdfs_full/사학과__HIS3064__폭력과서양문명.pdf,ok
HIS3065,한국사와공공역사,H0002814,사학과,사학(학부-인문과/서울),2011/1 ~ 2030/2,2022,1,2026,1,18,5,2,outputs/pdfs_full/사학과__HIS3065__한국사와공공역사.pdf,ok
HIS3066,중국지성사,H0002814,사학과,사학(학부-인문과/서울),2011/1 ~ 2016/2,2011,2,2016,1,13,4,1,outputs/pdfs_full/사학과__HIS3066__중국지성사.pdf,ok
HIS3067,문화유적답사Ⅱ,H0002814,사학과,사학(학부-인문과/서울),2012/1 ~ 2018/2,2014,1,2018,1,10,5,1,outputs/pdfs_full/사학과__HIS3067__문화유적답사II.pdf,ok
HIS4006,한국사회경제사,H0002814,사학과,사학(학부-인문과/서울),1995/1 ~ 2017/2,2012,1,2017,1,29,5,2,outputs/pdfs_full/사학과__HIS4006__한국사회경제사.pdf,ok
HIS4009,한국현대사,H0002814,사학과,사학(학부-인문과/서울),1992/1 ~ 2029/2,2020,2,2023,2,19,4,2,outputs/pdfs_full/사학과__HIS4009__한국현대사.pdf,ok
HIS4027,현대중국의탄생,H0002814,사학과,사학(학부-인문과/서울),2008/1 ~ 2029/2,2022,2,2025,2,20,4,1,outputs/pdfs_full/사학과__HIS4027__현대중국의탄생.pdf,ok
HIS4029,북한현대사의이해,H0002814,사학과,사학(학부-인문과/서울),2012/1 ~ 2018/2,2014,2,2018,2,26,5,1,outputs/pdfs_full/사학과__HIS4029__북한현대사의이해.pdf,ok
HIS4031,중국여성의사회사,H0002814,사학과,사학(학부-인문과/서울),2008/1 ~ 2018/2,2011,2,2018,2,14,4,1,outputs/pdfs_full/사학과__HIS4031__중국여성의사회사.pdf,ok
HIS4032,서양현대사특강,H0002814,사학과,사학(학부-인문과/서울),2008/1 ~ 2030/2,2022,1,2026,1,23,5,1,outputs/pdfs_full/사학과__HIS4032__서양현대사특강.pdf,ok
HIS4034,제노사이드의역사,H0002814,사학과,사학(학부-인문과/서울),2012/1 ~ 2018/2,2014,1,2018,1,22,5,1,outputs/pdfs_full/사학과__HIS4034__제노사이드의역사.pdf,ok
HIS4035,동서문화교류사,H0002814,사학과,사학(학부-인문과/서울),2012/1 ~ 2018/2,2013,2,2018,2,17,5,1,outputs/pdfs_full/사학과__HIS4035__동서문화교류사.pdf,ok
HIS4059,중국사회변천사,H0002814,사학과,사학(학부-인문과/서울),2008/1 ~ 2016/2,2011,1,2015,2,11,3,1,outputs/pdfs_full/사학과__HIS4059__중국사회변천사.pdf,ok
HIS4061,민족주의와제국주의,H0002814,사학과,사학(학부-인문과/서울),2008/1 ~ 2021/2,2017,1,2021,1,22,5,1,outputs/pdfs_full/사학과__HIS4061__민족주의와제국주의.pdf,ok
HIS4062,서양사회경제사의대안적상상,H0002814,사학과,사학(학부-인문과/서울),2008/1 ~ 2030/2,2022,2,2025,2,15,4,1,outputs/pdfs_full/사학과__HIS4062__서양사회경제사의대안적상상.pdf,ok
HIS4063,한국생활문화사,H0002814,사학과,사학(학부-인문과/서울),2008/1 ~ 2018/2,2014,2,2018,1,19,5,1,outputs/pdfs_full/사학과__HIS4063__한국생활문화사.pdf,ok
HIS4064,한국고대사의제문제,H0002814,사학과,사학(학부-인문과/서울),2016/1 ~ 2018/2,2018,2,2018,2,6,1,1,outputs/pdfs_full/사학과__HIS4064__한국고대사의제문제.pdf,ok
HIS4066,역사학위논문지도2,H0002814,사학과,사학(학부-인문과/서울),2016/2 ~ 2022/2,2019,2,2022,2,9,3,1,outputs/pdfs_full/사학과__HIS4066__역사학위논문지도2.pdf,ok
HOE4005,식생활관리,H0003584,식품영양학과,식품영양학과,2013/1 ~ 2028/2,2022,1,2026,1,24,5,1,outputs/pdfs_full/식품영양학과__HOE4005__식생활관리.pdf,ok
HOM1004,기초조형2,H0003585,실내건축디자인학과,실내건축디자인학과,2013/1 ~ 2025/2,2021,2,2025,2,22,5,1,outputs/pdfs_full/실내건축디자인학과__HOM1004__기초조형2.pdf,ok
HOM1005,실내건축제도,H0003585,실내건축디자인학과,실내건축디자인학과,2013/1 ~ 2025/2,2021,1,2025,1,28,5,1,outputs/pdfs_full/실내건축디자인학과__HOM1005__실내건축제도.pdf,ok
HOM1006,건축3D모델링1,H0003585,실내건축디자인학과,실내건축디자인학과,2013/1 ~ 2028/2,2022,2,2026,1,31,5,1,outputs/pdfs_full/실내건축디자인학과__HOM1006__건축3D모델링1.pdf,ok
HOM1007,공간기초스튜디오,H0003585,실내건축디자인학과,실내건축디자인학과,2013/1 ~ 2027/2,2022,2,2025,2,19,4,1,outputs/pdfs_full/실내건축디자인학과__HOM1007__공간기초스튜디오.pdf,ok
HOM1008,실내건축디자인론,H0003585,실내건축디자인학과,실내건축디자인학과,2013/1 ~ 2028/2,2022,1,2026,1,34,5,1,outputs/pdfs_full/실내건축디자인학과__HOM1008__실내건축디자인론.pdf,ok
HOM1009,공간과문화컨텐츠,H0003585,실내건축디자인학과,실내건축디자인학과,2016/1 ~ 2025/2,2021,1,2025,1,25,5,1,outputs/pdfs_full/실내건축디자인학과__HOM1009__공간과문화컨텐츠.pdf,ok
HOM2013,인간자원개발론,H0002718,교육학과,교육학과(학부/서울),1995/1 ~ 2014/2,2014,2,2020,2,22,5,2,outputs/pdfs_full/교육학과__HOM2013__인간자원개발론.pdf,ok
HOM2021,공간디자인스튜디오1,H0003585,실내건축디자인학과,실내건축디자인학과,2014/1 ~ 2028/2,2022,1,2026,1,22,5,1,outputs/pdfs_full/실내건축디자인학과__HOM2021__공간디자인스튜디오1.pdf,ok
HOM2022,동서양건축양식사,H0003585,실내건축디자인학과,실내건축디자인학과,2014/1 ~ 2022/2,2018,1,2022,1,32,5,1,outputs/pdfs_full/실내건축디자인학과__HOM2022__동서양건축양식사.pdf,ok
HOM2023,기초조형,H0003585,실내건축디자인학과,실내건축디자인학과,2014/1 ~ 2027/2,2022,1,2026,1,21,5,1,outputs/pdfs_full/실내건축디자인학과__HOM2023__기초조형.pdf,ok
HOM2024,공간디자인스튜디오2,H0003585,실내건축디자인학과,실내건축디자인학과,2014/1 ~ 2028/2,2022,2,2025,2,17,4,1,outputs/pdfs_full/실내건축디자인학과__HOM2024__공간디자인스튜디오2.pdf,ok
HOM2025,실내계획론,H0003585,실내건축디자인학과,실내건축디자인학과,2014/1 ~ 2028/2,2022,2,2025,2,25,4,1,outputs/pdfs_full/실내건축디자인학과__HOM2025__실내계획론.pdf,ok
HOM2026,실내건축재료및구조학,H0003585,실내건축디자인학과,실내건축디자인학과,2014/1 ~ 2018/2,2014,2,2018,1,15,4,1,outputs/pdfs_full/실내건축디자인학과__HOM2026__실내건축재료및구조학.pdf,ok
HOM2027,건축3D모델링2,H0003585,실내건축디자인학과,실내건축디자인학과,2014/1 ~ 2028/2,2022,2,2025,2,23,4,1,outputs/pdfs_full/실내건축디자인학과__HOM2027__건축3D모델링2.pdf,ok
HOM2028,근거기반디자인,H0003585,실내건축디자인학과,실내건축디자인학과,2022/2 ~ 2026/1,2022,2,2025,2,17,4,1,outputs/pdfs_full/실내건축디자인학과__HOM2028__근거기반디자인.pdf,ok
HOM2029,공간사용자경험,H0003585,실내건축디자인학과,실내건축디자인학과,2026/2 ~ 2028/2,,,,,0,0,1,outputs/pdfs_full/실내건축디자인학과__HOM2029__공간사용자경험.pdf,not_found
HOM3030,디자인경영과캡스톤디자인,H0003585,실내건축디자인학과,실내건축디자인학과,2013/1 ~ 2029/2,2022,2,2025,2,14,4,1,outputs/pdfs_full/실내건축디자인학과__HOM3030__디자인경영과캡스톤디자인.pdf,ok
HOM3031,실내건축스튜디오1,H0003585,실내건축디자인학과,실내건축디자인학과,2015/1 ~ 2029/2,2022,1,2026,1,24,5,1,outputs/pdfs_full/실내건축디자인학과__HOM3031__실내건축스튜디오1.pdf,ok
HOM3032,실내조명디자인,H0003585,실내건축디자인학과,실내건축디자인학과,2015/1 ~ 2017/2,2015,1,2017,1,7,2,1,outputs/pdfs_full/실내건축디자인학과__HOM3032__실내조명디자인.pdf,ok
HOM3033,실내건축구조학,H0003585,실내건축디자인학과,실내건축디자인학과,2015/1 ~ 2017/2,2015,1,2016,1,9,2,1,outputs/pdfs_full/실내건축디자인학과__HOM3033__실내건축구조학.pdf,ok
HOM3034,디지털디자인과BIM,H0003585,실내건축디자인학과,실내건축디자인학과,2015/1 ~ 2029/2,2022,1,2025,2,23,4,1,outputs/pdfs_full/실내건축디자인학과__HOM3034__디지털디자인과BIM.pdf,ok
HOM3035,실내디자인경영,H0003585,실내건축디자인학과,실내건축디자인학과,2015/1 ~ 2022/2,,,,,0,0,1,outputs/pdfs_full/실내건축디자인학과__HOM3035__실내디자인경영.pdf,not_found
HOM3036,현대실내건축사,H0003585,실내건축디자인학과,실내건축디자인학과,2015/1 ~ 2029/2,2022,2,2026,1,28,5,1,outputs/pdfs_full/실내건축디자인학과__HOM3036__현대실내건축사.pdf,ok
HOM3037,디지털디자인2,H0003585,실내건축디자인학과,실내건축디자인학과,2015/1 ~ 2017/2,2015,2,2017,2,13,3,1,outputs/pdfs_full/실내건축디자인학과__HOM3037__디지털디자인2.pdf,ok
HOM3038,설비및법규,H0003585,실내건축디자인학과,실내건축디자인학과,2015/1 ~ 2029/2,2022,2,2025,2,12,4,1,outputs/pdfs_full/실내건축디자인학과__HOM3038__설비및법규.pdf,ok
HOM3039,실내건축스튜디오2,H0003585,실내건축디자인학과,실내건축디자인학과,2015/1 ~ 2029/2,2022,2,2025,2,20,4,1,outputs/pdfs_full/실내건축디자인학과__HOM3039__실내건축스튜디오2.pdf,ok
HOM3040,실내건축캡스톤디자인1,H0003585,실내건축디자인학과,실내건축디자인학과,2013/1 ~ 2017/2,2013,2,2017,2,13,5,1,outputs/pdfs_full/실내건축디자인학과__HOM3040__실내건축캡스톤디자인1.pdf,ok
HOM3041,피지컬컴퓨팅개론,H0003585,실내건축디자인학과,실내건축디자인학과,2018/1 ~ 2029/2,2022,2,2025,2,11,4,1,outputs/pdfs_full/실내건축디자인학과__HOM3041__피지컬컴퓨팅개론.pdf,ok
HOM3042,가구디자인과디지털패브리케이션,H0003585,실내건축디자인학과,실내건축디자인학과,2018/1 ~ 2029/2,2022,1,2026,1,15,5,1,outputs/pdfs_full/실내건축디자인학과__HOM3042__가구디자인과디지털패브리케이션.pdf,ok
HOM3043,디지털미디어와디자인,H0003585,실내건축디자인학과,실내건축디자인학과,2019/1 ~ 2029/2,2022,1,2026,1,21,5,1,outputs/pdfs_full/실내건축디자인학과__HOM3043__디지털미디어와디자인.pdf,ok
HOM4017,실내건축시공구조및디테일,H0003585,실내건축디자인학과,실내건축디자인학과,2013/1 ~ 2030/2,2022,1,2026,1,23,5,1,outputs/pdfs_full/실내건축디자인학과__HOM4017__실내건축시공구조및디테일.pdf,ok
HOM4021,졸업작품캡스톤디자인1,H0003585,실내건축디자인학과,실내건축디자인학과,2013/1 ~ 2030/2,2022,1,2026,1,16,5,1,outputs/pdfs_full/실내건축디자인학과__HOM4021__졸업작품캡스톤디자인1.pdf,ok
HOM4022,졸업작품캡스톤디자인2,H0003585,실내건축디자인학과,실내건축디자인학과,2013/1 ~ 2030/2,2022,2,2025,2,13,4,1,outputs/pdfs_full/실내건축디자인학과__HOM4022__졸업작품캡스톤디자인2.pdf,ok
HOM4023,환경캡스톤디자인1,H0003585,실내건축디자인학과,실내건축디자인학과,2013/1 ~ 2019/2,2015,1,2019,1,14,5,1,outputs/pdfs_full/실내건축디자인학과__HOM4023__환경캡스톤디자인1.pdf,ok
HOM4024,환경캡스톤디자인2,H0003585,실내건축디자인학과,실내건축디자인학과,2013/1 ~ 2019/2,2015,2,2019,2,16,5,1,outputs/pdfs_full/실내건축디자인학과__HOM4024__환경캡스톤디자인2.pdf,ok
HOM4025,디자인컴퓨팅,H0003585,실내건축디자인학과,실내건축디자인학과,2016/1 ~ 2030/2,2022,1,2026,1,14,5,1,outputs/pdfs_full/실내건축디자인학과__HOM4025__디자인컴퓨팅.pdf,ok
HOM4026,실내건축비평,H0003585,실내건축디자인학과,실내건축디자인학과,2016/1 ~ 2018/2,2018,1,2018,1,5,1,1,outputs/pdfs_full/실내건축디자인학과__HOM4026__실내건축비평.pdf,ok
HOM4027,현대실내공간론,H0003585,실내건축디자인학과,실내건축디자인학과,2016/1 ~ 2022/2,,,,,0,0,1,outputs/pdfs_full/실내건축디자인학과__HOM4027__현대실내공간론.pdf,not_found
HOM4028,디자인연구,H0003585,실내건축디자인학과,실내건축디자인학과,2016/1 ~ 2018/2,2017,2,2018,2,6,2,1,outputs/pdfs_full/실내건축디자인학과__HOM4028__디자인연구.pdf,ok
HOM4029,FM과디자인,H0003585,실내건축디자인학과,실내건축디자인학과,2016/1 ~ 2018/2,2016,2,2018,2,15,3,1,outputs/pdfs_full/실내건축디자인학과__HOM4029__FM과디자인.pdf,ok
HOM4030,유니버설디자인,H0003585,실내건축디자인학과,실내건축디자인학과,2016/1 ~ 2018/2,2018,2,2018,2,3,1,1,outputs/pdfs_full/실내건축디자인학과__HOM4030__유니버설디자인.pdf,ok
HOM4031,실내건축캡스톤디자인2,H0003585,실내건축디자인학과,실내건축디자인학과,2013/1 ~ 2018/2,2013,2,2017,2,10,5,1,outputs/pdfs_full/실내건축디자인학과__HOM4031__실내건축캡스톤디자인2.pdf,ok
HOM4032,FM리서치프로젝트,H0003585,실내건축디자인학과,실내건축디자인학과,2019/1 ~ 2026/2,2019,1,2022,1,11,4,1,outputs/pdfs_full/실내건축디자인학과__HOM4032__FM리서치프로젝트.pdf,ok
HOM4033,FM과공간,H0003585,실내건축디자인학과,실내건축디자인학과,2019/1 ~ 2026/2,2020,2,2020,2,5,1,1,outputs/pdfs_full/실내건축디자인학과__HOM4033__FM과공간.pdf,ok
HOM4034,디자인리서치방법론,H0003585,실내건축디자인학과,실내건축디자인학과,2019/1 ~ 2030/2,2020,2,2025,2,23,5,1,outputs/pdfs_full/실내건축디자인학과__HOM4034__디자인리서치방법론.pdf,ok
HOM4035,VR/AR디자인,H0003585,실내건축디자인학과,실내건축디자인학과,2020/1 ~ 2026/2,2020,1,2022,1,11,3,1,outputs/pdfs_full/실내건축디자인학과__HOM4035__VR_AR디자인.pdf,ok
HOM4036,실무다큐멘테이션,H0003585,실내건축디자인학과,실내건축디자인학과,2020/1 ~ 2030/2,2022,2,2025,2,11,4,1,outputs/pdfs_full/실내건축디자인학과__HOM4036__실무다큐멘테이션.pdf,ok
HOM4037,디자인데이터분석,H0003585,실내건축디자인학과,실내건축디자인학과,2022/2 ~ 2030/2,2022,2,2025,2,22,4,1,outputs/pdfs_full/실내건축디자인학과__HOM4037__디자인데이터분석.pdf,ok
HOM4038,디자인아카데믹라이팅,H0003585,실내건축디자인학과,실내건축디자인학과,2023/1 ~ 2030/2,,,,,0,0,1,outputs/pdfs_full/실내건축디자인학과__HOM4038__디자인아카데믹라이팅.pdf,not_found
HOM4039,실내공간재료학,H0003585,실내건축디자인학과,실내건축디자인학과,2023/1 ~ 2029/2,2023,1,2026,1,14,4,1,outputs/pdfs_full/실내건축디자인학과__HOM4039__실내공간재료학.pdf,ok
HOM4040,디자인연구,H0003585,실내건축디자인학과,실내건축디자인학과,2023/1 ~ 2030/2,2023,1,2026,1,15,4,1,outputs/pdfs_full/실내건축디자인학과__HOM4040__디자인연구.pdf,ok
HOM4041,AIxDesign리서치,H0003585,실내건축디자인학과,실내건축디자인학과,2026/2 ~ 2030/2,,,,,0,0,1,outputs/pdfs_full/실내건축디자인학과__HOM4041__AIxDesign리서치.pdf,not_found
HUM1002,언어와시민교양(PBL),H0002719,국어교육과,국어교육과(학부/서울),2005/1 ~ 2027/2,2022,1,2026,1,19,5,1,outputs/pdfs_full/국어교육과__HUM1002__언어와시민교양(PBL).pdf,ok
HYP1002,정보시스템HY-UP(실용연구실습)1,H0002867,정보시스템학과,정보시스템학과(학과/서울),2026/1 ~ 2029/2,2026,1,2026,1,1,1,1,outputs/pdfs_full/정보시스템학과__HYP1002__정보시스템HY-UP(실용연구실습)1.pdf,ok
HYP1003,간호학HY-UP(실용연구실습)1,H0004816,간호학과,간호학과,2024/1 ~ 2029/2,2024,1,2026,1,3,3,1,outputs/pdfs_full/간호학과__HYP1003__간호학HY-UP(실용연구실습)1.pdf,ok
HYP1004,스포츠사이언스HY-UP(실용연구실습)1,H0004708,스포츠사이언스전공,스포츠사이언스전공,2024/1 ~ 2029/2,2024,1,2026,1,3,3,1,outputs/pdfs_full/스포츠사이언스전공__HYP1004__스포츠사이언스HY-UP(실용연구실습)1.pdf,ok
HYP1005,미래자동차공학HY-UP(실용연구실습)1,H0004800,미래자동차기술융합전공,미래자동차기술융합전공,2026/1 ~ 2029/2,2026,1,2026,1,1,1,1,outputs/pdfs_full/미래자동차기술융합전공__HYP1005__미래자동차공학HY-UP(실용연구실습)1.pdf,ok
HYP1006,바이오메디컬공학HY-UP(실용연구실습)1,H0004701,바이오메디컬공학전공,바이오메디컬공학전공,2026/1 ~ 2029/2,,,,,0,0,1,outputs/pdfs_full/바이오메디컬공학전공__HYP1006__바이오메디컬공학HY-UP(실용연구실습)1.pdf,not_found
HYP1007,경영학HY-UP(실용연구실습)1,H0002894,경영학부,경영학부(학부/서울/경영),2026/1 ~ 2029/2,,,,,0,0,2,outputs/pdfs_full/경영학부__HYP1007__경영학HY-UP(실용연구실습)1.pdf,not_found
HYP1011,심리뇌과학HY-UP(실용연구실습)1,H0004743,심리뇌과학전공,심리뇌과학전공,2026/1 ~ 2029/2,2026,1,2026,1,1,1,1,outputs/pdfs_full/심리뇌과학전공__HYP1011__심리뇌과학HY-UP(실용연구실습)1.pdf,ok
HYP1012,데이터사이언스HY-UP(실용연구실습)1,H0004744,데이터사이언스전공,데이터사이언스전공,2026/1 ~ 2029/2,2026,1,2026,1,1,1,1,outputs/pdfs_full/데이터사이언스전공__HYP1012__데이터사이언스HY-UP(실용연구실습)1.pdf,ok
HYP1013,도시공학HY-UP(실용연구실습)1,H0002570,도시공학과,도시공학과(학부/서울),2026/1 ~ 2029/2,2026,1,2026,1,1,1,1,outputs/pdfs_full/도시공학과__HYP1013__도시공학HY-UP(실용연구실습)1.pdf,ok
HYP1018,융합전자공학HY-UP(실용연구실습)1,H0002575,융합전자공학부,융합전자공학부,2026/1 ~ 2029/2,,,,,0,0,1,outputs/pdfs_full/융합전자공학부__HYP1018__융합전자공학HY-UP(실용연구실습)1.pdf,not_found
HYP1019,컴퓨터소프트웨어HY-UP(실용연구실습)1,H0004134,컴퓨터소프트웨어학부,컴퓨터소프트웨어학부,2026/1 ~ 2029/2,2026,1,2026,1,1,1,1,outputs/pdfs_full/컴퓨터소프트웨어학부__HYP1019__컴퓨터소프트웨어HY-UP(실용연구실습)1.pdf,ok
HYP1020,수학HY-UP(실용연구실습)1,H0003560,수학과,수학과,2024/1 ~ 2029/2,2024,1,2026,1,3,3,1,outputs/pdfs_full/수학과__HYP1020__수학HY-UP(실용연구실습)1.pdf,ok
HYP1022,독어독문학HY-UP(실용연구실습)1,H0002801,독어독문학과,독어독문학(학부/서울),2025/1 ~ 2029/2,,,,,0,0,1,outputs/pdfs_full/독어독문학과__HYP1022__독어독문학HY-UP(실용연구실습)1.pdf,not_found
HYP1023,전기공학HY-UP(실용연구실습)1,H0002520,전기공학전공,전기공학전공(학부/서울),2026/1 ~ 2029/2,2026,1,2026,1,1,1,1,outputs/pdfs_full/전기공학전공__HYP1023__전기공학HY-UP(실용연구실습)1.pdf,ok
HYP1024,중어중문학HY-UP(실용연구실습)1,H0002809,중어중문학과,중어중문학(학부/서울),2026/1 ~ 2029/2,,,,,0,0,1,outputs/pdfs_full/중어중문학과__HYP1024__중어중문학HY-UP(실용연구실습)1.pdf,not_found
HYP2001,간호학HY-UP(실용연구실습)2,H0004816,간호학과,간호학과,2023/2 ~ 2029/2,2023,2,2023,2,1,1,1,outputs/pdfs_full/간호학과__HYP2001__간호학HY-UP(실용연구실습)2.pdf,ok
HYP2002,정보시스템HY-UP(실용연구실습)2,H0002867,정보시스템학과,정보시스템학과(학과/서울),2026/1 ~ 2029/2,,,,,0,0,1,outputs/pdfs_full/정보시스템학과__HYP2002__정보시스템HY-UP(실용연구실습)2.pdf,not_found
HYP2003,스포츠사이언스HY-UP(실용연구실습)2,H0004708,스포츠사이언스전공,스포츠사이언스전공,2024/1 ~ 2029/2,2025,2,2025,2,1,1,1,outputs/pdfs_full/스포츠사이언스전공__HYP2003__스포츠사이언스HY-UP(실용연구실습)2.pdf,ok
HYP2004,미래자동차공학HY-UP(실용연구실습)2,H0004800,미래자동차기술융합전공,미래자동차기술융합전공,2026/1 ~ 2029/2,,,,,0,0,1,outputs/pdfs_full/미래자동차기술융합전공__HYP2004__미래자동차공학HY-UP(실용연구실습)2.pdf,not_found
HYP2005,바이오메디컬공학HY-UP(실용연구실습)2,H0004701,바이오메디컬공학전공,바이오메디컬공학전공,2026/1 ~ 2029/2,,,,,0,0,1,outputs/pdfs_full/바이오메디컬공학전공__HYP2005__바이오메디컬공학HY-UP(실용연구실습)2.pdf,not_found
HYP2006,경영학HY-UP(실용연구실습)2,H0002894,경영학부,경영학부(학부/서울/경영),2026/1 ~ 2029/2,,,,,0,0,2,outputs/pdfs_full/경영학부__HYP2006__경영학HY-UP(실용연구실습)2.pdf,not_found
HYP2009,심리뇌과학HY-UP(실용연구실습)2,H0004743,심리뇌과학전공,심리뇌과학전공,2026/1 ~ 2029/2,,,,,0,0,1,outputs/pdfs_full/심리뇌과학전공__HYP2009__심리뇌과학HY-UP(실용연구실습)2.pdf,not_found
HYP2010,데이터사이언스HY-UP(실용연구실습)2,H0004744,데이터사이언스전공,데이터사이언스전공,2026/1 ~ 2029/2,,,,,0,0,1,outputs/pdfs_full/데이터사이언스전공__HYP2010__데이터사이언스HY-UP(실용연구실습)2.pdf,not_found
HYP2011,도시공학HY-UP(실용연구실습)2,H0002570,도시공학과,도시공학과(학부/서울),2026/1 ~ 2029/2,,,,,0,0,1,outputs/pdfs_full/도시공학과__HYP2011__도시공학HY-UP(실용연구실습)2.pdf,not_found
HYP2016,융합전자공학HY-UP(실용연구실습)2,H0002575,융합전자공학부,융합전자공학부,2026/1 ~ 2029/2,,,,,0,0,1,outputs/pdfs_full/융합전자공학부__HYP2016__융합전자공학HY-UP(실용연구실습)2.pdf,not_found
HYP2017,수학HY-UP(실용연구실습)2,H0003560,수학과,수학과,2026/1 ~ 2029/2,,,,,0,0,1,outputs/pdfs_full/수학과__HYP2017__수학HY-UP(실용연구실습)2.pdf,not_found
HYP2018,컴퓨터소프트웨어HY-UP(실용연구실습)2,H0004134,컴퓨터소프트웨어학부,컴퓨터소프트웨어학부,2026/1 ~ 2029/2,,,,,0,0,1,outputs/pdfs_full/컴퓨터소프트웨어학부__HYP2018__컴퓨터소프트웨어HY-UP(실용연구실습)2.pdf,not_found
HYP2020,독어독문학HY-UP(실용연구실습)2,H0002801,독어독문학과,독어독문학(학부/서울),2025/1 ~ 2029/2,2025,2,2025,2,1,1,1,outputs/pdfs_full/독어독문학과__HYP2020__독어독문학HY-UP(실용연구실습)2.pdf,ok
HYP2021,전기공학HY-UP(실용연구실습)2,H0002520,전기공학전공,전기공학전공(학부/서울),2026/1 ~ 2029/2,,,,,0,0,1,outputs/pdfs_full/전기공학전공__HYP2021__전기공학HY-UP(실용연구실습)2.pdf,not_found
HYP2022,중어중문학HY-UP(실용연구실습)2,H0002809,중어중문학과,중어중문학(학부/서울),2025/2 ~ 2029/2,,,,,0,0,1,outputs/pdfs_full/중어중문학과__HYP2022__중어중문학HY-UP(실용연구실습)2.pdf,not_found
HYP2024,영어영문학HY-UP(실용연구실습)2,H0002800,영어영문학과,영어영문학(학부/서울),2026/2 ~ 2029/2,,,,,0,0,1,outputs/pdfs_full/영어영문학과__HYP2024__영어영문학HY-UP(실용연구실습)2.pdf,not_found
HYP3001,간호학HY-UP(실용연구실습)3,H0004816,간호학과,간호학과,2024/1 ~ 2030/2,2024,1,2026,1,3,3,1,outputs/pdfs_full/간호학과__HYP3001__간호학HY-UP(실용연구실습)3.pdf,ok
HYP3002,전기공학HY-UP(실용연구실습)3,H0002520,전기공학전공,전기공학전공(학부/서울),2027/1 ~ 2030/2,,,,,0,0,1,outputs/pdfs_full/전기공학전공__HYP3002__전기공학HY-UP(실용연구실습)3.pdf,not_found
HYP3003,정보시스템HY-UP(실용연구실습)3,H0002867,정보시스템학과,정보시스템학과(학과/서울),2027/1 ~ 2030/2,,,,,0,0,1,outputs/pdfs_full/정보시스템학과__HYP3003__정보시스템HY-UP(실용연구실습)3.pdf,not_found
HYP3004,스포츠사이언스HY-UP(실용연구실습)3,H0003587,체육학과,체육학과,2024/1 ~ 2026/2,2025,1,2025,1,1,1,2,outputs/pdfs_full/체육학과__HYP3004__스포츠사이언스HY-UP(실용연구실습)3.pdf,ok
HYP3005,미래자동차공학HY-UP(실용연구실습)3,H0004800,미래자동차기술융합전공,미래자동차기술융합전공,2027/1 ~ 2030/2,,,,,0,0,1,outputs/pdfs_full/미래자동차기술융합전공__HYP3005__미래자동차공학HY-UP(실용연구실습)3.pdf,not_found
HYP3006,바이오메디컬공학HY-UP(실용연구실습)3,H0004701,바이오메디컬공학전공,바이오메디컬공학전공,2027/1 ~ 2030/2,,,,,0,0,1,outputs/pdfs_full/바이오메디컬공학전공__HYP3006__바이오메디컬공학HY-UP(실용연구실습)3.pdf,not_found
HYP3007,경영학HY-UP(실용연구실습)3,H0002894,경영학부,경영학부(학부/서울/경영),2027/1 ~ 2030/2,,,,,0,0,2,outputs/pdfs_full/경영학부__HYP3007__경영학HY-UP(실용연구실습)3.pdf,not_found
HYP3011,도시공학HY-UP(실용연구실습)3,H0002570,도시공학과,도시공학과(학부/서울),2027/1 ~ 2030/2,,,,,0,0,1,outputs/pdfs_full/도시공학과__HYP3011__도시공학HY-UP(실용연구실습)3.pdf,not_found
HYP3015,컴퓨터소프트웨어HY-UP(실용연구실습)3,H0004134,컴퓨터소프트웨어학부,컴퓨터소프트웨어학부,2027/1 ~ 2030/2,,,,,0,0,1,outputs/pdfs_full/컴퓨터소프트웨어학부__HYP3015__컴퓨터소프트웨어HY-UP(실용연구실습)3.pdf,not_found
HYP3017,독어독문학HY-UP(실용연구실습)3,H0002801,독어독문학과,독어독문학(학부/서울),2025/1 ~ 2030/2,2026,1,2026,1,1,1,1,outputs/pdfs_full/독어독문학과__HYP3017__독어독문학HY-UP(실용연구실습)3.pdf,ok
HYP3018,중어중문학HY-UP(실용연구실습)3,H0002809,중어중문학과,중어중문학(학부/서울),2026/1 ~ 2030/2,,,,,0,0,1,outputs/pdfs_full/중어중문학과__HYP3018__중어중문학HY-UP(실용연구실습)3.pdf,not_found
HYP4001,간호학HY-UP(실용연구실습)4,H0004816,간호학과,간호학과,2023/2 ~ 2030/2,2023,2,2025,2,2,2,1,outputs/pdfs_full/간호학과__HYP4001__간호학HY-UP(실용연구실습)4.pdf,ok
HYP4002,정보시스템HY-UP(실용연구실습)4,H0002867,정보시스템학과,정보시스템학과(학과/서울),2027/1 ~ 2030/2,,,,,0,0,1,outputs/pdfs_full/정보시스템학과__HYP4002__정보시스템HY-UP(실용연구실습)4.pdf,not_found
HYP4003,스포츠사이언스HY-UP(실용연구실습)4,H0003587,체육학과,체육학과,2024/1 ~ 2026/2,2024,2,2024,2,1,1,2,outputs/pdfs_full/체육학과__HYP4003__스포츠사이언스HY-UP(실용연구실습)4.pdf,ok
HYP4004,미래자동차공학HY-UP(실용연구실습)4,H0004800,미래자동차기술융합전공,미래자동차기술융합전공,2027/1 ~ 2030/2,,,,,0,0,1,outputs/pdfs_full/미래자동차기술융합전공__HYP4004__미래자동차공학HY-UP(실용연구실습)4.pdf,not_found
HYP4005,바이오메디컬공학HY-UP(실용연구실습)4,H0004701,바이오메디컬공학전공,바이오메디컬공학전공,2027/1 ~ 2030/2,,,,,0,0,1,outputs/pdfs_full/바이오메디컬공학전공__HYP4005__바이오메디컬공학HY-UP(실용연구실습)4.pdf,not_found
HYP4006,경영학HY-UP(실용연구실습)4,H0002894,경영학부,경영학부(학부/서울/경영),2027/1 ~ 2030/2,,,,,0,0,2,outputs/pdfs_full/경영학부__HYP4006__경영학HY-UP(실용연구실습)4.pdf,not_found
HYP4008,의류학HY-UP(실용연구실습)4,H0003583,의류학과,의류학과,2027/1 ~ 2030/2,,,,,0,0,1,outputs/pdfs_full/의류학과__HYP4008__의류학HY-UP(실용연구실습)4.pdf,not_found
HYP4013,컴퓨터소프트웨어HY-UP(실용연구실습)4,H0004134,컴퓨터소프트웨어학부,컴퓨터소프트웨어학부,2027/1 ~ 2030/2,,,,,0,0,1,outputs/pdfs_full/컴퓨터소프트웨어학부__HYP4013__컴퓨터소프트웨어HY-UP(실용연구실습)4.pdf,not_found
HYP4015,독어독문학HY-UP(실용연구실습)4,H0002801,독어독문학과,독어독문학(학부/서울),2025/1 ~ 2030/2,2025,2,2025,2,1,1,1,outputs/pdfs_full/독어독문학과__HYP4015__독어독문학HY-UP(실용연구실습)4.pdf,ok
HYP4016,전기공학HY-UP(실용연구실습)4,H0002520,전기공학전공,전기공학전공(학부/서울),2027/1 ~ 2030/2,,,,,0,0,1,outputs/pdfs_full/전기공학전공__HYP4016__전기공학HY-UP(실용연구실습)4.pdf,not_found
HYP4017,중어중문학HY-UP(실용연구실습)4,H0002809,중어중문학과,중어중문학(학부/서울),2025/2 ~ 2030/2,,,,,0,0,1,outputs/pdfs_full/중어중문학과__HYP4017__중어중문학HY-UP(실용연구실습)4.pdf,not_found
HYR0001,경제금융HY-UROP(실용연구심화),H0002933,경제금융학부,경제금융학부(학부/서울),2023/2 ~ 2030/2,2024,2,2026,1,5,4,1,outputs/pdfs_full/경제금융학부__HYR0001__경제금융HY-UROP(실용연구심화).pdf,ok
HYR0002,국어교육HY-UROP(실용연구심화),H0002719,국어교육과,국어교육과(학부/서울),2023/2 ~ 2030/2,2023,2,2024,1,2,2,1,outputs/pdfs_full/국어교육과__HYR0002__국어교육HY-UROP(실용연구심화).pdf,ok
HYR0004,정보시스템HY-UROP(실용연구심화),H0002867,정보시스템학과,정보시스템학과(학과/서울),2027/1 ~ 2030/2,,,,,0,0,1,outputs/pdfs_full/정보시스템학과__HYR0004__정보시스템HY-UROP(실용연구심화).pdf,not_found
HYR0005,국제학HY-UROP(실용연구심화),H0002920,국제학부,국제학부,2024/2 ~ 2026/2,2025,1,2026,1,4,3,3,outputs/pdfs_full/국제학부__HYR0005__국제학HY-UROP(실용연구심화).pdf,ok
HYR0007,독어독문학HY-UROP(실용연구심화),H0002801,독어독문학과,독어독문학(학부/서울),2025/1 ~ 2030/2,2025,1,2026,1,5,3,1,outputs/pdfs_full/독어독문학과__HYR0007__독어독문학HY-UROP(실용연구심화).pdf,ok
HYR0008,중어중문학HY-UROP(실용연구심화),H0002809,중어중문학과,중어중문학(학부/서울),2025/2 ~ 2030/2,2025,2,2025,2,1,1,1,outputs/pdfs_full/중어중문학과__HYR0008__중어중문학HY-UROP(실용연구심화).pdf,ok
HYR0009,영어영문학HY-UROP(실용연구심화),H0002800,영어영문학과,영어영문학(학부/서울),2026/2 ~ 2030/2,,,,,0,0,1,outputs/pdfs_full/영어영문학과__HYR0009__영어영문학HY-UROP(실용연구심화).pdf,not_found
HYU0002,대학수학,H0002867,정보시스템학과,정보시스템학과(학과/서울),2009/1 ~ 2015/2,2011,2,2015,2,31,5,2,outputs/pdfs_full/정보시스템학과__HYU0002__대학수학.pdf,ok
I-D2004,포토그래피,H0002722,응용미술교육과,응용미술교육과(학부/서울),1990/1 ~ 2028/2,2022,2,2025,2,16,4,1,outputs/pdfs_full/응용미술교육과__I-D2004__포토그래피.pdf,ok
I-D3001,디자인사,H0002722,응용미술교육과,응용미술교육과(학부/서울),2008/1 ~ 2017/2,2013,1,2017,1,21,5,1,outputs/pdfs_full/응용미술교육과__I-D3001__디자인사.pdf,ok
I-D3011,환경디자인1,H0002722,응용미술교육과,응용미술교육과(학부/서울),1996/1 ~ 2021/2,2017,2,2021,2,15,5,1,outputs/pdfs_full/응용미술교육과__I-D3011__환경디자인1.pdf,ok
I-D3012,환경디자인2,H0002722,응용미술교육과,응용미술교육과(학부/서울),1996/1 ~ 2018/2,2013,1,2018,1,19,5,1,outputs/pdfs_full/응용미술교육과__I-D3012__환경디자인2.pdf,ok
I-D3015,일러스트레이션1,H0002722,응용미술교육과,응용미술교육과(학부/서울),1999/1 ~ 2028/2,2022,1,2026,1,14,5,1,outputs/pdfs_full/응용미술교육과__I-D3015__일러스트레이션1.pdf,ok
I-D3016,일러스트레이션2,H0002722,응용미술교육과,응용미술교육과(학부/서울),1999/1 ~ 2016/2,2010,2,2014,2,19,5,1,outputs/pdfs_full/응용미술교육과__I-D3016__일러스트레이션2.pdf,ok
I-D3018,마케팅개론,H0002867,정보시스템학과,정보시스템학과(학과/서울),2010/1 ~ 2028/2,2022,1,2026,1,24,5,1,outputs/pdfs_full/정보시스템학과__I-D3018__마케팅개론.pdf,ok
I-D3027,제품디자인,H0003960,응용시스템전공,응용시스템전공,2016/1 ~ 2018/2,,,,,0,0,2,outputs/pdfs_full/응용시스템전공__I-D3027__제품디자인.pdf,not_found
I-D4025,영상디자인1,H0002722,응용미술교육과,응용미술교육과(학부/서울),2000/1 ~ 2028/2,2022,2,2025,2,13,4,1,outputs/pdfs_full/응용미술교육과__I-D4025__영상디자인1.pdf,ok
I-D4026,영상디자인2,H0002722,응용미술교육과,응용미술교육과(학부/서울),2000/1 ~ 2017/2,2013,2,2017,2,17,5,1,outputs/pdfs_full/응용미술교육과__I-D4026__영상디자인2.pdf,ok
IAI3001,인공지능핵심및응용,H0002256,서울 대학,대학(학부/서울),2025/2 ~ 2027/2,,,,,0,0,1,outputs/pdfs_seoul_university/서울_대학__IAI3001__인공지능핵심및응용.pdf,not_found
IAI3002,중급산업AI프로젝트,H0002256,서울 대학,대학(학부/서울),2025/2 ~ 2027/2,,,,,0,0,1,outputs/pdfs_seoul_university/서울_대학__IAI3002__중급산업AI프로젝트.pdf,not_found
IAI3003,산업LLM이해및실습,H0002256,서울 대학,대학(학부/서울),2025/2 ~ 2027/2,,,,,0,0,1,outputs/pdfs_seoul_university/서울_대학__IAI3003__산업LLM이해및실습.pdf,not_found
IAI3004,고급산업AI프로젝트,H0002256,서울 대학,대학(학부/서울),2025/2 ~ 2027/2,,,,,0,0,1,outputs/pdfs_seoul_university/서울_대학__IAI3004__고급산업AI프로젝트.pdf,not_found
IAI3005,산업AI해커톤1,H0002256,서울 대학,대학(학부/서울),2026/2 ~ 2027/2,,,,,0,0,1,outputs/pdfs_seoul_university/서울_대학__IAI3005__산업AI해커톤1.pdf,not_found
IAI3006,피지컬AI를위한데이터레이블링과모델구축,H0002256,서울 대학,대학(학부/서울),2026/1 ~ 2027/2,,,,,0,0,1,outputs/pdfs_seoul_university/서울_대학__IAI3006__피지컬AI를위한데이터레이블링과모델구축.pdf,not_found
IAI4001,클라우드데이터엔지니어링,H0002256,서울 대학,대학(학부/서울),2025/2 ~ 2027/2,,,,,0,0,1,outputs/pdfs_seoul_university/서울_대학__IAI4001__클라우드데이터엔지니어링.pdf,not_found
IAI4002,에이전트AI응용,H0002256,서울 대학,대학(학부/서울),2025/2 ~ 2027/2,,,,,0,0,1,outputs/pdfs_seoul_university/서울_대학__IAI4002__에이전트AI응용.pdf,not_found
IAI4003,AI기반산업데이터분석실습,H0002256,서울 대학,대학(학부/서울),2025/2 ~ 2027/2,,,,,0,0,1,outputs/pdfs_seoul_university/서울_대학__IAI4003__AI기반산업데이터분석실습.pdf,not_found
IAI4004,산업데이터시각화와스토리텔링,H0002256,서울 대학,대학(학부/서울),2025/2 ~ 2027/2,,,,,0,0,1,outputs/pdfs_seoul_university/서울_대학__IAI4004__산업데이터시각화와스토리텔링.pdf,not_found
IAI4005,멀티모달AI기술과산업응용,H0002256,서울 대학,대학(학부/서울),2025/2 ~ 2027/2,,,,,0,0,1,outputs/pdfs_seoul_university/서울_대학__IAI4005__멀티모달AI기술과산업응용.pdf,not_found
IAI4006,생성형모델컨텍스트설계,H0002256,서울 대학,대학(학부/서울),2025/2 ~ 2027/2,,,,,0,0,1,outputs/pdfs_seoul_university/서울_대학__IAI4006__생성형모델컨텍스트설계.pdf,not_found
IAI4007,AI를위한GPU병렬프로그래밍,H0002256,서울 대학,대학(학부/서울),2025/2 ~ 2027/2,,,,,0,0,1,outputs/pdfs_seoul_university/서울_대학__IAI4007__AI를위한GPU병렬프로그래밍.pdf,not_found
IAI4008,차량센서데이터융합AI,H0002256,서울 대학,대학(학부/서울),2025/2 ~ 2027/2,,,,,0,0,1,outputs/pdfs_seoul_university/서울_대학__IAI4008__차량센서데이터융합AI.pdf,not_found
IAI4009,자율주행AI해커톤,H0002256,서울 대학,대학(학부/서울),2025/2 ~ 2027/2,,,,,0,0,1,outputs/pdfs_seoul_university/서울_대학__IAI4009__자율주행AI해커톤.pdf,not_found
IAI4010,디지털트윈기반차량용AI검증,H0002256,서울 대학,대학(학부/서울),2025/2 ~ 2027/2,,,,,0,0,1,outputs/pdfs_seoul_university/서울_대학__IAI4010__디지털트윈기반차량용AI검증.pdf,not_found
IAI4011,자율주행시뮬레이션구현원리,H0002256,서울 대학,대학(학부/서울),2025/2 ~ 2027/2,,,,,0,0,1,outputs/pdfs_seoul_university/서울_대학__IAI4011__자율주행시뮬레이션구현원리.pdf,not_found
IAI4012,AI의이해원리와딥러닝(IC-PBL),H0002256,서울 대학,대학(학부/서울),2026/1 ~ 2027/2,,,,,0,0,1,outputs/pdfs_seoul_university/서울_대학__IAI4012__AI의이해원리와딥러닝(IC-PBL).pdf,not_found
IAI4013,AI를이용한3D자율주행,H0002256,서울 대학,대학(학부/서울),2026/1 ~ 2027/2,,,,,0,0,1,outputs/pdfs_seoul_university/서울_대학__IAI4013__AI를이용한3D자율주행.pdf,not_found
IAI4014,FuriosaAINPU로끝내는멀티모달프로젝트,H0002256,서울 대학,대학(학부/서울),2026/1 ~ 2027/2,,,,,0,0,1,outputs/pdfs_seoul_university/서울_대학__IAI4014__FuriosaAINPU로끝내는멀티모달프로젝트.pdf,not_found
IAI4015,생성형AI원리와응용(IC-PBL),H0002256,서울 대학,대학(학부/서울),2026/1 ~ 2027/2,,,,,0,0,1,outputs/pdfs_seoul_university/서울_대학__IAI4015__생성형AI원리와응용(IC-PBL).pdf,not_found
IDC1001,응용시스템개론,H0003958,산업융합학부,산업융합학부,2016/1 ~ 2019/2,,,,,0,0,1,outputs/pdfs_full/산업융합학부__IDC1001__응용시스템개론.pdf,not_found
IDC1002,정보융합개론,H0003958,산업융합학부,산업융합학부,2016/1 ~ 2019/2,,,,,0,0,1,outputs/pdfs_full/산업융합학부__IDC1002__정보융합개론.pdf,not_found
IDC2001,경영학입문,H0003960,응용시스템전공,응용시스템전공,2016/1 ~ 2028/2,2026,1,2026,1,8,1,6,outputs/pdfs_full/응용시스템전공__IDC2001__경영학입문.pdf,ok
IDC2002,정보융합심리학,H0003960,응용시스템전공,응용시스템전공,2017/1 ~ 2018/1,,,,,0,0,2,outputs/pdfs_full/응용시스템전공__IDC2002__정보융합심리학.pdf,not_found
IDC4001,CEO특강,H0003960,응용시스템전공,응용시스템전공,2016/1 ~ 2022/2,,,,,0,0,2,outputs/pdfs_full/응용시스템전공__IDC4001__CEO특강.pdf,not_found
IEN1002,선형대수학,H0005006,한양인터칼리지학부,한양인터칼리지학부,2026/1 ~ 2028/2,2026,1,2026,1,4,1,2,outputs/pdfs_full/한양인터칼리지학부__IEN1002__선형대수학.pdf,ok
INE3017,생산공학,H0004800,미래자동차기술융합전공,미래자동차기술융합전공,2018/1 ~ 2029/2,2022,1,2026,1,32,5,1,outputs/pdfs_full/미래자동차기술융합전공__INE3017__생산공학.pdf,ok
INE3028,CAD,H0004800,미래자동차기술융합전공,미래자동차기술융합전공,2023/2 ~ 2028/2,2022,1,2026,1,24,5,1,outputs/pdfs_full/미래자동차기술융합전공__INE3028__CAD.pdf,ok
INE4004,실험계획법,H0003960,응용시스템전공,응용시스템전공,2018/1 ~ 2022/2,2022,2,2026,1,23,4,4,outputs/pdfs_full/응용시스템전공__INE4004__실험계획법.pdf,ok
INE4005,작업관리,H0003960,응용시스템전공,응용시스템전공,2014/1 ~ 2020/2,2014,1,2015,1,13,2,1,outputs/pdfs_full/응용시스템전공__INE4005__작업관리.pdf,ok
INE4023,물류관리,H0003960,응용시스템전공,응용시스템전공,2018/1 ~ 2021/2,2021,1,2026,1,37,5,1,outputs/pdfs_full/응용시스템전공__INE4023__물류관리.pdf,ok
INE5006,데이터마이닝,H0003959,정보융합전공,정보융합전공,2018/1 ~ 2029/2,2026,1,2026,1,6,1,5,outputs/pdfs_full/정보융합전공__INE5006__데이터마이닝.pdf,ok
INO0001,유쾌한이노베이션,H0002256,서울 대학,대학(학부/서울),2003/1 ~ 2027/2,2024,2,2026,1,13,4,1,outputs/pdfs_seoul_university/서울_대학__INO0001__유쾌한이노베이션.pdf,ok
INT3004,국제마케팅,H0002894,경영학부,경영학부(학부/서울/경영),1999/1 ~ 2030/2,2023,1,2025,2,21,4,1,outputs/pdfs_full/경영학부__INT3004__국제마케팅.pdf,ok
INT3052,무역영어,H0002939,영어커뮤니케이션전공,영어커뮤니케이션전공,2010/1 ~ 2021/2,2012,2,2016,2,22,5,1,outputs/pdfs_full/영어커뮤니케이션전공__INT3052__무역영어.pdf,ok
INT4002,국제거래법,H0003542,법학과,법학과(학부/서울),1999/1 ~ 2016/2,2010,1,2014,1,29,5,1,outputs/pdfs_full/법학과__INT4002__국제거래법.pdf,ok
INV2001,국제개발협력의이해,H0004318,사회혁신융합전공,사회혁신융합전공,2017/1 ~ 2026/1,2020,1,2024,1,26,5,2,outputs/pdfs_full/사회혁신융합전공__INV2001__국제개발협력의이해.pdf,ok
INV2002,사회적금융과미래혁신,H0004318,사회혁신융합전공,사회혁신융합전공,2017/1 ~ 2028/2,2022,2,2025,2,8,4,1,outputs/pdfs_full/사회혁신융합전공__INV2002__사회적금융과미래혁신.pdf,ok
INV2003,사회혁신공감실습,H0004318,사회혁신융합전공,사회혁신융합전공,2017/1 ~ 2026/1,2021,2,2025,2,15,5,1,outputs/pdfs_full/사회혁신융합전공__INV2003__사회혁신공감실습.pdf,ok
INV2004,CSR과사회혁신,H0004318,사회혁신융합전공,사회혁신융합전공,2017/2 ~ 2028/2,2020,1,2024,1,10,5,1,outputs/pdfs_full/사회혁신융합전공__INV2004__CSR과사회혁신.pdf,ok
INV2005,사회적경제의고전강의,H0004318,사회혁신융합전공,사회혁신융합전공,2017/2 ~ 2024/1,,,,,0,0,1,outputs/pdfs_full/사회혁신융합전공__INV2005__사회적경제의고전강의.pdf,not_found
INV2006,체인지메이커십,H0004318,사회혁신융합전공,사회혁신융합전공,2017/1 ~ 2026/1,2021,1,2025,1,8,4,2,outputs/pdfs_full/사회혁신융합전공__INV2006__체인지메이커십.pdf,ok
INV2007,사회혁신과시민사회조직,H0004318,사회혁신융합전공,사회혁신융합전공,2019/2 ~ 2026/1,2020,2,2024,2,13,5,1,outputs/pdfs_full/사회혁신융합전공__INV2007__사회혁신과시민사회조직.pdf,ok
INV2008,지속가능한도시와소셜리빙랩,H0004318,사회혁신융합전공,사회혁신융합전공,2020/1 ~ 2025/1,2020,1,2024,1,7,5,1,outputs/pdfs_full/사회혁신융합전공__INV2008__지속가능한도시와소셜리빙랩.pdf,ok
INV2009,사회혁신캡스톤디자인(Basic),H0004318,사회혁신융합전공,사회혁신융합전공,2020/1 ~ 2024/1,2020,1,2021,2,6,4,2,outputs/pdfs_full/사회혁신융합전공__INV2009__사회혁신캡스톤디자인(Basic).pdf,ok
INV2010,지속가능한도시와소셜리빙랩2,H0004318,사회혁신융합전공,사회혁신융합전공,2020/2 ~ 2025/1,2020,2,2024,2,5,5,2,outputs/pdfs_full/사회혁신융합전공__INV2010__지속가능한도시와소셜리빙랩2.pdf,ok
INV2011,SDGs와인권,H0004318,사회혁신융합전공,사회혁신융합전공,2021/1 ~ 2028/2,2021,1,2025,2,12,4,1,outputs/pdfs_full/사회혁신융합전공__INV2011__SDGs와인권.pdf,ok
INV2012,지속가능한사회와건강,H0005006,한양인터칼리지학부,한양인터칼리지학부,2027/1 ~ 2029/2,2021,2,2021,2,4,1,2,outputs/pdfs_full/한양인터칼리지학부__INV2012__지속가능한사회와건강.pdf,ok
INV2013,패션액티비즘과사회혁신,H0004318,사회혁신융합전공,사회혁신융합전공,2022/1 ~ 2025/1,2022,1,2022,1,3,1,1,outputs/pdfs_full/사회혁신융합전공__INV2013__패션액티비즘과사회혁신.pdf,ok
INV2014,국제개발협력과ICT4ED,H0004318,사회혁신융합전공,사회혁신융합전공,2024/2 ~ 2028/2,,,,,0,0,1,outputs/pdfs_full/사회혁신융합전공__INV2014__국제개발협력과ICT4ED.pdf,not_found
INV2015,사회혁신과임팩트비즈니스,H0004318,사회혁신융합전공,사회혁신융합전공,2024/2 ~ 2028/2,2024,2,2025,2,7,2,1,outputs/pdfs_full/사회혁신융합전공__INV2015__사회혁신과임팩트비즈니스.pdf,ok
INV2016,공감기반리빙랩1:지식창조,H0004318,사회혁신융합전공,사회혁신융합전공,2026/2 ~ 2029/2,,,,,0,0,1,outputs/pdfs_full/사회혁신융합전공__INV2016__공감기반리빙랩1_지식창조.pdf,not_found
INV3001,사회적경제와미래혁신,H0004318,사회혁신융합전공,사회혁신융합전공,2018/1 ~ 2029/2,2022,1,2026,1,11,5,1,outputs/pdfs_full/사회혁신융합전공__INV3001__사회적경제와미래혁신.pdf,ok
INV3002,사회혁신캡스톤디자인을위한창의적문제해결론,H0004318,사회혁신융합전공,사회혁신융합전공,2018/1 ~ 2029/2,2022,1,2026,1,7,5,1,outputs/pdfs_full/사회혁신융합전공__INV3002__사회혁신캡스톤디자인을위한창의적문제해결론.pdf,ok
INV3003,체인지메이커액션러닝,H0004318,사회혁신융합전공,사회혁신융합전공,2018/1 ~ 2024/1,,,,,0,0,2,outputs/pdfs_full/사회혁신융합전공__INV3003__체인지메이커액션러닝.pdf,not_found
INV3004,단기체인지메이커액션러닝,H0004318,사회혁신융합전공,사회혁신융합전공,2019/2 ~ 2024/2,,,,,0,0,1,outputs/pdfs_full/사회혁신융합전공__INV3004__단기체인지메이커액션러닝.pdf,not_found
INV3005,체인지메이커액션러닝(일반선택),H0002256,서울 대학,대학(학부/서울),2020/1 ~ 2027/2,,,,,0,0,1,outputs/pdfs_seoul_university/서울_대학__INV3005__체인지메이커액션러닝(일반선택).pdf,not_found
INV3006,체인지메이커액션러닝(일반교양),H0002256,서울 대학,대학(학부/서울),2020/2 ~ 2027/2,,,,,0,0,1,outputs/pdfs_seoul_university/서울_대학__INV3006__체인지메이커액션러닝(일반교양).pdf,not_found
INV3007,임팩트측정및커뮤니케이션,H0004318,사회혁신융합전공,사회혁신융합전공,2022/1 ~ 2029/2,2022,2,2025,2,7,4,1,outputs/pdfs_full/사회혁신융합전공__INV3007__임팩트측정및커뮤니케이션.pdf,ok
INV3008,기후위기와지속가능한푸드시스템,H0004318,사회혁신융합전공,사회혁신융합전공,2022/1 ~ 2029/2,2022,2,2022,2,3,1,1,outputs/pdfs_full/사회혁신융합전공__INV3008__기후위기와지속가능한푸드시스템.pdf,ok
INV3009,ESG와지속가능경영,H0004318,사회혁신융합전공,사회혁신융합전공,2025/1 ~ 2028/2,2025,1,2026,1,2,2,1,outputs/pdfs_full/사회혁신융합전공__INV3009__ESG와지속가능경영.pdf,ok
INV3010,Age-tech와AI혁신,H0004318,사회혁신융합전공,사회혁신융합전공,2024/2 ~ 2028/2,2025,2,2025,2,1,1,1,outputs/pdfs_full/사회혁신융합전공__INV3010__Age-tech와AI혁신.pdf,ok
INV3011,사회혁신을위한시스템사고,H0004318,사회혁신융합전공,사회혁신융합전공,2025/1 ~ 2026/1,2025,1,2025,1,2,1,1,outputs/pdfs_full/사회혁신융합전공__INV3011__사회혁신을위한시스템사고.pdf,ok
INV3012,임팩트커리어의이해,H0004318,사회혁신융합전공,사회혁신융합전공,2025/2 ~ 2029/2,,,,,0,0,1,outputs/pdfs_full/사회혁신융합전공__INV3012__임팩트커리어의이해.pdf,not_found
INV3013,로컬리즘과사회혁신,H0004318,사회혁신융합전공,사회혁신융합전공,2025/2 ~ 2029/2,2025,2,2025,2,1,1,1,outputs/pdfs_full/사회혁신융합전공__INV3013__로컬리즘과사회혁신.pdf,ok
INV3014,국제개발협력평가,H0005063,국제학부,국제학부,2026/2 ~ 2029/2,,,,,0,0,1,outputs/pdfs_full/국제학부__INV3014__국제개발협력평가.pdf,not_found
INV4001,나로부터시작하는사회혁신과라이프디자인,H0004318,사회혁신융합전공,사회혁신융합전공,2023/2 ~ 2029/2,,,,,0,0,1,outputs/pdfs_full/사회혁신융합전공__INV4001__나로부터시작하는사회혁신과라이프디자인.pdf,not_found
INV4002,사회혁신을위한질적연구방법론및실습,H0004318,사회혁신융합전공,사회혁신융합전공,2023/2 ~ 2029/2,2023,2,2024,2,2,2,1,outputs/pdfs_full/사회혁신융합전공__INV4002__사회혁신을위한질적연구방법론및실습.pdf,ok
INV4003,"글로벌사회혁신의여정:개념,접근,그리고사례",H0004318,사회혁신융합전공,사회혁신융합전공,2025/1 ~ 2030/2,2025,1,2026,1,4,2,1,"outputs/pdfs_full/사회혁신융합전공__INV4003__글로벌사회혁신의여정_개념,접근,그리고사례.pdf",ok
INV4004,테크포임팩트프랙티컴,H0004318,사회혁신융합전공,사회혁신융합전공,2025/2 ~ 2029/2,2025,2,2025,2,1,1,1,outputs/pdfs_full/사회혁신융합전공__INV4004__테크포임팩트프랙티컴.pdf,ok
INV4005,ESG프랙티컴,H0004318,사회혁신융합전공,사회혁신융합전공,2025/2 ~ 2029/2,2025,2,2025,2,2,1,1,outputs/pdfs_full/사회혁신융합전공__INV4005__ESG프랙티컴.pdf,ok
INV4006,공감기반리빙랩2:시스템전환,H0004318,사회혁신융합전공,사회혁신융합전공,2027/1 ~ 2030/2,,,,,0,0,1,outputs/pdfs_full/사회혁신융합전공__INV4006__공감기반리빙랩2_시스템전환.pdf,not_found
ISS1001,Beginning Korean Language,H0002256,서울 대학,대학(학부/서울),2011/1 ~ 2027/2,,,,,0,0,1,outputs/pdfs_seoul_university/서울_대학__ISS1001__Beginning_Korean_Language.pdf,not_found
ISS1002,Intermediate Korean Language,H0002256,서울 대학,대학(학부/서울),2011/1 ~ 2027/2,,,,,0,0,1,outputs/pdfs_seoul_university/서울_대학__ISS1002__Intermediate_Korean_Language.pdf,not_found
ISS1003,Cross Cultural Documentary Research & Production in Korea,H0002256,서울 대학,대학(학부/서울),2011/1 ~ 2027/2,,,,,0,0,1,outputs/pdfs_seoul_university/서울_대학__ISS1003__Cross_Cultural_Documentary_Research_&_Production_in_Korea.pdf,not_found
ISS1004,Understanding a Visual Language in Media,H0002256,서울 대학,대학(학부/서울),2011/1 ~ 2027/2,,,,,0,0,1,outputs/pdfs_seoul_university/서울_대학__ISS1004__Understanding_a_Visual_Language_in_Media.pdf,not_found
ISS1006,Seminar: Media Industry in Korea,H0002256,서울 대학,대학(학부/서울),2011/1 ~ 2027/2,,,,,0,0,1,outputs/pdfs_seoul_university/서울_대학__ISS1006__Seminar__Media_Industry_in_Korea.pdf,not_found
ISS1011,International Advertising and Communication,H0002256,서울 대학,대학(학부/서울),2012/1 ~ 2027/2,,,,,0,0,1,outputs/pdfs_seoul_university/서울_대학__ISS1011__International_Advertising_and_Communication.pdf,not_found
ISS1012,Introduction to Art History,H0002256,서울 대학,대학(학부/서울),2012/1 ~ 2027/2,,,,,0,0,1,outputs/pdfs_seoul_university/서울_대학__ISS1012__Introduction_to_Art_History.pdf,not_found
ISS1013,Project Management,H0002256,서울 대학,대학(학부/서울),2012/1 ~ 2027/2,,,,,0,0,1,outputs/pdfs_seoul_university/서울_대학__ISS1013__Project_Management.pdf,not_found
ISS1014,Crisis Communication,H0002256,서울 대학,대학(학부/서울),2012/1 ~ 2027/2,,,,,0,0,1,outputs/pdfs_seoul_university/서울_대학__ISS1014__Crisis_Communication.pdf,not_found
ISS1015,Introduction to World Literature,H0002256,서울 대학,대학(학부/서울),2012/1 ~ 2027/2,,,,,0,0,1,outputs/pdfs_seoul_university/서울_대학__ISS1015__Introduction_to_World_Literature.pdf,not_found
ISS1017,Art of Self Defense (Taekwondo),H0002256,서울 대학,대학(학부/서울),2013/1 ~ 2027/2,,,,,0,0,1,outputs/pdfs_seoul_university/서울_대학__ISS1017__Art_of_Self_Defense_(Taekwondo).pdf,not_found
ISS1018,Communicating Through Technology,H0002256,서울 대학,대학(학부/서울),2013/1 ~ 2027/2,,,,,0,0,1,outputs/pdfs_seoul_university/서울_대학__ISS1018__Communicating_Through_Technology.pdf,not_found
ISS1019,Comparative Studies in Criminal Justice System,H0002256,서울 대학,대학(학부/서울),2013/1 ~ 2027/2,,,,,0,0,1,outputs/pdfs_seoul_university/서울_대학__ISS1019__Comparative_Studies_in_Criminal_Justice_System.pdf,not_found
ISS1020,Contemporary Art Globally,H0002256,서울 대학,대학(학부/서울),2013/1 ~ 2027/2,,,,,0,0,1,outputs/pdfs_seoul_university/서울_대학__ISS1020__Contemporary_Art_Globally.pdf,not_found
ISS1021,Customer Relationship Management (CRM),H0002256,서울 대학,대학(학부/서울),2013/1 ~ 2027/2,,,,,0,0,1,outputs/pdfs_seoul_university/서울_대학__ISS1021__Customer_Relationship_Management_(CRM).pdf,not_found
ISS1022,East Asian Linguistics,H0002256,서울 대학,대학(학부/서울),2013/1 ~ 2027/2,,,,,0,0,1,outputs/pdfs_seoul_university/서울_대학__ISS1022__East_Asian_Linguistics.pdf,not_found
ISS1023,Emerging Asian Markets and the Global Economic Crisis,H0002256,서울 대학,대학(학부/서울),2013/1 ~ 2027/2,,,,,0,0,1,outputs/pdfs_seoul_university/서울_대학__ISS1023__Emerging_Asian_Markets_and_the_Global_Economic_Crisis.pdf,not_found
ISS1024,"Gender, Race, and Empire in Asia",H0002256,서울 대학,대학(학부/서울),2013/1 ~ 2027/2,,,,,0,0,1,"outputs/pdfs_seoul_university/서울_대학__ISS1024__Gender,_Race,_and_Empire_in_Asia.pdf",not_found
ISS1025,Health Equity & Determinants of Health,H0002256,서울 대학,대학(학부/서울),2013/1 ~ 2027/2,,,,,0,0,1,outputs/pdfs_seoul_university/서울_대학__ISS1025__Health_Equity_&_Determinants_of_Health.pdf,not_found
ISS1026,Innovative ID Studio,H0002256,서울 대학,대학(학부/서울),2013/1 ~ 2027/2,,,,,0,0,1,outputs/pdfs_seoul_university/서울_대학__ISS1026__Innovative_ID_Studio.pdf,not_found
ISS1027,Strategic Communication Campaign,H0002256,서울 대학,대학(학부/서울),2013/1 ~ 2027/2,,,,,0,0,1,outputs/pdfs_seoul_university/서울_대학__ISS1027__Strategic_Communication_Campaign.pdf,not_found
ISS1028,Understanding Modern Business and Management,H0002256,서울 대학,대학(학부/서울),2013/1 ~ 2027/2,,,,,0,0,1,outputs/pdfs_seoul_university/서울_대학__ISS1028__Understanding_Modern_Business_and_Management.pdf,not_found
ISS1029,Women and Politics,H0002256,서울 대학,대학(학부/서울),2013/1 ~ 2027/2,,,,,0,0,1,outputs/pdfs_seoul_university/서울_대학__ISS1029__Women_and_Politics.pdf,not_found
ISS1031,Introduction to Rehabilitation,H0002256,서울 대학,대학(학부/서울),2013/1 ~ 2027/2,,,,,0,0,1,outputs/pdfs_seoul_university/서울_대학__ISS1031__Introduction_to_Rehabilitation.pdf,not_found
ISS1032,Multicultural Counseling,H0002256,서울 대학,대학(학부/서울),2013/1 ~ 2027/2,,,,,0,0,1,outputs/pdfs_seoul_university/서울_대학__ISS1032__Multicultural_Counseling.pdf,not_found
ISS1033,History of the Documentary,H0002256,서울 대학,대학(학부/서울),2013/1 ~ 2027/2,,,,,0,0,1,outputs/pdfs_seoul_university/서울_대학__ISS1033__History_of_the_Documentary.pdf,not_found
ISS1034,Tourism and Recreation,H0002256,서울 대학,대학(학부/서울),2013/1 ~ 2027/2,,,,,0,0,1,outputs/pdfs_seoul_university/서울_대학__ISS1034__Tourism_and_Recreation.pdf,not_found
ISS1035,Contemporary Society and Philosophy,H0002256,서울 대학,대학(학부/서울),2013/1 ~ 2027/2,,,,,0,0,1,outputs/pdfs_seoul_university/서울_대학__ISS1035__Contemporary_Society_and_Philosophy.pdf,not_found
ISS1036,Understanding U.S. History,H0002256,서울 대학,대학(학부/서울),2013/1 ~ 2015/2,,,,,0,0,1,outputs/pdfs_seoul_university/서울_대학__ISS1036__Understanding_U.S._History.pdf,not_found
ISS1037,Business Calculus,H0002256,서울 대학,대학(학부/서울),2014/1 ~ 2027/2,,,,,0,0,1,outputs/pdfs_seoul_university/서울_대학__ISS1037__Business_Calculus.pdf,not_found
ISS1038,Data Science,H0002256,서울 대학,대학(학부/서울),2014/1 ~ 2027/2,,,,,0,0,1,outputs/pdfs_seoul_university/서울_대학__ISS1038__Data_Science.pdf,not_found
ISS1039,East Asian Politics,H0002256,서울 대학,대학(학부/서울),2014/1 ~ 2027/2,,,,,0,0,1,outputs/pdfs_seoul_university/서울_대학__ISS1039__East_Asian_Politics.pdf,not_found
ISS1040,"Empire, War and Memory",H0002256,서울 대학,대학(학부/서울),2014/1 ~ 2027/2,,,,,0,0,1,"outputs/pdfs_seoul_university/서울_대학__ISS1040__Empire,_War_and_Memory.pdf",not_found
ISS1041,Engineer and Society,H0002256,서울 대학,대학(학부/서울),2014/1 ~ 2027/2,,,,,0,0,1,outputs/pdfs_seoul_university/서울_대학__ISS1041__Engineer_and_Society.pdf,not_found
ISS1042,Entrepreneurship-Management and Human Development,H0002256,서울 대학,대학(학부/서울),2014/1 ~ 2027/2,,,,,0,0,1,outputs/pdfs_seoul_university/서울_대학__ISS1042__Entrepreneurship-Management_and_Human_Development.pdf,not_found
ISS1043,Health Equity,H0002256,서울 대학,대학(학부/서울),2014/1 ~ 2027/2,,,,,0,0,1,outputs/pdfs_seoul_university/서울_대학__ISS1043__Health_Equity.pdf,not_found
ISS1044,Impact of Electromagnetic Radiation,H0002256,서울 대학,대학(학부/서울),2014/1 ~ 2027/2,,,,,0,0,1,outputs/pdfs_seoul_university/서울_대학__ISS1044__Impact_of_Electromagnetic_Radiation.pdf,not_found
ISS1045,International Experiential Marketing,H0002256,서울 대학,대학(학부/서울),2014/1 ~ 2027/2,,,,,0,0,1,outputs/pdfs_seoul_university/서울_대학__ISS1045__International_Experiential_Marketing.pdf,not_found
ISS1046,"Language, Culture and Society in Korea",H0002256,서울 대학,대학(학부/서울),2014/1 ~ 2027/2,,,,,0,0,1,"outputs/pdfs_seoul_university/서울_대학__ISS1046__Language,_Culture_and_Society_in_Korea.pdf",not_found
ISS1047,Media Constructions,H0002256,서울 대학,대학(학부/서울),2014/1 ~ 2027/2,,,,,0,0,1,outputs/pdfs_seoul_university/서울_대학__ISS1047__Media_Constructions.pdf,not_found
ISS1048,Numerical Analysis,H0002256,서울 대학,대학(학부/서울),2014/1 ~ 2027/2,,,,,0,0,1,outputs/pdfs_seoul_university/서울_대학__ISS1048__Numerical_Analysis.pdf,not_found
ISS1049,Paperclay and Paperporcelain,H0002256,서울 대학,대학(학부/서울),2014/1 ~ 2027/2,,,,,0,0,1,outputs/pdfs_seoul_university/서울_대학__ISS1049__Paperclay_and_Paperporcelain.pdf,not_found
ISS1050,The History and Theory of Documentary,H0002256,서울 대학,대학(학부/서울),2014/1 ~ 2027/2,,,,,0,0,1,outputs/pdfs_seoul_university/서울_대학__ISS1050__The_History_and_Theory_of_Documentary.pdf,not_found
ISS1051,Topics in Korean Arts and Society,H0002256,서울 대학,대학(학부/서울),2014/1 ~ 2027/2,,,,,0,0,1,outputs/pdfs_seoul_university/서울_대학__ISS1051__Topics_in_Korean_Arts_and_Society.pdf,not_found
ISS1052,Visual Arts for Elementary Teachers,H0002256,서울 대학,대학(학부/서울),2014/1 ~ 2027/2,,,,,0,0,1,outputs/pdfs_seoul_university/서울_대학__ISS1052__Visual_Arts_for_Elementary_Teachers.pdf,not_found
ISS1053,Introduction to Education,H0002256,서울 대학,대학(학부/서울),2014/2 ~ 2027/2,,,,,0,0,1,outputs/pdfs_seoul_university/서울_대학__ISS1053__Introduction_to_Education.pdf,not_found
ISS1054,Marketing,H0002256,서울 대학,대학(학부/서울),2014/2 ~ 2027/2,,,,,0,0,1,outputs/pdfs_seoul_university/서울_대학__ISS1054__Marketing.pdf,not_found
ISS1055,Introduction to Political Science,H0002256,서울 대학,대학(학부/서울),2014/2 ~ 2027/2,,,,,0,0,1,outputs/pdfs_seoul_university/서울_대학__ISS1055__Introduction_to_Political_Science.pdf,not_found
ISS1056,Ceramic Art,H0002256,서울 대학,대학(학부/서울),2015/1 ~ 2027/2,,,,,0,0,1,outputs/pdfs_seoul_university/서울_대학__ISS1056__Ceramic_Art.pdf,not_found
ISS1057,History of Graphic Design,H0002256,서울 대학,대학(학부/서울),2015/1 ~ 2027/2,,,,,0,0,1,outputs/pdfs_seoul_university/서울_대학__ISS1057__History_of_Graphic_Design.pdf,not_found
ISS1058,Korean Traditional Fan Dance,H0002256,서울 대학,대학(학부/서울),2015/1 ~ 2027/2,,,,,0,0,1,outputs/pdfs_seoul_university/서울_대학__ISS1058__Korean_Traditional_Fan_Dance.pdf,not_found
ISS1059,Contemporary Environmental and Activist Media,H0002256,서울 대학,대학(학부/서울),2015/1 ~ 2027/2,,,,,0,0,1,outputs/pdfs_seoul_university/서울_대학__ISS1059__Contemporary_Environmental_and_Activist_Media.pdf,not_found
ISS1060,Photo and Video Journalism,H0002256,서울 대학,대학(학부/서울),2015/1 ~ 2027/2,,,,,0,0,1,outputs/pdfs_seoul_university/서울_대학__ISS1060__Photo_and_Video_Journalism.pdf,not_found
ISS1061,Art of Film,H0002256,서울 대학,대학(학부/서울),2015/1 ~ 2027/2,,,,,0,0,1,outputs/pdfs_seoul_university/서울_대학__ISS1061__Art_of_Film.pdf,not_found
ISS1062,"Housing, Family and Community",H0002256,서울 대학,대학(학부/서울),2015/1 ~ 2027/2,,,,,0,0,1,"outputs/pdfs_seoul_university/서울_대학__ISS1062__Housing,_Family_and_Community.pdf",not_found
ISS1063,Confucian Ethics,H0002256,서울 대학,대학(학부/서울),2015/1 ~ 2027/2,,,,,0,0,1,outputs/pdfs_seoul_university/서울_대학__ISS1063__Confucian_Ethics.pdf,not_found
ISS1064,Premodern Chinese Literature,H0002256,서울 대학,대학(학부/서울),2015/1 ~ 2027/2,,,,,0,0,1,outputs/pdfs_seoul_university/서울_대학__ISS1064__Premodern_Chinese_Literature.pdf,not_found
ISS1065,East Asian Linguistics,H0002256,서울 대학,대학(학부/서울),2015/1 ~ 2027/2,,,,,0,0,1,outputs/pdfs_seoul_university/서울_대학__ISS1065__East_Asian_Linguistics.pdf,not_found
ISS1066,Arab Spring Revolt,H0002256,서울 대학,대학(학부/서울),2015/1 ~ 2027/2,,,,,0,0,1,outputs/pdfs_seoul_university/서울_대학__ISS1066__Arab_Spring_Revolt.pdf,not_found
ISS1067,Government and Politics of Middle East and North Africa,H0002256,서울 대학,대학(학부/서울),2015/1 ~ 2027/2,,,,,0,0,1,outputs/pdfs_seoul_university/서울_대학__ISS1067__Government_and_Politics_of_Middle_East_and_North_Africa.pdf,not_found
ISS1068,Introduction to Korean Cinema,H0002256,서울 대학,대학(학부/서울),2015/1 ~ 2027/2,,,,,0,0,1,outputs/pdfs_seoul_university/서울_대학__ISS1068__Introduction_to_Korean_Cinema.pdf,not_found
ISS1069,Advanced Korean Language,H0002256,서울 대학,대학(학부/서울),2015/1 ~ 2027/2,,,,,0,0,1,outputs/pdfs_seoul_university/서울_대학__ISS1069__Advanced_Korean_Language.pdf,not_found
ISS1070,Adulthood and Aging in South Korea,H0002256,서울 대학,대학(학부/서울),2015/1 ~ 2027/2,,,,,0,0,1,outputs/pdfs_seoul_university/서울_대학__ISS1070__Adulthood_and_Aging_in_South_Korea.pdf,not_found
ISS1071,Introduction to Research Methods for Social Work,H0002256,서울 대학,대학(학부/서울),2015/1 ~ 2027/2,,,,,0,0,1,outputs/pdfs_seoul_university/서울_대학__ISS1071__Introduction_to_Research_Methods_for_Social_Work.pdf,not_found
ISS1072,Introduction to Social Work and Social Welfare,H0002256,서울 대학,대학(학부/서울),2015/1 ~ 2027/2,,,,,0,0,1,outputs/pdfs_seoul_university/서울_대학__ISS1072__Introduction_to_Social_Work_and_Social_Welfare.pdf,not_found
ISS1073,Introduction to International Studies,H0002256,서울 대학,대학(학부/서울),2015/1 ~ 2027/2,,,,,0,0,1,outputs/pdfs_seoul_university/서울_대학__ISS1073__Introduction_to_International_Studies.pdf,not_found
ISS1074,Introduction to International Relations,H0002256,서울 대학,대학(학부/서울),2015/1 ~ 2027/2,,,,,0,0,1,outputs/pdfs_seoul_university/서울_대학__ISS1074__Introduction_to_International_Relations.pdf,not_found
ISS1075,Korean Traditional Mask Dance,H0002256,서울 대학,대학(학부/서울),2016/1 ~ 2027/2,,,,,0,0,1,outputs/pdfs_seoul_university/서울_대학__ISS1075__Korean_Traditional_Mask_Dance.pdf,not_found
ISS1076,Digital Studio,H0002256,서울 대학,대학(학부/서울),2016/1 ~ 2027/2,,,,,0,0,1,outputs/pdfs_seoul_university/서울_대학__ISS1076__Digital_Studio.pdf,not_found
ISS1077,Korean Civilization,H0002256,서울 대학,대학(학부/서울),2016/1 ~ 2027/2,,,,,0,0,1,outputs/pdfs_seoul_university/서울_대학__ISS1077__Korean_Civilization.pdf,not_found
ISS1078,Mind-body Health,H0002256,서울 대학,대학(학부/서울),2016/1 ~ 2027/2,,,,,0,0,1,outputs/pdfs_seoul_university/서울_대학__ISS1078__Mind-body_Health.pdf,not_found
ISS1079,Architecture Design Studio: Reinterpreting the Korean Hanok,H0002256,서울 대학,대학(학부/서울),2016/1 ~ 2027/2,,,,,0,0,1,outputs/pdfs_seoul_university/서울_대학__ISS1079__Architecture_Design_Studio__Reinterpreting_the_Korean_Hanok.pdf,not_found
ISS1080,Gender and Korean Society,H0002256,서울 대학,대학(학부/서울),2016/1 ~ 2027/2,,,,,0,0,1,outputs/pdfs_seoul_university/서울_대학__ISS1080__Gender_and_Korean_Society.pdf,not_found
ISS1081,Korean Language 1 (Basic),H0002256,서울 대학,대학(학부/서울),2016/1 ~ 2027/2,,,,,0,0,1,outputs/pdfs_seoul_university/서울_대학__ISS1081__Korean_Language_1_(Basic).pdf,not_found
ISS1082,Korean Language 2 (Beginning),H0002256,서울 대학,대학(학부/서울),2016/1 ~ 2027/2,,,,,0,0,1,outputs/pdfs_seoul_university/서울_대학__ISS1082__Korean_Language_2_(Beginning).pdf,not_found
ISS1083,Korean Language 3 (Intermediate),H0002256,서울 대학,대학(학부/서울),2016/1 ~ 2027/2,,,,,0,0,1,outputs/pdfs_seoul_university/서울_대학__ISS1083__Korean_Language_3_(Intermediate).pdf,not_found
ISS1084,Korean Language 4 (Intermediate),H0002256,서울 대학,대학(학부/서울),2016/1 ~ 2027/2,,,,,0,0,1,outputs/pdfs_seoul_university/서울_대학__ISS1084__Korean_Language_4_(Intermediate).pdf,not_found
ISS1085,Engineering Communication,H0002256,서울 대학,대학(학부/서울),2016/1 ~ 2027/2,,,,,0,0,1,outputs/pdfs_seoul_university/서울_대학__ISS1085__Engineering_Communication.pdf,not_found
ISS1086,Asian Cinema,H0002256,서울 대학,대학(학부/서울),2017/1 ~ 2027/2,,,,,0,0,1,outputs/pdfs_seoul_university/서울_대학__ISS1086__Asian_Cinema.pdf,not_found
ISS1087,Korean Beauty and Make-up,H0002256,서울 대학,대학(학부/서울),2017/1 ~ 2027/2,,,,,0,0,1,outputs/pdfs_seoul_university/서울_대학__ISS1087__Korean_Beauty_and_Make-up.pdf,not_found
ISS1088,Seminar:Fashion Design for Well-being,H0002256,서울 대학,대학(학부/서울),2017/1 ~ 2027/2,,,,,0,0,1,outputs/pdfs_seoul_university/서울_대학__ISS1088__Seminar_Fashion_Design_for_Well-being.pdf,not_found
ISS1089,Fundamentals of Business Start-Up,H0002256,서울 대학,대학(학부/서울),2017/1 ~ 2027/2,,,,,0,0,1,outputs/pdfs_seoul_university/서울_대학__ISS1089__Fundamentals_of_Business_Start-Up.pdf,not_found
ISS1090,Adulthood and Aging,H0002256,서울 대학,대학(학부/서울),2017/1 ~ 2027/2,,,,,0,0,1,outputs/pdfs_seoul_university/서울_대학__ISS1090__Adulthood_and_Aging.pdf,not_found
ISS1091,Investments,H0002256,서울 대학,대학(학부/서울),2017/1 ~ 2027/2,,,,,0,0,1,outputs/pdfs_seoul_university/서울_대학__ISS1091__Investments.pdf,not_found
ISS1092,Introduction to Computer Graphic,H0002256,서울 대학,대학(학부/서울),2017/1 ~ 2027/2,,,,,0,0,1,outputs/pdfs_seoul_university/서울_대학__ISS1092__Introduction_to_Computer_Graphic.pdf,not_found
ISS1093,Look around you:Language and City,H0002256,서울 대학,대학(학부/서울),2017/1 ~ 2027/2,,,,,0,0,1,outputs/pdfs_seoul_university/서울_대학__ISS1093__Look_around_you_Language_and_City.pdf,not_found
ISS1094,New Neighbors:Refugees and Immigrants,H0002256,서울 대학,대학(학부/서울),2017/1 ~ 2027/2,,,,,0,0,1,outputs/pdfs_seoul_university/서울_대학__ISS1094__New_Neighbors_Refugees_and_Immigrants.pdf,not_found
ISS1095,Human Anatomy,H0002256,서울 대학,대학(학부/서울),2017/1 ~ 2027/2,,,,,0,0,1,outputs/pdfs_seoul_university/서울_대학__ISS1095__Human_Anatomy.pdf,not_found
ISS1096,Principles of Nutrition,H0002256,서울 대학,대학(학부/서울),2017/1 ~ 2027/2,,,,,0,0,1,outputs/pdfs_seoul_university/서울_대학__ISS1096__Principles_of_Nutrition.pdf,not_found
ISS1097,Abnormal Psychology Across Cultures,H0002256,서울 대학,대학(학부/서울),2017/1 ~ 2027/2,,,,,0,0,1,outputs/pdfs_seoul_university/서울_대학__ISS1097__Abnormal_Psychology_Across_Cultures.pdf,not_found
ISS1098,Multicultural Psychology,H0002256,서울 대학,대학(학부/서울),2017/1 ~ 2027/2,,,,,0,0,1,outputs/pdfs_seoul_university/서울_대학__ISS1098__Multicultural_Psychology.pdf,not_found
ISS1099,Psychology of Women,H0002256,서울 대학,대학(학부/서울),2017/1 ~ 2027/2,,,,,0,0,1,outputs/pdfs_seoul_university/서울_대학__ISS1099__Psychology_of_Women.pdf,not_found
ISS1100,Operations Research,H0002256,서울 대학,대학(학부/서울),2017/1 ~ 2027/2,,,,,0,0,1,outputs/pdfs_seoul_university/서울_대학__ISS1100__Operations_Research.pdf,not_found
ISS1101,Sociology of Religion,H0002256,서울 대학,대학(학부/서울),2017/1 ~ 2027/2,,,,,0,0,1,outputs/pdfs_seoul_university/서울_대학__ISS1101__Sociology_of_Religion.pdf,not_found
ISS1102,International Organizations,H0002256,서울 대학,대학(학부/서울),2017/1 ~ 2027/2,,,,,0,0,1,outputs/pdfs_seoul_university/서울_대학__ISS1102__International_Organizations.pdf,not_found
ISS1103,Numerical Methods for Engineers,H0002256,서울 대학,대학(학부/서울),2018/1 ~ 2027/2,,,,,0,0,1,outputs/pdfs_seoul_university/서울_대학__ISS1103__Numerical_Methods_for_Engineers.pdf,not_found
ISS1104,Design Thinking and Product Design Strategy,H0002256,서울 대학,대학(학부/서울),2018/1 ~ 2027/2,,,,,0,0,1,outputs/pdfs_seoul_university/서울_대학__ISS1104__Design_Thinking_and_Product_Design_Strategy.pdf,not_found
ISS1105,Sustainable Business and Development,H0002256,서울 대학,대학(학부/서울),2018/1 ~ 2027/2,,,,,0,0,1,outputs/pdfs_seoul_university/서울_대학__ISS1105__Sustainable_Business_and_Development.pdf,not_found
ISS1106,International Social Entrepreneurship,H0002256,서울 대학,대학(학부/서울),2018/1 ~ 2027/2,,,,,0,0,1,outputs/pdfs_seoul_university/서울_대학__ISS1106__International_Social_Entrepreneurship.pdf,not_found
ISS1107,Global Entrepreneurship-Launch your Startup,H0002256,서울 대학,대학(학부/서울),2018/1 ~ 2027/2,,,,,0,0,1,outputs/pdfs_seoul_university/서울_대학__ISS1107__Global_Entrepreneurship-Launch_your_Startup.pdf,not_found
ISS1108,Communication & Negotiation Strategy,H0002256,서울 대학,대학(학부/서울),2018/1 ~ 2027/2,,,,,0,0,1,outputs/pdfs_seoul_university/서울_대학__ISS1108__Communication_&_Negotiation_Strategy.pdf,not_found
ISS1109,International Journalism,H0002256,서울 대학,대학(학부/서울),2018/1 ~ 2027/2,,,,,0,0,1,outputs/pdfs_seoul_university/서울_대학__ISS1109__International_Journalism.pdf,not_found
ISS1110,Art of Self Defense 2 (Taekwondo),H0002256,서울 대학,대학(학부/서울),2018/1 ~ 2027/2,,,,,0,0,1,outputs/pdfs_seoul_university/서울_대학__ISS1110__Art_of_Self_Defense_2_(Taekwondo).pdf,not_found
ISS1111,Intro to Mass Communication,H0002256,서울 대학,대학(학부/서울),2018/1 ~ 2027/2,,,,,0,0,1,outputs/pdfs_seoul_university/서울_대학__ISS1111__Intro_to_Mass_Communication.pdf,not_found
ISS1112,Documentary Research Methods,H0002256,서울 대학,대학(학부/서울),2018/1 ~ 2027/2,,,,,0,0,1,outputs/pdfs_seoul_university/서울_대학__ISS1112__Documentary_Research_Methods.pdf,not_found
ISS1113,Environmental Issues In Documentary Films,H0002256,서울 대학,대학(학부/서울),2018/1 ~ 2027/2,,,,,0,0,1,outputs/pdfs_seoul_university/서울_대학__ISS1113__Environmental_Issues_In_Documentary_Films.pdf,not_found
ISS1114,Korean Pop Dance,H0002256,서울 대학,대학(학부/서울),2018/2 ~ 2027/2,,,,,0,0,1,outputs/pdfs_seoul_university/서울_대학__ISS1114__Korean_Pop_Dance.pdf,not_found
ISS1115,Korean Pop Vocal,H0002256,서울 대학,대학(학부/서울),2018/2 ~ 2027/2,,,,,0,0,1,outputs/pdfs_seoul_university/서울_대학__ISS1115__Korean_Pop_Vocal.pdf,not_found
ISS1116,Epidemiology:Application to Public Health,H0002256,서울 대학,대학(학부/서울),2019/1 ~ 2027/2,,,,,0,0,1,outputs/pdfs_seoul_university/서울_대학__ISS1116__Epidemiology_Application_to_Public_Health.pdf,not_found
ISS1117,Research Project,H0002256,서울 대학,대학(학부/서울),2019/1 ~ 2027/2,,,,,0,0,1,outputs/pdfs_seoul_university/서울_대학__ISS1117__Research_Project.pdf,not_found
ISS1118,Consumer Psychology,H0002256,서울 대학,대학(학부/서울),2019/1 ~ 2027/2,,,,,0,0,1,outputs/pdfs_seoul_university/서울_대학__ISS1118__Consumer_Psychology.pdf,not_found
ISS1119,Psychology of Happiness,H0002256,서울 대학,대학(학부/서울),2019/1 ~ 2027/2,,,,,0,0,1,outputs/pdfs_seoul_university/서울_대학__ISS1119__Psychology_of_Happiness.pdf,not_found
ISS1120,Integrated Marketing Communications,H0002256,서울 대학,대학(학부/서울),2019/1 ~ 2027/2,,,,,0,0,1,outputs/pdfs_seoul_university/서울_대학__ISS1120__Integrated_Marketing_Communications.pdf,not_found
ISS1121,Introduction to Criminology,H0002256,서울 대학,대학(학부/서울),2019/1 ~ 2027/2,,,,,0,0,1,outputs/pdfs_seoul_university/서울_대학__ISS1121__Introduction_to_Criminology.pdf,not_found
ISS1122,International Criminal Justice System,H0002256,서울 대학,대학(학부/서울),2019/1 ~ 2027/2,,,,,0,0,1,outputs/pdfs_seoul_university/서울_대학__ISS1122__International_Criminal_Justice_System.pdf,not_found
ISS1123,Civil Rights and Literature,H0002256,서울 대학,대학(학부/서울),2019/1 ~ 2027/2,,,,,0,0,1,outputs/pdfs_seoul_university/서울_대학__ISS1123__Civil_Rights_and_Literature.pdf,not_found
ISS1124,Literature and Film,H0002256,서울 대학,대학(학부/서울),2019/1 ~ 2027/2,,,,,0,0,1,outputs/pdfs_seoul_university/서울_대학__ISS1124__Literature_and_Film.pdf,not_found
ISS1125,Microprocessor and IoT,H0002256,서울 대학,대학(학부/서울),2019/1 ~ 2027/2,,,,,0,0,1,outputs/pdfs_seoul_university/서울_대학__ISS1125__Microprocessor_and_IoT.pdf,not_found
ISS1126,Human Development,H0002256,서울 대학,대학(학부/서울),2019/1 ~ 2027/2,,,,,0,0,1,outputs/pdfs_seoul_university/서울_대학__ISS1126__Human_Development.pdf,not_found
ISS1127,Healthy Life Skills,H0002256,서울 대학,대학(학부/서울),2019/1 ~ 2027/2,,,,,0,0,1,outputs/pdfs_seoul_university/서울_대학__ISS1127__Healthy_Life_Skills.pdf,not_found
ISS1128,Research Project,H0002256,서울 대학,대학(학부/서울),2019/1 ~ 2027/2,,,,,0,0,1,outputs/pdfs_seoul_university/서울_대학__ISS1128__Research_Project.pdf,not_found
ISS1129,Human Physiology,H0002256,서울 대학,대학(학부/서울),2019/1 ~ 2027/2,,,,,0,0,1,outputs/pdfs_seoul_university/서울_대학__ISS1129__Human_Physiology.pdf,not_found
ISS1130,Stem Cell and Regenerative Medicine,H0002256,서울 대학,대학(학부/서울),2019/1 ~ 2027/2,,,,,0,0,1,outputs/pdfs_seoul_university/서울_대학__ISS1130__Stem_Cell_and_Regenerative_Medicine.pdf,not_found
ISS1131,Fluid Mechanics,H0002256,서울 대학,대학(학부/서울),2019/1 ~ 2027/2,,,,,0,0,1,outputs/pdfs_seoul_university/서울_대학__ISS1131__Fluid_Mechanics.pdf,not_found
ISS1132,Ceramic Practice,H0002256,서울 대학,대학(학부/서울),2019/2 ~ 2027/2,,,,,0,0,1,outputs/pdfs_seoul_university/서울_대학__ISS1132__Ceramic_Practice.pdf,not_found
ISS1133,Communication Strategies and Tactics,H0002256,서울 대학,대학(학부/서울),2020/2 ~ 2027/2,,,,,0,0,1,outputs/pdfs_seoul_university/서울_대학__ISS1133__Communication_Strategies_and_Tactics.pdf,not_found
ISS1134,Korean Food and Culture,H0002256,서울 대학,대학(학부/서울),2020/2 ~ 2027/2,,,,,0,0,1,outputs/pdfs_seoul_university/서울_대학__ISS1134__Korean_Food_and_Culture.pdf,not_found
ISS1135,Digital Consumer Behavior,H0002256,서울 대학,대학(학부/서울),2020/2 ~ 2027/2,,,,,0,0,1,outputs/pdfs_seoul_university/서울_대학__ISS1135__Digital_Consumer_Behavior.pdf,not_found
ISS1136,Python for Beginners,H0002256,서울 대학,대학(학부/서울),2020/2 ~ 2027/2,,,,,0,0,1,outputs/pdfs_seoul_university/서울_대학__ISS1136__Python_for_Beginners.pdf,not_found
ISS1137,Foundations on Data Science and Visualization,H0002256,서울 대학,대학(학부/서울),2020/2 ~ 2027/2,,,,,0,0,1,outputs/pdfs_seoul_university/서울_대학__ISS1137__Foundations_on_Data_Science_and_Visualization.pdf,not_found
ISS1138,The Rise of the Korean Wave,H0002256,서울 대학,대학(학부/서울),2020/2 ~ 2027/2,,,,,0,0,1,outputs/pdfs_seoul_university/서울_대학__ISS1138__The_Rise_of_the_Korean_Wave.pdf,not_found
ISS1139,Digital Media Storytelling,H0002256,서울 대학,대학(학부/서울),2020/2 ~ 2027/2,,,,,0,0,1,outputs/pdfs_seoul_university/서울_대학__ISS1139__Digital_Media_Storytelling.pdf,not_found
ISS1140,Introduction to Power Electronics,H0002256,서울 대학,대학(학부/서울),2020/2 ~ 2027/2,,,,,0,0,1,outputs/pdfs_seoul_university/서울_대학__ISS1140__Introduction_to_Power_Electronics.pdf,not_found
ISS1141,Transmedia Journalism,H0002256,서울 대학,대학(학부/서울),2020/2 ~ 2027/2,,,,,0,0,1,outputs/pdfs_seoul_university/서울_대학__ISS1141__Transmedia_Journalism.pdf,not_found
ISS1142,AI and Finance,H0002256,서울 대학,대학(학부/서울),2020/2 ~ 2027/2,,,,,0,0,1,outputs/pdfs_seoul_university/서울_대학__ISS1142__AI_and_Finance.pdf,not_found
ISS1143,Omnibus Lecture Series in STEM,H0002256,서울 대학,대학(학부/서울),2021/1 ~ 2027/2,,,,,0,0,1,outputs/pdfs_seoul_university/서울_대학__ISS1143__Omnibus_Lecture_Series_in_STEM.pdf,not_found
ISS1144,Introduction to Electronics,H0002256,서울 대학,대학(학부/서울),2021/1 ~ 2027/2,,,,,0,0,1,outputs/pdfs_seoul_university/서울_대학__ISS1144__Introduction_to_Electronics.pdf,not_found
ISS1145,Designing Sustainably,H0002256,서울 대학,대학(학부/서울),2021/1 ~ 2027/2,,,,,0,0,1,outputs/pdfs_seoul_university/서울_대학__ISS1145__Designing_Sustainably.pdf,not_found
ISS1146,Interior Urbanism,H0002256,서울 대학,대학(학부/서울),2021/1 ~ 2027/2,,,,,0,0,1,outputs/pdfs_seoul_university/서울_대학__ISS1146__Interior_Urbanism.pdf,not_found
ISS1147,Transformative Responsive Environments,H0002256,서울 대학,대학(학부/서울),2021/1 ~ 2027/2,,,,,0,0,1,outputs/pdfs_seoul_university/서울_대학__ISS1147__Transformative_Responsive_Environments.pdf,not_found
ISS1148,Understanding Collective Intelligence & Encyclopedic Writing through Editing Wikipedia,H0002256,서울 대학,대학(학부/서울),2021/1 ~ 2027/2,,,,,0,0,1,outputs/pdfs_seoul_university/서울_대학__ISS1148__Understanding_Collective_Intelligence_&_Encyclopedic_Writing_through_Editing_Wikipedia.pdf,not_found
ISS1149,Globalization and Society,H0002256,서울 대학,대학(학부/서울),2021/1 ~ 2027/2,,,,,0,0,1,outputs/pdfs_seoul_university/서울_대학__ISS1149__Globalization_and_Society.pdf,not_found
ISS1150,K-pop as Transnational Phenomenon,H0002256,서울 대학,대학(학부/서울),2021/1 ~ 2027/2,,,,,0,0,1,outputs/pdfs_seoul_university/서울_대학__ISS1150__K-pop_as_Transnational_Phenomenon.pdf,not_found
ISS1151,Understanding Korea through Korean films,H0002256,서울 대학,대학(학부/서울),2021/1 ~ 2027/2,,,,,0,0,1,outputs/pdfs_seoul_university/서울_대학__ISS1151__Understanding_Korea_through_Korean_films.pdf,not_found
ISS1152,Introduction to Managerial Accounting,H0002256,서울 대학,대학(학부/서울),2021/1 ~ 2027/2,,,,,0,0,1,outputs/pdfs_seoul_university/서울_대학__ISS1152__Introduction_to_Managerial_Accounting.pdf,not_found
ISS1153,Statistics and Probability for Engineers,H0002256,서울 대학,대학(학부/서울),2021/1 ~ 2027/2,,,,,0,0,1,outputs/pdfs_seoul_university/서울_대학__ISS1153__Statistics_and_Probability_for_Engineers.pdf,not_found
ISS1154,Introduction to Cybersecurity,H0002256,서울 대학,대학(학부/서울),2021/1 ~ 2027/2,,,,,0,0,1,outputs/pdfs_seoul_university/서울_대학__ISS1154__Introduction_to_Cybersecurity.pdf,not_found
ISS1155,Exploring Seoul: Geography of the City,H0002256,서울 대학,대학(학부/서울),2021/1 ~ 2027/2,,,,,0,0,1,outputs/pdfs_seoul_university/서울_대학__ISS1155__Exploring_Seoul__Geography_of_the_City.pdf,not_found
ISS1156,Geographies of Sustainable Agriculture,H0002256,서울 대학,대학(학부/서울),2021/1 ~ 2027/2,,,,,0,0,1,outputs/pdfs_seoul_university/서울_대학__ISS1156__Geographies_of_Sustainable_Agriculture.pdf,not_found
ISS1157,Environmental Issues in Korean & North American Cinema,H0002256,서울 대학,대학(학부/서울),2021/1 ~ 2027/2,,,,,0,0,1,outputs/pdfs_seoul_university/서울_대학__ISS1157__Environmental_Issues_in_Korean_&_North_American_Cinema.pdf,not_found
ISS1158,Introduction to AI and Deep Learning Basics,H0002256,서울 대학,대학(학부/서울),2021/1 ~ 2027/2,,,,,0,0,1,outputs/pdfs_seoul_university/서울_대학__ISS1158__Introduction_to_AI_and_Deep_Learning_Basics.pdf,not_found
ISS1159,Brand Workshop,H0002256,서울 대학,대학(학부/서울),2022/1 ~ 2027/2,,,,,0,0,1,outputs/pdfs_seoul_university/서울_대학__ISS1159__Brand_Workshop.pdf,not_found
ISS1160,XR Experience Design with Unity,H0002256,서울 대학,대학(학부/서울),2022/1 ~ 2027/2,,,,,0,0,1,outputs/pdfs_seoul_university/서울_대학__ISS1160__XR_Experience_Design_with_Unity.pdf,not_found
ISS1161,Introduction to Big Data Analysis,H0002256,서울 대학,대학(학부/서울),2022/1 ~ 2027/2,,,,,0,0,1,outputs/pdfs_seoul_university/서울_대학__ISS1161__Introduction_to_Big_Data_Analysis.pdf,not_found
ISS1162,Creative Programming,H0002256,서울 대학,대학(학부/서울),2022/1 ~ 2027/2,,,,,0,0,1,outputs/pdfs_seoul_university/서울_대학__ISS1162__Creative_Programming.pdf,not_found
ISS1163,Introduction to Acting,H0002256,서울 대학,대학(학부/서울),2022/1 ~ 2027/2,,,,,0,0,1,outputs/pdfs_seoul_university/서울_대학__ISS1163__Introduction_to_Acting.pdf,not_found
ISS1164,AI Basics,H0002256,서울 대학,대학(학부/서울),2022/1 ~ 2027/2,,,,,0,0,1,outputs/pdfs_seoul_university/서울_대학__ISS1164__AI_Basics.pdf,not_found
ISS1165,Computer Networks,H0002256,서울 대학,대학(학부/서울),2022/1 ~ 2027/2,,,,,0,0,1,outputs/pdfs_seoul_university/서울_대학__ISS1165__Computer_Networks.pdf,not_found
ISS1166,Understanding of Psychology,H0002256,서울 대학,대학(학부/서울),2022/1 ~ 2027/2,,,,,0,0,1,outputs/pdfs_seoul_university/서울_대학__ISS1166__Understanding_of_Psychology.pdf,not_found
ISS1167,Basic Korean (Level 1),H0002256,서울 대학,대학(학부/서울),2022/2 ~ 2027/2,,,,,0,0,1,outputs/pdfs_seoul_university/서울_대학__ISS1167__Basic_Korean_(Level_1).pdf,not_found
ISS1168,Basic Korean (Level 2),H0002256,서울 대학,대학(학부/서울),2022/2 ~ 2027/2,,,,,0,0,1,outputs/pdfs_seoul_university/서울_대학__ISS1168__Basic_Korean_(Level_2).pdf,not_found
ISS1169,Behavioral Insights for International Business,H0002256,서울 대학,대학(학부/서울),2022/2 ~ 2027/2,,,,,0,0,1,outputs/pdfs_seoul_university/서울_대학__ISS1169__Behavioral_Insights_for_International_Business.pdf,not_found
ISS1170,International Marketing and Content Creation,H0002256,서울 대학,대학(학부/서울),2022/2 ~ 2027/2,,,,,0,0,1,outputs/pdfs_seoul_university/서울_대학__ISS1170__International_Marketing_and_Content_Creation.pdf,not_found
ISS1171,Introduction to Microelectronics,H0002256,서울 대학,대학(학부/서울),2023/1 ~ 2027/2,,,,,0,0,1,outputs/pdfs_seoul_university/서울_대학__ISS1171__Introduction_to_Microelectronics.pdf,not_found
ISS1172,General Physics 1,H0002256,서울 대학,대학(학부/서울),2023/1 ~ 2027/2,,,,,0,0,1,outputs/pdfs_seoul_university/서울_대학__ISS1172__General_Physics_1.pdf,not_found
ISS1173,General Physics 2,H0002256,서울 대학,대학(학부/서울),2023/1 ~ 2027/2,,,,,0,0,1,outputs/pdfs_seoul_university/서울_대학__ISS1173__General_Physics_2.pdf,not_found
ISS1174,Exploring Korean Entertainment Business,H0002256,서울 대학,대학(학부/서울),2023/1 ~ 2027/2,,,,,0,0,1,outputs/pdfs_seoul_university/서울_대학__ISS1174__Exploring_Korean_Entertainment_Business.pdf,not_found
ISS1175,Cultural Geography: Exploring Korea Through Film,H0002256,서울 대학,대학(학부/서울),2023/1 ~ 2027/2,,,,,0,0,1,outputs/pdfs_seoul_university/서울_대학__ISS1175__Cultural_Geography__Exploring_Korea_Through_Film.pdf,not_found
ISS1176,East Asian Political Economy,H0002256,서울 대학,대학(학부/서울),2023/1 ~ 2027/2,,,,,0,0,1,outputs/pdfs_seoul_university/서울_대학__ISS1176__East_Asian_Political_Economy.pdf,not_found
ISS1177,Politics of Science and Technology,H0002256,서울 대학,대학(학부/서울),2023/1 ~ 2027/2,,,,,0,0,1,outputs/pdfs_seoul_university/서울_대학__ISS1177__Politics_of_Science_and_Technology.pdf,not_found
ISS1178,Beginning Korean Language with K-Culture,H0002256,서울 대학,대학(학부/서울),2023/1 ~ 2027/2,,,,,0,0,1,outputs/pdfs_seoul_university/서울_대학__ISS1178__Beginning_Korean_Language_with_K-Culture.pdf,not_found
ISS1179,Intermediate Korean Language with K-Culture,H0002256,서울 대학,대학(학부/서울),2023/1 ~ 2027/2,,,,,0,0,1,outputs/pdfs_seoul_university/서울_대학__ISS1179__Intermediate_Korean_Language_with_K-Culture.pdf,not_found
ISS1180,Financial Management and Decision-Making,H0002256,서울 대학,대학(학부/서울),2023/1 ~ 2027/2,,,,,0,0,1,outputs/pdfs_seoul_university/서울_대학__ISS1180__Financial_Management_and_Decision-Making.pdf,not_found
ISS1181,Exploring Statistical Analyses Using Korean Data,H0002256,서울 대학,대학(학부/서울),2023/1 ~ 2027/2,,,,,0,0,1,outputs/pdfs_seoul_university/서울_대학__ISS1181__Exploring_Statistical_Analyses_Using_Korean_Data.pdf,not_found
ISS1182,Learning Korean Traditions and Culture with Folk Dance,H0002256,서울 대학,대학(학부/서울),2023/1 ~ 2027/2,,,,,0,0,1,outputs/pdfs_seoul_university/서울_대학__ISS1182__Learning_Korean_Traditions_and_Culture_with_Folk_Dance.pdf,not_found
ISS1183,Investment in Advanced Economies,H0002256,서울 대학,대학(학부/서울),2023/1 ~ 2027/2,,,,,0,0,1,outputs/pdfs_seoul_university/서울_대학__ISS1183__Investment_in_Advanced_Economies.pdf,not_found
ISS1184,Financial Management in Advanced Economies,H0002256,서울 대학,대학(학부/서울),2023/1 ~ 2027/2,,,,,0,0,1,outputs/pdfs_seoul_university/서울_대학__ISS1184__Financial_Management_in_Advanced_Economies.pdf,not_found
ISS1185,The Architectural Imagination,H0002256,서울 대학,대학(학부/서울),2023/1 ~ 2027/2,,,,,0,0,1,outputs/pdfs_seoul_university/서울_대학__ISS1185__The_Architectural_Imagination.pdf,not_found
ISS1186,"Managerial Accounting, Decision-Making Perspective",H0002256,서울 대학,대학(학부/서울),2023/1 ~ 2027/2,,,,,0,0,1,"outputs/pdfs_seoul_university/서울_대학__ISS1186__Managerial_Accounting,_Decision-Making_Perspective.pdf",not_found
ISS1187,East Asian Languages and Cultures,H0002256,서울 대학,대학(학부/서울),2023/2 ~ 2027/2,,,,,0,0,1,outputs/pdfs_seoul_university/서울_대학__ISS1187__East_Asian_Languages_and_Cultures.pdf,not_found
ISS1188,Contemporary Society and Marketing,H0002256,서울 대학,대학(학부/서울),2023/2 ~ 2023/2,,,,,0,0,1,outputs/pdfs_seoul_university/서울_대학__ISS1188__Contemporary_Society_and_Marketing.pdf,not_found
ISS1189,Principles of Microconomics,H0002256,서울 대학,대학(학부/서울),2023/2 ~ 2027/2,,,,,0,0,1,outputs/pdfs_seoul_university/서울_대학__ISS1189__Principles_of_Microconomics.pdf,not_found
ISS1190,Exploring Pop Music,H0002256,서울 대학,대학(학부/서울),2024/1 ~ 2027/2,,,,,0,0,1,outputs/pdfs_seoul_university/서울_대학__ISS1190__Exploring_Pop_Music.pdf,not_found
ISS1191,Advertising & Promotion,H0002256,서울 대학,대학(학부/서울),2024/1 ~ 2027/2,,,,,0,0,1,outputs/pdfs_seoul_university/서울_대학__ISS1191__Advertising_&_Promotion.pdf,not_found
ISS1192,Interactive Media Performance,H0002256,서울 대학,대학(학부/서울),2024/1 ~ 2027/2,,,,,0,0,1,outputs/pdfs_seoul_university/서울_대학__ISS1192__Interactive_Media_Performance.pdf,not_found
ISS1193,Korean Traditional Sogo Dance,H0002256,서울 대학,대학(학부/서울),2024/1 ~ 2027/2,,,,,0,0,1,outputs/pdfs_seoul_university/서울_대학__ISS1193__Korean_Traditional_Sogo_Dance.pdf,not_found
ISS1194,Business Practice in the Asian Market,H0002256,서울 대학,대학(학부/서울),2024/1 ~ 2027/2,,,,,0,0,1,outputs/pdfs_seoul_university/서울_대학__ISS1194__Business_Practice_in_the_Asian_Market.pdf,not_found
ISS1195,Multimedia Marketing and Content Design,H0002256,서울 대학,대학(학부/서울),2024/1 ~ 2027/2,,,,,0,0,1,outputs/pdfs_seoul_university/서울_대학__ISS1195__Multimedia_Marketing_and_Content_Design.pdf,not_found
ISS1196,"Health, Environment, Lifestyle and Preserve earth(HELP)",H0002256,서울 대학,대학(학부/서울),2024/1 ~ 2027/2,,,,,0,0,1,"outputs/pdfs_seoul_university/서울_대학__ISS1196__Health,_Environment,_Lifestyle_and_Preserve_earth(HELP).pdf",not_found
ISS1197,Cross Cultural Communication,H0002256,서울 대학,대학(학부/서울),2024/1 ~ 2027/2,,,,,0,0,1,outputs/pdfs_seoul_university/서울_대학__ISS1197__Cross_Cultural_Communication.pdf,not_found
ISS1198,Marketing for Engineers,H0002256,서울 대학,대학(학부/서울),2024/1 ~ 2027/2,,,,,0,0,1,outputs/pdfs_seoul_university/서울_대학__ISS1198__Marketing_for_Engineers.pdf,not_found
ISS1199,Korea and Japan in the World,H0002256,서울 대학,대학(학부/서울),2024/1 ~ 2027/2,,,,,0,0,1,outputs/pdfs_seoul_university/서울_대학__ISS1199__Korea_and_Japan_in_the_World.pdf,not_found
ISS1200,Korean Language and Creative Dance Workshop,H0002256,서울 대학,대학(학부/서울),2024/1 ~ 2027/2,,,,,0,0,1,outputs/pdfs_seoul_university/서울_대학__ISS1200__Korean_Language_and_Creative_Dance_Workshop.pdf,not_found
ISS1201,Mobile Storytelling and Social Media,H0002256,서울 대학,대학(학부/서울),2024/1 ~ 2027/2,,,,,0,0,1,outputs/pdfs_seoul_university/서울_대학__ISS1201__Mobile_Storytelling_and_Social_Media.pdf,not_found
ISS1202,Creative Computing and Data with Python,H0002256,서울 대학,대학(학부/서울),2024/2 ~ 2027/2,,,,,0,0,1,outputs/pdfs_seoul_university/서울_대학__ISS1202__Creative_Computing_and_Data_with_Python.pdf,not_found
ISS1203,"Culture, Content, Creative Industry and Financial Strategies",H0002256,서울 대학,대학(학부/서울),2024/2 ~ 2027/2,,,,,0,0,1,"outputs/pdfs_seoul_university/서울_대학__ISS1203__Culture,_Content,_Creative_Industry_and_Financial_Strategies.pdf",not_found
ISS1204,Designing the Future_Creativity with Generative AI,H0002256,서울 대학,대학(학부/서울),2024/2 ~ 2027/2,,,,,0,0,1,outputs/pdfs_seoul_university/서울_대학__ISS1204__Designing_the_Future_Creativity_with_Generative_AI.pdf,not_found
ISS1205,Future Design & Technology,H0002256,서울 대학,대학(학부/서울),2024/2 ~ 2027/2,,,,,0,0,1,outputs/pdfs_seoul_university/서울_대학__ISS1205__Future_Design_&_Technology.pdf,not_found
ISS1206,Introduction to Behavioral Finance,H0002256,서울 대학,대학(학부/서울),2024/2 ~ 2027/2,,,,,0,0,1,outputs/pdfs_seoul_university/서울_대학__ISS1206__Introduction_to_Behavioral_Finance.pdf,not_found
ISS1207,Introduction to Ethical Hacking,H0002256,서울 대학,대학(학부/서울),2024/2 ~ 2027/2,,,,,0,0,1,outputs/pdfs_seoul_university/서울_대학__ISS1207__Introduction_to_Ethical_Hacking.pdf,not_found
ISS1208,Introduction to Korean Architecture and its urban forms,H0002256,서울 대학,대학(학부/서울),2024/2 ~ 2027/2,,,,,0,0,1,outputs/pdfs_seoul_university/서울_대학__ISS1208__Introduction_to_Korean_Architecture_and_its_urban_forms.pdf,not_found
ISS1209,Jiu-Jitsu and Self Defense,H0002256,서울 대학,대학(학부/서울),2024/2 ~ 2027/2,,,,,0,0,1,outputs/pdfs_seoul_university/서울_대학__ISS1209__Jiu-Jitsu_and_Self_Defense.pdf,not_found
ISS1210,Korean Dystopian Content : From Train to Busan to Parasite,H0002256,서울 대학,대학(학부/서울),2024/2 ~ 2027/2,,,,,0,0,1,outputs/pdfs_seoul_university/서울_대학__ISS1210__Korean_Dystopian_Content___From_Train_to_Busan_to_Parasite.pdf,not_found
ISS1211,Korean Wave Deconstructed,H0002256,서울 대학,대학(학부/서울),2024/2 ~ 2027/2,,,,,0,0,1,outputs/pdfs_seoul_university/서울_대학__ISS1211__Korean_Wave_Deconstructed.pdf,not_found
ISS1212,Nutrition and Disease Prevention,H0002256,서울 대학,대학(학부/서울),2024/2 ~ 2027/2,,,,,0,0,1,outputs/pdfs_seoul_university/서울_대학__ISS1212__Nutrition_and_Disease_Prevention.pdf,not_found
ISS1213,Racket Sports,H0002256,서울 대학,대학(학부/서울),2024/2 ~ 2027/2,,,,,0,0,1,outputs/pdfs_seoul_university/서울_대학__ISS1213__Racket_Sports.pdf,not_found
ISS1214,SDGs to Social Innovation,H0002256,서울 대학,대학(학부/서울),2024/2 ~ 2027/2,,,,,0,0,1,outputs/pdfs_seoul_university/서울_대학__ISS1214__SDGs_to_Social_Innovation.pdf,not_found
ISS1215,Visual Communication and Merchandising,H0002256,서울 대학,대학(학부/서울),2024/2 ~ 2027/2,,,,,0,0,1,outputs/pdfs_seoul_university/서울_대학__ISS1215__Visual_Communication_and_Merchandising.pdf,not_found
ISS1216,Visual Language of Korea,H0002256,서울 대학,대학(학부/서울),2024/2 ~ 2027/2,,,,,0,0,1,outputs/pdfs_seoul_university/서울_대학__ISS1216__Visual_Language_of_Korea.pdf,not_found
ISS1217,Consumer Behaviour,H0002256,서울 대학,대학(학부/서울),2025/2 ~ 2027/2,,,,,0,0,1,outputs/pdfs_seoul_university/서울_대학__ISS1217__Consumer_Behaviour.pdf,not_found
ISS1218,Creative Fashion Design with AI,H0002256,서울 대학,대학(학부/서울),2025/2 ~ 2027/2,,,,,0,0,1,outputs/pdfs_seoul_university/서울_대학__ISS1218__Creative_Fashion_Design_with_AI.pdf,not_found
ISS1219,Digital Film and Video Editing,H0002256,서울 대학,대학(학부/서울),2025/2 ~ 2027/2,,,,,0,0,1,outputs/pdfs_seoul_university/서울_대학__ISS1219__Digital_Film_and_Video_Editing.pdf,not_found
ISS1220,Entrepreneurship,H0002256,서울 대학,대학(학부/서울),2025/2 ~ 2027/2,,,,,0,0,1,outputs/pdfs_seoul_university/서울_대학__ISS1220__Entrepreneurship.pdf,not_found
ISS1221,Forecasting and Predictive Analytics,H0002256,서울 대학,대학(학부/서울),2025/2 ~ 2027/2,,,,,0,0,1,outputs/pdfs_seoul_university/서울_대학__ISS1221__Forecasting_and_Predictive_Analytics.pdf,not_found
ISS1222,Global English Communication: Real-World Fluency,H0002256,서울 대학,대학(학부/서울),2025/2 ~ 2027/2,,,,,0,0,1,outputs/pdfs_seoul_university/서울_대학__ISS1222__Global_English_Communication__Real-World_Fluency.pdf,not_found
ISS1223,Innovation and Project Management,H0002256,서울 대학,대학(학부/서울),2025/2 ~ 2027/2,,,,,0,0,1,outputs/pdfs_seoul_university/서울_대학__ISS1223__Innovation_and_Project_Management.pdf,not_found
ISS1224,Introduction to Semiconductor,H0002256,서울 대학,대학(학부/서울),2025/2 ~ 2027/2,,,,,0,0,1,outputs/pdfs_seoul_university/서울_대학__ISS1224__Introduction_to_Semiconductor.pdf,not_found
ISS1225,"K-Fashion, Creative Design",H0002256,서울 대학,대학(학부/서울),2025/2 ~ 2027/2,,,,,0,0,1,"outputs/pdfs_seoul_university/서울_대학__ISS1225__K-Fashion,_Creative_Design.pdf",not_found
ISS1226,Step by Step: Introduction to Line Dance,H0002256,서울 대학,대학(학부/서울),2025/2 ~ 2027/2,,,,,0,0,1,outputs/pdfs_seoul_university/서울_대학__ISS1226__Step_by_Step__Introduction_to_Line_Dance.pdf,not_found
ISS1227,Machine Learning for Business,H0002256,서울 대학,대학(학부/서울),2025/2 ~ 2027/2,,,,,0,0,1,outputs/pdfs_seoul_university/서울_대학__ISS1227__Machine_Learning_for_Business.pdf,not_found
ISS1228,Marketing Analytics,H0002256,서울 대학,대학(학부/서울),2025/2 ~ 2027/2,,,,,0,0,1,outputs/pdfs_seoul_university/서울_대학__ISS1228__Marketing_Analytics.pdf,not_found
ISS1229,Marketing Research,H0002256,서울 대학,대학(학부/서울),2025/2 ~ 2027/2,,,,,0,0,1,outputs/pdfs_seoul_university/서울_대학__ISS1229__Marketing_Research.pdf,not_found
ISS1230,Outbreak,H0002256,서울 대학,대학(학부/서울),2025/2 ~ 2027/2,,,,,0,0,1,outputs/pdfs_seoul_university/서울_대학__ISS1230__Outbreak.pdf,not_found
ISS1231,R Programming,H0002256,서울 대학,대학(학부/서울),2025/2 ~ 2027/2,,,,,0,0,1,outputs/pdfs_seoul_university/서울_대학__ISS1231__R_Programming.pdf,not_found
ISS1232,Regression Analysis,H0002256,서울 대학,대학(학부/서울),2025/2 ~ 2027/2,,,,,0,0,1,outputs/pdfs_seoul_university/서울_대학__ISS1232__Regression_Analysis.pdf,not_found
ISS1233,Social Psychology: K-Pop Edition,H0002256,서울 대학,대학(학부/서울),2025/2 ~ 2027/2,,,,,0,0,1,outputs/pdfs_seoul_university/서울_대학__ISS1233__Social_Psychology__K-Pop_Edition.pdf,not_found
ISS1234,South Korean Creative Industries,H0002256,서울 대학,대학(학부/서울),2025/2 ~ 2027/2,,,,,0,0,1,outputs/pdfs_seoul_university/서울_대학__ISS1234__South_Korean_Creative_Industries.pdf,not_found
ISS1235,Startup Strategy with Real Startups,H0002256,서울 대학,대학(학부/서울),2025/2 ~ 2027/2,,,,,0,0,1,outputs/pdfs_seoul_university/서울_대학__ISS1235__Startup_Strategy_with_Real_Startups.pdf,not_found
ISS1236,Introduction to Smart Manufacturing,H0002256,서울 대학,대학(학부/서울),2025/2 ~ 2027/2,,,,,0,0,1,outputs/pdfs_seoul_university/서울_대학__ISS1236__Introduction_to_Smart_Manufacturing.pdf,not_found
ISS1237,K-Culture Communication,H0002256,서울 대학,대학(학부/서울),2025/1 ~ 2027/2,,,,,0,0,1,outputs/pdfs_seoul_university/서울_대학__ISS1237__K-Culture_Communication.pdf,not_found
ISS1238,Sustainable Marketing,H0002256,서울 대학,대학(학부/서울),2025/1 ~ 2027/2,,,,,0,0,1,outputs/pdfs_seoul_university/서울_대학__ISS1238__Sustainable_Marketing.pdf,not_found
ISS1239,AI and Society,H0002256,서울 대학,대학(학부/서울),2025/1 ~ 2027/2,,,,,0,0,1,outputs/pdfs_seoul_university/서울_대학__ISS1239__AI_and_Society.pdf,not_found
ISS1240,ESG Supply Chain Management,H0002256,서울 대학,대학(학부/서울),2025/2 ~ 2027/2,,,,,0,0,1,outputs/pdfs_seoul_university/서울_대학__ISS1240__ESG_Supply_Chain_Management.pdf,not_found
ISS1241,From Microprocessor to Intelligent IoT,H0002256,서울 대학,대학(학부/서울),2025/2 ~ 2027/2,,,,,0,0,1,outputs/pdfs_seoul_university/서울_대학__ISS1241__From_Microprocessor_to_Intelligent_IoT.pdf,not_found
ISS1242,Korean Goods Design with Hands-on Experience,H0002256,서울 대학,대학(학부/서울),2025/2 ~ 2027/2,,,,,0,0,1,outputs/pdfs_seoul_university/서울_대학__ISS1242__Korean_Goods_Design_with_Hands-on_Experience.pdf,not_found
ISS1243,Art in Seoul: City as a Living Mutation,H0002256,서울 대학,대학(학부/서울),2025/2 ~ 2027/2,,,,,0,0,1,outputs/pdfs_seoul_university/서울_대학__ISS1243__Art_in_Seoul__City_as_a_Living_Mutation.pdf,not_found
ISS1244,From 8-Bit to Orchestra: The Art and Technology of Video Game Music,H0002256,서울 대학,대학(학부/서울),2025/2 ~ 2027/2,,,,,0,0,1,outputs/pdfs_seoul_university/서울_대학__ISS1244__From_8-Bit_to_Orchestra__The_Art_and_Technology_of_Video_Game_Music.pdf,not_found
ISS1245,Marketing Data Analytercy(Data Analytics + AI Literacy),H0002256,서울 대학,대학(학부/서울),2025/2 ~ 2027/2,,,,,0,0,1,outputs/pdfs_seoul_university/서울_대학__ISS1245__Marketing_Data_Analytercy(Data_Analytics_+_AI_Literacy).pdf,not_found
ISS1246,Korean Language and Culture within East Asia,H0002256,서울 대학,대학(학부/서울),2025/2 ~ 2027/2,,,,,0,0,1,outputs/pdfs_seoul_university/서울_대학__ISS1246__Korean_Language_and_Culture_within_East_Asia.pdf,not_found
ISS1247,Basic Korean (Level 0 - Korean Alphabet),H0002256,서울 대학,대학(학부/서울),2025/2 ~ 2027/2,,,,,0,0,1,outputs/pdfs_seoul_university/서울_대학__ISS1247__Basic_Korean_(Level_0_-_Korean_Alphabet).pdf,not_found
ISS1248,Applied Bioinspiration and Biodesign,H0002256,서울 대학,대학(학부/서울),2026/1 ~ 2027/2,,,,,0,0,1,outputs/pdfs_seoul_university/서울_대학__ISS1248__Applied_Bioinspiration_and_Biodesign.pdf,not_found
ISS1249,Cultural Re-Engineering in South Korea,H0002256,서울 대학,대학(학부/서울),2026/1 ~ 2027/2,,,,,0,0,1,outputs/pdfs_seoul_university/서울_대학__ISS1249__Cultural_Re-Engineering_in_South_Korea.pdf,not_found
ISS1250,Deep Learning and Visual Intelligence,H0002256,서울 대학,대학(학부/서울),2026/1 ~ 2027/2,,,,,0,0,1,outputs/pdfs_seoul_university/서울_대학__ISS1250__Deep_Learning_and_Visual_Intelligence.pdf,not_found
ISS1251,Financial Markets 101: From Fundamentals to Contemporary Issues,H0002256,서울 대학,대학(학부/서울),2026/1 ~ 2027/2,,,,,0,0,1,outputs/pdfs_seoul_university/서울_대학__ISS1251__Financial_Markets_101__From_Fundamentals_to_Contemporary_Issues.pdf,not_found
ISS1252,"Globalisation, Citizenship & Ethics in the Age of AI",H0002256,서울 대학,대학(학부/서울),2026/1 ~ 2027/2,,,,,0,0,1,"outputs/pdfs_seoul_university/서울_대학__ISS1252__Globalisation,_Citizenship_&_Ethics_in_the_Age_of_AI.pdf",not_found
ISS1253,Introduction to Finance,H0002256,서울 대학,대학(학부/서울),2026/1 ~ 2027/2,,,,,0,0,1,outputs/pdfs_seoul_university/서울_대학__ISS1253__Introduction_to_Finance.pdf,not_found
ISS1254,Philosophy of Art and Film,H0002256,서울 대학,대학(학부/서울),2026/1 ~ 2027/2,,,,,0,0,1,outputs/pdfs_seoul_university/서울_대학__ISS1254__Philosophy_of_Art_and_Film.pdf,not_found
ISS1255,Photojournalism,H0002256,서울 대학,대학(학부/서울),2026/1 ~ 2027/2,,,,,0,0,1,outputs/pdfs_seoul_university/서울_대학__ISS1255__Photojournalism.pdf,not_found
ISS1256,Statistics Foundation for AI,H0002256,서울 대학,대학(학부/서울),2026/1 ~ 2027/2,,,,,0,0,1,outputs/pdfs_seoul_university/서울_대학__ISS1256__Statistics_Foundation_for_AI.pdf,not_found
ISS1257,"Strategic Personal Branding: Stories, Values, and Decisions",H0002256,서울 대학,대학(학부/서울),2026/1 ~ 2027/2,,,,,0,0,1,"outputs/pdfs_seoul_university/서울_대학__ISS1257__Strategic_Personal_Branding__Stories,_Values,_and_Decisions.pdf",not_found
ISS1258,Artistic Research on Culture and Nature in Korea,H0002256,서울 대학,대학(학부/서울),2026/1 ~ 2027/2,,,,,0,0,1,outputs/pdfs_seoul_university/서울_대학__ISS1258__Artistic_Research_on_Culture_and_Nature_in_Korea.pdf,not_found
ISS1259,"Society at a Crossroads: AI, Technology and You",H0002256,서울 대학,대학(학부/서울),2026/1 ~ 2027/2,,,,,0,0,1,"outputs/pdfs_seoul_university/서울_대학__ISS1259__Society_at_a_Crossroads__AI,_Technology_and_You.pdf",not_found
ISS1260,Introductory Korean (Level 3),H0002256,서울 대학,대학(학부/서울),2026/1 ~ 2027/2,,,,,0,0,1,outputs/pdfs_seoul_university/서울_대학__ISS1260__Introductory_Korean_(Level_3).pdf,not_found
ISS1261,Basic Korean,H0002256,서울 대학,대학(학부/서울),2026/2 ~ 2027/2,,,,,0,0,1,outputs/pdfs_seoul_university/서울_대학__ISS1261__Basic_Korean.pdf,not_found
ISS4001,Cultural Perspectiveson Substance Abuse and Addictions,H0002256,서울 대학,대학(학부/서울),2014/1 ~ 2027/2,,,,,0,0,1,outputs/pdfs_seoul_university/서울_대학__ISS4001__Cultural_Perspectiveson_Substance_Abuse_and_Addictions.pdf,not_found
ITC2001,파이썬데이터분석,H0003959,정보융합전공,정보융합전공,2017/1 ~ 2028/2,,,,,0,0,5,outputs/pdfs_full/정보융합전공__ITC2001__파이썬데이터분석.pdf,not_found
ITC2002,디지털기술과경영,H0003959,정보융합전공,정보융합전공,2025/1 ~ 2028/2,,,,,0,0,4,outputs/pdfs_full/정보융합전공__ITC2002__디지털기술과경영.pdf,not_found
ITC2003,데이터구조입문,H0003959,정보융합전공,정보융합전공,2017/1 ~ 2028/2,2026,1,2026,1,7,1,3,outputs/pdfs_full/정보융합전공__ITC2003__데이터구조입문.pdf,ok
ITC2005,컴퓨터그래픽스디자인,H0003959,정보융합전공,정보융합전공,2017/1 ~ 2024/2,,,,,0,0,4,outputs/pdfs_full/정보융합전공__ITC2005__컴퓨터그래픽스디자인.pdf,not_found
ITC3001,고객경험관리,H0003960,응용시스템전공,응용시스템전공,2021/1 ~ 2029/2,,,,,0,0,6,outputs/pdfs_full/응용시스템전공__ITC3001__고객경험관리.pdf,not_found
ITC3008,정보검색및추출,H0003959,정보융합전공,정보융합전공,2018/1 ~ 2018/2,,,,,0,0,1,outputs/pdfs_full/정보융합전공__ITC3008__정보검색및추출.pdf,not_found
ITC3009,텍스트마이닝,H0003959,정보융합전공,정보융합전공,2018/1 ~ 2029/2,2022,2,2025,2,11,4,3,outputs/pdfs_full/정보융합전공__ITC3009__텍스트마이닝.pdf,ok
ITC3010,모바일앱프로그래밍,H0003959,정보융합전공,정보융합전공,2018/1 ~ 2028/2,,,,,0,0,5,outputs/pdfs_full/정보융합전공__ITC3010__모바일앱프로그래밍.pdf,not_found
ITC3011,서비스UX디자인,H0003959,정보융합전공,정보융합전공,2018/1 ~ 2021/2,,,,,0,0,1,outputs/pdfs_full/정보융합전공__ITC3011__서비스UX디자인.pdf,not_found
ITC3012,UI/UX입문,H0003959,정보융합전공,정보융합전공,2022/1 ~ 2025/2,,,,,0,0,4,outputs/pdfs_full/정보융합전공__ITC3012__UI_UX입문.pdf,not_found
ITC3013,해석가능인공지능,H0003959,정보융합전공,정보융합전공,2022/2 ~ 2029/2,,,,,0,0,3,outputs/pdfs_full/정보융합전공__ITC3013__해석가능인공지능.pdf,not_found
ITC3014,경험서비스디자인,H0003959,정보융합전공,정보융합전공,2025/1 ~ 2028/2,,,,,0,0,5,outputs/pdfs_full/정보융합전공__ITC3014__경험서비스디자인.pdf,not_found
ITC3015,데이터베이스이론과응용,H0003959,정보융합전공,정보융합전공,2026/1 ~ 2029/2,,,,,0,0,3,outputs/pdfs_full/정보융합전공__ITC3015__데이터베이스이론과응용.pdf,not_found
ITC3016,객체지향컴퓨팅,H0003959,정보융합전공,정보융합전공,2026/1 ~ 2029/2,,,,,0,0,3,outputs/pdfs_full/정보융합전공__ITC3016__객체지향컴퓨팅.pdf,not_found
ITC3017,경험평가방법론,H0003959,정보융합전공,정보융합전공,2026/1 ~ 2029/2,,,,,0,0,4,outputs/pdfs_full/정보융합전공__ITC3017__경험평가방법론.pdf,not_found
ITC3018,데이터기반경험서비스설계,H0003959,정보융합전공,정보융합전공,2026/1 ~ 2029/2,,,,,0,0,4,outputs/pdfs_full/정보융합전공__ITC3018__데이터기반경험서비스설계.pdf,not_found
ITC4001,기업가정신과창업,H0003960,응용시스템전공,응용시스템전공,2016/1 ~ 2026/2,,,,,0,0,4,outputs/pdfs_full/응용시스템전공__ITC4001__기업가정신과창업.pdf,not_found
ITC4005,정보융합세미나,H0003959,정보융합전공,정보융합전공,2019/1 ~ 2022/2,,,,,0,0,1,outputs/pdfs_full/정보융합전공__ITC4005__정보융합세미나.pdf,not_found
ITC4006,정보공학창의설계,H0003959,정보융합전공,정보융합전공,2019/1 ~ 2030/2,2026,1,2026,1,3,1,3,outputs/pdfs_full/정보융합전공__ITC4006__정보공학창의설계.pdf,ok
ITC4007,정보공학종합설계,H0003959,정보융합전공,정보융합전공,2019/1 ~ 2030/2,,,,,0,0,3,outputs/pdfs_full/정보융합전공__ITC4007__정보공학종합설계.pdf,not_found
ITC4008,지식공학,H0003960,응용시스템전공,응용시스템전공,2016/1 ~ 2018/2,,,,,0,0,5,outputs/pdfs_full/응용시스템전공__ITC4008__지식공학.pdf,not_found
ITC4009,인공지능1,H0003959,정보융합전공,정보융합전공,2019/1 ~ 2030/2,2026,1,2026,1,6,1,3,outputs/pdfs_full/정보융합전공__ITC4009__인공지능1.pdf,ok
ITC4010,인공지능2,H0003959,정보융합전공,정보융합전공,2019/1 ~ 2030/2,,,,,0,0,3,outputs/pdfs_full/정보융합전공__ITC4010__인공지능2.pdf,not_found
ITC4011,산업사물인터넷(캡스톤디자인),H0003960,응용시스템전공,응용시스템전공,2022/1 ~ 2025/2,,,,,0,0,4,outputs/pdfs_full/응용시스템전공__ITC4011__산업사물인터넷(캡스톤디자인).pdf,not_found
ITC4012,사운드스케이프디자인,H0003959,정보융합전공,정보융합전공,2019/2 ~ 2022/2,,,,,0,0,3,outputs/pdfs_full/정보융합전공__ITC4012__사운드스케이프디자인.pdf,not_found
ITC4013,디지털콘텐츠개발,H0003959,정보융합전공,정보융합전공,2020/1 ~ 2025/2,,,,,0,0,3,outputs/pdfs_full/정보융합전공__ITC4013__디지털콘텐츠개발.pdf,not_found
ITC4014,인간-인공지능협업제품서비스설계,H0003959,정보융합전공,정보융합전공,2022/1 ~ 2025/2,,,,,0,0,3,outputs/pdfs_full/정보융합전공__ITC4014__인간-인공지능협업제품서비스설계.pdf,not_found
ITE1009,C프로그래밍,H0002519,컴퓨터전공,컴퓨터전공,2009/1 ~ 2015/2,2022,1,2026,1,29,5,3,outputs/pdfs_full/컴퓨터전공__ITE1009__C프로그래밍.pdf,ok
ITE1010,C++프로그래밍,H0002867,정보시스템학과,정보시스템학과(학과/서울),2009/1 ~ 2028/2,2022,2,2025,2,32,4,1,outputs/pdfs_full/정보시스템학과__ITE1010__C++프로그래밍.pdf,ok
ITE1012,정보시스템개론,H0002867,정보시스템학과,정보시스템학과(학과/서울),2009/1 ~ 2027/2,2022,2,2025,2,24,4,1,outputs/pdfs_full/정보시스템학과__ITE1012__정보시스템개론.pdf,ok
ITE1013,컴퓨터개론및실습,H0002519,컴퓨터전공,컴퓨터전공,2009/1 ~ 2015/2,2011,1,2015,1,36,5,1,outputs/pdfs_full/컴퓨터전공__ITE1013__컴퓨터개론및실습.pdf,ok
ITE1014,소프트웨어입문설계,H0002518,소프트웨어전공,소프트웨어전공,2012/1 ~ 2019/2,2021,1,2025,1,30,5,6,outputs/pdfs_full/소프트웨어전공__ITE1014__소프트웨어입문설계.pdf,ok
ITE1015,창의적소프트웨어프로그래밍,H0002518,소프트웨어전공,소프트웨어전공,2012/1 ~ 2019/2,2022,2,2025,2,32,4,6,outputs/pdfs_full/소프트웨어전공__ITE1015__창의적소프트웨어프로그래밍.pdf,ok
ITE1016,전공멘토링1,H0002518,소프트웨어전공,소프트웨어전공,2012/1 ~ 2022/2,2022,1,2026,1,19,5,3,outputs/pdfs_full/소프트웨어전공__ITE1016__전공멘토링1.pdf,ok
ITE1017,전공멘토링2,H0002518,소프트웨어전공,소프트웨어전공,2012/1 ~ 2022/2,2022,2,2025,2,17,4,3,outputs/pdfs_full/소프트웨어전공__ITE1017__전공멘토링2.pdf,ok
ITE2011,파일처리,H0002519,컴퓨터전공,컴퓨터전공,2014/1 ~ 2021/2,2013,1,2017,1,38,5,1,outputs/pdfs_full/컴퓨터전공__ITE2011__파일처리.pdf,ok
ITE2014,회로이론및실험,H0002519,컴퓨터전공,컴퓨터전공,2013/1 ~ 2014/2,2010,2,2014,2,30,4,1,outputs/pdfs_full/컴퓨터전공__ITE2014__회로이론및실험.pdf,ok
ITE2015,디지털논리,H0002518,소프트웨어전공,소프트웨어전공,2017/1 ~ 2020/2,2022,1,2026,1,40,5,3,outputs/pdfs_full/소프트웨어전공__ITE2015__디지털논리.pdf,ok
ITE2020,웹시스템프로그래밍1,H0002867,정보시스템학과,정보시스템학과(학과/서울),2010/1 ~ 2025/2,2021,1,2025,1,27,5,1,outputs/pdfs_full/정보시스템학과__ITE2020__웹시스템프로그래밍1.pdf,ok
ITE2021,웹시스템프로그래밍2,H0002867,정보시스템학과,정보시스템학과(학과/서울),2010/1 ~ 2025/2,2020,2,2024,2,25,5,1,outputs/pdfs_full/정보시스템학과__ITE2021__웹시스템프로그래밍2.pdf,ok
ITE2023,알고리즘분석,H0002867,정보시스템학과,정보시스템학과(학과/서울),2010/1 ~ 2028/2,2022,2,2025,2,32,4,1,outputs/pdfs_full/정보시스템학과__ITE2023__알고리즘분석.pdf,ok
ITE2024,정보시스템분석,H0002867,정보시스템학과,정보시스템학과(학과/서울),2010/1 ~ 2028/2,2022,1,2026,1,22,5,1,outputs/pdfs_full/정보시스템학과__ITE2024__정보시스템분석.pdf,ok
ITE2025,전자정부시스템,H0002867,정보시스템학과,정보시스템학과(학과/서울),2009/1 ~ 2016/2,2011,2,2016,2,19,5,1,outputs/pdfs_full/정보시스템학과__ITE2025__전자정부시스템.pdf,ok
ITE2026,자료구조및알고리즘,H0002518,소프트웨어전공,소프트웨어전공,2013/1 ~ 2020/2,2013,1,2016,1,28,4,1,outputs/pdfs_full/소프트웨어전공__ITE2026__자료구조및알고리즘.pdf,ok
ITE2027,컴퓨터구성및어셈블리프로그래밍,H0002518,소프트웨어전공,소프트웨어전공,2013/1 ~ 2020/2,2013,1,2016,1,20,4,1,outputs/pdfs_full/소프트웨어전공__ITE2027__컴퓨터구성및어셈블리프로그래밍.pdf,ok
ITE2028,소프트웨어시스템설계,H0002518,소프트웨어전공,소프트웨어전공,2013/1 ~ 2014/2,2013,1,2014,1,11,2,1,outputs/pdfs_full/소프트웨어전공__ITE2028__소프트웨어시스템설계.pdf,ok
ITE2029,전공멘토링3,H0002518,소프트웨어전공,소프트웨어전공,2013/1 ~ 2014/2,2013,1,2014,1,5,2,1,outputs/pdfs_full/소프트웨어전공__ITE2029__전공멘토링3.pdf,ok
ITE2030,정보시스템설계,H0002867,정보시스템학과,정보시스템학과(학과/서울),2010/1 ~ 2028/2,2022,2,2025,2,14,4,1,outputs/pdfs_full/정보시스템학과__ITE2030__정보시스템설계.pdf,ok
ITE2031,컴퓨터구조론,H0002518,소프트웨어전공,소프트웨어전공,2013/1 ~ 2021/2,2022,1,2026,1,37,5,4,outputs/pdfs_full/소프트웨어전공__ITE2031__컴퓨터구조론.pdf,ok
ITE2032,운영체제및시스템프로그래밍,H0002518,소프트웨어전공,소프트웨어전공,2013/1 ~ 2020/2,2013,2,2016,2,21,4,1,outputs/pdfs_full/소프트웨어전공__ITE2032__운영체제및시스템프로그래밍.pdf,ok
ITE2034,데이터베이스모델링및응용,H0002518,소프트웨어전공,소프트웨어전공,2013/1 ~ 2014/2,2013,2,2014,2,11,2,1,outputs/pdfs_full/소프트웨어전공__ITE2034__데이터베이스모델링및응용.pdf,ok
ITE2035,소프트웨어인턴쉽1,H0002518,소프트웨어전공,소프트웨어전공,2013/1 ~ 2022/2,2018,1,2022,1,5,5,3,outputs/pdfs_full/소프트웨어전공__ITE2035__소프트웨어인턴쉽1.pdf,ok
ITE2036,전공멘토링4,H0002518,소프트웨어전공,소프트웨어전공,2013/1 ~ 2014/2,2013,2,2014,2,5,2,1,outputs/pdfs_full/소프트웨어전공__ITE2036__전공멘토링4.pdf,ok
ITE2037,객체지향시스템설계,H0002518,소프트웨어전공,소프트웨어전공,2015/1 ~ 2020/2,2022,1,2026,1,35,5,9,outputs/pdfs_full/소프트웨어전공__ITE2037__객체지향시스템설계.pdf,ok
ITE2038,데이터베이스시스템및응용,H0002518,소프트웨어전공,소프트웨어전공,2015/1 ~ 2020/2,2022,2,2025,2,34,4,9,outputs/pdfs_full/소프트웨어전공__ITE2038__데이터베이스시스템및응용.pdf,ok
ITE2039,알고리즘및문제해결기법,H0002518,소프트웨어전공,소프트웨어전공,2017/1 ~ 2020/2,2022,2,2025,2,31,4,9,outputs/pdfs_full/소프트웨어전공__ITE2039__알고리즘및문제해결기법.pdf,ok
ITE2040,소프트웨어실무영어,H0002518,소프트웨어전공,소프트웨어전공,2017/1 ~ 2020/2,2017,2,2021,2,26,5,3,outputs/pdfs_full/소프트웨어전공__ITE2040__소프트웨어실무영어.pdf,ok
ITE3003,데이터통신,H0002519,컴퓨터전공,컴퓨터전공,2014/1 ~ 2021/2,2013,1,2017,1,36,5,1,outputs/pdfs_full/컴퓨터전공__ITE3003__데이터통신.pdf,ok
ITE3009,의사결정시스템,H0002867,정보시스템학과,정보시스템학과(학과/서울),2011/1 ~ 2017/2,2013,1,2017,1,27,5,1,outputs/pdfs_full/정보시스템학과__ITE3009__의사결정시스템.pdf,ok
ITE3013,랜덤프로세스,H0002575,융합전자공학부,융합전자공학부,2012/1 ~ 2029/2,2022,1,2026,1,32,5,2,outputs/pdfs_full/융합전자공학부__ITE3013__랜덤프로세스.pdf,ok
ITE3016,데이터베이스시스템,H0002518,소프트웨어전공,소프트웨어전공,2014/1 ~ 2017/2,2023,2,2026,1,32,4,3,outputs/pdfs_full/소프트웨어전공__ITE3016__데이터베이스시스템.pdf,ok
ITE3023,e-business컴퓨팅,H0002867,정보시스템학과,정보시스템학과(학과/서울),2011/1 ~ 2017/2,2012,2,2017,2,25,5,1,outputs/pdfs_full/정보시스템학과__ITE3023__e-business컴퓨팅.pdf,ok
ITE3025,기술인텔리전스,H0002867,정보시스템학과,정보시스템학과(학과/서울),2026/1 ~ 2029/2,,,,,0,0,1,outputs/pdfs_full/정보시스템학과__ITE3025__기술인텔리전스.pdf,not_found
ITE3026,전사적애플리케이션,H0002867,정보시스템학과,정보시스템학과(학과/서울),2026/1 ~ 2029/2,2026,1,2026,1,6,1,1,outputs/pdfs_full/정보시스템학과__ITE3026__전사적애플리케이션.pdf,ok
ITE3031,시스템소프트웨어론,H0002867,정보시스템학과,정보시스템학과(학과/서울),2011/1 ~ 2029/2,2022,1,2026,1,32,5,1,outputs/pdfs_full/정보시스템학과__ITE3031__시스템소프트웨어론.pdf,ok
ITE3032,객체지향프로그래밍-JAVA,H0002867,정보시스템학과,정보시스템학과(학과/서울),2011/1 ~ 2028/2,2022,1,2026,1,39,5,1,outputs/pdfs_full/정보시스템학과__ITE3032__객체지향프로그래밍-JAVA.pdf,ok
ITE3035,ERP시스템,H0002867,정보시스템학과,정보시스템학과(학과/서울),2011/1 ~ 2029/2,2022,1,2026,1,19,5,1,outputs/pdfs_full/정보시스템학과__ITE3035__ERP시스템.pdf,ok
ITE3050,통신망이론,H0002867,정보시스템학과,정보시스템학과(학과/서울),2011/1 ~ 2025/2,2021,1,2025,1,24,5,1,outputs/pdfs_full/정보시스템학과__ITE3050__통신망이론.pdf,ok
ITE3051,인공지능및응용,H0002867,정보시스템학과,정보시스템학과(학과/서울),2011/1 ~ 2029/2,2022,2,2025,2,25,4,1,outputs/pdfs_full/정보시스템학과__ITE3051__인공지능및응용.pdf,ok
ITE3061,계산이론및오토마타,H0002518,소프트웨어전공,소프트웨어전공,2014/1 ~ 2021/2,2022,1,2026,1,35,5,3,outputs/pdfs_full/소프트웨어전공__ITE3061__계산이론및오토마타.pdf,ok
ITE3062,인간컴퓨터상호작용,H0002518,소프트웨어전공,소프트웨어전공,2014/1 ~ 2022/2,2024,2,2026,1,18,4,8,outputs/pdfs_full/소프트웨어전공__ITE3062__인간컴퓨터상호작용.pdf,ok
ITE3063,소프트웨어스튜디오1,H0002518,소프트웨어전공,소프트웨어전공,2014/1 ~ 2021/2,2018,1,2022,1,26,5,3,outputs/pdfs_full/소프트웨어전공__ITE3063__소프트웨어스튜디오1.pdf,ok
ITE3064,소프트웨어인턴쉽2,H0002518,소프트웨어전공,소프트웨어전공,2014/1 ~ 2022/2,2017,2,2021,2,5,5,3,outputs/pdfs_full/소프트웨어전공__ITE3064__소프트웨어인턴쉽2.pdf,ok
ITE3068,소프트웨어스튜디오2,H0002518,소프트웨어전공,소프트웨어전공,2014/1 ~ 2021/2,2017,2,2024,2,20,5,3,outputs/pdfs_full/소프트웨어전공__ITE3068__소프트웨어스튜디오2.pdf,ok
ITE3071,데이터베이스관리시스템,H0002518,소프트웨어전공,소프트웨어전공,2014/1 ~ 2017/2,2014,1,2014,1,5,1,1,outputs/pdfs_full/소프트웨어전공__ITE3071__데이터베이스관리시스템.pdf,ok
ITE3072,융합소프트웨어프로젝트,H0002518,소프트웨어전공,소프트웨어전공,2015/1 ~ 2022/2,2015,2,2016,2,9,2,2,outputs/pdfs_full/소프트웨어전공__ITE3072__융합소프트웨어프로젝트.pdf,ok
ITE3073,컴퓨터알고리즘기초,H0002518,소프트웨어전공,소프트웨어전공,2018/1 ~ 2021/2,2018,1,2020,1,17,3,3,outputs/pdfs_full/소프트웨어전공__ITE3073__컴퓨터알고리즘기초.pdf,ok
ITE3074,소프트웨어기술창업1,H0002518,소프트웨어전공,소프트웨어전공,2017/1 ~ 2021/2,2021,2,2025,2,14,5,3,outputs/pdfs_full/소프트웨어전공__ITE3074__소프트웨어기술창업1.pdf,ok
ITE3075,기술분석과전략,H0002867,정보시스템학과,정보시스템학과(학과/서울),2018/2 ~ 2022/1,2018,2,2018,2,4,1,1,outputs/pdfs_full/정보시스템학과__ITE3075__기술분석과전략.pdf,ok
ITE4003,SOC설계,H0002575,융합전자공학부,융합전자공학부,2013/1 ~ 2030/2,2022,1,2026,1,34,5,3,outputs/pdfs_full/융합전자공학부__ITE4003__SOC설계.pdf,ok
ITE4004,네트워크프로토콜,H0002518,소프트웨어전공,소프트웨어전공,2019/1 ~ 2022/2,2021,1,2025,1,27,5,3,outputs/pdfs_full/소프트웨어전공__ITE4004__네트워크프로토콜.pdf,ok
ITE4005,데이터사이언스,H0002518,소프트웨어전공,소프트웨어전공,2015/1 ~ 2022/2,2022,1,2026,1,38,5,5,outputs/pdfs_full/소프트웨어전공__ITE4005__데이터사이언스.pdf,ok
ITE4006,분산컴퓨팅,H0002518,소프트웨어전공,소프트웨어전공,2014/2 ~ 2022/2,2022,2,2025,2,28,4,3,outputs/pdfs_full/소프트웨어전공__ITE4006__분산컴퓨팅.pdf,ok
ITE4007,컴퓨터보안,H0002518,소프트웨어전공,소프트웨어전공,2015/1 ~ 2021/2,2022,2,2025,2,25,4,3,outputs/pdfs_full/소프트웨어전공__ITE4007__컴퓨터보안.pdf,ok
ITE4012,신제품개발,H0003960,응용시스템전공,응용시스템전공,2015/1 ~ 2030/2,2015,2,2026,1,10,2,5,outputs/pdfs_full/응용시스템전공__ITE4012__신제품개발.pdf,ok
ITE4018,시스템분석및설계,H0003960,응용시스템전공,응용시스템전공,2016/1 ~ 2018/2,,,,,0,0,2,outputs/pdfs_full/응용시스템전공__ITE4018__시스템분석및설계.pdf,not_found
ITE4020,멀티미디어시스템,H0002518,소프트웨어전공,소프트웨어전공,2015/1 ~ 2018/2,2012,2,2017,2,24,5,2,outputs/pdfs_full/소프트웨어전공__ITE4020__멀티미디어시스템.pdf,ok
ITE4023,정보보호,H0002867,정보시스템학과,정보시스템학과(학과/서울),2012/1 ~ 2030/2,2022,1,2026,1,32,5,1,outputs/pdfs_full/정보시스템학과__ITE4023__정보보호.pdf,ok
ITE4031,전자상거래이론,H0002867,정보시스템학과,정보시스템학과(학과/서울),2012/1 ~ 2030/2,2022,1,2026,1,25,5,1,outputs/pdfs_full/정보시스템학과__ITE4031__전자상거래이론.pdf,ok
ITE4035,시스템감리론,H0002867,정보시스템학과,정보시스템학과(학과/서울),2011/1 ~ 2029/2,2022,2,2025,2,20,4,1,outputs/pdfs_full/정보시스템학과__ITE4035__시스템감리론.pdf,ok
ITE4037,시스템플래닝실습,H0002867,정보시스템학과,정보시스템학과(학과/서울),2012/1 ~ 2030/2,2022,2,2025,2,8,4,1,outputs/pdfs_full/정보시스템학과__ITE4037__시스템플래닝실습.pdf,ok
ITE4043,인터넷보안,H0002518,소프트웨어전공,소프트웨어전공,2015/1 ~ 2022/2,2014,2,2018,2,33,5,2,outputs/pdfs_full/소프트웨어전공__ITE4043__인터넷보안.pdf,ok
ITE4046,웹프로그래밍,H0003959,정보융합전공,정보융합전공,2018/1 ~ 2028/2,2026,1,2026,1,4,1,4,outputs/pdfs_full/정보융합전공__ITE4046__웹프로그래밍.pdf,ok
ITE4047,정보시스템정책,H0002867,정보시스템학과,정보시스템학과(학과/서울),2012/1 ~ 2018/2,2014,1,2018,1,18,5,1,outputs/pdfs_full/정보시스템학과__ITE4047__정보시스템정책.pdf,ok
ITE4048,IT프로젝트관리론,H0002867,정보시스템학과,정보시스템학과(학과/서울),2012/1 ~ 2030/2,2021,2,2025,2,12,5,1,outputs/pdfs_full/정보시스템학과__ITE4048__IT프로젝트관리론.pdf,ok
ITE4049,블록체인개론,H0002867,정보시스템학과,정보시스템학과(학과/서울),2012/1 ~ 2030/2,2021,2,2024,2,13,4,1,outputs/pdfs_full/정보시스템학과__ITE4049__블록체인개론.pdf,ok
ITE4050,IT와경영전략,H0002867,정보시스템학과,정보시스템학과(학과/서울),2012/1 ~ 2029/2,2022,2,2025,2,15,4,1,outputs/pdfs_full/정보시스템학과__ITE4050__IT와경영전략.pdf,ok
ITE4051,무선통신네트워크,H0002519,컴퓨터전공,컴퓨터전공,2015/1 ~ 2022/2,2014,1,2018,1,29,5,1,outputs/pdfs_full/컴퓨터전공__ITE4051__무선통신네트워크.pdf,ok
ITE4052,컴퓨터비전,H0002518,소프트웨어전공,소프트웨어전공,2015/1 ~ 2022/2,2023,2,2025,2,28,4,8,outputs/pdfs_full/소프트웨어전공__ITE4052__컴퓨터비전.pdf,ok
ITE4053,딥러닝및응용,H0002518,소프트웨어전공,소프트웨어전공,2014/2 ~ 2022/2,2022,1,2026,1,40,5,7,outputs/pdfs_full/소프트웨어전공__ITE4053__딥러닝및응용.pdf,ok
ITE4054,캡스톤소프트웨어프로젝트1,H0002518,소프트웨어전공,소프트웨어전공,2019/1 ~ 2022/2,2022,1,2026,1,21,5,3,outputs/pdfs_full/소프트웨어전공__ITE4054__캡스톤소프트웨어프로젝트1.pdf,ok
ITE4055,캡스톤소프트웨어프로젝트2,H0002518,소프트웨어전공,소프트웨어전공,2019/1 ~ 2022/2,2022,2,2025,2,18,4,3,outputs/pdfs_full/소프트웨어전공__ITE4055__캡스톤소프트웨어프로젝트2.pdf,ok
ITE4059,삼성SDS글로벌인턴십과정,H0002867,정보시스템학과,정보시스템학과(학과/서울),2012/1 ~ 2021/2,2012,1,2015,1,4,4,1,outputs/pdfs_full/정보시스템학과__ITE4059__삼성SDS글로벌인턴십과정.pdf,ok
ITE4064,전공멘토링7,H0002518,소프트웨어전공,소프트웨어전공,2015/1 ~ 2018/2,2015,1,2018,1,9,4,1,outputs/pdfs_full/소프트웨어전공__ITE4064__전공멘토링7.pdf,ok
ITE4065,병렬프로그래밍,H0002518,소프트웨어전공,소프트웨어전공,2015/1 ~ 2022/2,2016,2,2022,2,28,5,3,outputs/pdfs_full/소프트웨어전공__ITE4065__병렬프로그래밍.pdf,ok
ITE4066,클라우드컴퓨팅,H0002518,소프트웨어전공,소프트웨어전공,2015/1 ~ 2022/2,,,,,0,0,1,outputs/pdfs_full/소프트웨어전공__ITE4066__클라우드컴퓨팅.pdf,not_found
ITE4072,전공멘토링8,H0002518,소프트웨어전공,소프트웨어전공,2015/1 ~ 2018/2,2015,2,2018,2,11,4,1,outputs/pdfs_full/소프트웨어전공__ITE4072__전공멘토링8.pdf,ok
ITE4075,CSE융합세미나1,H0002518,소프트웨어전공,소프트웨어전공,2015/1 ~ 2022/2,2022,1,2026,1,19,5,3,outputs/pdfs_full/소프트웨어전공__ITE4075__CSE융합세미나1.pdf,ok
ITE4076,CSE융합세미나2,H0002518,소프트웨어전공,소프트웨어전공,2015/1 ~ 2022/2,2022,2,2025,2,16,4,3,outputs/pdfs_full/소프트웨어전공__ITE4076__CSE융합세미나2.pdf,ok
ITE4077,소프트웨어종합설계1,H0002518,소프트웨어전공,소프트웨어전공,2015/1 ~ 2022/2,2015,1,2018,1,10,4,1,outputs/pdfs_full/소프트웨어전공__ITE4077__소프트웨어종합설계1.pdf,ok
ITE4078,소프트웨어종합설계2,H0002518,소프트웨어전공,소프트웨어전공,2015/1 ~ 2022/2,2015,2,2018,2,11,4,1,outputs/pdfs_full/소프트웨어전공__ITE4078__소프트웨어종합설계2.pdf,ok
ITE4079,모바일시스템및프로그래밍,H0002518,소프트웨어전공,소프트웨어전공,2015/1 ~ 2018/2,,,,,0,0,1,outputs/pdfs_full/소프트웨어전공__ITE4079__모바일시스템및프로그래밍.pdf,not_found
ITE4080,지능형생물정보학,H0002518,소프트웨어전공,소프트웨어전공,2015/1 ~ 2022/2,2020,2,2025,2,24,5,7,outputs/pdfs_full/소프트웨어전공__ITE4080__지능형생물정보학.pdf,ok
ITE4081,지능제어SW,H0004237,자동차-SW융합전공,자동차-SW융합전공,2016/1 ~ 2026/2,,,,,0,0,1,outputs/pdfs_full/자동차-SW융합전공__ITE4081__지능제어SW.pdf,not_found
ITE4082,차량임베디드시스템설계기초,H0004237,자동차-SW융합전공,자동차-SW융합전공,2016/1 ~ 2022/2,,,,,0,0,1,outputs/pdfs_full/자동차-SW융합전공__ITE4082__차량임베디드시스템설계기초.pdf,not_found
ITE4083,소프트웨어기술창업2,H0002518,소프트웨어전공,소프트웨어전공,2017/1 ~ 2022/2,2021,1,2025,1,13,5,3,outputs/pdfs_full/소프트웨어전공__ITE4083__소프트웨어기술창업2.pdf,ok
ITE4084,정보시스템학종합설계1,H0002867,정보시스템학과,정보시스템학과(학과/서울),2019/1 ~ 2030/2,2021,1,2025,1,7,5,1,outputs/pdfs_full/정보시스템학과__ITE4084__정보시스템학종합설계1.pdf,ok
ITE4085,정보시스템학종합설계2,H0002867,정보시스템학과,정보시스템학과(학과/서울),2018/2 ~ 2030/2,2021,2,2025,2,5,5,1,outputs/pdfs_full/정보시스템학과__ITE4085__정보시스템학종합설계2.pdf,ok
ITE4086,비즈니스인텔리전스와인공지능의실재,H0002867,정보시스템학과,정보시스템학과(학과/서울),2025/1 ~ 2029/2,2025,1,2026,1,11,2,1,outputs/pdfs_full/정보시스템학과__ITE4086__비즈니스인텔리전스와인공지능의실재.pdf,ok
ITE4087,데이터사이언스기반의사결정지원,H0002867,정보시스템학과,정보시스템학과(학과/서울),2025/2 ~ 2030/2,2025,2,2025,2,4,1,1,outputs/pdfs_full/정보시스템학과__ITE4087__데이터사이언스기반의사결정지원.pdf,ok
ITE4088,정보시스템학종합설계,H0002867,정보시스템학과,정보시스템학과(학과/서울),2026/1 ~ 2030/2,2026,1,2026,1,1,1,1,outputs/pdfs_full/정보시스템학과__ITE4088__정보시스템학종합설계.pdf,ok
JMC1004,미디어읽기와보기,H0003665,미디어커뮤니케이션학과,미디어커뮤니케이션학과,2014/1 ~ 2015/2,2014,1,2015,1,16,2,2,outputs/pdfs_full/미디어커뮤니케이션학과__JMC1004__미디어읽기와보기.pdf,ok
JMC1005,미디어의이해,H0003665,미디어커뮤니케이션학과,미디어커뮤니케이션학과,2014/1 ~ 2028/2,2022,1,2026,1,40,5,3,outputs/pdfs_full/미디어커뮤니케이션학과__JMC1005__미디어의이해.pdf,ok
JMC1009,미디어커뮤니케이션의이해,H0003665,미디어커뮤니케이션학과,미디어커뮤니케이션학과,2014/1 ~ 2015/2,2014,1,2015,1,8,2,1,outputs/pdfs_full/미디어커뮤니케이션학과__JMC1009__미디어커뮤니케이션의이해.pdf,ok
JMC1010,커뮤니케이션과사회,H0003665,미디어커뮤니케이션학과,미디어커뮤니케이션학과,2014/1 ~ 2015/2,2014,2,2015,2,11,2,1,outputs/pdfs_full/미디어커뮤니케이션학과__JMC1010__커뮤니케이션과사회.pdf,ok
JMC1011,미디어커뮤니케이션과사회,H0003665,미디어커뮤니케이션학과,미디어커뮤니케이션학과,2020/1 ~ 2027/2,2022,1,2025,1,29,4,1,outputs/pdfs_full/미디어커뮤니케이션학과__JMC1011__미디어커뮤니케이션과사회.pdf,ok
JMC2002,커뮤니케이션발달사,H0003665,미디어커뮤니케이션학과,미디어커뮤니케이션학과,2011/1 ~ 2017/2,2014,1,2017,1,24,4,2,outputs/pdfs_full/미디어커뮤니케이션학과__JMC2002__커뮤니케이션발달사.pdf,ok
JMC2008,방송론,H0003665,미디어커뮤니케이션학과,미디어커뮤니케이션학과,2014/1 ~ 2028/2,2022,2,2025,2,30,4,3,outputs/pdfs_full/미디어커뮤니케이션학과__JMC2008__방송론.pdf,ok
JMC2021,미디어글쓰기,H0003665,미디어커뮤니케이션학과,미디어커뮤니케이션학과,2014/1 ~ 2016/2,2014,1,2016,1,13,3,2,outputs/pdfs_full/미디어커뮤니케이션학과__JMC2021__미디어글쓰기.pdf,ok
JMC2022,미디어전략과기획,H0003665,미디어커뮤니케이션학과,미디어커뮤니케이션학과,2014/1 ~ 2025/2,2021,2,2025,2,28,5,2,outputs/pdfs_full/미디어커뮤니케이션학과__JMC2022__미디어전략과기획.pdf,ok
JMC2026,설득커뮤니케이션과광고,H0003665,미디어커뮤니케이션학과,미디어커뮤니케이션학과,2021/1 ~ 2024/2,2021,1,2024,1,31,4,1,outputs/pdfs_full/미디어커뮤니케이션학과__JMC2026__설득커뮤니케이션과광고.pdf,ok
JMC2027,광고전략과비평,H0003665,미디어커뮤니케이션학과,미디어커뮤니케이션학과,2025/1 ~ 2028/2,2025,2,2025,2,5,1,1,outputs/pdfs_full/미디어커뮤니케이션학과__JMC2027__광고전략과비평.pdf,ok
JMC2028,광고와커뮤니케이션,H0003665,미디어커뮤니케이션학과,미디어커뮤니케이션학과,2025/1 ~ 2025/2,2025,1,2025,1,8,1,1,outputs/pdfs_full/미디어커뮤니케이션학과__JMC2028__광고와커뮤니케이션.pdf,ok
JMC3002,커뮤니케이션연구방법론,H0003665,미디어커뮤니케이션학과,미디어커뮤니케이션학과,2011/1 ~ 2029/2,2022,1,2025,1,26,4,2,outputs/pdfs_full/미디어커뮤니케이션학과__JMC3002__커뮤니케이션연구방법론.pdf,ok
JMC3003,신문제작,H0003665,미디어커뮤니케이션학과,미디어커뮤니케이션학과,2011/1 ~ 2029/2,2022,1,2026,1,21,5,2,outputs/pdfs_full/미디어커뮤니케이션학과__JMC3003__신문제작.pdf,ok
JMC3015,영상제작실습1,H0003665,미디어커뮤니케이션학과,미디어커뮤니케이션학과,2011/1 ~ 2028/2,2022,1,2026,1,30,5,2,outputs/pdfs_full/미디어커뮤니케이션학과__JMC3015__영상제작실습1.pdf,ok
JMC3017,정치커뮤니케이션,H0003665,미디어커뮤니케이션학과,미디어커뮤니케이션학과,2012/1 ~ 2030/2,2022,2,2025,2,21,4,3,outputs/pdfs_full/미디어커뮤니케이션학과__JMC3017__정치커뮤니케이션.pdf,ok
JMC3035,방송편성,H0003665,미디어커뮤니케이션학과,미디어커뮤니케이션학과,2011/1 ~ 2017/2,2014,1,2017,1,17,4,2,outputs/pdfs_full/미디어커뮤니케이션학과__JMC3035__방송편성.pdf,ok
JMC3040,디지털미디어의이해,H0003665,미디어커뮤니케이션학과,미디어커뮤니케이션학과,2011/1 ~ 2017/2,2014,2,2017,2,28,4,2,outputs/pdfs_full/미디어커뮤니케이션학과__JMC3040__디지털미디어의이해.pdf,ok
JMC3042,미디어논술과작문,H0003665,미디어커뮤니케이션학과,미디어커뮤니케이션학과,2012/1 ~ 2029/2,2022,1,2026,1,15,5,2,outputs/pdfs_full/미디어커뮤니케이션학과__JMC3042__미디어논술과작문.pdf,ok
JMC3043,리더십커뮤니케이션,H0003665,미디어커뮤니케이션학과,미디어커뮤니케이션학과,2012/1 ~ 2025/2,2017,2,2021,2,27,5,2,outputs/pdfs_full/미디어커뮤니케이션학과__JMC3043__리더십커뮤니케이션.pdf,ok
JMC3046,글로벌방송영상제작실습,H0003665,미디어커뮤니케이션학과,미디어커뮤니케이션학과,2016/1 ~ 2017/2,2016,1,2017,1,8,2,1,outputs/pdfs_full/미디어커뮤니케이션학과__JMC3046__글로벌방송영상제작실습.pdf,ok
JMC3047,커뮤니케이션과미디어심리,H0003665,미디어커뮤니케이션학과,미디어커뮤니케이션학과,2023/1 ~ 2029/2,2023,1,2026,1,20,4,1,outputs/pdfs_full/미디어커뮤니케이션학과__JMC3047__커뮤니케이션과미디어심리.pdf,ok
JMC3048,필란트로피커뮤니케이션,H0003665,미디어커뮤니케이션학과,미디어커뮤니케이션학과,2023/1 ~ 2029/2,2023,2,2025,2,14,3,1,outputs/pdfs_full/미디어커뮤니케이션학과__JMC3048__필란트로피커뮤니케이션.pdf,ok
JMC3049,설득커뮤니케이션의이해,H0003665,미디어커뮤니케이션학과,미디어커뮤니케이션학과,2026/1 ~ 2029/2,2026,1,2026,1,7,1,1,outputs/pdfs_full/미디어커뮤니케이션학과__JMC3049__설득커뮤니케이션의이해.pdf,ok
JMC4003,언론학특강,H0003665,미디어커뮤니케이션학과,미디어커뮤니케이션학과,2012/1 ~ 2018/2,2014,2,2016,2,21,3,2,outputs/pdfs_full/미디어커뮤니케이션학과__JMC4003__언론학특강.pdf,ok
JMC4004,언론과대중문화,H0003665,미디어커뮤니케이션학과,미디어커뮤니케이션학과,2012/1 ~ 2018/2,2014,1,2015,1,13,2,2,outputs/pdfs_full/미디어커뮤니케이션학과__JMC4004__언론과대중문화.pdf,ok
JMC4013,비판커뮤니케이션,H0003665,미디어커뮤니케이션학과,미디어커뮤니케이션학과,2012/1 ~ 2018/2,2014,2,2018,2,24,5,3,outputs/pdfs_full/미디어커뮤니케이션학과__JMC4013__비판커뮤니케이션.pdf,ok
JMC4018,조직커뮤니케이션,H0003665,미디어커뮤니케이션학과,미디어커뮤니케이션학과,2012/1 ~ 2026/2,2018,2,2022,2,26,5,3,outputs/pdfs_full/미디어커뮤니케이션학과__JMC4018__조직커뮤니케이션.pdf,ok
JMC4024,언론법제,H0003665,미디어커뮤니케이션학과,미디어커뮤니케이션학과,2012/1 ~ 2030/2,2022,1,2026,1,33,5,3,outputs/pdfs_full/미디어커뮤니케이션학과__JMC4024__언론법제.pdf,ok
JMC4031,미디어경영,H0003665,미디어커뮤니케이션학과,미디어커뮤니케이션학과,2012/1 ~ 2018/2,,,,,0,0,2,outputs/pdfs_full/미디어커뮤니케이션학과__JMC4031__미디어경영.pdf,not_found
JMC4034,미디어문화산업의과제,H0003665,미디어커뮤니케이션학과,미디어커뮤니케이션학과,2014/1 ~ 2018/2,,,,,0,0,1,outputs/pdfs_full/미디어커뮤니케이션학과__JMC4034__미디어문화산업의과제.pdf,not_found
JMC4039,대중문화와문화산업,H0003665,미디어커뮤니케이션학과,미디어커뮤니케이션학과,2016/1 ~ 2030/2,2022,1,2026,1,31,5,1,outputs/pdfs_full/미디어커뮤니케이션학과__JMC4039__대중문화와문화산업.pdf,ok
JOB1001,현장실습(단기),H0002256,서울 대학,대학(학부/서울),2017/1 ~ 2027/2,,,,,0,0,1,outputs/pdfs_seoul_university/서울_대학__JOB1001__현장실습(단기).pdf,not_found
JOB1002,해외단기현장실습,H0002256,서울 대학,대학(학부/서울),2017/1 ~ 2027/2,,,,,0,0,1,outputs/pdfs_seoul_university/서울_대학__JOB1002__해외단기현장실습.pdf,not_found
JOB1005,현장실습(단기)1,H0002256,서울 대학,대학(학부/서울),2021/2 ~ 2027/2,,,,,0,0,1,outputs/pdfs_seoul_university/서울_대학__JOB1005__현장실습(단기)1.pdf,not_found
JOB1006,현장실습(단기)2,H0002256,서울 대학,대학(학부/서울),2021/2 ~ 2027/2,,,,,0,0,1,outputs/pdfs_seoul_university/서울_대학__JOB1006__현장실습(단기)2.pdf,not_found
JOB2001,현장실습(전공핵심),H0002256,서울 대학,대학(학부/서울),2017/1 ~ 2027/2,,,,,0,0,1,outputs/pdfs_seoul_university/서울_대학__JOB2001__현장실습(전공핵심).pdf,not_found
JOB2002,현장실습(전공심화),H0002256,서울 대학,대학(학부/서울),2017/1 ~ 2027/2,,,,,0,0,1,outputs/pdfs_seoul_university/서울_대학__JOB2002__현장실습(전공심화).pdf,not_found
JOB2003,현장실습(일반교양),H0002256,서울 대학,대학(학부/서울),2017/1 ~ 2027/2,,,,,0,0,1,outputs/pdfs_seoul_university/서울_대학__JOB2003__현장실습(일반교양).pdf,not_found
JOB2005,현장실습(일반선택),H0002256,서울 대학,대학(학부/서울),2017/1 ~ 2027/2,,,,,0,0,1,outputs/pdfs_seoul_university/서울_대학__JOB2005__현장실습(일반선택).pdf,not_found
JOB3001,현장실습(4+1),H0002256,서울 대학,대학(학부/서울),2017/1 ~ 2027/2,,,,,0,0,1,outputs/pdfs_seoul_university/서울_대학__JOB3001__현장실습(4+1).pdf,not_found
JOB5001,단기창업현장실습,H0003878,창업융합전공,창업융합전공,2015/1 ~ 2029/2,,,,,0,0,1,outputs/pdfs_full/창업융합전공__JOB5001__단기창업현장실습.pdf,not_found
JOB6001,창업현장실습(전공핵심),H0003878,창업융합전공,창업융합전공,2017/1 ~ 2029/2,,,,,0,0,1,outputs/pdfs_full/창업융합전공__JOB6001__창업현장실습(전공핵심).pdf,not_found
JOB6002,창업현장실습(전공심화),H0003878,창업융합전공,창업융합전공,2017/1 ~ 2029/2,,,,,0,0,1,outputs/pdfs_full/창업융합전공__JOB6002__창업현장실습(전공심화).pdf,not_found
JOB6003,창업현장실습(일반교양),H0003878,창업융합전공,창업융합전공,2017/1 ~ 2019/2,,,,,0,0,1,outputs/pdfs_full/창업융합전공__JOB6003__창업현장실습(일반교양).pdf,not_found
JOB6005,창업현장실습(일반선택),H0003878,창업융합전공,창업융합전공,2017/1 ~ 2029/2,,,,,0,0,1,outputs/pdfs_full/창업융합전공__JOB6005__창업현장실습(일반선택).pdf,not_found
JOU2001,광고론,H0003665,미디어커뮤니케이션학과,미디어커뮤니케이션학과,2014/1 ~ 2020/2,2016,1,2020,1,35,5,2,outputs/pdfs_full/미디어커뮤니케이션학과__JOU2001__광고론.pdf,ok
JOU2004,AI저널리즘,H0003665,미디어커뮤니케이션학과,미디어커뮤니케이션학과,2014/1 ~ 2028/2,2022,2,2025,2,26,4,2,outputs/pdfs_full/미디어커뮤니케이션학과__JOU2004__AI저널리즘.pdf,ok
JOU2005,커뮤니케이션원론,H0003665,미디어커뮤니케이션학과,미디어커뮤니케이션학과,2014/1 ~ 2019/2,2015,2,2019,1,33,5,3,outputs/pdfs_full/미디어커뮤니케이션학과__JOU2005__커뮤니케이션원론.pdf,ok
JOU2006,한국언론사,H0003665,미디어커뮤니케이션학과,미디어커뮤니케이션학과,2014/1 ~ 2024/2,2016,1,2020,1,39,5,3,outputs/pdfs_full/미디어커뮤니케이션학과__JOU2006__한국언론사.pdf,ok
JOU2009,보도사진실습,H0003665,미디어커뮤니케이션학과,미디어커뮤니케이션학과,2011/1 ~ 2029/2,2022,1,2025,1,18,4,2,outputs/pdfs_full/미디어커뮤니케이션학과__JOU2009__보도사진실습.pdf,ok
JOU2011,저널리즘과테크놀로지,H0003665,미디어커뮤니케이션학과,미디어커뮤니케이션학과,2014/1 ~ 2028/2,2022,1,2026,1,34,5,3,outputs/pdfs_full/미디어커뮤니케이션학과__JOU2011__저널리즘과테크놀로지.pdf,ok
JOU2012,영상문화,H0003665,미디어커뮤니케이션학과,미디어커뮤니케이션학과,2014/1 ~ 2028/2,2021,2,2026,1,34,5,2,outputs/pdfs_full/미디어커뮤니케이션학과__JOU2012__영상문화.pdf,ok
JOU2013,디지털출판기획과제작,H0003665,미디어커뮤니케이션학과,미디어커뮤니케이션학과,2014/1 ~ 2028/2,2022,2,2026,1,25,5,2,outputs/pdfs_full/미디어커뮤니케이션학과__JOU2013__디지털출판기획과제작.pdf,ok
JOU2014,광고기획제작,H0003665,미디어커뮤니케이션학과,미디어커뮤니케이션학과,2014/1 ~ 2029/2,2022,2,2025,2,24,4,2,outputs/pdfs_full/미디어커뮤니케이션학과__JOU2014__광고기획제작.pdf,ok
JOU2015,매스컴론,H0003665,미디어커뮤니케이션학과,미디어커뮤니케이션학과,2014/1 ~ 2028/2,2022,2,2025,2,33,4,3,outputs/pdfs_full/미디어커뮤니케이션학과__JOU2015__매스컴론.pdf,ok
JOU2017,영상언어의이해,H0003665,미디어커뮤니케이션학과,미디어커뮤니케이션학과,2014/1 ~ 2029/2,2018,1,2025,1,27,5,2,outputs/pdfs_full/미디어커뮤니케이션학과__JOU2017__영상언어의이해.pdf,ok
JOU2018,대인간커뮤니케이션,H0003665,미디어커뮤니케이션학과,미디어커뮤니케이션학과,2014/1 ~ 2030/2,2020,1,2026,1,19,5,2,outputs/pdfs_full/미디어커뮤니케이션학과__JOU2018__대인간커뮤니케이션.pdf,ok
JOU2019,인터넷취재작성,H0003665,미디어커뮤니케이션학과,미디어커뮤니케이션학과,2014/1 ~ 2016/2,2014,2,2016,2,14,3,2,outputs/pdfs_full/미디어커뮤니케이션학과__JOU2019__인터넷취재작성.pdf,ok
JOU2052,스피치커뮤니케이션,H0003665,미디어커뮤니케이션학과,미디어커뮤니케이션학과,2012/1 ~ 2017/2,2014,1,2017,1,15,4,2,outputs/pdfs_full/미디어커뮤니케이션학과__JOU2052__스피치커뮤니케이션.pdf,ok
JOU3011,미디어현장교육,H0003665,미디어커뮤니케이션학과,미디어커뮤니케이션학과,2011/1 ~ 2017/2,2014,2,2017,2,17,4,2,outputs/pdfs_full/미디어커뮤니케이션학과__JOU3011__미디어현장교육.pdf,ok
JOU3012,미디어커뮤니케이션학입문,H0003665,미디어커뮤니케이션학과,미디어커뮤니케이션학과,2011/1 ~ 2027/2,2022,2,2026,1,28,5,2,outputs/pdfs_full/미디어커뮤니케이션학과__JOU3012__미디어커뮤니케이션학입문.pdf,ok
JOU3020,PR커뮤니케이션의이해,H0003665,미디어커뮤니케이션학과,미디어커뮤니케이션학과,2011/1 ~ 2029/2,2022,1,2026,1,35,5,2,outputs/pdfs_full/미디어커뮤니케이션학과__JOU3020__PR커뮤니케이션의이해.pdf,ok
JOU3021,여론과캠페인,H0003665,미디어커뮤니케이션학과,미디어커뮤니케이션학과,2011/1 ~ 2029/2,2022,2,2025,2,24,4,3,outputs/pdfs_full/미디어커뮤니케이션학과__JOU3021__여론과캠페인.pdf,ok
JOU3058,언론제도,H0003665,미디어커뮤니케이션학과,미디어커뮤니케이션학과,2011/1 ~ 2029/2,2022,2,2025,2,20,4,2,outputs/pdfs_full/미디어커뮤니케이션학과__JOU3058__언론제도.pdf,ok
JOU3061,디지털미디어와문화,H0003665,미디어커뮤니케이션학과,미디어커뮤니케이션학과,2015/1 ~ 2017/2,2016,1,2017,1,13,2,2,outputs/pdfs_full/미디어커뮤니케이션학과__JOU3061__디지털미디어와문화.pdf,ok
JOU3062,디지털방송저널리즘,H0003665,미디어커뮤니케이션학과,미디어커뮤니케이션학과,2015/1 ~ 2029/2,2021,2,2025,2,34,5,2,outputs/pdfs_full/미디어커뮤니케이션학과__JOU3062__디지털방송저널리즘.pdf,ok
JOU3066,스피치커뮤니케이션의이해,H0003665,미디어커뮤니케이션학과,미디어커뮤니케이션학과,2016/1 ~ 2028/2,2022,2,2025,2,28,4,1,outputs/pdfs_full/미디어커뮤니케이션학과__JOU3066__스피치커뮤니케이션의이해.pdf,ok
JOU3067,미디어와문화,H0003665,미디어커뮤니케이션학과,미디어커뮤니케이션학과,2022/1 ~ 2029/2,2022,2,2025,2,27,4,1,outputs/pdfs_full/미디어커뮤니케이션학과__JOU3067__미디어와문화.pdf,ok
JOU3068,미디어와문화정책,H0003665,미디어커뮤니케이션학과,미디어커뮤니케이션학과,2022/1 ~ 2029/2,2022,2,2024,2,18,3,1,outputs/pdfs_full/미디어커뮤니케이션학과__JOU3068__미디어와문화정책.pdf,ok
JOU3069,프로젝트리더십커뮤니케이션,H0003665,미디어커뮤니케이션학과,미디어커뮤니케이션학과,2022/1 ~ 2025/2,2022,2,2025,2,14,3,1,outputs/pdfs_full/미디어커뮤니케이션학과__JOU3069__프로젝트리더십커뮤니케이션.pdf,ok
JOU4009,영상제작실습2,H0003665,미디어커뮤니케이션학과,미디어커뮤니케이션학과,2011/1 ~ 2028/2,2021,2,2025,2,20,4,2,outputs/pdfs_full/미디어커뮤니케이션학과__JOU4009__영상제작실습2.pdf,ok
JOU4014,영상미디어산업과인공지능,H0003665,미디어커뮤니케이션학과,미디어커뮤니케이션학과,2012/1 ~ 2030/2,2022,1,2026,1,33,5,2,outputs/pdfs_full/미디어커뮤니케이션학과__JOU4014__영상미디어산업과인공지능.pdf,ok
JOU4015,커뮤니케이션연구지도캡스톤디자인Ⅰ,H0003665,미디어커뮤니케이션학과,미디어커뮤니케이션학과,2012/1 ~ 2026/2,2014,1,2018,1,13,5,2,outputs/pdfs_full/미디어커뮤니케이션학과__JOU4015__커뮤니케이션연구지도캡스톤디자인I.pdf,ok
JOU4016,커뮤니케이션연구지도캡스톤디자인Ⅱ,H0003665,미디어커뮤니케이션학과,미디어커뮤니케이션학과,2012/1 ~ 2026/2,2014,2,2019,2,13,5,2,outputs/pdfs_full/미디어커뮤니케이션학과__JOU4016__커뮤니케이션연구지도캡스톤디자인II.pdf,ok
JOU4017,글로벌커뮤니케이션이론및과제,H0003665,미디어커뮤니케이션학과,미디어커뮤니케이션학과,2016/1 ~ 2018/2,2016,1,2018,1,14,3,2,outputs/pdfs_full/미디어커뮤니케이션학과__JOU4017__글로벌커뮤니케이션이론및과제.pdf,ok
JOU4018,글로벌미디어와커뮤니케이션,H0003665,미디어커뮤니케이션학과,미디어커뮤니케이션학과,2019/1 ~ 2029/2,2022,1,2026,1,33,5,1,outputs/pdfs_full/미디어커뮤니케이션학과__JOU4018__글로벌미디어와커뮤니케이션.pdf,ok
JOU4019,미디어비즈니스실무,H0003665,미디어커뮤니케이션학과,미디어커뮤니케이션학과,2025/1 ~ 2030/2,2025,2,2025,2,4,1,1,outputs/pdfs_full/미디어커뮤니케이션학과__JOU4019__미디어비즈니스실무.pdf,ok
JPS0001,Korean 1,H0002256,서울 대학,대학(학부/서울),2019/1 ~ 2027/2,,,,,0,0,1,outputs/pdfs_seoul_university/서울_대학__JPS0001__Korean_1.pdf,not_found
JPS0002,Korean 2,H0002256,서울 대학,대학(학부/서울),2019/1 ~ 2027/2,,,,,0,0,1,outputs/pdfs_seoul_university/서울_대학__JPS0002__Korean_2.pdf,not_found
JPS0003,Korean 3,H0002256,서울 대학,대학(학부/서울),2019/1 ~ 2027/2,,,,,0,0,1,outputs/pdfs_seoul_university/서울_대학__JPS0003__Korean_3.pdf,not_found
JPS0004,Korean 4,H0002256,서울 대학,대학(학부/서울),2019/1 ~ 2027/2,,,,,0,0,1,outputs/pdfs_seoul_university/서울_대학__JPS0004__Korean_4.pdf,not_found
JPS0005,Korean 5,H0002256,서울 대학,대학(학부/서울),2019/1 ~ 2027/2,,,,,0,0,1,outputs/pdfs_seoul_university/서울_대학__JPS0005__Korean_5.pdf,not_found
JPS0006,Korean 6,H0002256,서울 대학,대학(학부/서울),2019/1 ~ 2027/2,,,,,0,0,1,outputs/pdfs_seoul_university/서울_대학__JPS0006__Korean_6.pdf,not_found
JPS0007,Korean 7,H0002256,서울 대학,대학(학부/서울),2019/1 ~ 2027/2,,,,,0,0,1,outputs/pdfs_seoul_university/서울_대학__JPS0007__Korean_7.pdf,not_found
KLE1005,현대교육과한문,H0002718,교육학과,교육학과(학부/서울),2005/1 ~ 2015/2,2011,1,2015,1,37,5,5,outputs/pdfs_full/교육학과__KLE1005__현대교육과한문.pdf,ok
KLE1011,문화와국어교육,H0002719,국어교육과,국어교육과(학부/서울),2009/1 ~ 2015/2,2011,1,2015,1,26,5,1,outputs/pdfs_full/국어교육과__KLE1011__문화와국어교육.pdf,ok
KLE2004,국어과교육론,H0002719,국어교육과,국어교육과(학부/서울),1994/1 ~ 2027/2,2022,2,2025,2,20,4,1,outputs/pdfs_full/국어교육과__KLE2004__국어과교육론.pdf,ok
KLE2009,문학의이해,H0002719,국어교육과,국어교육과(학부/서울),2001/1 ~ 2015/2,2024,2,2026,1,18,4,2,outputs/pdfs_full/국어교육과__KLE2009__문학의이해.pdf,ok
KLE2019,독서교육론,H0002719,국어교육과,국어교육과(학부/서울),2006/1 ~ 2028/2,2022,2,2026,1,15,5,1,outputs/pdfs_full/국어교육과__KLE2019__독서교육론.pdf,ok
KLE2024,국어규범론,H0002719,국어교육과,국어교육과(학부/서울),2010/1 ~ 2028/2,2022,1,2026,1,17,5,1,outputs/pdfs_full/국어교육과__KLE2024__국어규범론.pdf,ok
KLE2025,국어교사를위한고전읽기,H0002719,국어교육과,국어교육과(학부/서울),2014/1 ~ 2016/2,2014,1,2016,1,9,3,1,outputs/pdfs_full/국어교육과__KLE2025__국어교사를위한고전읽기.pdf,ok
KLE2026,외국인을위한문학교육,H0002719,국어교육과,국어교육과(학부/서울),2014/1 ~ 2016/2,2015,2,2015,2,3,1,1,outputs/pdfs_full/국어교육과__KLE2026__외국인을위한문학교육.pdf,ok
KLE2027,국어형태통사론,H0002719,국어교육과,국어교육과(학부/서울),2021/1 ~ 2028/2,2021,2,2025,2,20,4,1,outputs/pdfs_full/국어교육과__KLE2027__국어형태통사론.pdf,ok
KLE2028,현대시작품론,H0002719,국어교육과,국어교육과(학부/서울),2021/1 ~ 2028/2,2022,1,2026,1,14,5,1,outputs/pdfs_full/국어교육과__KLE2028__현대시작품론.pdf,ok
KLE2029,현대소설작품론,H0002719,국어교육과,국어교육과(학부/서울),2021/1 ~ 2028/2,2022,2,2025,2,13,4,1,outputs/pdfs_full/국어교육과__KLE2029__현대소설작품론.pdf,ok
KLE3002,국어교육론,H0002719,국어교육과,국어교육과(학부/서울),2010/1 ~ 2020/2,2016,1,2020,1,22,5,1,outputs/pdfs_full/국어교육과__KLE3002__국어교육론.pdf,ok
KLE3005,고전산문론,H0002719,국어교육과,국어교육과(학부/서울),1999/1 ~ 2017/2,2013,1,2017,1,23,5,1,outputs/pdfs_full/국어교육과__KLE3005__고전산문론.pdf,ok
KLE3011,작문교육론,H0002719,국어교육과,국어교육과(학부/서울),2007/1 ~ 2029/2,2022,1,2026,1,14,5,1,outputs/pdfs_full/국어교육과__KLE3011__작문교육론.pdf,ok
KLE3013,국어과교육과정및교재연구,H0002719,국어교육과,국어교육과(학부/서울),2011/1 ~ 2029/2,2022,1,2026,1,15,5,1,outputs/pdfs_full/국어교육과__KLE3013__국어과교육과정및교재연구.pdf,ok
KLE3016,현대시교육론,H0002719,국어교육과,국어교육과(학부/서울),2011/1 ~ 2030/2,2022,2,2025,2,13,4,1,outputs/pdfs_full/국어교육과__KLE3016__현대시교육론.pdf,ok
KLE3017,현대소설교육론,H0002719,국어교육과,국어교육과(학부/서울),2011/1 ~ 2029/2,2021,2,2025,2,9,4,1,outputs/pdfs_full/국어교육과__KLE3017__현대소설교육론.pdf,ok
KLE3019,세계화시대의한국어교육,H0002719,국어교육과,국어교육과(학부/서울),2011/1 ~ 2017/2,2013,2,2017,2,22,5,1,outputs/pdfs_full/국어교육과__KLE3019__세계화시대의한국어교육.pdf,ok
KLE3022,외국인을위한문법교육,H0002719,국어교육과,국어교육과(학부/서울),2015/1 ~ 2017/2,2015,1,2016,1,11,2,1,outputs/pdfs_full/국어교육과__KLE3022__외국인을위한문법교육.pdf,ok
KLE3023,국어의미화용론,H0002719,국어교육과,국어교육과(학부/서울),2022/1 ~ 2029/2,2022,1,2026,1,18,4,1,outputs/pdfs_full/국어교육과__KLE3023__국어의미화용론.pdf,ok
KLE3024,글로벌한국어교육,H0002719,국어교육과,국어교육과(학부/서울),2026/1 ~ 2029/2,,,,,0,0,1,outputs/pdfs_full/국어교육과__KLE3024__글로벌한국어교육.pdf,not_found
KLE4008,문학교육론,H0002719,국어교육과,국어교육과(학부/서울),2000/1 ~ 2017/2,2013,2,2017,2,25,5,1,outputs/pdfs_full/국어교육과__KLE4008__문학교육론.pdf,ok
KLE4012,문학비평교육론,H0002719,국어교육과,국어교육과(학부/서울),2004/1 ~ 2029/2,2021,1,2026,1,16,5,1,outputs/pdfs_full/국어교육과__KLE4012__문학비평교육론.pdf,ok
KLE4013,화법교육론,H0002719,국어교육과,국어교육과(학부/서울),2008/1 ~ 2029/2,2022,2,2025,2,17,4,1,outputs/pdfs_full/국어교육과__KLE4013__화법교육론.pdf,ok
KLE4015,국어교육평가론,H0002719,국어교육과,국어교육과(학부/서울),2008/1 ~ 2018/2,2008,1,2015,1,22,5,1,outputs/pdfs_full/국어교육과__KLE4015__국어교육평가론.pdf,ok
KLE4019,현대소설강독,H0002719,국어교육과,국어교육과(학부/서울),2012/1 ~ 2018/2,2013,2,2018,2,15,5,1,outputs/pdfs_full/국어교육과__KLE4019__현대소설강독.pdf,ok
KLE4020,현대시강독,H0002719,국어교육과,국어교육과(학부/서울),2012/1 ~ 2018/2,2014,1,2018,1,18,5,1,outputs/pdfs_full/국어교육과__KLE4020__현대시강독.pdf,ok
KLE4021,고전문학교육론,H0002719,국어교육과,국어교육과(학부/서울),2012/1 ~ 2030/2,2022,1,2026,1,22,5,1,outputs/pdfs_full/국어교육과__KLE4021__고전문학교육론.pdf,ok
KLE4022,국어과논리및논술,H0002719,국어교육과,국어교육과(학부/서울),2012/1 ~ 2028/2,2022,2,2025,1,15,4,1,outputs/pdfs_full/국어교육과__KLE4022__국어과논리및논술.pdf,ok
KLE4023,문법교육론,H0002719,국어교육과,국어교육과(학부/서울),2012/1 ~ 2030/2,2017,2,2025,2,17,4,1,outputs/pdfs_full/국어교육과__KLE4023__문법교육론.pdf,ok
KLE4024,국어과교수학습및평가,H0002719,국어교육과,국어교육과(학부/서울),2023/1 ~ 2026/2,2023,1,2026,1,11,4,1,outputs/pdfs_full/국어교육과__KLE4024__국어과교수학습및평가.pdf,ok
KLE4025,국어교과교실수업연구,H0002719,국어교육과,국어교육과(학부/서울),2023/2 ~ 2025/2,2023,2,2023,2,1,1,1,outputs/pdfs_full/국어교육과__KLE4025__국어교과교실수업연구.pdf,ok
KLE4026,국어과현장수업연구,H0002719,국어교육과,국어교육과(학부/서울),2024/2 ~ 2025/2,2024,2,2024,2,1,1,1,outputs/pdfs_full/국어교육과__KLE4026__국어과현장수업연구.pdf,ok
KOR1014,한국문학의이해,H0002794,국어국문학과,국어국문학(학부-인문과/서울),2008/1 ~ 2015/2,2011,1,2015,1,33,5,1,outputs/pdfs_full/국어국문학과__KOR1014__한국문학의이해.pdf,ok
KOR1015,문학작품어떻게읽을까,H0002794,국어국문학과,국어국문학(학부-인문과/서울),2008/1 ~ 2027/2,2022,1,2026,1,19,5,1,outputs/pdfs_full/국어국문학과__KOR1015__문학작품어떻게읽을까.pdf,ok
KOR1016,글로벌한국어Ⅰ,H0004739,글로벌한국학전공,글로벌한국학전공,2023/1 ~ 2027/2,2025,1,2026,1,11,2,2,outputs/pdfs_full/글로벌한국학전공__KOR1016__글로벌한국어I.pdf,ok
KOR1018,현대사회와문학,H0002719,국어교육과,국어교육과(학부/서울),2016/1 ~ 2027/2,2022,1,2026,1,19,5,1,outputs/pdfs_full/국어교육과__KOR1018__현대사회와문학.pdf,ok
KOR1019,AI리터러시교육,H0002719,국어교육과,국어교육과(학부/서울),2016/1 ~ 2028/2,2018,2,2025,2,15,4,1,outputs/pdfs_full/국어교육과__KOR1019__AI리터러시교육.pdf,ok
KOR1020,고전소설작품론,H0002719,국어교육과,국어교육과(학부/서울),2016/1 ~ 2028/2,2022,2,2025,2,13,4,1,outputs/pdfs_full/국어교육과__KOR1020__고전소설작품론.pdf,ok
KOR2001,국문학개론,H0002794,국어국문학과,국어국문학(학부-인문과/서울),1989/1 ~ 1996/2,2022,2,2025,2,16,4,2,outputs/pdfs_full/국어국문학과__KOR2001__국문학개론.pdf,ok
KOR2002,국어학개론,H0002794,국어국문학과,국어국문학(학부-인문과/서울),1989/1 ~ 1996/2,2022,1,2026,1,22,5,2,outputs/pdfs_full/국어국문학과__KOR2002__국어학개론.pdf,ok
KOR2003,국문학사,H0002794,국어국문학과,국어국문학(학부-인문과/서울),1990/1 ~ 1996/2,2021,1,2024,2,18,4,2,outputs/pdfs_full/국어국문학과__KOR2003__국문학사.pdf,ok
KOR2006,현대소설론,H0002794,국어국문학과,국어국문학(학부-인문과/서울),1991/1 ~ 1998/2,2016,1,2020,2,19,5,2,outputs/pdfs_full/국어국문학과__KOR2006__현대소설론.pdf,ok
KOR2007,중세국어강독,H0002794,국어국문학과,국어국문학(학부-인문과/서울),1991/1 ~ 1998/2,2001,1,2017,2,20,5,2,outputs/pdfs_full/국어국문학과__KOR2007__중세국어강독.pdf,ok
KOR2016,국어문법론,H0002794,국어국문학과,국어국문학(학부-인문과/서울),1990/1 ~ 1997/2,2016,2,2020,2,28,5,2,outputs/pdfs_full/국어국문학과__KOR2016__국어문법론.pdf,ok
KOR2023,국문학입문,H0002794,국어국문학과,국어국문학(학부-인문과/서울),2008/1 ~ 2027/2,2022,2,2025,2,25,4,1,outputs/pdfs_full/국어국문학과__KOR2023__국문학입문.pdf,ok
KOR2025,현대소설의이해,H0002794,국어국문학과,국어국문학(학부-인문과/서울),2006/1 ~ 2028/2,2022,1,2026,1,23,5,1,outputs/pdfs_full/국어국문학과__KOR2025__현대소설의이해.pdf,ok
KOR2026,현대시의이해,H0002794,국어국문학과,국어국문학(학부-인문과/서울),2006/1 ~ 2028/2,2022,1,2026,1,18,5,1,outputs/pdfs_full/국어국문학과__KOR2026__현대시의이해.pdf,ok
KOR2030,한국문학의쟁점과인문학적확장탐색,H0002794,국어국문학과,국어국문학(학부-인문과/서울),2008/1 ~ 2030/2,2021,1,2026,1,16,5,1,outputs/pdfs_full/국어국문학과__KOR2030__한국문학의쟁점과인문학적확장탐색.pdf,ok
KOR2040,실용한문,H0002256,서울 대학,대학(학부/서울),2005/1 ~ 2015/1,2011,2,2013,2,29,5,1,outputs/pdfs_seoul_university/서울_대학__KOR2040__실용한문.pdf,ok
KOR2041,국어학입문,H0002794,국어국문학과,국어국문학(학부-인문과/서울),2008/1 ~ 2027/2,2022,1,2026,1,34,5,1,outputs/pdfs_full/국어국문학과__KOR2041__국어학입문.pdf,ok
KOR2042,고전명문감상,H0002794,국어국문학과,국어국문학(학부-인문과/서울),2006/1 ~ 2028/2,2022,1,2026,1,22,5,1,outputs/pdfs_full/국어국문학과__KOR2042__고전명문감상.pdf,ok
KOR2045,한국어음운의이해,H0002794,국어국문학과,국어국문학(학부-인문과/서울),2006/1 ~ 2028/2,2022,1,2026,1,32,5,1,outputs/pdfs_full/국어국문학과__KOR2045__한국어음운의이해.pdf,ok
KOR2049,한국어의문장구조,H0002794,국어국문학과,국어국문학(학부-인문과/서울),2007/1 ~ 2029/2,2022,1,2026,1,30,5,1,outputs/pdfs_full/국어국문학과__KOR2049__한국어의문장구조.pdf,ok
KOR2062,문학과역사,H0002794,국어국문학과,국어국문학(학부-인문과/서울),2006/1 ~ 2030/2,2011,2,2026,1,20,5,2,outputs/pdfs_full/국어국문학과__KOR2062__문학과역사.pdf,ok
KOR2063,한국문학의역사1,H0002794,국어국문학과,국어국문학(학부-인문과/서울),2006/1 ~ 2028/2,2022,2,2025,2,23,4,1,outputs/pdfs_full/국어국문학과__KOR2063__한국문학의역사1.pdf,ok
KOR2064,설화와소설,H0002794,국어국문학과,국어국문학(학부-인문과/서울),2006/1 ~ 2028/2,2021,2,2024,2,15,4,1,outputs/pdfs_full/국어국문학과__KOR2064__설화와소설.pdf,ok
KOR2066,한글맞춤법과교정의실제,H0002794,국어국문학과,국어국문학(학부-인문과/서울),2006/1 ~ 2028/2,2022,2,2025,2,19,4,2,outputs/pdfs_full/국어국문학과__KOR2066__한글맞춤법과교정의실제.pdf,ok
KOR2068,한국어의사소통,H0003725,한중통번역전공,한중통번역전공,2017/1 ~ 2020/2,2022,2,2025,2,20,4,1,outputs/pdfs_full/한중통번역전공__KOR2068__한국어의사소통.pdf,ok
KOR2071,한국어단어의세계,H0002794,국어국문학과,국어국문학(학부-인문과/서울),2012/1 ~ 2028/2,2022,1,2026,1,29,5,1,outputs/pdfs_full/국어국문학과__KOR2071__한국어단어의세계.pdf,ok
KOR2072,현대명작감상,H0002794,국어국문학과,국어국문학(학부-인문과/서울),2014/1 ~ 2028/2,2022,2,2025,2,13,4,1,outputs/pdfs_full/국어국문학과__KOR2072__현대명작감상.pdf,ok
KOR2073,미디어시대의문학읽기,H0002719,국어교육과,국어교육과(학부/서울),2017/1 ~ 2025/2,2020,1,2025,1,17,5,1,outputs/pdfs_full/국어교육과__KOR2073__미디어시대의문학읽기.pdf,ok
KOR2074,고전시가작품론,H0002719,국어교육과,국어교육과(학부/서울),2017/1 ~ 2028/2,2022,1,2026,1,19,5,1,outputs/pdfs_full/국어교육과__KOR2074__고전시가작품론.pdf,ok
KOR3002,현대시론,H0002794,국어국문학과,국어국문학(학부-인문과/서울),1990/1 ~ 1997/2,2016,2,2020,1,19,5,2,outputs/pdfs_full/국어국문학과__KOR3002__현대시론.pdf,ok
KOR3004,국어음운론,H0002794,국어국문학과,국어국문학(학부-인문과/서울),1990/1 ~ 1997/2,2022,2,2026,1,13,5,2,outputs/pdfs_full/국어국문학과__KOR3004__국어음운론.pdf,ok
KOR3005,고전시가론,H0002719,국어교육과,국어교육과(학부/서울),1991/1 ~ 2016/2,2012,2,2016,2,26,5,1,outputs/pdfs_full/국어교육과__KOR3005__고전시가론.pdf,ok
KOR3006,국어사,H0002794,국어국문학과,국어국문학(학부-인문과/서울),1991/1 ~ 1998/2,2022,2,2025,2,19,4,2,outputs/pdfs_full/국어국문학과__KOR3006__국어사.pdf,ok
KOR3013,고전문학강독,H0002794,국어국문학과,국어국문학(학부-인문과/서울),1992/1 ~ 1997/2,2015,2,2017,2,10,2,2,outputs/pdfs_full/국어국문학과__KOR3013__고전문학강독.pdf,ok
KOR3026,텍스트이해의이론과실제,H0002794,국어국문학과,국어국문학(학부-인문과/서울),2007/1 ~ 2029/2,2022,1,2026,1,16,5,1,outputs/pdfs_full/국어국문학과__KOR3026__텍스트이해의이론과실제.pdf,ok
KOR3031,한시의감상과이해,H0002794,국어국문학과,국어국문학(학부-인문과/서울),2015/1 ~ 2029/2,2021,1,2026,1,26,5,1,outputs/pdfs_full/국어국문학과__KOR3031__한시의감상과이해.pdf,ok
KOR3040,대화와텍스트분석,H0002794,국어국문학과,국어국문학(학부-인문과/서울),2008/1 ~ 2018/2,2014,1,2018,1,17,5,1,outputs/pdfs_full/국어국문학과__KOR3040__대화와텍스트분석.pdf,ok
KOR3048,한국어의미론,H0002794,국어국문학과,국어국문학(학부-인문과/서울),2007/1 ~ 2029/2,2022,2,2025,2,22,4,1,outputs/pdfs_full/국어국문학과__KOR3048__한국어의미론.pdf,ok
KOR3064,한국문학의역사2,H0002794,국어국문학과,국어국문학(학부-인문과/서울),2007/1 ~ 2029/2,2021,1,2025,1,20,5,1,outputs/pdfs_full/국어국문학과__KOR3064__한국문학의역사2.pdf,ok
KOR3065,생활속의한국어자료해석,H0002794,국어국문학과,국어국문학(학부-인문과/서울),2007/1 ~ 2029/2,2022,1,2026,1,26,5,1,outputs/pdfs_full/국어국문학과__KOR3065__생활속의한국어자료해석.pdf,ok
KOR3067,철학으로읽는한국문학,H0002794,국어국문학과,국어국문학(학부-인문과/서울),2007/1 ~ 2029/2,2022,1,2026,1,29,5,2,outputs/pdfs_full/국어국문학과__KOR3067__철학으로읽는한국문학.pdf,ok
KOR3068,역사속의한국어변화해독,H0002794,국어국문학과,국어국문학(학부-인문과/서울),2007/1 ~ 2029/2,2022,2,2025,2,21,4,1,outputs/pdfs_full/국어국문학과__KOR3068__역사속의한국어변화해독.pdf,ok
KOR3069,창의적시쓰기와철학적해석,H0002794,국어국문학과,국어국문학(학부-인문과/서울),2007/1 ~ 2029/2,2022,2,2025,2,13,4,1,outputs/pdfs_full/국어국문학과__KOR3069__창의적시쓰기와철학적해석.pdf,ok
KOR3070,동서양신화읽기,H0002794,국어국문학과,국어국문학(학부-인문과/서울),2007/1 ~ 2029/2,2022,2,2025,2,24,4,1,outputs/pdfs_full/국어국문학과__KOR3070__동서양신화읽기.pdf,ok
KOR3071,국문인의미래학,H0002794,국어국문학과,국어국문학(학부-인문과/서울),2007/1 ~ 2017/2,2013,2,2017,2,20,5,1,outputs/pdfs_full/국어국문학과__KOR3071__국문인의미래학.pdf,ok
KOR3072,문학텍스트의상징재해석,H0002794,국어국문학과,국어국문학(학부-인문과/서울),2007/1 ~ 2029/2,2022,2,2025,2,21,4,1,outputs/pdfs_full/국어국문학과__KOR3072__문학텍스트의상징재해석.pdf,ok
KOR3074,4차산업혁명시대의문예비평,H0002794,국어국문학과,국어국문학(학부-인문과/서울),2007/1 ~ 2028/2,2021,2,2025,2,18,4,1,outputs/pdfs_full/국어국문학과__KOR3074__4차산업혁명시대의문예비평.pdf,ok
KOR3079,옛사람의시와노래,H0002794,국어국문학과,국어국문학(학부-인문과/서울),2015/1 ~ 2029/2,2022,2,2025,2,22,4,1,outputs/pdfs_full/국어국문학과__KOR3079__옛사람의시와노래.pdf,ok
KOR4009,국어의미론,H0002794,국어국문학과,국어국문학(학부-인문과/서울),1992/1 ~ 1998/2,2017,1,2021,1,23,5,2,outputs/pdfs_full/국어국문학과__KOR4009__국어의미론.pdf,ok
KOR4019,국어화용론,H0002719,국어교육과,국어교육과(학부/서울),1997/1 ~ 2022/2,2016,2,2022,1,18,5,1,outputs/pdfs_full/국어교육과__KOR4019__국어화용론.pdf,ok
KOR4035,한국문학과동아시아적사유를통한재해석,H0002794,국어국문학과,국어국문학(학부-인문과/서울),2008/1 ~ 2030/2,2021,2,2025,2,14,4,1,outputs/pdfs_full/국어국문학과__KOR4035__한국문학과동아시아적사유를통한재해석.pdf,ok
KOR4048,상황속의한국어실제통찰,H0002794,국어국문학과,국어국문학(학부-인문과/서울),2008/1 ~ 2030/2,2022,1,2026,1,23,5,1,outputs/pdfs_full/국어국문학과__KOR4048__상황속의한국어실제통찰.pdf,ok
KOR4056,소설과영화,H0002256,서울 대학,대학(학부/서울),2002/1 ~ 2027/2,2024,2,2026,1,15,4,1,outputs/pdfs_seoul_university/서울_대학__KOR4056__소설과영화.pdf,ok
KOR4060,현대소설창작과감상,H0002794,국어국문학과,국어국문학(학부-인문과/서울),2008/1 ~ 2030/2,2022,1,2026,1,19,5,1,outputs/pdfs_full/국어국문학과__KOR4060__현대소설창작과감상.pdf,ok
KOR4062,문화기호로서사읽기,H0002794,국어국문학과,국어국문학(학부-인문과/서울),2008/1 ~ 2022/2,2018,2,2022,2,27,5,1,outputs/pdfs_full/국어국문학과__KOR4062__문화기호로서사읽기.pdf,ok
KOR4065,한국문학과근대과학,H0002794,국어국문학과,국어국문학(학부-인문과/서울),2008/1 ~ 2018/2,2013,2,2018,2,21,5,2,outputs/pdfs_full/국어국문학과__KOR4065__한국문학과근대과학.pdf,ok
KOR4066,무역한국어,H0003725,한중통번역전공,한중통번역전공,2019/1 ~ 2022/2,2022,1,2026,1,22,5,1,outputs/pdfs_full/한중통번역전공__KOR4066__무역한국어.pdf,ok
KOR4071,국어국문학캡스톤디자인1,H0002794,국어국문학과,국어국문학(학부-인문과/서울),2012/1 ~ 2018/2,2013,1,2013,1,3,1,1,outputs/pdfs_full/국어국문학과__KOR4071__국어국문학캡스톤디자인1.pdf,ok
KOR4072,국어국문학캡스톤디자인2,H0002794,국어국문학과,국어국문학(학부-인문과/서울),2012/1 ~ 2018/2,2013,2,2013,2,4,1,1,outputs/pdfs_full/국어국문학과__KOR4072__국어국문학캡스톤디자인2.pdf,ok
KOR4073,문학으로역사읽기,H0002794,국어국문학과,국어국문학(학부-인문과/서울),2016/1 ~ 2030/2,2020,1,2024,1,21,5,1,outputs/pdfs_full/국어국문학과__KOR4073__문학으로역사읽기.pdf,ok
KOR4074,언어와의사소통,H0002794,국어국문학과,국어국문학(학부-인문과/서울),2016/1 ~ 2022/2,2017,2,2022,2,21,5,2,outputs/pdfs_full/국어국문학과__KOR4074__언어와의사소통.pdf,ok
KOR4075,지역속의한국어모습이해,H0002794,국어국문학과,국어국문학(학부-인문과/서울),2016/1 ~ 2030/2,2022,2,2025,2,18,4,1,outputs/pdfs_full/국어국문학과__KOR4075__지역속의한국어모습이해.pdf,ok
KOR4078,학위논문지도1(국문),H0002794,국어국문학과,국어국문학(학부-인문과/서울),2017/1 ~ 2026/2,,,,,0,0,1,outputs/pdfs_full/국어국문학과__KOR4078__학위논문지도1(국문).pdf,not_found
KOR4079,학위논문지도2(국문),H0002794,국어국문학과,국어국문학(학부-인문과/서울),2016/2 ~ 2026/2,,,,,0,0,1,outputs/pdfs_full/국어국문학과__KOR4079__학위논문지도2(국문).pdf,not_found
KOR4081,영상내러티브를통한문화연구,H0002794,국어국문학과,국어국문학(학부-인문과/서울),2026/1 ~ 2029/2,2026,1,2026,1,4,1,1,outputs/pdfs_full/국어국문학과__KOR4081__영상내러티브를통한문화연구.pdf,ok
KOR4082,경계를가로지르는한국문학과세계문학,H0002794,국어국문학과,국어국문학(학부-인문과/서울),2027/1 ~ 2030/2,,,,,0,0,1,outputs/pdfs_full/국어국문학과__KOR4082__경계를가로지르는한국문학과세계문학.pdf,not_found
KTM1001,국악개론1,H0002737,성악과,성악과(학부/서울),1995/1 ~ 1998/2,2022,1,2026,1,34,5,4,outputs/pdfs_full/성악과__KTM1001__국악개론1.pdf,ok
KTM1002,국악개론 2,H0002737,성악과,성악과(학부/서울),1995/1 ~ 1998/2,2022,2,2025,2,29,4,4,outputs/pdfs_full/성악과__KTM1002__국악개론_2.pdf,ok
KTM1013,국악총론1,H0002741,국악과,국악과(학부/서울),1989/1 ~ 2029/2,2022,1,2026,1,18,5,1,outputs/pdfs_full/국악과__KTM1013__국악총론1.pdf,ok
KTM1014,국악총론2,H0002741,국악과,국악과(학부/서울),1989/1 ~ 2029/2,2019,2,2025,2,15,4,1,outputs/pdfs_full/국악과__KTM1014__국악총론2.pdf,ok
KTM1053,국악전공실기1,H0002741,국악과,국악과(학부/서울),1999/1 ~ 2027/2,2022,1,2026,1,17,5,1,outputs/pdfs_full/국악과__KTM1053__국악전공실기1.pdf,ok
KTM1054,국악전공실기2,H0002741,국악과,국악과(학부/서울),1999/1 ~ 2027/2,2022,2,2025,2,14,4,1,outputs/pdfs_full/국악과__KTM1054__국악전공실기2.pdf,ok
KTM1071,국악성악세미나1,H0002741,국악과,국악과(학부/서울),2009/1 ~ 2015/2,2011,1,2015,1,9,5,1,outputs/pdfs_full/국악과__KTM1071__국악성악세미나1.pdf,ok
KTM1072,국악성악세미나2,H0002741,국악과,국악과(학부/서울),2009/1 ~ 2015/2,2011,2,2015,2,11,5,1,outputs/pdfs_full/국악과__KTM1072__국악성악세미나2.pdf,ok
KTM1073,국악이론세미나1,H0002741,국악과,국악과(학부/서울),2009/1 ~ 2015/2,2011,1,2015,1,7,5,1,outputs/pdfs_full/국악과__KTM1073__국악이론세미나1.pdf,ok
KTM1074,국악이론세미나2,H0002741,국악과,국악과(학부/서울),2009/1 ~ 2015/2,2011,2,2015,2,8,5,1,outputs/pdfs_full/국악과__KTM1074__국악이론세미나2.pdf,ok
KTM1075,국악작곡세미나1,H0002741,국악과,국악과(학부/서울),2009/1 ~ 2015/2,2011,1,2015,1,6,5,1,outputs/pdfs_full/국악과__KTM1075__국악작곡세미나1.pdf,ok
KTM1076,국악작곡세미나2,H0002741,국악과,국악과(학부/서울),2009/1 ~ 2015/2,2011,2,2015,2,6,5,1,outputs/pdfs_full/국악과__KTM1076__국악작곡세미나2.pdf,ok
KTM1078,관악기합주1,H0002741,국악과,국악과(학부/서울),2013/1 ~ 2015/2,2013,1,2015,1,6,3,1,outputs/pdfs_full/국악과__KTM1078__관악기합주1.pdf,ok
KTM1079,현악기합주1,H0002741,국악과,국악과(학부/서울),2013/1 ~ 2015/2,2013,1,2015,1,11,3,1,outputs/pdfs_full/국악과__KTM1079__현악기합주1.pdf,ok
KTM1080,타악기실기1,H0002741,국악과,국악과(학부/서울),2013/1 ~ 2019/2,2015,1,2019,1,18,5,1,outputs/pdfs_full/국악과__KTM1080__타악기실기1.pdf,ok
KTM1081,관악기합주2,H0002741,국악과,국악과(학부/서울),2013/1 ~ 2015/2,2013,2,2015,2,9,3,1,outputs/pdfs_full/국악과__KTM1081__관악기합주2.pdf,ok
KTM1082,현악기합주2,H0002741,국악과,국악과(학부/서울),2013/1 ~ 2015/2,2013,2,2015,2,9,3,1,outputs/pdfs_full/국악과__KTM1082__현악기합주2.pdf,ok
KTM1083,타악기실기2,H0002741,국악과,국악과(학부/서울),2013/1 ~ 2019/2,2015,2,2019,2,18,5,1,outputs/pdfs_full/국악과__KTM1083__타악기실기2.pdf,ok
KTM1084,국악개론및감상1,H0002737,성악과,성악과(학부/서울),2013/1 ~ 2015/2,2021,1,2026,1,20,5,4,outputs/pdfs_full/성악과__KTM1084__국악개론및감상1.pdf,ok
KTM1085,국악개론및감상2,H0002737,성악과,성악과(학부/서울),2013/1 ~ 2015/2,2016,2,2021,2,14,4,4,outputs/pdfs_full/성악과__KTM1085__국악개론및감상2.pdf,ok
KTM1086,국악실습1,H0002741,국악과,국악과(학부/서울),2016/1 ~ 2027/2,2022,1,2026,1,11,5,1,outputs/pdfs_full/국악과__KTM1086__국악실습1.pdf,ok
KTM1087,정악합주1,H0002741,국악과,국악과(학부/서울),2016/1 ~ 2027/2,2022,1,2026,1,14,5,1,outputs/pdfs_full/국악과__KTM1087__정악합주1.pdf,ok
KTM1088,국악가창,H0002741,국악과,국악과(학부/서울),2016/2 ~ 2019/2,2016,2,2019,2,16,4,1,outputs/pdfs_full/국악과__KTM1088__국악가창.pdf,ok
KTM1089,국악실습2,H0002741,국악과,국악과(학부/서울),2016/1 ~ 2027/2,2022,2,2025,2,11,4,1,outputs/pdfs_full/국악과__KTM1089__국악실습2.pdf,ok
KTM1090,정악합주2,H0002741,국악과,국악과(학부/서울),2016/1 ~ 2027/2,2022,2,2025,2,10,4,1,outputs/pdfs_full/국악과__KTM1090__정악합주2.pdf,ok
KTM1091,세계악기론,H0002741,국악과,국악과(학부/서울),2020/1 ~ 2027/2,2022,1,2026,1,23,5,1,outputs/pdfs_full/국악과__KTM1091__세계악기론.pdf,ok
KTM2003,국악관현악1,H0002741,국악과,국악과(학부/서울),2009/1 ~ 2015/2,2011,1,2015,1,9,5,1,outputs/pdfs_full/국악과__KTM2003__국악관현악1.pdf,ok
KTM2004,국악관현악2,H0002741,국악과,국악과(학부/서울),2009/1 ~ 2015/2,2011,2,2015,2,15,5,1,outputs/pdfs_full/국악과__KTM2004__국악관현악2.pdf,ok
KTM2005,국악실내악1,H0002741,국악과,국악과(학부/서울),1990/1 ~ 2027/2,2022,1,2026,1,17,5,1,outputs/pdfs_full/국악과__KTM2005__국악실내악1.pdf,ok
KTM2006,국악실내악2,H0002741,국악과,국악과(학부/서울),1990/1 ~ 2027/2,2022,2,2025,2,11,4,1,outputs/pdfs_full/국악과__KTM2006__국악실내악2.pdf,ok
KTM2007,국악가창1,H0002741,국악과,국악과(학부/서울),1989/1 ~ 2015/2,2011,1,2015,1,26,5,1,outputs/pdfs_full/국악과__KTM2007__국악가창1.pdf,ok
KTM2008,국악가창2,H0002741,국악과,국악과(학부/서울),1989/1 ~ 2015/2,2007,2,2015,2,23,5,1,outputs/pdfs_full/국악과__KTM2008__국악가창2.pdf,ok
KTM2009,국악문헌1,H0002741,국악과,국악과(학부/서울),1990/1 ~ 2030/2,2022,1,2026,1,20,5,1,outputs/pdfs_full/국악과__KTM2009__국악문헌1.pdf,ok
KTM2010,국악문헌2,H0002741,국악과,국악과(학부/서울),1990/1 ~ 2030/2,2022,2,2025,2,12,4,1,outputs/pdfs_full/국악과__KTM2010__국악문헌2.pdf,ok
KTM2013,국악특수악기1,H0002741,국악과,국악과(학부/서울),1989/1 ~ 2028/2,2022,1,2026,1,13,5,1,outputs/pdfs_full/국악과__KTM2013__국악특수악기1.pdf,ok
KTM2014,국악특수악기2,H0002741,국악과,국악과(학부/서울),1989/1 ~ 2028/2,2022,2,2025,2,11,4,1,outputs/pdfs_full/국악과__KTM2014__국악특수악기2.pdf,ok
KTM2033,국악전공실기3,H0002741,국악과,국악과(학부/서울),1999/1 ~ 2028/2,2022,1,2026,1,18,5,1,outputs/pdfs_full/국악과__KTM2033__국악전공실기3.pdf,ok
KTM2034,국악전공실기4,H0002741,국악과,국악과(학부/서울),1999/1 ~ 2028/2,2022,2,2025,2,12,4,1,outputs/pdfs_full/국악과__KTM2034__국악전공실기4.pdf,ok
KTM2040,전통무용실습1,H0002741,국악과,국악과(학부/서울),2006/1 ~ 2015/2,2011,1,2015,1,21,5,1,outputs/pdfs_full/국악과__KTM2040__전통무용실습1.pdf,ok
KTM2044,전통무용실습2,H0002741,국악과,국악과(학부/서울),2006/1 ~ 2015/2,2011,2,2015,2,19,5,1,outputs/pdfs_full/국악과__KTM2044__전통무용실습2.pdf,ok
KTM2071,국악성악세미나3,H0002741,국악과,국악과(학부/서울),2010/1 ~ 2016/2,2012,1,2016,1,8,5,1,outputs/pdfs_full/국악과__KTM2071__국악성악세미나3.pdf,ok
KTM2072,국악성악세미나4,H0002741,국악과,국악과(학부/서울),2010/1 ~ 2016/2,2012,2,2016,2,9,5,1,outputs/pdfs_full/국악과__KTM2072__국악성악세미나4.pdf,ok
KTM2073,국악이론세미나3,H0002741,국악과,국악과(학부/서울),2010/1 ~ 2016/2,2012,1,2016,1,9,5,1,outputs/pdfs_full/국악과__KTM2073__국악이론세미나3.pdf,ok
KTM2074,국악이론세미나4,H0002741,국악과,국악과(학부/서울),2010/1 ~ 2016/2,2012,2,2016,2,8,5,1,outputs/pdfs_full/국악과__KTM2074__국악이론세미나4.pdf,ok
KTM2075,국악작곡세미나3,H0002741,국악과,국악과(학부/서울),2010/1 ~ 2016/2,2012,1,2016,1,9,5,1,outputs/pdfs_full/국악과__KTM2075__국악작곡세미나3.pdf,ok
KTM2076,국악작곡세미나4,H0002741,국악과,국악과(학부/서울),2010/1 ~ 2016/2,2012,2,2016,2,8,5,1,outputs/pdfs_full/국악과__KTM2076__국악작곡세미나4.pdf,ok
KTM2077,관악기합주3,H0002741,국악과,국악과(학부/서울),2014/1 ~ 2016/2,2014,1,2016,1,10,3,1,outputs/pdfs_full/국악과__KTM2077__관악기합주3.pdf,ok
KTM2078,현악기합주3,H0002741,국악과,국악과(학부/서울),2014/1 ~ 2016/2,2014,1,2016,1,8,3,1,outputs/pdfs_full/국악과__KTM2078__현악기합주3.pdf,ok
KTM2079,정가와반주실기1,H0002741,국악과,국악과(학부/서울),2014/1 ~ 2016/2,2014,1,2016,1,12,3,1,outputs/pdfs_full/국악과__KTM2079__정가와반주실기1.pdf,ok
KTM2080,화성및대위법1,H0002741,국악과,국악과(학부/서울),2014/1 ~ 2016/2,2014,1,2016,1,16,3,1,outputs/pdfs_full/국악과__KTM2080__화성및대위법1.pdf,ok
KTM2081,관악기합주4,H0002741,국악과,국악과(학부/서울),2014/1 ~ 2016/2,2014,2,2016,2,8,3,1,outputs/pdfs_full/국악과__KTM2081__관악기합주4.pdf,ok
KTM2082,현악기합주4,H0002741,국악과,국악과(학부/서울),2014/1 ~ 2016/2,2014,2,2016,2,9,3,1,outputs/pdfs_full/국악과__KTM2082__현악기합주4.pdf,ok
KTM2083,정가와반주실기2,H0002741,국악과,국악과(학부/서울),2014/1 ~ 2016/2,2014,2,2016,2,13,3,1,outputs/pdfs_full/국악과__KTM2083__정가와반주실기2.pdf,ok
KTM2084,화성및대위법2,H0002741,국악과,국악과(학부/서울),2014/1 ~ 2016/2,2014,2,2016,2,18,3,1,outputs/pdfs_full/국악과__KTM2084__화성및대위법2.pdf,ok
KTM2085,국악실습3,H0002741,국악과,국악과(학부/서울),2017/1 ~ 2028/2,2022,1,2026,1,16,5,1,outputs/pdfs_full/국악과__KTM2085__국악실습3.pdf,ok
KTM2086,기악및성악합주1,H0002741,국악과,국악과(학부/서울),2017/1 ~ 2020/2,2017,1,2020,1,11,4,1,outputs/pdfs_full/국악과__KTM2086__기악및성악합주1.pdf,ok
KTM2087,정가실습1,H0002741,국악과,국악과(학부/서울),2017/1 ~ 2028/2,2022,1,2026,1,15,5,1,outputs/pdfs_full/국악과__KTM2087__정가실습1.pdf,ok
KTM2088,정악합주3,H0002741,국악과,국악과(학부/서울),2017/1 ~ 2028/2,2022,1,2026,1,15,5,1,outputs/pdfs_full/국악과__KTM2088__정악합주3.pdf,ok
KTM2089,국악실습4,H0002741,국악과,국악과(학부/서울),2017/1 ~ 2028/2,2022,2,2025,2,9,4,1,outputs/pdfs_full/국악과__KTM2089__국악실습4.pdf,ok
KTM2090,기악및성악합주2,H0002741,국악과,국악과(학부/서울),2017/1 ~ 2020/2,2017,2,2020,2,12,4,1,outputs/pdfs_full/국악과__KTM2090__기악및성악합주2.pdf,ok
KTM2091,정가실습2,H0002741,국악과,국악과(학부/서울),2017/1 ~ 2028/2,2022,2,2025,2,14,4,1,outputs/pdfs_full/국악과__KTM2091__정가실습2.pdf,ok
KTM2092,정악합주4,H0002741,국악과,국악과(학부/서울),2017/1 ~ 2028/2,2022,2,2025,2,12,4,1,outputs/pdfs_full/국악과__KTM2092__정악합주4.pdf,ok
KTM2093,국악관현실습2,H0002741,국악과,국악과(학부/서울),2021/1 ~ 2028/2,2022,2,2025,2,9,4,1,outputs/pdfs_full/국악과__KTM2093__국악관현실습2.pdf,ok
KTM2094,공연예술산업1,H0002741,국악과,국악과(학부/서울),2021/1 ~ 2028/2,2022,1,2026,1,13,5,1,outputs/pdfs_full/국악과__KTM2094__공연예술산업1.pdf,ok
KTM2095,공연예술산업2,H0002741,국악과,국악과(학부/서울),2021/1 ~ 2028/2,2022,2,2025,2,9,4,1,outputs/pdfs_full/국악과__KTM2095__공연예술산업2.pdf,ok
KTM2096,국악관현실습1,H0002741,국악과,국악과(학부/서울),2021/1 ~ 2028/2,2022,1,2026,1,14,5,1,outputs/pdfs_full/국악과__KTM2096__국악관현실습1.pdf,ok
KTM3003,국악관현악3,H0002741,국악과,국악과(학부/서울),2010/1 ~ 2016/2,2012,1,2016,1,11,5,1,outputs/pdfs_full/국악과__KTM3003__국악관현악3.pdf,ok
KTM3004,국악관현악4,H0002741,국악과,국악과(학부/서울),2010/1 ~ 2016/2,2012,2,2016,2,17,5,1,outputs/pdfs_full/국악과__KTM3004__국악관현악4.pdf,ok
KTM3005,국악실내악3,H0002741,국악과,국악과(학부/서울),1991/1 ~ 2028/2,2022,1,2026,1,18,5,1,outputs/pdfs_full/국악과__KTM3005__국악실내악3.pdf,ok
KTM3006,국악실내악4,H0002741,국악과,국악과(학부/서울),1991/1 ~ 2028/2,2022,2,2025,2,14,4,1,outputs/pdfs_full/국악과__KTM3006__국악실내악4.pdf,ok
KTM3009,국악사1,H0002741,국악과,국악과(학부/서울),1991/1 ~ 2028/2,2022,1,2026,1,27,5,1,outputs/pdfs_full/국악과__KTM3009__국악사1.pdf,ok
KTM3010,국악사2,H0002741,국악과,국악과(학부/서울),1991/1 ~ 2028/2,2021,2,2024,2,17,4,1,outputs/pdfs_full/국악과__KTM3010__국악사2.pdf,ok
KTM3013,국악특수악기3,H0002741,국악과,국악과(학부/서울),1990/1 ~ 2029/2,2022,1,2026,1,15,5,1,outputs/pdfs_full/국악과__KTM3013__국악특수악기3.pdf,ok
KTM3014,국악특수악기4,H0002741,국악과,국악과(학부/서울),1990/1 ~ 2029/2,2022,2,2025,2,10,4,1,outputs/pdfs_full/국악과__KTM3014__국악특수악기4.pdf,ok
KTM3017,국악기론1,H0002741,국악과,국악과(학부/서울),1991/1 ~ 2021/2,2015,1,2021,1,29,5,1,outputs/pdfs_full/국악과__KTM3017__국악기론1.pdf,ok
KTM3018,국악기론2,H0002741,국악과,국악과(학부/서울),1991/1 ~ 2021/2,2014,2,2018,2,28,5,1,outputs/pdfs_full/국악과__KTM3018__국악기론2.pdf,ok
KTM3032,국악특수악기5,H0002741,국악과,국악과(학부/서울),1995/1 ~ 2030/2,2018,1,2026,1,14,5,1,outputs/pdfs_full/국악과__KTM3032__국악특수악기5.pdf,ok
KTM3033,국악특수악기6,H0002741,국악과,국악과(학부/서울),1995/1 ~ 2030/2,2018,2,2025,2,8,4,1,outputs/pdfs_full/국악과__KTM3033__국악특수악기6.pdf,ok
KTM3043,국악전공실기5,H0002741,국악과,국악과(학부/서울),1999/1 ~ 2029/2,2022,1,2026,1,16,5,1,outputs/pdfs_full/국악과__KTM3043__국악전공실기5.pdf,ok
KTM3044,국악전공실기6,H0002741,국악과,국악과(학부/서울),1999/1 ~ 2029/2,2022,2,2025,2,13,4,2,outputs/pdfs_full/국악과__KTM3044__국악전공실기6.pdf,ok
KTM3059,일반서양음악사1,H0002741,국악과,국악과(학부/서울),2007/1 ~ 2021/2,2015,1,2019,1,30,5,1,outputs/pdfs_full/국악과__KTM3059__일반서양음악사1.pdf,ok
KTM3063,일반서양음악사2,H0002741,국악과,국악과(학부/서울),2007/1 ~ 2021/2,2012,2,2017,2,33,5,1,outputs/pdfs_full/국악과__KTM3063__일반서양음악사2.pdf,ok
KTM3071,국악성악세미나5,H0002741,국악과,국악과(학부/서울),2011/1 ~ 2017/2,2013,1,2017,1,11,5,1,outputs/pdfs_full/국악과__KTM3071__국악성악세미나5.pdf,ok
KTM3072,국악성악세미나6,H0002741,국악과,국악과(학부/서울),2011/1 ~ 2017/2,2013,2,2017,2,11,5,1,outputs/pdfs_full/국악과__KTM3072__국악성악세미나6.pdf,ok
KTM3073,국악이론세미나5,H0002741,국악과,국악과(학부/서울),2011/1 ~ 2017/2,2013,1,2017,1,7,5,1,outputs/pdfs_full/국악과__KTM3073__국악이론세미나5.pdf,ok
KTM3074,국악이론세미나6,H0002741,국악과,국악과(학부/서울),2011/1 ~ 2017/2,2013,2,2017,2,5,5,1,outputs/pdfs_full/국악과__KTM3074__국악이론세미나6.pdf,ok
KTM3075,국악작곡세미나5,H0002741,국악과,국악과(학부/서울),2011/1 ~ 2017/2,2013,1,2017,1,9,5,1,outputs/pdfs_full/국악과__KTM3075__국악작곡세미나5.pdf,ok
KTM3076,국악작곡세미나6,H0002741,국악과,국악과(학부/서울),2011/1 ~ 2017/2,2013,2,2017,2,7,5,1,outputs/pdfs_full/국악과__KTM3076__국악작곡세미나6.pdf,ok
KTM3077,관악기합주5,H0002741,국악과,국악과(학부/서울),2015/1 ~ 2017/2,2015,1,2017,1,8,3,1,outputs/pdfs_full/국악과__KTM3077__관악기합주5.pdf,ok
KTM3078,현악기합주5,H0002741,국악과,국악과(학부/서울),2015/1 ~ 2017/2,2015,1,2017,1,7,3,1,outputs/pdfs_full/국악과__KTM3078__현악기합주5.pdf,ok
KTM3079,판소리와반주실기1,H0002741,국악과,국악과(학부/서울),2015/1 ~ 2017/2,2015,1,2017,1,13,3,1,outputs/pdfs_full/국악과__KTM3079__판소리와반주실기1.pdf,ok
KTM3080,세계음악문화,H0002741,국악과,국악과(학부/서울),2013/1 ~ 2019/1,,,,,0,0,1,outputs/pdfs_full/국악과__KTM3080__세계음악문화.pdf,not_found
KTM3081,관악기합주6,H0002741,국악과,국악과(학부/서울),2015/1 ~ 2017/2,2015,2,2017,2,7,3,1,outputs/pdfs_full/국악과__KTM3081__관악기합주6.pdf,ok
KTM3082,현악기합주6,H0002741,국악과,국악과(학부/서울),2015/1 ~ 2017/2,2015,2,2017,2,6,3,1,outputs/pdfs_full/국악과__KTM3082__현악기합주6.pdf,ok
KTM3083,판소리와반주실기2,H0002741,국악과,국악과(학부/서울),2015/1 ~ 2017/2,2015,2,2017,2,11,3,1,outputs/pdfs_full/국악과__KTM3083__판소리와반주실기2.pdf,ok
KTM3084,국악실습5,H0002741,국악과,국악과(학부/서울),2018/1 ~ 2029/2,2022,1,2026,1,18,5,1,outputs/pdfs_full/국악과__KTM3084__국악실습5.pdf,ok
KTM3085,기악및성악합주3,H0002741,국악과,국악과(학부/서울),2018/1 ~ 2021/2,2018,1,2021,1,14,4,1,outputs/pdfs_full/국악과__KTM3085__기악및성악합주3.pdf,ok
KTM3086,정악합주5,H0002741,국악과,국악과(학부/서울),2018/1 ~ 2029/2,2022,1,2026,1,13,5,1,outputs/pdfs_full/국악과__KTM3086__정악합주5.pdf,ok
KTM3087,판소리실습1,H0002741,국악과,국악과(학부/서울),2018/1 ~ 2027/2,2022,1,2026,1,14,5,1,outputs/pdfs_full/국악과__KTM3087__판소리실습1.pdf,ok
KTM3088,국악실습6,H0002741,국악과,국악과(학부/서울),2018/1 ~ 2029/2,2022,2,2025,2,11,4,1,outputs/pdfs_full/국악과__KTM3088__국악실습6.pdf,ok
KTM3089,기악및성악합주4,H0002741,국악과,국악과(학부/서울),2018/1 ~ 2021/2,2018,2,2021,2,12,4,1,outputs/pdfs_full/국악과__KTM3089__기악및성악합주4.pdf,ok
KTM3090,정악합주6,H0002741,국악과,국악과(학부/서울),2018/1 ~ 2029/2,2022,2,2025,2,6,4,1,outputs/pdfs_full/국악과__KTM3090__정악합주6.pdf,ok
KTM3091,판소리실습2,H0002741,국악과,국악과(학부/서울),2018/1 ~ 2027/2,2022,2,2025,2,16,4,1,outputs/pdfs_full/국악과__KTM3091__판소리실습2.pdf,ok
KTM3092,국악관현실습3,H0002741,국악과,국악과(학부/서울),2022/1 ~ 2029/2,2022,1,2026,1,13,5,1,outputs/pdfs_full/국악과__KTM3092__국악관현실습3.pdf,ok
KTM4001,창작실험실습1,H0002741,국악과,국악과(학부/서울),2027/1 ~ 2030/2,,,,,0,0,1,outputs/pdfs_full/국악과__KTM4001__창작실험실습1.pdf,not_found
KTM4002,창작실험실습2,H0002741,국악과,국악과(학부/서울),2027/1 ~ 2030/2,,,,,0,0,1,outputs/pdfs_full/국악과__KTM4002__창작실험실습2.pdf,not_found
KTM4003,국악관현악5,H0002741,국악과,국악과(학부/서울),2011/1 ~ 2017/2,2013,1,2017,1,15,5,1,outputs/pdfs_full/국악과__KTM4003__국악관현악5.pdf,ok
KTM4004,국악관현악6,H0002741,국악과,국악과(학부/서울),2011/1 ~ 2017/2,2013,2,2017,2,13,5,1,outputs/pdfs_full/국악과__KTM4004__국악관현악6.pdf,ok
KTM4005,국악실내악5,H0002741,국악과,국악과(학부/서울),1992/1 ~ 2029/2,2022,1,2026,1,16,5,1,outputs/pdfs_full/국악과__KTM4005__국악실내악5.pdf,ok
KTM4006,국악실내악6,H0002741,국악과,국악과(학부/서울),1992/1 ~ 2029/2,2022,2,2025,2,12,4,1,outputs/pdfs_full/국악과__KTM4006__국악실내악6.pdf,ok
KTM4009,국악분석1,H0002741,국악과,국악과(학부/서울),1991/1 ~ 2017/2,2013,1,2017,1,31,5,1,outputs/pdfs_full/국악과__KTM4009__국악분석1.pdf,ok
KTM4010,국악분석2,H0002741,국악과,국악과(학부/서울),1991/1 ~ 2017/2,2013,2,2017,2,30,5,1,outputs/pdfs_full/국악과__KTM4010__국악분석2.pdf,ok
KTM4031,국악실내악7,H0002741,국악과,국악과(학부/서울),1996/1 ~ 2022/2,2018,1,2022,1,13,5,1,outputs/pdfs_full/국악과__KTM4031__국악실내악7.pdf,ok
KTM4032,국악실내악8,H0002741,국악과,국악과(학부/서울),1996/1 ~ 2022/2,2018,2,2022,2,14,5,1,outputs/pdfs_full/국악과__KTM4032__국악실내악8.pdf,ok
KTM4057,국악전공실기7,H0002741,국악과,국악과(학부/서울),1999/1 ~ 2030/2,2022,1,2026,1,17,5,1,outputs/pdfs_full/국악과__KTM4057__국악전공실기7.pdf,ok
KTM4058,국악전공실기8,H0002741,국악과,국악과(학부/서울),1999/1 ~ 2030/2,2022,2,2025,2,11,4,1,outputs/pdfs_full/국악과__KTM4058__국악전공실기8.pdf,ok
KTM4071,국악성악세미나7,H0002741,국악과,국악과(학부/서울),2012/1 ~ 2018/2,2014,1,2018,1,12,5,1,outputs/pdfs_full/국악과__KTM4071__국악성악세미나7.pdf,ok
KTM4072,국악성악세미나8,H0002741,국악과,국악과(학부/서울),2012/1 ~ 2018/2,2014,2,2018,2,11,5,1,outputs/pdfs_full/국악과__KTM4072__국악성악세미나8.pdf,ok
KTM4073,국악이론세미나7,H0002741,국악과,국악과(학부/서울),2012/1 ~ 2018/2,2014,1,2018,1,8,5,1,outputs/pdfs_full/국악과__KTM4073__국악이론세미나7.pdf,ok
KTM4074,국악이론세미나8,H0002741,국악과,국악과(학부/서울),2012/1 ~ 2018/2,2014,2,2018,2,7,5,1,outputs/pdfs_full/국악과__KTM4074__국악이론세미나8.pdf,ok
KTM4075,국악작곡세미나7,H0002741,국악과,국악과(학부/서울),2012/1 ~ 2018/2,2014,1,2018,1,7,5,1,outputs/pdfs_full/국악과__KTM4075__국악작곡세미나7.pdf,ok
KTM4076,국악작곡세미나8,H0002741,국악과,국악과(학부/서울),2012/1 ~ 2018/2,2014,2,2018,2,7,5,1,outputs/pdfs_full/국악과__KTM4076__국악작곡세미나8.pdf,ok
KTM4077,관악기합주7,H0002741,국악과,국악과(학부/서울),2016/1 ~ 2018/2,2016,1,2018,1,6,3,1,outputs/pdfs_full/국악과__KTM4077__관악기합주7.pdf,ok
KTM4078,현악기합주7,H0002741,국악과,국악과(학부/서울),2016/1 ~ 2018/2,2016,1,2018,1,9,3,1,outputs/pdfs_full/국악과__KTM4078__현악기합주7.pdf,ok
KTM4079,민요와반주실기1,H0002741,국악과,국악과(학부/서울),2016/1 ~ 2018/2,2016,1,2018,1,9,3,1,outputs/pdfs_full/국악과__KTM4079__민요와반주실기1.pdf,ok
KTM4080,관악기합주8,H0002741,국악과,국악과(학부/서울),2016/1 ~ 2018/2,2016,2,2018,2,10,3,1,outputs/pdfs_full/국악과__KTM4080__관악기합주8.pdf,ok
KTM4081,현악기합주8,H0002741,국악과,국악과(학부/서울),2016/1 ~ 2018/2,2016,2,2018,2,12,3,1,outputs/pdfs_full/국악과__KTM4081__현악기합주8.pdf,ok
KTM4082,민요와반주실기2,H0002741,국악과,국악과(학부/서울),2016/1 ~ 2018/2,2016,2,2018,2,7,3,1,outputs/pdfs_full/국악과__KTM4082__민요와반주실기2.pdf,ok
KTM4083,국악실습7,H0002741,국악과,국악과(학부/서울),2019/1 ~ 2030/2,2022,1,2026,1,14,5,1,outputs/pdfs_full/국악과__KTM4083__국악실습7.pdf,ok
KTM4084,단소실습1,H0002741,국악과,국악과(학부/서울),2019/1 ~ 2022/2,2019,1,2021,1,7,2,1,outputs/pdfs_full/국악과__KTM4084__단소실습1.pdf,ok
KTM4085,민요실습1,H0002741,국악과,국악과(학부/서울),2019/1 ~ 2030/2,2020,1,2026,1,10,5,1,outputs/pdfs_full/국악과__KTM4085__민요실습1.pdf,ok
KTM4086,정악합주7,H0002741,국악과,국악과(학부/서울),2019/1 ~ 2026/2,2022,1,2026,1,12,5,1,outputs/pdfs_full/국악과__KTM4086__정악합주7.pdf,ok
KTM4087,국악실습8,H0002741,국악과,국악과(학부/서울),2019/1 ~ 2030/2,2022,2,2025,2,9,4,1,outputs/pdfs_full/국악과__KTM4087__국악실습8.pdf,ok
KTM4088,단소실습2,H0002741,국악과,국악과(학부/서울),2019/1 ~ 2022/2,2019,2,2019,2,3,1,1,outputs/pdfs_full/국악과__KTM4088__단소실습2.pdf,ok
KTM4089,민요실습2,H0002741,국악과,국악과(학부/서울),2019/1 ~ 2030/2,2020,2,2025,2,7,4,1,outputs/pdfs_full/국악과__KTM4089__민요실습2.pdf,ok
KTM4090,정악합주8,H0002741,국악과,국악과(학부/서울),2019/1 ~ 2026/2,2022,2,2025,2,8,4,1,outputs/pdfs_full/국악과__KTM4090__정악합주8.pdf,ok
KTM4091,국악관현실습4,H0002741,국악과,국악과(학부/서울),2022/1 ~ 2029/2,2022,2,2025,2,10,4,1,outputs/pdfs_full/국악과__KTM4091__국악관현실습4.pdf,ok
KTM4092,민속악창작연구,H0002741,국악과,국악과(학부/서울),2023/1 ~ 2026/2,2024,1,2026,1,8,3,1,outputs/pdfs_full/국악과__KTM4092__민속악창작연구.pdf,ok
KTM5003,국악관현악7,H0002741,국악과,국악과(학부/서울),2012/1 ~ 2018/2,2014,1,2018,1,17,5,1,outputs/pdfs_full/국악과__KTM5003__국악관현악7.pdf,ok
KTM5004,국악관현악8,H0002741,국악과,국악과(학부/서울),2012/1 ~ 2018/2,2014,2,2018,2,20,5,1,outputs/pdfs_full/국악과__KTM5004__국악관현악8.pdf,ok
LAW1003,소비자보호법,H0003542,법학과,법학과(학부/서울),2008/1 ~ 2016/2,2012,1,2016,1,24,5,2,outputs/pdfs_full/법학과__LAW1003__소비자보호법.pdf,ok
LAW1053,헌법1,H0002836,행정학전공,행정학전공(학부/서울),2003/1 ~ 2005/2,2010,2,2014,2,34,5,4,outputs/pdfs_full/행정학전공__LAW1053__헌법1.pdf,ok
LAW1054,헌법2,H0003542,법학과,법학과(학부/서울),1990/1 ~ 2016/2,2011,1,2016,1,25,5,2,outputs/pdfs_full/법학과__LAW1054__헌법2.pdf,ok
LAW1059,법학개론,H0002834,사회과학부,사회과학부(학부/서울),2007/1 ~ 2013/2,2014,1,2015,1,7,2,2,outputs/pdfs_full/사회과학부__LAW1059__법학개론.pdf,ok
LAW2001,민법총칙,H0003542,법학과,법학과(학부/서울),1989/1 ~ 2014/2,2010,2,2014,2,31,5,2,outputs/pdfs_full/법학과__LAW2001__민법총칙.pdf,ok
LAW2002,상법총론,H0003542,법학과,법학과(학부/서울),1990/1 ~ 2016/2,2011,1,2015,1,22,5,1,outputs/pdfs_full/법학과__LAW2002__상법총론.pdf,ok
LAW2003,형법총론,H0003542,법학과,법학과(학부/서울),2002/1 ~ 2016/2,2011,1,2015,1,33,5,1,outputs/pdfs_full/법학과__LAW2003__형법총론.pdf,ok
LAW2004,행정법1,H0002836,행정학전공,행정학전공(학부/서울),2003/1 ~ 2010/2,2011,1,2016,1,30,5,2,outputs/pdfs_full/행정학전공__LAW2004__행정법1.pdf,ok
LAW2005,행정법2,H0003542,법학과,법학과(학부/서울),1990/1 ~ 2016/2,2011,2,2016,2,24,5,1,outputs/pdfs_full/법학과__LAW2005__행정법2.pdf,ok
LAW2006,물권법,H0003542,법학과,법학과(학부/서울),2002/1 ~ 2016/2,2010,1,2014,1,34,5,1,outputs/pdfs_full/법학과__LAW2006__물권법.pdf,ok
LAW2007,형법각론,H0003542,법학과,법학과(학부/서울),1990/1 ~ 2016/2,2011,2,2015,2,29,5,1,outputs/pdfs_full/법학과__LAW2007__형법각론.pdf,ok
LAW2008,회사법,H0003542,법학과,법학과(학부/서울),1990/1 ~ 2016/2,2012,2,2016,2,24,5,1,outputs/pdfs_full/법학과__LAW2008__회사법.pdf,ok
LAW2010,영미법,H0003542,법학과,법학과(학부/서울),1990/1 ~ 2016/2,2010,1,2014,1,19,5,1,outputs/pdfs_full/법학과__LAW2010__영미법.pdf,ok
LAW2011,법제사,H0003542,법학과,법학과(학부/서울),2002/1 ~ 2016/2,2009,1,2013,1,21,5,2,outputs/pdfs_full/법학과__LAW2011__법제사.pdf,ok
LAW2012,형사정책,H0003542,법학과,법학과(학부/서울),1990/1 ~ 2016/2,2011,1,2015,1,21,5,1,outputs/pdfs_full/법학과__LAW2012__형사정책.pdf,ok
LAW2025,채권법총론,H0003542,법학과,법학과(학부/서울),1990/1 ~ 2016/2,2012,2,2016,2,29,5,1,outputs/pdfs_full/법학과__LAW2025__채권법총론.pdf,ok
LAW2028,독일법,H0003542,법학과,법학과(학부/서울),1990/1 ~ 2016/2,2006,2,2010,2,29,5,1,outputs/pdfs_full/법학과__LAW2028__독일법.pdf,ok
LAW2067,헌법특강1,H0003542,법학과,법학과(학부/서울),2003/1 ~ 2016/2,2010,1,2014,1,20,5,1,outputs/pdfs_full/법학과__LAW2067__헌법특강1.pdf,ok
LAW2068,헌법특강2,H0003542,법학과,법학과(학부/서울),2003/1 ~ 2016/2,2010,2,2014,2,21,5,1,outputs/pdfs_full/법학과__LAW2068__헌법특강2.pdf,ok
LAW2069,법경제학,H0003542,법학과,법학과(학부/서울),2008/1 ~ 2016/2,2008,2,2011,2,23,4,1,outputs/pdfs_full/법학과__LAW2069__법경제학.pdf,ok
LAW2070,법률문장론,H0003542,법학과,법학과(학부/서울),2008/1 ~ 2016/2,2008,2,2009,2,10,2,1,outputs/pdfs_full/법학과__LAW2070__법률문장론.pdf,ok
LAW3001,국제법1,H0003542,법학과,법학과(학부/서울),1991/1 ~ 2016/2,2011,1,2015,1,25,5,1,outputs/pdfs_full/법학과__LAW3001__국제법1.pdf,ok
LAW3002,국제법2,H0003542,법학과,법학과(학부/서울),1991/1 ~ 2016/2,2011,2,2015,2,21,5,1,outputs/pdfs_full/법학과__LAW3002__국제법2.pdf,ok
LAW3003,어음수표법,H0003542,법학과,법학과(학부/서울),1991/1 ~ 2016/2,2010,1,2014,1,28,5,1,outputs/pdfs_full/법학과__LAW3003__어음수표법.pdf,ok
LAW3006,친족상속법,H0003542,법학과,법학과(학부/서울),1991/1 ~ 2016/2,2012,2,2016,2,18,5,1,outputs/pdfs_full/법학과__LAW3006__친족상속법.pdf,ok
LAW3008,법사상사,H0003542,법학과,법학과(학부/서울),1990/1 ~ 2016/2,2008,2,2012,2,31,5,2,outputs/pdfs_full/법학과__LAW3008__법사상사.pdf,ok
LAW3015,국제법,H0003663,정치외교학과,정치외교학과,2012/1 ~ 2030/2,2022,2,2025,2,14,4,3,outputs/pdfs_full/정치외교학과__LAW3015__국제법.pdf,ok
LAW3016,채권법각론,H0003542,법학과,법학과(학부/서울),1991/1 ~ 2016/2,2011,1,2016,1,24,5,1,outputs/pdfs_full/법학과__LAW3016__채권법각론.pdf,ok
LAW3017,형사소송법1,H0003542,법학과,법학과(학부/서울),1991/1 ~ 2016/2,2011,2,2015,2,35,5,1,outputs/pdfs_full/법학과__LAW3017__형사소송법1.pdf,ok
LAW3018,형사소송법2,H0003542,법학과,법학과(학부/서울),1992/1 ~ 2016/2,2010,1,2014,1,28,5,1,outputs/pdfs_full/법학과__LAW3018__형사소송법2.pdf,ok
LAW3019,민사소송법1,H0003542,법학과,법학과(학부/서울),1991/1 ~ 2016/2,2012,2,2016,2,27,5,1,outputs/pdfs_full/법학과__LAW3019__민사소송법1.pdf,ok
LAW3020,민사소송법2,H0003542,법학과,법학과(학부/서울),1992/1 ~ 2016/2,2012,1,2016,1,24,5,1,outputs/pdfs_full/법학과__LAW3020__민사소송법2.pdf,ok
LAW3021,행정구제법,H0003542,법학과,법학과(학부/서울),1991/1 ~ 2016/2,2009,1,2013,1,29,5,1,outputs/pdfs_full/법학과__LAW3021__행정구제법.pdf,ok
LAW3024,법과정치,H0003663,정치외교학과,정치외교학과,2011/1 ~ 2029/2,2022,2,2025,2,16,4,3,outputs/pdfs_full/정치외교학과__LAW3024__법과정치.pdf,ok
LAW3026,노동법1,H0003542,법학과,법학과(학부/서울),2003/1 ~ 2016/2,2011,1,2015,1,27,5,1,outputs/pdfs_full/법학과__LAW3026__노동법1.pdf,ok
LAW3028,보험.해상법,H0003542,법학과,법학과(학부/서울),2003/1 ~ 2016/2,2010,2,2015,2,26,5,1,outputs/pdfs_full/법학과__LAW3028__보험.해상법.pdf,ok
LAW3029,노동법2,H0003542,법학과,법학과(학부/서울),2003/1 ~ 2016/2,2010,2,2014,2,26,5,1,outputs/pdfs_full/법학과__LAW3029__노동법2.pdf,ok
LAW3061,민법특강1,H0003542,법학과,법학과(학부/서울),2003/1 ~ 2016/2,2010,1,2014,1,24,5,2,outputs/pdfs_full/법학과__LAW3061__민법특강1.pdf,ok
LAW3062,민법특강2,H0003542,법학과,법학과(학부/서울),2003/1 ~ 2016/2,2010,2,2014,2,28,5,2,outputs/pdfs_full/법학과__LAW3062__민법특강2.pdf,ok
LAW3063,형법특강1,H0003542,법학과,법학과(학부/서울),2003/1 ~ 2016/2,2010,1,2015,1,27,5,1,outputs/pdfs_full/법학과__LAW3063__형법특강1.pdf,ok
LAW3064,형법특강2,H0003542,법학과,법학과(학부/서울),2003/1 ~ 2016/2,2010,2,2014,2,29,5,1,outputs/pdfs_full/법학과__LAW3064__형법특강2.pdf,ok
LAW3065,중국법개론,H0003542,법학과,법학과(학부/서울),2007/1 ~ 2016/2,2007,2,2008,2,10,2,1,outputs/pdfs_full/법학과__LAW3065__중국법개론.pdf,ok
LAW4001,민법세미나,H0003542,법학과,법학과(학부/서울),1992/1 ~ 2016/2,2010,2,2015,2,18,5,1,outputs/pdfs_full/법학과__LAW4001__민법세미나.pdf,ok
LAW4002,헌법세미나,H0003542,법학과,법학과(학부/서울),1992/1 ~ 2016/2,2008,2,2016,2,17,5,1,outputs/pdfs_full/법학과__LAW4002__헌법세미나.pdf,ok
LAW4003,형법세미나,H0003542,법학과,법학과(학부/서울),1992/1 ~ 2016/2,2006,2,2011,2,16,5,1,outputs/pdfs_full/법학과__LAW4003__형법세미나.pdf,ok
LAW4005,법철학,H0002815,철학과,철학(학부/서울),2019/1 ~ 2030/2,2022,1,2026,1,14,5,3,outputs/pdfs_full/철학과__LAW4005__법철학.pdf,ok
LAW4008,국제사법,H0003542,법학과,법학과(학부/서울),1991/1 ~ 2016/2,2009,2,2013,2,22,5,1,outputs/pdfs_full/법학과__LAW4008__국제사법.pdf,ok
LAW4009,국제법세미나,H0003542,법학과,법학과(학부/서울),1992/1 ~ 2016/2,2003,2,2008,2,19,5,1,outputs/pdfs_full/법학과__LAW4009__국제법세미나.pdf,ok
LAW4011,상법세미나,H0003542,법학과,법학과(학부/서울),1992/1 ~ 2016/2,2008,1,2012,1,20,5,1,outputs/pdfs_full/법학과__LAW4011__상법세미나.pdf,ok
LAW4012,행정법세미나,H0003542,법학과,법학과(학부/서울),1992/1 ~ 2016/2,2010,2,2015,2,15,5,1,outputs/pdfs_full/법학과__LAW4012__행정법세미나.pdf,ok
LAW4014,환경법,H0003542,법학과,법학과(학부/서울),1991/1 ~ 2016/2,2011,1,2015,1,28,5,1,outputs/pdfs_full/법학과__LAW4014__환경법.pdf,ok
LAW4015,경제법,H0003542,법학과,법학과(학부/서울),1992/1 ~ 2016/2,2011,2,2015,2,26,5,1,outputs/pdfs_full/법학과__LAW4015__경제법.pdf,ok
LAW4016,법사회학,H0003664,사회학과,사회학과,2011/1 ~ 2017/2,2009,1,2017,1,22,5,4,outputs/pdfs_full/사회학과__LAW4016__법사회학.pdf,ok
LAW4018,국제경제법,H0003542,법학과,법학과(학부/서울),1992/1 ~ 2016/2,2010,1,2014,1,26,5,1,outputs/pdfs_full/법학과__LAW4018__국제경제법.pdf,ok
LAW4019,사회보장법,H0003542,법학과,법학과(학부/서울),1992/1 ~ 2016/2,2011,2,2015,2,23,5,1,outputs/pdfs_full/법학과__LAW4019__사회보장법.pdf,ok
LAW4023,금융증권법,H0003542,법학과,법학과(학부/서울),1996/1 ~ 2016/2,2007,2,2011,2,30,5,1,outputs/pdfs_full/법학과__LAW4023__금융증권법.pdf,ok
LAW4024,헌법중점강의,H0003542,법학과,법학과(학부/서울),2004/1 ~ 2016/2,2010,1,2014,1,22,5,1,outputs/pdfs_full/법학과__LAW4024__헌법중점강의.pdf,ok
LAW4025,민법중점강의,H0003542,법학과,법학과(학부/서울),2004/1 ~ 2016/2,2009,1,2013,1,27,5,1,outputs/pdfs_full/법학과__LAW4025__민법중점강의.pdf,ok
LAW4026,법률상담론,H0003542,법학과,법학과(학부/서울),2004/1 ~ 2016/2,2008,1,2012,1,22,5,1,outputs/pdfs_full/법학과__LAW4026__법률상담론.pdf,ok
LAW4027,국제거래법세미나,H0003542,법학과,법학과(학부/서울),2004/1 ~ 2016/2,2004,1,2006,1,11,2,1,outputs/pdfs_full/법학과__LAW4027__국제거래법세미나.pdf,ok
LAW4028,법률실무론,H0003542,법학과,법학과(학부/서울),2004/1 ~ 2016/2,2007,2,2013,2,19,5,1,outputs/pdfs_full/법학과__LAW4028__법률실무론.pdf,ok
LAW4029,환경법세미나,H0003542,법학과,법학과(학부/서울),2004/1 ~ 2016/2,2005,2,2012,2,18,4,1,outputs/pdfs_full/법학과__LAW4029__환경법세미나.pdf,ok
LAW4030,국제지적재산법,H0003542,법학과,법학과(학부/서울),2008/1 ~ 2016/2,2008,2,2009,2,6,2,1,outputs/pdfs_full/법학과__LAW4030__국제지적재산법.pdf,ok
LAW4055,국제환경법,H0003542,법학과,법학과(학부/서울),1999/1 ~ 2016/2,2010,2,2014,2,31,5,1,outputs/pdfs_full/법학과__LAW4055__국제환경법.pdf,ok
LAW4056,기업법실무,H0003542,법학과,법학과(학부/서울),2000/1 ~ 2016/2,2008,2,2012,2,21,5,1,outputs/pdfs_full/법학과__LAW4056__기업법실무.pdf,ok
LAW4058,저작권법,H0003542,법학과,법학과(학부/서울),2000/1 ~ 2016/2,2010,2,2014,2,25,5,1,outputs/pdfs_full/법학과__LAW4058__저작권법.pdf,ok
LAW4059,도산법,H0003542,법학과,법학과(학부/서울),2000/1 ~ 2016/2,2007,2,2016,2,20,5,1,outputs/pdfs_full/법학과__LAW4059__도산법.pdf,ok
LAW4060,민사소송법세미나,H0003542,법학과,법학과(학부/서울),1996/1 ~ 2016/2,2009,1,2015,1,19,5,1,outputs/pdfs_full/법학과__LAW4060__민사소송법세미나.pdf,ok
LAW4065,인권법개론,H0003542,법학과,법학과(학부/서울),2007/1 ~ 2016/2,2010,2,2015,2,25,5,1,outputs/pdfs_full/법학과__LAW4065__인권법개론.pdf,ok
LAW4066,경제법세미나,H0003542,법학과,법학과(학부/서울),2008/1 ~ 2016/2,2010,1,2014,1,26,5,1,outputs/pdfs_full/법학과__LAW4066__경제법세미나.pdf,ok
LAW4067,조세법세미나,H0003542,법학과,법학과(학부/서울),2008/1 ~ 2016/2,2009,1,2013,1,22,5,1,outputs/pdfs_full/법학과__LAW4067__조세법세미나.pdf,ok
LAW4068,지적재산법세미나,H0003542,법학과,법학과(학부/서울),2008/1 ~ 2016/2,2008,1,2011,1,18,4,1,outputs/pdfs_full/법학과__LAW4068__지적재산법세미나.pdf,ok
LAW4069,영미사법입문,H0003542,법학과,법학과(학부/서울),2009/1 ~ 2016/2,2012,2,2016,2,33,5,1,outputs/pdfs_full/법학과__LAW4069__영미사법입문.pdf,ok
LIF1001,생명과학캡스톤연구실험1,H0003563,생명과학과,생명과학과,2020/1 ~ 2023/2,2022,2,2023,2,3,2,1,outputs/pdfs_full/생명과학과__LIF1001__생명과학캡스톤연구실험1.pdf,ok
LIF2001,식물학개론,H0003563,생명과학과,생명과학과,2014/1 ~ 2016/2,2014,1,2016,1,16,3,1,outputs/pdfs_full/생명과학과__LIF2001__식물학개론.pdf,ok
LIF2002,생명과학야외실습,H0003563,생명과학과,생명과학과,2014/1 ~ 2028/2,2022,1,2026,1,12,5,1,outputs/pdfs_full/생명과학과__LIF2002__생명과학야외실습.pdf,ok
LIF2003,식물생리학실험1,H0003563,생명과학과,생명과학과,2014/1 ~ 2016/2,2014,2,2016,2,6,2,1,outputs/pdfs_full/생명과학과__LIF2003__식물생리학실험1.pdf,ok
LIF2004,식물생리학1,H0003563,생명과학과,생명과학과,2014/1 ~ 2016/2,2014,2,2016,2,15,3,1,outputs/pdfs_full/생명과학과__LIF2004__식물생리학1.pdf,ok
LIF2005,무척추생물학,H0003563,생명과학과,생명과학과,2014/1 ~ 2016/2,2014,2,2015,2,14,2,1,outputs/pdfs_full/생명과학과__LIF2005__무척추생물학.pdf,ok
LIF2006,미생물학실험,H0003563,생명과학과,생명과학과,2014/1 ~ 2020/2,2015,2,2019,2,14,5,1,outputs/pdfs_full/생명과학과__LIF2006__미생물학실험.pdf,ok
LIF2011,해부조직학,H0003563,생명과학과,생명과학과,2014/1 ~ 2016/2,2012,1,2016,2,30,5,1,outputs/pdfs_full/생명과학과__LIF2011__해부조직학.pdf,ok
LIF2021,해부조직학실험,H0003563,생명과학과,생명과학과,2014/1 ~ 2016/2,2012,1,2016,2,17,5,1,outputs/pdfs_full/생명과학과__LIF2021__해부조직학실험.pdf,ok
LIF2022,분자생명과학실험,H0003563,생명과학과,생명과학과,2017/1 ~ 2029/2,2021,2,2026,1,20,5,1,outputs/pdfs_full/생명과학과__LIF2022__분자생명과학실험.pdf,ok
LIF2023,생태환경과학실험,H0003563,생명과학과,생명과학과,2017/1 ~ 2028/2,2022,2,2025,2,10,4,1,outputs/pdfs_full/생명과학과__LIF2023__생태환경과학실험.pdf,ok
LIF2024,식물학,H0003563,생명과학과,생명과학과,2017/1 ~ 2028/2,2021,1,2025,1,32,5,1,outputs/pdfs_full/생명과학과__LIF2024__식물학.pdf,ok
LIF2025,동물의다양성및실험,H0003563,생명과학과,생명과학과,2017/1 ~ 2025/2,2021,1,2025,1,27,5,1,outputs/pdfs_full/생명과학과__LIF2025__동물의다양성및실험.pdf,ok
LIF2026,생명과학연구개론,H0003563,생명과학과,생명과학과,2018/1 ~ 2027/2,2022,2,2025,2,4,4,1,outputs/pdfs_full/생명과학과__LIF2026__생명과학연구개론.pdf,ok
LIF2027,기초분자생물학,H0003563,생명과학과,생명과학과,2018/1 ~ 2020/2,2018,1,2020,1,20,3,1,outputs/pdfs_full/생명과학과__LIF2027__기초분자생물학.pdf,ok
LIF2028,미생물학및세포생물학실험,H0003563,생명과학과,생명과학과,2021/1 ~ 2025/2,2022,1,2025,2,13,4,1,outputs/pdfs_full/생명과학과__LIF2028__미생물학및세포생물학실험.pdf,ok
LIF3001,생명과학야외실습2,H0003563,생명과학과,생명과학과,2015/1 ~ 2029/2,2021,1,2025,1,8,5,1,outputs/pdfs_full/생명과학과__LIF3001__생명과학야외실습2.pdf,ok
LIF3002,현대생물학실험,H0003563,생명과학과,생명과학과,2015/1 ~ 2017/2,2015,1,2017,1,9,3,1,outputs/pdfs_full/생명과학과__LIF3002__현대생물학실험.pdf,ok
LIF3003,식물생리학실험2,H0003563,생명과학과,생명과학과,2015/1 ~ 2017/2,2015,1,2017,1,13,3,1,outputs/pdfs_full/생명과학과__LIF3003__식물생리학실험2.pdf,ok
LIF3004,식물생리학2,H0003563,생명과학과,생명과학과,2015/1 ~ 2017/2,2015,1,2017,1,20,3,1,outputs/pdfs_full/생명과학과__LIF3004__식물생리학2.pdf,ok
LIF3005,생물지리학,H0003563,생명과학과,생명과학과,2015/1 ~ 2017/2,2015,2,2017,2,17,3,1,outputs/pdfs_full/생명과학과__LIF3005__생물지리학.pdf,ok
LIF3006,수서생태학및실험,H0003563,생명과학과,생명과학과,2015/1 ~ 2017/2,2015,2,2017,2,16,3,1,outputs/pdfs_full/생명과학과__LIF3006__수서생태학및실험.pdf,ok
LIF3007,나노생명과학,H0003563,생명과학과,생명과학과,2015/1 ~ 2030/2,2021,1,2025,1,32,5,1,outputs/pdfs_full/생명과학과__LIF3007__나노생명과학.pdf,ok
LIF3008,면역학1,H0003563,생명과학과,생명과학과,2015/1 ~ 2029/2,2021,1,2025,1,28,4,1,outputs/pdfs_full/생명과학과__LIF3008__면역학1.pdf,ok
LIF3009,식물생명공학,H0003563,생명과학과,생명과학과,2015/1 ~ 2017/2,2017,2,2017,2,5,1,1,outputs/pdfs_full/생명과학과__LIF3009__식물생명공학.pdf,ok
LIF3013,생명과학심화연구캡스톤디자인1,H0003563,생명과학과,생명과학과,2016/1 ~ 2022/2,2013,1,2018,1,13,5,1,outputs/pdfs_full/생명과학과__LIF3013__생명과학심화연구캡스톤디자인1.pdf,ok
LIF3014,생명과학심화연구캡스톤디자인2,H0003563,생명과학과,생명과학과,2016/1 ~ 2018/2,2013,2,2018,2,11,5,1,outputs/pdfs_full/생명과학과__LIF3014__생명과학심화연구캡스톤디자인2.pdf,ok
LIF3015,전산생물학,H0003563,생명과학과,생명과학과,2015/1 ~ 2017/2,2016,1,2017,1,12,2,1,outputs/pdfs_full/생명과학과__LIF3015__전산생물학.pdf,ok
LIF3016,분자신경생물학,H0003563,생명과학과,생명과학과,2015/1 ~ 2017/2,2015,1,2016,1,13,2,1,outputs/pdfs_full/생명과학과__LIF3016__분자신경생물학.pdf,ok
LIF3017,생리및발생학실험,H0003563,생명과학과,생명과학과,2018/1 ~ 2021/2,2018,1,2021,1,17,4,1,outputs/pdfs_full/생명과학과__LIF3017__생리및발생학실험.pdf,ok
LIF3018,생명과학연구실험1,H0003563,생명과학과,생명과학과,2018/1 ~ 2021/2,2018,1,2021,1,10,4,1,outputs/pdfs_full/생명과학과__LIF3018__생명과학연구실험1.pdf,ok
LIF3019,면역학2및실험,H0003563,생명과학과,생명과학과,2018/1 ~ 2030/2,2019,2,2025,2,14,5,1,outputs/pdfs_full/생명과학과__LIF3019__면역학2및실험.pdf,ok
LIF3020,식물생리학실험,H0003563,생명과학과,생명과학과,2019/2 ~ 2021/2,2019,2,2021,2,13,3,1,outputs/pdfs_full/생명과학과__LIF3020__식물생리학실험.pdf,ok
LIF3021,동식물생리학실험,H0003563,생명과학과,생명과학과,2022/1 ~ 2029/2,2022,2,2025,2,23,4,1,outputs/pdfs_full/생명과학과__LIF3021__동식물생리학실험.pdf,ok
LIF3022,생명과학캡스톤연구실험2,H0003563,생명과학과,생명과학과,2022/1 ~ 2025/2,2022,2,2024,2,6,3,1,outputs/pdfs_full/생명과학과__LIF3022__생명과학캡스톤연구실험2.pdf,ok
LIF4001,바이오기술,H0003563,생명과학과,생명과학과,2016/1 ~ 2030/2,2021,2,2025,2,27,5,1,outputs/pdfs_full/생명과학과__LIF4001__바이오기술.pdf,ok
LIF4002,인체질병학개론,H0003563,생명과학과,생명과학과,2016/1 ~ 2018/2,2016,1,2018,1,13,2,1,outputs/pdfs_full/생명과학과__LIF4002__인체질병학개론.pdf,ok
LIF4003,생명과학야외실습3,H0003563,생명과학과,생명과학과,2016/1 ~ 2030/2,2021,1,2025,1,10,5,1,outputs/pdfs_full/생명과학과__LIF4003__생명과학야외실습3.pdf,ok
LIF4004,식물스트레스학,H0003563,생명과학과,생명과학과,2016/1 ~ 2018/2,,,,,0,0,1,outputs/pdfs_full/생명과학과__LIF4004__식물스트레스학.pdf,not_found
LIF4011,생명과학세미나1,H0003563,생명과학과,생명과학과,2016/1 ~ 2030/2,2022,1,2026,1,21,5,1,outputs/pdfs_full/생명과학과__LIF4011__생명과학세미나1.pdf,ok
LIF4012,생명과학세미나2,H0003563,생명과학과,생명과학과,2016/1 ~ 2030/2,2022,2,2025,2,14,4,1,outputs/pdfs_full/생명과학과__LIF4012__생명과학세미나2.pdf,ok
LIF4013,식물기능유전체학,H0003563,생명과학과,생명과학과,2016/1 ~ 2030/2,2021,1,2025,1,30,5,1,outputs/pdfs_full/생명과학과__LIF4013__식물기능유전체학.pdf,ok
LIF4014,면역학2,H0003563,생명과학과,생명과학과,2016/1 ~ 2021/2,2016,1,2018,1,16,3,1,outputs/pdfs_full/생명과학과__LIF4014__면역학2.pdf,ok
LIF4015,시스템생물정보학,H0003563,생명과학과,생명과학과,2019/1 ~ 2022/2,2020,1,2022,1,14,3,1,outputs/pdfs_full/생명과학과__LIF4015__시스템생물정보학.pdf,ok
LIF4016,조류생물학,H0003563,생명과학과,생명과학과,2019/1 ~ 2022/2,2019,1,2022,1,12,4,1,outputs/pdfs_full/생명과학과__LIF4016__조류생물학.pdf,ok
LIF4017,생명과학연구실험2,H0003563,생명과학과,생명과학과,2019/1 ~ 2021/2,2019,1,2019,1,3,1,1,outputs/pdfs_full/생명과학과__LIF4017__생명과학연구실험2.pdf,ok
LIF4018,캡스톤논문연구1,H0003563,생명과학과,생명과학과,2019/1 ~ 2019/2,2019,1,2019,1,1,1,1,outputs/pdfs_full/생명과학과__LIF4018__캡스톤논문연구1.pdf,ok
LIF4019,단백질구조생물학,H0003563,생명과학과,생명과학과,2019/2 ~ 2022/2,2019,2,2022,2,26,4,1,outputs/pdfs_full/생명과학과__LIF4019__단백질구조생물학.pdf,ok
MAT1003,행렬과기하,H0003560,수학과,수학과,2024/1 ~ 2027/2,2024,1,2026,1,20,3,1,outputs/pdfs_full/수학과__MAT1003__행렬과기하.pdf,ok
MAT2001,미분방정식1,H0003560,수학과,수학과,2014/1 ~ 2016/2,2012,1,2016,1,32,5,2,outputs/pdfs_full/수학과__MAT2001__미분방정식1.pdf,ok
MAT2002,미분방정식2,H0003560,수학과,수학과,2014/1 ~ 2016/2,2012,2,2016,2,37,5,2,outputs/pdfs_full/수학과__MAT2002__미분방정식2.pdf,ok
MAT2003,선형대수,H0002575,융합전자공학부,융합전자공학부,2012/1 ~ 2028/2,2024,2,2026,1,37,4,11,outputs/pdfs_full/융합전자공학부__MAT2003__선형대수.pdf,ok
MAT2004,집합론,H0002725,수학교육과,수학교육과,2007/1 ~ 2015/2,2011,1,2015,1,29,5,2,outputs/pdfs_full/수학교육과__MAT2004__집합론.pdf,ok
MAT2006,정수론,H0003560,수학과,수학과,2017/1 ~ 2027/2,2024,2,2026,1,23,4,2,outputs/pdfs_full/수학과__MAT2006__정수론.pdf,ok
MAT2009,미분방정식,H0003560,수학과,수학과,2017/1 ~ 2028/2,2022,1,2025,2,23,4,2,outputs/pdfs_full/수학과__MAT2009__미분방정식.pdf,ok
MAT2015,고등미적분학1,H0003560,수학과,수학과,2014/1 ~ 2028/2,2022,1,2026,1,39,5,1,outputs/pdfs_full/수학과__MAT2015__고등미적분학1.pdf,ok
MAT2016,고등미적분학2,H0003560,수학과,수학과,2014/1 ~ 2028/2,2022,2,2025,2,28,4,1,outputs/pdfs_full/수학과__MAT2016__고등미적분학2.pdf,ok
MAT2017,확률통계론,H0002521,건축공학부,건축공학부(학부/서울),2006/1 ~ 2030/2,2024,2,2026,1,35,4,17,outputs/pdfs_full/건축공학부__MAT2017__확률통계론.pdf,ok
MAT2020,이산수학,H0002518,소프트웨어전공,소프트웨어전공,2012/1 ~ 2019/2,2024,2,2026,1,30,4,7,outputs/pdfs_full/소프트웨어전공__MAT2020__이산수학.pdf,ok
MAT2021,전산통계,H0003560,수학과,수학과,2014/1 ~ 2024/2,2020,2,2024,2,33,5,1,outputs/pdfs_full/수학과__MAT2021__전산통계.pdf,ok
MAT2022,통계학의원리,H0003560,수학과,수학과,2014/1 ~ 2028/2,2022,1,2026,1,31,5,1,outputs/pdfs_full/수학과__MAT2022__통계학의원리.pdf,ok
MAT2023,선형대수1,H0003560,수학과,수학과,2014/1 ~ 2028/2,2022,1,2026,1,40,5,3,outputs/pdfs_full/수학과__MAT2023__선형대수1.pdf,ok
MAT2024,선형대수2,H0003560,수학과,수학과,2014/1 ~ 2028/2,2022,2,2025,2,31,4,3,outputs/pdfs_full/수학과__MAT2024__선형대수2.pdf,ok
MAT2031,수학적알고리듬,H0003560,수학과,수학과,2025/1 ~ 2028/2,2025,1,2026,1,11,2,1,outputs/pdfs_full/수학과__MAT2031__수학적알고리듬.pdf,ok
MAT2032,조합수학,H0003560,수학과,수학과,2025/1 ~ 2028/2,2025,1,2026,1,12,2,1,outputs/pdfs_full/수학과__MAT2032__조합수학.pdf,ok
MAT2033,통계자료분석방법론,H0003560,수학과,수학과,2025/1 ~ 2028/2,2025,2,2025,2,6,1,1,outputs/pdfs_full/수학과__MAT2033__통계자료분석방법론.pdf,ok
MAT2034,계산수론,H0003560,수학과,수학과,2025/1 ~ 2028/2,2025,2,2025,2,5,1,1,outputs/pdfs_full/수학과__MAT2034__계산수론.pdf,ok
MAT2066,해석학1,H0003560,수학과,수학과,2015/1 ~ 2017/2,2013,1,2017,1,32,5,2,outputs/pdfs_full/수학과__MAT2066__해석학1.pdf,ok
MAT2067,해석학2,H0003560,수학과,수학과,2015/1 ~ 2017/2,2013,2,2017,2,31,5,2,outputs/pdfs_full/수학과__MAT2067__해석학2.pdf,ok
MAT2068,수학사와수학교육사,H0002725,수학교육과,수학교육과,2007/1 ~ 2027/2,2022,2,2025,2,20,4,1,outputs/pdfs_full/수학교육과__MAT2068__수학사와수학교육사.pdf,ok
MAT2069,수학교육과컴퓨터,H0002725,수학교육과,수학교육과,2008/1 ~ 2026/1,2011,2,2015,2,24,5,1,outputs/pdfs_full/수학교육과__MAT2069__수학교육과컴퓨터.pdf,ok
MAT2072,해석학연습1,H0002725,수학교육과,수학교육과,2014/1 ~ 2016/2,2014,1,2015,1,15,2,1,outputs/pdfs_full/수학교육과__MAT2072__해석학연습1.pdf,ok
MAT2073,해석학개론1,H0002725,수학교육과,수학교육과,2014/1 ~ 2028/2,2022,1,2026,1,30,5,1,outputs/pdfs_full/수학교육과__MAT2073__해석학개론1.pdf,ok
MAT2074,미분기하학,H0002725,수학교육과,수학교육과,2014/1 ~ 2017/2,2014,2,2017,2,28,4,1,outputs/pdfs_full/수학교육과__MAT2074__미분기하학.pdf,ok
MAT2075,해석학연습2,H0002725,수학교육과,수학교육과,2014/1 ~ 2016/2,2014,2,2015,2,16,2,1,outputs/pdfs_full/수학교육과__MAT2075__해석학연습2.pdf,ok
MAT2076,해석학개론2,H0002725,수학교육과,수학교육과,2014/1 ~ 2028/2,2022,2,2025,2,22,4,1,outputs/pdfs_full/수학교육과__MAT2076__해석학개론2.pdf,ok
MAT3001,현대대수1,H0003560,수학과,수학과,2015/1 ~ 2029/2,2022,1,2026,1,34,5,2,outputs/pdfs_full/수학과__MAT3001__현대대수1.pdf,ok
MAT3002,현대대수2,H0003560,수학과,수학과,2015/1 ~ 2029/2,2022,2,2025,2,25,4,2,outputs/pdfs_full/수학과__MAT3002__현대대수2.pdf,ok
MAT3004,위상수학1,H0003560,수학과,수학과,2015/1 ~ 2029/2,2022,1,2026,1,37,5,2,outputs/pdfs_full/수학과__MAT3004__위상수학1.pdf,ok
MAT3008,수치해석,H0002521,건축공학부,건축공학부(학부/서울),2007/1 ~ 2030/2,2024,2,2026,1,34,4,15,outputs/pdfs_full/건축공학부__MAT3008__수치해석.pdf,ok
MAT3011,기하학,H0003560,수학과,수학과,2016/1 ~ 2026/2,2017,1,2024,2,27,5,1,outputs/pdfs_full/수학과__MAT3011__기하학.pdf,ok
MAT3018,수리계획법,H0003560,수학과,수학과,2015/1 ~ 2025/2,2020,2,2024,2,30,5,1,outputs/pdfs_full/수학과__MAT3018__수리계획법.pdf,ok
MAT3022,수리통계학1,H0003560,수학과,수학과,2015/1 ~ 2029/2,2022,1,2026,1,36,5,1,outputs/pdfs_full/수학과__MAT3022__수리통계학1.pdf,ok
MAT3023,수리통계학2,H0003560,수학과,수학과,2015/1 ~ 2029/2,2022,2,2025,2,26,4,1,outputs/pdfs_full/수학과__MAT3023__수리통계학2.pdf,ok
MAT3024,기하학개론,H0002725,수학교육과,수학교육과,2008/1 ~ 2017/2,2012,1,2017,1,25,5,1,outputs/pdfs_full/수학교육과__MAT3024__기하학개론.pdf,ok
MAT3025,복소함수론1,H0002725,수학교육과,수학교육과,2009/1 ~ 2029/2,2022,2,2025,2,22,4,1,outputs/pdfs_full/수학교육과__MAT3025__복소함수론1.pdf,ok
MAT3026,복소함수론2,H0002725,수학교육과,수학교육과,2009/1 ~ 2030/2,2022,1,2026,1,19,5,1,outputs/pdfs_full/수학교육과__MAT3026__복소함수론2.pdf,ok
MAT3027,복소수해석학1,H0003560,수학과,수학과,2015/1 ~ 2029/2,2022,1,2026,1,28,5,1,outputs/pdfs_full/수학과__MAT3027__복소수해석학1.pdf,ok
MAT3028,복소수해석학2,H0003560,수학과,수학과,2015/1 ~ 2029/2,2022,2,2025,2,21,4,1,outputs/pdfs_full/수학과__MAT3028__복소수해석학2.pdf,ok
MAT3038,행렬계산론,H0003560,수학과,수학과,2026/1 ~ 2029/2,2026,1,2026,1,6,1,1,outputs/pdfs_full/수학과__MAT3038__행렬계산론.pdf,ok
MAT3039,수치해석학,H0003560,수학과,수학과,2026/1 ~ 2029/2,,,,,0,0,1,outputs/pdfs_full/수학과__MAT3039__수치해석학.pdf,not_found
MAT3051,수치해석1,H0003560,수학과,수학과,2015/1 ~ 2025/2,2021,1,2025,1,33,5,2,outputs/pdfs_full/수학과__MAT3051__수치해석1.pdf,ok
MAT3052,수치해석2,H0003560,수학과,수학과,2015/1 ~ 2025/2,2021,2,2025,2,30,5,2,outputs/pdfs_full/수학과__MAT3052__수치해석2.pdf,ok
MAT3056,수학교육론,H0002725,수학교육과,수학교육과,2008/1 ~ 2028/2,2022,1,2026,1,29,5,1,outputs/pdfs_full/수학교육과__MAT3056__수학교육론.pdf,ok
MAT3057,수학교재연구및지도법,H0002725,수학교육과,수학교육과,2009/1 ~ 2028/2,2022,2,2025,2,22,4,1,outputs/pdfs_full/수학교육과__MAT3057__수학교재연구및지도법.pdf,ok
MAT3058,수학교육과정과평가,H0002725,수학교육과,수학교육과,2009/1 ~ 2029/2,2020,1,2024,1,22,5,1,outputs/pdfs_full/수학교육과__MAT3058__수학교육과정과평가.pdf,ok
MAT3060,수학교육의다문화적이해,H0002725,수학교육과,수학교육과,2009/1 ~ 2030/2,2022,1,2026,1,14,5,1,outputs/pdfs_full/수학교육과__MAT3060__수학교육의다문화적이해.pdf,ok
MAT3062,현대대수연습1,H0002725,수학교육과,수학교육과,2015/1 ~ 2017/2,2015,1,2016,1,12,2,1,outputs/pdfs_full/수학교육과__MAT3062__현대대수연습1.pdf,ok
MAT3063,위상수학연습1,H0002725,수학교육과,수학교육과,2015/1 ~ 2017/2,,,,,0,0,1,outputs/pdfs_full/수학교육과__MAT3063__위상수학연습1.pdf,not_found
MAT3064,현대대수연습2,H0002725,수학교육과,수학교육과,2015/1 ~ 2017/2,2015,2,2016,2,11,2,1,outputs/pdfs_full/수학교육과__MAT3064__현대대수연습2.pdf,ok
MAT3065,위상수학연습2,H0002725,수학교육과,수학교육과,2015/1 ~ 2017/2,2016,2,2016,2,5,1,1,outputs/pdfs_full/수학교육과__MAT3065__위상수학연습2.pdf,ok
MAT3066,벡터해석학,H0003560,수학과,수학과,2018/1 ~ 2029/2,2022,2,2026,1,31,5,1,outputs/pdfs_full/수학과__MAT3066__벡터해석학.pdf,ok
MAT3068,해석학개론3,H0002725,수학교육과,수학교육과,2018/1 ~ 2029/2,2022,1,2026,1,29,5,1,outputs/pdfs_full/수학교육과__MAT3068__해석학개론3.pdf,ok
MAT3069,수학연구실현장실습3,H0003560,수학과,수학과,2019/2 ~ 2025/2,2021,2,2021,2,1,1,1,outputs/pdfs_full/수학과__MAT3069__수학연구실현장실습3.pdf,ok
MAT3076,AI와공학도구를활용한수학수업,H0002725,수학교육과,수학교육과,2026/2 ~ 2029/2,,,,,0,0,1,outputs/pdfs_full/수학교육과__MAT3076__AI와공학도구를활용한수학수업.pdf,not_found
MAT4004,위상수학2,H0003560,수학과,수학과,2015/1 ~ 2029/2,2022,2,2025,2,27,4,2,outputs/pdfs_full/수학과__MAT4004__위상수학2.pdf,ok
MAT4005,미분기하,H0003560,수학과,수학과,2015/1 ~ 2030/2,2022,1,2026,1,26,5,1,outputs/pdfs_full/수학과__MAT4005__미분기하.pdf,ok
MAT4008,추상대수학,H0003560,수학과,수학과,2016/1 ~ 2018/2,2016,1,2017,1,7,2,1,outputs/pdfs_full/수학과__MAT4008__추상대수학.pdf,ok
MAT4009,그래프론,H0003560,수학과,수학과,2016/1 ~ 2026/2,2020,1,2024,1,30,5,1,outputs/pdfs_full/수학과__MAT4009__그래프론.pdf,ok
MAT4015,확률및통계,H0002518,소프트웨어전공,소프트웨어전공,2012/1 ~ 2016/2,2022,2,2025,2,21,4,3,outputs/pdfs_full/소프트웨어전공__MAT4015__확률및통계.pdf,ok
MAT4023,수학적모델링,H0003560,수학과,수학과,2016/1 ~ 2026/2,2017,1,2022,1,17,5,1,outputs/pdfs_full/수학과__MAT4023__수학적모델링.pdf,ok
MAT4031,편미분방정식과응용,H0003560,수학과,수학과,2016/1 ~ 2030/2,2020,2,2025,2,23,4,2,outputs/pdfs_full/수학과__MAT4031__편미분방정식과응용.pdf,ok
MAT4032,푸리에해석과응용,H0003560,수학과,수학과,2016/1 ~ 2018/2,2018,2,2018,2,6,1,1,outputs/pdfs_full/수학과__MAT4032__푸리에해석과응용.pdf,ok
MAT4033,실변수함수론,H0003560,수학과,수학과,2016/1 ~ 2030/2,2022,1,2026,1,31,5,2,outputs/pdfs_full/수학과__MAT4033__실변수함수론.pdf,ok
MAT4034,수학교육논술,H0002725,수학교육과,수학교육과,2009/1 ~ 2029/2,2022,2,2025,2,14,4,1,outputs/pdfs_full/수학교육과__MAT4034__수학교육논술.pdf,ok
MAT4035,현대수학특강,H0003560,수학과,수학과,2027/1 ~ 2030/2,,,,,0,0,1,outputs/pdfs_full/수학과__MAT4035__현대수학특강.pdf,not_found
MAT4036,응용수학특강,H0003560,수학과,수학과,2027/1 ~ 2030/2,,,,,0,0,1,outputs/pdfs_full/수학과__MAT4036__응용수학특강.pdf,not_found
MAT4056,미분기하학1,H0002725,수학교육과,수학교육과,2008/1 ~ 2028/2,2022,1,2026,1,26,5,1,outputs/pdfs_full/수학교육과__MAT4056__미분기하학1.pdf,ok
MAT4057,미분기하학2,H0002725,수학교육과,수학교육과,2009/1 ~ 2028/2,2022,2,2025,2,24,4,1,outputs/pdfs_full/수학교육과__MAT4057__미분기하학2.pdf,ok
MAT4060,조합론,H0002725,수학교육과,수학교육과,2010/1 ~ 2030/2,2022,2,2025,2,14,4,1,outputs/pdfs_full/수학교육과__MAT4060__조합론.pdf,ok
MAT4061,수학교육특론,H0002725,수학교육과,수학교육과,2010/1 ~ 2018/2,2010,2,2018,2,22,5,1,outputs/pdfs_full/수학교육과__MAT4061__수학교육특론.pdf,ok
MAT4063,대수학특론,H0002725,수학교육과,수학교육과,2010/1 ~ 2030/2,2020,1,2026,1,18,5,1,outputs/pdfs_full/수학교육과__MAT4063__대수학특론.pdf,ok
MAT4065,해석학특론,H0002725,수학교육과,수학교육과,2010/1 ~ 2018/2,2012,2,2017,2,9,5,1,outputs/pdfs_full/수학교육과__MAT4065__해석학특론.pdf,ok
MAT4066,기하위상특론,H0002725,수학교육과,수학교육과,2010/1 ~ 2018/2,2012,2,2018,1,21,5,1,outputs/pdfs_full/수학교육과__MAT4066__기하위상특론.pdf,ok
MAT4070,정수론1,H0003560,수학과,수학과,2014/1 ~ 2016/2,2012,1,2016,1,37,5,1,outputs/pdfs_full/수학과__MAT4070__정수론1.pdf,ok
MAT4071,정수론2,H0003560,수학과,수학과,2014/1 ~ 2016/2,2012,2,2016,2,30,5,1,outputs/pdfs_full/수학과__MAT4071__정수론2.pdf,ok
MAT4072,집합과논리,H0003560,수학과,수학과,2014/1 ~ 2023/2,2019,2,2023,2,32,5,1,outputs/pdfs_full/수학과__MAT4072__집합과논리.pdf,ok
MAT4073,확률론,H0003560,수학과,수학과,2016/1 ~ 2030/2,2021,2,2025,2,25,4,2,outputs/pdfs_full/수학과__MAT4073__확률론.pdf,ok
MAT4075,수학연구캡스톤디자인1,H0003560,수학과,수학과,2016/1 ~ 2022/2,2012,1,2022,1,3,2,1,outputs/pdfs_full/수학과__MAT4075__수학연구캡스톤디자인1.pdf,ok
MAT4076,수학연구캡스톤디자인2,H0003560,수학과,수학과,2016/1 ~ 2022/2,,,,,0,0,1,outputs/pdfs_full/수학과__MAT4076__수학연구캡스톤디자인2.pdf,not_found
MAT4084,금융통계방법론,H0003560,수학과,수학과,2016/1 ~ 2018/2,2013,1,2018,1,22,5,1,outputs/pdfs_full/수학과__MAT4084__금융통계방법론.pdf,ok
MAT4085,기하및위상특강,H0003560,수학과,수학과,2016/1 ~ 2018/2,2015,2,2015,2,4,1,1,outputs/pdfs_full/수학과__MAT4085__기하및위상특강.pdf,ok
MAT4092,암호론PBL,H0003560,수학과,수학과,2023/1 ~ 2030/2,2023,1,2026,1,10,4,1,outputs/pdfs_full/수학과__MAT4092__암호론PBL.pdf,ok
MAT4098,수학과현장수업연구,H0002725,수학교육과,수학교육과,2024/2 ~ 2025/2,2024,2,2024,2,1,1,1,outputs/pdfs_full/수학교육과__MAT4098__수학과현장수업연구.pdf,ok
MED1012,생리학및실습,H0002601,의학과,의학과(학부/서울),1997/1 ~ 2008/2,2004,1,2008,1,39,5,3,outputs/pdfs_full/의학과__MED1012__생리학및실습.pdf,ok
MED1013,미생물학및실습,H0002601,의학과,의학과(학부/서울),1997/1 ~ 2008/2,2005,1,2008,2,30,5,3,outputs/pdfs_full/의학과__MED1013__미생물학및실습.pdf,ok
MED1014,생화학및실습,H0002601,의학과,의학과(학부/서울),1997/1 ~ 2008/2,2004,1,2008,1,40,5,3,outputs/pdfs_full/의학과__MED1014__생화학및실습.pdf,ok
MED1015,약리학및실습,H0002601,의학과,의학과(학부/서울),1997/1 ~ 2008/2,2004,2,2008,2,40,5,3,outputs/pdfs_full/의학과__MED1015__약리학및실습.pdf,ok
MED1016,병리학및실습,H0003620,간호학전공,간호학전공,2013/1 ~ 2016/2,,,,,0,0,2,outputs/pdfs_full/간호학전공__MED1016__병리학및실습.pdf,not_found
MED1030,유전학및실습,H0002599,의예과,의예과(학부/서울),1998/1 ~ 2016/2,2012,2,2016,2,40,5,1,outputs/pdfs_full/의예과__MED1030__유전학및실습.pdf,ok
MED1031,해부학및실습,H0002601,의학과,의학과(학부/서울),1997/1 ~ 2008/2,2004,1,2008,1,40,5,3,outputs/pdfs_full/의학과__MED1031__해부학및실습.pdf,ok
MED1033,의학영양학,H0002599,의예과,의예과(학부/서울),2002/1 ~ 2017/1,2013,1,2017,1,35,5,1,outputs/pdfs_full/의예과__MED1033__의학영양학.pdf,ok
MED1037,인체의구조,H0002601,의학과,의학과(학부/서울),2009/1 ~ 2027/2,2023,1,2025,2,16,2,1,outputs/pdfs_full/의학과__MED1037__인체의구조.pdf,ok
MED1038,의학생화학,H0002601,의학과,의학과(학부/서울),2009/1 ~ 2027/2,2023,1,2025,2,12,2,1,outputs/pdfs_full/의학과__MED1038__의학생화학.pdf,ok
MED1039,면역학총론,H0002601,의학과,의학과(학부/서울),2009/1 ~ 2027/2,2023,1,2025,2,16,2,1,outputs/pdfs_full/의학과__MED1039__면역학총론.pdf,ok
MED1040,병리학총론및실습,H0002601,의학과,의학과(학부/서울),2009/1 ~ 2027/2,2023,1,2025,2,14,2,1,outputs/pdfs_full/의학과__MED1040__병리학총론및실습.pdf,ok
MED1041,의학미생물학,H0002601,의학과,의학과(학부/서울),2009/1 ~ 2027/2,2023,1,2025,2,14,2,1,outputs/pdfs_full/의학과__MED1041__의학미생물학.pdf,ok
MED1042,약리학개론,H0002601,의학과,의학과(학부/서울),2009/1 ~ 2027/2,2023,1,2025,2,11,2,1,outputs/pdfs_full/의학과__MED1042__약리학개론.pdf,ok
MED1043,예방의학및실습,H0002601,의학과,의학과(학부/서울),2009/1 ~ 2027/2,2023,1,2025,2,13,2,1,outputs/pdfs_full/의학과__MED1043__예방의학및실습.pdf,ok
MED1044,의학생리학,H0002601,의학과,의학과(학부/서울),2009/1 ~ 2027/2,2023,1,2025,2,14,2,1,outputs/pdfs_full/의학과__MED1044__의학생리학.pdf,ok
MED1045,임상의학입문,H0002601,의학과,의학과(학부/서울),2009/1 ~ 2027/2,2022,2,2025,2,20,4,1,outputs/pdfs_full/의학과__MED1045__임상의학입문.pdf,ok
MED1046,근골격학,H0002601,의학과,의학과(학부/서울),2009/1 ~ 2027/2,2022,2,2025,2,25,4,1,outputs/pdfs_full/의학과__MED1046__근골격학.pdf,ok
MED1047,감각계,H0002601,의학과,의학과(학부/서울),2009/1 ~ 2027/2,2022,2,2025,2,25,4,1,outputs/pdfs_full/의학과__MED1047__감각계.pdf,ok
MED1048,정신과행동,H0002601,의학과,의학과(학부/서울),2009/1 ~ 2027/2,2022,2,2025,2,23,4,1,outputs/pdfs_full/의학과__MED1048__정신과행동.pdf,ok
MED1049,환자.의사.사회1-2,H0002601,의학과,의학과(학부/서울),2009/1 ~ 2027/2,2022,2,2025,2,20,4,1,outputs/pdfs_full/의학과__MED1049__환자.의사.사회1-2.pdf,ok
MED1050,신경학,H0002601,의학과,의학과(학부/서울),2009/1 ~ 2027/2,2022,2,2025,2,27,4,1,outputs/pdfs_full/의학과__MED1050__신경학.pdf,ok
MED1051,의학연구프로젝트1,H0002601,의학과,의학과(학부/서울),2020/2 ~ 2027/2,2020,2,2025,2,13,5,1,outputs/pdfs_full/의학과__MED1051__의학연구프로젝트1.pdf,ok
MED1052,초급문제중심학습,H0002601,의학과,의학과(학부/서울),2020/2 ~ 2027/2,2021,2,2025,2,27,4,1,outputs/pdfs_full/의학과__MED1052__초급문제중심학습.pdf,ok
MED2008,기생충학및실습,H0002601,의학과,의학과(학부/서울),1990/1 ~ 2027/2,2023,1,2025,2,15,2,1,outputs/pdfs_full/의학과__MED2008__기생충학및실습.pdf,ok
MED2010,유전학,H0002599,의예과,의예과(학부/서울),1990/1 ~ 2028/2,2022,2,2025,2,25,4,2,outputs/pdfs_full/의예과__MED2010__유전학.pdf,ok
MED2051,제1시기종합평가,H0002601,의학과,의학과(학부/서울),1998/1 ~ 2027/2,2023,1,2025,2,15,2,1,outputs/pdfs_full/의학과__MED2051__제1시기종합평가.pdf,ok
MED2065,한의학개론1,H0002599,의예과,의예과(학부/서울),2003/1 ~ 2017/2,2013,2,2017,2,40,5,1,outputs/pdfs_full/의예과__MED2065__한의학개론1.pdf,ok
MED2078,심혈관학,H0002601,의학과,의학과(학부/서울),2010/1 ~ 2028/2,2023,1,2025,2,15,2,1,outputs/pdfs_full/의학과__MED2078__심혈관학.pdf,ok
MED2079,호흡기학,H0002601,의학과,의학과(학부/서울),2010/1 ~ 2028/2,2023,1,2025,2,15,2,1,outputs/pdfs_full/의학과__MED2079__호흡기학.pdf,ok
MED2080,신장과요로,H0002601,의학과,의학과(학부/서울),2010/1 ~ 2028/2,2023,1,2025,2,15,2,1,outputs/pdfs_full/의학과__MED2080__신장과요로.pdf,ok
MED2081,소화기학,H0002601,의학과,의학과(학부/서울),2010/1 ~ 2028/2,2023,1,2025,2,12,2,1,outputs/pdfs_full/의학과__MED2081__소화기학.pdf,ok
MED2082,내분비대사,H0002601,의학과,의학과(학부/서울),2010/1 ~ 2028/2,2023,1,2025,2,16,2,1,outputs/pdfs_full/의학과__MED2082__내분비대사.pdf,ok
MED2083,생식의학,H0002601,의학과,의학과(학부/서울),2010/1 ~ 2028/2,2023,1,2025,2,15,2,1,outputs/pdfs_full/의학과__MED2083__생식의학.pdf,ok
MED2084,환자.의사.사회2-1,H0002601,의학과,의학과(학부/서울),2010/1 ~ 2028/2,2023,1,2025,2,12,2,1,outputs/pdfs_full/의학과__MED2084__환자.의사.사회2-1.pdf,ok
MED2085,면역,H0002601,의학과,의학과(학부/서울),2010/1 ~ 2028/2,2022,2,2025,2,23,4,1,outputs/pdfs_full/의학과__MED2085__면역.pdf,ok
MED2086,감염,H0002601,의학과,의학과(학부/서울),2010/1 ~ 2028/2,2022,2,2025,2,23,4,1,outputs/pdfs_full/의학과__MED2086__감염.pdf,ok
MED2087,혈액과종양,H0002601,의학과,의학과(학부/서울),2010/1 ~ 2028/2,2022,2,2025,2,22,4,1,outputs/pdfs_full/의학과__MED2087__혈액과종양.pdf,ok
MED2088,직업병및손상,H0002601,의학과,의학과(학부/서울),2010/1 ~ 2028/2,2022,2,2025,2,24,4,1,outputs/pdfs_full/의학과__MED2088__직업병및손상.pdf,ok
MED2089,출생과성장,H0002601,의학과,의학과(학부/서울),2010/1 ~ 2028/2,2022,2,2025,2,21,4,1,outputs/pdfs_full/의학과__MED2089__출생과성장.pdf,ok
MED2090,노화,H0002601,의학과,의학과(학부/서울),2010/1 ~ 2028/2,2022,2,2025,2,21,4,1,outputs/pdfs_full/의학과__MED2090__노화.pdf,ok
MED2092,환자.의사.사회2-2,H0002601,의학과,의학과(학부/서울),2010/1 ~ 2028/2,2022,2,2025,2,18,4,1,outputs/pdfs_full/의학과__MED2092__환자.의사.사회2-2.pdf,ok
MED2093,제2시기종합평가,H0002601,의학과,의학과(학부/서울),2015/1 ~ 2028/2,2022,2,2025,2,25,4,1,outputs/pdfs_full/의학과__MED2093__제2시기종합평가.pdf,ok
MED2094,의학연구프로젝트2,H0002601,의학과,의학과(학부/서울),2021/2 ~ 2028/2,2021,2,2025,2,6,4,1,outputs/pdfs_full/의학과__MED2094__의학연구프로젝트2.pdf,ok
MED2095,중급문제중심학습,H0002601,의학과,의학과(학부/서울),2021/1 ~ 2028/2,2023,1,2025,2,14,2,1,outputs/pdfs_full/의학과__MED2095__중급문제중심학습.pdf,ok
MED2096,고급문제중심학습,H0002601,의학과,의학과(학부/서울),2020/2 ~ 2028/2,2021,2,2025,2,26,4,1,outputs/pdfs_full/의학과__MED2096__고급문제중심학습.pdf,ok
MED2097,환자.의사.사회1-1,H0002601,의학과,의학과(학부/서울),2024/1 ~ 2027/2,2025,2,2025,2,6,1,1,outputs/pdfs_full/의학과__MED2097__환자.의사.사회1-1.pdf,ok
MED3054,정형외과학및임상실습,H0002601,의학과,의학과(학부/서울),1995/1 ~ 2029/2,2023,2,2025,2,14,2,1,outputs/pdfs_full/의학과__MED3054__정형외과학및임상실습.pdf,ok
MED3055,신경외과학및임상실습,H0002601,의학과,의학과(학부/서울),1995/1 ~ 2030/2,2024,2,2026,1,7,3,1,outputs/pdfs_full/의학과__MED3055__신경외과학및임상실습.pdf,ok
MED3056,흉부외과학및임상실습,H0002601,의학과,의학과(학부/서울),1995/1 ~ 2030/2,2024,2,2026,1,11,3,1,outputs/pdfs_full/의학과__MED3056__흉부외과학및임상실습.pdf,ok
MED3057,성형외과학및임상실습,H0002601,의학과,의학과(학부/서울),1995/1 ~ 2030/2,2024,2,2026,1,10,3,1,outputs/pdfs_full/의학과__MED3057__성형외과학및임상실습.pdf,ok
MED3058,안과학및임상실습,H0002601,의학과,의학과(학부/서울),1995/1 ~ 2030/2,2024,2,2026,1,11,3,1,outputs/pdfs_full/의학과__MED3058__안과학및임상실습.pdf,ok
MED3059,이비인후과학및임상실습,H0002601,의학과,의학과(학부/서울),1995/1 ~ 2030/2,2024,2,2026,1,11,3,1,outputs/pdfs_full/의학과__MED3059__이비인후과학및임상실습.pdf,ok
MED3060,피부과학및임상실습,H0002601,의학과,의학과(학부/서울),1995/1 ~ 2030/2,2024,2,2026,1,11,3,1,outputs/pdfs_full/의학과__MED3060__피부과학및임상실습.pdf,ok
MED3061,비뇨의학및임상실습,H0002601,의학과,의학과(학부/서울),1995/1 ~ 2030/2,2024,2,2026,1,15,3,1,outputs/pdfs_full/의학과__MED3061__비뇨의학및임상실습.pdf,ok
MED3065,신경과학및임상실습,H0002601,의학과,의학과(학부/서울),1995/1 ~ 2029/2,2023,2,2025,2,9,2,1,outputs/pdfs_full/의학과__MED3065__신경과학및임상실습.pdf,ok
MED3066,재활의학및임상실습,H0002601,의학과,의학과(학부/서울),1995/1 ~ 2030/2,2024,2,2026,1,11,3,1,outputs/pdfs_full/의학과__MED3066__재활의학및임상실습.pdf,ok
MED3067,가정의학및임상실습,H0002601,의학과,의학과(학부/서울),1995/1 ~ 2030/2,2024,2,2026,1,12,3,1,outputs/pdfs_full/의학과__MED3067__가정의학및임상실습.pdf,ok
MED3068,방사선종양학및임상실습,H0002601,의학과,의학과(학부/서울),1995/1 ~ 2030/2,2024,2,2026,1,5,2,1,outputs/pdfs_full/의학과__MED3068__방사선종양학및임상실습.pdf,ok
MED3075,임상종합강의,H0002601,의학과,의학과(학부/서울),2000/1 ~ 2030/2,2024,2,2026,1,6,3,1,outputs/pdfs_full/의학과__MED3075__임상종합강의.pdf,ok
MED3085,진단검사의학및임상실습,H0002601,의학과,의학과(학부/서울),2003/1 ~ 2029/2,2023,2,2025,2,12,2,1,outputs/pdfs_full/의학과__MED3085__진단검사의학및임상실습.pdf,ok
MED3090,내과학및임상실습,H0002601,의학과,의학과(학부/서울),2007/1 ~ 2029/2,2023,2,2025,2,14,2,1,outputs/pdfs_full/의학과__MED3090__내과학및임상실습.pdf,ok
MED3091,정신건강의학및임상실습,H0002601,의학과,의학과(학부/서울),2007/1 ~ 2029/2,2023,2,2025,2,13,2,1,outputs/pdfs_full/의학과__MED3091__정신건강의학및임상실습.pdf,ok
MED3092,외과학및임상실습,H0002601,의학과,의학과(학부/서울),2007/1 ~ 2029/2,2023,2,2025,2,11,2,1,outputs/pdfs_full/의학과__MED3092__외과학및임상실습.pdf,ok
MED3093,소아청소년과학및임상실습,H0002601,의학과,의학과(학부/서울),2007/1 ~ 2029/2,2023,2,2025,2,10,2,1,outputs/pdfs_full/의학과__MED3093__소아청소년과학및임상실습.pdf,ok
MED3094,산부인과학및임상실습,H0002601,의학과,의학과(학부/서울),2007/1 ~ 2029/2,2023,2,2025,2,13,2,1,outputs/pdfs_full/의학과__MED3094__산부인과학및임상실습.pdf,ok
MED3095,환자.의사.사회4-1,H0002601,의학과,의학과(학부/서울),2011/1 ~ 2030/2,2024,2,2026,1,12,3,1,outputs/pdfs_full/의학과__MED3095__환자.의사.사회4-1.pdf,ok
MED3097,종합선택실습1,H0002601,의학과,의학과(학부/서울),2011/1 ~ 2029/2,2023,2,2023,2,1,1,1,outputs/pdfs_full/의학과__MED3097__종합선택실습1.pdf,ok
MED3099,기본임상술기1,H0002601,의학과,의학과(학부/서울),2012/1 ~ 2025/2,2018,2,2019,2,14,2,1,outputs/pdfs_full/의학과__MED3099__기본임상술기1.pdf,ok
MED3100,환자.의사.사회3-1,H0002601,의학과,의학과(학부/서울),2014/1 ~ 2029/2,2023,2,2025,2,8,2,1,outputs/pdfs_full/의학과__MED3100__환자.의사.사회3-1.pdf,ok
MED3101,의학연구프로젝트3,H0002601,의학과,의학과(학부/서울),2026/2 ~ 2029/2,,,,,0,0,1,outputs/pdfs_full/의학과__MED3101__의학연구프로젝트3.pdf,not_found
MED3102,기초의학실습캠프,H0002601,의학과,의학과(학부/서울),2026/2 ~ 2027/2,,,,,0,0,1,outputs/pdfs_full/의학과__MED3102__기초의학실습캠프.pdf,not_found
MED4080,지역사회의학임상실습,H0002601,의학과,의학과(학부/서울),1996/1 ~ 2030/2,2024,2,2026,1,8,3,1,outputs/pdfs_full/의학과__MED4080__지역사회의학임상실습.pdf,ok
MED4081,임상종합평가,H0002601,의학과,의학과(학부/서울),1996/1 ~ 2029/2,2023,2,2025,2,14,2,1,outputs/pdfs_full/의학과__MED4081__임상종합평가.pdf,ok
MED4093,마취통증의학및임상실습,H0002601,의학과,의학과(학부/서울),2003/1 ~ 2030/2,2024,2,2026,1,8,3,1,outputs/pdfs_full/의학과__MED4093__마취통증의학및임상실습.pdf,ok
MED4094,응급의학및임상실습,H0002601,의학과,의학과(학부/서울),2008/1 ~ 2030/2,2024,2,2026,1,9,3,1,outputs/pdfs_full/의학과__MED4094__응급의학및임상실습.pdf,ok
MED4095,핵의학및임상실습,H0002601,의학과,의학과(학부/서울),2008/1 ~ 2030/2,2024,2,2026,1,7,2,1,outputs/pdfs_full/의학과__MED4095__핵의학및임상실습.pdf,ok
MED4096,진료수행평가CPX,H0002601,의학과,의학과(학부/서울),2005/1 ~ 2030/2,2024,2,2026,1,15,3,1,outputs/pdfs_full/의학과__MED4096__진료수행평가CPX.pdf,ok
MED4097,직업환경의학및임상실습,H0002601,의학과,의학과(학부/서울),2008/1 ~ 2030/2,2024,2,2026,1,8,3,1,outputs/pdfs_full/의학과__MED4097__직업환경의학및임상실습.pdf,ok
MED4099,영상의학및임상실습,H0002601,의학과,의학과(학부/서울),2011/1 ~ 2029/2,2023,2,2025,2,15,2,1,outputs/pdfs_full/의학과__MED4099__영상의학및임상실습.pdf,ok
MED4100,의학연구프로젝트4,H0002601,의학과,의학과(학부/서울),2026/2 ~ 2030/2,,,,,0,0,1,outputs/pdfs_full/의학과__MED4100__의학연구프로젝트4.pdf,not_found
MED5042,임상종합평가1,H0002601,의학과,의학과(학부/서울),2012/1 ~ 2030/2,2024,2,2026,1,18,3,1,outputs/pdfs_full/의학과__MED5042__임상종합평가1.pdf,ok
MED5043,종합선택실습2,H0002601,의학과,의학과(학부/서울),2012/1 ~ 2030/2,2024,2,2026,1,6,3,1,outputs/pdfs_full/의학과__MED5043__종합선택실습2.pdf,ok
MED5044,종합선택실습3,H0002601,의학과,의학과(학부/서울),2012/1 ~ 2030/2,2022,2,2024,2,3,3,1,outputs/pdfs_full/의학과__MED5044__종합선택실습3.pdf,ok
MED5045,임상종합평가2,H0002601,의학과,의학과(학부/서울),2012/1 ~ 2030/2,2024,2,2026,1,19,3,1,outputs/pdfs_full/의학과__MED5045__임상종합평가2.pdf,ok
MED5046,병리학및임상실습,H0002601,의학과,의학과(학부/서울),2012/1 ~ 2030/2,2024,2,2026,1,6,2,1,outputs/pdfs_full/의학과__MED5046__병리학및임상실습.pdf,ok
MED5047,임상수기평가,H0002601,의학과,의학과(학부/서울),2012/1 ~ 2030/2,2024,2,2026,1,11,3,1,outputs/pdfs_full/의학과__MED5047__임상수기평가.pdf,ok
MEE3003,유체역학1,H0002517,건설환경공학과,건설환경공학과(학부/서울),2010/1 ~ 2013/2,2022,1,2026,1,40,5,2,outputs/pdfs_full/건설환경공학과__MEE3003__유체역학1.pdf,ok
MEE3004,유체역학2,H0002517,건설환경공학과,건설환경공학과(학부/서울),2010/1 ~ 2013/2,2022,2,2025,2,31,4,2,outputs/pdfs_full/건설환경공학과__MEE3004__유체역학2.pdf,ok
MEE3007,유체역학,H0002517,건설환경공학과,건설환경공학과(학부/서울),2014/1 ~ 2028/2,2024,2,2026,1,29,4,1,outputs/pdfs_full/건설환경공학과__MEE3007__유체역학.pdf,ok
MEE3008,로보트공학,H0004800,미래자동차기술융합전공,미래자동차기술융합전공,2019/1 ~ 2030/2,2022,1,2026,1,31,5,1,outputs/pdfs_full/미래자동차기술융합전공__MEE3008__로보트공학.pdf,ok
MEE4001,열전달,H0004800,미래자동차기술융합전공,미래자동차기술융합전공,2018/1 ~ 2029/2,2022,2,2025,2,28,4,2,outputs/pdfs_full/미래자동차기술융합전공__MEE4001__열전달.pdf,ok
MEE4011,계측공학,H0002520,전기공학전공,전기공학전공(학부/서울),2010/1 ~ 2013/2,2021,1,2025,1,29,5,1,outputs/pdfs_full/전기공학전공__MEE4011__계측공학.pdf,ok
MEE4035,차량동역학시스템,H0004800,미래자동차기술융합전공,미래자동차기술융합전공,2019/2 ~ 2030/2,2022,2,2025,2,24,4,1,outputs/pdfs_full/미래자동차기술융합전공__MEE4035__차량동역학시스템.pdf,ok
MME1002,지구과학개론,H0002560,자원환경공학과,자원환경공학과(학부/서울),2009/1 ~ 2024/2,2020,2,2024,2,32,5,1,outputs/pdfs_full/자원환경공학과__MME1002__지구과학개론.pdf,ok
MME2006,광상학,H0002560,자원환경공학과,자원환경공학과(학부/서울),2010/1 ~ 2023/1,2018,2,2022,2,22,5,1,outputs/pdfs_full/자원환경공학과__MME2006__광상학.pdf,ok
MME2007,친환경에너지공학개론,H0002560,자원환경공학과,자원환경공학과(학부/서울),2010/1 ~ 2028/2,2021,1,2026,1,26,5,1,outputs/pdfs_full/자원환경공학과__MME2007__친환경에너지공학개론.pdf,ok
MME2009,석유천연가스공학,H0002560,자원환경공학과,자원환경공학과(학부/서울),2010/1 ~ 2028/2,2022,2,2025,2,21,4,1,outputs/pdfs_full/자원환경공학과__MME2009__석유천연가스공학.pdf,ok
MME2012,미립자공학개론,H0002560,자원환경공학과,자원환경공학과(학부/서울),2010/1 ~ 2016/2,2012,2,2016,2,32,5,1,outputs/pdfs_full/자원환경공학과__MME2012__미립자공학개론.pdf,ok
MME2018,석유지질학,H0002560,자원환경공학과,자원환경공학과(학부/서울),2010/1 ~ 2024/2,2020,1,2024,1,30,5,1,outputs/pdfs_full/자원환경공학과__MME2018__석유지질학.pdf,ok
MME2019,에너지자원지질,H0002560,자원환경공학과,자원환경공학과(학부/서울),2025/1 ~ 2028/2,2025,1,2025,1,6,1,1,outputs/pdfs_full/자원환경공학과__MME2019__에너지자원지질.pdf,ok
MME2053,자원경제원론,H0002560,자원환경공학과,자원환경공학과(학부/서울),2011/1 ~ 2028/2,2022,2,2026,1,22,5,1,outputs/pdfs_full/자원환경공학과__MME2053__자원경제원론.pdf,ok
MME2054,탄성파탐사의원리,H0002560,자원환경공학과,자원환경공학과(학부/서울),2017/1 ~ 2028/2,2021,1,2025,2,23,4,1,outputs/pdfs_full/자원환경공학과__MME2054__탄성파탐사의원리.pdf,ok
MME2055,분리공학개론,H0002560,자원환경공학과,자원환경공학과(학부/서울),2017/1 ~ 2025/2,2021,2,2025,2,21,5,1,outputs/pdfs_full/자원환경공학과__MME2055__분리공학개론.pdf,ok
MME2056,토양지하수오염복원학,H0002560,자원환경공학과,자원환경공학과(학부/서울),2017/1 ~ 2018/2,,,,,0,0,1,outputs/pdfs_full/자원환경공학과__MME2056__토양지하수오염복원학.pdf,not_found
MME3016,자원경제성평가,H0002560,자원환경공학과,자원환경공학과(학부/서울),1994/1 ~ 2030/2,2022,1,2026,1,12,5,1,outputs/pdfs_full/자원환경공학과__MME3016__자원경제성평가.pdf,ok
MME3019,중력및자력탐사,H0002560,자원환경공학과,자원환경공학과(학부/서울),1995/1 ~ 2016/2,2012,2,2016,2,30,5,1,outputs/pdfs_full/자원환경공학과__MME3019__중력및자력탐사.pdf,ok
MME3022,탄성파탐사,H0002560,자원환경공학과,자원환경공학과(학부/서울),1995/1 ~ 2016/2,2012,1,2016,1,34,5,1,outputs/pdfs_full/자원환경공학과__MME3022__탄성파탐사.pdf,ok
MME3026,암반공학,H0002517,건설환경공학과,건설환경공학과(학부/서울),2011/1 ~ 2030/2,2022,2,2025,2,24,4,2,outputs/pdfs_full/건설환경공학과__MME3026__암반공학.pdf,ok
MME3030,석유공학실험및설계,H0002560,자원환경공학과,자원환경공학과(학부/서울),2011/1 ~ 2029/2,2022,1,2026,1,10,5,1,outputs/pdfs_full/자원환경공학과__MME3030__석유공학실험및설계.pdf,ok
MME3031,암반공학응용,H0002560,자원환경공학과,자원환경공학과(학부/서울),2011/1 ~ 2017/2,2011,1,2017,1,20,5,1,outputs/pdfs_full/자원환경공학과__MME3031__암반공학응용.pdf,ok
MME3032,암반공학실험및설계,H0002560,자원환경공학과,자원환경공학과(학부/서울),2011/1 ~ 2029/2,2021,2,2025,2,11,4,1,outputs/pdfs_full/자원환경공학과__MME3032__암반공학실험및설계.pdf,ok
MME3033,자원지질실습,H0002560,자원환경공학과,자원환경공학과(학부/서울),2011/1 ~ 2025/2,2020,1,2025,1,14,5,1,outputs/pdfs_full/자원환경공학과__MME3033__자원지질실습.pdf,ok
MME3035,자원환경기기분석,H0002560,자원환경공학과,자원환경공학과(학부/서울),2025/1 ~ 2028/2,2025,2,2025,2,3,1,1,outputs/pdfs_full/자원환경공학과__MME3035__자원환경기기분석.pdf,ok
MME3036,환경기초화학,H0002560,자원환경공학과,자원환경공학과(학부/서울),2026/1 ~ 2029/2,,,,,0,0,1,outputs/pdfs_full/자원환경공학과__MME3036__환경기초화학.pdf,not_found
MME3058,발파굴착공학,H0002560,자원환경공학과,자원환경공학과(학부/서울),2011/1 ~ 2017/2,2012,2,2017,2,16,5,1,outputs/pdfs_full/자원환경공학과__MME3058__발파굴착공학.pdf,ok
MME3059,물리탐사실험및설계,H0002560,자원환경공학과,자원환경공학과(학부/서울),2011/1 ~ 2029/2,2022,2,2025,2,5,4,1,outputs/pdfs_full/자원환경공학과__MME3059__물리탐사실험및설계.pdf,ok
MME3060,자원환경공정실험,H0002560,자원환경공학과,자원환경공학과(학부/서울),2011/1 ~ 2017/2,2013,2,2017,2,14,5,1,outputs/pdfs_full/자원환경공학과__MME3060__자원환경공정실험.pdf,ok
MME3061,제련공학개론,H0002560,자원환경공학과,자원환경공학과(학부/서울),2011/1 ~ 2017/2,2013,2,2017,2,26,5,1,outputs/pdfs_full/자원환경공학과__MME3061__제련공학개론.pdf,ok
MME3062,자원시장분석론,H0002560,자원환경공학과,자원환경공학과(학부/서울),2011/1 ~ 2029/2,2021,2,2025,2,13,5,1,outputs/pdfs_full/자원환경공학과__MME3062__자원시장분석론.pdf,ok
MME3063,시추공학,H0002560,자원환경공학과,자원환경공학과(학부/서울),2011/1 ~ 2029/2,2022,1,2026,1,21,5,1,outputs/pdfs_full/자원환경공학과__MME3063__시추공학.pdf,ok
MME3064,석유공학수학,H0002560,자원환경공학과,자원환경공학과(학부/서울),2015/1 ~ 2021/2,2016,2,2020,2,18,5,1,outputs/pdfs_full/자원환경공학과__MME3064__석유공학수학.pdf,ok
MME3065,토양오염학,H0002560,자원환경공학과,자원환경공학과(학부/서울),2015/1 ~ 2017/2,2015,2,2017,2,14,3,1,outputs/pdfs_full/자원환경공학과__MME3065__토양오염학.pdf,ok
MME3066,토목환경물리탐사,H0002560,자원환경공학과,자원환경공학과(학부/서울),2018/1 ~ 2029/2,2018,1,2024,1,25,5,1,outputs/pdfs_full/자원환경공학과__MME3066__토목환경물리탐사.pdf,ok
MME3067,자원처리실험및설계,H0002560,자원환경공학과,자원환경공학과(학부/서울),2018/1 ~ 2029/2,2022,2,2025,2,11,4,1,outputs/pdfs_full/자원환경공학과__MME3067__자원처리실험및설계.pdf,ok
MME3068,이산화탄소지중저장설계,H0002560,자원환경공학과,자원환경공학과(학부/서울),2020/1 ~ 2029/2,2022,2,2025,2,17,4,1,outputs/pdfs_full/자원환경공학과__MME3068__이산화탄소지중저장설계.pdf,ok
MME4003,암석역학,H0002560,자원환경공학과,자원환경공학과(학부/서울),2010/1 ~ 2028/2,2022,1,2026,1,32,5,1,outputs/pdfs_full/자원환경공학과__MME4003__암석역학.pdf,ok
MME4008,석유생산공학,H0002560,자원환경공학과,자원환경공학과(학부/서울),2012/1 ~ 2029/2,2021,2,2025,2,16,4,1,outputs/pdfs_full/자원환경공학과__MME4008__석유생산공학.pdf,ok
MME4014,지하수공학,H0002517,건설환경공학과,건설환경공학과(학부/서울),2019/1 ~ 2022/2,2020,1,2020,1,5,1,2,outputs/pdfs_full/건설환경공학과__MME4014__지하수공학.pdf,ok
MME4022,전기전자탐사,H0002560,자원환경공학과,자원환경공학과(학부/서울),1996/1 ~ 2017/2,2012,1,2016,1,26,5,1,outputs/pdfs_full/자원환경공학과__MME4022__전기전자탐사.pdf,ok
MME4028,물리검층,H0002560,자원환경공학과,자원환경공학과(학부/서울),1996/1 ~ 2018/2,2013,2,2018,2,23,5,1,outputs/pdfs_full/자원환경공학과__MME4028__물리검층.pdf,ok
MME4033,구조지질공학,H0002560,자원환경공학과,자원환경공학과(학부/서울),2012/1 ~ 2018/2,2014,1,2018,1,20,5,1,outputs/pdfs_full/자원환경공학과__MME4033__구조지질공학.pdf,ok
MME4039,응용지구화학,H0002560,자원환경공학과,자원환경공학과(학부/서울),2011/1 ~ 2026/2,2012,2,2017,2,24,5,1,outputs/pdfs_full/자원환경공학과__MME4039__응용지구화학.pdf,ok
MME4040,광해관리및설계,H0002560,자원환경공학과,자원환경공학과(학부/서울),2012/1 ~ 2018/2,2012,1,2015,1,10,3,1,outputs/pdfs_full/자원환경공학과__MME4040__광해관리및설계.pdf,ok
MME4056,터널지하공간설계공학,H0002560,자원환경공학과,자원환경공학과(학부/서울),2012/1 ~ 2018/2,2012,1,2018,1,15,5,1,outputs/pdfs_full/자원환경공학과__MME4056__터널지하공간설계공학.pdf,ok
MME4059,미래에너지자원공학,H0002560,자원환경공학과,자원환경공학과(학부/서울),2012/1 ~ 2026/2,2021,2,2025,2,12,4,1,outputs/pdfs_full/자원환경공학과__MME4059__미래에너지자원공학.pdf,ok
MME4061,탐사자료처리설계,H0002560,자원환경공학과,자원환경공학과(학부/서울),2011/1 ~ 2017/2,2012,2,2017,2,24,5,1,outputs/pdfs_full/자원환경공학과__MME4061__탐사자료처리설계.pdf,ok
MME4062,자원환경공학종합설계,H0002560,자원환경공학과,자원환경공학과(학부/서울),2012/1 ~ 2030/2,2022,2,2025,2,7,4,1,outputs/pdfs_full/자원환경공학과__MME4062__자원환경공학종합설계.pdf,ok
MME4064,나노재료와자원환경,H0002560,자원환경공학과,자원환경공학과(학부/서울),2012/1 ~ 2018/2,,,,,0,0,1,outputs/pdfs_full/자원환경공학과__MME4064__나노재료와자원환경.pdf,not_found
MME4065,도시광산개발,H0002560,자원환경공학과,자원환경공학과(학부/서울),2012/1 ~ 2018/2,2014,1,2018,1,23,5,1,outputs/pdfs_full/자원환경공학과__MME4065__도시광산개발.pdf,ok
MME4066,자원물질전달학,H0002560,자원환경공학과,자원환경공학과(학부/서울),2015/1 ~ 2018/2,2016,1,2016,1,4,1,1,outputs/pdfs_full/자원환경공학과__MME4066__자원물질전달학.pdf,ok
MME4068,순환자원공학,H0002560,자원환경공학과,자원환경공학과(학부/서울),2019/1 ~ 2030/2,2020,1,2026,1,20,5,1,outputs/pdfs_full/자원환경공학과__MME4068__순환자원공학.pdf,ok
MME4069,물리검층의이해,H0002560,자원환경공학과,자원환경공학과(학부/서울),2019/1 ~ 2030/2,2019,2,2024,1,15,4,1,outputs/pdfs_full/자원환경공학과__MME4069__물리검층의이해.pdf,ok
MME4070,친환경에너지공학,H0002560,자원환경공학과,자원환경공학과(학부/서울),2019/1 ~ 2026/2,2019,1,2019,1,3,1,1,outputs/pdfs_full/자원환경공학과__MME4070__친환경에너지공학.pdf,ok
MME4071,스마트지하공간및자원개발,H0002560,자원환경공학과,자원환경공학과(학부/서울),2019/1 ~ 2030/2,2019,1,2024,2,11,4,1,outputs/pdfs_full/자원환경공학과__MME4071__스마트지하공간및자원개발.pdf,ok
MME4072,폐기물에너지전환공학,H0002560,자원환경공학과,자원환경공학과(학부/서울),2023/2 ~ 2029/2,2023,2,2026,1,14,4,1,outputs/pdfs_full/자원환경공학과__MME4072__폐기물에너지전환공학.pdf,ok
MME4073,폐기물처리,H0002560,자원환경공학과,자원환경공학과(학부/서울),2023/2 ~ 2030/2,2023,2,2026,1,11,3,1,outputs/pdfs_full/자원환경공학과__MME4073__폐기물처리.pdf,ok
MOT0001,예술공학의이해,H0004361,예술융합소프트웨어 융합전공,예술융합소프트웨어 융합전공,2014/2 ~ 2028/2,,,,,0,0,2,outputs/pdfs_full/예술융합소프트웨어_융합전공__MOT0001__예술공학의이해.pdf,not_found
MOT0002,특허와지식재산경영,H0002256,서울 대학,대학(학부/서울),2017/2 ~ 2027/2,,,,,0,0,1,outputs/pdfs_seoul_university/서울_대학__MOT0002__특허와지식재산경영.pdf,not_found
MOT0003,과학기술정책개론,H0002256,서울 대학,대학(학부/서울),2017/2 ~ 2027/2,,,,,0,0,1,outputs/pdfs_seoul_university/서울_대학__MOT0003__과학기술정책개론.pdf,not_found
MOT0004,디자인과기술혁신,H0004318,사회혁신융합전공,사회혁신융합전공,2016/1 ~ 2026/1,,,,,0,0,2,outputs/pdfs_full/사회혁신융합전공__MOT0004__디자인과기술혁신.pdf,not_found
MOT0005,기술경영공학의이해,H0002256,서울 대학,대학(학부/서울),2017/2 ~ 2027/2,,,,,0,0,1,outputs/pdfs_seoul_university/서울_대학__MOT0005__기술경영공학의이해.pdf,not_found
MOT0006,감성마케팅기술,H0004361,예술융합소프트웨어 융합전공,예술융합소프트웨어 융합전공,2014/2 ~ 2028/2,2017,2,2018,2,4,2,2,outputs/pdfs_full/예술융합소프트웨어_융합전공__MOT0006__감성마케팅기술.pdf,ok
MPE2001,지구환경공학개론,H0002560,자원환경공학과,자원환경공학과(학부/서울),1994/1 ~ 2027/2,2021,2,2025,2,18,4,1,outputs/pdfs_full/자원환경공학과__MPE2001__지구환경공학개론.pdf,ok
MPE2005,자원처리공학,H0002560,자원환경공학과,자원환경공학과(학부/서울),1995/1 ~ 2029/2,2022,1,2026,1,20,5,1,outputs/pdfs_full/자원환경공학과__MPE2005__자원처리공학.pdf,ok
MPE2007,자원경제및정책,H0002560,자원환경공학과,자원환경공학과(학부/서울),2012/1 ~ 2018/2,2012,1,2015,1,6,2,1,outputs/pdfs_full/자원환경공학과__MPE2007__자원경제및정책.pdf,ok
MPE2008,토양환경,H0002560,자원환경공학과,자원환경공학과(학부/서울),2025/1 ~ 2028/2,2025,1,2025,1,5,1,1,outputs/pdfs_full/자원환경공학과__MPE2008__토양환경.pdf,ok
MPE3003,저류층지구역학기초,H0002560,자원환경공학과,자원환경공학과(학부/서울),1995/1 ~ 2030/2,2022,1,2026,1,16,5,1,outputs/pdfs_full/자원환경공학과__MPE3003__저류층지구역학기초.pdf,ok
MPE4005,자원개발공학,H0002560,자원환경공학과,자원환경공학과(학부/서울),1996/1 ~ 2018/2,2012,2,2014,2,8,3,1,outputs/pdfs_full/자원환경공학과__MPE4005__자원개발공학.pdf,ok
NUE4030,플라즈마공학입문,H0002520,전기공학전공,전기공학전공(학부/서울),2019/1 ~ 2030/2,2020,1,2024,1,25,5,1,outputs/pdfs_full/전기공학전공__NUE4030__플라즈마공학입문.pdf,ok
NUR1002,간호학개론,H0004816,간호학과,간호학과,2016/1 ~ 2027/2,2022,2,2025,2,25,4,3,outputs/pdfs_full/간호학과__NUR1002__간호학개론.pdf,ok
NUR1006,간호와직업,H0004816,간호학과,간호학과,2017/1 ~ 2023/2,,,,,0,0,3,outputs/pdfs_full/간호학과__NUR1006__간호와직업.pdf,not_found
NUR1007,간호고전,H0003620,간호학전공,간호학전공,2013/1 ~ 2015/2,,,,,0,0,2,outputs/pdfs_full/간호학전공__NUR1007__간호고전.pdf,not_found
NUR1008,동양적건강과질병관,H0003620,간호학전공,간호학전공,2013/1 ~ 2015/2,,,,,0,0,2,outputs/pdfs_full/간호학전공__NUR1008__동양적건강과질병관.pdf,not_found
NUR1009,간호해부학,H0004816,간호학과,간호학과,2016/1 ~ 2027/2,2023,1,2026,1,20,4,3,outputs/pdfs_full/간호학과__NUR1009__간호해부학.pdf,ok
NUR1010,건강의고전적이해,H0004816,간호학과,간호학과,2016/1 ~ 2027/2,2024,2,2026,1,18,4,5,outputs/pdfs_full/간호학과__NUR1010__건강의고전적이해.pdf,ok
NUR1011,인류학의이해,H0004816,간호학과,간호학과,2016/1 ~ 2019/2,2022,2,2022,2,6,1,6,outputs/pdfs_full/간호학과__NUR1011__인류학의이해.pdf,ok
NUR1012,간호공학입문,H0004816,간호학과,간호학과,2020/2 ~ 2027/2,2022,2,2025,2,23,4,2,outputs/pdfs_full/간호학과__NUR1012__간호공학입문.pdf,ok
NUR1013,건강인류학,H0004816,간호학과,간호학과,2020/2 ~ 2027/2,2024,2,2026,1,18,4,4,outputs/pdfs_full/간호학과__NUR1013__건강인류학.pdf,ok
NUR1014,돌봄의사회적가치,H0004816,간호학과,간호학과,2024/1 ~ 2027/2,2024,2,2025,2,4,2,1,outputs/pdfs_full/간호학과__NUR1014__돌봄의사회적가치.pdf,ok
NUR2001,간호윤리,H0003620,간호학전공,간호학전공,2013/1 ~ 2016/2,,,,,0,0,2,outputs/pdfs_full/간호학전공__NUR2001__간호윤리.pdf,not_found
NUR2008,기본간호학및실습1,H0004816,간호학과,간호학과,2017/1 ~ 2022/2,,,,,0,0,3,outputs/pdfs_full/간호학과__NUR2008__기본간호학및실습1.pdf,not_found
NUR2009,기본간호학및실습2,H0004816,간호학과,간호학과,2017/1 ~ 2022/1,,,,,0,0,3,outputs/pdfs_full/간호학과__NUR2009__기본간호학및실습2.pdf,not_found
NUR2014,간호과정,H0004816,간호학과,간호학과,2018/1 ~ 2029/2,2023,1,2026,1,25,4,6,outputs/pdfs_full/간호학과__NUR2014__간호과정.pdf,ok
NUR2020,간호정보학,H0004816,간호학과,간호학과,2017/1 ~ 2028/2,2024,2,2026,1,22,4,6,outputs/pdfs_full/간호학과__NUR2020__간호정보학.pdf,ok
NUR2021,아동발달과건강,H0003620,간호학전공,간호학전공,2013/1 ~ 2016/2,,,,,0,0,2,outputs/pdfs_full/간호학전공__NUR2021__아동발달과건강.pdf,not_found
NUR2022,출산기가족의간호,H0004816,간호학과,간호학과,2018/1 ~ 2029/2,2023,1,2026,1,16,4,3,outputs/pdfs_full/간호학과__NUR2022__출산기가족의간호.pdf,ok
NUR2023,성인간호개론,H0003620,간호학전공,간호학전공,2013/1 ~ 2016/2,,,,,0,0,2,outputs/pdfs_full/간호학전공__NUR2023__성인간호개론.pdf,not_found
NUR2024,의사소통론,H0004816,간호학과,간호학과,2017/1 ~ 2027/2,2022,2,2025,2,26,4,3,outputs/pdfs_full/간호학과__NUR2024__의사소통론.pdf,ok
NUR2028,출산기건강장애와간호,H0004816,간호학과,간호학과,2018/1 ~ 2025/2,,,,,0,0,3,outputs/pdfs_full/간호학과__NUR2028__출산기건강장애와간호.pdf,not_found
NUR2029,성인건강간호중재론1,H0003620,간호학전공,간호학전공,2013/1 ~ 2017/2,,,,,0,0,2,outputs/pdfs_full/간호학전공__NUR2029__성인건강간호중재론1.pdf,not_found
NUR2031,지역중심간호과학1,H0004816,간호학과,간호학과,2019/1 ~ 2022/2,,,,,0,0,3,outputs/pdfs_full/간호학과__NUR2031__지역중심간호과학1.pdf,not_found
NUR2033,성장과발달,H0004816,간호학과,간호학과,2017/1 ~ 2024/2,,,,,0,0,3,outputs/pdfs_full/간호학과__NUR2033__성장과발달.pdf,not_found
NUR2034,논리와비평적사고,H0004816,간호학과,간호학과,2017/1 ~ 2024/2,,,,,0,0,3,outputs/pdfs_full/간호학과__NUR2034__논리와비평적사고.pdf,not_found
NUR2035,간호약리학,H0004816,간호학과,간호학과,2017/1 ~ 2028/2,2023,1,2026,1,22,4,3,outputs/pdfs_full/간호학과__NUR2035__간호약리학.pdf,ok
NUR2036,기초간호과학4,H0004816,간호학과,간호학과,2017/1 ~ 2024/2,,,,,0,0,3,outputs/pdfs_full/간호학과__NUR2036__기초간호과학4.pdf,not_found
NUR2037,인간발달과사회,H0004816,간호학과,간호학과,2021/1 ~ 2028/2,2023,1,2026,1,21,4,2,outputs/pdfs_full/간호학과__NUR2037__인간발달과사회.pdf,ok
NUR2038,디지털헬스디자인,H0004816,간호학과,간호학과,2021/1 ~ 2028/2,2022,2,2025,2,12,4,2,outputs/pdfs_full/간호학과__NUR2038__디지털헬스디자인.pdf,ok
NUR2039,기본간호학2,H0004816,간호학과,간호학과,2022/1 ~ 2028/2,2022,2,2025,2,26,4,2,outputs/pdfs_full/간호학과__NUR2039__기본간호학2.pdf,ok
NUR2040,기본간호학실습2,H0004816,간호학과,간호학과,2022/1 ~ 2028/2,2022,2,2025,2,14,4,2,outputs/pdfs_full/간호학과__NUR2040__기본간호학실습2.pdf,ok
NUR2041,기본간호학1,H0004816,간호학과,간호학과,2023/1 ~ 2028/2,2023,1,2026,1,28,4,2,outputs/pdfs_full/간호학과__NUR2041__기본간호학1.pdf,ok
NUR2042,기본간호학실습1,H0004816,간호학과,간호학과,2023/1 ~ 2028/2,2023,1,2026,1,17,4,2,outputs/pdfs_full/간호학과__NUR2042__기본간호학실습1.pdf,ok
NUR3007,지역사회간호학1,H0004816,간호학과,간호학과,2018/1 ~ 2030/2,2022,2,2025,2,21,4,2,outputs/pdfs_full/간호학과__NUR3007__지역사회간호학1.pdf,ok
NUR3008,지역사회간호학2,H0004816,간호학과,간호학과,2019/1 ~ 2030/2,2022,2,2025,2,12,4,2,outputs/pdfs_full/간호학과__NUR3008__지역사회간호학2.pdf,ok
NUR3009,임상실습1,H0004816,간호학과,간호학과,2018/1 ~ 2021/2,,,,,0,0,3,outputs/pdfs_full/간호학과__NUR3009__임상실습1.pdf,not_found
NUR3010,임상실습2,H0004816,간호학과,간호학과,2018/1 ~ 2021/2,,,,,0,0,3,outputs/pdfs_full/간호학과__NUR3010__임상실습2.pdf,not_found
NUR3015,보건교육,H0003620,간호학전공,간호학전공,2013/1 ~ 2016/2,,,,,0,0,2,outputs/pdfs_full/간호학전공__NUR3015__보건교육.pdf,not_found
NUR3022,한방간호,H0003621,간호학전공(야),간호학전공(야),2013/1 ~ 2018/2,,,,,0,0,2,outputs/pdfs_full/간호학전공(야)__NUR3022__한방간호.pdf,not_found
NUR3026,호스피스,H0004817,간호학과(야),간호학과(야),2019/1 ~ 2030/2,2022,2,2025,2,14,3,3,outputs/pdfs_full/간호학과(야)__NUR3026__호스피스.pdf,ok
NUR3029,건강사정,H0004816,간호학과,간호학과,2017/1 ~ 2028/2,2022,2,2025,2,23,4,3,outputs/pdfs_full/간호학과__NUR3029__건강사정.pdf,ok
NUR3031,간호병태생리학,H0004816,간호학과,간호학과,2016/1 ~ 2027/2,2022,2,2025,2,28,4,3,outputs/pdfs_full/간호학과__NUR3031__간호병태생리학.pdf,ok
NUR3032,간호이슈와비평적사고,H0002601,의학과,의학과(학부/서울),1999/1 ~ 2002/2,2024,2,2026,1,12,4,7,outputs/pdfs_full/의학과__NUR3032__간호이슈와비평적사고.pdf,ok
NUR3037,간호생리학,H0004817,간호학과(야),간호학과(야),2018/1 ~ 2019/1,,,,,0,0,3,outputs/pdfs_full/간호학과(야)__NUR3037__간호생리학.pdf,error|not_found
NUR3038,간호병리학,H0004817,간호학과(야),간호학과(야),2018/1 ~ 2029/2,2022,2,2025,2,22,4,3,outputs/pdfs_full/간호학과(야)__NUR3038__간호병리학.pdf,ok
NUR3039,인간발달,H0004817,간호학과(야),간호학과(야),2018/1 ~ 2025/2,,,,,0,0,3,outputs/pdfs_full/간호학과(야)__NUR3039__인간발달.pdf,not_found
NUR3040,호스피스간호,H0004816,간호학과,간호학과,2019/1 ~ 2022/2,,,,,0,0,3,outputs/pdfs_full/간호학과__NUR3040__호스피스간호.pdf,not_found
NUR3041,성인건강간호중재론2,H0003620,간호학전공,간호학전공,2013/1 ~ 2017/2,,,,,0,0,2,outputs/pdfs_full/간호학전공__NUR3041__성인건강간호중재론2.pdf,not_found
NUR3045,아동건강문제와가족간호1,H0004816,간호학과,간호학과,2018/1 ~ 2029/2,2023,1,2026,1,15,4,3,outputs/pdfs_full/간호학과__NUR3045__아동건강문제와가족간호1.pdf,ok
NUR3046,응급간호학,H0004816,간호학과,간호학과,2018/1 ~ 2021/2,,,,,0,0,3,outputs/pdfs_full/간호학과__NUR3046__응급간호학.pdf,not_found
NUR3047,지역중심간호과학2,H0004816,간호학과,간호학과,2019/1 ~ 2022/2,,,,,0,0,3,outputs/pdfs_full/간호학과__NUR3047__지역중심간호과학2.pdf,not_found
NUR3048,학교중심간호과학,H0004816,간호학과,간호학과,2018/1 ~ 2021/2,,,,,0,0,3,outputs/pdfs_full/간호학과__NUR3048__학교중심간호과학.pdf,not_found
NUR3051,여성의부인과적장애와간호,H0004816,간호학과,간호학과,2019/1 ~ 2029/2,2022,2,2025,2,18,4,3,outputs/pdfs_full/간호학과__NUR3051__여성의부인과적장애와간호.pdf,ok
NUR3052,중환자간호,H0003620,간호학전공,간호학전공,2013/1 ~ 2018/2,,,,,0,0,2,outputs/pdfs_full/간호학전공__NUR3052__중환자간호.pdf,not_found
NUR3053,정신건강간호중재,H0003620,간호학전공,간호학전공,2013/1 ~ 2017/2,,,,,0,0,2,outputs/pdfs_full/간호학전공__NUR3053__정신건강간호중재.pdf,not_found
NUR3054,영유아기가족간호,H0004816,간호학과,간호학과,2019/1 ~ 2030/2,2022,2,2026,1,18,5,3,outputs/pdfs_full/간호학과__NUR3054__영유아기가족간호.pdf,ok
NUR3056,지역사회정신간호,H0004816,간호학과,간호학과,2019/1 ~ 2030/2,2023,1,2026,1,15,4,3,outputs/pdfs_full/간호학과__NUR3056__지역사회정신간호.pdf,ok
NUR3058,아동건강문제와가족간호2,H0004816,간호학과,간호학과,2018/1 ~ 2029/2,2022,2,2025,2,15,4,3,outputs/pdfs_full/간호학과__NUR3058__아동건강문제와가족간호2.pdf,ok
NUR3059,대체요법과간호,H0003621,간호학전공(야),간호학전공(야),2013/1 ~ 2018/2,,,,,0,0,2,outputs/pdfs_full/간호학전공(야)__NUR3059__대체요법과간호.pdf,not_found
NUR3060,문화와전인간호,H0004817,간호학과(야),간호학과(야),2018/1 ~ 2019/1,,,,,0,0,3,outputs/pdfs_full/간호학과(야)__NUR3060__문화와전인간호.pdf,not_found
NUR3062,심리사회간호,H0003620,간호학전공,간호학전공,2013/1 ~ 2017/2,,,,,0,0,2,outputs/pdfs_full/간호학전공__NUR3062__심리사회간호.pdf,not_found
NUR3064,간호연구및통계,H0003621,간호학전공(야),간호학전공(야),2013/1 ~ 2017/2,,,,,0,0,2,outputs/pdfs_full/간호학전공(야)__NUR3064__간호연구및통계.pdf,not_found
NUR3065,근거중심의간호실무,H0004817,간호학과(야),간호학과(야),2018/1 ~ 2029/2,2023,1,2026,1,14,4,3,outputs/pdfs_full/간호학과(야)__NUR3065__근거중심의간호실무.pdf,ok
NUR3066,지역사회/정신건강간호,H0003621,간호학전공(야),간호학전공(야),2013/1 ~ 2017/2,,,,,0,0,2,outputs/pdfs_full/간호학전공(야)__NUR3066__지역사회_정신건강간호.pdf,not_found
NUR3067,통합간호1,H0003621,간호학전공(야),간호학전공(야),2013/1 ~ 2017/2,,,,,0,0,2,outputs/pdfs_full/간호학전공(야)__NUR3067__통합간호1.pdf,not_found
NUR3069,보건프로그램개발및평가,H0003620,간호학전공,간호학전공,2013/1 ~ 2015/2,,,,,0,0,2,outputs/pdfs_full/간호학전공__NUR3069__보건프로그램개발및평가.pdf,not_found
NUR3070,정신건강간호,H0004816,간호학과,간호학과,2018/1 ~ 2028/2,2024,2,2026,1,20,4,6,outputs/pdfs_full/간호학과__NUR3070__정신건강간호.pdf,ok
NUR3071,성인간호중재론(배설),H0004816,간호학과,간호학과,2018/1 ~ 2021/2,,,,,0,0,3,outputs/pdfs_full/간호학과__NUR3071__성인간호중재론(배설).pdf,not_found
NUR3072,정신질환간호중재,H0004816,간호학과,간호학과,2018/1 ~ 2029/2,2023,1,2026,1,20,4,3,outputs/pdfs_full/간호학과__NUR3072__정신질환간호중재.pdf,ok
NUR3073,성인간호중재론(인지와조절),H0004816,간호학과,간호학과,2018/1 ~ 2021/2,,,,,0,0,3,outputs/pdfs_full/간호학과__NUR3073__성인간호중재론(인지와조절).pdf,not_found
NUR3074,성인간호중재론(산화),H0004816,간호학과,간호학과,2018/1 ~ 2021/2,,,,,0,0,3,outputs/pdfs_full/간호학과__NUR3074__성인간호중재론(산화).pdf,not_found
NUR3075,노인건강간호,H0004817,간호학과(야),간호학과(야),2018/1 ~ 2029/2,2022,2,2025,2,25,4,3,outputs/pdfs_full/간호학과(야)__NUR3075__노인건강간호.pdf,ok
NUR3076,성인간호학:소화배설,H0004816,간호학과,간호학과,2018/1 ~ 2029/2,2023,1,2026,1,21,4,2,outputs/pdfs_full/간호학과__NUR3076__성인간호학_소화배설.pdf,ok
NUR3077,성인간호학:대사,H0004816,간호학과,간호학과,2019/1 ~ 2029/2,2022,2,2025,2,22,4,2,outputs/pdfs_full/간호학과__NUR3077__성인간호학_대사.pdf,ok
NUR3078,성인간호학:산소화및감각,H0004816,간호학과,간호학과,2018/1 ~ 2028/2,2022,2,2025,2,21,4,2,outputs/pdfs_full/간호학과__NUR3078__성인간호학_산소화및감각.pdf,ok
NUR3079,성인간호학:인지조절,H0004816,간호학과,간호학과,2018/1 ~ 2029/2,2022,2,2025,2,21,4,2,outputs/pdfs_full/간호학과__NUR3079__성인간호학_인지조절.pdf,ok
NUR3080,성인간호실습1,H0004816,간호학과,간호학과,2018/1 ~ 2029/2,2022,2,2025,2,9,4,2,outputs/pdfs_full/간호학과__NUR3080__성인간호실습1.pdf,ok
NUR3081,성인간호실습2,H0004816,간호학과,간호학과,2018/1 ~ 2029/2,2022,2,2025,2,11,4,2,outputs/pdfs_full/간호학과__NUR3081__성인간호실습2.pdf,ok
NUR3082,여성간호실습,H0004816,간호학과,간호학과,2018/1 ~ 2029/2,2022,2,2025,2,10,4,2,outputs/pdfs_full/간호학과__NUR3082__여성간호실습.pdf,ok
NUR3083,아동간호실습,H0004816,간호학과,간호학과,2018/1 ~ 2030/2,2023,1,2026,1,9,4,2,outputs/pdfs_full/간호학과__NUR3083__아동간호실습.pdf,ok
NUR3084,간호과정실습,H0004816,간호학과,간호학과,2018/1 ~ 2029/2,2022,2,2025,2,10,4,2,outputs/pdfs_full/간호학과__NUR3084__간호과정실습.pdf,ok
NUR3085,근거기반기본간호이슈,H0004816,간호학과,간호학과,2020/2 ~ 2025/2,,,,,0,0,2,outputs/pdfs_full/간호학과__NUR3085__근거기반기본간호이슈.pdf,not_found
NUR3086,대상자교육중재,H0004816,간호학과,간호학과,2020/2 ~ 2024/2,,,,,0,0,2,outputs/pdfs_full/간호학과__NUR3086__대상자교육중재.pdf,not_found
NUR3087,핵심술기실습,H0004816,간호학과,간호학과,2022/1 ~ 2029/2,2023,1,2026,1,9,4,2,outputs/pdfs_full/간호학과__NUR3087__핵심술기실습.pdf,ok
NUR3088,간호데이터분석과시각화,H0004816,간호학과,간호학과,2022/1 ~ 2029/2,2023,1,2026,1,9,4,2,outputs/pdfs_full/간호학과__NUR3088__간호데이터분석과시각화.pdf,ok
NUR4009,임상실습3,H0004816,간호학과,간호학과,2019/1 ~ 2022/2,,,,,0,0,3,outputs/pdfs_full/간호학과__NUR4009__임상실습3.pdf,not_found
NUR4010,임상실습4,H0004816,간호학과,간호학과,2019/1 ~ 2022/2,,,,,0,0,3,outputs/pdfs_full/간호학과__NUR4010__임상실습4.pdf,not_found
NUR4014,노인간호학,H0004816,간호학과,간호학과,2017/1 ~ 2028/2,2022,2,2025,2,21,4,4,outputs/pdfs_full/간호학과__NUR4014__노인간호학.pdf,ok
NUR4018,가정간호학,H0004817,간호학과(야),간호학과(야),2019/1 ~ 2030/2,2023,1,2026,1,16,3,3,outputs/pdfs_full/간호학과(야)__NUR4018__가정간호학.pdf,ok
NUR4019,여성건강간호,H0004816,간호학과,간호학과,2017/1 ~ 2028/2,2022,2,2025,2,18,4,6,outputs/pdfs_full/간호학과__NUR4019__여성건강간호.pdf,ok
NUR4021,간호관리학1,H0003620,간호학전공,간호학전공,2013/1 ~ 2018/2,,,,,0,0,2,outputs/pdfs_full/간호학전공__NUR4021__간호관리학1.pdf,not_found
NUR4022,간호관리학2,H0003620,간호학전공,간호학전공,2013/1 ~ 2018/2,,,,,0,0,2,outputs/pdfs_full/간호학전공__NUR4022__간호관리학2.pdf,not_found
NUR4023,보건의료법규,H0004816,간호학과,간호학과,2019/1 ~ 2030/2,2022,2,2025,2,24,4,3,outputs/pdfs_full/간호학과__NUR4023__보건의료법규.pdf,ok
NUR4031,간호연구,H0004816,간호학과,간호학과,2018/1 ~ 2029/2,2022,2,2025,2,20,4,6,outputs/pdfs_full/간호학과__NUR4031__간호연구.pdf,ok
NUR4032,지역사회간호,H0004817,간호학과(야),간호학과(야),2019/1 ~ 2030/2,2022,2,2025,2,23,4,3,outputs/pdfs_full/간호학과(야)__NUR4032__지역사회간호.pdf,ok
NUR4033,만성간호,H0004817,간호학과(야),간호학과(야),2019/1 ~ 2030/2,2023,1,2026,1,15,4,3,outputs/pdfs_full/간호학과(야)__NUR4033__만성간호.pdf,ok
NUR4039,치매간호,H0004817,간호학과(야),간호학과(야),2019/1 ~ 2030/2,2022,2,2025,2,19,4,3,outputs/pdfs_full/간호학과(야)__NUR4039__치매간호.pdf,ok
NUR4043,만성질환자간호,H0003620,간호학전공,간호학전공,2013/1 ~ 2018/2,,,,,0,0,2,outputs/pdfs_full/간호학전공__NUR4043__만성질환자간호.pdf,not_found
NUR4048,간호정책,H0004816,간호학과,간호학과,2018/1 ~ 2028/2,2023,1,2026,1,26,4,6,outputs/pdfs_full/간호학과__NUR4048__간호정책.pdf,ok
NUR4050,임상종합평가(PBL),H0004816,간호학과,간호학과,2019/1 ~ 2025/2,,,,,0,0,3,outputs/pdfs_full/간호학과__NUR4050__임상종합평가(PBL).pdf,not_found
NUR4052,전공종합평가,H0004816,간호학과,간호학과,2019/1 ~ 2026/2,2022,2,2022,2,3,1,3,outputs/pdfs_full/간호학과__NUR4052__전공종합평가.pdf,ok
NUR4054,간호이론,H0004817,간호학과(야),간호학과(야),2019/1 ~ 2030/2,2023,2,2025,2,9,3,3,outputs/pdfs_full/간호학과(야)__NUR4054__간호이론.pdf,ok
NUR4056,간호조직관리,H0004817,간호학과(야),간호학과(야),2019/1 ~ 2030/2,2022,2,2025,2,23,4,3,outputs/pdfs_full/간호학과(야)__NUR4056__간호조직관리.pdf,ok
NUR4059,간호통계,H0004817,간호학과(야),간호학과(야),2018/1 ~ 2029/2,2022,2,2025,2,18,4,3,outputs/pdfs_full/간호학과(야)__NUR4059__간호통계.pdf,ok
NUR4063,간호과오론,H0003621,간호학전공(야),간호학전공(야),2013/1 ~ 2018/2,,,,,0,0,2,outputs/pdfs_full/간호학전공(야)__NUR4063__간호과오론.pdf,not_found
NUR4064,통합간호2(중년건강간호),H0003621,간호학전공(야),간호학전공(야),2013/1 ~ 2018/2,,,,,0,0,2,outputs/pdfs_full/간호학전공(야)__NUR4064__통합간호2(중년건강간호).pdf,not_found
NUR4065,통합간호3,H0003621,간호학전공(야),간호학전공(야),2013/1 ~ 2018/2,,,,,0,0,2,outputs/pdfs_full/간호학전공(야)__NUR4065__통합간호3.pdf,not_found
NUR4066,통합간호4,H0003621,간호학전공(야),간호학전공(야),2013/1 ~ 2018/2,,,,,0,0,2,outputs/pdfs_full/간호학전공(야)__NUR4066__통합간호4.pdf,not_found
NUR4067,간호전문직과윤리,H0004816,간호학과,간호학과,2017/1 ~ 2028/2,2024,2,2026,1,24,4,6,outputs/pdfs_full/간호학과__NUR4067__간호전문직과윤리.pdf,ok
NUR4068,건강증진,H0003621,간호학전공(야),간호학전공(야),2013/1 ~ 2018/2,,,,,0,0,2,outputs/pdfs_full/간호학전공(야)__NUR4068__건강증진.pdf,not_found
NUR4069,통합간호실습1,H0003621,간호학전공(야),간호학전공(야),2013/1 ~ 2018/2,,,,,0,0,2,outputs/pdfs_full/간호학전공(야)__NUR4069__통합간호실습1.pdf,not_found
NUR4070,통합간호실습2,H0003621,간호학전공(야),간호학전공(야),2013/1 ~ 2018/2,,,,,0,0,2,outputs/pdfs_full/간호학전공(야)__NUR4070__통합간호실습2.pdf,not_found
NUR4071,여성의평생건강전략,H0004817,간호학과(야),간호학과(야),2019/1 ~ 2030/2,2023,1,2025,1,9,3,3,outputs/pdfs_full/간호학과(야)__NUR4071__여성의평생건강전략.pdf,ok
NUR4074,통합간호실습,H0004817,간호학과(야),간호학과(야),2019/1 ~ 2022/2,,,,,0,0,3,outputs/pdfs_full/간호학과(야)__NUR4074__통합간호실습.pdf,not_found
NUR4076,보건교육방법론,H0003620,간호학전공,간호학전공,2013/1 ~ 2017/2,,,,,0,0,2,outputs/pdfs_full/간호학전공__NUR4076__보건교육방법론.pdf,not_found
NUR4079,직업환경중심간호과학,H0004816,간호학과,간호학과,2019/1 ~ 2022/2,,,,,0,0,3,outputs/pdfs_full/간호학과__NUR4079__직업환경중심간호과학.pdf,not_found
NUR4080,간호연구의실제,H0004816,간호학과,간호학과,2019/1 ~ 2026/2,2023,1,2026,1,9,4,6,outputs/pdfs_full/간호학과__NUR4080__간호연구의실제.pdf,ok
NUR4081,성인간호중재론(대사),H0004816,간호학과,간호학과,2019/1 ~ 2022/2,,,,,0,0,3,outputs/pdfs_full/간호학과__NUR4081__성인간호중재론(대사).pdf,not_found
NUR4082,성인간호중재론(순환),H0004816,간호학과,간호학과,2018/1 ~ 2021/2,,,,,0,0,3,outputs/pdfs_full/간호학과__NUR4082__성인간호중재론(순환).pdf,not_found
NUR4083,간호관리학,H0004816,간호학과,간호학과,2019/1 ~ 2029/2,2023,1,2026,1,25,4,3,outputs/pdfs_full/간호학과__NUR4083__간호관리학.pdf,ok
NUR4084,중년건강간호,H0004817,간호학과(야),간호학과(야),2019/1 ~ 2030/2,2023,1,2026,1,16,4,3,outputs/pdfs_full/간호학과(야)__NUR4084__중년건강간호.pdf,ok
NUR4085,심혈관건강증진,H0004817,간호학과(야),간호학과(야),2019/1 ~ 2030/2,2022,2,2025,2,17,4,3,outputs/pdfs_full/간호학과(야)__NUR4085__심혈관건강증진.pdf,ok
NUR4086,아동건강간호,H0004817,간호학과(야),간호학과(야),2019/1 ~ 2030/2,2022,2,2025,2,12,4,3,outputs/pdfs_full/간호학과(야)__NUR4086__아동건강간호.pdf,ok
NUR4089,성인간호학:순환,H0004816,간호학과,간호학과,2019/1 ~ 2029/2,2023,1,2026,1,26,4,2,outputs/pdfs_full/간호학과__NUR4089__성인간호학_순환.pdf,ok
NUR4090,성인간호학:종양과안위,H0004816,간호학과,간호학과,2019/1 ~ 2030/2,2023,1,2026,1,17,4,2,outputs/pdfs_full/간호학과__NUR4090__성인간호학_종양과안위.pdf,ok
NUR4091,성인간호실습3,H0004816,간호학과,간호학과,2019/1 ~ 2030/2,2023,1,2026,1,10,4,2,outputs/pdfs_full/간호학과__NUR4091__성인간호실습3.pdf,ok
NUR4092,정신간호실습,H0004816,간호학과,간호학과,2019/1 ~ 2030/2,2023,1,2026,1,8,4,2,outputs/pdfs_full/간호학과__NUR4092__정신간호실습.pdf,ok
NUR4093,간호관리실습,H0004816,간호학과,간호학과,2019/1 ~ 2030/2,2023,1,2026,1,8,4,2,outputs/pdfs_full/간호학과__NUR4093__간호관리실습.pdf,ok
NUR4094,지역사회간호실습1,H0004816,간호학과,간호학과,2019/1 ~ 2026/2,2022,2,2025,2,9,4,2,outputs/pdfs_full/간호학과__NUR4094__지역사회간호실습1.pdf,ok
NUR4095,지역사회정신간호실습,H0004816,간호학과,간호학과,2019/1 ~ 2030/2,2022,2,2025,2,10,4,2,outputs/pdfs_full/간호학과__NUR4095__지역사회정신간호실습.pdf,ok
NUR4096,임상종합실습,H0004816,간호학과,간호학과,2019/1 ~ 2030/2,2022,2,2025,2,11,4,2,outputs/pdfs_full/간호학과__NUR4096__임상종합실습.pdf,ok
NUR4097,심화통합실습,H0004816,간호학과,간호학과,2023/1 ~ 2030/2,2023,2,2025,2,9,3,2,outputs/pdfs_full/간호학과__NUR4097__심화통합실습.pdf,ok
NUR4098,지역사회간호실습,H0004816,간호학과,간호학과,2027/1 ~ 2030/2,,,,,0,0,1,outputs/pdfs_full/간호학과__NUR4098__지역사회간호실습.pdf,not_found
NUR4099,노인간호실습,H0004816,간호학과,간호학과,2027/1 ~ 2030/2,,,,,0,0,1,outputs/pdfs_full/간호학과__NUR4099__노인간호실습.pdf,not_found
OCH1003,관현악1,H0002740,관현악과,관현악과(학부/서울),1993/1 ~ 2027/2,2022,1,2026,1,18,5,1,outputs/pdfs_full/관현악과__OCH1003__관현악1.pdf,ok
OCH1004,관현악2,H0002740,관현악과,관현악과(학부/서울),1993/1 ~ 2027/2,2022,2,2025,2,16,4,2,outputs/pdfs_full/관현악과__OCH1004__관현악2.pdf,ok
OCH1005,실내악1,H0002740,관현악과,관현악과(학부/서울),1993/1 ~ 2027/2,2022,1,2026,1,12,5,1,outputs/pdfs_full/관현악과__OCH1005__실내악1.pdf,ok
OCH1006,실내악2,H0002740,관현악과,관현악과(학부/서울),1993/1 ~ 2027/2,2022,2,2025,2,9,4,1,outputs/pdfs_full/관현악과__OCH1006__실내악2.pdf,ok
OCH1007,관현악전공실기1,H0002740,관현악과,관현악과(학부/서울),1999/1 ~ 2027/2,2022,1,2026,1,17,5,1,outputs/pdfs_full/관현악과__OCH1007__관현악전공실기1.pdf,ok
OCH1008,관현악전공실기2,H0002740,관현악과,관현악과(학부/서울),1999/1 ~ 2027/2,2022,2,2025,2,14,4,2,outputs/pdfs_full/관현악과__OCH1008__관현악전공실기2.pdf,ok
OCH1011,오케스트라1,H0002740,관현악과,관현악과(학부/서울),2006/1 ~ 2029/2,2022,1,2026,1,23,5,1,outputs/pdfs_full/관현악과__OCH1011__오케스트라1.pdf,ok
OCH1012,오케스트라2,H0002740,관현악과,관현악과(학부/서울),2006/1 ~ 2029/2,2022,2,2025,2,21,4,1,outputs/pdfs_full/관현악과__OCH1012__오케스트라2.pdf,ok
OCH1013,오케스트라3,H0002740,관현악과,관현악과(학부/서울),2007/1 ~ 2030/2,2022,1,2026,1,21,5,1,outputs/pdfs_full/관현악과__OCH1013__오케스트라3.pdf,ok
OCH1014,오케스트라4,H0002740,관현악과,관현악과(학부/서울),2007/1 ~ 2030/2,2022,2,2025,2,16,4,1,outputs/pdfs_full/관현악과__OCH1014__오케스트라4.pdf,ok
OCH1017,관악합주1,H0002740,관현악과,관현악과(학부/서울),2013/1 ~ 2015/2,2013,1,2015,1,3,3,1,outputs/pdfs_full/관현악과__OCH1017__관악합주1.pdf,ok
OCH1018,현악합주1,H0002740,관현악과,관현악과(학부/서울),2013/1 ~ 2015/2,2013,1,2015,1,6,3,1,outputs/pdfs_full/관현악과__OCH1018__현악합주1.pdf,ok
OCH1019,관악합주2,H0002740,관현악과,관현악과(학부/서울),2013/1 ~ 2015/2,2013,2,2015,2,3,3,1,outputs/pdfs_full/관현악과__OCH1019__관악합주2.pdf,ok
OCH1020,현악합주2,H0002740,관현악과,관현악과(학부/서울),2013/1 ~ 2015/2,2013,2,2015,2,5,3,1,outputs/pdfs_full/관현악과__OCH1020__현악합주2.pdf,ok
OCH1021,기초뮤지션쉽1,H0002740,관현악과,관현악과(학부/서울),2016/1 ~ 2027/2,2022,1,2026,1,39,5,1,outputs/pdfs_full/관현악과__OCH1021__기초뮤지션쉽1.pdf,ok
OCH2003,관악.현악합주1,H0002740,관현악과,관현악과(학부/서울),1989/1 ~ 2027/2,2022,1,2026,1,21,5,1,outputs/pdfs_full/관현악과__OCH2003__관악.현악합주1.pdf,ok
OCH2004,관악.현악합주2,H0002740,관현악과,관현악과(학부/서울),1989/1 ~ 2027/2,2022,2,2025,2,12,4,1,outputs/pdfs_full/관현악과__OCH2004__관악.현악합주2.pdf,ok
OCH2005,특수악기1,H0002738,작곡과,작곡과(학부/서울),1989/1 ~ 1992/2,2022,1,2026,1,15,5,3,outputs/pdfs_full/작곡과__OCH2005__특수악기1.pdf,ok
OCH2006,특수악기2,H0002738,작곡과,작곡과(학부/서울),1989/1 ~ 1992/2,2022,2,2025,2,15,4,3,outputs/pdfs_full/작곡과__OCH2006__특수악기2.pdf,ok
OCH2011,관현악3,H0002740,관현악과,관현악과(학부/서울),1994/1 ~ 2028/2,2022,1,2026,1,18,5,1,outputs/pdfs_full/관현악과__OCH2011__관현악3.pdf,ok
OCH2012,관현악4,H0002740,관현악과,관현악과(학부/서울),1994/1 ~ 2028/2,2022,2,2025,2,20,4,1,outputs/pdfs_full/관현악과__OCH2012__관현악4.pdf,ok
OCH2013,실내악3,H0002740,관현악과,관현악과(학부/서울),1994/1 ~ 2028/2,2022,1,2026,1,11,5,1,outputs/pdfs_full/관현악과__OCH2013__실내악3.pdf,ok
OCH2014,실내악4,H0002740,관현악과,관현악과(학부/서울),1994/1 ~ 2028/2,2022,2,2025,2,11,4,1,outputs/pdfs_full/관현악과__OCH2014__실내악4.pdf,ok
OCH2015,관현악전공실기3,H0002740,관현악과,관현악과(학부/서울),1999/1 ~ 2028/2,2022,1,2026,1,15,5,1,outputs/pdfs_full/관현악과__OCH2015__관현악전공실기3.pdf,ok
OCH2016,관현악전공실기4,H0002740,관현악과,관현악과(학부/서울),1999/1 ~ 2028/2,2022,2,2025,2,13,4,2,outputs/pdfs_full/관현악과__OCH2016__관현악전공실기4.pdf,ok
OCH2023,관악합주3,H0002740,관현악과,관현악과(학부/서울),2014/1 ~ 2016/2,2014,1,2016,1,7,3,1,outputs/pdfs_full/관현악과__OCH2023__관악합주3.pdf,ok
OCH2024,현악합주3,H0002740,관현악과,관현악과(학부/서울),2014/1 ~ 2016/2,2014,1,2016,1,10,3,1,outputs/pdfs_full/관현악과__OCH2024__현악합주3.pdf,ok
OCH2025,관악합주4,H0002740,관현악과,관현악과(학부/서울),2014/1 ~ 2016/2,2014,2,2016,2,4,3,1,outputs/pdfs_full/관현악과__OCH2025__관악합주4.pdf,ok
OCH2026,현악합주4,H0002740,관현악과,관현악과(학부/서울),2014/1 ~ 2016/2,2014,2,2016,2,6,3,1,outputs/pdfs_full/관현악과__OCH2026__현악합주4.pdf,ok
OCH3003,관악.현악합주3,H0002740,관현악과,관현악과(학부/서울),1990/1 ~ 2028/2,2022,1,2026,1,19,5,1,outputs/pdfs_full/관현악과__OCH3003__관악.현악합주3.pdf,ok
OCH3004,관악.현악합주4,H0002740,관현악과,관현악과(학부/서울),1990/1 ~ 2028/2,2022,2,2025,2,14,4,1,outputs/pdfs_full/관현악과__OCH3004__관악.현악합주4.pdf,ok
OCH3015,특수악기3,H0002738,작곡과,작곡과(학부/서울),1990/1 ~ 1993/2,2022,1,2026,1,13,5,3,outputs/pdfs_full/작곡과__OCH3015__특수악기3.pdf,ok
OCH3016,특수악기4,H0002738,작곡과,작곡과(학부/서울),1990/1 ~ 1993/2,2022,2,2025,2,9,4,3,outputs/pdfs_full/작곡과__OCH3016__특수악기4.pdf,ok
OCH3027,관현악전공실기5,H0002740,관현악과,관현악과(학부/서울),1999/1 ~ 2029/2,2022,1,2026,1,17,5,1,outputs/pdfs_full/관현악과__OCH3027__관현악전공실기5.pdf,ok
OCH3028,관현악전공실기6,H0002740,관현악과,관현악과(학부/서울),1999/1 ~ 2029/2,2022,2,2025,2,14,4,1,outputs/pdfs_full/관현악과__OCH3028__관현악전공실기6.pdf,ok
OCH3032,기악앙상블1,H0002739,피아노과,피아노과(학부/서울),2007/1 ~ 2029/2,2022,1,2026,1,11,5,2,outputs/pdfs_full/피아노과__OCH3032__기악앙상블1.pdf,ok
OCH3033,기악앙상블2,H0002739,피아노과,피아노과(학부/서울),2007/1 ~ 2029/2,2022,2,2025,2,10,4,2,outputs/pdfs_full/피아노과__OCH3033__기악앙상블2.pdf,ok
OCH3043,관악합주5,H0002740,관현악과,관현악과(학부/서울),2015/1 ~ 2017/2,2015,1,2017,1,5,3,1,outputs/pdfs_full/관현악과__OCH3043__관악합주5.pdf,ok
OCH3044,바로크음악연주1,H0002740,관현악과,관현악과(학부/서울),2015/1 ~ 2021/2,2017,1,2021,1,13,5,1,outputs/pdfs_full/관현악과__OCH3044__바로크음악연주1.pdf,ok
OCH3045,현악합주5,H0002740,관현악과,관현악과(학부/서울),2015/1 ~ 2017/2,2015,1,2017,1,4,3,1,outputs/pdfs_full/관현악과__OCH3045__현악합주5.pdf,ok
OCH3046,관악합주6,H0002740,관현악과,관현악과(학부/서울),2015/1 ~ 2017/2,2015,2,2017,2,4,3,1,outputs/pdfs_full/관현악과__OCH3046__관악합주6.pdf,ok
OCH3047,바로크음악연주2,H0002740,관현악과,관현악과(학부/서울),2015/1 ~ 2021/2,2017,2,2021,2,14,5,1,outputs/pdfs_full/관현악과__OCH3047__바로크음악연주2.pdf,ok
OCH3048,현악합주6,H0002740,관현악과,관현악과(학부/서울),2015/1 ~ 2017/2,2015,2,2017,2,7,3,1,outputs/pdfs_full/관현악과__OCH3048__현악합주6.pdf,ok
OCH3049,공연비즈니스와클래식콘서트제작1,H0002740,관현악과,관현악과(학부/서울),2022/1 ~ 2029/2,2023,1,2026,1,7,3,1,outputs/pdfs_full/관현악과__OCH3049__공연비즈니스와클래식콘서트제작1.pdf,ok
OCH3050,공연비즈니스와클래식콘서트제작2,H0002740,관현악과,관현악과(학부/서울),2022/1 ~ 2029/2,2022,2,2023,2,4,2,1,outputs/pdfs_full/관현악과__OCH3050__공연비즈니스와클래식콘서트제작2.pdf,ok
OCH4003,관악.현악합주5,H0002740,관현악과,관현악과(학부/서울),1991/1 ~ 2029/2,2022,1,2026,1,18,5,1,outputs/pdfs_full/관현악과__OCH4003__관악.현악합주5.pdf,ok
OCH4004,관악.현악합주6,H0002740,관현악과,관현악과(학부/서울),1991/1 ~ 2029/2,2022,2,2025,2,16,4,2,outputs/pdfs_full/관현악과__OCH4004__관악.현악합주6.pdf,ok
OCH4011,지휘법1,H0002737,성악과,성악과(학부/서울),1991/1 ~ 1994/2,2022,1,2026,1,19,5,3,outputs/pdfs_full/성악과__OCH4011__지휘법1.pdf,ok
OCH4012,지휘법2,H0002737,성악과,성악과(학부/서울),1991/1 ~ 1994/2,2021,2,2025,2,12,4,3,outputs/pdfs_full/성악과__OCH4012__지휘법2.pdf,ok
OCH4013,관악.현악합주7,H0002740,관현악과,관현악과(학부/서울),1992/1 ~ 2030/2,2022,1,2026,1,19,5,1,outputs/pdfs_full/관현악과__OCH4013__관악.현악합주7.pdf,ok
OCH4014,관악.현악합주8,H0002740,관현악과,관현악과(학부/서울),1992/1 ~ 2030/2,2022,2,2025,2,13,4,1,outputs/pdfs_full/관현악과__OCH4014__관악.현악합주8.pdf,ok
OCH4015,관현악문헌1,H0002740,관현악과,관현악과(학부/서울),2015/1 ~ 2029/2,2018,1,2026,1,22,5,1,outputs/pdfs_full/관현악과__OCH4015__관현악문헌1.pdf,ok
OCH4016,관현악문헌2,H0002740,관현악과,관현악과(학부/서울),2015/1 ~ 2021/2,2015,2,2017,2,17,3,1,outputs/pdfs_full/관현악과__OCH4016__관현악문헌2.pdf,ok
OCH4023,관현악전공실기7,H0002740,관현악과,관현악과(학부/서울),1999/1 ~ 2030/2,2022,1,2026,1,16,5,1,outputs/pdfs_full/관현악과__OCH4023__관현악전공실기7.pdf,ok
OCH4024,관현악전공실기8,H0002740,관현악과,관현악과(학부/서울),1999/1 ~ 2030/2,2022,2,2025,2,11,4,1,outputs/pdfs_full/관현악과__OCH4024__관현악전공실기8.pdf,ok
OCH4027,기악앙상블3,H0002739,피아노과,피아노과(학부/서울),2008/1 ~ 2030/2,2022,1,2026,1,7,5,2,outputs/pdfs_full/피아노과__OCH4027__기악앙상블3.pdf,ok
OCH4028,기악앙상블4,H0002739,피아노과,피아노과(학부/서울),2008/1 ~ 2030/2,2021,2,2025,2,7,4,2,outputs/pdfs_full/피아노과__OCH4028__기악앙상블4.pdf,ok
OCH4039,관악합주7,H0002740,관현악과,관현악과(학부/서울),2016/1 ~ 2018/2,2016,1,2018,1,5,3,1,outputs/pdfs_full/관현악과__OCH4039__관악합주7.pdf,ok
OCH4040,마스터클래스1,H0002740,관현악과,관현악과(학부/서울),2016/1 ~ 2030/2,2017,1,2026,1,15,5,1,outputs/pdfs_full/관현악과__OCH4040__마스터클래스1.pdf,ok
OCH4041,현악합주7,H0002740,관현악과,관현악과(학부/서울),2016/1 ~ 2018/2,2016,1,2018,1,6,3,1,outputs/pdfs_full/관현악과__OCH4041__현악합주7.pdf,ok
OCH4042,관악합주8,H0002740,관현악과,관현악과(학부/서울),2016/1 ~ 2018/2,2016,2,2018,2,6,3,1,outputs/pdfs_full/관현악과__OCH4042__관악합주8.pdf,ok
OCH4043,마스터클래스2,H0002740,관현악과,관현악과(학부/서울),2016/1 ~ 2030/2,2021,2,2025,2,12,4,1,outputs/pdfs_full/관현악과__OCH4043__마스터클래스2.pdf,ok
OCH4044,현악합주8,H0002740,관현악과,관현악과(학부/서울),2016/1 ~ 2018/2,2016,2,2018,2,6,3,1,outputs/pdfs_full/관현악과__OCH4044__현악합주8.pdf,ok
PAD1053,행정학의이해,H0002839,관광학부,관광학부(학부/서울),1997/1 ~ 2000/2,2014,2,2015,2,11,2,3,outputs/pdfs_full/관광학부__PAD1053__행정학의이해.pdf,ok
PAD1054,행정학의탐색,H0002834,사회과학부,사회과학부(학부/서울),2001/1 ~ 2013/2,2011,2,2015,1,22,4,3,outputs/pdfs_full/사회과학부__PAD1054__행정학의탐색.pdf,ok
PAD1055,심리학입문,H0003666,행정학과,행정학과,2014/1 ~ 2015/2,2014,1,2015,1,12,2,1,outputs/pdfs_full/행정학과__PAD1055__심리학입문.pdf,ok
PAD1056,통계학의기초,H0003666,행정학과,행정학과,2014/1 ~ 2015/2,2014,2,2015,2,9,2,1,outputs/pdfs_full/행정학과__PAD1056__통계학의기초.pdf,ok
PAD2001,한국행정론,H0002836,행정학전공,행정학전공(학부/서울),1999/1 ~ 2013/2,2014,2,2017,2,12,3,2,outputs/pdfs_full/행정학전공__PAD2001__한국행정론.pdf,ok
PAD2002,행정조사방법론,H0002836,행정학전공,행정학전공(학부/서울),1998/1 ~ 2013/2,2014,1,2016,1,18,3,2,outputs/pdfs_full/행정학전공__PAD2002__행정조사방법론.pdf,ok
PAD2017,경제분석,H0002836,행정학전공,행정학전공(학부/서울),2003/1 ~ 2013/2,2022,1,2026,1,17,5,2,outputs/pdfs_full/행정학전공__PAD2017__경제분석.pdf,ok
PAD2020,행정학의이론,H0002836,행정학전공,행정학전공(학부/서울),2010/1 ~ 2013/2,2022,1,2026,1,21,5,3,outputs/pdfs_full/행정학전공__PAD2020__행정학의이론.pdf,ok
PAD2021,행정연구캡스톤디자인,H0002836,행정학전공,행정학전공(학부/서울),2010/1 ~ 2013/2,2020,2,2024,2,27,5,3,outputs/pdfs_full/행정학전공__PAD2021__행정연구캡스톤디자인.pdf,ok
PAD2055,행정계량분석,H0002836,행정학전공,행정학전공(학부/서울),2006/1 ~ 2013/2,2021,2,2025,2,24,4,2,outputs/pdfs_full/행정학전공__PAD2055__행정계량분석.pdf,ok
PAD2056,지방자치론,H0002836,행정학전공,행정학전공(학부/서울),2006/1 ~ 2013/2,2022,2,2025,2,23,4,2,outputs/pdfs_full/행정학전공__PAD2056__지방자치론.pdf,ok
PAD2057,비교지방정부론,H0002836,행정학전공,행정학전공(학부/서울),2008/1 ~ 2013/2,2014,1,2016,1,14,3,2,outputs/pdfs_full/행정학전공__PAD2057__비교지방정부론.pdf,ok
PAD2058,행정법Ⅰ,H0002836,행정학전공,행정학전공(학부/서울),2010/1 ~ 2013/2,2014,2,2016,2,16,3,3,outputs/pdfs_full/행정학전공__PAD2058__행정법I.pdf,ok
PAD2059,공공투자론,H0002836,행정학전공,행정학전공(학부/서울),2011/1 ~ 2013/2,2014,2,2014,2,2,1,2,outputs/pdfs_full/행정학전공__PAD2059__공공투자론.pdf,ok
PAD2060,행정학의핵심주제,H0002836,행정학전공,행정학전공(학부/서울),2012/1 ~ 2013/2,2021,2,2025,2,19,4,3,outputs/pdfs_full/행정학전공__PAD2060__행정학의핵심주제.pdf,ok
PAD2061,행정기술론,H0003666,행정학과,행정학과,2021/1 ~ 2021/2,,,,,0,0,1,outputs/pdfs_full/행정학과__PAD2061__행정기술론.pdf,not_found
PAD2062,AI행정과데이터분석,H0003666,행정학과,행정학과,2022/1 ~ 2028/2,2022,2,2025,2,11,4,1,outputs/pdfs_full/행정학과__PAD2062__AI행정과데이터분석.pdf,ok
PAD3001,인사행정론,H0002836,행정학전공,행정학전공(학부/서울),1998/1 ~ 2013/2,2022,1,2026,1,20,5,2,outputs/pdfs_full/행정학전공__PAD3001__인사행정론.pdf,ok
PAD3002,재무행정론,H0002836,행정학전공,행정학전공(학부/서울),1999/1 ~ 2013/2,2021,2,2025,2,14,4,2,outputs/pdfs_full/행정학전공__PAD3002__재무행정론.pdf,ok
PAD3003,조직론,H0002867,정보시스템학과,정보시스템학과(학과/서울),2010/1 ~ 2028/2,2024,2,2026,1,24,4,4,outputs/pdfs_full/정보시스템학과__PAD3003__조직론.pdf,ok
PAD3004,정책학개론,H0002836,행정학전공,행정학전공(학부/서울),1998/1 ~ 2013/2,2022,2,2025,2,32,4,3,outputs/pdfs_full/행정학전공__PAD3004__정책학개론.pdf,ok
PAD3010,인간관계론,H0004817,간호학과(야),간호학과(야),2018/1 ~ 2029/2,2022,2,2025,2,19,4,3,outputs/pdfs_full/간호학과(야)__PAD3010__인간관계론.pdf,ok
PAD3016,행정통제론,H0002836,행정학전공,행정학전공(학부/서울),2000/1 ~ 2013/2,2014,1,2018,1,14,3,2,outputs/pdfs_full/행정학전공__PAD3016__행정통제론.pdf,ok
PAD3023,공기업경영론,H0002836,행정학전공,행정학전공(학부/서울),2003/1 ~ 2013/2,2018,1,2025,1,19,5,2,outputs/pdfs_full/행정학전공__PAD3023__공기업경영론.pdf,ok
PAD3025,행정법Ⅱ,H0002836,행정학전공,행정학전공(학부/서울),2011/1 ~ 2013/2,2014,1,2017,1,20,4,3,outputs/pdfs_full/행정학전공__PAD3025__행정법II.pdf,ok
PAD3026,감성정부론,H0002836,행정학전공,행정학전공(학부/서울),2011/1 ~ 2013/2,2021,1,2025,1,28,5,2,outputs/pdfs_full/행정학전공__PAD3026__감성정부론.pdf,ok
PAD3051,조직관리론,H0002894,경영학부,경영학부(학부/서울/경영),1999/1 ~ 2017/2,2013,1,2017,1,36,5,1,outputs/pdfs_full/경영학부__PAD3051__조직관리론.pdf,ok
PAD3052,복지행정론,H0002836,행정학전공,행정학전공(학부/서울),1999/1 ~ 2013/2,2022,1,2025,1,14,4,2,outputs/pdfs_full/행정학전공__PAD3052__복지행정론.pdf,ok
PAD3062,정치와행정,H0003663,정치외교학과,정치외교학과,2014/1 ~ 2016/2,2015,1,2020,2,22,5,4,outputs/pdfs_full/정치외교학과__PAD3062__정치와행정.pdf,ok
PAD3064,행정리더쉽트레이닝,H0002836,행정학전공,행정학전공(학부/서울),2008/1 ~ 2013/2,2014,2,2016,2,11,3,2,outputs/pdfs_full/행정학전공__PAD3064__행정리더쉽트레이닝.pdf,ok
PAD3065,국제사회와행정,H0002836,행정학전공,행정학전공(학부/서울),2007/1 ~ 2013/2,,,,,0,0,2,outputs/pdfs_full/행정학전공__PAD3065__국제사회와행정.pdf,not_found
PAD3066,문화행정론,H0002836,행정학전공,행정학전공(학부/서울),2006/1 ~ 2013/2,2021,2,2026,1,32,5,3,outputs/pdfs_full/행정학전공__PAD3066__문화행정론.pdf,ok
PAD3068,규제정책론,H0002836,행정학전공,행정학전공(학부/서울),2011/1 ~ 2013/2,2022,2,2025,2,10,4,2,outputs/pdfs_full/행정학전공__PAD3068__규제정책론.pdf,ok
PAD3070,성과관리론,H0002836,행정학전공,행정학전공(학부/서울),2012/1 ~ 2013/2,2021,2,2025,2,17,4,2,outputs/pdfs_full/행정학전공__PAD3070__성과관리론.pdf,ok
PAD3071,조직행태론,H0003666,행정학과,행정학과,2014/1 ~ 2029/2,2022,1,2026,1,27,5,1,outputs/pdfs_full/행정학과__PAD3071__조직행태론.pdf,ok
PAD3072,정책실험론,H0003666,행정학과,행정학과,2022/1 ~ 2029/2,2023,2,2025,2,11,3,1,outputs/pdfs_full/행정학과__PAD3072__정책실험론.pdf,ok
PAD3073,서베이데이터수집론,H0003666,행정학과,행정학과,2022/1 ~ 2029/2,2022,1,2026,1,10,5,1,outputs/pdfs_full/행정학과__PAD3073__서베이데이터수집론.pdf,ok
PAD4004,도시행정론,H0002836,행정학전공,행정학전공(학부/서울),1999/1 ~ 2013/2,2016,1,2021,1,23,5,2,outputs/pdfs_full/행정학전공__PAD4004__도시행정론.pdf,ok
PAD4015,정책분석평가론,H0002836,행정학전공,행정학전공(학부/서울),2003/1 ~ 2013/2,2018,2,2026,1,18,5,2,outputs/pdfs_full/행정학전공__PAD4015__정책분석평가론.pdf,ok
PAD4031,정책사례연구,H0002836,행정학전공,행정학전공(학부/서울),2004/1 ~ 2013/2,2014,1,2018,1,14,4,3,outputs/pdfs_full/행정학전공__PAD4031__정책사례연구.pdf,ok
PAD4035,Current Affairs And Public Policy,H0002836,행정학전공,행정학전공(학부/서울),2008/1 ~ 2013/2,2017,2,2017,2,6,1,2,outputs/pdfs_full/행정학전공__PAD4035__Current_Affairs_And_Public_Policy.pdf,ok
PAD4037,거버넌스이론,H0002836,행정학전공,행정학전공(학부/서울),2012/1 ~ 2013/2,2022,1,2026,1,17,5,2,outputs/pdfs_full/행정학전공__PAD4037__거버넌스이론.pdf,ok
PAD4038,Contemporary Public Administration,H0002836,행정학전공,행정학전공(학부/서울),2009/1 ~ 2013/2,2014,1,2014,1,4,1,2,outputs/pdfs_full/행정학전공__PAD4038__Contemporary_Public_Administration.pdf,ok
PAD4039,위기관리정책론,H0002836,행정학전공,행정학전공(학부/서울),2012/1 ~ 2013/2,2015,1,2017,1,8,2,2,outputs/pdfs_full/행정학전공__PAD4039__위기관리정책론.pdf,ok
PAD4040,시사정책현안분석,H0002836,행정학전공,행정학전공(학부/서울),2010/1 ~ 2013/2,2014,1,2015,1,9,2,2,outputs/pdfs_full/행정학전공__PAD4040__시사정책현안분석.pdf,ok
PAD4041,도시행정사례분석,H0002836,행정학전공,행정학전공(학부/서울),2012/1 ~ 2013/2,2014,1,2017,2,10,3,2,outputs/pdfs_full/행정학전공__PAD4041__도시행정사례분석.pdf,ok
PAD4043,졸업논문캡스톤디자인1,H0002836,행정학전공,행정학전공(학부/서울),2012/1 ~ 2013/2,,,,,0,0,2,outputs/pdfs_full/행정학전공__PAD4043__졸업논문캡스톤디자인1.pdf,not_found
PAD4044,졸업논문캡스톤디자인2,H0002836,행정학전공,행정학전공(학부/서울),2012/1 ~ 2013/2,2016,2,2018,2,2,2,2,outputs/pdfs_full/행정학전공__PAD4044__졸업논문캡스톤디자인2.pdf,ok
PAD4045,현대정책학이론,H0003666,행정학과,행정학과,2019/1 ~ 2030/2,2020,1,2025,1,18,5,1,outputs/pdfs_full/행정학과__PAD4045__현대정책학이론.pdf,ok
PAD4046,환경행정의이해,H0003666,행정학과,행정학과,2019/1 ~ 2022/2,2021,2,2021,2,3,1,1,outputs/pdfs_full/행정학과__PAD4046__환경행정의이해.pdf,ok
PAD4047,공직윤리론,H0003666,행정학과,행정학과,2019/1 ~ 2029/2,2019,1,2026,1,17,5,1,outputs/pdfs_full/행정학과__PAD4047__공직윤리론.pdf,ok
PAD4048,창의행정캡스톤디자인,H0003666,행정학과,행정학과,2019/1 ~ 2030/2,2020,2,2025,2,5,4,1,outputs/pdfs_full/행정학과__PAD4048__창의행정캡스톤디자인.pdf,ok
PAD4049,공공가치론,H0003666,행정학과,행정학과,2023/1 ~ 2029/2,2024,2,2024,2,1,1,1,outputs/pdfs_full/행정학과__PAD4049__공공가치론.pdf,ok
PAD5000,정부혁신론,H0002836,행정학전공,행정학전공(학부/서울),2012/1 ~ 2013/2,2017,2,2022,2,9,4,2,outputs/pdfs_full/행정학전공__PAD5000__정부혁신론.pdf,ok
PAD5001,정책리더십연구,H0002836,행정학전공,행정학전공(학부/서울),2012/1 ~ 2013/2,2014,2,2018,2,13,4,2,outputs/pdfs_full/행정학전공__PAD5001__정책리더십연구.pdf,ok
PBL4001,컴퓨터소프트웨어캡스톤PBL,H0002518,소프트웨어전공,소프트웨어전공,2018/2 ~ 2022/2,2024,2,2026,1,24,4,4,outputs/pdfs_full/소프트웨어전공__PBL4001__컴퓨터소프트웨어캡스톤PBL.pdf,ok
PBL4002,연극영화캡스톤PBL,H0003589,연극영화학과,연극영화학과,2018/2 ~ 2030/2,2024,2,2026,1,17,4,1,outputs/pdfs_full/연극영화학과__PBL4002__연극영화캡스톤PBL.pdf,ok
PBL4003,피아노과캡스톤PBL,H0002739,피아노과,피아노과(학부/서울),2018/2 ~ 2030/2,2019,2,2025,2,12,4,1,outputs/pdfs_full/피아노과__PBL4003__피아노과캡스톤PBL.pdf,ok
PBL4004,건축공학캡스톤PBL,H0002521,건축공학부,건축공학부(학부/서울),2019/1 ~ 2030/2,2024,2,2026,1,17,4,1,outputs/pdfs_full/건축공학부__PBL4004__건축공학캡스톤PBL.pdf,ok
PBL4005,경영대학캡스톤PBL,H0002894,경영학부,경영학부(학부/서울/경영),2018/2 ~ 2030/2,2023,2,2025,2,17,5,2,outputs/pdfs_full/경영학부__PBL4005__경영대학캡스톤PBL.pdf,ok
PBL4007,전기공학전공캡스톤PBL,H0002520,전기공학전공,전기공학전공(학부/서울),2019/1 ~ 2030/2,2021,1,2024,2,11,5,1,outputs/pdfs_full/전기공학전공__PBL4007__전기공학전공캡스톤PBL.pdf,ok
PBL4008,성악과캡스톤PBL,H0002737,성악과,성악과(학부/서울),2019/1 ~ 2022/2,2019,1,2019,1,2,1,1,outputs/pdfs_full/성악과__PBL4008__성악과캡스톤PBL.pdf,ok
PBL4009,융합전자공학캡스톤PBL,H0002575,융합전자공학부,융합전자공학부,2019/2 ~ 2030/2,2022,1,2026,1,10,4,1,outputs/pdfs_full/융합전자공학부__PBL4009__융합전자공학캡스톤PBL.pdf,ok
PBL4011,응용미술교육캡스톤PBL,H0002722,응용미술교육과,응용미술교육과(학부/서울),2019/2 ~ 2030/2,2024,2,2026,1,6,4,1,outputs/pdfs_full/응용미술교육과__PBL4011__응용미술교육캡스톤PBL.pdf,ok
PBL4012,수학캡스톤PBL,H0003560,수학과,수학과,2019/2 ~ 2030/2,2024,2,2026,1,10,4,1,outputs/pdfs_full/수학과__PBL4012__수학캡스톤PBL.pdf,ok
PBL4013,화학캡스톤PBL,H0003562,화학과,화학과,2019/2 ~ 2030/2,2023,2,2025,2,17,5,1,outputs/pdfs_full/화학과__PBL4013__화학캡스톤PBL.pdf,ok
PBL4014,생명과학캡스톤PBL,H0003563,생명과학과,생명과학과,2019/2 ~ 2030/2,2024,2,2026,1,12,4,1,outputs/pdfs_full/생명과학과__PBL4014__생명과학캡스톤PBL.pdf,ok
PBL4015,국악과캡스톤PBL,H0002741,국악과,국악과(학부/서울),2020/1 ~ 2030/2,2020,1,2020,1,2,1,1,outputs/pdfs_full/국악과__PBL4015__국악과캡스톤PBL.pdf,ok
PBL4017,정책연구캡스톤PBL,H0002983,정책학과,정책학과,2020/2 ~ 2030/2,2024,2,2026,1,10,4,1,outputs/pdfs_full/정책학과__PBL4017__정책연구캡스톤PBL.pdf,ok
PBL4018,영어영문캡스톤PBL,H0002800,영어영문학과,영어영문학(학부/서울),2023/1 ~ 2030/2,2024,2,2026,1,12,4,1,outputs/pdfs_full/영어영문학과__PBL4018__영어영문캡스톤PBL.pdf,ok
PBL4020,의류캡스톤PBL,H0003583,의류학과,의류학과,2021/1 ~ 2030/2,2024,2,2026,1,15,4,1,outputs/pdfs_full/의류학과__PBL4020__의류캡스톤PBL.pdf,ok
PBL4021,물리학캡스톤PBL,H0003561,물리학과,물리학과,2021/1 ~ 2030/2,2024,2,2026,1,10,4,1,outputs/pdfs_full/물리학과__PBL4021__물리학캡스톤PBL.pdf,ok
PBL4022,간호캡스톤PBL,H0004816,간호학과,간호학과,2023/1 ~ 2030/2,2023,1,2026,1,8,4,2,outputs/pdfs_full/간호학과__PBL4022__간호캡스톤PBL.pdf,ok
PBL4023,국제학부캡스톤PBL,H0002920,국제학부,국제학부,2022/1 ~ 2026/2,2025,1,2026,1,12,3,3,outputs/pdfs_full/국제학부__PBL4023__국제학부캡스톤PBL.pdf,ok
PBL4026,반도체공학캡스톤PBL,H0004761,반도체공학과,반도체공학과,2026/1 ~ 2030/2,,,,,0,0,1,outputs/pdfs_full/반도체공학과__PBL4026__반도체공학캡스톤PBL.pdf,not_found
PBL4028,사회혁신캡스톤PBL,H0004318,사회혁신융합전공,사회혁신융합전공,2025/1 ~ 2030/2,2025,1,2026,1,9,2,1,outputs/pdfs_full/사회혁신융합전공__PBL4028__사회혁신캡스톤PBL.pdf,ok
PER0002,공공수행인문학의이론과실제,H0002937,공공수행인문학전공,공공수행인문학전공,2008/1 ~ 2017/2,2013,1,2017,1,18,5,1,outputs/pdfs_full/공공수행인문학전공__PER0002__공공수행인문학의이론과실제.pdf,ok
PER0003,생각과논리,H0002813,수행인문학부,수행인문학부,2010/1 ~ 2016/2,2022,2,2025,2,12,4,2,outputs/pdfs_full/수행인문학부__PER0003__생각과논리.pdf,ok
PER0004,영어논리와표현,H0002813,수행인문학부,수행인문학부,2010/1 ~ 2015/2,2011,2,2015,2,29,5,2,outputs/pdfs_full/수행인문학부__PER0004__영어논리와표현.pdf,ok
PER1001,수행인문학논술,H0002794,국어국문학과,국어국문학(학부-인문과/서울),2010/1 ~ 2015/2,2011,1,2015,1,37,5,6,outputs/pdfs_full/국어국문학과__PER1001__수행인문학논술.pdf,ok
PER2001,STS란무엇인가,H0002936,STS(과학기술학)전공,STS(과학기술학)전공,2007/1 ~ 2020/2,2012,1,2016,1,12,5,2,outputs/pdfs_full/STS(과학기술학)전공__PER2001__STS란무엇인가.pdf,ok
PER2002,과학기술과문화,H0002936,STS(과학기술학)전공,STS(과학기술학)전공,2007/1 ~ 2020/2,2012,1,2016,1,19,5,2,outputs/pdfs_full/STS(과학기술학)전공__PER2002__과학기술과문화.pdf,ok
PER2003,현대과학기술의윤리적쟁점,H0002936,STS(과학기술학)전공,STS(과학기술학)전공,2007/1 ~ 2020/2,2010,2,2015,2,12,5,2,outputs/pdfs_full/STS(과학기술학)전공__PER2003__현대과학기술의윤리적쟁점.pdf,ok
PER2004,한국근현대과학기술사,H0002936,STS(과학기술학)전공,STS(과학기술학)전공,2007/1 ~ 2020/2,2010,2,2016,2,17,5,2,outputs/pdfs_full/STS(과학기술학)전공__PER2004__한국근현대과학기술사.pdf,ok
PER2006,한자문화의이해,H0002937,공공수행인문학전공,공공수행인문학전공,2007/1 ~ 2016/2,2010,2,2014,2,22,5,1,outputs/pdfs_full/공공수행인문학전공__PER2006__한자문화의이해.pdf,ok
PER2007,한국문화사론,H0002937,공공수행인문학전공,공공수행인문학전공,2007/1 ~ 2018/2,2013,2,2017,2,27,5,1,outputs/pdfs_full/공공수행인문학전공__PER2007__한국문화사론.pdf,ok
PER2008,문화이론의쟁점과미디어읽기,H0002938,미디어문화전공,미디어문화전공,2007/1 ~ 2022/2,2014,1,2018,1,20,5,1,outputs/pdfs_full/미디어문화전공__PER2008__문화이론의쟁점과미디어읽기.pdf,ok
PER2009,미디어와이미지,H0002938,미디어문화전공,미디어문화전공,2007/1 ~ 2020/2,2012,1,2016,1,16,5,1,outputs/pdfs_full/미디어문화전공__PER2009__미디어와이미지.pdf,ok
PER2010,드라마를통한미국문화읽기,H0002938,미디어문화전공,미디어문화전공,2007/1 ~ 2021/2,2013,2,2017,2,18,5,1,outputs/pdfs_full/미디어문화전공__PER2010__드라마를통한미국문화읽기.pdf,ok
PER2011,통번역입문,H0002940,중국어커뮤니케이션전공,중국어커뮤니케이션전공,2007/1 ~ 2016/2,2012,2,2016,2,28,5,1,outputs/pdfs_full/중국어커뮤니케이션전공__PER2011__통번역입문.pdf,ok
PER2012,한국어의이해와활용,H0002940,중국어커뮤니케이션전공,중국어커뮤니케이션전공,2007/1 ~ 2016/2,2012,1,2016,1,20,5,1,outputs/pdfs_full/중국어커뮤니케이션전공__PER2012__한국어의이해와활용.pdf,ok
PER2013,커뮤니케이션입문,H0002940,중국어커뮤니케이션전공,중국어커뮤니케이션전공,2007/1 ~ 2016/2,2012,2,2016,2,28,5,1,outputs/pdfs_full/중국어커뮤니케이션전공__PER2013__커뮤니케이션입문.pdf,ok
PER2015,영어커뮤니케이션기초,H0002939,영어커뮤니케이션전공,영어커뮤니케이션전공,2009/1 ~ 2020/2,2014,1,2018,1,17,5,1,outputs/pdfs_full/영어커뮤니케이션전공__PER2015__영어커뮤니케이션기초.pdf,ok
PER2016,영어커뮤니케이션연습,H0002939,영어커뮤니케이션전공,영어커뮤니케이션전공,2009/1 ~ 2020/2,2013,2,2017,2,17,5,1,outputs/pdfs_full/영어커뮤니케이션전공__PER2016__영어커뮤니케이션연습.pdf,ok
PER2017,중국어커뮤니케이션기초,H0002940,중국어커뮤니케이션전공,중국어커뮤니케이션전공,2009/1 ~ 2016/2,,,,,0,0,1,outputs/pdfs_full/중국어커뮤니케이션전공__PER2017__중국어커뮤니케이션기초.pdf,not_found
PER2018,중국어커뮤니케이션연습,H0002940,중국어커뮤니케이션전공,중국어커뮤니케이션전공,2009/1 ~ 2016/2,,,,,0,0,1,outputs/pdfs_full/중국어커뮤니케이션전공__PER2018__중국어커뮤니케이션연습.pdf,not_found
PER2019,한국어작문,H0003725,한중통번역전공,한중통번역전공,2019/1 ~ 2022/2,2022,1,2026,1,28,5,1,outputs/pdfs_full/한중통번역전공__PER2019__한국어작문.pdf,ok
PER2020,문화콘텐츠산업과마케팅,H0002938,미디어문화전공,미디어문화전공,2010/1 ~ 2020/2,2012,2,2016,2,23,5,1,outputs/pdfs_full/미디어문화전공__PER2020__문화콘텐츠산업과마케팅.pdf,ok
PER2021,한국사회와문화,H0003725,한중통번역전공,한중통번역전공,2017/1 ~ 2020/2,2022,1,2026,1,15,5,1,outputs/pdfs_full/한중통번역전공__PER2021__한국사회와문화.pdf,ok
PER2022,시장경제의이해,H0002942,통상한국어커뮤니케이션전공,통상한국어커뮤니케이션전공,2010/1 ~ 2020/2,2022,2,2025,2,13,4,1,outputs/pdfs_full/통상한국어커뮤니케이션전공__PER2022__시장경제의이해.pdf,ok
PER2023,한국기업의이해,H0002942,통상한국어커뮤니케이션전공,통상한국어커뮤니케이션전공,2010/1 ~ 2021/2,2020,2,2024,2,19,5,1,outputs/pdfs_full/통상한국어커뮤니케이션전공__PER2023__한국기업의이해.pdf,ok
PER2024,CRITICAL READING,H0002939,영어커뮤니케이션전공,영어커뮤니케이션전공,2014/1 ~ 2016/2,2013,1,2017,1,17,5,1,outputs/pdfs_full/영어커뮤니케이션전공__PER2024__CRITICAL_READING.pdf,ok
PER2025,Identity and Global Arguments,H0002943,글로벌비즈니스문화전공(영어전용),글로벌비즈니스문화전공(영어전용),2011/1 ~ 2020/2,2014,1,2018,1,18,5,1,outputs/pdfs_full/글로벌비즈니스문화전공(영어전용)__PER2025__Identity_and_Global_Arguments.pdf,ok
PER2026,KOREA IN GLOBAL CONTEXT,H0003663,정치외교학과,정치외교학과,2014/1 ~ 2028/2,2022,1,2026,1,13,5,2,outputs/pdfs_full/정치외교학과__PER2026__KOREA_IN_GLOBAL_CONTEXT.pdf,ok
PER2027,GLOBAL SOCIETY AND LANGUAGE,H0002939,영어커뮤니케이션전공,영어커뮤니케이션전공,2018/1 ~ 2021/2,2015,2,2019,2,18,5,1,outputs/pdfs_full/영어커뮤니케이션전공__PER2027__GLOBAL_SOCIETY_AND_LANGUAGE.pdf,ok
PER2028,INTERNATIONAL ORGANIZATIONS AND THE NGOs,H0002943,글로벌비즈니스문화전공(영어전용),글로벌비즈니스문화전공(영어전용),2011/1 ~ 2020/2,2011,2,2018,2,14,4,1,outputs/pdfs_full/글로벌비즈니스문화전공(영어전용)__PER2028__INTERNATIONAL_ORGANIZATIONS_AND_THE_NGOs.pdf,ok
PER2032,판타지와서사,H0002938,미디어문화전공,미디어문화전공,2011/1 ~ 2020/2,2011,2,2015,2,21,5,1,outputs/pdfs_full/미디어문화전공__PER2032__판타지와서사.pdf,ok
PER2033,GLOBAL BUSINESS COMMUNICATION,H0002939,영어커뮤니케이션전공,영어커뮤니케이션전공,2014/1 ~ 2020/2,2020,1,2024,1,27,5,1,outputs/pdfs_full/영어커뮤니케이션전공__PER2033__GLOBAL_BUSINESS_COMMUNICATION.pdf,ok
PER2034,GLOBAL BUSINESS COOPERATION,H0002943,글로벌비즈니스문화전공(영어전용),글로벌비즈니스문화전공(영어전용),2011/1 ~ 2020/2,2014,1,2018,1,17,5,1,outputs/pdfs_full/글로벌비즈니스문화전공(영어전용)__PER2034__GLOBAL_BUSINESS_COOPERATION.pdf,ok
PER2035,KOREAN CINEMA AND MODERNIZATION,H0002943,글로벌비즈니스문화전공(영어전용),글로벌비즈니스문화전공(영어전용),2011/1 ~ 2020/2,2018,2,2023,2,27,5,1,outputs/pdfs_full/글로벌비즈니스문화전공(영어전용)__PER2035__KOREAN_CINEMA_AND_MODERNIZATION.pdf,ok
PER2036,융합적사고를위한인문고전읽기,H0002936,STS(과학기술학)전공,STS(과학기술학)전공,2014/1 ~ 2020/2,2014,2,2017,2,25,4,1,outputs/pdfs_full/STS(과학기술학)전공__PER2036__융합적사고를위한인문고전읽기.pdf,ok
PER2037,한류와한국대중문화,H0003725,한중통번역전공,한중통번역전공,2017/1 ~ 2020/2,2022,2,2025,2,13,4,1,outputs/pdfs_full/한중통번역전공__PER2037__한류와한국대중문화.pdf,ok
PER2038,한중커뮤니케이션기초,H0003725,한중통번역전공,한중통번역전공,2014/1 ~ 2017/2,2014,1,2017,1,14,4,1,outputs/pdfs_full/한중통번역전공__PER2038__한중커뮤니케이션기초.pdf,ok
PER2039,한중커뮤니케이션연습,H0003725,한중통번역전공,한중통번역전공,2014/1 ~ 2016/1,2014,2,2015,2,7,2,1,outputs/pdfs_full/한중통번역전공__PER2039__한중커뮤니케이션연습.pdf,ok
PER2048,멀티미디어활용영어학습기초,H0002939,영어커뮤니케이션전공,영어커뮤니케이션전공,2017/1 ~ 2020/2,2017,1,2017,1,5,1,1,outputs/pdfs_full/영어커뮤니케이션전공__PER2048__멀티미디어활용영어학습기초.pdf,ok
PER2050,멀티미디어활용영어학습응용,H0002939,영어커뮤니케이션전공,영어커뮤니케이션전공,2017/1 ~ 2020/2,2017,2,2017,2,4,1,1,outputs/pdfs_full/영어커뮤니케이션전공__PER2050__멀티미디어활용영어학습응용.pdf,ok
PER2051,Cultural Crossings in the Global Age,H0002939,영어커뮤니케이션전공,영어커뮤니케이션전공,2018/1 ~ 2021/2,2017,1,2020,1,10,3,1,outputs/pdfs_full/영어커뮤니케이션전공__PER2051__Cultural_Crossings_in_the_Global_Age.pdf,ok
PER2054,한중커뮤니케이션기초1,H0003725,한중통번역전공,한중통번역전공,2017/1 ~ 2020/2,,,,,0,0,1,outputs/pdfs_full/한중통번역전공__PER2054__한중커뮤니케이션기초1.pdf,not_found
PER2055,중국어통역기초1,H0003725,한중통번역전공,한중통번역전공,2017/1 ~ 2020/2,,,,,0,0,1,outputs/pdfs_full/한중통번역전공__PER2055__중국어통역기초1.pdf,not_found
PER2056,한국어통역기초1,H0003725,한중통번역전공,한중통번역전공,2017/1 ~ 2020/2,,,,,0,0,1,outputs/pdfs_full/한중통번역전공__PER2056__한국어통역기초1.pdf,not_found
PER2057,중국어통역기초2,H0003725,한중통번역전공,한중통번역전공,2017/1 ~ 2020/2,2017,2,2017,2,6,1,1,outputs/pdfs_full/한중통번역전공__PER2057__중국어통역기초2.pdf,ok
PER2058,한국어통역기초2,H0003725,한중통번역전공,한중통번역전공,2017/1 ~ 2020/2,2017,2,2017,2,3,1,1,outputs/pdfs_full/한중통번역전공__PER2058__한국어통역기초2.pdf,ok
PER2059,한중커뮤니케이션기초2,H0003725,한중통번역전공,한중통번역전공,2017/1 ~ 2020/2,2017,2,2017,2,4,1,1,outputs/pdfs_full/한중통번역전공__PER2059__한중커뮤니케이션기초2.pdf,ok
PER2060,지능기술시대를위한과학철학,H0002936,STS(과학기술학)전공,STS(과학기술학)전공,2016/2 ~ 2016/2,2018,2,2025,2,9,4,2,outputs/pdfs_full/STS(과학기술학)전공__PER2060__지능기술시대를위한과학철학.pdf,ok
PER2061,"스마트시대의문자,구술,영상",H0002936,STS(과학기술학)전공,STS(과학기술학)전공,2016/2 ~ 2017/2,2022,2,2025,2,23,4,2,"outputs/pdfs_full/STS(과학기술학)전공__PER2061__스마트시대의문자,구술,영상.pdf",ok
PER2063,신화와원형의스토리텔링,H0002938,미디어문화전공,미디어문화전공,2016/2 ~ 2022/2,2022,2,2025,2,11,4,2,outputs/pdfs_full/미디어문화전공__PER2063__신화와원형의스토리텔링.pdf,ok
PER3001,동양의과학기술사상,H0002936,STS(과학기술학)전공,STS(과학기술학)전공,2007/1 ~ 2021/2,2013,1,2017,1,13,5,2,outputs/pdfs_full/STS(과학기술학)전공__PER3001__동양의과학기술사상.pdf,ok
PER3002,과학기술커뮤니케이션,H0002936,STS(과학기술학)전공,STS(과학기술학)전공,2007/1 ~ 2021/2,2011,1,2016,1,22,5,2,outputs/pdfs_full/STS(과학기술학)전공__PER3002__과학기술커뮤니케이션.pdf,ok
PER3003,STS특강,H0002936,STS(과학기술학)전공,STS(과학기술학)전공,2007/1 ~ 2021/2,2011,2,2015,2,15,5,2,outputs/pdfs_full/STS(과학기술학)전공__PER3003__STS특강.pdf,ok
PER3004,현대과학기술정책의이해,H0002936,STS(과학기술학)전공,STS(과학기술학)전공,2007/1 ~ 2021/2,2011,2,2017,2,19,5,2,outputs/pdfs_full/STS(과학기술학)전공__PER3004__현대과학기술정책의이해.pdf,ok
PER3005,공직자윤리,H0002937,공공수행인문학전공,공공수행인문학전공,2007/1 ~ 2018/2,2012,2,2016,2,15,5,1,outputs/pdfs_full/공공수행인문학전공__PER3005__공직자윤리.pdf,ok
PER3006,현대사회의이해,H0002937,공공수행인문학전공,공공수행인문학전공,2007/1 ~ 2017/2,2013,1,2017,1,14,5,1,outputs/pdfs_full/공공수행인문학전공__PER3006__현대사회의이해.pdf,ok
PER3008,디지털콘텐츠창작의이론과실제,H0002938,미디어문화전공,미디어문화전공,2007/1 ~ 2021/2,2013,1,2017,1,20,5,1,outputs/pdfs_full/미디어문화전공__PER3008__디지털콘텐츠창작의이론과실제.pdf,ok
PER3009,포스트모더니즘시대의영화,H0002938,미디어문화전공,미디어문화전공,2007/1 ~ 2021/2,2013,1,2017,1,18,5,1,outputs/pdfs_full/미디어문화전공__PER3009__포스트모더니즘시대의영화.pdf,ok
PER3010,중국문화와미디어콘텐츠분석,H0002938,미디어문화전공,미디어문화전공,2007/1 ~ 2021/2,2012,2,2016,2,15,5,1,outputs/pdfs_full/미디어문화전공__PER3010__중국문화와미디어콘텐츠분석.pdf,ok
PER3011,중국어통역기초,H0002940,중국어커뮤니케이션전공,중국어커뮤니케이션전공,2007/1 ~ 2017/2,2014,1,2017,1,20,4,1,outputs/pdfs_full/중국어커뮤니케이션전공__PER3011__중국어통역기초.pdf,ok
PER3013,영어통역기초,H0002939,영어커뮤니케이션전공,영어커뮤니케이션전공,2007/1 ~ 2017/2,2013,1,2017,1,18,5,1,outputs/pdfs_full/영어커뮤니케이션전공__PER3013__영어통역기초.pdf,ok
PER3014,영어통역연습,H0002939,영어커뮤니케이션전공,영어커뮤니케이션전공,2007/1 ~ 2017/2,2012,2,2016,2,15,5,1,outputs/pdfs_full/영어커뮤니케이션전공__PER3014__영어통역연습.pdf,ok
PER3018,언론문장작성법,H0002937,공공수행인문학전공,공공수행인문학전공,2009/1 ~ 2021/2,2012,2,2016,2,20,5,1,outputs/pdfs_full/공공수행인문학전공__PER3018__언론문장작성법.pdf,ok
PER3019,발표와토론,H0002936,STS(과학기술학)전공,STS(과학기술학)전공,2011/1 ~ 2021/2,2014,1,2018,1,22,5,1,outputs/pdfs_full/STS(과학기술학)전공__PER3019__발표와토론.pdf,ok
PER3020,미디어로보는한국경제,H0002942,통상한국어커뮤니케이션전공,통상한국어커뮤니케이션전공,2011/1 ~ 2021/2,2021,1,2025,1,12,5,1,outputs/pdfs_full/통상한국어커뮤니케이션전공__PER3020__미디어로보는한국경제.pdf,ok
PER3021,비즈니스한국어작문,H0002942,통상한국어커뮤니케이션전공,통상한국어커뮤니케이션전공,2011/1 ~ 2021/2,2022,1,2026,1,21,5,1,outputs/pdfs_full/통상한국어커뮤니케이션전공__PER3021__비즈니스한국어작문.pdf,ok
PER3024,한국경제개발과근대화,H0002942,통상한국어커뮤니케이션전공,통상한국어커뮤니케이션전공,2011/1 ~ 2021/2,2016,2,2020,2,31,5,1,outputs/pdfs_full/통상한국어커뮤니케이션전공__PER3024__한국경제개발과근대화.pdf,ok
PER3025,한국어프레젠테이션,H0002942,통상한국어커뮤니케이션전공,통상한국어커뮤니케이션전공,2011/1 ~ 2021/2,2022,2,2025,2,12,4,1,outputs/pdfs_full/통상한국어커뮤니케이션전공__PER3025__한국어프레젠테이션.pdf,ok
PER3026,동아시아경제,H0002942,통상한국어커뮤니케이션전공,통상한국어커뮤니케이션전공,2011/1 ~ 2021/2,2022,1,2026,1,16,5,1,outputs/pdfs_full/통상한국어커뮤니케이션전공__PER3026__동아시아경제.pdf,ok
PER3029,문제해결텍스트:이해와작성,H0002937,공공수행인문학전공,공공수행인문학전공,2011/1 ~ 2017/2,2012,1,2016,1,15,5,1,outputs/pdfs_full/공공수행인문학전공__PER3029__문제해결텍스트_이해와작성.pdf,ok
PER3030,공직적성텍스트이해와분석,H0002937,공공수행인문학전공,공공수행인문학전공,2011/1 ~ 2016/1,2011,2,2015,2,18,5,1,outputs/pdfs_full/공공수행인문학전공__PER3030__공직적성텍스트이해와분석.pdf,ok
PER3031,LANGUAGE AND MIND,H0002943,글로벌비즈니스문화전공(영어전용),글로벌비즈니스문화전공(영어전용),2011/1 ~ 2017/2,,,,,0,0,1,outputs/pdfs_full/글로벌비즈니스문화전공(영어전용)__PER3031__LANGUAGE_AND_MIND.pdf,not_found
PER3032,GLOBAL POLITICS AND ECONOMY,H0003663,정치외교학과,정치외교학과,2012/1 ~ 2017/2,2015,1,2020,1,18,5,2,outputs/pdfs_full/정치외교학과__PER3032__GLOBAL_POLITICS_AND_ECONOMY.pdf,ok
PER3033,NEGOTIATION AND RESOLUTION,H0002943,글로벌비즈니스문화전공(영어전용),글로벌비즈니스문화전공(영어전용),2011/1 ~ 2021/2,2013,1,2014,1,5,2,1,outputs/pdfs_full/글로벌비즈니스문화전공(영어전용)__PER3033__NEGOTIATION_AND_RESOLUTION.pdf,ok
PER3034,GLOBAL FILM AND COMPARATIVE LITERATURE,H0002943,글로벌비즈니스문화전공(영어전용),글로벌비즈니스문화전공(영어전용),2011/1 ~ 2021/2,2012,1,2015,1,11,3,1,outputs/pdfs_full/글로벌비즈니스문화전공(영어전용)__PER3034__GLOBAL_FILM_AND_COMPARATIVE_LITERATURE.pdf,ok
PER3035,NATION AND EMPIRE,H0002943,글로벌비즈니스문화전공(영어전용),글로벌비즈니스문화전공(영어전용),2011/1 ~ 2017/2,2012,1,2015,1,11,4,1,outputs/pdfs_full/글로벌비즈니스문화전공(영어전용)__PER3035__NATION_AND_EMPIRE.pdf,ok
PER3036,SUSTAINABLE DEVELOPMENT AND ECOLOGY,H0002943,글로벌비즈니스문화전공(영어전용),글로벌비즈니스문화전공(영어전용),2011/1 ~ 2021/2,2016,2,2020,2,15,5,1,outputs/pdfs_full/글로벌비즈니스문화전공(영어전용)__PER3036__SUSTAINABLE_DEVELOPMENT_AND_ECOLOGY.pdf,ok
PER3037,MODERNITY AND SCIENCE,H0002943,글로벌비즈니스문화전공(영어전용),글로벌비즈니스문화전공(영어전용),2011/1 ~ 2021/2,2014,2,2019,2,14,5,1,outputs/pdfs_full/글로벌비즈니스문화전공(영어전용)__PER3037__MODERNITY_AND_SCIENCE.pdf,ok
PER3039,TRANSNATIONAL LITERATURE,H0002943,글로벌비즈니스문화전공(영어전용),글로벌비즈니스문화전공(영어전용),2011/1 ~ 2017/2,2012,2,2017,2,12,4,1,outputs/pdfs_full/글로벌비즈니스문화전공(영어전용)__PER3039__TRANSNATIONAL_LITERATURE.pdf,ok
PER3040,경제와사회,H0002942,통상한국어커뮤니케이션전공,통상한국어커뮤니케이션전공,2015/1 ~ 2021/2,2022,1,2026,1,13,5,1,outputs/pdfs_full/통상한국어커뮤니케이션전공__PER3040__경제와사회.pdf,ok
PER3041,외국인을위한한국문화원형,H0003725,한중통번역전공,한중통번역전공,2018/1 ~ 2021/2,2022,1,2026,1,20,5,1,outputs/pdfs_full/한중통번역전공__PER3041__외국인을위한한국문화원형.pdf,ok
PER3042,취업역량개발과직무이해,H0002936,STS(과학기술학)전공,STS(과학기술학)전공,2014/1 ~ 2021/2,2014,1,2016,1,6,3,1,outputs/pdfs_full/STS(과학기술학)전공__PER3042__취업역량개발과직무이해.pdf,ok
PER3043,한중드라마번역,H0003725,한중통번역전공,한중통번역전공,2014/1 ~ 2017/2,2014,2,2017,2,15,4,1,outputs/pdfs_full/한중통번역전공__PER3043__한중드라마번역.pdf,ok
PER3044,한중프레젠테이션,H0003725,한중통번역전공,한중통번역전공,2014/1 ~ 2021/2,2014,2,2017,2,12,4,1,outputs/pdfs_full/한중통번역전공__PER3044__한중프레젠테이션.pdf,ok
PER3045,현대사회의갈등관리와인문학,H0002937,공공수행인문학전공,공공수행인문학전공,2016/2 ~ 2021/2,2022,2,2025,2,12,4,2,outputs/pdfs_full/공공수행인문학전공__PER3045__현대사회의갈등관리와인문학.pdf,ok
PER3047,영어능력평가기초,H0002939,영어커뮤니케이션전공,영어커뮤니케이션전공,2017/1 ~ 2021/2,2017,1,2017,1,3,1,1,outputs/pdfs_full/영어커뮤니케이션전공__PER3047__영어능력평가기초.pdf,ok
PER3048,영어능력평가응용,H0002939,영어커뮤니케이션전공,영어커뮤니케이션전공,2017/1 ~ 2021/2,2017,2,2017,2,3,1,1,outputs/pdfs_full/영어커뮤니케이션전공__PER3048__영어능력평가응용.pdf,ok
PER3051,Politics and Drama,H0002943,글로벌비즈니스문화전공(영어전용),글로벌비즈니스문화전공(영어전용),2018/1 ~ 2021/2,,,,,0,0,1,outputs/pdfs_full/글로벌비즈니스문화전공(영어전용)__PER3051__Politics_and_Drama.pdf,not_found
PER3052,Contemporary Global Issues,H0002943,글로벌비즈니스문화전공(영어전용),글로벌비즈니스문화전공(영어전용),2018/1 ~ 2021/2,2019,2,2019,2,5,1,1,outputs/pdfs_full/글로벌비즈니스문화전공(영어전용)__PER3052__Contemporary_Global_Issues.pdf,ok
PER3055,중국어번역기초1,H0003725,한중통번역전공,한중통번역전공,2018/1 ~ 2021/2,,,,,0,0,1,outputs/pdfs_full/한중통번역전공__PER3055__중국어번역기초1.pdf,not_found
PER3056,한국어번역기초1,H0003725,한중통번역전공,한중통번역전공,2018/1 ~ 2021/2,,,,,0,0,1,outputs/pdfs_full/한중통번역전공__PER3056__한국어번역기초1.pdf,not_found
PER3057,중국어번역기초2,H0003725,한중통번역전공,한중통번역전공,2018/1 ~ 2021/2,,,,,0,0,1,outputs/pdfs_full/한중통번역전공__PER3057__중국어번역기초2.pdf,not_found
PER3058,한국어번역기초2,H0003725,한중통번역전공,한중통번역전공,2018/1 ~ 2021/2,,,,,0,0,1,outputs/pdfs_full/한중통번역전공__PER3058__한국어번역기초2.pdf,not_found
PER3059,한중프레젠테이션2,H0003725,한중통번역전공,한중통번역전공,2018/1 ~ 2021/2,,,,,0,0,1,outputs/pdfs_full/한중통번역전공__PER3059__한중프레젠테이션2.pdf,not_found
PER3060,Korean Literature in Translation,H0002943,글로벌비즈니스문화전공(영어전용),글로벌비즈니스문화전공(영어전용),2018/1 ~ 2021/2,2018,1,2018,1,4,1,1,outputs/pdfs_full/글로벌비즈니스문화전공(영어전용)__PER3060__Korean_Literature_in_Translation.pdf,ok
PER4001,통계자료의이해,H0002937,공공수행인문학전공,공공수행인문학전공,2008/1 ~ 2016/2,2012,1,2016,1,23,5,1,outputs/pdfs_full/공공수행인문학전공__PER4001__통계자료의이해.pdf,ok
PER4002,텍스트이해와분석,H0002937,공공수행인문학전공,공공수행인문학전공,2008/1 ~ 2016/2,2011,1,2015,1,16,5,1,outputs/pdfs_full/공공수행인문학전공__PER4002__텍스트이해와분석.pdf,ok
PER4003,게임콘텐츠분석과실습,H0002938,미디어문화전공,미디어문화전공,2008/1 ~ 2022/2,2012,1,2016,1,16,5,1,outputs/pdfs_full/미디어문화전공__PER4003__게임콘텐츠분석과실습.pdf,ok
PER4004,문화콘텐츠와브랜드전략,H0002938,미디어문화전공,미디어문화전공,2007/1 ~ 2021/2,2011,2,2015,2,16,5,1,outputs/pdfs_full/미디어문화전공__PER4004__문화콘텐츠와브랜드전략.pdf,ok
PER4005,통역프랙티컴,H0002940,중국어커뮤니케이션전공,중국어커뮤니케이션전공,2008/1 ~ 2018/2,2014,1,2018,1,25,5,1,outputs/pdfs_full/중국어커뮤니케이션전공__PER4005__통역프랙티컴.pdf,ok
PER4006,외국어커뮤니케이션과언어습득,H0002940,중국어커뮤니케이션전공,중국어커뮤니케이션전공,2008/1 ~ 2017/2,2013,2,2017,2,17,5,1,outputs/pdfs_full/중국어커뮤니케이션전공__PER4006__외국어커뮤니케이션과언어습득.pdf,ok
PER4007,무역통상중국어,H0002940,중국어커뮤니케이션전공,중국어커뮤니케이션전공,2008/1 ~ 2018/2,2010,1,2017,1,18,5,1,outputs/pdfs_full/중국어커뮤니케이션전공__PER4007__무역통상중국어.pdf,ok
PER4008,중국의비즈니스문화,H0002940,중국어커뮤니케이션전공,중국어커뮤니케이션전공,2010/1 ~ 2018/2,2008,1,2011,2,8,5,1,outputs/pdfs_full/중국어커뮤니케이션전공__PER4008__중국의비즈니스문화.pdf,ok
PER4009,비즈니스커뮤니케이션의이론과실제,H0002936,STS(과학기술학)전공,STS(과학기술학)전공,2009/1 ~ 2018/2,2014,1,2018,1,39,5,1,outputs/pdfs_full/STS(과학기술학)전공__PER4009__비즈니스커뮤니케이션의이론과실제.pdf,ok
PER4010,한국어텍스트의이해,H0003725,한중통번역전공,한중통번역전공,2019/1 ~ 2022/2,2022,1,2026,1,31,5,1,outputs/pdfs_full/한중통번역전공__PER4010__한국어텍스트의이해.pdf,ok
PER4011,과학기술커뮤니케이터글쓰기,H0002936,STS(과학기술학)전공,STS(과학기술학)전공,2009/1 ~ 2022/2,2009,2,2016,1,8,4,2,outputs/pdfs_full/STS(과학기술학)전공__PER4011__과학기술커뮤니케이터글쓰기.pdf,ok
PER4012,과학기술커뮤니케이터실습,H0002936,STS(과학기술학)전공,STS(과학기술학)전공,2010/1 ~ 2022/2,2010,2,2015,2,17,5,2,outputs/pdfs_full/STS(과학기술학)전공__PER4012__과학기술커뮤니케이터실습.pdf,ok
PER4013,동양사상과공공수행,H0002937,공공수행인문학전공,공공수행인문학전공,2010/1 ~ 2022/2,2010,1,2016,1,30,5,1,outputs/pdfs_full/공공수행인문학전공__PER4013__동양사상과공공수행.pdf,ok
PER4014,시나리오구조와전개,H0002938,미디어문화전공,미디어문화전공,2012/1 ~ 2022/2,2012,2,2015,2,26,4,1,outputs/pdfs_full/미디어문화전공__PER4014__시나리오구조와전개.pdf,ok
PER4015,한국드라마와화용론,H0002942,통상한국어커뮤니케이션전공,통상한국어커뮤니케이션전공,2012/1 ~ 2022/2,2022,2,2025,2,13,4,1,outputs/pdfs_full/통상한국어커뮤니케이션전공__PER4015__한국드라마와화용론.pdf,ok
PER4016,유비쿼터스시대의출판및기획,H0002937,공공수행인문학전공,공공수행인문학전공,2019/1 ~ 2022/2,2011,1,2016,1,12,5,1,outputs/pdfs_full/공공수행인문학전공__PER4016__유비쿼터스시대의출판및기획.pdf,ok
PER4017,TECHNOLOGY AND POLITICS,H0002943,글로벌비즈니스문화전공(영어전용),글로벌비즈니스문화전공(영어전용),2012/1 ~ 2022/2,2016,1,2020,1,19,5,1,outputs/pdfs_full/글로벌비즈니스문화전공(영어전용)__PER4017__TECHNOLOGY_AND_POLITICS.pdf,ok
PER4019,DEBATES IN CULTURAL DISCOURSES: PROS AND CONS,H0002939,영어커뮤니케이션전공,영어커뮤니케이션전공,2019/1 ~ 2022/2,2015,1,2019,1,17,5,1,outputs/pdfs_full/영어커뮤니케이션전공__PER4019__DEBATES_IN_CULTURAL_DISCOURSES__PROS_AND_CONS.pdf,ok
PER4021,문화원형탐색,H0002937,공공수행인문학전공,공공수행인문학전공,2017/1 ~ 2020/2,2014,1,2018,1,13,5,1,outputs/pdfs_full/공공수행인문학전공__PER4021__문화원형탐색.pdf,ok
PER4022,비즈니스영어포트폴리오,H0002939,영어커뮤니케이션전공,영어커뮤니케이션전공,2012/1 ~ 2022/2,2013,2,2017,2,18,5,1,outputs/pdfs_full/영어커뮤니케이션전공__PER4022__비즈니스영어포트폴리오.pdf,ok
PER4023,ORGANIZATION AND HUMAN RESOURCE MANAGEMENT,H0002943,글로벌비즈니스문화전공(영어전용),글로벌비즈니스문화전공(영어전용),2012/1 ~ 2022/2,2017,2,2021,2,10,5,1,outputs/pdfs_full/글로벌비즈니스문화전공(영어전용)__PER4023__ORGANIZATION_AND_HUMAN_RESOURCE_MANAGEMENT.pdf,ok
PER4025,한중비즈니스문화,H0003725,한중통번역전공,한중통번역전공,2014/1 ~ 2022/2,2020,2,2024,2,13,5,1,outputs/pdfs_full/한중통번역전공__PER4025__한중비즈니스문화.pdf,ok
PER4033,한중통번역연습,H0003725,한중통번역전공,한중통번역전공,2019/1 ~ 2022/2,,,,,0,0,1,outputs/pdfs_full/한중통번역전공__PER4033__한중통번역연습.pdf,not_found
PER4034,중한통번역연습,H0003725,한중통번역전공,한중통번역전공,2019/1 ~ 2022/2,,,,,0,0,1,outputs/pdfs_full/한중통번역전공__PER4034__중한통번역연습.pdf,not_found
PHA2031,해부생리학,H0005006,한양인터칼리지학부,한양인터칼리지학부,2026/1 ~ 2028/2,2026,1,2026,1,4,1,2,outputs/pdfs_full/한양인터칼리지학부__PHA2031__해부생리학.pdf,ok
PHE1002,체조,H0003587,체육학과,체육학과,2017/1 ~ 2022/1,2022,1,2026,1,30,5,3,outputs/pdfs_full/체육학과__PHE1002__체조.pdf,ok
PHE1005,기초체력1,H0003587,체육학과,체육학과,2009/1 ~ 2015/2,2013,1,2015,1,11,3,1,outputs/pdfs_full/체육학과__PHE1005__기초체력1.pdf,ok
PHE1006,기초체력2,H0003587,체육학과,체육학과,2009/1 ~ 2015/2,2013,2,2015,2,10,3,1,outputs/pdfs_full/체육학과__PHE1006__기초체력2.pdf,ok
PHE1036,인체해부학,H0003587,체육학과,체육학과,2009/1 ~ 2022/1,2021,1,2026,1,27,5,2,outputs/pdfs_full/체육학과__PHE1036__인체해부학.pdf,ok
PHE1038,인체생리학,H0003587,체육학과,체육학과,2009/1 ~ 2015/2,2013,2,2015,2,22,3,1,outputs/pdfs_full/체육학과__PHE1038__인체생리학.pdf,ok
PHE1041,스포츠개론,H0003587,체육학과,체육학과,2010/1 ~ 2022/1,2022,1,2026,1,33,5,3,outputs/pdfs_full/체육학과__PHE1041__스포츠개론.pdf,ok
PHE1042,스포츠생물학,H0003587,체육학과,체육학과,2011/1 ~ 2019/2,2015,2,2019,2,31,5,1,outputs/pdfs_full/체육학과__PHE1042__스포츠생물학.pdf,ok
PHE1043,건강과질병의이해,H0003587,체육학과,체육학과,2016/1 ~ 2022/1,2019,1,2023,1,28,5,2,outputs/pdfs_full/체육학과__PHE1043__건강과질병의이해.pdf,ok
PHE1044,그룹운동,H0003587,체육학과,체육학과,2016/1 ~ 2022/1,2022,2,2025,2,19,4,3,outputs/pdfs_full/체육학과__PHE1044__그룹운동.pdf,ok
PHE1045,기초실기1,H0003587,체육학과,체육학과,2016/1 ~ 2021/1,2017,1,2021,1,13,5,2,outputs/pdfs_full/체육학과__PHE1045__기초실기1.pdf,ok
PHE1047,기초실기2,H0003587,체육학과,체육학과,2016/1 ~ 2022/1,2017,2,2021,2,10,5,1,outputs/pdfs_full/체육학과__PHE1047__기초실기2.pdf,ok
PHE1048,스포츠문화와역사,H0003587,체육학과,체육학과,2020/1 ~ 2022/1,2020,1,2026,1,18,4,2,outputs/pdfs_full/체육학과__PHE1048__스포츠문화와역사.pdf,ok
PHE1049,스포츠운동과학의기초,H0003587,체육학과,체육학과,2020/1 ~ 2022/1,2022,2,2025,2,32,4,3,outputs/pdfs_full/체육학과__PHE1049__스포츠운동과학의기초.pdf,ok
PHE1050,스포츠역학,H0004708,스포츠사이언스전공,스포츠사이언스전공,2023/2 ~ 2029/2,2023,2,2023,2,3,1,1,outputs/pdfs_full/스포츠사이언스전공__PHE1050__스포츠역학.pdf,ok
PHE2011,체육사,H0003587,체육학과,체육학과,2013/1 ~ 2022/2,2016,1,2022,1,21,5,1,outputs/pdfs_full/체육학과__PHE2011__체육사.pdf,ok
PHE2015,스포츠의학,H0003587,체육학과,체육학과,2013/1 ~ 2022/2,2021,2,2024,2,11,4,2,outputs/pdfs_full/체육학과__PHE2015__스포츠의학.pdf,ok
PHE2017,육상,H0003587,체육학과,체육학과,2016/1 ~ 2022/1,2022,1,2026,1,24,5,3,outputs/pdfs_full/체육학과__PHE2017__육상.pdf,ok
PHE2018,배구,H0003587,체육학과,체육학과,2017/1 ~ 2022/1,2021,1,2026,1,15,5,2,outputs/pdfs_full/체육학과__PHE2018__배구.pdf,ok
PHE2019,농구,H0003587,체육학과,체육학과,2017/1 ~ 2022/2,2020,2,2024,2,14,5,2,outputs/pdfs_full/체육학과__PHE2019__농구.pdf,ok
PHE2020,레크레이션,H0003587,체육학과,체육학과,2015/1 ~ 2017/2,2010,2,2016,2,25,5,2,outputs/pdfs_full/체육학과__PHE2020__레크레이션.pdf,ok
PHE2026,야영훈련,H0003587,체육학과,체육학과,2018/1 ~ 2019/1,,,,,0,0,1,outputs/pdfs_full/체육학과__PHE2026__야영훈련.pdf,not_found
PHE2029,스포츠심리학,H0003588,스포츠산업학과,스포츠산업학과,2015/1 ~ 2015/2,2015,2,2015,2,3,1,1,outputs/pdfs_full/스포츠산업학과__PHE2029__스포츠심리학.pdf,ok
PHE2061,생활체육론,H0003587,체육학과,체육학과,2014/1 ~ 2016/2,2014,1,2016,1,10,3,1,outputs/pdfs_full/체육학과__PHE2061__생활체육론.pdf,ok
PHE2080,유도,H0003587,체육학과,체육학과,2018/1 ~ 2023/2,2022,2,2025,2,13,4,2,outputs/pdfs_full/체육학과__PHE2080__유도.pdf,ok
PHE2083,전공심화실기1,H0003587,체육학과,체육학과,2013/1 ~ 2017/2,2013,1,2013,1,4,1,1,outputs/pdfs_full/체육학과__PHE2083__전공심화실기1.pdf,ok
PHE2088,전공심화실기2,H0003587,체육학과,체육학과,2013/1 ~ 2016/2,2013,2,2016,2,4,4,1,outputs/pdfs_full/체육학과__PHE2088__전공심화실기2.pdf,ok
PHE2096,스포츠마사지,H0003587,체육학과,체육학과,2013/1 ~ 2022/2,2020,2,2024,2,28,5,2,outputs/pdfs_full/체육학과__PHE2096__스포츠마사지.pdf,ok
PHE2100,스포츠윤리,H0003587,체육학과,체육학과,2017/1 ~ 2022/1,2020,1,2024,1,24,5,2,outputs/pdfs_full/체육학과__PHE2100__스포츠윤리.pdf,ok
PHE2101,기초실기3,H0003587,체육학과,체육학과,2017/1 ~ 2021/1,2017,1,2021,1,8,5,1,outputs/pdfs_full/체육학과__PHE2101__기초실기3.pdf,ok
PHE2102,해양훈련,H0003587,체육학과,체육학과,2017/1 ~ 2019/1,2017,1,2017,1,2,1,1,outputs/pdfs_full/체육학과__PHE2102__해양훈련.pdf,ok
PHE2103,기초실기4,H0003587,체육학과,체육학과,2017/1 ~ 2022/1,2017,2,2021,2,13,5,1,outputs/pdfs_full/체육학과__PHE2103__기초실기4.pdf,ok
PHE2104,축구,H0003587,체육학과,체육학과,2017/1 ~ 2022/2,2022,2,2025,2,13,4,3,outputs/pdfs_full/체육학과__PHE2104__축구.pdf,ok
PHE2116,뇌과학과운동,H0003587,체육학과,체육학과,2021/1 ~ 2022/2,2023,2,2025,2,9,3,3,outputs/pdfs_full/체육학과__PHE2116__뇌과학과운동.pdf,ok
PHE3024,스포츠영양학개론,H0003587,체육학과,체육학과,2013/1 ~ 2016/2,2013,1,2016,1,20,4,1,outputs/pdfs_full/체육학과__PHE3024__스포츠영양학개론.pdf,ok
PHE3068,스포츠현장실습,H0003587,체육학과,체육학과,2013/1 ~ 2023/2,2022,2,2025,2,9,4,2,outputs/pdfs_full/체육학과__PHE3068__스포츠현장실습.pdf,ok
PHE3095,전공심화실기3,H0003587,체육학과,체육학과,2013/1 ~ 2016/2,2014,1,2016,2,13,5,1,outputs/pdfs_full/체육학과__PHE3095__전공심화실기3.pdf,ok
PHE3100,기초실기5,H0003587,체육학과,체육학과,2018/1 ~ 2023/2,2018,1,2021,1,7,4,1,outputs/pdfs_full/체육학과__PHE3100__기초실기5.pdf,ok
PHE3101,동계스포츠,H0003587,체육학과,체육학과,2018/1 ~ 2023/2,2021,2,2025,2,14,5,2,outputs/pdfs_full/체육학과__PHE3101__동계스포츠.pdf,ok
PHE3102,여가레크레이션,H0003587,체육학과,체육학과,2018/1 ~ 2024/2,2021,2,2025,2,10,4,2,outputs/pdfs_full/체육학과__PHE3102__여가레크레이션.pdf,ok
PHE3115,스포츠IT이벤트,H0003587,체육학과,체육학과,2019/2 ~ 2023/1,2019,2,2022,2,6,3,2,outputs/pdfs_full/체육학과__PHE3115__스포츠IT이벤트.pdf,ok
PHE3120,버추얼피트니스,H0003587,체육학과,체육학과,2022/1 ~ 2025/2,2022,1,2026,1,14,5,2,outputs/pdfs_full/체육학과__PHE3120__버추얼피트니스.pdf,ok
PHE3121,스포츠재활의실제,H0003587,체육학과,체육학과,2023/1 ~ 2026/2,2023,1,2026,1,14,4,2,outputs/pdfs_full/체육학과__PHE3121__스포츠재활의실제.pdf,ok
PHE3122,체육시설안전관리,H0003587,체육학과,체육학과,2022/1 ~ 2023/2,2023,2,2025,2,6,3,3,outputs/pdfs_full/체육학과__PHE3122__체육시설안전관리.pdf,ok
PHE3123,수상스포츠,H0003587,체육학과,체육학과,2022/1 ~ 2022/2,,,,,0,0,2,outputs/pdfs_full/체육학과__PHE3123__수상스포츠.pdf,not_found
PHE4006,테니스,H0003587,체육학과,체육학과,2017/1 ~ 2022/1,2021,1,2024,1,8,4,2,outputs/pdfs_full/체육학과__PHE4006__테니스.pdf,ok
PHE4026,특수체육,H0003587,체육학과,체육학과,2013/1 ~ 2026/2,2021,1,2026,1,18,5,2,outputs/pdfs_full/체육학과__PHE4026__특수체육.pdf,ok
PHE4047,스포츠정책론,H0003588,스포츠산업학과,스포츠산업학과,2013/1 ~ 2016/2,2013,2,2016,2,21,4,1,outputs/pdfs_full/스포츠산업학과__PHE4047__스포츠정책론.pdf,ok
PHE4068,전공심화실기5,H0003587,체육학과,체육학과,2015/1 ~ 2017/2,2015,2,2016,2,5,2,1,outputs/pdfs_full/체육학과__PHE4068__전공심화실기5.pdf,ok
PHE4072,스포츠창업론,H0003588,스포츠산업학과,스포츠산업학과,2013/1 ~ 2024/2,2018,2,2025,2,14,4,2,outputs/pdfs_full/스포츠산업학과__PHE4072__스포츠창업론.pdf,ok
PHE4074,전공심화실기6,H0003587,체육학과,체육학과,2016/1 ~ 2018/2,2016,2,2016,2,4,1,1,outputs/pdfs_full/체육학과__PHE4074__전공심화실기6.pdf,ok
PHE4081,전공심화실기4,H0003587,체육학과,체육학과,2013/1 ~ 2017/2,2013,2,2016,2,12,4,1,outputs/pdfs_full/체육학과__PHE4081__전공심화실기4.pdf,ok
PHE4085,건강학개론,H0003587,체육학과,체육학과,2009/1 ~ 2015/2,2013,1,2015,1,17,3,1,outputs/pdfs_full/체육학과__PHE4085__건강학개론.pdf,ok
PHE4086,스포츠와인체기능학,H0003587,체육학과,체육학과,2009/1 ~ 2019/2,2015,1,2019,1,31,5,1,outputs/pdfs_full/체육학과__PHE4086__스포츠와인체기능학.pdf,ok
PHE4087,기능학실험법,H0003587,체육학과,체육학과,2009/1 ~ 2015/2,2013,2,2015,2,18,3,1,outputs/pdfs_full/체육학과__PHE4087__기능학실험법.pdf,ok
PHE4088,체육측정법,H0003587,체육학과,체육학과,2013/1 ~ 2022/2,2017,1,2022,1,15,5,2,outputs/pdfs_full/체육학과__PHE4088__체육측정법.pdf,ok
PHE4089,기초기능학,H0003587,체육학과,체육학과,2013/1 ~ 2016/2,2016,1,2016,1,6,1,1,outputs/pdfs_full/체육학과__PHE4089__기초기능학.pdf,ok
PHE4091,전공지도실기1,H0003587,체육학과,체육학과,2013/1 ~ 2016/2,2013,1,2016,1,14,4,1,outputs/pdfs_full/체육학과__PHE4091__전공지도실기1.pdf,ok
PHE4092,해부기능학,H0003587,체육학과,체육학과,2014/1 ~ 2016/2,,,,,0,0,1,outputs/pdfs_full/체육학과__PHE4092__해부기능학.pdf,not_found
PHE4094,전공지도실기2,H0003587,체육학과,체육학과,2013/1 ~ 2016/2,2013,2,2016,2,4,4,1,outputs/pdfs_full/체육학과__PHE4094__전공지도실기2.pdf,ok
PHE4095,기초생화학,H0003562,화학과,화학과,2017/1 ~ 2028/2,2016,1,2025,2,19,4,2,outputs/pdfs_full/화학과__PHE4095__기초생화학.pdf,ok
PHE4112,스포츠동작분석,H0003587,체육학과,체육학과,2023/2 ~ 2025/2,2024,1,2025,2,16,4,3,outputs/pdfs_full/체육학과__PHE4112__스포츠동작분석.pdf,ok
PHE4113,스포츠와도핑,H0004708,스포츠사이언스전공,스포츠사이언스전공,2027/1 ~ 2030/2,,,,,0,0,1,outputs/pdfs_full/스포츠사이언스전공__PHE4113__스포츠와도핑.pdf,not_found
PHE5004,운동기능학,H0003587,체육학과,체육학과,2013/1 ~ 2022/1,2018,2,2022,2,30,5,2,outputs/pdfs_full/체육학과__PHE5004__운동기능학.pdf,ok
PHE5006,체육학실험법,H0003587,체육학과,체육학과,2013/1 ~ 2018/2,2014,1,2018,1,28,5,1,outputs/pdfs_full/체육학과__PHE5006__체육학실험법.pdf,ok
PHE5010,스포츠교육학,H0003587,체육학과,체육학과,2013/1 ~ 2024/2,2022,2,2025,2,8,4,2,outputs/pdfs_full/체육학과__PHE5010__스포츠교육학.pdf,ok
PHE5011,응급처치와테이핑,H0003587,체육학과,체육학과,2013/1 ~ 2022/2,2018,2,2022,2,33,5,1,outputs/pdfs_full/체육학과__PHE5011__응급처치와테이핑.pdf,ok
PHE5013,고령자운동과건강,H0003587,체육학과,체육학과,2013/1 ~ 2023/2,2021,2,2025,2,19,4,2,outputs/pdfs_full/체육학과__PHE5013__고령자운동과건강.pdf,ok
PHE5014,운동부하검사및심전도,H0003587,체육학과,체육학과,2013/1 ~ 2018/2,2016,1,2018,1,11,3,1,outputs/pdfs_full/체육학과__PHE5014__운동부하검사및심전도.pdf,ok
PHE5015,스포츠상해및재활,H0003587,체육학과,체육학과,2013/1 ~ 2023/2,2022,2,2025,2,18,4,2,outputs/pdfs_full/체육학과__PHE5015__스포츠상해및재활.pdf,ok
PHE5016,전공지도실기3,H0003587,체육학과,체육학과,2013/1 ~ 2017/2,2013,1,2016,2,14,4,1,outputs/pdfs_full/체육학과__PHE5016__전공지도실기3.pdf,ok
PHE5017,전공지도실기4,H0003587,체육학과,체육학과,2013/1 ~ 2018/2,2013,2,2016,2,12,3,1,outputs/pdfs_full/체육학과__PHE5017__전공지도실기4.pdf,ok
PHE5021,스포츠통계학1,H0003587,체육학과,체육학과,2013/1 ~ 2025/2,2021,1,2026,1,11,5,2,outputs/pdfs_full/체육학과__PHE5021__스포츠통계학1.pdf,ok
PHE5022,스포츠통계학2,H0003587,체육학과,체육학과,2013/1 ~ 2022/2,2018,2,2023,2,14,5,2,outputs/pdfs_full/체육학과__PHE5022__스포츠통계학2.pdf,ok
PHE5029,운동발달장애론,H0003587,체육학과,체육학과,2013/1 ~ 2017/2,2016,1,2017,1,8,2,1,outputs/pdfs_full/체육학과__PHE5029__운동발달장애론.pdf,ok
PHE5030,운동학습및심리,H0003587,체육학과,체육학과,2013/1 ~ 2017/2,2013,1,2017,1,26,5,1,outputs/pdfs_full/체육학과__PHE5030__운동학습및심리.pdf,ok
PHE5031,운동제어및심리,H0003587,체육학과,체육학과,2013/1 ~ 2017/2,2013,2,2017,2,23,5,1,outputs/pdfs_full/체육학과__PHE5031__운동제어및심리.pdf,ok
PHE5032,체력관리학,H0003587,체육학과,체육학과,2013/1 ~ 2017/2,2013,2,2017,2,22,5,1,outputs/pdfs_full/체육학과__PHE5032__체력관리학.pdf,ok
PHE5033,스포츠영양학,H0003587,체육학과,체육학과,2013/1 ~ 2022/1,2019,1,2024,1,32,5,2,outputs/pdfs_full/체육학과__PHE5033__스포츠영양학.pdf,ok
PHE5034,스포츠유전학,H0003587,체육학과,체육학과,2013/1 ~ 2022/2,2015,1,2019,1,19,4,1,outputs/pdfs_full/체육학과__PHE5034__스포츠유전학.pdf,ok
PHE5035,체육측정평가론,H0003587,체육학과,체육학과,2013/1 ~ 2022/2,2021,2,2024,2,12,4,2,outputs/pdfs_full/체육학과__PHE5035__체육측정평가론.pdf,ok
PHE5036,체육학연구방법론,H0003587,체육학과,체육학과,2013/1 ~ 2024/2,2015,2,2019,2,15,5,1,outputs/pdfs_full/체육학과__PHE5036__체육학연구방법론.pdf,ok
PHE5037,체육학실험연구캡스톤디자인I,H0003587,체육학과,체육학과,2013/1 ~ 2026/2,2022,1,2026,1,13,5,2,outputs/pdfs_full/체육학과__PHE5037__체육학실험연구캡스톤디자인I.pdf,ok
PHE5038,체육학실험연구캡스톤디자인II,H0003587,체육학과,체육학과,2013/1 ~ 2024/2,2022,2,2025,2,9,4,2,outputs/pdfs_full/체육학과__PHE5038__체육학실험연구캡스톤디자인II.pdf,ok
PHE5040,태권도,H0003587,체육학과,체육학과,2018/1 ~ 2025/2,2021,1,2025,1,27,5,2,outputs/pdfs_full/체육학과__PHE5040__태권도.pdf,ok
PHE5041,전공기초실기(테니스),H0003587,체육학과,체육학과,2014/1 ~ 2016/2,2014,1,2016,1,12,3,1,outputs/pdfs_full/체육학과__PHE5041__전공기초실기(테니스).pdf,ok
PHE5042,전공기초실기(해양훈련),H0003587,체육학과,체육학과,2014/1 ~ 2016/2,2014,1,2016,1,8,3,1,outputs/pdfs_full/체육학과__PHE5042__전공기초실기(해양훈련).pdf,ok
PHE5043,전공기초실기(배구),H0003587,체육학과,체육학과,2014/1 ~ 2016/2,2014,1,2016,1,3,3,1,outputs/pdfs_full/체육학과__PHE5043__전공기초실기(배구).pdf,ok
PHE5044,전공기초실기(농구),H0003587,체육학과,체육학과,2015/1 ~ 2017/2,2016,1,2016,1,3,1,1,outputs/pdfs_full/체육학과__PHE5044__전공기초실기(농구).pdf,ok
PHE5045,전공기초실기(축구),H0003587,체육학과,체육학과,2015/1 ~ 2017/2,2015,1,2017,1,8,3,1,outputs/pdfs_full/체육학과__PHE5045__전공기초실기(축구).pdf,ok
PHE5046,전공기초실기(골프),H0003587,체육학과,체육학과,2016/1 ~ 2018/2,2016,1,2016,1,3,1,1,outputs/pdfs_full/체육학과__PHE5046__전공기초실기(골프).pdf,ok
PHL1001,철학의기초,H0002814,사학과,사학(학부-인문과/서울),2008/1 ~ 2014/2,2010,1,2014,1,23,5,1,outputs/pdfs_full/사학과__PHL1001__철학의기초.pdf,ok
PHL1002,철학명저읽기1,H0002815,철학과,철학(학부/서울),2013/1 ~ 2015/2,2013,1,2015,1,13,3,1,outputs/pdfs_full/철학과__PHL1002__철학명저읽기1.pdf,ok
PHL1003,철학명저읽기2,H0002815,철학과,철학(학부/서울),2013/1 ~ 2015/2,2013,2,2015,2,13,3,1,outputs/pdfs_full/철학과__PHL1003__철학명저읽기2.pdf,ok
PHL1004,철학과문화유산,H0002815,철학과,철학(학부/서울),2013/1 ~ 2014/2,2013,2,2014,2,4,2,2,outputs/pdfs_full/철학과__PHL1004__철학과문화유산.pdf,ok
PHL1005,서양철학사,H0002815,철학과,철학(학부/서울),2016/1 ~ 2025/2,2021,1,2025,1,24,5,1,outputs/pdfs_full/철학과__PHL1005__서양철학사.pdf,ok
PHL1006,철학명저읽기,H0002815,철학과,철학(학부/서울),2016/1 ~ 2027/2,2022,1,2026,1,21,5,1,outputs/pdfs_full/철학과__PHL1006__철학명저읽기.pdf,ok
PHL1011,철학의개념,H0002815,철학과,철학(학부/서울),2009/1 ~ 2015/2,2011,1,2015,1,27,5,1,outputs/pdfs_full/철학과__PHL1011__철학의개념.pdf,ok
PHL1012,철학의역사,H0002815,철학과,철학(학부/서울),2009/1 ~ 2015/2,2011,2,2015,2,29,5,1,outputs/pdfs_full/철학과__PHL1012__철학의역사.pdf,ok
PHL1051,윤리학,H0002815,철학과,철학(학부/서울),1994/1 ~ 2028/2,2022,2,2026,1,17,5,1,outputs/pdfs_full/철학과__PHL1051__윤리학.pdf,ok
PHL2009,형이상학,H0002815,철학과,철학(학부/서울),1990/1 ~ 2029/2,2022,2,2026,1,20,5,1,outputs/pdfs_full/철학과__PHL2009__형이상학.pdf,ok
PHL2017,예술철학,H0002815,철학과,철학(학부/서울),2016/1 ~ 2018/2,2016,2,2018,2,16,3,1,outputs/pdfs_full/철학과__PHL2017__예술철학.pdf,ok
PHL2021,기호논리학,H0002815,철학과,철학(학부/서울),1994/1 ~ 2027/2,2022,1,2025,1,21,4,1,outputs/pdfs_full/철학과__PHL2021__기호논리학.pdf,ok
PHL2034,중국철학사,H0002815,철학과,철학(학부/서울),2006/1 ~ 2028/2,2022,2,2026,1,26,5,1,outputs/pdfs_full/철학과__PHL2034__중국철학사.pdf,ok
PHL2035,현대유럽철학,H0002815,철학과,철학(학부/서울),2006/1 ~ 2030/2,2021,2,2025,2,15,5,1,outputs/pdfs_full/철학과__PHL2035__현대유럽철학.pdf,ok
PHL2038,서양근대철학사,H0002815,철학과,철학(학부/서울),2006/1 ~ 2029/2,2022,2,2025,2,21,4,1,outputs/pdfs_full/철학과__PHL2038__서양근대철학사.pdf,ok
PHL2039,서양고대철학사,H0002815,철학과,철학(학부/서울),2006/1 ~ 2028/2,2022,1,2026,1,18,5,1,outputs/pdfs_full/철학과__PHL2039__서양고대철학사.pdf,ok
PHL2040,현대유럽인의사유방식,H0002815,철학과,철학(학부/서울),2006/1 ~ 2022/2,2010,2,2014,1,27,5,1,outputs/pdfs_full/철학과__PHL2040__현대유럽인의사유방식.pdf,ok
PHL2041,물질과마음철학,H0002815,철학과,철학(학부/서울),2006/1 ~ 2029/2,2022,2,2025,2,16,4,2,outputs/pdfs_full/철학과__PHL2041__물질과마음철학.pdf,ok
PHL2042,중국정치철학,H0002815,철학과,철학(학부/서울),2014/1 ~ 2030/2,2019,2,2024,2,17,4,1,outputs/pdfs_full/철학과__PHL2042__중국정치철학.pdf,ok
PHL3005,인식론,H0002815,철학과,철학(학부/서울),1991/1 ~ 2029/2,2022,1,2026,1,26,5,1,outputs/pdfs_full/철학과__PHL3005__인식론.pdf,ok
PHL3024,한국철학사,H0002815,철학과,철학(학부/서울),1991/1 ~ 2028/2,2022,1,2026,1,20,5,1,outputs/pdfs_full/철학과__PHL3024__한국철학사.pdf,ok
PHL3054,독일관념론,H0002815,철학과,철학(학부/서울),2015/1 ~ 2017/2,2016,1,2017,1,9,2,1,outputs/pdfs_full/철학과__PHL3054__독일관념론.pdf,ok
PHL3056,도가도교철학,H0002815,철학과,철학(학부/서울),2007/1 ~ 2028/2,2021,1,2024,1,15,4,1,outputs/pdfs_full/철학과__PHL3056__도가도교철학.pdf,ok
PHL3063,기술철학,H0002815,철학과,철학(학부/서울),2007/1 ~ 2029/2,2022,1,2026,1,18,5,2,outputs/pdfs_full/철학과__PHL3063__기술철학.pdf,ok
PHL3065,한국성리학,H0002815,철학과,철학(학부/서울),2015/1 ~ 2028/2,2020,2,2024,2,18,4,1,outputs/pdfs_full/철학과__PHL3065__한국성리학.pdf,ok
PHL3066,유가철학,H0002815,철학과,철학(학부/서울),2015/1 ~ 2029/2,2022,2,2026,1,10,5,1,outputs/pdfs_full/철학과__PHL3066__유가철학.pdf,ok
PHL3067,독일현대철학,H0002815,철학과,철학(학부/서울),2015/1 ~ 2017/2,2016,2,2017,2,7,2,1,outputs/pdfs_full/철학과__PHL3067__독일현대철학.pdf,ok
PHL3068,한국실학,H0002815,철학과,철학(학부/서울),2015/1 ~ 2029/2,2021,2,2025,2,15,4,1,outputs/pdfs_full/철학과__PHL3068__한국실학.pdf,ok
PHL3069,현대영미철학,H0002815,철학과,철학(학부/서울),2018/1 ~ 2029/2,2021,2,2025,1,10,4,1,outputs/pdfs_full/철학과__PHL3069__현대영미철학.pdf,ok
PHL4005,과학철학,H0002815,철학과,철학(학부/서울),1992/1 ~ 2028/2,2021,2,2025,2,21,5,2,outputs/pdfs_full/철학과__PHL4005__과학철학.pdf,ok
PHL4007,사회철학,H0002815,철학과,철학(학부/서울),1992/1 ~ 2018/2,2012,1,2018,1,17,5,1,outputs/pdfs_full/철학과__PHL4007__사회철학.pdf,ok
PHL4036,불교철학,H0002815,철학과,철학(학부/서울),2008/1 ~ 2029/2,2022,2,2025,2,14,4,1,outputs/pdfs_full/철학과__PHL4036__불교철학.pdf,ok
PHL4042,한국전통과학기술사상,H0002815,철학과,철학(학부/서울),2008/1 ~ 2018/2,2011,1,2015,1,10,5,2,outputs/pdfs_full/철학과__PHL4042__한국전통과학기술사상.pdf,ok
PHL4045,철학과사회캡스톤디자인,H0002815,철학과,철학(학부/서울),2012/1 ~ 2030/2,2021,1,2025,1,15,5,1,outputs/pdfs_full/철학과__PHL4045__철학과사회캡스톤디자인.pdf,ok
PHL4046,철학과사회실습,H0002815,철학과,철학(학부/서울),2012/1 ~ 2022/2,2012,2,2015,2,7,4,1,outputs/pdfs_full/철학과__PHL4046__철학과사회실습.pdf,ok
PHL4047,글로벌시대의한자문화와사상,H0002815,철학과,철학(학부/서울),2016/1 ~ 2030/2,2021,1,2025,1,17,5,1,outputs/pdfs_full/철학과__PHL4047__글로벌시대의한자문화와사상.pdf,ok
PHL4048,현대중국철학,H0002815,철학과,철학(학부/서울),2016/1 ~ 2029/2,2017,1,2024,1,17,5,1,outputs/pdfs_full/철학과__PHL4048__현대중국철학.pdf,ok
PHL4049,서양철학의논쟁들,H0002815,철학과,철학(학부/서울),2016/1 ~ 2018/2,2016,1,2016,1,6,1,1,outputs/pdfs_full/철학과__PHL4049__서양철학의논쟁들.pdf,ok
PHL4050,프랑스현대철학,H0002815,철학과,철학(학부/서울),2016/1 ~ 2018/2,2016,2,2017,2,12,2,1,outputs/pdfs_full/철학과__PHL4050__프랑스현대철학.pdf,ok
PHL4051,영미현대철학,H0002815,철학과,철학(학부/서울),2016/1 ~ 2018/2,2018,2,2018,2,3,1,1,outputs/pdfs_full/철학과__PHL4051__영미현대철학.pdf,ok
PHL4053,현대예술철학,H0002815,철학과,철학(학부/서울),2019/1 ~ 2030/2,2021,1,2026,1,20,5,1,outputs/pdfs_full/철학과__PHL4053__현대예술철학.pdf,ok
PHL4054,현대사회철학,H0002815,철학과,철학(학부/서울),2019/1 ~ 2030/2,2022,2,2025,2,10,4,1,outputs/pdfs_full/철학과__PHL4054__현대사회철학.pdf,ok
PHY1005,일반물리학및실험Ⅰ,H0003561,물리학과,물리학과,2016/1 ~ 2027/2,2022,1,2026,1,32,5,2,outputs/pdfs_full/물리학과__PHY1005__일반물리학및실험I.pdf,ok
PHY1006,일반물리학및실험Ⅱ,H0003561,물리학과,물리학과,2016/1 ~ 2027/2,2022,2,2025,2,23,4,1,outputs/pdfs_full/물리학과__PHY1006__일반물리학및실험II.pdf,ok
PHY2008,현대물리학,H0002575,융합전자공학부,융합전자공학부,2010/1 ~ 2025/2,2024,1,2026,1,26,4,6,outputs/pdfs_full/융합전자공학부__PHY2008__현대물리학.pdf,ok
PHY2009,지구과학,H0003561,물리학과,물리학과,2014/1 ~ 2016/2,2012,1,2016,1,28,5,2,outputs/pdfs_full/물리학과__PHY2009__지구과학.pdf,ok
PHY2013,전자기학,H0002575,융합전자공학부,융합전자공학부,2011/1 ~ 2028/2,2024,2,2026,1,29,4,3,outputs/pdfs_full/융합전자공학부__PHY2013__전자기학.pdf,ok
PHY2014,전자장,H0002575,융합전자공학부,융합전자공학부,2011/1 ~ 2028/2,2022,2,2025,2,30,4,2,outputs/pdfs_full/융합전자공학부__PHY2014__전자장.pdf,ok
PHY2022,전기및전자회로실험,H0003561,물리학과,물리학과,2015/1 ~ 2029/2,2022,1,2026,1,12,5,1,outputs/pdfs_full/물리학과__PHY2022__전기및전자회로실험.pdf,ok
PHY2027,역학실험,H0003561,물리학과,물리학과,2014/1 ~ 2028/2,2022,1,2026,1,26,5,1,outputs/pdfs_full/물리학과__PHY2027__역학실험.pdf,ok
PHY2031,전기및전자회로,H0003561,물리학과,물리학과,2014/1 ~ 2020/2,2016,2,2020,2,25,5,1,outputs/pdfs_full/물리학과__PHY2031__전기및전자회로.pdf,ok
PHY2033,물리학세미나1,H0003561,물리학과,물리학과,2015/1 ~ 2017/2,2014,1,2017,2,24,5,1,outputs/pdfs_full/물리학과__PHY2033__물리학세미나1.pdf,ok
PHY2034,물리학세미나2,H0003561,물리학과,물리학과,2016/1 ~ 2018/2,2014,2,2018,1,19,5,1,outputs/pdfs_full/물리학과__PHY2034__물리학세미나2.pdf,ok
PHY2070,고전역학1,H0003561,물리학과,물리학과,2014/1 ~ 2028/2,2022,1,2026,1,33,5,1,outputs/pdfs_full/물리학과__PHY2070__고전역학1.pdf,ok
PHY2071,고전역학2,H0003561,물리학과,물리학과,2014/1 ~ 2028/2,2022,2,2025,2,28,4,1,outputs/pdfs_full/물리학과__PHY2071__고전역학2.pdf,ok
PHY3005,전자기학1,H0003561,물리학과,물리학과,2014/1 ~ 2028/2,2022,2,2025,2,30,4,1,outputs/pdfs_full/물리학과__PHY3005__전자기학1.pdf,ok
PHY3006,전자기학2,H0003561,물리학과,물리학과,2015/1 ~ 2029/2,2022,1,2026,1,37,5,1,outputs/pdfs_full/물리학과__PHY3006__전자기학2.pdf,ok
PHY3007,수리물리학1,H0003561,물리학과,물리학과,2014/1 ~ 2025/2,2021,1,2025,1,27,5,1,outputs/pdfs_full/물리학과__PHY3007__수리물리학1.pdf,ok
PHY3008,수리물리학2,H0003561,물리학과,물리학과,2014/1 ~ 2025/2,2021,2,2025,2,32,5,1,outputs/pdfs_full/물리학과__PHY3008__수리물리학2.pdf,ok
PHY3015,물리광학,H0003561,물리학과,물리학과,2015/1 ~ 2029/2,2022,1,2026,1,32,5,1,outputs/pdfs_full/물리학과__PHY3015__물리광학.pdf,ok
PHY3016,광학실험,H0003561,물리학과,물리학과,2015/1 ~ 2029/2,2022,2,2025,2,12,4,1,outputs/pdfs_full/물리학과__PHY3016__광학실험.pdf,ok
PHY3019,수리물리학,H0003561,물리학과,물리학과,2017/1 ~ 2028/2,2017,1,2026,1,29,5,1,outputs/pdfs_full/물리학과__PHY3019__수리물리학.pdf,ok
PHY3024,응용광학,H0003561,물리학과,물리학과,2015/1 ~ 2029/2,2022,2,2025,2,21,4,1,outputs/pdfs_full/물리학과__PHY3024__응용광학.pdf,ok
PHY3026,전산물리학,H0003561,물리학과,물리학과,2014/1 ~ 2028/2,2022,1,2026,1,16,5,1,outputs/pdfs_full/물리학과__PHY3026__전산물리학.pdf,ok
PHY3029,열및통계물리학1,H0003561,물리학과,물리학과,2015/1 ~ 2029/2,2022,1,2026,1,31,5,1,outputs/pdfs_full/물리학과__PHY3029__열및통계물리학1.pdf,ok
PHY3030,열및통계물리학2,H0003561,물리학과,물리학과,2015/1 ~ 2029/2,2022,2,2025,2,27,4,2,outputs/pdfs_full/물리학과__PHY3030__열및통계물리학2.pdf,ok
PHY3031,현대물리학실험,H0003561,물리학과,물리학과,2014/1 ~ 2028/2,2022,2,2025,2,22,4,1,outputs/pdfs_full/물리학과__PHY3031__현대물리학실험.pdf,ok
PHY3032,양자역학1,H0003561,물리학과,물리학과,2015/1 ~ 2029/2,2022,1,2026,1,31,5,1,outputs/pdfs_full/물리학과__PHY3032__양자역학1.pdf,ok
PHY3033,양자역학2,H0003561,물리학과,물리학과,2015/1 ~ 2029/2,2022,2,2025,2,22,4,1,outputs/pdfs_full/물리학과__PHY3033__양자역학2.pdf,ok
PHY3063,고급수리물리학,H0003561,물리학과,물리학과,2015/1 ~ 2021/2,2017,1,2021,1,26,5,1,outputs/pdfs_full/물리학과__PHY3063__고급수리물리학.pdf,ok
PHY3071,응집물질물리학1,H0003561,물리학과,물리학과,2016/1 ~ 2030/2,2022,1,2026,1,27,5,1,outputs/pdfs_full/물리학과__PHY3071__응집물질물리학1.pdf,ok
PHY3072,응집물질물리학2,H0003561,물리학과,물리학과,2016/1 ~ 2030/2,2020,2,2025,2,13,4,1,outputs/pdfs_full/물리학과__PHY3072__응집물질물리학2.pdf,ok
PHY4009,상대성이론,H0003561,물리학과,물리학과,2015/1 ~ 2029/2,2022,2,2025,2,19,4,1,outputs/pdfs_full/물리학과__PHY4009__상대성이론.pdf,ok
PHY4014,플라즈마물리학,H0003561,물리학과,물리학과,2016/1 ~ 2030/2,2017,1,2022,1,22,5,1,outputs/pdfs_full/물리학과__PHY4014__플라즈마물리학.pdf,ok
PHY4022,천체물리학,H0003561,물리학과,물리학과,2016/1 ~ 2030/2,2022,2,2025,2,13,4,1,outputs/pdfs_full/물리학과__PHY4022__천체물리학.pdf,ok
PHY4023,반도체물리학,H0003561,물리학과,물리학과,2016/1 ~ 2029/2,2022,2,2025,2,19,4,1,outputs/pdfs_full/물리학과__PHY4023__반도체물리학.pdf,ok
PHY4029,핵및입자물리학,H0003561,물리학과,물리학과,2016/1 ~ 2030/2,2022,1,2026,1,22,5,1,outputs/pdfs_full/물리학과__PHY4029__핵및입자물리학.pdf,ok
PHY4060,양자광학,H0003561,물리학과,물리학과,2016/1 ~ 2030/2,2022,1,2026,1,24,5,1,outputs/pdfs_full/물리학과__PHY4060__양자광학.pdf,ok
PHY4073,나노에너지및환경물리학,H0003561,물리학과,물리학과,2016/1 ~ 2018/2,,,,,0,0,1,outputs/pdfs_full/물리학과__PHY4073__나노에너지및환경물리학.pdf,not_found
PHY4074,물리학연구캡스톤디자인1,H0003561,물리학과,물리학과,2016/1 ~ 2025/2,2022,1,2025,2,19,5,1,outputs/pdfs_full/물리학과__PHY4074__물리학연구캡스톤디자인1.pdf,ok
PHY4075,물리학연구캡스톤디자인2,H0003561,물리학과,물리학과,2016/1 ~ 2026/2,2021,2,2026,1,9,5,1,outputs/pdfs_full/물리학과__PHY4075__물리학연구캡스톤디자인2.pdf,ok
PHY4080,물리학연구실현장실습4,H0003561,물리학과,물리학과,2019/2 ~ 2022/2,,,,,0,0,1,outputs/pdfs_full/물리학과__PHY4080__물리학연구실현장실습4.pdf,not_found
PHY4083,물리학연구캡스톤디자인,H0003561,물리학과,물리학과,2027/1 ~ 2030/2,,,,,0,0,1,outputs/pdfs_full/물리학과__PHY4083__물리학연구캡스톤디자인.pdf,not_found
PME3002,기계진동학,H0004800,미래자동차기술융합전공,미래자동차기술융합전공,2018/1 ~ 2029/2,2022,2,2025,2,31,4,1,outputs/pdfs_full/미래자동차기술융합전공__PME3002__기계진동학.pdf,ok
PNO1003,피아노전공실기1,H0002739,피아노과,피아노과(학부/서울),1999/1 ~ 2027/2,2022,1,2026,1,17,5,1,outputs/pdfs_full/피아노과__PNO1003__피아노전공실기1.pdf,ok
PNO1004,피아노전공실기2,H0002739,피아노과,피아노과(학부/서울),1999/1 ~ 2027/2,2022,2,2025,2,12,4,2,outputs/pdfs_full/피아노과__PNO1004__피아노전공실기2.pdf,ok
PNO2005,피아노전공실기3,H0002739,피아노과,피아노과(학부/서울),1999/1 ~ 2028/2,2022,1,2026,1,15,5,1,outputs/pdfs_full/피아노과__PNO2005__피아노전공실기3.pdf,ok
PNO2006,피아노전공실기4,H0002739,피아노과,피아노과(학부/서울),1999/1 ~ 2028/2,2022,2,2025,2,13,4,2,outputs/pdfs_full/피아노과__PNO2006__피아노전공실기4.pdf,ok
PNO2007,피아노반주법1,H0002739,피아노과,피아노과(학부/서울),2006/1 ~ 2028/2,2022,1,2026,1,20,5,1,outputs/pdfs_full/피아노과__PNO2007__피아노반주법1.pdf,ok
PNO2009,피아노반주법2,H0002739,피아노과,피아노과(학부/서울),2006/1 ~ 2028/2,2021,2,2025,2,11,4,1,outputs/pdfs_full/피아노과__PNO2009__피아노반주법2.pdf,ok
PNO3019,피아노전공실기5,H0002739,피아노과,피아노과(학부/서울),1999/1 ~ 2029/2,2022,1,2026,1,15,5,1,outputs/pdfs_full/피아노과__PNO3019__피아노전공실기5.pdf,ok
PNO3020,피아노전공실기6,H0002739,피아노과,피아노과(학부/서울),1999/1 ~ 2029/2,2022,2,2025,2,14,4,1,outputs/pdfs_full/피아노과__PNO3020__피아노전공실기6.pdf,ok
PNO3024,피아노반주법3,H0002739,피아노과,피아노과(학부/서울),2007/1 ~ 2017/2,2012,1,2017,1,16,5,1,outputs/pdfs_full/피아노과__PNO3024__피아노반주법3.pdf,ok
PNO3028,피아노반주법4,H0002739,피아노과,피아노과(학부/서울),2007/1 ~ 2017/2,2013,2,2017,2,18,5,1,outputs/pdfs_full/피아노과__PNO3028__피아노반주법4.pdf,ok
PNO3033,피아노앙상블1,H0002739,피아노과,피아노과(학부/서울),2011/1 ~ 2027/2,2022,2,2025,2,8,4,1,outputs/pdfs_full/피아노과__PNO3033__피아노앙상블1.pdf,ok
PNO3034,피아노앙상블2,H0002739,피아노과,피아노과(학부/서울),2011/1 ~ 2028/2,2021,1,2025,1,8,5,1,outputs/pdfs_full/피아노과__PNO3034__피아노앙상블2.pdf,ok
PNO3037,Bach건반음악의이해,H0002739,피아노과,피아노과(학부/서울),2015/1 ~ 2017/2,2015,1,2017,1,10,2,1,outputs/pdfs_full/피아노과__PNO3037__Bach건반음악의이해.pdf,ok
PNO3038,베토벤피아노소나타,H0002739,피아노과,피아노과(학부/서울),2015/1 ~ 2017/2,2015,2,2015,2,5,1,1,outputs/pdfs_full/피아노과__PNO3038__베토벤피아노소나타.pdf,ok
PNO3039,피아노앙상블3,H0002739,피아노과,피아노과(학부/서울),2018/1 ~ 2029/2,2021,2,2026,1,9,5,1,outputs/pdfs_full/피아노과__PNO3039__피아노앙상블3.pdf,ok
PNO3040,피아노구조와관리,H0002739,피아노과,피아노과(학부/서울),2019/1 ~ 2030/2,2021,1,2025,2,25,4,1,outputs/pdfs_full/피아노과__PNO3040__피아노구조와관리.pdf,ok
PNO3041,문화예술교육입문,H0002739,피아노과,피아노과(학부/서울),2022/1 ~ 2029/2,2022,1,2026,1,20,5,1,outputs/pdfs_full/피아노과__PNO3041__문화예술교육입문.pdf,ok
PNO3042,음악교육론,H0002739,피아노과,피아노과(학부/서울),2022/1 ~ 2029/2,2022,1,2026,1,26,5,1,outputs/pdfs_full/피아노과__PNO3042__음악교육론.pdf,ok
PNO3043,음악교수학습방법,H0002739,피아노과,피아노과(학부/서울),2022/1 ~ 2029/2,2022,1,2026,1,13,5,1,outputs/pdfs_full/피아노과__PNO3043__음악교수학습방법.pdf,ok
PNO3044,음악교육프로그램개발,H0002739,피아노과,피아노과(학부/서울),2022/1 ~ 2029/2,2022,2,2025,2,11,4,1,outputs/pdfs_full/피아노과__PNO3044__음악교육프로그램개발.pdf,ok
PNO3045,문화예술교육현장실습과이해,H0002739,피아노과,피아노과(학부/서울),2022/1 ~ 2029/2,2022,2,2025,2,16,4,1,outputs/pdfs_full/피아노과__PNO3045__문화예술교육현장실습과이해.pdf,ok
PNO4003,피아노문헌1,H0002739,피아노과,피아노과(학부/서울),1992/1 ~ 2027/2,2022,1,2026,1,31,5,1,outputs/pdfs_full/피아노과__PNO4003__피아노문헌1.pdf,ok
PNO4004,피아노문헌2,H0002739,피아노과,피아노과(학부/서울),1992/1 ~ 2027/2,2022,2,2025,2,24,4,1,outputs/pdfs_full/피아노과__PNO4004__피아노문헌2.pdf,ok
PNO4008,피아노교수법1,H0002739,피아노과,피아노과(학부/서울),1996/1 ~ 2029/2,2022,1,2026,1,17,5,1,outputs/pdfs_full/피아노과__PNO4008__피아노교수법1.pdf,ok
PNO4009,피아노교수법2,H0002739,피아노과,피아노과(학부/서울),1996/1 ~ 2029/2,2022,2,2025,2,10,4,1,outputs/pdfs_full/피아노과__PNO4009__피아노교수법2.pdf,ok
PNO4025,피아노전공실기7,H0002739,피아노과,피아노과(학부/서울),1999/1 ~ 2030/2,2022,1,2026,1,18,5,1,outputs/pdfs_full/피아노과__PNO4025__피아노전공실기7.pdf,ok
PNO4026,피아노전공실기8,H0002739,피아노과,피아노과(학부/서울),1999/1 ~ 2030/2,2022,2,2025,2,8,4,1,outputs/pdfs_full/피아노과__PNO4026__피아노전공실기8.pdf,ok
PNO4027,피아노문헌3,H0002739,피아노과,피아노과(학부/서울),2004/1 ~ 2028/2,2022,1,2026,1,28,5,1,outputs/pdfs_full/피아노과__PNO4027__피아노문헌3.pdf,ok
PNO4028,피아노문헌4,H0002739,피아노과,피아노과(학부/서울),2004/1 ~ 2028/2,2022,2,2025,2,26,4,1,outputs/pdfs_full/피아노과__PNO4028__피아노문헌4.pdf,ok
PNO4030,협주곡실습1,H0002739,피아노과,피아노과(학부/서울),2008/1 ~ 2018/2,2014,1,2018,1,19,5,1,outputs/pdfs_full/피아노과__PNO4030__협주곡실습1.pdf,ok
PNO4033,협주곡실습2,H0002739,피아노과,피아노과(학부/서울),2008/1 ~ 2018/2,2014,2,2018,2,19,5,1,outputs/pdfs_full/피아노과__PNO4033__협주곡실습2.pdf,ok
PNO4034,피아노음악형식과분석1,H0002739,피아노과,피아노과(학부/서울),2016/1 ~ 2018/2,2017,1,2018,1,9,2,1,outputs/pdfs_full/피아노과__PNO4034__피아노음악형식과분석1.pdf,ok
PNO4035,낭만주의피아노음악,H0002739,피아노과,피아노과(학부/서울),2016/1 ~ 2018/2,,,,,0,0,1,outputs/pdfs_full/피아노과__PNO4035__낭만주의피아노음악.pdf,not_found
PNO4036,인상주의와20세기초피아노음악,H0002739,피아노과,피아노과(학부/서울),2016/1 ~ 2018/2,2017,1,2018,1,10,2,1,outputs/pdfs_full/피아노과__PNO4036__인상주의와20세기초피아노음악.pdf,ok
PNO4037,20세기피아노음악,H0002739,피아노과,피아노과(학부/서울),2016/1 ~ 2018/2,2017,2,2017,2,5,1,1,outputs/pdfs_full/피아노과__PNO4037__20세기피아노음악.pdf,ok
PNO4038,피아노음악형식과분석2,H0002739,피아노과,피아노과(학부/서울),2016/1 ~ 2018/2,2016,2,2018,2,11,3,1,outputs/pdfs_full/피아노과__PNO4038__피아노음악형식과분석2.pdf,ok
PNO4039,예술경영및마케팅3,H0002739,피아노과,피아노과(학부/서울),2019/1 ~ 2026/2,2019,1,2022,1,12,4,1,outputs/pdfs_full/피아노과__PNO4039__예술경영및마케팅3.pdf,ok
PNO4040,피아노협주곡문헌,H0002739,피아노과,피아노과(학부/서울),2019/1 ~ 2030/2,2022,1,2026,1,18,5,1,outputs/pdfs_full/피아노과__PNO4040__피아노협주곡문헌.pdf,ok
PNO4041,예술경영및마케팅4,H0002739,피아노과,피아노과(학부/서울),2019/1 ~ 2026/2,2019,2,2021,2,12,3,1,outputs/pdfs_full/피아노과__PNO4041__예술경영및마케팅4.pdf,ok
PNO4042,피아노테크닉의이해와적용,H0002739,피아노과,피아노과(학부/서울),2023/1 ~ 2030/2,2023,1,2026,1,12,4,1,outputs/pdfs_full/피아노과__PNO4042__피아노테크닉의이해와적용.pdf,ok
PPL1001,논리적사고,H0002983,정책학과,정책학과,2009/1 ~ 2027/2,2022,1,2026,1,30,5,2,outputs/pdfs_full/정책학과__PPL1001__논리적사고.pdf,ok
PPL1002,글쓰기의기초,H0002983,정책학과,정책학과,2009/1 ~ 2015/2,2011,1,2015,1,29,5,1,outputs/pdfs_full/정책학과__PPL1002__글쓰기의기초.pdf,ok
PPL1003,법과사회,H0002983,정책학과,정책학과,2009/1 ~ 2027/2,2022,1,2026,1,33,5,2,outputs/pdfs_full/정책학과__PPL1003__법과사회.pdf,ok
PPL1004,영문강독1,H0002983,정책학과,정책학과,2009/1 ~ 2015/2,2011,1,2015,1,25,5,1,outputs/pdfs_full/정책학과__PPL1004__영문강독1.pdf,ok
PPL1005,사회윤리사상사,H0002983,정책학과,정책학과,2009/1 ~ 2027/2,2022,1,2026,1,17,5,1,outputs/pdfs_full/정책학과__PPL1005__사회윤리사상사.pdf,ok
PPL1006,서구문명사,H0002983,정책학과,정책학과,2009/1 ~ 2015/2,2009,1,2012,1,25,4,1,outputs/pdfs_full/정책학과__PPL1006__서구문명사.pdf,ok
PPL1007,비판적사고,H0002983,정책학과,정책학과,2009/1 ~ 2027/2,2022,2,2025,2,26,4,3,outputs/pdfs_full/정책학과__PPL1007__비판적사고.pdf,ok
PPL1011,근대사상의전개,H0002983,정책학과,정책학과,2010/1 ~ 2028/2,2022,2,2025,2,16,4,2,outputs/pdfs_full/정책학과__PPL1011__근대사상의전개.pdf,ok
PPL1012,문학과문화읽기,H0002983,정책학과,정책학과,2009/1 ~ 2015/2,2011,2,2015,2,21,5,1,outputs/pdfs_full/정책학과__PPL1012__문학과문화읽기.pdf,ok
PPL1013,행정학원론,H0002983,정책학과,정책학과,2013/1 ~ 2015/2,2013,1,2015,1,16,3,1,outputs/pdfs_full/정책학과__PPL1013__행정학원론.pdf,ok
PPL1014,경제학원론1,H0002983,정책학과,정책학과,2013/1 ~ 2015/2,2013,1,2015,1,19,3,1,outputs/pdfs_full/정책학과__PPL1014__경제학원론1.pdf,ok
PPL1015,회의영어,H0002983,정책학과,정책학과,2013/1 ~ 2015/2,2013,2,2015,2,12,3,1,outputs/pdfs_full/정책학과__PPL1015__회의영어.pdf,ok
PPL1016,정치학원론,H0002983,정책학과,정책학과,2013/1 ~ 2027/2,2023,1,2026,1,25,4,2,outputs/pdfs_full/정책학과__PPL1016__정치학원론.pdf,ok
PPL1017,경제학원론2,H0002983,정책학과,정책학과,2013/1 ~ 2015/2,2013,2,2015,2,18,3,1,outputs/pdfs_full/정책학과__PPL1017__경제학원론2.pdf,ok
PPL1018,민사법1,H0002983,정책학과,정책학과,2013/1 ~ 2027/2,2022,2,2025,2,27,4,1,outputs/pdfs_full/정책학과__PPL1018__민사법1.pdf,ok
PPL1019,헌법학1,H0002983,정책학과,정책학과,2013/1 ~ 2021/2,2015,2,2021,1,33,5,1,outputs/pdfs_full/정책학과__PPL1019__헌법학1.pdf,ok
PPL1020,헌법학개론,H0002983,정책학과,정책학과,2016/1 ~ 2019/2,2016,2,2019,2,29,4,2,outputs/pdfs_full/정책학과__PPL1020__헌법학개론.pdf,ok
PPL1021,헌법과기본권,H0002983,정책학과,정책학과,2020/1 ~ 2027/2,2022,2,2025,2,28,4,2,outputs/pdfs_full/정책학과__PPL1021__헌법과기본권.pdf,ok
PPL2001,논증의해부,H0002983,정책학과,정책학과,2012/1 ~ 2018/2,2014,1,2018,1,24,5,1,outputs/pdfs_full/정책학과__PPL2001__논증의해부.pdf,ok
PPL2005,경제원론,H0002983,정책학과,정책학과,2009/1 ~ 2027/2,2022,2,2025,2,30,4,2,outputs/pdfs_full/정책학과__PPL2005__경제원론.pdf,ok
PPL2006,과학기술철학특강,H0002983,정책학과,정책학과,2012/1 ~ 2018/2,2014,1,2018,1,19,5,1,outputs/pdfs_full/정책학과__PPL2006__과학기술철학특강.pdf,ok
PPL2007,동양의지혜,H0002983,정책학과,정책학과,2010/1 ~ 2016/2,2010,1,2015,1,23,5,1,outputs/pdfs_full/정책학과__PPL2007__동양의지혜.pdf,ok
PPL2008,문학과사회,H0002983,정책학과,정책학과,2012/1 ~ 2018/2,2014,1,2018,1,19,5,1,outputs/pdfs_full/정책학과__PPL2008__문학과사회.pdf,ok
PPL2010,현대정치학이론,H0002983,정책학과,정책학과,2010/1 ~ 2029/2,2022,2,2025,2,15,4,1,outputs/pdfs_full/정책학과__PPL2010__현대정치학이론.pdf,ok
PPL2011,행정학개론,H0002983,정책학과,정책학과,2010/1 ~ 2027/2,2022,1,2026,1,38,5,2,outputs/pdfs_full/정책학과__PPL2011__행정학개론.pdf,ok
PPL2012,설득적글쓰기,H0002983,정책학과,정책학과,2011/1 ~ 2017/2,2013,2,2017,2,21,5,1,outputs/pdfs_full/정책학과__PPL2012__설득적글쓰기.pdf,ok
PPL2013,현대사상의주요흐름,H0002983,정책학과,정책학과,2011/1 ~ 2029/2,2022,1,2026,1,18,5,2,outputs/pdfs_full/정책학과__PPL2013__현대사상의주요흐름.pdf,ok
PPL2016,통계와자료해석,H0002983,정책학과,정책학과,2010/1 ~ 2016/2,2010,2,2016,1,21,4,1,outputs/pdfs_full/정책학과__PPL2016__통계와자료해석.pdf,ok
PPL2017,정치사상사,H0002983,정책학과,정책학과,2010/1 ~ 2016/2,2010,2,2013,2,17,4,1,outputs/pdfs_full/정책학과__PPL2017__정치사상사.pdf,ok
PPL2018,조사방법론,H0002983,정책학과,정책학과,2010/1 ~ 2028/2,2022,1,2026,1,32,5,2,outputs/pdfs_full/정책학과__PPL2018__조사방법론.pdf,ok
PPL2019,행정법학1,H0002983,정책학과,정책학과,2014/1 ~ 2028/2,2022,1,2026,1,34,5,2,outputs/pdfs_full/정책학과__PPL2019__행정법학1.pdf,ok
PPL2020,토론영어,H0002983,정책학과,정책학과,2014/1 ~ 2016/2,2014,1,2016,1,8,3,1,outputs/pdfs_full/정책학과__PPL2020__토론영어.pdf,ok
PPL2021,한국사이해,H0002983,정책학과,정책학과,2014/1 ~ 2016/2,2014,1,2016,1,16,3,1,outputs/pdfs_full/정책학과__PPL2021__한국사이해.pdf,ok
PPL2022,민사법2,H0002983,정책학과,정책학과,2014/1 ~ 2029/2,2022,1,2026,1,33,5,1,outputs/pdfs_full/정책학과__PPL2022__민사법2.pdf,ok
PPL2023,재무행정,H0002983,정책학과,정책학과,2014/1 ~ 2016/2,2014,1,2016,1,16,3,1,outputs/pdfs_full/정책학과__PPL2023__재무행정.pdf,ok
PPL2024,행정법학2,H0002983,정책학과,정책학과,2014/1 ~ 2028/2,2022,2,2025,2,22,4,2,outputs/pdfs_full/정책학과__PPL2024__행정법학2.pdf,ok
PPL2025,형사법1,H0002983,정책학과,정책학과,2014/1 ~ 2016/2,2014,2,2016,2,16,3,1,outputs/pdfs_full/정책학과__PPL2025__형사법1.pdf,ok
PPL2026,인사및조직행정,H0002983,정책학과,정책학과,2014/1 ~ 2016/2,2014,2,2016,2,16,3,1,outputs/pdfs_full/정책학과__PPL2026__인사및조직행정.pdf,ok
PPL2027,형법학1,H0002983,정책학과,정책학과,2017/1 ~ 2028/2,2022,2,2025,2,18,4,1,outputs/pdfs_full/정책학과__PPL2027__형법학1.pdf,ok
PPL3002,미시경제학,H0002983,정책학과,정책학과,2010/1 ~ 2016/2,2012,1,2016,1,28,5,1,outputs/pdfs_full/정책학과__PPL3002__미시경제학.pdf,ok
PPL3009,추리의기법,H0002983,정책학과,정책학과,2010/1 ~ 2028/2,2022,1,2026,1,22,5,1,outputs/pdfs_full/정책학과__PPL3009__추리의기법.pdf,ok
PPL3012,거시경제학,H0002983,정책학과,정책학과,2010/1 ~ 2016/2,2012,2,2016,2,33,5,1,outputs/pdfs_full/정책학과__PPL3012__거시경제학.pdf,ok
PPL3013,도시및지방행정론,H0002983,정책학과,정책학과,2011/1 ~ 2017/2,2011,2,2017,2,20,5,1,outputs/pdfs_full/정책학과__PPL3013__도시및지방행정론.pdf,ok
PPL3014,사회학의쟁점과이론,H0002983,정책학과,정책학과,2011/1 ~ 2017/2,2011,1,2012,1,9,2,1,outputs/pdfs_full/정책학과__PPL3014__사회학의쟁점과이론.pdf,ok
PPL3016,비교정치론,H0002983,정책학과,정책학과,2011/1 ~ 2029/2,2022,1,2026,1,24,5,1,outputs/pdfs_full/정책학과__PPL3016__비교정치론.pdf,ok
PPL3017,국제경제학,H0002983,정책학과,정책학과,2011/1 ~ 2029/2,2022,1,2026,1,30,5,1,outputs/pdfs_full/정책학과__PPL3017__국제경제학.pdf,ok
PPL3020,국제정치학,H0002983,정책학과,정책학과,2011/1 ~ 2021/2,2011,2,2015,2,15,4,1,outputs/pdfs_full/정책학과__PPL3020__국제정치학.pdf,ok
PPL3021,경제정책,H0002983,정책학과,정책학과,2011/1 ~ 2018/2,2013,2,2018,2,18,5,1,outputs/pdfs_full/정책학과__PPL3021__경제정책.pdf,ok
PPL3022,상사법1,H0002983,정책학과,정책학과,2015/1 ~ 2017/2,2015,1,2017,1,14,3,1,outputs/pdfs_full/정책학과__PPL3022__상사법1.pdf,ok
PPL3023,정책학,H0002983,정책학과,정책학과,2015/1 ~ 2017/2,2015,1,2017,1,16,3,1,outputs/pdfs_full/정책학과__PPL3023__정책학.pdf,ok
PPL3024,고전의이해,H0002983,정책학과,정책학과,2015/1 ~ 2017/2,2015,1,2017,1,16,3,1,outputs/pdfs_full/정책학과__PPL3024__고전의이해.pdf,ok
PPL3025,헌법학2,H0002983,정책학과,정책학과,2015/1 ~ 2021/2,2017,1,2021,2,24,5,1,outputs/pdfs_full/정책학과__PPL3025__헌법학2.pdf,ok
PPL3026,행정법학3,H0002983,정책학과,정책학과,2015/1 ~ 2029/2,2020,1,2025,1,25,5,1,outputs/pdfs_full/정책학과__PPL3026__행정법학3.pdf,ok
PPL3027,상사법2,H0002983,정책학과,정책학과,2015/1 ~ 2017/2,2016,2,2017,2,9,2,1,outputs/pdfs_full/정책학과__PPL3027__상사법2.pdf,ok
PPL3028,상법학,H0002983,정책학과,정책학과,2018/1 ~ 2029/2,2022,1,2026,1,20,5,1,outputs/pdfs_full/정책학과__PPL3028__상법학.pdf,ok
PPL3029,사회철학의이해,H0002983,정책학과,정책학과,2022/1 ~ 2029/2,2022,2,2025,2,11,4,1,outputs/pdfs_full/정책학과__PPL3029__사회철학의이해.pdf,ok
PPL3030,헌법과국가,H0002983,정책학과,정책학과,2022/1 ~ 2028/2,2022,1,2026,1,17,5,1,outputs/pdfs_full/정책학과__PPL3030__헌법과국가.pdf,ok
PPL3031,헌법과공공정책,H0002983,정책학과,정책학과,2022/1 ~ 2029/2,2022,2,2025,2,13,4,1,outputs/pdfs_full/정책학과__PPL3031__헌법과공공정책.pdf,ok
PPL3032,정책분석통계,H0002983,정책학과,정책학과,2022/1 ~ 2029/2,2022,1,2025,1,18,4,1,outputs/pdfs_full/정책학과__PPL3032__정책분석통계.pdf,ok
PPL4002,추리와문제해결,H0002983,정책학과,정책학과,2011/1 ~ 2029/2,2022,2,2025,2,10,4,1,outputs/pdfs_full/정책학과__PPL4002__추리와문제해결.pdf,ok
PPL4013,언론자유론,H0002983,정책학과,정책학과,2012/1 ~ 2018/2,2014,2,2017,2,11,4,1,outputs/pdfs_full/정책학과__PPL4013__언론자유론.pdf,ok
PPL4016,현대사회의윤리적쟁점들,H0002983,정책학과,정책학과,2012/1 ~ 2030/2,2022,2,2025,2,14,4,1,outputs/pdfs_full/정책학과__PPL4016__현대사회의윤리적쟁점들.pdf,ok
PPL4018,한국경제론,H0002983,정책학과,정책학과,2012/1 ~ 2030/2,2024,2,2026,1,12,4,3,outputs/pdfs_full/정책학과__PPL4018__한국경제론.pdf,ok
PPL4019,심리학과인지과학,H0002983,정책학과,정책학과,2012/1 ~ 2018/2,2014,2,2018,2,25,5,1,outputs/pdfs_full/정책학과__PPL4019__심리학과인지과학.pdf,ok
PPL4021,창의적문제해결캡스톤디자인,H0002983,정책학과,정책학과,2012/1 ~ 2025/2,2018,1,2022,1,8,5,1,outputs/pdfs_full/정책학과__PPL4021__창의적문제해결캡스톤디자인.pdf,ok
PPL4022,졸업논문작성캡스톤디자인,H0002983,정책학과,정책학과,2012/1 ~ 2018/2,2014,2,2018,2,12,5,1,outputs/pdfs_full/정책학과__PPL4022__졸업논문작성캡스톤디자인.pdf,ok
PPL4023,민사법3,H0002983,정책학과,정책학과,2016/1 ~ 2029/2,2022,2,2025,2,22,4,1,outputs/pdfs_full/정책학과__PPL4023__민사법3.pdf,ok
PPL4024,형사법2,H0002983,정책학과,정책학과,2016/1 ~ 2018/2,2016,1,2018,2,15,3,1,outputs/pdfs_full/정책학과__PPL4024__형사법2.pdf,ok
PPL4025,한국정치학,H0002983,정책학과,정책학과,2016/1 ~ 2030/2,2023,1,2026,1,18,4,1,outputs/pdfs_full/정책학과__PPL4025__한국정치학.pdf,ok
PPL4026,민사법4,H0002983,정책학과,정책학과,2016/1 ~ 2018/2,2016,2,2018,2,15,3,1,outputs/pdfs_full/정책학과__PPL4026__민사법4.pdf,ok
PPL4027,과학기술철학,H0002983,정책학과,정책학과,2019/1 ~ 2022/2,2019,1,2022,1,10,3,2,outputs/pdfs_full/정책학과__PPL4027__과학기술철학.pdf,ok
PPL4028,민사소송론,H0002983,정책학과,정책학과,2019/1 ~ 2030/2,2021,1,2026,1,14,5,1,outputs/pdfs_full/정책학과__PPL4028__민사소송론.pdf,ok
PPL4029,형사소송론,H0002983,정책학과,정책학과,2019/1 ~ 2030/2,2020,2,2025,2,9,4,1,outputs/pdfs_full/정책학과__PPL4029__형사소송론.pdf,ok
PPL4030,공공정책의계량경제학,H0002983,정책학과,정책학과,2019/1 ~ 2030/2,2019,1,2026,1,15,5,1,outputs/pdfs_full/정책학과__PPL4030__공공정책의계량경제학.pdf,ok
PPL4031,과학철학의주요쟁점,H0002983,정책학과,정책학과,2023/1 ~ 2030/2,2023,1,2026,1,20,4,1,outputs/pdfs_full/정책학과__PPL4031__과학철학의주요쟁점.pdf,ok
PPL4032,형법학2,H0002983,정책학과,정책학과,2023/1 ~ 2030/2,2023,1,2026,1,15,4,1,outputs/pdfs_full/정책학과__PPL4032__형법학2.pdf,ok
PRE1003,복지사회의이해,H0002599,의예과,의예과(학부/서울),1998/1 ~ 2017/1,2013,1,2017,1,35,5,1,outputs/pdfs_full/의예과__PRE1003__복지사회의이해.pdf,ok
PRE1004,의학실무영어,H0002599,의예과,의예과(학부/서울),2000/1 ~ 2019/2,2015,2,2019,2,29,5,1,outputs/pdfs_full/의예과__PRE1004__의학실무영어.pdf,ok
PRE1005,의학개론,H0002599,의예과,의예과(학부/서울),2003/1 ~ 2017/2,2013,2,2017,2,35,5,1,outputs/pdfs_full/의예과__PRE1005__의학개론.pdf,ok
PRE1006,기초영어,H0002599,의예과,의예과(학부/서울),2003/1 ~ 2019/2,2015,1,2019,1,32,5,1,outputs/pdfs_full/의예과__PRE1006__기초영어.pdf,ok
PRE1011,비교해부학및실습,H0002599,의예과,의예과(학부/서울),2005/1 ~ 2017/1,2013,1,2017,1,36,5,1,outputs/pdfs_full/의예과__PRE1011__비교해부학및실습.pdf,ok
PRE1012,생명과윤리,H0002599,의예과,의예과(학부/서울),2005/1 ~ 2017/1,2012,2,2016,2,38,5,1,outputs/pdfs_full/의예과__PRE1012__생명과윤리.pdf,ok
PRE1013,의료정보학및실습,H0002599,의예과,의예과(학부/서울),2005/1 ~ 2017/1,2012,2,2016,2,32,5,1,outputs/pdfs_full/의예과__PRE1013__의료정보학및실습.pdf,ok
PRE1015,인간심리학,H0002599,의예과,의예과(학부/서울),2005/1 ~ 2027/2,2023,2,2026,1,24,4,3,outputs/pdfs_full/의예과__PRE1015__인간심리학.pdf,ok
PRE1016,문화와비평,H0002599,의예과,의예과(학부/서울),2012/1 ~ 2023/2,2019,2,2023,2,38,5,1,outputs/pdfs_full/의예과__PRE1016__문화와비평.pdf,ok
PRE1017,의료기기의이해,H0002599,의예과,의예과(학부/서울),2013/1 ~ 2027/2,2022,2,2025,2,19,4,1,outputs/pdfs_full/의예과__PRE1017__의료기기의이해.pdf,ok
PRE1018,사람.의료.사회1-1,H0002599,의예과,의예과(학부/서울),2017/1 ~ 2027/2,2022,1,2026,1,34,5,1,outputs/pdfs_full/의예과__PRE1018__사람.의료.사회1-1.pdf,ok
PRE1019,사람.의료.사회1-2,H0002599,의예과,의예과(학부/서울),2017/2 ~ 2027/2,2022,2,2025,2,24,4,1,outputs/pdfs_full/의예과__PRE1019__사람.의료.사회1-2.pdf,ok
PRE1020,의공학입문,H0002599,의예과,의예과(학부/서울),2017/2 ~ 2019/2,2017,2,2019,2,16,3,1,outputs/pdfs_full/의예과__PRE1020__의공학입문.pdf,ok
PRE1021,유기화학,H0002599,의예과,의예과(학부/서울),2020/1 ~ 2027/2,2022,2,2025,2,25,4,1,outputs/pdfs_full/의예과__PRE1021__유기화학.pdf,ok
PRE1022,의과학기초실습,H0002599,의예과,의예과(학부/서울),2020/1 ~ 2027/2,2022,2,2025,2,15,4,1,outputs/pdfs_full/의예과__PRE1022__의과학기초실습.pdf,ok
PRE1023,인체영양학개론,H0002599,의예과,의예과(학부/서울),2020/2 ~ 2027/2,2022,2,2025,2,24,4,1,outputs/pdfs_full/의예과__PRE1023__인체영양학개론.pdf,ok
PRE1024,의료데이터사이언스입문,H0002599,의예과,의예과(학부/서울),2024/1 ~ 2027/2,2024,2,2025,2,9,2,1,outputs/pdfs_full/의예과__PRE1024__의료데이터사이언스입문.pdf,ok
PRE2012,사회와의료,H0002599,의예과,의예과(학부/서울),2009/1 ~ 2017/1,2012,2,2016,2,39,5,1,outputs/pdfs_full/의예과__PRE2012__사회와의료.pdf,ok
PRE2013,의학용어학1,H0002599,의예과,의예과(학부/서울),2010/1 ~ 2027/2,2022,2,2025,2,27,4,1,outputs/pdfs_full/의예과__PRE2013__의학용어학1.pdf,ok
PRE2014,인체구조기능학,H0002599,의예과,의예과(학부/서울),2010/1 ~ 2017/2,2013,2,2017,2,34,5,1,outputs/pdfs_full/의예과__PRE2014__인체구조기능학.pdf,ok
PRE2016,의학용어학2,H0002599,의예과,의예과(학부/서울),2011/1 ~ 2028/2,2021,1,2026,1,35,5,1,outputs/pdfs_full/의예과__PRE2016__의학용어학2.pdf,ok
PRE2017,올바른건강관리,H0002599,의예과,의예과(학부/서울),2014/1 ~ 2017/2,2014,2,2017,2,24,4,2,outputs/pdfs_full/의예과__PRE2017__올바른건강관리.pdf,ok
PRE2018,사람.의료.사회3,H0002599,의예과,의예과(학부/서울),2018/1 ~ 2020/2,2018,1,2020,1,18,3,1,outputs/pdfs_full/의예과__PRE2018__사람.의료.사회3.pdf,ok
PRE2019,의학개론(사람.의료.사회4),H0002599,의예과,의예과(학부/서울),2018/1 ~ 2020/2,2018,1,2020,1,23,3,1,outputs/pdfs_full/의예과__PRE2019__의학개론(사람.의료.사회4).pdf,ok
PRE2020,행동의학,H0002599,의예과,의예과(학부/서울),2018/1 ~ 2028/2,2022,1,2026,1,28,5,1,outputs/pdfs_full/의예과__PRE2020__행동의학.pdf,ok
PRE2021,의약화학1,H0002599,의예과,의예과(학부/서울),2018/1 ~ 2020/2,2018,1,2020,1,23,3,1,outputs/pdfs_full/의예과__PRE2021__의약화학1.pdf,ok
PRE2022,의약화학2,H0002599,의예과,의예과(학부/서울),2018/1 ~ 2020/2,2018,2,2020,2,21,3,1,outputs/pdfs_full/의예과__PRE2022__의약화학2.pdf,ok
PRE2023,사람.의료.사회5,H0002599,의예과,의예과(학부/서울),2018/1 ~ 2020/2,2018,2,2020,2,24,3,1,outputs/pdfs_full/의예과__PRE2023__사람.의료.사회5.pdf,ok
PRE2024,인체기능입문1,H0002599,의예과,의예과(학부/서울),2018/1 ~ 2020/2,2018,2,2020,2,22,3,1,outputs/pdfs_full/의예과__PRE2024__인체기능입문1.pdf,ok
PRE2025,인체기능입문2,H0002599,의예과,의예과(학부/서울),2018/1 ~ 2020/2,2018,2,2020,2,22,3,1,outputs/pdfs_full/의예과__PRE2025__인체기능입문2.pdf,ok
PRE2026,인체기능입문3,H0002599,의예과,의예과(학부/서울),2018/1 ~ 2020/2,2018,2,2020,2,21,3,1,outputs/pdfs_full/의예과__PRE2026__인체기능입문3.pdf,ok
PRE2027,사람.의료.사회2-1A,H0002599,의예과,의예과(학부/서울),2021/1 ~ 2028/2,2022,1,2026,1,20,5,1,outputs/pdfs_full/의예과__PRE2027__사람.의료.사회2-1A.pdf,ok
PRE2028,사람.의료.사회2-1B,H0002599,의예과,의예과(학부/서울),2021/1 ~ 2028/2,2021,1,2023,1,20,3,1,outputs/pdfs_full/의예과__PRE2028__사람.의료.사회2-1B.pdf,ok
PRE2029,임상정보시스템과의료의미래,H0002599,의예과,의예과(학부/서울),2021/1 ~ 2024/2,2021,1,2023,1,21,3,1,outputs/pdfs_full/의예과__PRE2029__임상정보시스템과의료의미래.pdf,ok
PRE2030,의과학기초연구,H0002599,의예과,의예과(학부/서울),2021/1 ~ 2028/2,2022,1,2026,1,24,5,1,outputs/pdfs_full/의예과__PRE2030__의과학기초연구.pdf,ok
PRE2031,사람.의료.사회2-2,H0002599,의예과,의예과(학부/서울),2021/1 ~ 2028/2,2022,2,2025,2,23,4,1,outputs/pdfs_full/의예과__PRE2031__사람.의료.사회2-2.pdf,ok
PRE2032,죽은자의이야기,H0002599,의예과,의예과(학부/서울),2021/1 ~ 2028/2,2021,1,2025,1,29,4,1,outputs/pdfs_full/의예과__PRE2032__죽은자의이야기.pdf,ok
PRE2033,의학생화학입문,H0002599,의예과,의예과(학부/서울),2021/1 ~ 2028/2,2022,2,2025,2,21,4,1,outputs/pdfs_full/의예과__PRE2033__의학생화학입문.pdf,ok
PRE2034,의학생리학입문,H0002599,의예과,의예과(학부/서울),2021/1 ~ 2028/2,2022,2,2025,2,24,4,1,outputs/pdfs_full/의예과__PRE2034__의학생리학입문.pdf,ok
PRE2035,인간지능과인공지능의의학적이해,H0002599,의예과,의예과(학부/서울),2020/1 ~ 2024/2,2020,2,2022,2,9,3,1,outputs/pdfs_full/의예과__PRE2035__인간지능과인공지능의의학적이해.pdf,ok
PRE2036,인구집단과건강,H0002599,의예과,의예과(학부/서울),2021/1 ~ 2028/2,2021,2,2025,2,17,4,1,outputs/pdfs_full/의예과__PRE2036__인구집단과건강.pdf,ok
PRE2037,의료데이터사이언스응용,H0002599,의예과,의예과(학부/서울),2025/1 ~ 2028/2,2026,1,2026,1,6,1,1,outputs/pdfs_full/의예과__PRE2037__의료데이터사이언스응용.pdf,ok
PRE2038,의료데이터사이언스통섭,H0002599,의예과,의예과(학부/서울),2025/1 ~ 2028/2,,,,,0,0,1,outputs/pdfs_full/의예과__PRE2038__의료데이터사이언스통섭.pdf,not_found
PRE2039,의공학융합연구특론,H0002599,의예과,의예과(학부/서울),2026/2 ~ 2028/2,,,,,0,0,1,outputs/pdfs_full/의예과__PRE2039__의공학융합연구특론.pdf,not_found
PRE2040,융합연구프로젝트1,H0002599,의예과,의예과(학부/서울),2026/2 ~ 2027/2,,,,,0,0,1,outputs/pdfs_full/의예과__PRE2040__융합연구프로젝트1.pdf,not_found
PRE2041,융합연구프로젝트2,H0002599,의예과,의예과(학부/서울),2026/2 ~ 2028/2,,,,,0,0,1,outputs/pdfs_full/의예과__PRE2041__융합연구프로젝트2.pdf,not_found
PSD1002,정치와사회,H0003663,정치외교학과,정치외교학과,2014/1 ~ 2015/2,2014,1,2015,1,8,2,4,outputs/pdfs_full/정치외교학과__PSD1002__정치와사회.pdf,ok
PSD1003,정치학입문,H0002834,사회과학부,사회과학부(학부/서울),2001/1 ~ 2004/2,2014,2,2015,2,13,2,2,outputs/pdfs_full/사회과학부__PSD1003__정치학입문.pdf,ok
PSD1004,국제정치학입문,H0003663,정치외교학과,정치외교학과,2014/1 ~ 2027/2,2022,2,2025,2,26,4,3,outputs/pdfs_full/정치외교학과__PSD1004__국제정치학입문.pdf,ok
PSD1005,외교정책의이해,H0003663,정치외교학과,정치외교학과,2014/1 ~ 2028/2,2022,1,2026,1,14,5,1,outputs/pdfs_full/정치외교학과__PSD1005__외교정책의이해.pdf,ok
PSD1006,정치와이념,H0003663,정치외교학과,정치외교학과,2014/1 ~ 2016/2,2014,2,2016,2,16,3,1,outputs/pdfs_full/정치외교학과__PSD1006__정치와이념.pdf,ok
PSD2002,비교정치론,H0003663,정치외교학과,정치외교학과,2014/1 ~ 2028/2,2022,1,2026,1,26,5,2,outputs/pdfs_full/정치외교학과__PSD2002__비교정치론.pdf,ok
PSD2010,한국정치외교사,H0003663,정치외교학과,정치외교학과,2014/1 ~ 2028/2,2022,2,2025,2,30,4,2,outputs/pdfs_full/정치외교학과__PSD2010__한국정치외교사.pdf,ok
PSD2014,유럽정치론,H0003663,정치외교학과,정치외교학과,2014/1 ~ 2028/2,2022,2,2025,2,21,4,2,outputs/pdfs_full/정치외교학과__PSD2014__유럽정치론.pdf,ok
PSD2015,미국정치론,H0003663,정치외교학과,정치외교학과,2011/1 ~ 2029/2,2021,1,2025,1,16,4,2,outputs/pdfs_full/정치외교학과__PSD2015__미국정치론.pdf,ok
PSD2020,통일문제연구,H0003663,정치외교학과,정치외교학과,2011/1 ~ 2029/2,2022,2,2025,2,13,4,2,outputs/pdfs_full/정치외교학과__PSD2020__통일문제연구.pdf,ok
PSD2022,동북아국제관계,H0003663,정치외교학과,정치외교학과,2014/1 ~ 2028/2,2021,1,2026,1,22,5,2,outputs/pdfs_full/정치외교학과__PSD2022__동북아국제관계.pdf,ok
PSD2052,국제정치사,H0003663,정치외교학과,정치외교학과,2014/1 ~ 2029/2,2022,1,2026,1,25,5,2,outputs/pdfs_full/정치외교학과__PSD2052__국제정치사.pdf,ok
PSD2054,서양정치사상,H0003663,정치외교학과,정치외교학과,2014/1 ~ 2029/2,2022,1,2026,1,26,5,2,outputs/pdfs_full/정치외교학과__PSD2054__서양정치사상.pdf,ok
PSD3003,한국정치론,H0003663,정치외교학과,정치외교학과,2011/1 ~ 2029/2,2021,2,2026,1,20,5,2,outputs/pdfs_full/정치외교학과__PSD3003__한국정치론.pdf,ok
PSD3009,동양정치사상,H0003663,정치외교학과,정치외교학과,2011/1 ~ 2017/2,2014,2,2017,2,25,4,2,outputs/pdfs_full/정치외교학과__PSD3009__동양정치사상.pdf,ok
PSD3011,정치사회학,H0003663,정치외교학과,정치외교학과,2012/1 ~ 2018/2,2021,1,2026,1,29,5,4,outputs/pdfs_full/정치외교학과__PSD3011__정치사회학.pdf,ok
PSD3015,정치경제론,H0002983,정책학과,정책학과,2016/1 ~ 2030/2,2021,2,2025,2,13,4,1,outputs/pdfs_full/정책학과__PSD3015__정치경제론.pdf,ok
PSD3019,국제협상론,H0003663,정치외교학과,정치외교학과,2011/1 ~ 2030/2,2019,1,2025,1,23,5,2,outputs/pdfs_full/정치외교학과__PSD3019__국제협상론.pdf,ok
PSD3020,현대정치학이론,H0003663,정치외교학과,정치외교학과,2012/1 ~ 2018/2,2014,1,2018,1,21,5,2,outputs/pdfs_full/정치외교학과__PSD3020__현대정치학이론.pdf,ok
PSD3021,정당과선거,H0003663,정치외교학과,정치외교학과,2012/1 ~ 2028/2,2022,2,2025,2,30,4,2,outputs/pdfs_full/정치외교학과__PSD3021__정당과선거.pdf,ok
PSD3022,국제관계이론,H0003663,정치외교학과,정치외교학과,2014/1 ~ 2029/2,2022,2,2025,2,7,4,2,outputs/pdfs_full/정치외교학과__PSD3022__국제관계이론.pdf,ok
PSD3023,국제제도와협력,H0003663,정치외교학과,정치외교학과,2011/1 ~ 2017/2,2014,2,2017,2,21,4,2,outputs/pdfs_full/정치외교학과__PSD3023__국제제도와협력.pdf,ok
PSD3024,국가정보론,H0003663,정치외교학과,정치외교학과,2011/1 ~ 2017/2,2014,1,2017,1,17,4,2,outputs/pdfs_full/정치외교학과__PSD3024__국가정보론.pdf,ok
PSD3054,비교정치경제론,H0003663,정치외교학과,정치외교학과,2011/1 ~ 2028/2,2022,1,2026,1,17,5,2,outputs/pdfs_full/정치외교학과__PSD3054__비교정치경제론.pdf,ok
PSD3056,시민사회와사회운동,H0003663,정치외교학과,정치외교학과,2011/1 ~ 2029/2,2022,2,2025,2,17,4,2,outputs/pdfs_full/정치외교학과__PSD3056__시민사회와사회운동.pdf,ok
PSD3057,국제개발협력과아프리카,H0003663,정치외교학과,정치외교학과,2012/1 ~ 2029/2,2021,2,2025,2,22,5,2,outputs/pdfs_full/정치외교학과__PSD3057__국제개발협력과아프리카.pdf,ok
PSD3058,평화와안보,H0003663,정치외교학과,정치외교학과,2014/1 ~ 2028/2,2022,1,2026,1,30,5,1,outputs/pdfs_full/정치외교학과__PSD3058__평화와안보.pdf,ok
PSD3059,국가발전론,H0003663,정치외교학과,정치외교학과,2015/1 ~ 2029/2,2021,2,2025,2,22,5,1,outputs/pdfs_full/정치외교학과__PSD3059__국가발전론.pdf,ok
PSD4005,외교정책론,H0003663,정치외교학과,정치외교학과,2016/1 ~ 2018/2,2016,2,2018,2,11,3,2,outputs/pdfs_full/정치외교학과__PSD4005__외교정책론.pdf,ok
PSD4006,정치학방법론,H0003663,정치외교학과,정치외교학과,2011/1 ~ 2028/2,2022,2,2025,2,16,4,2,outputs/pdfs_full/정치외교학과__PSD4006__정치학방법론.pdf,ok
PSD4014,한국정치사상,H0003663,정치외교학과,정치외교학과,2012/1 ~ 2018/2,2014,1,2018,1,26,5,2,outputs/pdfs_full/정치외교학과__PSD4014__한국정치사상.pdf,ok
PSD4016,중국의정치,H0003663,정치외교학과,정치외교학과,2012/1 ~ 2030/2,2022,2,2025,2,15,4,2,outputs/pdfs_full/정치외교학과__PSD4016__중국의정치.pdf,ok
PSD4017,일본정치론,H0003663,정치외교학과,정치외교학과,2014/1 ~ 2028/2,2022,2,2025,2,20,4,2,outputs/pdfs_full/정치외교학과__PSD4017__일본정치론.pdf,ok
PSD4019,국제정치경제론,H0003663,정치외교학과,정치외교학과,2012/1 ~ 2029/2,2021,2,2025,2,17,4,2,outputs/pdfs_full/정치외교학과__PSD4019__국제정치경제론.pdf,ok
PSD4020,러시아정치론,H0003663,정치외교학과,정치외교학과,2012/1 ~ 2030/2,2021,1,2026,1,15,5,2,outputs/pdfs_full/정치외교학과__PSD4020__러시아정치론.pdf,ok
PSD4021,정치권력과리더쉽,H0003663,정치외교학과,정치외교학과,2014/1 ~ 2016/2,2014,2,2016,2,10,3,2,outputs/pdfs_full/정치외교학과__PSD4021__정치권력과리더쉽.pdf,ok
PSD4024,21세기국제환경과국제관계,H0003663,정치외교학과,정치외교학과,2011/1 ~ 2029/2,2022,1,2026,1,22,5,2,outputs/pdfs_full/정치외교학과__PSD4024__21세기국제환경과국제관계.pdf,ok
PSD4025,북한의정치와사회,H0003663,정치외교학과,정치외교학과,2011/1 ~ 2028/2,2022,1,2026,1,26,5,2,outputs/pdfs_full/정치외교학과__PSD4025__북한의정치와사회.pdf,ok
PSD4026,정보화사회의정치,H0003663,정치외교학과,정치외교학과,2011/1 ~ 2017/2,2014,2,2014,2,3,1,2,outputs/pdfs_full/정치외교학과__PSD4026__정보화사회의정치.pdf,ok
PSD4027,세계화와법,H0003663,정치외교학과,정치외교학과,2012/1 ~ 2026/2,2022,1,2026,1,16,5,2,outputs/pdfs_full/정치외교학과__PSD4027__세계화와법.pdf,ok
PSD4028,독재정치,H0003663,정치외교학과,정치외교학과,2027/1 ~ 2030/2,,,,,0,0,1,outputs/pdfs_full/정치외교학과__PSD4028__독재정치.pdf,not_found
PSD4052,국제분쟁론,H0003663,정치외교학과,정치외교학과,2012/1 ~ 2018/2,2014,2,2018,2,12,5,2,outputs/pdfs_full/정치외교학과__PSD4052__국제분쟁론.pdf,ok
PSD4054,국가위기관리론,H0003663,정치외교학과,정치외교학과,2012/1 ~ 2018/2,2014,2,2017,2,15,4,2,outputs/pdfs_full/정치외교학과__PSD4054__국가위기관리론.pdf,ok
PSD4056,국제개발협력의거버넌스,H0003663,정치외교학과,정치외교학과,2012/1 ~ 2029/2,2022,1,2026,1,23,5,2,outputs/pdfs_full/정치외교학과__PSD4056__국제개발협력의거버넌스.pdf,ok
PSD4057,아프리카와지역통합,H0003663,정치외교학과,정치외교학과,2015/1 ~ 2030/2,2022,1,2026,1,22,5,1,outputs/pdfs_full/정치외교학과__PSD4057__아프리카와지역통합.pdf,ok
ROB2003,전기전자회로,H0005006,한양인터칼리지학부,한양인터칼리지학부,2026/1 ~ 2028/2,,,,,0,0,2,outputs/pdfs_full/한양인터칼리지학부__ROB2003__전기전자회로.pdf,not_found
SBC0001,생활속의반도체,H0002256,서울 대학,대학(학부/서울),2024/2 ~ 2027/2,2024,2,2026,1,6,4,1,outputs/pdfs_seoul_university/서울_대학__SBC0001__생활속의반도체.pdf,ok
SBC0002,반도체8대공정개론,H0002256,서울 대학,대학(학부/서울),2024/2 ~ 2027/2,2024,2,2026,1,6,3,1,outputs/pdfs_seoul_university/서울_대학__SBC0002__반도체8대공정개론.pdf,ok
SBC0003,반도체공정과장비의이해,H0002256,서울 대학,대학(학부/서울),2024/2 ~ 2027/2,2024,2,2026,1,9,4,1,outputs/pdfs_seoul_university/서울_대학__SBC0003__반도체공정과장비의이해.pdf,ok
SBC0004,반도체공정응용,H0002256,서울 대학,대학(학부/서울),2024/2 ~ 2027/2,2024,2,2026,1,9,4,1,outputs/pdfs_seoul_university/서울_대학__SBC0004__반도체공정응용.pdf,ok
SBC0005,플라즈마장비,H0002256,서울 대학,대학(학부/서울),2024/2 ~ 2027/2,2024,2,2026,1,17,4,1,outputs/pdfs_seoul_university/서울_대학__SBC0005__플라즈마장비.pdf,ok
SBC0006,AI반도체응용기술,H0002256,서울 대학,대학(학부/서울),2025/1 ~ 2027/2,2025,1,2026,1,11,3,1,outputs/pdfs_seoul_university/서울_대학__SBC0006__AI반도체응용기술.pdf,ok
SBC0007,AI반도체집적화기술,H0002256,서울 대학,대학(학부/서울),2025/1 ~ 2027/2,2025,1,2026,1,3,3,1,outputs/pdfs_seoul_university/서울_대학__SBC0007__AI반도체집적화기술.pdf,ok
SBC0008,반도체부품설계공학,H0002256,서울 대학,대학(학부/서울),2025/2 ~ 2027/2,2025,2,2026,1,6,2,1,outputs/pdfs_seoul_university/서울_대학__SBC0008__반도체부품설계공학.pdf,ok
SBC0009,AI반도체기술의이해,H0002256,서울 대학,대학(학부/서울),2026/2 ~ 2027/2,,,,,0,0,1,outputs/pdfs_seoul_university/서울_대학__SBC0009__AI반도체기술의이해.pdf,not_found
SBC5001,차세대디스플레이,H0002256,서울 대학,대학(학부/서울),2024/2 ~ 2027/2,,,,,0,0,1,outputs/pdfs_seoul_university/서울_대학__SBC5001__차세대디스플레이.pdf,not_found
SBC5002,나노소재의물성과산업응용,H0002256,서울 대학,대학(학부/서울),2024/2 ~ 2027/2,,,,,0,0,1,outputs/pdfs_seoul_university/서울_대학__SBC5002__나노소재의물성과산업응용.pdf,not_found
SCE1001,반도체리더십세미나,H0004761,반도체공학과,반도체공학과,2023/1 ~ 2027/2,2023,1,2026,1,14,4,1,outputs/pdfs_full/반도체공학과__SCE1001__반도체리더십세미나.pdf,ok
SCE2001,양자역학개론,H0004761,반도체공학과,반도체공학과,2024/1 ~ 2025/2,,,,,0,0,1,outputs/pdfs_full/반도체공학과__SCE2001__양자역학개론.pdf,not_found
SCE2002,융합양자공학,H0004761,반도체공학과,반도체공학과,2026/1 ~ 2028/2,,,,,0,0,1,outputs/pdfs_full/반도체공학과__SCE2002__융합양자공학.pdf,not_found
SCE3001,반도체소자분석기술,H0004761,반도체공학과,반도체공학과,2025/1 ~ 2029/2,2025,1,2026,1,5,2,1,outputs/pdfs_full/반도체공학과__SCE3001__반도체소자분석기술.pdf,ok
SCE3002,기계학습입문,H0004761,반도체공학과,반도체공학과,2025/1 ~ 2029/2,,,,,0,0,1,outputs/pdfs_full/반도체공학과__SCE3002__기계학습입문.pdf,not_found
SCE3003,시스템반도체소자,H0004761,반도체공학과,반도체공학과,2026/1 ~ 2030/2,2026,1,2026,1,2,1,1,outputs/pdfs_full/반도체공학과__SCE3003__시스템반도체소자.pdf,ok
SCE3004,메모리반도체소자,H0004761,반도체공학과,반도체공학과,2025/1 ~ 2029/2,2025,2,2025,2,2,1,1,outputs/pdfs_full/반도체공학과__SCE3004__메모리반도체소자.pdf,ok
SCE3005,반도체소자공정실험,H0004761,반도체공학과,반도체공학과,2025/1 ~ 2029/2,2025,2,2025,2,1,1,1,outputs/pdfs_full/반도체공학과__SCE3005__반도체소자공정실험.pdf,ok
SCE4001,반도체공학종합설계1,H0004761,반도체공학과,반도체공학과,2026/1 ~ 2030/2,,,,,0,0,1,outputs/pdfs_full/반도체공학과__SCE4001__반도체공학종합설계1.pdf,not_found
SCE4002,반도체공학종합설계2,H0004761,반도체공학과,반도체공학과,2026/1 ~ 2030/2,,,,,0,0,1,outputs/pdfs_full/반도체공학과__SCE4002__반도체공학종합설계2.pdf,not_found
SCE4003,나노전자공학,H0004761,반도체공학과,반도체공학과,2026/1 ~ 2030/2,,,,,0,0,1,outputs/pdfs_full/반도체공학과__SCE4003__나노전자공학.pdf,not_found
SCE4004,전자재료,H0004761,반도체공학과,반도체공학과,2026/1 ~ 2030/2,,,,,0,0,1,outputs/pdfs_full/반도체공학과__SCE4004__전자재료.pdf,not_found
SMC1006,공학프로그래밍기초,H0005006,한양인터칼리지학부,한양인터칼리지학부,2026/1 ~ 2028/2,2026,1,2026,1,2,1,2,outputs/pdfs_full/한양인터칼리지학부__SMC1006__공학프로그래밍기초.pdf,ok
SOC1054,사회학입문,H0003664,사회학과,사회학과,2014/1 ~ 2019/2,2015,1,2019,1,28,5,1,outputs/pdfs_full/사회학과__SOC1054__사회학입문.pdf,ok
SOC1055,사회학과새로운산업혁명,H0003664,사회학과,사회학과,2024/2 ~ 2025/1,2024,2,2024,2,3,1,1,outputs/pdfs_full/사회학과__SOC1055__사회학과새로운산업혁명.pdf,ok
SOC2001,사회심리학,H0003664,사회학과,사회학과,2014/1 ~ 2028/2,2021,2,2025,2,30,5,3,outputs/pdfs_full/사회학과__SOC2001__사회심리학.pdf,ok
SOC2002,사회통계,H0003664,사회학과,사회학과,2014/1 ~ 2028/2,2022,2,2025,2,30,4,2,outputs/pdfs_full/사회학과__SOC2002__사회통계.pdf,ok
SOC2003,사회변동과발전,H0003664,사회학과,사회학과,2014/1 ~ 2028/2,2022,2,2025,2,26,4,2,outputs/pdfs_full/사회학과__SOC2003__사회변동과발전.pdf,ok
SOC2004,사회학사,H0003664,사회학과,사회학과,2014/1 ~ 2028/2,2022,1,2026,1,35,5,2,outputs/pdfs_full/사회학과__SOC2004__사회학사.pdf,ok
SOC2015,사회학전공영어,H0003664,사회학과,사회학과,2014/1 ~ 2028/2,2022,1,2026,1,33,5,2,outputs/pdfs_full/사회학과__SOC2015__사회학전공영어.pdf,ok
SOC2016,인구의이해,H0003664,사회학과,사회학과,2014/1 ~ 2028/2,2022,1,2026,1,39,5,2,outputs/pdfs_full/사회학과__SOC2016__인구의이해.pdf,ok
SOC2019,비교사회론,H0003664,사회학과,사회학과,2012/1 ~ 2029/2,2014,1,2021,1,32,5,2,outputs/pdfs_full/사회학과__SOC2019__비교사회론.pdf,ok
SOC2038,사회조사방법의이해,H0003664,사회학과,사회학과,2017/1 ~ 2028/2,2022,1,2026,1,34,5,1,outputs/pdfs_full/사회학과__SOC2038__사회조사방법의이해.pdf,ok
SOC3008,문화사회학,H0003664,사회학과,사회학과,2011/1 ~ 2028/2,2022,1,2026,1,21,5,2,outputs/pdfs_full/사회학과__SOC3008__문화사회학.pdf,ok
SOC3012,경제사회학,H0003664,사회학과,사회학과,2011/1 ~ 2029/2,2022,1,2026,1,21,5,2,outputs/pdfs_full/사회학과__SOC3012__경제사회학.pdf,ok
SOC3013,성의사회학,H0003664,사회학과,사회학과,2014/1 ~ 2030/2,2022,1,2026,1,28,5,2,outputs/pdfs_full/사회학과__SOC3013__성의사회학.pdf,ok
SOC3018,정치경제학,H0002933,경제금융학부,경제금융학부(학부/서울),2012/1 ~ 2015/2,2013,2,2015,2,22,3,1,outputs/pdfs_full/경제금융학부__SOC3018__정치경제학.pdf,ok
SOC3019,동양사회와사상,H0003664,사회학과,사회학과,2014/1 ~ 2016/2,2014,2,2016,2,15,3,2,outputs/pdfs_full/사회학과__SOC3019__동양사회와사상.pdf,ok
SOC3029,조사분석인턴쉽,H0003664,사회학과,사회학과,2012/1 ~ 2018/2,,,,,0,0,2,outputs/pdfs_full/사회학과__SOC3029__조사분석인턴쉽.pdf,not_found
SOC3030,질적연구방법의이해,H0003664,사회학과,사회학과,2011/1 ~ 2029/2,2022,1,2026,1,21,5,2,outputs/pdfs_full/사회학과__SOC3030__질적연구방법의이해.pdf,ok
SOC3031,일탈과사회통제,H0003664,사회학과,사회학과,2011/1 ~ 2029/2,2022,1,2026,1,32,5,2,outputs/pdfs_full/사회학과__SOC3031__일탈과사회통제.pdf,ok
SOC3032,사회문제분석:AI와데이터사회,H0003664,사회학과,사회학과,2011/1 ~ 2028/2,2022,2,2025,2,21,4,2,outputs/pdfs_full/사회학과__SOC3032__사회문제분석_AI와데이터사회.pdf,ok
SOC3033,사회복지와사회정책,H0003664,사회학과,사회학과,2012/1 ~ 2029/2,2021,2,2025,2,18,5,2,outputs/pdfs_full/사회학과__SOC3033__사회복지와사회정책.pdf,ok
SOC3034,결혼과가족의사회학,H0003664,사회학과,사회학과,2011/1 ~ 2028/2,2022,2,2025,2,25,4,2,outputs/pdfs_full/사회학과__SOC3034__결혼과가족의사회학.pdf,ok
SOC3035,데이터분석Ⅰ,H0003664,사회학과,사회학과,2015/1 ~ 2028/2,2022,2,2025,2,14,4,2,outputs/pdfs_full/사회학과__SOC3035__데이터분석I.pdf,ok
SOC3036,노동과기업문화,H0003664,사회학과,사회학과,2012/1 ~ 2026/2,2014,1,2018,1,28,5,2,outputs/pdfs_full/사회학과__SOC3036__노동과기업문화.pdf,ok
SOC3052,동아시아연구,H0003664,사회학과,사회학과,2011/1 ~ 2022/2,2015,2,2021,2,26,5,2,outputs/pdfs_full/사회학과__SOC3052__동아시아연구.pdf,ok
SOC3053,기업사회학,H0003664,사회학과,사회학과,2011/1 ~ 2029/2,2020,2,2025,2,21,4,2,outputs/pdfs_full/사회학과__SOC3053__기업사회학.pdf,ok
SOC3054,사회학전공특수과제,H0003664,사회학과,사회학과,2011/1 ~ 2030/2,2014,2,2021,2,14,4,2,outputs/pdfs_full/사회학과__SOC3054__사회학전공특수과제.pdf,ok
SOC3055,영상사회학,H0003664,사회학과,사회학과,2011/1 ~ 2018/2,,,,,0,0,2,outputs/pdfs_full/사회학과__SOC3055__영상사회학.pdf,not_found
SOC3056,시민사회론,H0003664,사회학과,사회학과,2011/1 ~ 2017/2,2014,2,2017,2,23,4,2,outputs/pdfs_full/사회학과__SOC3056__시민사회론.pdf,ok
SOC3064,사회불평등연구,H0003664,사회학과,사회학과,2022/1 ~ 2029/2,2022,1,2024,1,12,2,1,outputs/pdfs_full/사회학과__SOC3064__사회불평등연구.pdf,ok
SOC4003,사회발전론,H0003664,사회학과,사회학과,2011/1 ~ 2017/2,2014,2,2017,2,21,4,2,outputs/pdfs_full/사회학과__SOC4003__사회발전론.pdf,ok
SOC4004,사회조사실습,H0003664,사회학과,사회학과,2012/1 ~ 2030/2,2021,1,2026,1,17,5,2,outputs/pdfs_full/사회학과__SOC4004__사회조사실습.pdf,ok
SOC4005,사회계층론,H0003664,사회학과,사회학과,2011/1 ~ 2021/2,2017,2,2021,1,31,5,2,outputs/pdfs_full/사회학과__SOC4005__사회계층론.pdf,ok
SOC4007,사회조직론,H0003664,사회학과,사회학과,2014/1 ~ 2028/2,2020,2,2023,2,25,4,2,outputs/pdfs_full/사회학과__SOC4007__사회조직론.pdf,ok
SOC4008,현대사회학이론,H0003664,사회학과,사회학과,2011/1 ~ 2029/2,2022,2,2025,2,16,4,2,outputs/pdfs_full/사회학과__SOC4008__현대사회학이론.pdf,ok
SOC4015,한국사회의이해,H0003664,사회학과,사회학과,2012/1 ~ 2030/2,2021,2,2025,2,16,4,2,outputs/pdfs_full/사회학과__SOC4015__한국사회의이해.pdf,ok
SOC4027,일과직업의사회학,H0003664,사회학과,사회학과,2011/1 ~ 2029/2,2022,2,2025,2,20,4,2,outputs/pdfs_full/사회학과__SOC4027__일과직업의사회학.pdf,ok
SOC4031,성문화연구,H0003664,사회학과,사회학과,2012/1 ~ 2018/2,2014,1,2018,1,25,5,2,outputs/pdfs_full/사회학과__SOC4031__성문화연구.pdf,ok
SOC4033,세계화평화와인권,H0003664,사회학과,사회학과,2012/1 ~ 2018/2,2014,1,2018,1,16,4,2,outputs/pdfs_full/사회학과__SOC4033__세계화평화와인권.pdf,ok
SOC4036,복지사회학,H0003664,사회학과,사회학과,2012/1 ~ 2030/2,2022,1,2026,1,19,5,2,outputs/pdfs_full/사회학과__SOC4036__복지사회학.pdf,ok
SOC4037,캡스톤디자인/졸업논문,H0003664,사회학과,사회학과,2012/1 ~ 2026/2,2016,2,2019,2,6,4,2,outputs/pdfs_full/사회학과__SOC4037__캡스톤디자인_졸업논문.pdf,ok
SOC4040,현대사회와빅데이터,H0003664,사회학과,사회학과,2018/2 ~ 2030/2,2019,2,2024,2,20,4,1,outputs/pdfs_full/사회학과__SOC4040__현대사회와빅데이터.pdf,ok
SOC4041,4차산업혁명과현대사회,H0003664,사회학과,사회학과,2023/1 ~ 2030/2,2023,2,2025,2,9,3,1,outputs/pdfs_full/사회학과__SOC4041__4차산업혁명과현대사회.pdf,ok
SOC4042,인구학특수과제,H0003664,사회학과,사회학과,2021/2 ~ 2022/2,2021,2,2021,2,4,1,1,outputs/pdfs_full/사회학과__SOC4042__인구학특수과제.pdf,ok
SOC4043,21세기전환의사회와기술혁신,H0003664,사회학과,사회학과,2023/1 ~ 2030/2,2023,1,2026,1,10,3,1,outputs/pdfs_full/사회학과__SOC4043__21세기전환의사회와기술혁신.pdf,ok
SOC4046,건강과사회적행동,H0003664,사회학과,사회학과,2025/1 ~ 2030/2,2025,1,2026,1,12,2,1,outputs/pdfs_full/사회학과__SOC4046__건강과사회적행동.pdf,ok
SOI1001,인공지능기초,H0004450,데이터사이언스학과,데이터사이언스학과,2020/1 ~ 2020/2,,,,,0,0,1,outputs/pdfs_full/데이터사이언스학과__SOI1001__인공지능기초.pdf,not_found
SOI1002,파이션기초,H0004450,데이터사이언스학과,데이터사이언스학과,2020/1 ~ 2020/2,,,,,0,0,1,outputs/pdfs_full/데이터사이언스학과__SOI1002__파이션기초.pdf,not_found
SOI1003,데이터사이언스기초,H0004707,데이터사이언스학부,데이터사이언스학부,2022/1 ~ 2025/2,2022,1,2025,1,30,4,3,outputs/pdfs_full/데이터사이언스학부__SOI1003__데이터사이언스기초.pdf,ok
SOI1004,인공지능캡스톤프로젝트1-1,H0004450,데이터사이언스학과,데이터사이언스학과,2020/1 ~ 2020/2,,,,,0,0,1,outputs/pdfs_full/데이터사이언스학과__SOI1004__인공지능캡스톤프로젝트1-1.pdf,not_found
SOI1005,고급파이션프로그래밍,H0004450,데이터사이언스학과,데이터사이언스학과,2020/1 ~ 2020/2,,,,,0,0,1,outputs/pdfs_full/데이터사이언스학과__SOI1005__고급파이션프로그래밍.pdf,not_found
SOI1006,인지과학및인공지능,H0004450,데이터사이언스학과,데이터사이언스학과,2020/1 ~ 2020/2,,,,,0,0,1,outputs/pdfs_full/데이터사이언스학과__SOI1006__인지과학및인공지능.pdf,not_found
SOI1007,지식추출및추론,H0004450,데이터사이언스학과,데이터사이언스학과,2020/1 ~ 2020/2,,,,,0,0,1,outputs/pdfs_full/데이터사이언스학과__SOI1007__지식추출및추론.pdf,not_found
SOI1008,데이터사이언스프로젝트,H0004707,데이터사이언스학부,데이터사이언스학부,2022/1 ~ 2024/2,2022,2,2024,2,7,2,3,outputs/pdfs_full/데이터사이언스학부__SOI1008__데이터사이언스프로젝트.pdf,ok
SOI1009,머신러닝1,H0004707,데이터사이언스학부,데이터사이언스학부,2022/1 ~ 2028/2,2022,1,2026,1,31,5,5,outputs/pdfs_full/데이터사이언스학부__SOI1009__머신러닝1.pdf,ok
SOI1010,머신러닝2,H0004707,데이터사이언스학부,데이터사이언스학부,2022/1 ~ 2028/2,2022,2,2025,2,28,4,5,outputs/pdfs_full/데이터사이언스학부__SOI1010__머신러닝2.pdf,ok
SOI2002,인공지능베이지안이론,H0004743,심리뇌과학전공,심리뇌과학전공,2023/1 ~ 2029/2,,,,,0,0,4,outputs/pdfs_full/심리뇌과학전공__SOI2002__인공지능베이지안이론.pdf,not_found
SOI2007,인지신경과학,H0004707,데이터사이언스학부,데이터사이언스학부,2022/1 ~ 2028/2,2022,2,2025,2,26,4,5,outputs/pdfs_full/데이터사이언스학부__SOI2007__인지신경과학.pdf,ok
SOI2008,인지과학입문,H0004707,데이터사이언스학부,데이터사이언스학부,2026/1 ~ 2028/2,2026,1,2026,1,8,1,1,outputs/pdfs_full/데이터사이언스학부__SOI2008__인지과학입문.pdf,ok
SOI3006,계산인지과학,H0004743,심리뇌과학전공,심리뇌과학전공,2023/1 ~ 2029/2,2023,1,2023,1,5,1,4,outputs/pdfs_full/심리뇌과학전공__SOI3006__계산인지과학.pdf,ok
SOI3007,인지과학연구방법론2,H0004743,심리뇌과학전공,심리뇌과학전공,2023/1 ~ 2029/2,2023,1,2025,1,8,3,2,outputs/pdfs_full/심리뇌과학전공__SOI3007__인지과학연구방법론2.pdf,ok
SOI3008,인지행동모델링,H0004743,심리뇌과학전공,심리뇌과학전공,2023/1 ~ 2029/2,2023,2,2024,2,9,2,2,outputs/pdfs_full/심리뇌과학전공__SOI3008__인지행동모델링.pdf,ok
SOI3009,강화학습이론및응용,H0004743,심리뇌과학전공,심리뇌과학전공,2023/1 ~ 2029/2,,,,,0,0,4,outputs/pdfs_full/심리뇌과학전공__SOI3009__강화학습이론및응용.pdf,not_found
SOI3010,데이터사이언스연구실현장실습2,H0004744,데이터사이언스전공,데이터사이언스전공,2022/1 ~ 2025/2,2022,2,2025,2,4,4,1,outputs/pdfs_full/데이터사이언스전공__SOI3010__데이터사이언스연구실현장실습2.pdf,ok
SOI3011,컴퓨팅사고를통한문제해결,H0004744,데이터사이언스전공,데이터사이언스전공,2022/1 ~ 2029/2,2022,2,2024,2,14,3,1,outputs/pdfs_full/데이터사이언스전공__SOI3011__컴퓨팅사고를통한문제해결.pdf,ok
SOI3012,데이터사이언스연구실현장실습1,H0004744,데이터사이언스전공,데이터사이언스전공,2023/1 ~ 2025/2,2023,1,2025,1,3,3,1,outputs/pdfs_full/데이터사이언스전공__SOI3012__데이터사이언스연구실현장실습1.pdf,ok
SOI3013,심리뇌과학연구실현장실습1,H0004743,심리뇌과학전공,심리뇌과학전공,2023/2 ~ 2025/2,2024,1,2025,1,2,2,1,outputs/pdfs_full/심리뇌과학전공__SOI3013__심리뇌과학연구실현장실습1.pdf,ok
SOI3014,심리뇌과학연구실현장실습2,H0004743,심리뇌과학전공,심리뇌과학전공,2023/2 ~ 2025/2,2023,2,2025,2,3,3,1,outputs/pdfs_full/심리뇌과학전공__SOI3014__심리뇌과학연구실현장실습2.pdf,ok
SOI3015,AI컴퓨팅시스템,H0004744,데이터사이언스전공,데이터사이언스전공,2026/2 ~ 2029/2,,,,,0,0,1,outputs/pdfs_full/데이터사이언스전공__SOI3015__AI컴퓨팅시스템.pdf,not_found
SOI3016,인지과학연구방법론1,H0004743,심리뇌과학전공,심리뇌과학전공,2026/2 ~ 2029/2,,,,,0,0,1,outputs/pdfs_full/심리뇌과학전공__SOI3016__인지과학연구방법론1.pdf,not_found
SOI4003,인공지능졸업프로젝트,H0004743,심리뇌과학전공,심리뇌과학전공,2024/1 ~ 2026/2,,,,,0,0,4,outputs/pdfs_full/심리뇌과학전공__SOI4003__인공지능졸업프로젝트.pdf,not_found
SOI4004,뉴로이미징,H0004743,심리뇌과학전공,심리뇌과학전공,2024/1 ~ 2029/2,2024,1,2026,1,4,3,2,outputs/pdfs_full/심리뇌과학전공__SOI4004__뉴로이미징.pdf,ok
SOI4005,글로벌인턴십,H0004743,심리뇌과학전공,심리뇌과학전공,2023/1 ~ 2029/2,2023,1,2026,1,2,2,4,outputs/pdfs_full/심리뇌과학전공__SOI4005__글로벌인턴십.pdf,ok
SOI4006,인공지능프로젝트1(캡스톤디자인),H0004743,심리뇌과학전공,심리뇌과학전공,2023/2 ~ 2030/2,2024,1,2026,1,6,3,2,outputs/pdfs_full/심리뇌과학전공__SOI4006__인공지능프로젝트1(캡스톤디자인).pdf,ok
SOI4007,인공지능프로젝트2(캡스톤디자인),H0004743,심리뇌과학전공,심리뇌과학전공,2023/2 ~ 2030/2,2023,2,2025,2,8,3,2,outputs/pdfs_full/심리뇌과학전공__SOI4007__인공지능프로젝트2(캡스톤디자인).pdf,ok
SOI4008,디지털헬스케어리터러시및연결,H0004744,데이터사이언스전공,데이터사이언스전공,2024/1 ~ 2030/2,2024,1,2025,1,4,2,1,outputs/pdfs_full/데이터사이언스전공__SOI4008__디지털헬스케어리터러시및연결.pdf,ok
SOI4010,컴퓨테이셔널소셜사이언스,H0004744,데이터사이언스전공,데이터사이언스전공,2024/1 ~ 2030/2,2024,1,2025,1,4,2,1,outputs/pdfs_full/데이터사이언스전공__SOI4010__컴퓨테이셔널소셜사이언스.pdf,ok
SOI4012,비정형데이터분석,H0004743,심리뇌과학전공,심리뇌과학전공,2024/2 ~ 2029/2,2024,2,2025,2,9,2,2,outputs/pdfs_full/심리뇌과학전공__SOI4012__비정형데이터분석.pdf,ok
SOI4013,시계열데이터분석및실습,H0004743,심리뇌과학전공,심리뇌과학전공,2024/2 ~ 2029/2,2024,2,2025,2,7,2,2,outputs/pdfs_full/심리뇌과학전공__SOI4013__시계열데이터분석및실습.pdf,ok
SOI4014,데이터사이언스산업트랜드,H0004743,심리뇌과학전공,심리뇌과학전공,2024/2 ~ 2030/2,,,,,0,0,1,outputs/pdfs_full/심리뇌과학전공__SOI4014__데이터사이언스산업트랜드.pdf,not_found
SOI4015,마인드풀니스와테크놀로지,H0004743,심리뇌과학전공,심리뇌과학전공,2024/2 ~ 2030/2,2024,2,2025,2,5,2,1,outputs/pdfs_full/심리뇌과학전공__SOI4015__마인드풀니스와테크놀로지.pdf,ok
SOI4016,데이터사이언스세미나1,H0004743,심리뇌과학전공,심리뇌과학전공,2027/1 ~ 2030/2,,,,,0,0,2,outputs/pdfs_full/심리뇌과학전공__SOI4016__데이터사이언스세미나1.pdf,not_found
SOI4017,데이터사이언스세미나2,H0004743,심리뇌과학전공,심리뇌과학전공,2026/2 ~ 2030/2,,,,,0,0,2,outputs/pdfs_full/심리뇌과학전공__SOI4017__데이터사이언스세미나2.pdf,not_found
SOI4018,사회신경과학,H0004743,심리뇌과학전공,심리뇌과학전공,2026/2 ~ 2029/2,,,,,0,0,1,outputs/pdfs_full/심리뇌과학전공__SOI4018__사회신경과학.pdf,not_found
SYB1050,희곡론,H0002256,서울 대학,대학(학부/서울),2000/1 ~ 2027/2,2000,1,2004,1,8,5,1,outputs/pdfs_seoul_university/서울_대학__SYB1050__희곡론.pdf,ok
SYB1051,ASIC설계및연습,H0002256,서울 대학,대학(학부/서울),2000/1 ~ 2027/2,2000,1,2000,2,8,2,1,outputs/pdfs_seoul_university/서울_대학__SYB1051__ASIC설계및연습.pdf,ok
SYB1100,시사일본어,H0002256,서울 대학,대학(학부/서울),2014/1 ~ 2019/2,2014,1,2017,1,7,2,1,outputs/pdfs_seoul_university/서울_대학__SYB1100__시사일본어.pdf,ok
SYB1101,실용일본어작문,H0002256,서울 대학,대학(학부/서울),2014/1 ~ 2019/2,2014,1,2019,1,8,2,1,outputs/pdfs_seoul_university/서울_대학__SYB1101__실용일본어작문.pdf,ok
SYB1102,보건프로그램개발평가,H0002256,서울 대학,대학(학부/서울),2014/1 ~ 2019/2,2014,1,2014,1,4,1,1,outputs/pdfs_seoul_university/서울_대학__SYB1102__보건프로그램개발평가.pdf,ok
SYB1103,질병및수술분류,H0002256,서울 대학,대학(학부/서울),2014/1 ~ 2019/2,2014,1,2014,1,5,1,1,outputs/pdfs_seoul_university/서울_대학__SYB1103__질병및수술분류.pdf,ok
SYB1104,전략정보의이해와활용,H0002256,서울 대학,대학(학부/서울),2014/1 ~ 2019/2,2014,1,2016,1,8,2,1,outputs/pdfs_seoul_university/서울_대학__SYB1104__전략정보의이해와활용.pdf,ok
SYB1105,글로벌인적자원관리,H0002256,서울 대학,대학(학부/서울),2014/1 ~ 2019/2,2014,1,2014,1,4,1,1,outputs/pdfs_seoul_university/서울_대학__SYB1105__글로벌인적자원관리.pdf,ok
SYB1106,경제학의이해,H0002256,서울 대학,대학(학부/서울),2014/1 ~ 2019/2,,,,,0,0,1,outputs/pdfs_seoul_university/서울_대학__SYB1106__경제학의이해.pdf,not_found
SYB1107,정보엔터테인먼트산업론,H0002256,서울 대학,대학(학부/서울),2014/1 ~ 2019/2,2014,1,2014,1,5,1,1,outputs/pdfs_seoul_university/서울_대학__SYB1107__정보엔터테인먼트산업론.pdf,ok
SYB1108,상권조사및사업타당성분석,H0002256,서울 대학,대학(학부/서울),2014/1 ~ 2019/2,2014,1,2018,1,7,2,1,outputs/pdfs_seoul_university/서울_대학__SYB1108__상권조사및사업타당성분석.pdf,ok
SYB1109,전시산업의이해,H0002256,서울 대학,대학(학부/서울),2014/1 ~ 2019/2,2014,1,2015,1,7,2,1,outputs/pdfs_seoul_university/서울_대학__SYB1109__전시산업의이해.pdf,ok
SYB1110,노인주거산업,H0002256,서울 대학,대학(학부/서울),2014/1 ~ 2019/2,2014,1,2014,1,4,1,1,outputs/pdfs_seoul_university/서울_대학__SYB1110__노인주거산업.pdf,ok
SYB1111,실버산업조사방법론,H0002256,서울 대학,대학(학부/서울),2014/1 ~ 2019/2,2014,1,2014,1,4,1,1,outputs/pdfs_seoul_university/서울_대학__SYB1111__실버산업조사방법론.pdf,ok
SYB1112,산업디자인1,H0002256,서울 대학,대학(학부/서울),2014/1 ~ 2019/2,2014,1,2014,1,4,1,1,outputs/pdfs_seoul_university/서울_대학__SYB1112__산업디자인1.pdf,ok
SYB1113,디자인매니지먼트,H0002256,서울 대학,대학(학부/서울),2014/1 ~ 2019/2,2014,1,2014,1,5,1,1,outputs/pdfs_seoul_university/서울_대학__SYB1113__디자인매니지먼트.pdf,ok
SYB1114,멀티미디어응용,H0002256,서울 대학,대학(학부/서울),2014/2 ~ 2019/2,2014,2,2014,2,4,1,1,outputs/pdfs_seoul_university/서울_대학__SYB1114__멀티미디어응용.pdf,ok
SYB1115,통신망융합,H0002256,서울 대학,대학(학부/서울),2014/2 ~ 2019/2,2014,2,2014,2,4,1,1,outputs/pdfs_seoul_university/서울_대학__SYB1115__통신망융합.pdf,ok
SYB1116,집단미술치료,H0002256,서울 대학,대학(학부/서울),2014/2 ~ 2019/2,2014,2,2014,2,4,1,1,outputs/pdfs_seoul_university/서울_대학__SYB1116__집단미술치료.pdf,ok
SYB1117,미디어일본어,H0002256,서울 대학,대학(학부/서울),2014/2 ~ 2019/2,2014,2,2018,2,7,2,1,outputs/pdfs_seoul_university/서울_대학__SYB1117__미디어일본어.pdf,ok
SYB1118,한일통역입문,H0002256,서울 대학,대학(학부/서울),2014/2 ~ 2019/2,2014,2,2014,2,3,1,1,outputs/pdfs_seoul_university/서울_대학__SYB1118__한일통역입문.pdf,ok
SYB1119,청소년문제,H0002256,서울 대학,대학(학부/서울),2014/2 ~ 2019/2,2014,2,2014,2,6,1,1,outputs/pdfs_seoul_university/서울_대학__SYB1119__청소년문제.pdf,ok
SYB1120,무역계약론,H0002256,서울 대학,대학(학부/서울),2014/2 ~ 2019/2,2014,2,2014,2,3,1,1,outputs/pdfs_seoul_university/서울_대학__SYB1120__무역계약론.pdf,ok
SYB1121,경제사의이해,H0002256,서울 대학,대학(학부/서울),2014/2 ~ 2019/2,2014,2,2014,2,4,1,1,outputs/pdfs_seoul_university/서울_대학__SYB1121__경제사의이해.pdf,ok
SYB1122,방송영상문화론,H0002256,서울 대학,대학(학부/서울),2014/2 ~ 2019/2,2014,2,2014,2,4,1,1,outputs/pdfs_seoul_university/서울_대학__SYB1122__방송영상문화론.pdf,ok
SYB1123,방송미디어의이해,H0002256,서울 대학,대학(학부/서울),2014/2 ~ 2019/2,2014,2,2014,2,3,1,1,outputs/pdfs_seoul_university/서울_대학__SYB1123__방송미디어의이해.pdf,ok
SYB1124,실버공학,H0002256,서울 대학,대학(학부/서울),2014/2 ~ 2019/2,2014,2,2014,2,2,1,1,outputs/pdfs_seoul_university/서울_대학__SYB1124__실버공학.pdf,ok
SYB1125,IT융합공학개론,H0002256,서울 대학,대학(학부/서울),2015/1 ~ 2027/2,2015,1,2020,1,11,3,1,outputs/pdfs_seoul_university/서울_대학__SYB1125__IT융합공학개론.pdf,ok
SYB1126,청소년문화,H0002256,서울 대학,대학(학부/서울),2015/1 ~ 2019/2,2015,1,2017,1,7,2,1,outputs/pdfs_seoul_university/서울_대학__SYB1126__청소년문화.pdf,ok
SYB1127,정보사회학입문,H0002256,서울 대학,대학(학부/서울),2015/2 ~ 2027/2,2024,2,2026,1,32,4,1,outputs/pdfs_seoul_university/서울_대학__SYB1127__정보사회학입문.pdf,ok
SYB1128,저작권과스마트폰의이해,H0002256,서울 대학,대학(학부/서울),2016/1 ~ 2027/2,2024,2,2026,1,18,4,1,outputs/pdfs_seoul_university/서울_대학__SYB1128__저작권과스마트폰의이해.pdf,ok
SYB1130,국제사회복지론,H0002256,서울 대학,대학(학부/서울),2016/1 ~ 2019/2,2016,1,2019,1,7,2,1,outputs/pdfs_seoul_university/서울_대학__SYB1130__국제사회복지론.pdf,ok
SYB1131,무역금융론,H0002256,서울 대학,대학(학부/서울),2016/1 ~ 2019/2,2016,1,2019,1,7,2,1,outputs/pdfs_seoul_university/서울_대학__SYB1131__무역금융론.pdf,ok
SYB1132,글로벌시대의금융,H0002256,서울 대학,대학(학부/서울),2016/1 ~ 2019/2,2016,1,2018,1,9,3,1,outputs/pdfs_seoul_university/서울_대학__SYB1132__글로벌시대의금융.pdf,ok
SYB1133,고령사회와실버세대의이해,H0002256,서울 대학,대학(학부/서울),2016/1 ~ 2019/2,2016,1,2016,1,5,1,1,outputs/pdfs_seoul_university/서울_대학__SYB1133__고령사회와실버세대의이해.pdf,ok
SYB1134,실버산업과기업공헌,H0002256,서울 대학,대학(학부/서울),2016/1 ~ 2019/2,2016,1,2016,1,4,1,1,outputs/pdfs_seoul_university/서울_대학__SYB1134__실버산업과기업공헌.pdf,ok
SYB1135,공간디자인과마케팅,H0002256,서울 대학,대학(학부/서울),2016/1 ~ 2019/2,2016,1,2016,1,4,1,1,outputs/pdfs_seoul_university/서울_대학__SYB1135__공간디자인과마케팅.pdf,ok
SYB1136,캐릭터디자인,H0002256,서울 대학,대학(학부/서울),2016/1 ~ 2019/2,2016,1,2017,1,8,2,1,outputs/pdfs_seoul_university/서울_대학__SYB1136__캐릭터디자인.pdf,ok
SYB1137,해킹대응실무,H0002256,서울 대학,대학(학부/서울),2017/2 ~ 2019/2,2017,2,2017,2,4,1,1,outputs/pdfs_seoul_university/서울_대학__SYB1137__해킹대응실무.pdf,ok
SYB1138,장애의이해,H0002256,서울 대학,대학(학부/서울),2016/2 ~ 2019/2,2016,2,2017,2,7,2,1,outputs/pdfs_seoul_university/서울_대학__SYB1138__장애의이해.pdf,ok
SYB1139,사회서비스론,H0002256,서울 대학,대학(학부/서울),2016/2 ~ 2019/2,2016,2,2018,2,11,3,1,outputs/pdfs_seoul_university/서울_대학__SYB1139__사회서비스론.pdf,ok
SYB1140,가족법,H0002256,서울 대학,대학(학부/서울),2016/2 ~ 2019/2,2016,2,2017,2,9,2,1,outputs/pdfs_seoul_university/서울_대학__SYB1140__가족법.pdf,ok
SYB1141,사업계획과창업실무,H0002256,서울 대학,대학(학부/서울),2016/2 ~ 2019/2,2017,2,2017,2,6,1,1,outputs/pdfs_seoul_university/서울_대학__SYB1141__사업계획과창업실무.pdf,ok
SYB1142,청소년미술치료,H0002256,서울 대학,대학(학부/서울),2017/2 ~ 2027/2,2017,2,2020,1,9,2,1,outputs/pdfs_seoul_university/서울_대학__SYB1142__청소년미술치료.pdf,ok
SYB1143,음악치료,H0002256,서울 대학,대학(학부/서울),2017/2 ~ 2019/2,2017,2,2017,2,4,1,1,outputs/pdfs_seoul_university/서울_대학__SYB1143__음악치료.pdf,ok
SYB1144,도시공간구조론,H0002256,서울 대학,대학(학부/서울),2017/2 ~ 2019/2,2017,2,2017,2,4,1,1,outputs/pdfs_seoul_university/서울_대학__SYB1144__도시공간구조론.pdf,ok
SYB1145,중급일본어청취,H0002256,서울 대학,대학(학부/서울),2017/2 ~ 2019/2,2017,2,2017,2,4,1,1,outputs/pdfs_seoul_university/서울_대학__SYB1145__중급일본어청취.pdf,ok
SYB1146,메뉴관리론,H0002256,서울 대학,대학(학부/서울),2017/2 ~ 2019/2,2017,2,2019,2,7,2,1,outputs/pdfs_seoul_university/서울_대학__SYB1146__메뉴관리론.pdf,ok
SYB1147,Introduction to Korean,H0002256,서울 대학,대학(학부/서울),2017/2 ~ 2027/2,2017,2,2018,2,2,2,1,outputs/pdfs_seoul_university/서울_대학__SYB1147__Introduction_to_Korean.pdf,ok
SYB1148,커피아카데미아,H0002256,서울 대학,대학(학부/서울),2018/1 ~ 2027/2,2023,2,2026,1,26,5,1,outputs/pdfs_seoul_university/서울_대학__SYB1148__커피아카데미아.pdf,ok
SYB1149,프레젠테이션기법,H0002256,서울 대학,대학(학부/서울),2018/1 ~ 2027/2,2023,2,2025,2,13,4,1,outputs/pdfs_seoul_university/서울_대학__SYB1149__프레젠테이션기법.pdf,ok
SYB1150,이상심리학,H0002256,서울 대학,대학(학부/서울),2018/1 ~ 2019/2,2018,1,2018,1,4,1,1,outputs/pdfs_seoul_university/서울_대학__SYB1150__이상심리학.pdf,ok
SYB1151,아동발달과병리,H0002256,서울 대학,대학(학부/서울),2018/1 ~ 2019/2,2018,1,2018,1,5,1,1,outputs/pdfs_seoul_university/서울_대학__SYB1151__아동발달과병리.pdf,ok
SYB1152,성인및노인미술치료,H0002256,서울 대학,대학(학부/서울),2018/1 ~ 2019/2,2018,1,2018,1,4,1,1,outputs/pdfs_seoul_university/서울_대학__SYB1152__성인및노인미술치료.pdf,ok
SYB1153,상담및심리치료,H0002256,서울 대학,대학(학부/서울),2018/1 ~ 2019/2,2018,1,2018,1,3,1,1,outputs/pdfs_seoul_university/서울_대학__SYB1153__상담및심리치료.pdf,ok
SYB1154,놀이지도,H0002256,서울 대학,대학(학부/서울),2018/1 ~ 2019/2,2018,1,2018,1,6,1,1,outputs/pdfs_seoul_university/서울_대학__SYB1154__놀이지도.pdf,ok
SYB1155,가족과문화,H0002256,서울 대학,대학(학부/서울),2018/1 ~ 2019/2,2018,1,2018,1,4,1,1,outputs/pdfs_seoul_university/서울_대학__SYB1155__가족과문화.pdf,ok
SYB1156,가족복지론,H0002256,서울 대학,대학(학부/서울),2018/1 ~ 2019/2,2018,1,2018,1,3,1,1,outputs/pdfs_seoul_university/서울_대학__SYB1156__가족복지론.pdf,ok
SYB1157,부동산투자론,H0002256,서울 대학,대학(학부/서울),2018/1 ~ 2019/2,2018,1,2018,1,3,1,1,outputs/pdfs_seoul_university/서울_대학__SYB1157__부동산투자론.pdf,ok
SYB1158,민법총칙,H0002256,서울 대학,대학(학부/서울),2018/1 ~ 2019/2,2018,1,2018,1,3,1,1,outputs/pdfs_seoul_university/서울_대학__SYB1158__민법총칙.pdf,ok
SYB1159,생애재무관리론,H0002256,서울 대학,대학(학부/서울),2018/2 ~ 2019/2,2018,2,2018,2,2,1,1,outputs/pdfs_seoul_university/서울_대학__SYB1159__생애재무관리론.pdf,ok
SYB1160,창의력향상과비즈니스,H0002256,서울 대학,대학(학부/서울),2018/2 ~ 2027/2,2018,2,2023,2,21,5,1,outputs/pdfs_seoul_university/서울_대학__SYB1160__창의력향상과비즈니스.pdf,ok
SYB1161,자바프로젝트,H0002256,서울 대학,대학(학부/서울),2018/2 ~ 2019/2,2018,2,2018,2,4,1,1,outputs/pdfs_seoul_university/서울_대학__SYB1161__자바프로젝트.pdf,ok
SYB1162,웹기술,H0002256,서울 대학,대학(학부/서울),2018/2 ~ 2019/2,2018,2,2018,2,4,1,1,outputs/pdfs_seoul_university/서울_대학__SYB1162__웹기술.pdf,ok
SYB1163,건축도시빅데이터,H0002256,서울 대학,대학(학부/서울),2018/2 ~ 2019/2,2018,2,2018,2,5,1,1,outputs/pdfs_seoul_university/서울_대학__SYB1163__건축도시빅데이터.pdf,ok
SYB1164,색채심리학,H0002256,서울 대학,대학(학부/서울),2018/2 ~ 2027/2,2018,2,2020,2,10,3,1,outputs/pdfs_seoul_university/서울_대학__SYB1164__색채심리학.pdf,ok
SYB1165,부동산공법,H0002256,서울 대학,대학(학부/서울),2018/2 ~ 2019/2,2018,2,2018,2,4,1,1,outputs/pdfs_seoul_university/서울_대학__SYB1165__부동산공법.pdf,ok
SYB1166,법정책론,H0002256,서울 대학,대학(학부/서울),2018/2 ~ 2027/2,2018,2,2021,2,9,3,1,outputs/pdfs_seoul_university/서울_대학__SYB1166__법정책론.pdf,ok
SYB1167,브랜드경영전략,H0002256,서울 대학,대학(학부/서울),2018/2 ~ 2019/2,2018,2,2018,2,2,1,1,outputs/pdfs_seoul_university/서울_대학__SYB1167__브랜드경영전략.pdf,ok
SYB1168,소셜미디어광고마케팅,H0002256,서울 대학,대학(학부/서울),2018/2 ~ 2019/2,2018,2,2018,2,2,1,1,outputs/pdfs_seoul_university/서울_대학__SYB1168__소셜미디어광고마케팅.pdf,ok
SYB1169,여행안내,H0002256,서울 대학,대학(학부/서울),2018/2 ~ 2019/2,2018,2,2018,2,3,1,1,outputs/pdfs_seoul_university/서울_대학__SYB1169__여행안내.pdf,ok
SYB1170,와인과소믈리에론,H0002256,서울 대학,대학(학부/서울),2018/2 ~ 2019/2,2018,2,2018,2,4,1,1,outputs/pdfs_seoul_university/서울_대학__SYB1170__와인과소믈리에론.pdf,ok
SYB1171,미술과정신병리,H0002256,서울 대학,대학(학부/서울),2019/1 ~ 2019/2,2019,1,2019,1,3,1,1,outputs/pdfs_seoul_university/서울_대학__SYB1171__미술과정신병리.pdf,ok
SYB1172,아동학개론,H0002256,서울 대학,대학(학부/서울),2019/1 ~ 2019/2,2019,1,2019,1,3,1,1,outputs/pdfs_seoul_university/서울_대학__SYB1172__아동학개론.pdf,ok
SYB1173,온라인마케팅,H0002256,서울 대학,대학(학부/서울),2019/1 ~ 2019/2,2019,1,2019,1,3,1,1,outputs/pdfs_seoul_university/서울_대학__SYB1173__온라인마케팅.pdf,ok
SYB1174,정서장애의이해와치료,H0002256,서울 대학,대학(학부/서울),2019/1 ~ 2019/2,2019,1,2019,1,4,1,1,outputs/pdfs_seoul_university/서울_대학__SYB1174__정서장애의이해와치료.pdf,ok
SYB1175,상담사례연구,H0002256,서울 대학,대학(학부/서울),2019/1 ~ 2019/2,2019,1,2019,1,5,1,1,outputs/pdfs_seoul_university/서울_대학__SYB1175__상담사례연구.pdf,ok
SYB1176,사회과학고전읽기,H0002256,서울 대학,대학(학부/서울),2019/2 ~ 2019/2,2019,2,2019,2,5,1,1,outputs/pdfs_seoul_university/서울_대학__SYB1176__사회과학고전읽기.pdf,ok
SYB1177,경영자료작성및활용,H0002256,서울 대학,대학(학부/서울),2019/2 ~ 2019/2,2019,2,2019,2,4,1,1,outputs/pdfs_seoul_university/서울_대학__SYB1177__경영자료작성및활용.pdf,ok
SYB1178,시사경제와금융지표,H0002256,서울 대학,대학(학부/서울),2019/2 ~ 2019/2,2019,2,2019,2,3,1,1,outputs/pdfs_seoul_university/서울_대학__SYB1178__시사경제와금융지표.pdf,ok
SYB1179,국제여행매너,H0002256,서울 대학,대학(학부/서울),2019/2 ~ 2019/2,2019,2,2019,2,4,1,1,outputs/pdfs_seoul_university/서울_대학__SYB1179__국제여행매너.pdf,ok
SYB1180,심리측정및검사,H0002256,서울 대학,대학(학부/서울),2019/2 ~ 2019/2,2019,2,2019,2,3,1,1,outputs/pdfs_seoul_university/서울_대학__SYB1180__심리측정및검사.pdf,ok
SYB1181,사이버수사개론,H0002256,서울 대학,대학(학부/서울),2019/2 ~ 2019/2,2019,2,2019,2,3,1,1,outputs/pdfs_seoul_university/서울_대학__SYB1181__사이버수사개론.pdf,ok
SYB2037,현대생활과건강관리,H0002256,서울 대학,대학(학부/서울),2001/1 ~ 2027/2,2001,1,2001,1,2,1,1,outputs/pdfs_seoul_university/서울_대학__SYB2037__현대생활과건강관리.pdf,ok
SYB2039,회계와사회생활(이공회계),H0002256,서울 대학,대학(학부/서울),2001/1 ~ 2027/2,2001,1,2003,1,9,3,1,outputs/pdfs_seoul_university/서울_대학__SYB2039__회계와사회생활(이공회계).pdf,ok
SYB2049,디지털신호처리,H0002256,서울 대학,대학(학부/서울),2001/1 ~ 2019/2,2001,2,2015,2,8,5,1,outputs/pdfs_seoul_university/서울_대학__SYB2049__디지털신호처리.pdf,ok
SYB2056,인공지능,H0002256,서울 대학,대학(학부/서울),2001/1 ~ 2019/2,2001,1,2004,1,4,2,1,outputs/pdfs_seoul_university/서울_대학__SYB2056__인공지능.pdf,ok
SYB2089,미디어와사회,H0002256,서울 대학,대학(학부/서울),2001/1 ~ 2027/2,2001,2,2005,1,12,5,1,outputs/pdfs_seoul_university/서울_대학__SYB2089__미디어와사회.pdf,ok
SYB2095,여성복지론,H0002256,서울 대학,대학(학부/서울),2002/1 ~ 2019/2,2002,2,2017,1,9,3,1,outputs/pdfs_seoul_university/서울_대학__SYB2095__여성복지론.pdf,ok
SYB2100,교육프로그램평가,H0002256,서울 대학,대학(학부/서울),2015/1 ~ 2019/2,2018,1,2018,1,4,1,1,outputs/pdfs_seoul_university/서울_대학__SYB2100__교육프로그램평가.pdf,ok
SYB2101,계량경제학의기초,H0002256,서울 대학,대학(학부/서울),2015/1 ~ 2019/2,2015,1,2015,1,4,1,1,outputs/pdfs_seoul_university/서울_대학__SYB2101__계량경제학의기초.pdf,ok
SYB2102,시스템해킹실무,H0002256,서울 대학,대학(학부/서울),2017/1 ~ 2019/2,2017,1,2017,1,3,1,1,outputs/pdfs_seoul_university/서울_대학__SYB2102__시스템해킹실무.pdf,ok
SYB2103,정보검색과빅데이터,H0002256,서울 대학,대학(학부/서울),2017/1 ~ 2019/2,2017,1,2017,1,3,1,1,outputs/pdfs_seoul_university/서울_대학__SYB2103__정보검색과빅데이터.pdf,ok
SYB2104,창의적미술치료,H0002256,서울 대학,대학(학부/서울),2017/1 ~ 2019/2,2017,1,2017,1,5,1,1,outputs/pdfs_seoul_university/서울_대학__SYB2104__창의적미술치료.pdf,ok
SYB2105,방과후아동지도론,H0002256,서울 대학,대학(학부/서울),2017/1 ~ 2019/2,2017,1,2017,1,5,1,1,outputs/pdfs_seoul_university/서울_대학__SYB2105__방과후아동지도론.pdf,ok
SYB2106,시사영어청취,H0002256,서울 대학,대학(학부/서울),2017/1 ~ 2019/2,2017,1,2017,1,4,1,1,outputs/pdfs_seoul_university/서울_대학__SYB2106__시사영어청취.pdf,ok
SYB2107,도시주택경제론,H0002256,서울 대학,대학(학부/서울),2017/1 ~ 2019/2,2017,1,2017,1,4,1,1,outputs/pdfs_seoul_university/서울_대학__SYB2107__도시주택경제론.pdf,ok
SYB2108,다문화사회복지론,H0002256,서울 대학,대학(학부/서울),2017/1 ~ 2019/2,2017,1,2017,1,4,1,1,outputs/pdfs_seoul_university/서울_대학__SYB2108__다문화사회복지론.pdf,ok
SYB2109,IMC전략의이해,H0002256,서울 대학,대학(학부/서울),2017/1 ~ 2019/2,2017,1,2017,1,2,1,1,outputs/pdfs_seoul_university/서울_대학__SYB2109__IMC전략의이해.pdf,ok
SYB2110,신상품마케팅,H0002256,서울 대학,대학(학부/서울),2017/1 ~ 2019/2,2017,1,2017,1,4,1,1,outputs/pdfs_seoul_university/서울_대학__SYB2110__신상품마케팅.pdf,ok
SYB2111,보도홍보실무론,H0002256,서울 대학,대학(학부/서울),2017/1 ~ 2019/2,2017,1,2017,1,1,1,1,outputs/pdfs_seoul_university/서울_대학__SYB2111__보도홍보실무론.pdf,ok
SYB2112,여행상품개발,H0002256,서울 대학,대학(학부/서울),2017/1 ~ 2019/2,2017,1,2018,1,7,2,1,outputs/pdfs_seoul_university/서울_대학__SYB2112__여행상품개발.pdf,ok
SYB2113,인터페이스디자인,H0002256,서울 대학,대학(학부/서울),2017/1 ~ 2019/2,,,,,0,0,1,outputs/pdfs_seoul_university/서울_대학__SYB2113__인터페이스디자인.pdf,not_found
SYB3029,자료구조론,H0002256,서울 대학,대학(학부/서울),2001/1 ~ 2019/2,2002,1,2003,2,7,2,1,outputs/pdfs_seoul_university/서울_대학__SYB3029__자료구조론.pdf,ok
SYB3064,C프로그래밍,H0002256,서울 대학,대학(학부/서울),2002/1 ~ 2019/2,,,,,0,0,1,outputs/pdfs_seoul_university/서울_대학__SYB3064__C프로그래밍.pdf,not_found
SYB3067,데이터베이스론,H0002256,서울 대학,대학(학부/서울),2001/1 ~ 2027/2,2002,1,2002,1,3,1,1,outputs/pdfs_seoul_university/서울_대학__SYB3067__데이터베이스론.pdf,ok
SYB3094,디지털포토그래피,H0002256,서울 대학,대학(학부/서울),2002/1 ~ 2019/2,2002,2,2019,2,11,5,1,outputs/pdfs_seoul_university/서울_대학__SYB3094__디지털포토그래피.pdf,ok
SYB3100,교수설계전략,H0002256,서울 대학,대학(학부/서울),2015/1 ~ 2019/2,2015,1,2015,1,4,1,1,outputs/pdfs_seoul_university/서울_대학__SYB3100__교수설계전략.pdf,ok
SYB3101,의료정보관리학,H0002256,서울 대학,대학(학부/서울),2015/1 ~ 2019/2,2015,1,2015,1,4,1,1,outputs/pdfs_seoul_university/서울_대학__SYB3101__의료정보관리학.pdf,ok
SYB3102,국제시장조사론,H0002256,서울 대학,대학(학부/서울),2015/1 ~ 2019/2,2015,1,2015,1,4,1,1,outputs/pdfs_seoul_university/서울_대학__SYB3102__국제시장조사론.pdf,ok
SYB3103,사회복지상담의이론과실제,H0002256,서울 대학,대학(학부/서울),2015/1 ~ 2027/2,2015,1,2020,1,7,2,1,outputs/pdfs_seoul_university/서울_대학__SYB3103__사회복지상담의이론과실제.pdf,ok
SYB4028,C프로그래밍1,H0002256,서울 대학,대학(학부/서울),2003/1 ~ 2019/2,2003,1,2005,1,4,3,1,outputs/pdfs_seoul_university/서울_대학__SYB4028__C프로그래밍1.pdf,ok
SYB4032,교수매체의이해,H0002256,서울 대학,대학(학부/서울),2003/1 ~ 2019/2,2003,1,2014,2,18,5,1,outputs/pdfs_seoul_university/서울_대학__SYB4032__교수매체의이해.pdf,ok
SYB4034,웹기반시스템과S/W활용1,H0002256,서울 대학,대학(학부/서울),2003/1 ~ 2019/2,2004,1,2016,1,16,5,1,outputs/pdfs_seoul_university/서울_대학__SYB4034__웹기반시스템과S_W활용1.pdf,ok
SYB4036,디지털조형연습1,H0002256,서울 대학,대학(학부/서울),2003/1 ~ 2027/2,2003,1,2004,1,6,2,1,outputs/pdfs_seoul_university/서울_대학__SYB4036__디지털조형연습1.pdf,ok
SYB4037,생활속의디자인,H0002256,서울 대학,대학(학부/서울),2003/1 ~ 2019/2,2003,1,2019,1,14,5,1,outputs/pdfs_seoul_university/서울_대학__SYB4037__생활속의디자인.pdf,ok
SYB4062,ASIC설계및실습,H0002256,서울 대학,대학(학부/서울),2003/1 ~ 2027/2,2003,1,2004,1,8,3,1,outputs/pdfs_seoul_university/서울_대학__SYB4062__ASIC설계및실습.pdf,ok
SYB4063,C#프로그래밍,H0002256,서울 대학,대학(학부/서울),2003/1 ~ 2027/2,2003,1,2004,1,4,2,1,outputs/pdfs_seoul_university/서울_대학__SYB4063__C#프로그래밍.pdf,ok
SYB4100,호텔관광외식상품기획,H0002256,서울 대학,대학(학부/서울),2015/1 ~ 2019/2,2015,1,2015,1,5,1,1,outputs/pdfs_seoul_university/서울_대학__SYB4100__호텔관광외식상품기획.pdf,ok
SYB4101,시니어비즈니스세미나,H0002256,서울 대학,대학(학부/서울),2015/1 ~ 2019/2,2015,1,2015,1,5,1,1,outputs/pdfs_seoul_university/서울_대학__SYB4101__시니어비즈니스세미나.pdf,ok
SYB4102,일한번역연습,H0002256,서울 대학,대학(학부/서울),2015/1 ~ 2019/2,2015,1,2015,1,3,1,1,outputs/pdfs_seoul_university/서울_대학__SYB4102__일한번역연습.pdf,ok
SYB5004,C프로그래밍2,H0002256,서울 대학,대학(학부/서울),2003/1 ~ 2019/2,2003,2,2003,2,3,1,1,outputs/pdfs_seoul_university/서울_대학__SYB5004__C프로그래밍2.pdf,ok
SYB5011,웹기반시스템과S/W 활용2,H0002256,서울 대학,대학(학부/서울),2003/1 ~ 2019/2,2003,2,2013,2,11,3,1,outputs/pdfs_seoul_university/서울_대학__SYB5011__웹기반시스템과S_W_활용2.pdf,ok
SYB5021,디지털조형연습2,H0002256,서울 대학,대학(학부/서울),2003/1 ~ 2019/2,2003,2,2019,2,7,2,1,outputs/pdfs_seoul_university/서울_대학__SYB5021__디지털조형연습2.pdf,ok
SYB5026,3차원영상의기초,H0002256,서울 대학,대학(학부/서울),2003/1 ~ 2027/2,2003,2,2004,1,4,2,1,outputs/pdfs_seoul_university/서울_대학__SYB5026__3차원영상의기초.pdf,ok
SYB5044,E-비즈니스개론,H0002256,서울 대학,대학(학부/서울),2003/1 ~ 2027/2,,,,,0,0,1,outputs/pdfs_seoul_university/서울_대학__SYB5044__E-비즈니스개론.pdf,not_found
SYB5051,교육용컨텐츠개발,H0002256,서울 대학,대학(학부/서울),2004/1 ~ 2019/2,2004,1,2013,1,5,2,1,outputs/pdfs_seoul_university/서울_대학__SYB5051__교육용컨텐츠개발.pdf,ok
SYB5064,자원봉사론,H0002256,서울 대학,대학(학부/서울),2004/1 ~ 2019/2,2004,1,2018,1,8,3,1,outputs/pdfs_seoul_university/서울_대학__SYB5064__자원봉사론.pdf,ok
SYB5100,일본현대소설독해,H0002256,서울 대학,대학(학부/서울),2015/2 ~ 2019/2,2015,2,2015,2,5,1,1,outputs/pdfs_seoul_university/서울_대학__SYB5100__일본현대소설독해.pdf,ok
SYB5101,현대일본의경제,H0002256,서울 대학,대학(학부/서울),2015/2 ~ 2019/2,2015,2,2015,2,3,1,1,outputs/pdfs_seoul_university/서울_대학__SYB5101__현대일본의경제.pdf,ok
SYB5102,부동산금융론,H0002256,서울 대학,대학(학부/서울),2015/2 ~ 2019/2,2015,2,2017,2,12,3,1,outputs/pdfs_seoul_university/서울_대학__SYB5102__부동산금융론.pdf,ok
SYB5103,사례관리론,H0002256,서울 대학,대학(학부/서울),2015/2 ~ 2019/2,,,,,0,0,1,outputs/pdfs_seoul_university/서울_대학__SYB5103__사례관리론.pdf,not_found
SYB5104,조사방법론,H0002256,서울 대학,대학(학부/서울),2015/2 ~ 2019/2,2015,2,2015,2,6,1,1,outputs/pdfs_seoul_university/서울_대학__SYB5104__조사방법론.pdf,ok
SYB5105,비교의료제도론,H0002256,서울 대학,대학(학부/서울),2015/2 ~ 2019/2,,,,,0,0,1,outputs/pdfs_seoul_university/서울_대학__SYB5105__비교의료제도론.pdf,not_found
SYB5106,물권법론,H0002256,서울 대학,대학(학부/서울),2015/2 ~ 2019/2,2015,2,2017,2,10,3,1,outputs/pdfs_seoul_university/서울_대학__SYB5106__물권법론.pdf,ok
SYB5107,시니어비즈니스컨설팅,H0002256,서울 대학,대학(학부/서울),2015/2 ~ 2019/2,2015,2,2015,2,2,1,1,outputs/pdfs_seoul_university/서울_대학__SYB5107__시니어비즈니스컨설팅.pdf,ok
SYB5108,노인문화프로그램개발,H0002256,서울 대학,대학(학부/서울),2015/2 ~ 2019/2,2015,2,2015,2,4,1,1,outputs/pdfs_seoul_university/서울_대학__SYB5108__노인문화프로그램개발.pdf,ok
SYB5109,광고디자인,H0002256,서울 대학,대학(학부/서울),2015/2 ~ 2019/2,2015,2,2015,2,3,1,1,outputs/pdfs_seoul_university/서울_대학__SYB5109__광고디자인.pdf,ok
SYB5110,디자인기획2,H0002256,서울 대학,대학(학부/서울),2015/2 ~ 2019/2,2015,2,2015,2,1,1,1,outputs/pdfs_seoul_university/서울_대학__SYB5110__디자인기획2.pdf,ok
SYB6003,CMOS회로설계1,H0002256,서울 대학,대학(학부/서울),2004/1 ~ 2027/2,2004,1,2004,1,2,1,1,outputs/pdfs_seoul_university/서울_대학__SYB6003__CMOS회로설계1.pdf,ok
SYB6050,3D입체영상기술,H0002256,서울 대학,대학(학부/서울),2005/1 ~ 2027/2,2005,1,2005,1,4,1,1,outputs/pdfs_seoul_university/서울_대학__SYB6050__3D입체영상기술.pdf,ok
SYB6081,회로이론2,H0002256,서울 대학,대학(학부/서울),2005/1 ~ 2019/2,2005,2,2005,2,1,1,1,outputs/pdfs_seoul_university/서울_대학__SYB6081__회로이론2.pdf,ok
SYB6087,21세기리더십,H0002256,서울 대학,대학(학부/서울),2005/1 ~ 2019/2,2005,2,2008,2,8,3,1,outputs/pdfs_seoul_university/서울_대학__SYB6087__21세기리더십.pdf,ok
SYB7052,공학영어2,H0002256,서울 대학,대학(학부/서울),2006/1 ~ 2019/2,2006,2,2013,2,16,5,1,outputs/pdfs_seoul_university/서울_대학__SYB7052__공학영어2.pdf,ok
SYB7063,풍수지리와생활공간,H0002256,서울 대학,대학(학부/서울),2006/1 ~ 2019/2,2006,2,2017,2,20,5,1,outputs/pdfs_seoul_university/서울_대학__SYB7063__풍수지리와생활공간.pdf,ok
SYB7068,3D시네마의기초,H0002256,서울 대학,대학(학부/서울),2006/1 ~ 2027/2,2006,2,2006,2,3,1,1,outputs/pdfs_seoul_university/서울_대학__SYB7068__3D시네마의기초.pdf,ok
SYB7080,21세기성공론,H0002256,서울 대학,대학(학부/서울),2007/1 ~ 2019/2,2007,1,2007,1,2,1,1,outputs/pdfs_seoul_university/서울_대학__SYB7080__21세기성공론.pdf,ok
SYB8003,국제협상및로비론,H0002256,서울 대학,대학(학부/서울),2007/1 ~ 2019/2,2007,2,2014,2,13,3,1,outputs/pdfs_seoul_university/서울_대학__SYB8003__국제협상및로비론.pdf,ok
SYB8009,디지털애니메이션,H0002256,서울 대학,대학(학부/서울),2007/1 ~ 2019/2,2007,2,2014,2,10,3,1,outputs/pdfs_seoul_university/서울_대학__SYB8009__디지털애니메이션.pdf,ok
SYB8024,5.18과민주인권,H0002256,서울 대학,대학(학부/서울),2008/1 ~ 2027/2,2008,1,2008,1,3,1,1,outputs/pdfs_seoul_university/서울_대학__SYB8024__5.18과민주인권.pdf,ok
SYB8025,6시그마경영,H0002256,서울 대학,대학(학부/서울),2008/1 ~ 2027/2,2008,1,2008,1,3,1,1,outputs/pdfs_seoul_university/서울_대학__SYB8025__6시그마경영.pdf,ok
SYB8058,도시마케팅,H0002256,서울 대학,대학(학부/서울),2009/1 ~ 2019/2,2009,1,2019,1,11,3,1,outputs/pdfs_seoul_university/서울_대학__SYB8058__도시마케팅.pdf,ok
SYB8060,영상처리특론,H0002256,서울 대학,대학(학부/서울),2009/1 ~ 2019/2,2009,1,2015,1,8,2,1,outputs/pdfs_seoul_university/서울_대학__SYB8060__영상처리특론.pdf,ok
SYB8072,관광가이드일본어,H0002256,서울 대학,대학(학부/서울),2009/1 ~ 2019/2,2009,2,2014,2,7,2,1,outputs/pdfs_seoul_university/서울_대학__SYB8072__관광가이드일본어.pdf,ok
SYB8080,박물관과교육,H0002256,서울 대학,대학(학부/서울),2009/1 ~ 2019/2,2010,1,2014,1,19,5,1,outputs/pdfs_seoul_university/서울_대학__SYB8080__박물관과교육.pdf,ok
SYB8087,유아와멀티미디어,H0002256,서울 대학,대학(학부/서울),2009/1 ~ 2019/2,2010,1,2015,1,17,4,1,outputs/pdfs_seoul_university/서울_대학__SYB8087__유아와멀티미디어.pdf,ok
SYB8090,실버금융자산관리론,H0002256,서울 대학,대학(학부/서울),2009/1 ~ 2027/2,2010,1,2020,1,18,4,1,outputs/pdfs_seoul_university/서울_대학__SYB8090__실버금융자산관리론.pdf,ok
SYB8093,애니메이션무브먼트,H0002256,서울 대학,대학(학부/서울),2009/1 ~ 2019/2,2010,1,2013,1,13,3,1,outputs/pdfs_seoul_university/서울_대학__SYB8093__애니메이션무브먼트.pdf,ok
SYB8094,관광정책론,H0002256,서울 대학,대학(학부/서울),2009/1 ~ 2019/2,2010,1,2015,2,13,4,1,outputs/pdfs_seoul_university/서울_대학__SYB8094__관광정책론.pdf,ok
SYB8096,제품디자인스튜디오,H0002256,서울 대학,대학(학부/서울),2009/1 ~ 2019/2,2010,1,2013,2,8,3,1,outputs/pdfs_seoul_university/서울_대학__SYB8096__제품디자인스튜디오.pdf,ok
SYB8097,인터렉티브미디어디자인,H0002256,서울 대학,대학(학부/서울),2009/1 ~ 2019/2,2010,1,2016,1,8,3,1,outputs/pdfs_seoul_university/서울_대학__SYB8097__인터렉티브미디어디자인.pdf,ok
SYB8098,1인미디어와융합콘텐츠,H0002256,서울 대학,대학(학부/서울),2012/1 ~ 2027/2,2024,2,2026,1,30,4,1,outputs/pdfs_seoul_university/서울_대학__SYB8098__1인미디어와융합콘텐츠.pdf,ok
SYB8099,문화콘텐츠스토리텔링전략,H0002256,서울 대학,대학(학부/서울),2009/1 ~ 2027/2,2024,2,2026,1,31,4,1,outputs/pdfs_seoul_university/서울_대학__SYB8099__문화콘텐츠스토리텔링전략.pdf,ok
SYB9000,외식프랜차이징,H0002256,서울 대학,대학(학부/서울),2009/1 ~ 2019/2,2010,1,2016,1,7,2,1,outputs/pdfs_seoul_university/서울_대학__SYB9000__외식프랜차이징.pdf,ok
SYB9002,학습이론의이해와적용,H0002256,서울 대학,대학(학부/서울),2009/1 ~ 2019/2,2010,2,2018,2,10,2,1,outputs/pdfs_seoul_university/서울_대학__SYB9002__학습이론의이해와적용.pdf,ok
SYB9003,다중지능교육의이론과실제,H0002256,서울 대학,대학(학부/서울),2009/1 ~ 2019/2,2010,2,2018,2,11,3,1,outputs/pdfs_seoul_university/서울_대학__SYB9003__다중지능교육의이론과실제.pdf,ok
SYB9019,교육영상매체제작,H0002256,서울 대학,대학(학부/서울),2009/1 ~ 2019/2,2011,2,2011,2,3,1,1,outputs/pdfs_seoul_university/서울_대학__SYB9019__교육영상매체제작.pdf,ok
SYB9023,서비스경영,H0002256,서울 대학,대학(학부/서울),2009/1 ~ 2019/2,2011,2,2015,2,15,5,1,outputs/pdfs_seoul_university/서울_대학__SYB9023__서비스경영.pdf,ok
SYB9024,광고와문화콘텐츠,H0002256,서울 대학,대학(학부/서울),2009/1 ~ 2019/2,2011,2,2017,2,11,3,1,outputs/pdfs_seoul_university/서울_대학__SYB9024__광고와문화콘텐츠.pdf,ok
SYB9026,글로벌스포츠관광,H0002256,서울 대학,대학(학부/서울),2009/1 ~ 2019/2,2011,2,2014,2,4,2,1,outputs/pdfs_seoul_university/서울_대학__SYB9026__글로벌스포츠관광.pdf,ok
SYB9027,게임디자인스튜디오,H0002256,서울 대학,대학(학부/서울),2009/1 ~ 2019/2,2011,2,2015,2,14,3,1,outputs/pdfs_seoul_university/서울_대학__SYB9027__게임디자인스튜디오.pdf,ok
SYB9030,그린IT의이해,H0002256,서울 대학,대학(학부/서울),2012/1 ~ 2027/2,2024,2,2026,1,28,4,1,outputs/pdfs_seoul_university/서울_대학__SYB9030__그린IT의이해.pdf,ok
SYB9031,문화기술과사회변동,H0002256,서울 대학,대학(학부/서울),2012/1 ~ 2027/2,2024,2,2026,1,29,4,1,outputs/pdfs_seoul_university/서울_대학__SYB9031__문화기술과사회변동.pdf,ok
SYB9032,문화콘텐츠마케팅전략의수립과집행,H0002256,서울 대학,대학(학부/서울),2012/1 ~ 2027/2,2024,2,2026,1,28,4,1,outputs/pdfs_seoul_university/서울_대학__SYB9032__문화콘텐츠마케팅전략의수립과집행.pdf,ok
SYB9033,웰니스와삶의질,H0002256,서울 대학,대학(학부/서울),2012/1 ~ 2027/2,2020,2,2022,2,30,5,1,outputs/pdfs_seoul_university/서울_대학__SYB9033__웰니스와삶의질.pdf,ok
SYB9035,음식과세계문화,H0002256,서울 대학,대학(학부/서울),2012/1 ~ 2027/2,2024,2,2026,1,24,4,1,outputs/pdfs_seoul_university/서울_대학__SYB9035__음식과세계문화.pdf,ok
SYB9036,글로벌시대의예술과가치,H0002256,서울 대학,대학(학부/서울),2012/1 ~ 2027/2,2024,1,2026,1,32,5,1,outputs/pdfs_seoul_university/서울_대학__SYB9036__글로벌시대의예술과가치.pdf,ok
SYB9037,고객관계관리,H0002256,서울 대학,대학(학부/서울),2012/1 ~ 2027/2,2018,1,2020,1,35,5,1,outputs/pdfs_seoul_university/서울_대학__SYB9037__고객관계관리.pdf,ok
SYB9042,지적법규의이해,H0002256,서울 대학,대학(학부/서울),2012/1 ~ 2019/2,2012,1,2013,1,6,2,1,outputs/pdfs_seoul_university/서울_대학__SYB9042__지적법규의이해.pdf,ok
SYB9044,데이터베이스관리,H0002256,서울 대학,대학(학부/서울),2012/1 ~ 2019/2,2012,1,2014,1,12,3,1,outputs/pdfs_seoul_university/서울_대학__SYB9044__데이터베이스관리.pdf,ok
SYB9046,세법,H0002256,서울 대학,대학(학부/서울),2012/1 ~ 2019/2,2012,1,2015,1,6,2,1,outputs/pdfs_seoul_university/서울_대학__SYB9046__세법.pdf,ok
SYB9048,영상디자인론,H0002256,서울 대학,대학(학부/서울),2012/1 ~ 2019/2,2012,1,2015,1,8,2,1,outputs/pdfs_seoul_university/서울_대학__SYB9048__영상디자인론.pdf,ok
SYB9050,모션그래픽스,H0002256,서울 대학,대학(학부/서울),2012/1 ~ 2019/2,2012,1,2014,1,6,2,1,outputs/pdfs_seoul_university/서울_대학__SYB9050__모션그래픽스.pdf,ok
SYB9052,노인요양산업개론,H0002256,서울 대학,대학(학부/서울),2012/1 ~ 2019/2,2012,1,2015,1,9,2,1,outputs/pdfs_seoul_university/서울_대학__SYB9052__노인요양산업개론.pdf,ok
SYB9063,현대사회와미디어,H0002256,서울 대학,대학(학부/서울),2012/1 ~ 2027/2,2012,2,2021,1,10,2,1,outputs/pdfs_seoul_university/서울_대학__SYB9063__현대사회와미디어.pdf,ok
SYB9064,현대노인과여가,H0002256,서울 대학,대학(학부/서울),2012/1 ~ 2019/2,2012,2,2017,2,12,3,1,outputs/pdfs_seoul_university/서울_대학__SYB9064__현대노인과여가.pdf,ok
SYB9068,지속가능발전교육,H0002256,서울 대학,대학(학부/서울),2013/1 ~ 2019/2,2013,1,2013,1,4,1,1,outputs/pdfs_seoul_university/서울_대학__SYB9068__지속가능발전교육.pdf,ok
SYB9069,정보보안개론1,H0002256,서울 대학,대학(학부/서울),2013/1 ~ 2019/2,2013,1,2013,1,4,1,1,outputs/pdfs_seoul_university/서울_대학__SYB9069__정보보안개론1.pdf,ok
SYB9070,공학도를위한경영학원론,H0002256,서울 대학,대학(학부/서울),2013/1 ~ 2019/2,2013,1,2013,1,5,1,1,outputs/pdfs_seoul_university/서울_대학__SYB9070__공학도를위한경영학원론.pdf,ok
SYB9071,21세기기업의인재상,H0002256,서울 대학,대학(학부/서울),2013/1 ~ 2027/2,2024,2,2026,1,13,4,1,outputs/pdfs_seoul_university/서울_대학__SYB9071__21세기기업의인재상.pdf,ok
SYB9072,영어교육론,H0002256,서울 대학,대학(학부/서울),2013/1 ~ 2019/2,2013,1,2013,1,4,1,1,outputs/pdfs_seoul_university/서울_대학__SYB9072__영어교육론.pdf,ok
SYB9073,미술치료매체연구,H0002256,서울 대학,대학(학부/서울),2013/1 ~ 2019/2,2013,1,2013,1,3,1,1,outputs/pdfs_seoul_university/서울_대학__SYB9073__미술치료매체연구.pdf,ok
SYB9074,일본어발음연습,H0002256,서울 대학,대학(학부/서울),2013/1 ~ 2019/2,2013,1,2013,1,2,1,1,outputs/pdfs_seoul_university/서울_대학__SYB9074__일본어발음연습.pdf,ok
SYB9075,보건교육학,H0002256,서울 대학,대학(학부/서울),2013/1 ~ 2019/2,2013,1,2013,1,4,1,1,outputs/pdfs_seoul_university/서울_대학__SYB9075__보건교육학.pdf,ok
SYB9076,e-비즈니스전략,H0002256,서울 대학,대학(학부/서울),2013/1 ~ 2019/2,2013,1,2013,1,4,1,1,outputs/pdfs_seoul_university/서울_대학__SYB9076__e-비즈니스전략.pdf,ok
SYB9077,재무회계,H0002256,서울 대학,대학(학부/서울),2013/1 ~ 2019/2,2013,1,2013,1,4,1,1,outputs/pdfs_seoul_university/서울_대학__SYB9077__재무회계.pdf,ok
SYB9078,노인케어기술론,H0002256,서울 대학,대학(학부/서울),2013/1 ~ 2019/2,2013,1,2013,1,5,1,1,outputs/pdfs_seoul_university/서울_대학__SYB9078__노인케어기술론.pdf,ok
SYB9079,기초공간디자인,H0002256,서울 대학,대학(학부/서울),2013/1 ~ 2019/2,2013,1,2013,1,3,1,1,outputs/pdfs_seoul_university/서울_대학__SYB9079__기초공간디자인.pdf,ok
SYB9080,디자인조사방법,H0002256,서울 대학,대학(학부/서울),2013/1 ~ 2019/2,2013,1,2013,1,4,1,1,outputs/pdfs_seoul_university/서울_대학__SYB9080__디자인조사방법.pdf,ok
SYB9081,장애인복지론,H0002256,서울 대학,대학(학부/서울),2013/1 ~ 2019/2,2013,1,2013,1,5,1,1,outputs/pdfs_seoul_university/서울_대학__SYB9081__장애인복지론.pdf,ok
SYB9082,색채심리와현대생활,H0002256,서울 대학,대학(학부/서울),2013/1 ~ 2027/2,2024,2,2026,1,25,4,1,outputs/pdfs_seoul_university/서울_대학__SYB9082__색채심리와현대생활.pdf,ok
SYB9083,알기쉬운녹색경영과CSR,H0002256,서울 대학,대학(학부/서울),2013/1 ~ 2019/2,2013,2,2013,2,2,1,1,outputs/pdfs_seoul_university/서울_대학__SYB9083__알기쉬운녹색경영과CSR.pdf,ok
SYB9084,교수설계모형연습,H0002256,서울 대학,대학(학부/서울),2013/1 ~ 2019/2,2013,2,2013,2,5,1,1,outputs/pdfs_seoul_university/서울_대학__SYB9084__교수설계모형연습.pdf,ok
SYB9085,통번역의이론과실제,H0002256,서울 대학,대학(학부/서울),2013/1 ~ 2019/2,2013,2,2017,2,13,3,1,outputs/pdfs_seoul_university/서울_대학__SYB9085__통번역의이론과실제.pdf,ok
SYB9086,교과교재연구및지도법,H0002256,서울 대학,대학(학부/서울),2013/1 ~ 2019/2,2013,2,2013,2,3,1,1,outputs/pdfs_seoul_university/서울_대학__SYB9086__교과교재연구및지도법.pdf,ok
SYB9087,미술치료표현기법,H0002256,서울 대학,대학(학부/서울),2013/1 ~ 2019/2,2013,2,2013,2,3,1,1,outputs/pdfs_seoul_university/서울_대학__SYB9087__미술치료표현기법.pdf,ok
SYB9088,진로및직업상담,H0002256,서울 대학,대학(학부/서울),2013/1 ~ 2019/2,2013,2,2013,2,4,1,1,outputs/pdfs_seoul_university/서울_대학__SYB9088__진로및직업상담.pdf,ok
SYB9089,중급일본어강독,H0002256,서울 대학,대학(학부/서울),2013/1 ~ 2019/2,2013,2,2013,2,3,1,1,outputs/pdfs_seoul_university/서울_대학__SYB9089__중급일본어강독.pdf,ok
SYB9090,부동산세무실무,H0002256,서울 대학,대학(학부/서울),2013/1 ~ 2019/2,2013,2,2013,2,4,1,1,outputs/pdfs_seoul_university/서울_대학__SYB9090__부동산세무실무.pdf,ok
SYB9091,사회복지윤리와철학,H0002256,서울 대학,대학(학부/서울),2013/1 ~ 2019/2,2013,2,2013,2,3,1,1,outputs/pdfs_seoul_university/서울_대학__SYB9091__사회복지윤리와철학.pdf,ok
SYB9092,국제재무관리및국제금융론,H0002256,서울 대학,대학(학부/서울),2013/1 ~ 2019/2,2013,2,2013,2,3,1,1,outputs/pdfs_seoul_university/서울_대학__SYB9092__국제재무관리및국제금융론.pdf,ok
SYB9093,미디어커뮤니케이션과효과론,H0002256,서울 대학,대학(학부/서울),2013/1 ~ 2019/2,2013,2,2015,2,8,2,1,outputs/pdfs_seoul_university/서울_대학__SYB9093__미디어커뮤니케이션과효과론.pdf,ok
SYB9094,호텔외식회계,H0002256,서울 대학,대학(학부/서울),2013/1 ~ 2019/2,2013,2,2016,2,11,3,1,outputs/pdfs_seoul_university/서울_대학__SYB9094__호텔외식회계.pdf,ok
SYB9095,실버산업컨설팅,H0002256,서울 대학,대학(학부/서울),2013/1 ~ 2019/2,2013,2,2013,2,3,1,1,outputs/pdfs_seoul_university/서울_대학__SYB9095__실버산업컨설팅.pdf,ok
SYB9096,성공하는문화콘텐츠소재개발전략,H0002256,서울 대학,대학(학부/서울),2014/1 ~ 2027/2,2024,2,2026,1,28,4,1,outputs/pdfs_seoul_university/서울_대학__SYB9096__성공하는문화콘텐츠소재개발전략.pdf,ok
SYB9097,수학과문화,H0002256,서울 대학,대학(학부/서울),2014/1 ~ 2027/2,2014,1,2016,1,35,5,1,outputs/pdfs_seoul_university/서울_대학__SYB9097__수학과문화.pdf,ok
SYB9098,생활속의계약과협상,H0002256,서울 대학,대학(학부/서울),2014/1 ~ 2027/2,2024,2,2026,1,24,4,1,outputs/pdfs_seoul_university/서울_대학__SYB9098__생활속의계약과협상.pdf,ok
SYB9099,전략적의사결정과문제해결,H0002256,서울 대학,대학(학부/서울),2014/1 ~ 2027/2,2024,2,2026,1,27,4,1,outputs/pdfs_seoul_university/서울_대학__SYB9099__전략적의사결정과문제해결.pdf,ok
SYB9102,미래소비사회와상품,H0002256,서울 대학,대학(학부/서울),2018/2 ~ 2027/2,2024,2,2026,1,21,4,1,outputs/pdfs_seoul_university/서울_대학__SYB9102__미래소비사회와상품.pdf,ok
SYB9103,행복한금융생활,H0002256,서울 대학,대학(학부/서울),2018/2 ~ 2027/2,2024,2,2026,1,28,4,1,outputs/pdfs_seoul_university/서울_대학__SYB9103__행복한금융생활.pdf,ok
SYB9104,현대사회와신소재,H0002256,서울 대학,대학(학부/서울),2018/2 ~ 2027/2,2024,2,2026,1,13,4,1,outputs/pdfs_seoul_university/서울_대학__SYB9104__현대사회와신소재.pdf,ok
SYB9105,4차산업혁명으로의항해,H0002256,서울 대학,대학(학부/서울),2018/2 ~ 2027/2,2021,2,2023,2,35,5,1,outputs/pdfs_seoul_university/서울_대학__SYB9105__4차산업혁명으로의항해.pdf,ok
SYB9106,취업리더십1:성공DNA,H0002256,서울 대학,대학(학부/서울),2026/1 ~ 2027/2,,,,,0,0,1,outputs/pdfs_seoul_university/서울_대학__SYB9106__취업리더십1_성공DNA.pdf,not_found
SYB9111,모두의스타트업코딩,H0002256,서울 대학,대학(학부/서울),2019/2 ~ 2027/2,2020,2,2024,1,13,5,1,outputs/pdfs_seoul_university/서울_대학__SYB9111__모두의스타트업코딩.pdf,ok
SYB9112,"화폐와금융의과거,현재,그리고미래",H0002256,서울 대학,대학(학부/서울),2019/2 ~ 2027/2,2024,2,2026,1,20,4,1,"outputs/pdfs_seoul_university/서울_대학__SYB9112__화폐와금융의과거,현재,그리고미래.pdf",ok
SYB9113,외국인학생을위한실용한국어,H0002256,서울 대학,대학(학부/서울),2020/1 ~ 2027/2,,,,,0,0,1,outputs/pdfs_seoul_university/서울_대학__SYB9113__외국인학생을위한실용한국어.pdf,not_found
SYB9115,긍정컴퓨팅을통한인간과인공지능의공존,H0002256,서울 대학,대학(학부/서울),2020/1 ~ 2027/2,,,,,0,0,1,outputs/pdfs_seoul_university/서울_대학__SYB9115__긍정컴퓨팅을통한인간과인공지능의공존.pdf,not_found
SYB9116,일상생활과세금,H0002256,서울 대학,대학(학부/서울),2020/1 ~ 2027/2,2020,1,2020,1,2,1,1,outputs/pdfs_seoul_university/서울_대학__SYB9116__일상생활과세금.pdf,ok
SYB9117,파워포인트디자인,H0002256,서울 대학,대학(학부/서울),2020/1 ~ 2027/2,2020,1,2020,1,3,1,1,outputs/pdfs_seoul_university/서울_대학__SYB9117__파워포인트디자인.pdf,ok
SYB9118,도시관광의이해,H0002256,서울 대학,대학(학부/서울),2020/1 ~ 2027/2,2020,1,2020,1,3,1,1,outputs/pdfs_seoul_university/서울_대학__SYB9118__도시관광의이해.pdf,ok
SYB9119,그림으로배우는사이버일본어,H0002256,서울 대학,대학(학부/서울),2020/1 ~ 2027/2,2020,1,2022,1,19,5,1,outputs/pdfs_seoul_university/서울_대학__SYB9119__그림으로배우는사이버일본어.pdf,ok
SYB9120,기초영어학습전략,H0002256,서울 대학,대학(학부/서울),2020/1 ~ 2027/2,2020,1,2021,1,6,2,1,outputs/pdfs_seoul_university/서울_대학__SYB9120__기초영어학습전략.pdf,ok
SYB9121,외국문화와관광영어,H0002256,서울 대학,대학(학부/서울),2020/1 ~ 2027/2,2020,1,2021,1,5,2,1,outputs/pdfs_seoul_university/서울_대학__SYB9121__외국문화와관광영어.pdf,ok
SYB9122,공동주거관리론,H0002256,서울 대학,대학(학부/서울),2020/1 ~ 2027/2,2020,1,2021,1,8,2,1,outputs/pdfs_seoul_university/서울_대학__SYB9122__공동주거관리론.pdf,ok
SYB9123,크리에이터영상제작론,H0002256,서울 대학,대학(학부/서울),2020/1 ~ 2027/2,2020,1,2020,1,3,1,1,outputs/pdfs_seoul_university/서울_대학__SYB9123__크리에이터영상제작론.pdf,ok
SYB9124,세계도시건축,H0002256,서울 대학,대학(학부/서울),2020/2 ~ 2027/2,2022,2,2025,2,14,4,1,outputs/pdfs_seoul_university/서울_대학__SYB9124__세계도시건축.pdf,ok
SYB9125,사회복지실천과현장,H0002256,서울 대학,대학(학부/서울),2020/2 ~ 2027/2,2020,2,2025,1,26,5,1,outputs/pdfs_seoul_university/서울_대학__SYB9125__사회복지실천과현장.pdf,ok
SYB9127,글로벌영어의역사,H0002256,서울 대학,대학(학부/서울),2020/2 ~ 2027/2,2020,2,2021,2,8,2,1,outputs/pdfs_seoul_university/서울_대학__SYB9127__글로벌영어의역사.pdf,ok
SYB9128,비즈니스모델디자인과린스타트업활동,H0002256,서울 대학,대학(학부/서울),2020/2 ~ 2027/2,2023,2,2026,1,20,4,1,outputs/pdfs_seoul_university/서울_대학__SYB9128__비즈니스모델디자인과린스타트업활동.pdf,ok
SYB9129,언어의품격:언어바르고품위있게사용하기,H0002256,서울 대학,대학(학부/서울),2025/2 ~ 2027/2,,,,,0,0,1,outputs/pdfs_seoul_university/서울_대학__SYB9129__언어의품격_언어바르고품위있게사용하기.pdf,not_found
SYB9130,빅데이터시대의ESG트렌드,H0002256,서울 대학,대학(학부/서울),2025/2 ~ 2027/2,,,,,0,0,1,outputs/pdfs_seoul_university/서울_대학__SYB9130__빅데이터시대의ESG트렌드.pdf,not_found
SYB9131,AI와첫만남-우린Data로말해,H0002256,서울 대학,대학(학부/서울),2026/1 ~ 2027/2,2026,1,2026,1,6,1,1,outputs/pdfs_seoul_university/서울_대학__SYB9131__AI와첫만남-우린Data로말해.pdf,ok
SYB9132,서비스기획실전:AI활용하기,H0002256,서울 대학,대학(학부/서울),2026/1 ~ 2027/2,2026,1,2026,1,7,1,1,outputs/pdfs_seoul_university/서울_대학__SYB9132__서비스기획실전_AI활용하기.pdf,ok
SYB9133,나도콘텐츠크리에이터:AI로배우는창작,H0002256,서울 대학,대학(학부/서울),2026/1 ~ 2027/2,2026,1,2026,1,6,1,1,outputs/pdfs_seoul_university/서울_대학__SYB9133__나도콘텐츠크리에이터_AI로배우는창작.pdf,ok
SYB9134,코딩없이배우는데이터분석실무:노코드AI,H0002256,서울 대학,대학(학부/서울),2026/1 ~ 2027/2,2026,1,2026,1,4,1,1,outputs/pdfs_seoul_university/서울_대학__SYB9134__코딩없이배우는데이터분석실무_노코드AI.pdf,ok
SYB9135,아이디어를현실로:바이브코딩,H0002256,서울 대학,대학(학부/서울),2026/1 ~ 2027/2,2026,1,2026,1,3,1,1,outputs/pdfs_seoul_university/서울_대학__SYB9135__아이디어를현실로_바이브코딩.pdf,ok
SYB9136,알고리즘및컴퓨터적사고,H0002256,서울 대학,대학(학부/서울),2026/1 ~ 2027/2,,,,,0,0,1,outputs/pdfs_seoul_university/서울_대학__SYB9136__알고리즘및컴퓨터적사고.pdf,not_found
SYB9137,통계적학습및인공지능,H0002256,서울 대학,대학(학부/서울),2026/1 ~ 2027/2,2026,1,2026,1,5,1,1,outputs/pdfs_seoul_university/서울_대학__SYB9137__통계적학습및인공지능.pdf,ok
SYB9138,현실속의수학,H0002256,서울 대학,대학(학부/서울),2026/1 ~ 2027/2,2026,1,2026,1,4,1,1,outputs/pdfs_seoul_university/서울_대학__SYB9138__현실속의수학.pdf,ok
SYB9139,전자기학과미래산업,H0002256,서울 대학,대학(학부/서울),2026/1 ~ 2027/2,,,,,0,0,1,outputs/pdfs_seoul_university/서울_대학__SYB9139__전자기학과미래산업.pdf,not_found
SYB9140,일상속의역학:힘과운동의비밀,H0002256,서울 대학,대학(학부/서울),2026/1 ~ 2027/2,,,,,0,0,1,outputs/pdfs_seoul_university/서울_대학__SYB9140__일상속의역학_힘과운동의비밀.pdf,not_found
SYB9141,생화학으로읽는몸과세계,H0002256,서울 대학,대학(학부/서울),2026/1 ~ 2027/2,,,,,0,0,1,outputs/pdfs_seoul_university/서울_대학__SYB9141__생화학으로읽는몸과세계.pdf,not_found
SYB9142,"세상속의화학:물질,에너지,환경",H0002256,서울 대학,대학(학부/서울),2026/1 ~ 2027/2,2026,1,2026,1,5,1,1,"outputs/pdfs_seoul_university/서울_대학__SYB9142__세상속의화학_물질,에너지,환경.pdf",ok
SYB9145,"AI리터러시,아는것이힘이다",H0002256,서울 대학,대학(학부/서울),2026/2 ~ 2027/2,,,,,0,0,1,"outputs/pdfs_seoul_university/서울_대학__SYB9145__AI리터러시,아는것이힘이다.pdf",not_found
SYB9146,AI활용의기초와윤리,H0002256,서울 대학,대학(학부/서울),2026/2 ~ 2027/2,,,,,0,0,1,outputs/pdfs_seoul_university/서울_대학__SYB9146__AI활용의기초와윤리.pdf,not_found
SYG0001,글로컬국제경영,H0002942,통상한국어커뮤니케이션전공,통상한국어커뮤니케이션전공,2010/1 ~ 2020/2,2022,2,2025,2,18,4,1,outputs/pdfs_full/통상한국어커뮤니케이션전공__SYG0001__글로컬국제경영.pdf,ok
SYG0002,직업과인력관리,H0002942,통상한국어커뮤니케이션전공,통상한국어커뮤니케이션전공,2010/1 ~ 2020/2,2022,2,2025,2,29,4,1,outputs/pdfs_full/통상한국어커뮤니케이션전공__SYG0002__직업과인력관리.pdf,ok
SYG0003,경제와경영,H0002942,통상한국어커뮤니케이션전공,통상한국어커뮤니케이션전공,2010/1 ~ 2020/2,2022,1,2026,1,26,5,1,outputs/pdfs_full/통상한국어커뮤니케이션전공__SYG0003__경제와경영.pdf,ok
SYG0006,국제통상과마케팅,H0002942,통상한국어커뮤니케이션전공,통상한국어커뮤니케이션전공,2012/1 ~ 2022/2,2022,1,2026,1,23,5,1,outputs/pdfs_full/통상한국어커뮤니케이션전공__SYG0006__국제통상과마케팅.pdf,ok
SYH0001,사랑의실천1(한양나눔),H0002886,건축학부,건축학부(학부/서울),2007/1 ~ 2027/2,2024,2,2025,2,2,2,75,outputs/pdfs_full/건축학부__SYH0001__사랑의실천1(한양나눔).pdf,ok
SYH0002,사랑의실천2(스마트커뮤니케이션),H0002886,건축학부,건축학부(학부/서울),2008/1 ~ 2028/2,,,,,0,0,83,outputs/pdfs_full/건축학부__SYH0002__사랑의실천2(스마트커뮤니케이션).pdf,not_found
SYH0003,사랑의실천3(기업가정신),H0002886,건축학부,건축학부(학부/서울),2011/1 ~ 2029/2,,,,,0,0,77,outputs/pdfs_full/건축학부__SYH0003__사랑의실천3(기업가정신).pdf,not_found
SYH0004,사랑의실천4(미래실용인재),H0002886,건축학부,건축학부(학부/서울),2012/1 ~ 2030/2,2022,1,2022,1,1,1,77,outputs/pdfs_full/건축학부__SYH0004__사랑의실천4(미래실용인재).pdf,ok
TEA3021,국어논리및논술,H0002794,국어국문학과,국어국문학(학부-인문과/서울),2011/1 ~ 2029/2,2014,2,2018,2,6,5,1,outputs/pdfs_full/국어국문학과__TEA3021__국어논리및논술.pdf,ok
TEA3022,중국어논리및논술,H0002809,중어중문학과,중어중문학(학부/서울),2011/1 ~ 2015/1,2011,2,2014,2,10,4,1,outputs/pdfs_full/중어중문학과__TEA3022__중국어논리및논술.pdf,ok
TEA3023,철학논리및논술,H0002815,철학과,철학(학부/서울),2011/1 ~ 2029/2,2017,2,2022,2,6,5,1,outputs/pdfs_full/철학과__TEA3023__철학논리및논술.pdf,ok
TEA3025,독일어논리및논술,H0002801,독어독문학과,독어독문학(학부/서울),2011/1 ~ 2015/1,2013,2,2014,2,3,2,1,outputs/pdfs_full/독어독문학과__TEA3025__독일어논리및논술.pdf,ok
TEA3026,역사논리및논술,H0002814,사학과,사학(학부-인문과/서울),2011/1 ~ 2029/2,2021,2,2025,2,5,4,1,outputs/pdfs_full/사학과__TEA3026__역사논리및논술.pdf,ok
TEA3027,연극영화논리및논술,H0003589,연극영화학과,연극영화학과,2013/1 ~ 2029/2,2022,2,2025,2,6,4,1,outputs/pdfs_full/연극영화학과__TEA3027__연극영화논리및논술.pdf,ok
TEA3028,공업논리및논술,H0002517,건설환경공학과,건설환경공학과(학부/서울),2011/1 ~ 2017/2,2011,2,2017,2,3,3,3,outputs/pdfs_full/건설환경공학과__TEA3028__공업논리및논술.pdf,ok
TEA3029,수학논리및논술,H0003560,수학과,수학과,2015/1 ~ 2029/2,2022,2,2025,2,7,4,1,outputs/pdfs_full/수학과__TEA3029__수학논리및논술.pdf,ok
TEA3030,물리논리및논술,H0003561,물리학과,물리학과,2015/1 ~ 2015/1,2011,2,2014,2,5,4,1,outputs/pdfs_full/물리학과__TEA3030__물리논리및논술.pdf,ok
TEA3031,화학논리및논술,H0003562,화학과,화학과,2015/1 ~ 2015/1,2011,2,2014,2,4,4,1,outputs/pdfs_full/화학과__TEA3031__화학논리및논술.pdf,ok
TEA3032,생물논리및논술,H0003563,생명과학과,생명과학과,2015/1 ~ 2015/1,2011,2,2014,2,3,3,1,outputs/pdfs_full/생명과학과__TEA3032__생물논리및논술.pdf,ok
TEA3033,일반사회논리및논술,H0003663,정치외교학과,정치외교학과,2011/1 ~ 2029/2,2020,2,2024,2,5,5,4,outputs/pdfs_full/정치외교학과__TEA3033__일반사회논리및논술.pdf,ok
TEA3034,상업논리및논술,H0002894,경영학부,경영학부(학부/서울/경영),2011/1 ~ 2029/2,2020,2,2024,2,6,5,1,outputs/pdfs_full/경영학부__TEA3034__상업논리및논술.pdf,ok
TEA3035,가정논리및논술,H0003583,의류학과,의류학과,2013/1 ~ 2029/2,2017,2,2022,2,6,5,1,outputs/pdfs_full/의류학과__TEA3035__가정논리및논술.pdf,ok
TEA3036,음악논리및논술,H0002737,성악과,성악과(학부/서울),2015/1 ~ 2029/2,2022,2,2025,2,6,4,5,outputs/pdfs_full/성악과__TEA3036__음악논리및논술.pdf,ok
TEA3037,체육논리및논술,H0003587,체육학과,체육학과,2013/1 ~ 2024/2,2022,2,2025,2,8,4,3,outputs/pdfs_full/체육학과__TEA3037__체육논리및논술.pdf,ok
TEA3038,관광논리및논술,H0002839,관광학부,관광학부(학부/서울),2011/1 ~ 2029/2,2022,2,2025,2,9,4,1,outputs/pdfs_full/관광학부__TEA3038__관광논리및논술.pdf,ok
TEA3044,외국어논리및논술,H0002809,중어중문학과,중어중문학(학부/서울),2015/2 ~ 2029/2,2021,2,2025,2,7,4,3,outputs/pdfs_full/중어중문학과__TEA3044__외국어논리및논술.pdf,ok
TEA3045,과학논리및논술,H0003561,물리학과,물리학과,2015/2 ~ 2029/2,2020,2,2024,2,5,4,3,outputs/pdfs_full/물리학과__TEA3045__과학논리및논술.pdf,ok
TEA4021,상업교수법,H0002894,경영학부,경영학부(학부/서울/경영),2019/2 ~ 2030/2,2020,2,2024,2,4,3,1,outputs/pdfs_full/경영학부__TEA4021__상업교수법.pdf,ok
TEA5001,국어교과교육론,H0002794,국어국문학과,국어국문학(학부-인문과/서울),2011/1 ~ 2029/2,2013,1,2017,1,11,5,2,outputs/pdfs_full/국어국문학과__TEA5001__국어교과교육론.pdf,ok
TEA5002,중국어교과교육론,H0002809,중어중문학과,중어중문학(학부/서울),2011/1 ~ 2015/1,2011,1,2015,1,13,5,2,outputs/pdfs_full/중어중문학과__TEA5002__중국어교과교육론.pdf,ok
TEA5003,철학교과교육론,H0002815,철학과,철학(학부/서울),2011/1 ~ 2029/2,2018,1,2023,1,6,5,2,outputs/pdfs_full/철학과__TEA5003__철학교과교육론.pdf,ok
TEA5004,영어교과교육론,H0002800,영어영문학과,영어영문학(학부/서울),2011/1 ~ 2015/1,2011,1,2015,1,11,5,2,outputs/pdfs_full/영어영문학과__TEA5004__영어교과교육론.pdf,ok
TEA5005,독일어교과교육론,H0002801,독어독문학과,독어독문학(학부/서울),2011/1 ~ 2015/1,2011,1,2015,1,3,3,2,outputs/pdfs_full/독어독문학과__TEA5005__독일어교과교육론.pdf,ok
TEA5006,역사교과교육론,H0002814,사학과,사학(학부-인문과/서울),2011/1 ~ 2029/2,2021,1,2026,1,7,5,2,outputs/pdfs_full/사학과__TEA5006__역사교과교육론.pdf,ok
TEA5007,연극영화교과교육론,H0003589,연극영화학과,연극영화학과,2013/1 ~ 2029/2,2022,1,2026,1,9,5,2,outputs/pdfs_full/연극영화학과__TEA5007__연극영화교과교육론.pdf,ok
TEA5008,공업교과교육론,H0002517,건설환경공학과,건설환경공학과(학부/서울),2011/1 ~ 2017/2,2011,1,2017,1,3,2,4,outputs/pdfs_full/건설환경공학과__TEA5008__공업교과교육론.pdf,ok
TEA5009,수학교과교육론,H0003560,수학과,수학과,2015/1 ~ 2029/2,2022,1,2026,1,7,5,2,outputs/pdfs_full/수학과__TEA5009__수학교과교육론.pdf,ok
TEA5010,물리교과교육론,H0003561,물리학과,물리학과,2015/1 ~ 2015/1,2011,1,2014,1,7,4,2,outputs/pdfs_full/물리학과__TEA5010__물리교과교육론.pdf,ok
TEA5011,화학교과교육론,H0003562,화학과,화학과,2015/1 ~ 2015/1,2011,1,2015,1,7,5,2,outputs/pdfs_full/화학과__TEA5011__화학교과교육론.pdf,ok
TEA5012,생물교과교육론,H0003563,생명과학과,생명과학과,2015/1 ~ 2015/1,2011,1,2015,1,3,3,2,outputs/pdfs_full/생명과학과__TEA5012__생물교과교육론.pdf,ok
TEA5013,일반사회교과교육론,H0003663,정치외교학과,정치외교학과,2011/1 ~ 2029/2,2020,1,2024,1,5,5,5,outputs/pdfs_full/정치외교학과__TEA5013__일반사회교과교육론.pdf,ok
TEA5014,상업교과교육론,H0002894,경영학부,경영학부(학부/서울/경영),2011/1 ~ 2029/2,2020,1,2025,1,6,4,2,outputs/pdfs_full/경영학부__TEA5014__상업교과교육론.pdf,ok
TEA5015,가정교과교육론,H0003583,의류학과,의류학과,2013/1 ~ 2029/2,2013,1,2023,1,8,5,2,outputs/pdfs_full/의류학과__TEA5015__가정교과교육론.pdf,ok
TEA5016,음악교과교육론,H0002737,성악과,성악과(학부/서울),2011/1 ~ 2029/2,2022,1,2026,1,6,5,6,outputs/pdfs_full/성악과__TEA5016__음악교과교육론.pdf,ok
TEA5017,체육교과교육론,H0003587,체육학과,체육학과,2013/1 ~ 2025/2,2022,1,2026,1,5,5,4,outputs/pdfs_full/체육학과__TEA5017__체육교과교육론.pdf,ok
TEA5020,관광교과교육론,H0002839,관광학부,관광학부(학부/서울),2011/1 ~ 2029/2,2021,1,2026,1,7,5,2,outputs/pdfs_full/관광학부__TEA5020__관광교과교육론.pdf,ok
TEA5021,과학교과교육론,H0003561,물리학과,물리학과,2015/2 ~ 2029/2,2021,1,2026,1,7,5,3,outputs/pdfs_full/물리학과__TEA5021__과학교과교육론.pdf,ok
TEA5022,외국어교과교육론,H0002809,중어중문학과,중어중문학(학부/서울),2015/2 ~ 2029/2,2022,1,2026,1,7,5,3,outputs/pdfs_full/중어중문학과__TEA5022__외국어교과교육론.pdf,ok
TEA6001,국어교과교재연구및지도,H0002794,국어국문학과,국어국문학(학부-인문과/서울),2012/1 ~ 2030/2,2014,1,2018,1,8,5,2,outputs/pdfs_full/국어국문학과__TEA6001__국어교과교재연구및지도.pdf,ok
TEA6003,철학교과교재연구및지도,H0002815,철학과,철학(학부/서울),2012/1 ~ 2030/2,2018,1,2022,1,4,4,2,outputs/pdfs_full/철학과__TEA6003__철학교과교재연구및지도.pdf,ok
TEA6006,역사교과교재연구및지도,H0002814,사학과,사학(학부-인문과/서울),2012/1 ~ 2030/2,2022,1,2026,1,5,5,2,outputs/pdfs_full/사학과__TEA6006__역사교과교재연구및지도.pdf,ok
TEA6007,연극영화교과교재연구및지도,H0003589,연극영화학과,연극영화학과,2013/1 ~ 2030/2,2021,1,2026,1,8,5,2,outputs/pdfs_full/연극영화학과__TEA6007__연극영화교과교재연구및지도.pdf,ok
TEA6008,공업교과교재연구및지도,H0002517,건설환경공학과,건설환경공학과(학부/서울),2012/1 ~ 2018/2,2012,1,2017,2,2,2,4,outputs/pdfs_full/건설환경공학과__TEA6008__공업교과교재연구및지도.pdf,ok
TEA6009,수학교과교재연구및지도,H0003560,수학과,수학과,2016/1 ~ 2030/2,2020,1,2025,1,11,5,2,outputs/pdfs_full/수학과__TEA6009__수학교과교재연구및지도.pdf,ok
TEA6013,일반사회교과교재연구및지도,H0003663,정치외교학과,정치외교학과,2012/1 ~ 2030/2,2019,1,2023,1,7,5,5,outputs/pdfs_full/정치외교학과__TEA6013__일반사회교과교재연구및지도.pdf,ok
TEA6014,상업교과교재연구및지도,H0002894,경영학부,경영학부(학부/서울/경영),2012/1 ~ 2030/2,2019,1,2025,1,5,5,2,outputs/pdfs_full/경영학부__TEA6014__상업교과교재연구및지도.pdf,ok
TEA6015,가정교과교재연구및지도,H0003583,의류학과,의류학과,2013/1 ~ 2030/2,2018,2,2022,1,6,4,2,outputs/pdfs_full/의류학과__TEA6015__가정교과교재연구및지도.pdf,ok
TEA6016,음악교과교재연구및지도,H0002737,성악과,성악과(학부/서울),2012/1 ~ 2030/2,2022,1,2026,1,9,5,6,outputs/pdfs_full/성악과__TEA6016__음악교과교재연구및지도.pdf,ok
TEA6017,체육교과교재연구및지도,H0003587,체육학과,체육학과,2013/1 ~ 2026/2,2022,1,2026,1,5,5,4,outputs/pdfs_full/체육학과__TEA6017__체육교과교재연구및지도.pdf,ok
TEA6020,관광교과교재연구및지도,H0002839,관광학부,관광학부(학부/서울),2012/1 ~ 2030/2,2022,1,2026,1,7,5,2,outputs/pdfs_full/관광학부__TEA6020__관광교과교재연구및지도.pdf,ok
TEA6021,외국어교과교재연구및지도,H0002809,중어중문학과,중어중문학(학부/서울),2016/1 ~ 2030/2,2022,1,2026,1,9,5,3,outputs/pdfs_full/중어중문학과__TEA6021__외국어교과교재연구및지도.pdf,ok
TEA6022,과학교과교재연구및지도,H0003561,물리학과,물리학과,2015/2 ~ 2030/2,2020,1,2025,1,6,5,3,outputs/pdfs_full/물리학과__TEA6022__과학교과교재연구및지도.pdf,ok
TOU1011,관광론,H0002839,관광학부,관광학부(학부/서울),2004/1 ~ 2027/2,2022,1,2026,1,40,5,1,outputs/pdfs_full/관광학부__TOU1011__관광론.pdf,ok
TOU1012,관광개발의이해,H0002839,관광학부,관광학부(학부/서울),2004/1 ~ 2027/2,2022,2,2025,2,24,4,1,outputs/pdfs_full/관광학부__TOU1012__관광개발의이해.pdf,ok
TOU1013,레저학의이해,H0002839,관광학부,관광학부(학부/서울),2004/1 ~ 2027/2,2022,2,2025,2,25,4,1,outputs/pdfs_full/관광학부__TOU1013__레저학의이해.pdf,ok
TOU1014,국제관광의이해,H0002839,관광학부,관광학부(학부/서울),2004/1 ~ 2015/2,2011,2,2015,2,22,5,1,outputs/pdfs_full/관광학부__TOU1014__국제관광의이해.pdf,ok
TOU1016,호스피탈러티산업의이해,H0002839,관광학부,관광학부(학부/서울),2004/1 ~ 2015/2,2011,2,2015,2,29,5,1,outputs/pdfs_full/관광학부__TOU1016__호스피탈러티산업의이해.pdf,ok
TOU1017,지속가능한관광론,H0002839,관광학부,관광학부(학부/서울),2004/1 ~ 2028/2,2022,1,2026,1,32,5,1,outputs/pdfs_full/관광학부__TOU1017__지속가능한관광론.pdf,ok
TOU1019,관광지리의이해,H0002839,관광학부,관광학부(학부/서울),2009/1 ~ 2027/2,2022,2,2025,2,23,4,1,outputs/pdfs_full/관광학부__TOU1019__관광지리의이해.pdf,ok
TOU1020,문화관광경영,H0002839,관광학부,관광학부(학부/서울),2013/1 ~ 2027/2,2022,1,2026,1,25,5,1,outputs/pdfs_full/관광학부__TOU1020__문화관광경영.pdf,ok
TOU1021,신융합관광의이해,H0002839,관광학부,관광학부(학부/서울),2016/1 ~ 2027/2,2022,1,2026,1,21,5,1,outputs/pdfs_full/관광학부__TOU1021__신융합관광의이해.pdf,ok
TOU1022,호텔의이해,H0002839,관광학부,관광학부(학부/서울),2016/1 ~ 2027/2,2022,2,2025,2,27,4,1,outputs/pdfs_full/관광학부__TOU1022__호텔의이해.pdf,ok
TOU1023,국제관광행동론,H0002839,관광학부,관광학부(학부/서울),2025/2 ~ 2027/2,2025,2,2025,2,3,1,1,outputs/pdfs_full/관광학부__TOU1023__국제관광행동론.pdf,ok
TOU2005,호텔경영론,H0002839,관광학부,관광학부(학부/서울),2004/1 ~ 2016/2,2012,1,2016,1,30,5,1,outputs/pdfs_full/관광학부__TOU2005__호텔경영론.pdf,ok
TOU2012,관광계획및개발론,H0002839,관광학부,관광학부(학부/서울),2004/1 ~ 2028/2,2021,1,2024,1,21,4,1,outputs/pdfs_full/관광학부__TOU2012__관광계획및개발론.pdf,ok
TOU2023,관광영어1,H0002839,관광학부,관광학부(학부/서울),1998/1 ~ 2028/2,2022,2,2025,2,13,4,1,outputs/pdfs_full/관광학부__TOU2023__관광영어1.pdf,ok
TOU2024,관광영어2,H0002839,관광학부,관광학부(학부/서울),1998/1 ~ 2029/2,2022,1,2026,1,15,5,1,outputs/pdfs_full/관광학부__TOU2024__관광영어2.pdf,ok
TOU2029,푸드(F&B)컨텐츠와융합비즈니스,H0002839,관광학부,관광학부(학부/서울),2004/1 ~ 2028/2,2022,2,2025,2,23,4,1,outputs/pdfs_full/관광학부__TOU2029__푸드(F&B)컨텐츠와융합비즈니스.pdf,ok
TOU2031,현대여행업론,H0002839,관광학부,관광학부(학부/서울),2004/1 ~ 2018/2,2014,2,2018,1,19,5,1,outputs/pdfs_full/관광학부__TOU2031__현대여행업론.pdf,ok
TOU2032,관광개발사례연구,H0002839,관광학부,관광학부(학부/서울),2005/1 ~ 2026/2,2015,2,2021,1,18,5,1,outputs/pdfs_full/관광학부__TOU2032__관광개발사례연구.pdf,ok
TOU2034,컨벤션전시경영론,H0002839,관광학부,관광학부(학부/서울),2005/1 ~ 2020/2,2016,1,2020,1,31,5,1,outputs/pdfs_full/관광학부__TOU2034__컨벤션전시경영론.pdf,ok
TOU2035,관광산업인턴쉽및경력관리1,H0002839,관광학부,관광학부(학부/서울),2006/1 ~ 2022/2,2016,1,2022,1,17,5,1,outputs/pdfs_full/관광학부__TOU2035__관광산업인턴쉽및경력관리1.pdf,ok
TOU2036,관광산업인턴쉽및경력관리2,H0002839,관광학부,관광학부(학부/서울),2006/1 ~ 2016/2,2011,2,2015,2,22,5,1,outputs/pdfs_full/관광학부__TOU2036__관광산업인턴쉽및경력관리2.pdf,ok
TOU2037,관광자원총론,H0002839,관광학부,관광학부(학부/서울),2010/1 ~ 2028/2,2022,2,2025,2,21,4,1,outputs/pdfs_full/관광학부__TOU2037__관광자원총론.pdf,ok
TOU2038,관광산업환경네트워크,H0002839,관광학부,관광학부(학부/서울),2010/1 ~ 2016/2,2011,2,2015,2,21,5,1,outputs/pdfs_full/관광학부__TOU2038__관광산업환경네트워크.pdf,ok
TOU2042,관광계량정보,H0002839,관광학부,관광학부(학부/서울),2014/1 ~ 2016/2,2014,2,2016,2,10,3,1,outputs/pdfs_full/관광학부__TOU2042__관광계량정보.pdf,ok
TOU2043,서비스산업이슈세미나,H0002839,관광학부,관광학부(학부/서울),2021/1 ~ 2028/2,2022,1,2026,1,23,5,1,outputs/pdfs_full/관광학부__TOU2043__서비스산업이슈세미나.pdf,ok
TOU2044,여행관광행복론,H0002839,관광학부,관광학부(학부/서울),2025/1 ~ 2028/2,2025,2,2025,2,3,1,1,outputs/pdfs_full/관광학부__TOU2044__여행관광행복론.pdf,ok
TOU3005,관광정책론,H0002839,관광학부,관광학부(학부/서울),2000/1 ~ 2025/1,2020,2,2024,2,31,5,1,outputs/pdfs_full/관광학부__TOU3005__관광정책론.pdf,ok
TOU3016,관광통계학,H0002839,관광학부,관광학부(학부/서울),1998/1 ~ 2029/2,2022,1,2026,1,30,5,1,outputs/pdfs_full/관광학부__TOU3016__관광통계학.pdf,ok
TOU3040,레저관광심리학,H0002839,관광학부,관광학부(학부/서울),2004/1 ~ 2028/2,2022,1,2026,1,28,5,1,outputs/pdfs_full/관광학부__TOU3040__레저관광심리학.pdf,ok
TOU3042,관광경제학,H0002839,관광학부,관광학부(학부/서울),2004/1 ~ 2028/2,2012,2,2025,2,16,4,1,outputs/pdfs_full/관광학부__TOU3042__관광경제학.pdf,ok
TOU3050,관광연구방법론,H0002839,관광학부,관광학부(학부/서울),2006/1 ~ 2021/2,2010,2,2016,2,22,5,1,outputs/pdfs_full/관광학부__TOU3050__관광연구방법론.pdf,ok
TOU3055,축제이벤트론,H0002839,관광학부,관광학부(학부/서울),2006/1 ~ 2029/2,2022,1,2026,1,20,5,1,outputs/pdfs_full/관광학부__TOU3055__축제이벤트론.pdf,ok
TOU3058,엔터테인먼트산업,H0002839,관광학부,관광학부(학부/서울),2007/1 ~ 2017/2,2013,2,2017,1,28,5,1,outputs/pdfs_full/관광학부__TOU3058__엔터테인먼트산업.pdf,ok
TOU3060,관광저널리즘,H0002839,관광학부,관광학부(학부/서울),2007/1 ~ 2017/2,2012,2,2016,2,22,5,1,outputs/pdfs_full/관광학부__TOU3060__관광저널리즘.pdf,ok
TOU3062,관광지리자원세미나,H0002839,관광학부,관광학부(학부/서울),2011/1 ~ 2017/2,2013,2,2017,2,25,5,1,outputs/pdfs_full/관광학부__TOU3062__관광지리자원세미나.pdf,ok
TOU3064,레저놀이와사회이슈세미나,H0002839,관광학부,관광학부(학부/서울),2011/1 ~ 2017/2,2013,2,2017,2,17,5,1,outputs/pdfs_full/관광학부__TOU3064__레저놀이와사회이슈세미나.pdf,ok
TOU3067,관광법의이해,H0002839,관광학부,관광학부(학부/서울),2011/1 ~ 2017/2,2012,2,2017,2,21,5,1,outputs/pdfs_full/관광학부__TOU3067__관광법의이해.pdf,ok
TOU3069,관광정보경영,H0002839,관광학부,관광학부(학부/서울),2011/1 ~ 2030/2,2020,2,2025,2,17,4,1,outputs/pdfs_full/관광학부__TOU3069__관광정보경영.pdf,ok
TOU3070,호텔·관광소비자행동론,H0002839,관광학부,관광학부(학부/서울),2011/1 ~ 2017/2,2012,2,2017,2,21,5,1,outputs/pdfs_full/관광학부__TOU3070__호텔·관광소비자행동론.pdf,ok
TOU3071,한국관광사,H0002839,관광학부,관광학부(학부/서울),2015/1 ~ 2029/2,2022,1,2026,1,27,5,1,outputs/pdfs_full/관광학부__TOU3071__한국관광사.pdf,ok
TOU3072,관광정책사례분석,H0002839,관광학부,관광학부(학부/서울),2015/1 ~ 2030/2,2019,1,2024,1,23,5,1,outputs/pdfs_full/관광학부__TOU3072__관광정책사례분석.pdf,ok
TOU3073,호텔·관광마케팅론,H0002839,관광학부,관광학부(학부/서울),2015/1 ~ 2028/2,2022,1,2026,1,20,5,1,outputs/pdfs_full/관광학부__TOU3073__호텔·관광마케팅론.pdf,ok
TOU3074,호텔·관광경영분석론,H0002839,관광학부,관광학부(학부/서울),2015/1 ~ 2017/2,,,,,0,0,1,outputs/pdfs_full/관광학부__TOU3074__호텔·관광경영분석론.pdf,not_found
TOU3075,지속가능한항공경영론,H0002839,관광학부,관광학부(학부/서울),2018/1 ~ 2029/2,2022,1,2026,1,17,5,1,outputs/pdfs_full/관광학부__TOU3075__지속가능한항공경영론.pdf,ok
TOU3076,관광거버넌스론,H0002839,관광학부,관광학부(학부/서울),2018/1 ~ 2022/1,,,,,0,0,1,outputs/pdfs_full/관광학부__TOU3076__관광거버넌스론.pdf,not_found
TOU3077,호텔·관광사례및트렌드분석,H0002839,관광학부,관광학부(학부/서울),2018/1 ~ 2029/2,2023,2,2025,2,16,3,1,outputs/pdfs_full/관광학부__TOU3077__호텔·관광사례및트렌드분석.pdf,ok
TOU3078,도시및지역관광개발론,H0002839,관광학부,관광학부(학부/서울),2018/1 ~ 2025/2,2018,1,2021,1,15,3,1,outputs/pdfs_full/관광학부__TOU3078__도시및지역관광개발론.pdf,ok
TOU3079,관광패널이슈세미나,H0002839,관광학부,관광학부(학부/서울),2018/1 ~ 2025/2,2018,2,2020,2,14,3,1,outputs/pdfs_full/관광학부__TOU3079__관광패널이슈세미나.pdf,ok
TOU3080,미래관광과여행산업,H0002839,관광학부,관광학부(학부/서울),2021/1 ~ 2029/2,2024,1,2025,1,8,2,1,outputs/pdfs_full/관광학부__TOU3080__미래관광과여행산업.pdf,ok
TOU3081,글로벌서비스론,H0002839,관광학부,관광학부(학부/서울),2021/2 ~ 2029/2,2022,2,2025,2,19,4,1,outputs/pdfs_full/관광학부__TOU3081__글로벌서비스론.pdf,ok
TOU3082,관광수익관리,H0002839,관광학부,관광학부(학부/서울),2022/1 ~ 2029/2,2022,1,2025,2,18,3,1,outputs/pdfs_full/관광학부__TOU3082__관광수익관리.pdf,ok
TOU3083,디지털트랜스포메이션과관광혁신창업,H0002839,관광학부,관광학부(학부/서울),2023/1 ~ 2030/2,2024,1,2025,1,9,2,1,outputs/pdfs_full/관광학부__TOU3083__디지털트랜스포메이션과관광혁신창업.pdf,ok
TOU4030,지역관광개발론,H0002839,관광학부,관광학부(학부/서울),2000/1 ~ 2017/2,2013,1,2017,1,26,5,1,outputs/pdfs_full/관광학부__TOU4030__지역관광개발론.pdf,ok
TOU4043,관광정책커뮤니케이션,H0002839,관광학부,관광학부(학부/서울),2007/1 ~ 2026/2,2014,1,2022,1,22,5,1,outputs/pdfs_full/관광학부__TOU4043__관광정책커뮤니케이션.pdf,ok
TOU4045,관광자원기획실습,H0002839,관광학부,관광학부(학부/서울),2007/1 ~ 2018/2,2011,1,2017,1,21,5,1,outputs/pdfs_full/관광학부__TOU4045__관광자원기획실습.pdf,ok
TOU4047,축제이벤트기획프로젝트,H0002839,관광학부,관광학부(학부/서울),2007/1 ~ 2026/2,2022,2,2025,2,15,4,1,outputs/pdfs_full/관광학부__TOU4047__축제이벤트기획프로젝트.pdf,ok
TOU4050,관광정책이슈분석,H0002839,관광학부,관광학부(학부/서울),2012/1 ~ 2018/2,2012,2,2018,2,19,5,1,outputs/pdfs_full/관광학부__TOU4050__관광정책이슈분석.pdf,ok
TOU4052,관광개발세미나,H0002839,관광학부,관광학부(학부/서울),2012/1 ~ 2018/2,2012,2,2018,2,12,4,1,outputs/pdfs_full/관광학부__TOU4052__관광개발세미나.pdf,ok
TOU4053,관광개발프로젝트,H0002839,관광학부,관광학부(학부/서울),2012/1 ~ 2018/2,2012,1,2015,1,14,4,1,outputs/pdfs_full/관광학부__TOU4053__관광개발프로젝트.pdf,ok
TOU4055,호텔·관광인적자원관리론,H0002839,관광학부,관광학부(학부/서울),2012/1 ~ 2026/2,2018,2,2022,2,20,5,1,outputs/pdfs_full/관광학부__TOU4055__호텔·관광인적자원관리론.pdf,ok
TOU4056,호텔·관광경영커뮤니케이션,H0002839,관광학부,관광학부(학부/서울),2011/1 ~ 2018/2,2011,2,2015,2,18,5,1,outputs/pdfs_full/관광학부__TOU4056__호텔·관광경영커뮤니케이션.pdf,ok
TOU4057,기후변화와관광:계획과관리,H0002839,관광학부,관광학부(학부/서울),2012/1 ~ 2018/2,2012,2,2014,2,12,3,1,outputs/pdfs_full/관광학부__TOU4057__기후변화와관광_계획과관리.pdf,ok
TOU4058,호텔·관광캡스톤디자인,H0002839,관광학부,관광학부(학부/서울),2012/1 ~ 2018/2,2012,1,2015,1,14,4,1,outputs/pdfs_full/관광학부__TOU4058__호텔·관광캡스톤디자인.pdf,ok
TOU4059,컨벤션전시기획캡스톤디자인,H0002839,관광학부,관광학부(학부/서울),2012/1 ~ 2030/2,2019,2,2024,2,20,5,1,outputs/pdfs_full/관광학부__TOU4059__컨벤션전시기획캡스톤디자인.pdf,ok
TOU4060,문화관광전략,H0002839,관광학부,관광학부(학부/서울),2013/1 ~ 2028/2,2022,1,2026,1,31,5,1,outputs/pdfs_full/관광학부__TOU4060__문화관광전략.pdf,ok
TOU4061,호텔·관광리더십,H0002839,관광학부,관광학부(학부/서울),2023/1 ~ 2030/2,2023,1,2026,1,18,4,1,outputs/pdfs_full/관광학부__TOU4061__호텔·관광리더십.pdf,ok
TOU4062,서비스문제해결방법론,H0002839,관광학부,관광학부(학부/서울),2021/1 ~ 2030/2,2022,2,2026,1,22,5,1,outputs/pdfs_full/관광학부__TOU4062__서비스문제해결방법론.pdf,ok
TOU4063,글로벌커뮤니케이션론,H0002839,관광학부,관광학부(학부/서울),2023/2 ~ 2030/2,2023,2,2025,2,13,3,1,outputs/pdfs_full/관광학부__TOU4063__글로벌커뮤니케이션론.pdf,ok
TOU4065,관광정책과전략기획,H0002839,관광학부,관광학부(학부/서울),2026/1 ~ 2030/2,2026,1,2026,1,2,1,1,outputs/pdfs_full/관광학부__TOU4065__관광정책과전략기획.pdf,ok
TRE2001,교통공학,H0002570,도시공학과,도시공학과(학부/서울),1995/1 ~ 2029/2,2022,2,2025,2,26,4,1,outputs/pdfs_full/도시공학과__TRE2001__교통공학.pdf,ok
TRE3003,교통계획,H0002570,도시공학과,도시공학과(학부/서울),1995/1 ~ 2029/2,2022,1,2026,1,32,5,1,outputs/pdfs_full/도시공학과__TRE3003__교통계획.pdf,ok
URE1002,도시와인간,H0002570,도시공학과,도시공학과(학부/서울),1993/1 ~ 2027/2,2022,1,2026,1,26,5,1,outputs/pdfs_full/도시공학과__URE1002__도시와인간.pdf,ok
URE1004,도시디자인의이해1,H0002570,도시공학과,도시공학과(학부/서울),2009/1 ~ 2015/2,2011,1,2015,1,25,5,1,outputs/pdfs_full/도시공학과__URE1004__도시디자인의이해1.pdf,ok
URE1005,도시디자인의이해2,H0002570,도시공학과,도시공학과(학부/서울),2009/1 ~ 2015/2,2011,2,2015,2,23,5,1,outputs/pdfs_full/도시공학과__URE1005__도시디자인의이해2.pdf,ok
URE1007,도시와디자인,H0002570,도시공학과,도시공학과(학부/서울),2016/1 ~ 2027/2,2022,2,2025,2,16,4,1,outputs/pdfs_full/도시공학과__URE1007__도시와디자인.pdf,ok
URE2006,도시계획개론,H0002570,도시공학과,도시공학과(학부/서울),1994/1 ~ 2028/2,2022,1,2026,1,36,5,1,outputs/pdfs_full/도시공학과__URE2006__도시계획개론.pdf,ok
URE2008,GIS와도시공간분석,H0002570,도시공학과,도시공학과(학부/서울),2011/1 ~ 2029/2,2022,1,2026,1,30,5,1,outputs/pdfs_full/도시공학과__URE2008__GIS와도시공간분석.pdf,ok
URE2010,단지계획,H0002570,도시공학과,도시공학과(학부/서울),2010/1 ~ 2016/2,2012,1,2016,1,28,5,1,outputs/pdfs_full/도시공학과__URE2010__단지계획.pdf,ok
URE3001,단지계획,H0002886,건축학부,건축학부(학부/서울),2007/1 ~ 2022/1,2017,2,2021,2,30,5,3,outputs/pdfs_full/건축학부__URE3001__단지계획.pdf,ok
URE3002,도시법규,H0002570,도시공학과,도시공학과(학부/서울),1991/1 ~ 2017/2,2012,1,2017,1,18,5,1,outputs/pdfs_full/도시공학과__URE3002__도시법규.pdf,ok
URE3004,계획이론,H0002570,도시공학과,도시공학과(학부/서울),1991/1 ~ 2017/2,2000,1,2013,1,19,3,1,outputs/pdfs_full/도시공학과__URE3004__계획이론.pdf,ok
URE3006,토지이용,H0002570,도시공학과,도시공학과(학부/서울),1991/1 ~ 2028/2,2022,2,2025,2,30,4,1,outputs/pdfs_full/도시공학과__URE3006__토지이용.pdf,ok
URE3011,도시설계1,H0002570,도시공학과,도시공학과(학부/서울),1991/1 ~ 2028/2,2022,1,2026,1,19,5,1,outputs/pdfs_full/도시공학과__URE3011__도시설계1.pdf,ok
URE3012,도시설계2,H0002570,도시공학과,도시공학과(학부/서울),1991/1 ~ 2028/2,2022,2,2025,2,15,4,1,outputs/pdfs_full/도시공학과__URE3012__도시설계2.pdf,ok
URE3018,컴퓨터응용도시설계,H0002570,도시공학과,도시공학과(학부/서울),1995/1 ~ 2028/2,2022,2,2025,2,18,4,1,outputs/pdfs_full/도시공학과__URE3018__컴퓨터응용도시설계.pdf,ok
URE3021,데이터기반도시설계,H0002570,도시공학과,도시공학과(학부/서울),1999/1 ~ 2029/2,2015,1,2026,1,13,5,1,outputs/pdfs_full/도시공학과__URE3021__데이터기반도시설계.pdf,ok
URE3022,인공지능기반도시설계,H0002570,도시공학과,도시공학과(학부/서울),1999/1 ~ 2029/2,2022,2,2025,2,13,4,1,outputs/pdfs_full/도시공학과__URE3022__인공지능기반도시설계.pdf,ok
URE3024,비용편익분석,H0002570,도시공학과,도시공학과(학부/서울),2011/1 ~ 2017/2,2011,2,2014,2,19,4,1,outputs/pdfs_full/도시공학과__URE3024__비용편익분석.pdf,ok
URE3027,환경생태계획,H0002570,도시공학과,도시공학과(학부/서울),2011/1 ~ 2029/2,2017,2,2023,2,31,5,1,outputs/pdfs_full/도시공학과__URE3027__환경생태계획.pdf,ok
URE3029,도시계량분석,H0002570,도시공학과,도시공학과(학부/서울),2025/1 ~ 2028/2,2025,2,2025,2,8,1,1,outputs/pdfs_full/도시공학과__URE3029__도시계량분석.pdf,ok
URE3030,도시빅데이터분석,H0002570,도시공학과,도시공학과(학부/서울),2026/1 ~ 2029/2,2026,1,2026,1,7,1,1,outputs/pdfs_full/도시공학과__URE3030__도시빅데이터분석.pdf,ok
URE3055,도시계획사,H0002570,도시공학과,도시공학과(학부/서울),1994/1 ~ 2029/2,2021,2,2025,2,22,4,1,outputs/pdfs_full/도시공학과__URE3055__도시계획사.pdf,ok
URE4001,국토및지역계획,H0002570,도시공학과,도시공학과(학부/서울),1992/1 ~ 2017/2,2013,2,2017,2,24,5,1,outputs/pdfs_full/도시공학과__URE4001__국토및지역계획.pdf,ok
URE4006,조경이론및설계,H0002886,건축학부,건축학부(학부/서울),2008/1 ~ 2030/2,2022,2,2025,2,20,4,1,outputs/pdfs_full/건축학부__URE4006__조경이론및설계.pdf,ok
URE4008,도시공학종합설계1(URIP),H0002570,도시공학과,도시공학과(학부/서울),1992/1 ~ 2030/2,2022,1,2026,1,9,5,1,outputs/pdfs_full/도시공학과__URE4008__도시공학종합설계1(URIP).pdf,ok
URE4009,도시공학종합설계2(URIP),H0002570,도시공학과,도시공학과(학부/서울),1992/1 ~ 2030/2,2022,2,2025,2,10,4,1,outputs/pdfs_full/도시공학과__URE4009__도시공학종합설계2(URIP).pdf,ok
URE4010,도시설계론,H0002886,건축학부,건축학부(학부/서울),2019/1 ~ 2030/2,2024,2,2026,1,18,4,2,outputs/pdfs_full/건축학부__URE4010__도시설계론.pdf,ok
URE4017,조경.경관계획,H0002570,도시공학과,도시공학과(학부/서울),2000/1 ~ 2018/2,2012,1,2018,1,24,5,1,outputs/pdfs_full/도시공학과__URE4017__조경.경관계획.pdf,ok
URE4022,부동산개발및마케팅분석,H0002570,도시공학과,도시공학과(학부/서울),2011/1 ~ 2029/2,2021,2,2025,2,13,4,1,outputs/pdfs_full/도시공학과__URE4022__부동산개발및마케팅분석.pdf,ok
URE4024,도시개발및도시재생,H0002570,도시공학과,도시공학과(학부/서울),2012/1 ~ 2030/2,2020,2,2024,2,14,5,1,outputs/pdfs_full/도시공학과__URE4024__도시개발및도시재생.pdf,ok
URE4025,공간구조와도시지리,H0002570,도시공학과,도시공학과(학부/서울),2012/1 ~ 2026/2,2014,2,2021,2,21,4,1,outputs/pdfs_full/도시공학과__URE4025__공간구조와도시지리.pdf,ok
URE4026,대중교통및녹색교통,H0002570,도시공학과,도시공학과(학부/서울),2012/1 ~ 2018/2,2013,1,2017,1,27,5,1,outputs/pdfs_full/도시공학과__URE4026__대중교통및녹색교통.pdf,ok
URE4028,환경오염과도시관리,H0002570,도시공학과,도시공학과(학부/서울),2012/1 ~ 2018/2,2012,2,2012,2,3,1,1,outputs/pdfs_full/도시공학과__URE4028__환경오염과도시관리.pdf,ok
URE4029,도시방재및인프라시설,H0002570,도시공학과,도시공학과(학부/서울),2012/1 ~ 2018/2,2013,2,2018,2,21,5,1,outputs/pdfs_full/도시공학과__URE4029__도시방재및인프라시설.pdf,ok
URE4030,부동산금융및투자,H0002570,도시공학과,도시공학과(학부/서울),2012/1 ~ 2030/2,2021,1,2026,1,24,5,1,outputs/pdfs_full/도시공학과__URE4030__부동산금융및투자.pdf,ok
URE4031,도시및부동산경제,H0002570,도시공학과,도시공학과(학부/서울),2012/1 ~ 2029/2,2021,1,2025,1,27,5,1,outputs/pdfs_full/도시공학과__URE4031__도시및부동산경제.pdf,ok
URE4032,부동산평가및자산관리,H0002570,도시공학과,도시공학과(학부/서울),2014/1 ~ 2030/2,2021,2,2025,2,21,5,1,outputs/pdfs_full/도시공학과__URE4032__부동산평가및자산관리.pdf,ok
URE4033,도시및부동산법규,H0002570,도시공학과,도시공학과(학부/서울),2019/1 ~ 2030/2,2021,1,2026,1,18,5,1,outputs/pdfs_full/도시공학과__URE4033__도시및부동산법규.pdf,ok
URE4034,스마트모빌리티개론,H0002570,도시공학과,도시공학과(학부/서울),2027/1 ~ 2030/2,,,,,0,0,1,outputs/pdfs_full/도시공학과__URE4034__스마트모빌리티개론.pdf,not_found
VEN1001,현대사회와마케팅,H0004360,글로벌 CEO 창업 융합전공,글로벌 CEO 창업 융합전공,2024/1 ~ 2027/2,2024,2,2026,1,31,4,1,outputs/pdfs_full/글로벌_CEO_창업_융합전공__VEN1001__현대사회와마케팅.pdf,ok
VEN2001,창업기초:창업과기업가정신,H0003878,창업융합전공,창업융합전공,2015/1 ~ 2028/2,2024,2,2026,1,25,4,2,outputs/pdfs_full/창업융합전공__VEN2001__창업기초_창업과기업가정신.pdf,ok
VEN2002,창업실습:실전창업워크숍1,H0003878,창업융합전공,창업융합전공,2015/1 ~ 2030/2,2024,1,2026,1,15,5,2,outputs/pdfs_full/창업융합전공__VEN2002__창업실습_실전창업워크숍1.pdf,ok
VEN2003,창업심화:스타트업 A to Z,H0003878,창업융합전공,창업융합전공,2015/1 ~ 2029/2,2021,1,2025,1,15,5,2,outputs/pdfs_full/창업융합전공__VEN2003__창업심화_스타트업_A_to_Z.pdf,ok
VEN2004,창업기초:창업아이디어기획,H0003878,창업융합전공,창업융합전공,2015/1 ~ 2016/2,,,,,0,0,1,outputs/pdfs_full/창업융합전공__VEN2004__창업기초_창업아이디어기획.pdf,not_found
VEN2005,창업기초:디자인씽킹,H0003878,창업융합전공,창업융합전공,2015/2 ~ 2028/2,2022,2,2025,2,14,4,2,outputs/pdfs_full/창업융합전공__VEN2005__창업기초_디자인씽킹.pdf,ok
VEN2009,창업기초:스타트업기업가정신의이해와사례,H0003878,창업융합전공,창업융합전공,2015/2 ~ 2028/2,2024,2,2026,1,12,4,2,outputs/pdfs_full/창업융합전공__VEN2009__창업기초_스타트업기업가정신의이해와사례.pdf,ok
VEN2011,Business Model Schema,H0003878,창업융합전공,창업융합전공,2016/2 ~ 2022/1,2017,1,2020,2,30,5,2,outputs/pdfs_full/창업융합전공__VEN2011__Business_Model_Schema.pdf,ok
VEN2012,스타트업트렌드1,H0003878,창업융합전공,창업융합전공,2016/2 ~ 2022/1,2016,2,2018,2,27,5,2,outputs/pdfs_full/창업융합전공__VEN2012__스타트업트렌드1.pdf,ok
VEN2013,스타트업트렌드2,H0003878,창업융합전공,창업융합전공,2016/2 ~ 2022/1,2016,2,2018,2,28,5,2,outputs/pdfs_full/창업융합전공__VEN2013__스타트업트렌드2.pdf,ok
VEN2014,창업기초:사회적기업가정신액션러닝,H0003878,창업융합전공,창업융합전공,2016/2 ~ 2028/2,2022,1,2026,1,18,5,2,outputs/pdfs_full/창업융합전공__VEN2014__창업기초_사회적기업가정신액션러닝.pdf,ok
VEN2015,레드라이언을위한씽씽스타트업1,H0003878,창업융합전공,창업융합전공,2017/2 ~ 2025/2,2018,2,2023,2,16,5,2,outputs/pdfs_full/창업융합전공__VEN2015__레드라이언을위한씽씽스타트업1.pdf,ok
VEN2016,레드라이언을위한씽씽스타트업2,H0004360,글로벌 CEO 창업 융합전공,글로벌 CEO 창업 융합전공,2019/1 ~ 2028/2,2020,1,2024,1,19,5,1,outputs/pdfs_full/글로벌_CEO_창업_융합전공__VEN2016__레드라이언을위한씽씽스타트업2.pdf,ok
VEN2017,창업기초:사업기회의발견,H0003878,창업융합전공,창업융합전공,2020/1 ~ 2028/2,2022,1,2026,1,22,5,2,outputs/pdfs_full/창업융합전공__VEN2017__창업기초_사업기회의발견.pdf,ok
VEN2018,창업심화:스타트업마케팅,H0003878,창업융합전공,창업융합전공,2020/1 ~ 2029/2,2022,1,2026,1,25,5,2,outputs/pdfs_full/창업융합전공__VEN2018__창업심화_스타트업마케팅.pdf,ok
VEN2019,한국문화와한류,H0004360,글로벌 CEO 창업 융합전공,글로벌 CEO 창업 융합전공,2022/1 ~ 2028/2,2024,2,2026,1,18,4,1,outputs/pdfs_full/글로벌_CEO_창업_융합전공__VEN2019__한국문화와한류.pdf,ok
VEN2020,소비자행동과콘텐츠제작,H0004360,글로벌 CEO 창업 융합전공,글로벌 CEO 창업 융합전공,2023/1 ~ 2029/2,2024,2,2026,1,30,4,1,outputs/pdfs_full/글로벌_CEO_창업_융합전공__VEN2020__소비자행동과콘텐츠제작.pdf,ok
VEN2021,세상을바꾸는스타트업이야기,H0003878,창업융합전공,창업융합전공,2024/1 ~ 2025/2,2024,1,2024,1,3,1,2,outputs/pdfs_full/창업융합전공__VEN2021__세상을바꾸는스타트업이야기.pdf,ok
VEN2022,과학기술혁명,H0004360,글로벌 CEO 창업 융합전공,글로벌 CEO 창업 융합전공,2024/2 ~ 2028/2,2024,2,2026,1,21,4,1,outputs/pdfs_full/글로벌_CEO_창업_융합전공__VEN2022__과학기술혁명.pdf,ok
VEN2023,사회혁신과UN지속가능개발목표,H0004360,글로벌 CEO 창업 융합전공,글로벌 CEO 창업 융합전공,2024/2 ~ 2028/2,2024,2,2025,1,11,2,1,outputs/pdfs_full/글로벌_CEO_창업_융합전공__VEN2023__사회혁신과UN지속가능개발목표.pdf,ok
VEN2024,Cultural Industry and Data Analysis,H0004360,글로벌 CEO 창업 융합전공,글로벌 CEO 창업 융합전공,2024/2 ~ 2027/2,2024,2,2026,1,17,4,1,outputs/pdfs_full/글로벌_CEO_창업_융합전공__VEN2024__Cultural_Industry_and_Data_Analysis.pdf,ok
VEN2025,Media Communication in Korea,H0004360,글로벌 CEO 창업 융합전공,글로벌 CEO 창업 융합전공,2024/2 ~ 2027/2,2024,2,2026,1,23,4,1,outputs/pdfs_full/글로벌_CEO_창업_융합전공__VEN2025__Media_Communication_in_Korea.pdf,ok
VEN2026,Platform Revolution and Culture Industry,H0004360,글로벌 CEO 창업 융합전공,글로벌 CEO 창업 융합전공,2024/2 ~ 2027/2,2024,2,2026,1,18,4,1,outputs/pdfs_full/글로벌_CEO_창업_융합전공__VEN2026__Platform_Revolution_and_Culture_Industry.pdf,ok
VEN2027,Understanding K-Pop Industry,H0004360,글로벌 CEO 창업 융합전공,글로벌 CEO 창업 융합전공,2024/2 ~ 2027/2,2024,2,2026,1,19,4,1,outputs/pdfs_full/글로벌_CEO_창업_융합전공__VEN2027__Understanding_K-Pop_Industry.pdf,ok
VEN2028,From Oldboy to Squid Game: Navigating the Korean Cultural Wave,H0004360,글로벌 CEO 창업 융합전공,글로벌 CEO 창업 융합전공,2025/1 ~ 2027/2,2025,1,2026,1,18,3,1,outputs/pdfs_full/글로벌_CEO_창업_융합전공__VEN2028__From_Oldboy_to_Squid_Game__Navigating_the_Korean_Cultural_Wave.pdf,ok
VEN2029,Korean for Beginners,H0004360,글로벌 CEO 창업 융합전공,글로벌 CEO 창업 융합전공,2025/1 ~ 2027/2,2025,1,2026,1,20,3,1,outputs/pdfs_full/글로벌_CEO_창업_융합전공__VEN2029__Korean_for_Beginners.pdf,ok
VEN2030,Global Entrepreneurship_Launch your startup,H0004360,글로벌 CEO 창업 융합전공,글로벌 CEO 창업 융합전공,2025/2 ~ 2027/2,2025,2,2026,1,15,2,1,outputs/pdfs_full/글로벌_CEO_창업_융합전공__VEN2030__Global_Entrepreneurship_Launch_your_startup.pdf,ok
VEN2031,미디어AI크리에이터창업의기초,H0003878,창업융합전공,창업융합전공,2026/1 ~ 2028/2,2026,1,2026,1,2,1,2,outputs/pdfs_full/창업융합전공__VEN2031__미디어AI크리에이터창업의기초.pdf,ok
VEN2032,Entrepreneurial Insights & Korean Trends,H0004360,글로벌 CEO 창업 융합전공,글로벌 CEO 창업 융합전공,2026/1 ~ 2028/2,2026,1,2026,1,6,1,1,outputs/pdfs_full/글로벌_CEO_창업_융합전공__VEN2032__Entrepreneurial_Insights_&_Korean_Trends.pdf,ok
VEN2033,Modern Stress Psychology,H0004360,글로벌 CEO 창업 융합전공,글로벌 CEO 창업 융합전공,2026/2 ~ 2027/2,,,,,0,0,1,outputs/pdfs_full/글로벌_CEO_창업_융합전공__VEN2033__Modern_Stress_Psychology.pdf,not_found
VEN2034,From K-Pop to K-Beauty: The Rise of Media Platforms and Korean Popular Culture,H0004360,글로벌 CEO 창업 융합전공,글로벌 CEO 창업 융합전공,2026/2 ~ 2027/2,,,,,0,0,1,outputs/pdfs_full/글로벌_CEO_창업_융합전공__VEN2034__From_K-Pop_to_K-Beauty__The_Rise_of_Media_Platforms_and_Korean_Popular_Culture.pdf,not_found
VEN2035,Principles of Chemistry,H0004360,글로벌 CEO 창업 융합전공,글로벌 CEO 창업 융합전공,2026/2 ~ 2027/2,,,,,0,0,1,outputs/pdfs_full/글로벌_CEO_창업_융합전공__VEN2035__Principles_of_Chemistry.pdf,not_found
VEN2036,Introduction to Computer Graphics,H0004360,글로벌 CEO 창업 융합전공,글로벌 CEO 창업 융합전공,2026/2 ~ 2029/2,,,,,0,0,1,outputs/pdfs_full/글로벌_CEO_창업_융합전공__VEN2036__Introduction_to_Computer_Graphics.pdf,not_found
VEN3001,창업심화:스타트업법률이슈,H0003878,창업융합전공,창업융합전공,2015/1 ~ 2029/2,2022,2,2025,2,17,4,2,outputs/pdfs_full/창업융합전공__VEN3001__창업심화_스타트업법률이슈.pdf,ok
VEN3002,창업심화:스타트업특허,H0003878,창업융합전공,창업융합전공,2015/1 ~ 2029/2,2022,2,2025,2,14,4,2,outputs/pdfs_full/창업융합전공__VEN3002__창업심화_스타트업특허.pdf,ok
VEN3003,창업심화:사회적기업과창업,H0003878,창업융합전공,창업융합전공,2015/1 ~ 2020/2,,,,,0,0,1,outputs/pdfs_full/창업융합전공__VEN3003__창업심화_사회적기업과창업.pdf,not_found
VEN3004,창업실습:협력적비즈니스모델의성공조건,H0003878,창업융합전공,창업융합전공,2015/1 ~ 2022/1,2015,2,2017,2,5,2,2,outputs/pdfs_full/창업융합전공__VEN3004__창업실습_협력적비즈니스모델의성공조건.pdf,ok
VEN3005,창업실습:캠퍼스CEO,H0003878,창업융합전공,창업융합전공,2015/2 ~ 2029/2,2022,2,2025,2,13,4,2,outputs/pdfs_full/창업융합전공__VEN3005__창업실습_캠퍼스CEO.pdf,ok
VEN3006,창업실습1,H0003878,창업융합전공,창업융합전공,2015/2 ~ 2029/2,2022,2,2025,2,11,4,2,outputs/pdfs_full/창업융합전공__VEN3006__창업실습1.pdf,ok
VEN3007,창업실습2,H0003878,창업융합전공,창업융합전공,2016/1 ~ 2030/2,2022,1,2026,1,11,5,2,outputs/pdfs_full/창업융합전공__VEN3007__창업실습2.pdf,ok
VEN3008,창업기초:글로벌스타트업멘토링,H0003878,창업융합전공,창업융합전공,2016/1 ~ 2028/2,2022,1,2026,1,19,5,2,outputs/pdfs_full/창업융합전공__VEN3008__창업기초_글로벌스타트업멘토링.pdf,ok
VEN3009,창업심화:스타트업투자유치전략,H0003878,창업융합전공,창업융합전공,2016/1 ~ 2029/2,2022,2,2025,2,12,4,2,outputs/pdfs_full/창업융합전공__VEN3009__창업심화_스타트업투자유치전략.pdf,ok
VEN3010,창업기초:3D프린팅이해와활용,H0003878,창업융합전공,창업융합전공,2016/1 ~ 2022/2,2018,1,2022,1,19,5,2,outputs/pdfs_full/창업융합전공__VEN3010__창업기초_3D프린팅이해와활용.pdf,ok
VEN3011,창업기초:문화예술산업의이해,H0003878,창업융합전공,창업융합전공,2016/1 ~ 2028/2,2022,1,2025,2,12,4,2,outputs/pdfs_full/창업융합전공__VEN3011__창업기초_문화예술산업의이해.pdf,ok
VEN3012,창업실습:3D프린팅스타트업,H0003878,창업융합전공,창업융합전공,2016/2 ~ 2025/2,2016,2,2018,2,11,3,2,outputs/pdfs_full/창업융합전공__VEN3012__창업실습_3D프린팅스타트업.pdf,ok
VEN3013,창업실습:도전크라우드펀딩,H0003878,창업융합전공,창업융합전공,2017/2 ~ 2025/2,2017,2,2018,2,8,2,2,outputs/pdfs_full/창업융합전공__VEN3013__창업실습_도전크라우드펀딩.pdf,ok
VEN3014,창업실습:스타트랙1,H0003878,창업융합전공,창업융합전공,2019/1 ~ 2029/2,2022,1,2026,1,11,5,2,outputs/pdfs_full/창업융합전공__VEN3014__창업실습_스타트랙1.pdf,ok
VEN3015,차이나마케팅,H0004360,글로벌 CEO 창업 융합전공,글로벌 CEO 창업 융합전공,2022/1 ~ 2029/2,2022,1,2024,1,7,3,1,outputs/pdfs_full/글로벌_CEO_창업_융합전공__VEN3015__차이나마케팅.pdf,ok
VEN3016,한중소비트렌드,H0004360,글로벌 CEO 창업 융합전공,글로벌 CEO 창업 융합전공,2022/1 ~ 2029/2,2022,2,2023,2,7,2,1,outputs/pdfs_full/글로벌_CEO_창업_융합전공__VEN3016__한중소비트렌드.pdf,ok
VEN3017,클라우드비즈니스모델,H0003878,창업융합전공,창업융합전공,2021/1 ~ 2029/2,2021,1,2024,1,14,4,2,outputs/pdfs_full/창업융합전공__VEN3017__클라우드비즈니스모델.pdf,ok
VEN3018,창업실무:고객데이터분석및활용기초,H0003878,창업융합전공,창업융합전공,2022/1 ~ 2029/2,2022,1,2024,1,11,3,2,outputs/pdfs_full/창업융합전공__VEN3018__창업실무_고객데이터분석및활용기초.pdf,ok
VEN3019,창업실무:쉽게배우는모바일앱개발,H0003878,창업융합전공,창업융합전공,2022/1 ~ 2029/2,2022,1,2026,1,20,5,2,outputs/pdfs_full/창업융합전공__VEN3019__창업실무_쉽게배우는모바일앱개발.pdf,ok
VEN3020,창업실무:모바일게임프로그래밍기초,H0003878,창업융합전공,창업융합전공,2022/1 ~ 2029/2,2022,2,2023,2,6,2,2,outputs/pdfs_full/창업융합전공__VEN3020__창업실무_모바일게임프로그래밍기초.pdf,ok
VEN3021,창업실무:금융DT와핀테크SW기초,H0003878,창업융합전공,창업융합전공,2022/1 ~ 2029/2,2022,2,2024,2,12,3,2,outputs/pdfs_full/창업융합전공__VEN3021__창업실무_금융DT와핀테크SW기초.pdf,ok
VEN3022,기초비즈니스통계,H0004360,글로벌 CEO 창업 융합전공,글로벌 CEO 창업 융합전공,2023/1 ~ 2029/2,2024,2,2026,1,22,4,1,outputs/pdfs_full/글로벌_CEO_창업_융합전공__VEN3022__기초비즈니스통계.pdf,ok
VEN3023,비즈니스행동경제학,H0004360,글로벌 CEO 창업 융합전공,글로벌 CEO 창업 융합전공,2023/1 ~ 2029/2,2024,2,2026,1,21,4,1,outputs/pdfs_full/글로벌_CEO_창업_융합전공__VEN3023__비즈니스행동경제학.pdf,ok
VEN3024,창업가정신과사회적혁신,H0003878,창업융합전공,창업융합전공,2023/2 ~ 2028/2,2023,2,2025,2,10,3,2,outputs/pdfs_full/창업융합전공__VEN3024__창업가정신과사회적혁신.pdf,ok
VEN3025,창업실무:엔엘코드(No-LowCode)를활용한IT서비스기획,H0003878,창업융합전공,창업융합전공,2024/1 ~ 2029/2,2024,1,2026,1,9,3,2,outputs/pdfs_full/창업융합전공__VEN3025__창업실무_엔엘코드(No-LowCode)를활용한IT서비스기획.pdf,ok
VEN4001,창업실습:캡스톤디자인,H0003878,창업융합전공,창업융합전공,2015/2 ~ 2030/2,2020,1,2025,1,13,5,2,outputs/pdfs_full/창업융합전공__VEN4001__창업실습_캡스톤디자인.pdf,ok
VEN4002,창업실습:강소기업필드스터디,H0003878,창업융합전공,창업융합전공,2016/1 ~ 2018/2,,,,,0,0,1,outputs/pdfs_full/창업융합전공__VEN4002__창업실습_강소기업필드스터디.pdf,not_found
VEN4003,블록체인과비즈니스모델,H0003878,창업융합전공,창업융합전공,2018/2 ~ 2029/2,2022,2,2025,2,15,4,2,outputs/pdfs_full/창업융합전공__VEN4003__블록체인과비즈니스모델.pdf,ok
VEN4004,전략적마케팅과케이스스터디,H0004360,글로벌 CEO 창업 융합전공,글로벌 CEO 창업 융합전공,2023/2 ~ 2028/2,2023,2,2023,2,5,1,1,outputs/pdfs_full/글로벌_CEO_창업_융합전공__VEN4004__전략적마케팅과케이스스터디.pdf,ok
VEN4005,비즈니스리서치와분석,H0004360,글로벌 CEO 창업 융합전공,글로벌 CEO 창업 융합전공,2023/2 ~ 2030/2,2024,2,2026,1,18,4,1,outputs/pdfs_full/글로벌_CEO_창업_융합전공__VEN4005__비즈니스리서치와분석.pdf,ok
VEN4006,창업심화:스타트업경영전략,H0003878,창업융합전공,창업융합전공,2024/1 ~ 2029/2,2024,1,2026,1,19,3,2,outputs/pdfs_full/창업융합전공__VEN4006__창업심화_스타트업경영전략.pdf,ok
VEN4007,창업실습:실전창업워크숍2,H0003878,창업융합전공,창업융합전공,2026/2 ~ 2030/2,,,,,0,0,2,outputs/pdfs_full/창업융합전공__VEN4007__창업실습_실전창업워크숍2.pdf,not_found
VEN6001,스타트업토크콘서트,H0003878,창업융합전공,창업융합전공,2017/1 ~ 2028/2,2024,2,2026,1,4,4,2,outputs/pdfs_full/창업융합전공__VEN6001__스타트업토크콘서트.pdf,ok
VOC1003,성악전공실기1,H0002737,성악과,성악과(학부/서울),1999/1 ~ 2027/2,2022,1,2026,1,11,5,1,outputs/pdfs_full/성악과__VOC1003__성악전공실기1.pdf,ok
VOC1004,성악전공실기2,H0002737,성악과,성악과(학부/서울),1999/1 ~ 2027/2,2022,2,2025,2,9,4,2,outputs/pdfs_full/성악과__VOC1004__성악전공실기2.pdf,ok
VOC1005,독일어딕션1,H0002737,성악과,성악과(학부/서울),2005/1 ~ 2016/2,2011,1,2016,1,34,5,1,outputs/pdfs_full/성악과__VOC1005__독일어딕션1.pdf,ok
VOC1006,독일어딕션2,H0002737,성악과,성악과(학부/서울),2005/1 ~ 2016/2,2011,2,2016,2,33,5,1,outputs/pdfs_full/성악과__VOC1006__독일어딕션2.pdf,ok
VOC1007,가창과반주실습1,H0002739,피아노과,피아노과(학부/서울),2009/1 ~ 2015/2,2011,1,2015,1,26,5,1,outputs/pdfs_full/피아노과__VOC1007__가창과반주실습1.pdf,ok
VOC1008,가창과반주실습2,H0002739,피아노과,피아노과(학부/서울),2009/1 ~ 2015/2,2011,2,2015,2,26,5,1,outputs/pdfs_full/피아노과__VOC1008__가창과반주실습2.pdf,ok
VOC1009,이태리어딕션1,H0002737,성악과,성악과(학부/서울),2013/1 ~ 2015/2,2013,1,2015,1,14,3,1,outputs/pdfs_full/성악과__VOC1009__이태리어딕션1.pdf,ok
VOC1010,이태리어딕션2,H0002737,성악과,성악과(학부/서울),2013/1 ~ 2015/2,2013,2,2015,2,21,3,1,outputs/pdfs_full/성악과__VOC1010__이태리어딕션2.pdf,ok
VOC1011,딕션1,H0002737,성악과,성악과(학부/서울),2016/1 ~ 2027/2,2022,1,2026,1,26,5,1,outputs/pdfs_full/성악과__VOC1011__딕션1.pdf,ok
VOC1012,피아노실습1,H0002737,성악과,성악과(학부/서울),2016/1 ~ 2027/2,2022,1,2026,1,28,5,1,outputs/pdfs_full/성악과__VOC1012__피아노실습1.pdf,ok
VOC1013,딕션2,H0002737,성악과,성악과(학부/서울),2016/1 ~ 2027/2,2022,2,2025,2,17,4,1,outputs/pdfs_full/성악과__VOC1013__딕션2.pdf,ok
VOC1014,피아노실습2,H0002737,성악과,성악과(학부/서울),2016/1 ~ 2027/2,2022,2,2025,2,16,4,1,outputs/pdfs_full/성악과__VOC1014__피아노실습2.pdf,ok
VOC2055,가창1,H0002739,피아노과,피아노과(학부/서울),1991/1 ~ 2008/2,2008,1,2016,1,24,5,3,outputs/pdfs_full/피아노과__VOC2055__가창1.pdf,ok
VOC2056,가창2,H0002739,피아노과,피아노과(학부/서울),1991/1 ~ 2008/2,2008,2,2016,2,20,5,3,outputs/pdfs_full/피아노과__VOC2056__가창2.pdf,ok
VOC2059,성악전공실기3,H0002737,성악과,성악과(학부/서울),1999/1 ~ 2028/2,2022,1,2026,1,12,5,1,outputs/pdfs_full/성악과__VOC2059__성악전공실기3.pdf,ok
VOC2060,성악전공실기4,H0002737,성악과,성악과(학부/서울),1999/1 ~ 2028/2,2022,2,2025,2,10,4,1,outputs/pdfs_full/성악과__VOC2060__성악전공실기4.pdf,ok
VOC2067,무대연기법1,H0002737,성악과,성악과(학부/서울),2014/1 ~ 2016/2,2014,1,2016,1,15,3,1,outputs/pdfs_full/성악과__VOC2067__무대연기법1.pdf,ok
VOC2068,무대연기법2,H0002737,성악과,성악과(학부/서울),2014/1 ~ 2016/2,2014,2,2016,2,13,3,1,outputs/pdfs_full/성악과__VOC2068__무대연기법2.pdf,ok
VOC2069,피아노실습3,H0002737,성악과,성악과(학부/서울),2017/1 ~ 2028/2,2021,1,2026,1,15,5,1,outputs/pdfs_full/성악과__VOC2069__피아노실습3.pdf,ok
VOC2070,딕션3,H0002737,성악과,성악과(학부/서울),2017/1 ~ 2028/2,2022,1,2026,1,25,5,1,outputs/pdfs_full/성악과__VOC2070__딕션3.pdf,ok
VOC2071,무대예술1,H0002737,성악과,성악과(학부/서울),2017/1 ~ 2028/2,2022,1,2026,1,19,5,1,outputs/pdfs_full/성악과__VOC2071__무대예술1.pdf,ok
VOC2072,피아노실습4,H0002737,성악과,성악과(학부/서울),2017/1 ~ 2028/2,2020,2,2025,2,13,4,1,outputs/pdfs_full/성악과__VOC2072__피아노실습4.pdf,ok
VOC2073,딕션4,H0002737,성악과,성악과(학부/서울),2017/1 ~ 2028/2,2022,2,2025,2,20,4,1,outputs/pdfs_full/성악과__VOC2073__딕션4.pdf,ok
VOC2074,무대예술2,H0002737,성악과,성악과(학부/서울),2017/1 ~ 2028/2,2020,2,2025,2,17,4,1,outputs/pdfs_full/성악과__VOC2074__무대예술2.pdf,ok
VOC3033,성악전공실기5,H0002737,성악과,성악과(학부/서울),1999/1 ~ 2029/2,2022,1,2026,1,13,5,1,outputs/pdfs_full/성악과__VOC3033__성악전공실기5.pdf,ok
VOC3034,성악전공실기6,H0002737,성악과,성악과(학부/서울),1999/1 ~ 2029/2,2022,2,2025,2,11,4,1,outputs/pdfs_full/성악과__VOC3034__성악전공실기6.pdf,ok
VOC3040,프랑스어딕션1,H0002737,성악과,성악과(학부/서울),2007/1 ~ 2017/2,2013,1,2017,1,26,5,1,outputs/pdfs_full/성악과__VOC3040__프랑스어딕션1.pdf,ok
VOC3046,프랑스어딕션2,H0002737,성악과,성악과(학부/서울),2007/1 ~ 2017/2,2013,2,2017,2,26,5,1,outputs/pdfs_full/성악과__VOC3046__프랑스어딕션2.pdf,ok
VOC3048,예술가곡실습1,H0002737,성악과,성악과(학부/서울),2015/1 ~ 2017/2,2015,1,2017,1,14,3,1,outputs/pdfs_full/성악과__VOC3048__예술가곡실습1.pdf,ok
VOC3049,오페라워크샵1,H0002737,성악과,성악과(학부/서울),2015/1 ~ 2017/2,2015,1,2017,1,11,3,1,outputs/pdfs_full/성악과__VOC3049__오페라워크샵1.pdf,ok
VOC3050,예술가곡실습2,H0002737,성악과,성악과(학부/서울),2015/1 ~ 2017/2,2015,2,2017,2,16,3,1,outputs/pdfs_full/성악과__VOC3050__예술가곡실습2.pdf,ok
VOC3051,오페라워크샵2,H0002737,성악과,성악과(학부/서울),2015/1 ~ 2017/2,2015,2,2017,2,9,3,1,outputs/pdfs_full/성악과__VOC3051__오페라워크샵2.pdf,ok
VOC3052,딕션5,H0002737,성악과,성악과(학부/서울),2018/1 ~ 2029/2,2022,1,2026,1,31,5,1,outputs/pdfs_full/성악과__VOC3052__딕션5.pdf,ok
VOC3053,가곡과앙상블1,H0002737,성악과,성악과(학부/서울),2018/1 ~ 2029/2,2022,1,2026,1,18,5,1,outputs/pdfs_full/성악과__VOC3053__가곡과앙상블1.pdf,ok
VOC3054,무대예술3,H0002737,성악과,성악과(학부/서울),2018/1 ~ 2029/2,2022,1,2026,1,15,5,1,outputs/pdfs_full/성악과__VOC3054__무대예술3.pdf,ok
VOC3055,딕션6,H0002737,성악과,성악과(학부/서울),2018/1 ~ 2029/2,2022,2,2025,2,23,4,1,outputs/pdfs_full/성악과__VOC3055__딕션6.pdf,ok
VOC3056,가곡과앙상블2,H0002737,성악과,성악과(학부/서울),2018/1 ~ 2029/2,2022,2,2025,2,12,4,1,outputs/pdfs_full/성악과__VOC3056__가곡과앙상블2.pdf,ok
VOC3057,무대예술4,H0002737,성악과,성악과(학부/서울),2018/1 ~ 2029/2,2022,2,2025,2,14,4,1,outputs/pdfs_full/성악과__VOC3057__무대예술4.pdf,ok
VOC3058,연주기획과평론1,H0002737,성악과,성악과(학부/서울),2022/1 ~ 2029/2,2022,1,2026,1,22,5,1,outputs/pdfs_full/성악과__VOC3058__연주기획과평론1.pdf,ok
VOC3059,연주기획과평론2,H0002737,성악과,성악과(학부/서울),2022/1 ~ 2029/2,2022,2,2025,2,18,4,1,outputs/pdfs_full/성악과__VOC3059__연주기획과평론2.pdf,ok
VOC4001,성악앙상블1,H0002737,성악과,성악과(학부/서울),1991/1 ~ 2018/2,2005,1,2018,1,21,5,1,outputs/pdfs_full/성악과__VOC4001__성악앙상블1.pdf,ok
VOC4002,성악앙상블2,H0002737,성악과,성악과(학부/서울),1991/1 ~ 2018/2,2005,2,2018,2,21,5,1,outputs/pdfs_full/성악과__VOC4002__성악앙상블2.pdf,ok
VOC4008,성악문헌1,H0002737,성악과,성악과(학부/서울),2014/1 ~ 2029/2,2020,1,2026,1,21,5,1,outputs/pdfs_full/성악과__VOC4008__성악문헌1.pdf,ok
VOC4009,성악문헌2,H0002737,성악과,성악과(학부/서울),2014/1 ~ 2029/2,2015,2,2019,2,25,4,1,outputs/pdfs_full/성악과__VOC4009__성악문헌2.pdf,ok
VOC4021,한국가곡문헌1,H0002737,성악과,성악과(학부/서울),1996/1 ~ 2030/2,2022,1,2026,1,15,5,1,outputs/pdfs_full/성악과__VOC4021__한국가곡문헌1.pdf,ok
VOC4022,한국가곡문헌2,H0002737,성악과,성악과(학부/서울),1996/1 ~ 2030/2,2019,2,2023,2,15,4,1,outputs/pdfs_full/성악과__VOC4022__한국가곡문헌2.pdf,ok
VOC4027,성악전공실기7,H0002737,성악과,성악과(학부/서울),1999/1 ~ 2030/2,2022,1,2026,1,13,5,1,outputs/pdfs_full/성악과__VOC4027__성악전공실기7.pdf,ok
VOC4028,성악전공실기8,H0002737,성악과,성악과(학부/서울),1999/1 ~ 2030/2,2022,2,2025,2,10,4,1,outputs/pdfs_full/성악과__VOC4028__성악전공실기8.pdf,ok
VOC4029,영어딕션1,H0002737,성악과,성악과(학부/서울),2008/1 ~ 2018/2,2014,1,2018,1,27,5,1,outputs/pdfs_full/성악과__VOC4029__영어딕션1.pdf,ok
VOC4043,영어딕션2,H0002737,성악과,성악과(학부/서울),2008/1 ~ 2018/2,2014,2,2018,2,25,5,1,outputs/pdfs_full/성악과__VOC4043__영어딕션2.pdf,ok
VOC4052,예술경영및마케팅1,H0002737,성악과,성악과(학부/서울),2016/1 ~ 2018/2,2022,1,2026,1,15,5,5,outputs/pdfs_full/성악과__VOC4052__예술경영및마케팅1.pdf,ok
VOC4053,예술가곡실습3,H0002737,성악과,성악과(학부/서울),2016/1 ~ 2018/2,2016,1,2018,1,14,3,1,outputs/pdfs_full/성악과__VOC4053__예술가곡실습3.pdf,ok
VOC4054,오페라워크샵3,H0002737,성악과,성악과(학부/서울),2016/1 ~ 2018/2,2016,1,2018,1,11,3,1,outputs/pdfs_full/성악과__VOC4054__오페라워크샵3.pdf,ok
VOC4055,예술경영및마케팅2,H0002737,성악과,성악과(학부/서울),2016/1 ~ 2018/2,2021,2,2024,2,13,4,5,outputs/pdfs_full/성악과__VOC4055__예술경영및마케팅2.pdf,ok
VOC4056,예술가곡실습4,H0002737,성악과,성악과(학부/서울),2016/1 ~ 2018/2,2016,2,2018,2,12,3,1,outputs/pdfs_full/성악과__VOC4056__예술가곡실습4.pdf,ok
VOC4057,오페라워크샵4,H0002737,성악과,성악과(학부/서울),2016/1 ~ 2018/2,2016,2,2018,2,11,3,1,outputs/pdfs_full/성악과__VOC4057__오페라워크샵4.pdf,ok
VOC4058,성악마스터클래스1,H0002737,성악과,성악과(학부/서울),2019/1 ~ 2022/2,2019,1,2019,1,4,1,1,outputs/pdfs_full/성악과__VOC4058__성악마스터클래스1.pdf,ok
VOC4059,딕션7,H0002737,성악과,성악과(학부/서울),2019/1 ~ 2030/2,2022,1,2026,1,26,5,1,outputs/pdfs_full/성악과__VOC4059__딕션7.pdf,ok
VOC4060,가곡과앙상블3,H0002737,성악과,성악과(학부/서울),2019/1 ~ 2022/2,2019,1,2022,1,20,4,1,outputs/pdfs_full/성악과__VOC4060__가곡과앙상블3.pdf,ok
VOC4061,무대예술5,H0002737,성악과,성악과(학부/서울),2019/1 ~ 2030/2,2022,1,2026,1,23,5,1,outputs/pdfs_full/성악과__VOC4061__무대예술5.pdf,ok
VOC4062,성악마스터클래스2,H0002737,성악과,성악과(학부/서울),2019/1 ~ 2022/2,,,,,0,0,1,outputs/pdfs_full/성악과__VOC4062__성악마스터클래스2.pdf,not_found
VOC4063,딕션8,H0002737,성악과,성악과(학부/서울),2019/1 ~ 2030/2,2022,2,2025,2,16,4,1,outputs/pdfs_full/성악과__VOC4063__딕션8.pdf,ok
VOC4064,가곡과앙상블4,H0002737,성악과,성악과(학부/서울),2019/1 ~ 2022/2,2019,2,2022,2,16,4,1,outputs/pdfs_full/성악과__VOC4064__가곡과앙상블4.pdf,ok
VOC4065,무대예술6,H0002737,성악과,성악과(학부/서울),2019/1 ~ 2030/2,2022,2,2025,2,14,4,1,outputs/pdfs_full/성악과__VOC4065__무대예술6.pdf,ok
VOC4066,예술가곡1,H0002737,성악과,성악과(학부/서울),2023/1 ~ 2030/2,2023,1,2026,1,17,4,1,outputs/pdfs_full/성악과__VOC4066__예술가곡1.pdf,ok
VOC4067,예술가곡2,H0002737,성악과,성악과(학부/서울),2023/1 ~ 2030/2,2023,2,2025,2,9,3,1,outputs/pdfs_full/성악과__VOC4067__예술가곡2.pdf,ok
