course_no,course_name,completion_type_code,completion_type,first_year,first_term,latest_year,latest_term,section_count
ACC2056,회계학,727,전공기초(필수),2024,2,2026,2,3
ACC3001,원가회계,721,전공핵심,2024,1,2026,1,39
ACC3001,원가회계,722,전공심화,2025,1,2026,1,2
ACC3002,회계감사,722,전공심화,2024,1,2026,1,11
ACC3003,관리회계,722,전공심화,2024,2,2026,2,21
ACC4001,고급회계,722,전공심화,2024,2,2026,2,11
AIX0002,AI+X:인공지능,711,핵심교양,2024,1,2026,2,35
AIX0003,AI+X:딥러닝,711,핵심교양,2024,1,2026,2,30
AIX0004,AI+X:R-Py컴퓨팅,711,핵심교양,2024,1,2026,2,30
AIX0005,AI+X:머신러닝,711,핵심교양,2024,1,2026,2,30
AIX0006,AI와법,711,핵심교양,2024,2,2026,2,3
AIX0007,인공지능의철학,711,핵심교양,2024,1,2026,2,8
AIX0007,인공지능의철학,721,전공핵심,2025,2,2026,2,4
AIX0009,AI와암호화폐이야기,711,핵심교양,2024,1,2024,1,1
APA1001,기초디자인1,727,전공기초(필수),2024,1,2026,1,3
APA1011,기초회화,727,전공기초(필수),2024,1,2026,1,3
APA1012,미술교육학원론1,727,전공기초(필수),2024,2,2026,2,3
APA1015,드로잉,727,전공기초(필수),2024,2,2026,2,3
APA2021,가상공간연구,721,전공핵심,2024,2,2026,2,3
APA2030,문화예술콘텐츠,722,전공심화,2024,2,2026,2,3
APA2031,서양미술사2,721,전공핵심,2024,2,2026,2,3
APA2034,2D컴퓨터그래픽,727,전공기초(필수),2024,2,2026,2,3
APA2036,경험디자인,727,전공기초(필수),2025,1,2026,1,2
APA2054,데이터구조,727,전공기초(필수),2024,2,2026,1,3
APA2058,미술교육학원론2,727,전공기초(필수),2024,1,2026,1,3
APA2060,캡스톤디자인미술교육,722,전공심화,2024,1,2026,1,3
APA2090,글로벌디자인실습,721,전공핵심,2024,2,2026,2,2
APA2091,인터렉티브디자인,727,전공기초(필수),2024,1,2024,1,1
APA2092,전시디자인,721,전공핵심,2024,2,2026,2,2
APA3005,시각디자인1,727,전공기초(필수),2024,1,2026,1,3
APA3006,시각디자인2,721,전공핵심,2024,2,2026,2,3
APA3020,미술과교육론,721,전공핵심,2024,1,2026,1,3
APA3021,미술과교재연구,721,전공핵심,2024,2,2026,2,3
APA3038,3D컴퓨터그래픽,721,전공핵심,2024,1,2026,1,3
APA3039,동양미술사,722,전공심화,2024,1,2026,1,3
APA3063,캡스톤디자인뉴미디어,721,전공핵심,2024,1,2026,1,3
APA3064,미디어인터렉션디자인,722,전공심화,2024,1,2026,1,3
APA3065,디자인스튜디오,727,전공기초(필수),2024,2,2026,2,3
APA3114,소셜디자인,721,전공핵심,2024,2,2026,2,3
APA4010,기구학,722,전공심화,2024,2,2026,2,14
APA4011,실내디자인,722,전공심화,2024,1,2026,1,3
APA4023,포트폴리오작품제작,722,전공심화,2024,1,2026,1,3
APA4025,디자인포트폴리오실무,721,전공핵심,2024,2,2026,2,2
APA4028,미술과논리및논술,722,전공심화,2024,2,2026,2,3
APA4055,인공지능개론,722,전공심화,2024,1,2026,1,15
APA4057,도예실기,721,전공핵심,2024,2,2026,2,6
APA4090,3D시뮬레이션,722,전공심화,2025,1,2026,1,2
APA4091,캡스톤디자인산학협력,721,전공핵심,2024,1,2026,1,2
APA4108,사회문제해결을위한Hands-onExperienceDesign,722,전공심화,2024,2,2026,2,3
APA4110,미술과현장수업연구,722,전공심화,2024,2,2024,2,1
APS1002,대학수학,727,전공기초(필수),2024,1,2026,1,13
APS1003,논리적사고와말하기,111,교양필수,2024,1,2026,1,20
APS1004,학술기초영어회화,111,교양필수,2024,1,2026,1,35
APS1006,창조적사고와글쓰기,111,교양필수,2024,2,2026,2,20
APS1007,영어토론과발표,111,교양필수,2024,2,2026,2,35
APS1008,과학기술의철학적탐색,111,교양필수,2024,2,2026,2,20
APS1009,산업융합입문,727,전공기초(필수),2024,1,2026,1,7
APS1010,산업융합수학,727,전공기초(필수),2024,2,2026,2,15
APS2001,확률및통계1,727,전공기초(필수),2024,1,2026,1,9
APS2002,기술경영입문,721,전공핵심,2024,1,2026,1,3
APS2003,경제성공학론,727,전공기초(필수),2024,1,2026,1,3
APS2004,인간심리와경험,721,전공핵심,2024,1,2026,1,6
APS2005,확률및통계2,721,전공핵심,2024,2,2026,2,5
APS2007,정보시각화,721,전공핵심,2024,2,2025,2,3
APS2008,경제학개론,721,전공핵심,2024,2,2026,2,3
APS2010,사회기술시스템,721,전공핵심,2024,2,2026,2,6
APS2011,마케팅원리,721,전공핵심,2025,2,2026,2,3
APS3001,수리최적화,721,전공핵심,2024,1,2026,1,4
APS3002,생산운영관리론,721,전공핵심,2024,1,2026,1,5
APS3003,디자인혁신경영,721,전공핵심,2024,1,2025,1,2
APS3003,디자인혁신경영,722,전공심화,2024,1,2025,1,2
APS3005,기술혁신전략,721,전공핵심,2024,2,2026,2,5
APS3005,기술혁신전략,722,전공심화,2024,2,2024,2,1
APS3007,시계열및인공지능예측,722,전공심화,2024,2,2026,2,5
APS3009,인간중심디자인,722,전공심화,2024,2,2024,2,1
APS3011,회계학원론,721,전공핵심,2024,1,2026,1,3
APS3013,서비스경영,722,전공심화,2024,2,2026,2,5
APS3014,프로세스매니지먼트,721,전공핵심,2024,1,2026,1,3
APS3015,품질경영,721,전공핵심,2024,1,2024,1,1
APS3016,전략경영,721,전공핵심,2024,1,2026,1,3
APS3017,e-비즈니스,722,전공심화,2024,2,2025,2,2
APS3019,하이테크마케팅,721,전공핵심,2024,1,2026,1,3
APS3020,사이버물리시스템(캡스톤디자인),722,전공심화,2024,1,2026,1,3
APS3021,기술사업화,722,전공심화,2024,2,2026,1,4
APS3022,지속가능경영시스템,722,전공심화,2024,2,2026,2,3
APS3023,기술금융,722,전공심화,2026,2,2026,2,1
APS4002,공급망관리,722,전공심화,2024,2,2026,2,3
APS4006,경영공학창의설계,722,전공심화,2024,1,2026,1,6
APS4008,프로젝트관리론,721,전공핵심,2024,1,2025,1,2
APS4012,경영공학종합설계,722,전공심화,2024,2,2026,2,6
APS4016,사회혁신의이해,721,전공핵심,2024,1,2026,1,3
APS4019,글로벌혁신시스템,722,전공심화,2024,2,2026,2,6
APS4020,지식재산경영,722,전공심화,2024,1,2026,1,5
APS4021,산업문제해결컨설팅,722,전공심화,2024,2,2026,2,6
APS4022,비즈니스모델디자인,722,전공심화,2024,1,2026,1,6
ARD2001,주거론,722,전공심화,2024,1,2026,1,3
ARD2052,건축환경공학,721,전공핵심,2024,1,2026,2,6
ARD3005,서양건축사,721,전공핵심,2024,2,2026,2,3
ARD3063,건축계획,727,전공기초(필수),2024,1,2026,1,3
ARD4005,한국건축사,721,전공핵심,2024,1,2026,1,3
ARD4012,건축기획,721,전공핵심,2024,1,2026,1,3
ARE1056,기초표현,727,전공기초(필수),2024,1,2025,1,5
ARE1057,스마트건축의이해,722,전공심화,2024,2,2026,2,3
ARE1058,건축의이해,727,전공기초(필수),2024,1,2026,1,3
ARE2007,건축설비개론,721,전공핵심,2024,1,2026,1,3
ARE2007,건축설비개론,722,전공심화,2024,2,2026,2,3
ARE2021,공학역학,721,전공핵심,2024,1,2026,1,3
ARE2022,건물유체및열역학,721,전공핵심,2024,2,2026,2,3
ARE2070,컴퓨터활용디자인기본,727,전공기초(필수),2024,2,2026,2,12
ARE2078,건축과컴퓨터,727,전공기초(필수),2024,2,2026,2,5
ARE3005,건축재료,722,전공심화,2024,1,2026,1,3
ARE3008,건축구조역학1,721,전공핵심,2024,1,2026,1,3
ARE3009,건축구조역학2,722,전공심화,2024,2,2026,2,3
ARE3069,글로벌건설경영,722,전공심화,2024,2,2026,2,3
ARE3080,건축융합설계1,721,전공핵심,2024,1,2025,1,8
ARE3081,건축융합설계2,721,전공핵심,2024,2,2025,2,8
ARE3082,컴퓨터활용건축설계특론,727,전공기초(필수),2024,1,2026,1,6
ARE3083,건축구조역학,721,전공핵심,2024,2,2026,2,3
ARE3084,근대건축의역사와이론,721,전공핵심,2024,2,2026,2,3
ARE3085,건축재료및활용,721,전공핵심,2024,1,2026,1,3
ARE3086,스마트건축생산,722,전공심화,2024,2,2026,2,3
ARE3087,건축과도시설계,721,전공핵심,2024,2,2026,2,3
ARE3088,건축융합설계,721,전공핵심,2026,2,2026,2,4
ARE3096,건축통합시스템,721,전공핵심,2025,2,2026,2,2
ARE3097,건축법과실무,721,전공핵심,2025,2,2026,2,2
ARE4002,구조해석,722,전공심화,2024,1,2026,1,3
ARE4014,건축구조계획,721,전공핵심,2024,2,2024,2,1
ARE4014,건축구조계획,722,전공심화,2024,2,2026,2,3
ARE4022,건축음향,722,전공심화,2024,2,2026,2,3
ARE4026,환경과생태건축,721,전공핵심,2024,1,2026,1,3
ARE4026,환경과생태건축,722,전공심화,2025,2,2026,2,2
ARE4027,건축상세미학,722,전공심화,2024,2,2026,2,3
ARE4030,전기회로및조명시스템,722,전공심화,2024,2,2026,2,3
ARE4031,건물에너지,722,전공심화,2024,1,2026,1,3
ARE4078,건축실무,721,전공핵심,2024,2,2024,2,1
ARE4086,기본설계1,727,전공기초(필수),2024,1,2026,1,27
ARE4087,기본설계2,727,전공기초(필수),2024,2,2026,2,27
ARE4088,건축설계스튜디오1,721,전공핵심,2024,1,2026,1,15
ARE4089,건축설계스튜디오2,721,전공핵심,2024,2,2026,2,15
ARE4092,건축설계스튜디오3,721,전공핵심,2024,1,2026,1,15
ARE4093,건축설계스튜디오4,721,전공핵심,2024,2,2026,2,15
ARE4095,건축설계스튜디오5,721,전공핵심,2024,1,2026,1,15
ARE4096,건축설계스튜디오6,721,전공핵심,2024,2,2026,2,15
ARE4097,건축설계스튜디오7,722,전공심화,2024,1,2026,1,13
ARE4098,건축설계스튜디오8,722,전공심화,2024,2,2026,2,12
ARE4101,예술과기술,722,전공심화,2024,1,2026,1,3
ARE4106,현대건축의역사와이론,721,전공핵심,2024,1,2026,1,3
ARE4109,건축과인터랙션,722,전공심화,2024,2,2026,2,3
ARE4110,동아시아건축과문화,722,전공심화,2024,2,2025,2,2
ARE5000,건축공간행태론,722,전공심화,2024,1,2026,1,3
ARE5001,디지털디자인스튜디오,722,전공심화,2025,1,2026,1,2
ARE5003,건축연구,722,전공심화,2024,1,2026,1,3
ARE5005,글로벌프로젝트기획및개발,722,전공심화,2024,2,2026,2,3
ARE5008,Adventure_Design(건축융합1),722,전공심화,2024,1,2026,1,12
ARE5009,Adventure_Design(건축융합2),722,전공심화,2024,2,2026,2,12
ARE5011,건축시공계획,721,전공핵심,2024,1,2026,2,6
ARE5016,건설경영,721,전공핵심,2024,1,2026,1,3
ARE5027,HVAC 시스템디자인,721,전공핵심,2024,1,2026,1,3
ARE5028,건축구조시스템,721,전공핵심,2024,1,2026,1,3
ARE5028,건축구조시스템,722,전공심화,2024,1,2026,1,3
ARE5029,한국근현대건축의이해,722,전공심화,2024,2,2026,2,2
ARE5041,보존과활용,722,전공심화,2024,1,2026,1,2
ARE5043,건축형태이론,722,전공심화,2025,2,2026,2,2
ARE5045,UX기반공간연구,722,전공심화,2024,2,2026,2,3
ARE6041,강구조,722,전공심화,2024,1,2026,1,3
AUE1002,미래자동차공학개론,722,전공심화,2025,2,2026,2,2
AUE3028,CAE,722,전공심화,2024,2,2026,2,3
AUE3030,자동차공학실험,722,전공심화,2024,2,2026,2,9
AUE3031,설계공학,722,전공심화,2024,2,2026,2,3
AUE3032,미래자동차공학연구실현장실습1,722,전공심화,2024,1,2025,1,7
AUE3033,미래자동차공학연구실현장실습2,722,전공심화,2024,2,2025,2,6
AUE3034,마이크로프로세서응용시스템,721,전공핵심,2024,1,2026,1,5
AUE3035,자동차커넥티비티,721,전공핵심,2025,2,2026,2,3
AUE4021,NVH,722,전공심화,2024,2,2024,2,1
AUE4023,차량센서,722,전공심화,2024,1,2026,1,6
AUE4024,미래자동차공학종합설계1,722,전공심화,2024,1,2026,1,9
AUE4025,미래자동차공학종합설계2,722,전공심화,2024,2,2026,2,9
AUE4029,미래자동차공학연구실현장실습3,722,전공심화,2024,1,2026,1,20
AUE4030,미래자동차공학연구실현장실습4,722,전공심화,2024,2,2026,2,17
AUE4031,e-파워트레인,722,전공심화,2024,1,2026,1,3
AUE4032,AI로봇공학,722,전공심화,2024,1,2024,1,1
AUE4033,차량최적설계,722,전공심화,2024,2,2025,2,2
AUE4035,AI차량융합기술,722,전공심화,2024,2,2024,2,1
AUE4036,xEV에너지시스템,722,전공심화,2025,2,2025,2,1
AUE4038,xEV모터구동시스템,722,전공심화,2024,1,2026,1,3
AUE4039,자동차소프트웨어,721,전공핵심,2024,2,2026,2,6
AUE4040,자동차임베디드AI,722,전공심화,2026,1,2026,1,1
AUE4041,xEV전력변환,722,전공심화,2026,2,2026,2,1
BIG2001,기초미적분학,721,전공핵심,2024,1,2026,1,3
BIG2002,기초확률및통계,721,전공핵심,2025,1,2026,1,2
BIG2003,자료구조와알고리즘,721,전공핵심,2024,1,2026,1,3
BIG2004,자료분석방법론,721,전공핵심,2024,2,2026,2,2
BIG2006,R과자료시각화,721,전공핵심,2024,2,2026,2,3
BIG2007,사회데이터조사방법론,721,전공핵심,2024,1,2026,1,3
BIG3001,통계적모델링,721,전공핵심,2025,1,2026,1,2
BIG3002,빅데이터마이닝,721,전공핵심,2024,1,2026,1,3
BIG3003,인공지능과머신러닝,722,전공심화,2024,1,2025,1,2
BIG3005,사회연결망분석과텍스트마이닝,722,전공심화,2024,2,2025,2,2
BIG3006,바이오데이터분석,722,전공심화,2024,2,2026,2,2
BIG4001,응용회귀분석,722,전공심화,2024,2,2026,2,3
BIG4002,사회연결망분석방법론,722,전공심화,2026,2,2026,2,1
BIO1001,일반화학기초,727,전공기초(필수),2024,1,2025,1,2
BIO2016,세포생물학1,727,전공기초(필수),2024,1,2026,1,3
BIO2017,세포생물학2,721,전공핵심,2024,2,2026,2,3
BIO2022,세포생물학,721,전공핵심,2024,2,2026,2,3
BIO2022,세포생물학,722,전공심화,2024,2,2026,2,3
BIO2030,미생물학1,721,전공핵심,2024,1,2026,1,3
BIO2031,미생물학2,721,전공핵심,2024,2,2026,2,3
BIO2040,동물의다양성,721,전공핵심,2026,1,2026,1,1
BIO2043,신경생물학,721,전공핵심,2024,2,2025,2,2
BIO2062,생태학1,727,전공기초(필수),2024,2,2026,2,6
BIO2068,생물유기화학,721,전공핵심,2024,1,2026,1,2
BIO2079,바이오분자공학,721,전공핵심,2024,1,2026,1,3
BIO3022,유전학1,727,전공기초(필수),2024,2,2026,1,4
BIO3023,유전학2,721,전공핵심,2025,2,2026,2,2
BIO3023,유전학2,722,전공심화,2024,1,2024,1,1
BIO3039,분자생물학1,727,전공기초(필수),2024,1,2026,1,4
BIO3040,분자생물학2,721,전공핵심,2024,2,2026,2,4
BIO3042,동물생리학1,721,전공핵심,2024,2,2026,2,3
BIO3044,동물생리학2,721,전공핵심,2026,1,2026,1,1
BIO3044,동물생리학2,722,전공심화,2024,1,2025,1,2
BIO3074,발생학1,721,전공핵심,2024,1,2026,1,3
BIO3077,생태학2,721,전공핵심,2026,1,2026,1,1
BIO3077,생태학2,722,전공심화,2024,1,2025,1,2
BIO3081,생체소재공학,721,전공핵심,2024,2,2026,2,3
BIO3084,생체모방공학,722,전공심화,2024,1,2026,1,4
BIO3093,발생학2,722,전공심화,2024,2,2026,2,3
BIO4001,분자생물학,721,전공핵심,2024,1,2026,1,6
BIO4004,진화생물학,722,전공심화,2024,2,2026,2,3
BIO4005,해양생물학,722,전공심화,2024,2,2026,2,3
BIO4009,식물생리학,721,전공핵심,2024,2,2026,2,3
BIO4021,발생유전학,722,전공심화,2024,1,2026,1,3
BIO4034,신경생물학1,722,전공심화,2026,2,2026,2,1
BIO4063,바이오센서,722,전공심화,2025,1,2025,1,2
BIO4065,바이오메디컬공학특강1,722,전공심화,2024,1,2026,1,4
BIO4066,나노바이오공학,722,전공심화,2024,1,2026,1,4
BIO4067,바이오메디컬공학특강2,722,전공심화,2024,2,2026,2,3
BIO4102,후성유전학,722,전공심화,2024,2,2026,2,2
BIO4113,분자생화학PBL,722,전공심화,2024,1,2026,1,3
BNG1001,바이오메디컬공학개론,721,전공핵심,2024,1,2026,1,3
BNG2001,생체신호및시스템,721,전공핵심,2024,1,2026,1,3
BNG2002,생체신호처리,721,전공핵심,2024,2,2026,2,3
BNG2004,생체구조및기능1,721,전공핵심,2024,2,2026,2,3
BNG2005,생체구조및기능2,721,전공핵심,2024,1,2026,1,4
BNG2007,바이오메디컬프로그래밍,721,전공핵심,2024,1,2026,1,4
BNG2008,바이오메디컬회로이론,721,전공핵심,2024,1,2026,1,5
BNG2009,생체전자및실습,721,전공핵심,2024,2,2026,2,5
BNG3001,생명공학실험1(URIP),722,전공심화,2024,1,2026,1,3
BNG3002,기초면역학,721,전공핵심,2026,2,2026,2,1
BNG3002,기초면역학,722,전공심화,2024,1,2026,1,3
BNG3003,세포및조직공학,721,전공핵심,2024,2,2026,2,3
BNG3004,생명공학실험2(URIP),722,전공심화,2024,2,2026,2,3
BNG3005,기초신경과학,721,전공핵심,2024,2,2026,2,4
BNG3005,기초신경과학,722,전공심화,2024,2,2026,2,3
BNG3009,생체영상처리,722,전공심화,2024,2,2026,2,3
BNG3011,디지털헬스케어,722,전공심화,2024,2,2026,2,3
BNG3013,생체시스템모델링,722,전공심화,2024,2,2024,2,1
BNG3014,생체신호계측및실습,721,전공핵심,2024,1,2026,1,6
BNG3018,생체디지털공학,721,전공핵심,2024,1,2026,1,5
BNG3020,생체공학연구실현장실습1,722,전공심화,2024,1,2025,1,9
BNG3021,생체공학연구실현장실습2,722,전공심화,2024,2,2025,2,5
BNG3022,생체공학연구실현장실습3,722,전공심화,2024,1,2026,1,26
BNG3023,생체공학연구실현장실습4,722,전공심화,2024,2,2026,2,26
BNG3025,바이오포토닉스,722,전공심화,2024,2,2026,2,3
BNG3026,생체의역학및전자기적이해,722,전공심화,2025,1,2025,1,1
BNG4004,생체시스템설계프로젝트,721,전공핵심,2024,2,2026,2,3
BNG4012,생체전자기학,722,전공심화,2024,1,2024,1,1
BNG4013,의학영상기기,722,전공심화,2024,1,2026,1,4
BNG4019,바이오메디컬종합설계1,721,전공핵심,2024,1,2026,1,4
BNG4020,바이오메디컬종합설계2,721,전공핵심,2024,2,2026,2,3
BNG4021,AI생체정보패턴인식,722,전공심화,2024,1,2025,1,3
BNG4022,의료기기,722,전공심화,2025,2,2026,2,2
BNG4023,생체아날로그회로,722,전공심화,2024,1,2025,1,3
BTN2002,생명공학입문,721,전공핵심,2024,1,2025,1,2
BTN3003,나노바이러스공학,722,전공심화,2024,2,2026,2,3
BTN3004,생체분자공학,722,전공심화,2024,1,2026,1,3
BTN3005,생물공정,722,전공심화,2024,2,2026,2,3
BTN4003,생명의약전달시스템,722,전공심화,2024,1,2026,1,3
BTN4005,생물나노소재,722,전공심화,2024,2,2025,2,2
BTN4008,단백질효소공학,722,전공심화,2024,1,2026,1,3
BTN4009,응용유전학,721,전공핵심,2025,2,2026,2,2
BTN4009,응용유전학,722,전공심화,2025,2,2026,2,2
BTN4010,생명공학분석,722,전공심화,2024,2,2024,2,1
BTN4014,생명공학종합설계1,722,전공심화,2024,1,2026,1,6
BTN4015,생명공학종합설계2,722,전공심화,2024,2,2026,2,6
BTN4016,항암유전자치료제의정제/생산및분석실습,722,전공심화,2024,1,2026,1,3
BUS1003,재무회계1,727,전공기초(필수),2024,1,2026,2,80
BUS1004,재무회계2,721,전공핵심,2024,2,2026,2,24
BUS1004,재무회계2,722,전공심화,2024,2,2026,2,3
BUS1013,금융시장의이해,721,전공핵심,2024,2,2026,2,3
BUS1057,커리어디자인1,111,교양필수,2024,2,2026,2,58
BUS1059,경영의이해,111,교양필수,2024,1,2026,1,85
BUS1060,경제의이해,721,전공핵심,2024,1,2026,1,38
BUS1060,경제의이해,727,전공기초(필수),2024,1,2026,1,3
BUS1061,회계의이해,111,교양필수,2024,2,2026,2,91
BUS1061,회계의이해,721,전공핵심,2025,1,2025,1,1
BUS1062,경영통계응용,111,교양필수,2024,2,2026,2,88
BUS1063,금융수리통계,727,전공기초(필수),2024,2,2026,2,3
BUS2002,계량경영,721,전공핵심,2024,2,2026,2,33
BUS2003,마케팅관리,721,전공핵심,2024,1,2026,1,3
BUS2003,마케팅관리,727,전공기초(필수),2024,1,2026,2,95
BUS2022,재무제표분석,722,전공심화,2024,1,2026,1,16
BUS2034,오퍼레이션관리,727,전공기초(필수),2024,1,2026,1,88
BUS2035,글로벌기업관리론,721,전공핵심,2024,1,2026,1,58
BUS2062,인적자원및조직개발론,722,전공심화,2024,2,2026,2,22
BUS2063,세법개론,721,전공핵심,2024,1,2026,1,22
BUS2064,비즈니스데이터개론,721,전공핵심,2024,1,2026,1,11
BUS2071,인터넷과e-비즈니스,721,전공핵심,2024,2,2026,2,11
BUS2072,미시경제이론,721,전공핵심,2024,1,2026,1,3
BUS2073,거시경제이론,721,전공핵심,2024,2,2026,2,3
BUS2076,기업법개론,721,전공핵심,2024,2,2026,2,11
BUS3002,재무관리,721,전공핵심,2024,2,2026,2,3
BUS3002,재무관리,727,전공기초(필수),2024,1,2026,2,83
BUS3003,조직행동,727,전공기초(필수),2024,1,2026,2,73
BUS3004,인사관리,721,전공핵심,2024,2,2026,2,27
BUS3007,마케팅조사,721,전공핵심,2024,1,2026,1,48
BUS3009,국제경영,727,전공기초(필수),2024,2,2026,2,72
BUS3014,소비자행동,721,전공핵심,2024,1,2026,1,38
BUS3021,품질경영,721,전공핵심,2024,1,2026,1,3
BUS3021,품질경영,722,전공심화,2024,2,2026,2,53
BUS3022,국제재무론,722,전공심화,2024,1,2026,1,27
BUS3023,파생증권론,721,전공핵심,2024,2,2026,2,14
BUS3026,마케팅전략론,722,전공심화,2024,1,2026,1,17
BUS3039,벤처창업론,721,전공핵심,2024,1,2026,1,37
BUS3049,전략적마케팅커뮤니케이션,722,전공심화,2024,2,2026,2,44
BUS3068,혁신전략론,721,전공핵심,2024,2,2026,2,39
BUS3071,글로벌브랜드관리론,722,전공심화,2024,1,2026,1,12
BUS3080,서비스마케팅,722,전공심화,2024,1,2026,1,43
BUS3082,기초금융데이터분석,721,전공핵심,2024,1,2026,1,4
BUS3083,대체투자론,722,전공심화,2024,1,2026,1,3
BUS3084,채권금융론,721,전공핵심,2024,2,2026,2,3
BUS3084,채권금융론,722,전공심화,2024,2,2026,2,11
BUS3089,비즈니스데이터분석,721,전공핵심,2024,1,2025,1,2
BUS3095,재무사례연구,722,전공심화,2024,2,2026,2,3
BUS3099,경영데이터마이닝,722,전공심화,2024,2,2026,2,11
BUS3101,재무금융시계열분석,721,전공핵심,2024,2,2026,2,3
BUS3102,조직관리,721,전공핵심,2024,1,2026,1,43
BUS3103,공급사슬경영과스마트로지스틱스,722,전공심화,2024,1,2026,1,54
BUS3104,기업가치평가,722,전공심화,2024,1,2026,1,3
BUS3105,시장미시구조,722,전공심화,2025,2,2025,2,1
BUS3107,인공지능과비즈니스,722,전공심화,2024,1,2026,1,18
BUS3114,협상과전략적커뮤니케이션,722,전공심화,2024,1,2025,1,10
BUS3115,비즈니스분석프로그래밍,721,전공핵심,2024,2,2026,2,11
BUS3116,고급금융데이터분석,722,전공심화,2024,1,2026,1,3
BUS3118,응용통계와데이터애널리틱스,721,전공핵심,2024,1,2026,1,28
BUS3119,디지털마케팅전략,722,전공심화,2024,2,2026,2,11
BUS3120,글로벌환경과호스피탈리티마케팅,722,전공심화,2025,1,2025,1,5
BUS4003,투자론,721,전공핵심,2024,1,2026,1,43
BUS4003,투자론,727,전공기초(필수),2024,2,2026,2,3
BUS4005,경영정보시스템,722,전공심화,2024,2,2026,2,5
BUS4005,경영정보시스템,727,전공기초(필수),2024,1,2026,1,87
BUS4006,노사관계,722,전공심화,2024,1,2026,1,28
BUS4007,경영학특강,722,전공심화,2024,2,2026,2,14
BUS4009,금융기관론,721,전공핵심,2024,1,2026,1,3
BUS4009,금융기관론,722,전공심화,2024,1,2025,1,10
BUS4012,기업재무론,721,전공핵심,2024,1,2026,1,3
BUS4012,기업재무론,722,전공심화,2024,1,2025,1,10
BUS4017,서비스운영관리,721,전공핵심,2024,2,2026,2,49
BUS4019,전략경영론,722,전공심화,2024,2,2025,2,4
BUS4019,전략경영론,727,전공기초(필수),2024,1,2026,1,102
BUS4026,국제경영전략,722,전공심화,2024,1,2026,1,16
BUS4041,창업론,722,전공심화,2024,1,2025,1,2
BUS4070,유통관리,722,전공심화,2024,1,2025,1,10
BUS4078,프로젝트경영,722,전공심화,2024,1,2025,1,45
BUS4081,금융윤리,722,전공심화,2024,1,2026,1,3
BUS4082,디지털비즈니스모델과전략,722,전공심화,2024,1,2026,1,16
BUS4083,정보기술과데이터전략,722,전공심화,2024,2,2025,2,10
BUS4084,중국비즈니스전략,722,전공심화,2024,2,2026,2,11
BUS4085,경쟁전략론,722,전공심화,2024,2,2025,2,10
BUS4100,학부연구학점,722,전공심화,2024,1,2026,1,13
BUS4105,기업윤리와지속가능경영,722,전공심화,2024,2,2026,2,11
BUS4111,보험과위험관리,722,전공심화,2024,1,2026,1,3
BUS4113,비즈니스프로젝트학기,722,전공심화,2024,1,2026,2,14
BUS4114,보상관리론,722,전공심화,2024,1,2026,1,16
BUS4116,회계데이터애널리틱스,722,전공심화,2024,1,2025,1,10
BUS5005,행동재무론,722,전공심화,2024,2,2026,2,3
BUS5007,고급투자론,721,전공핵심,2024,1,2026,1,3
BUS5007,고급투자론,722,전공심화,2024,1,2026,1,11
BUS5009,지식경영과의사결정,722,전공심화,2024,2,2026,2,6
BUS5011,ESG경영전략,722,전공심화,2024,2,2026,2,11
BUS5017,경영종합연구(캡스톤디자인),722,전공심화,2024,1,2026,1,11
C-T1005,패션과색채,721,전공핵심,2024,1,2025,1,5
C-T2013,패션디자인드로잉,721,전공핵심,2024,2,2026,1,7
C-T2020,패턴메이킹,727,전공기초(필수),2024,2,2026,2,6
C-T2021,의복재료,727,전공기초(필수),2024,1,2026,1,3
C-T2022,염색가공과신소재,721,전공핵심,2024,2,2026,2,3
C-T2023,디자인문화와패션,727,전공기초(필수),2024,1,2026,2,3
C-T2025,기초의복구성,727,전공기초(필수),2024,2,2026,1,7
C-T3001,서양복식사,727,전공기초(필수),2024,1,2026,1,3
C-T3027,의복구성,721,전공핵심,2024,1,2025,1,4
C-T3029,드레이핑,721,전공핵심,2024,1,2026,1,8
C-T3033,한국전통복식,721,전공핵심,2024,1,2026,1,3
C-T3034,패션디자인스튜디오,721,전공핵심,2024,2,2026,1,5
C-T3035,의류소재기획,721,전공핵심,2024,1,2026,1,3
C-T3036,패션디자인스튜디오2,722,전공심화,2024,1,2025,1,2
C-T3037,패션사회심리,721,전공핵심,2024,1,2026,1,3
C-T3044,테크니컬디자인,722,전공심화,2024,2,2025,2,2
C-T3045,디지털패션콘텐츠개발,722,전공심화,2024,2,2026,2,6
C-T3046,버츄얼패션콘텐츠개발,722,전공심화,2024,1,2026,1,3
C-T3048,지능형텍스타일소재,722,전공심화,2025,2,2026,2,2
C-T3049,스마트휴먼테크의류,721,전공핵심,2024,1,2025,1,2
C-T3050,패션리테일어낼리틱스,722,전공심화,2024,2,2026,2,3
C-T3051,비주얼커뮤니케이션&머천다이징,722,전공심화,2024,1,2026,1,3
C-T4024,패션마케팅과브랜딩,721,전공핵심,2024,2,2026,2,6
C-T4025,의복과환경,722,전공심화,2024,2,2026,2,3
C-T4031,패션문화데이터마이닝연구(종합설계),722,전공심화,2024,1,2026,1,3
C-T4032,캡스톤디자인스튜디오,722,전공심화,2024,1,2026,1,6
C-T4033,패션유통론,722,전공심화,2024,1,2026,1,3
C-T4034,의류제품분석및평가,722,전공심화,2024,2,2026,2,3
C-T4036,글로벌패션산업,722,전공심화,2024,2,2026,2,3
C-T4037,패션과미디어,722,전공심화,2024,1,2025,1,2
C-T4042,의류학과연구실현장실습4,722,전공심화,2024,2,2026,2,4
C-T4043,패션미디어와스토리텔링,722,전공심화,2026,1,2026,1,1
CEC0001,중국경제론,722,전공심화,2024,2,2026,2,2
CEC0002,현대중국사회의이해,722,전공심화,2024,2,2026,2,3
CEC0008,중국의권력구조와정부조직,722,전공심화,2024,1,2025,1,2
CEC0012,중국통상실무,721,전공핵심,2024,1,2026,1,3
CEC0013,무역중국어,722,전공심화,2024,2,2026,2,3
CEC0014,중국지역경제의이해,721,전공핵심,2026,2,2026,2,1
CEC0016,중국문화콘텐츠의이해,721,전공핵심,2024,2,2026,2,3
CEC0017,중국전통인재론과리더십,722,전공심화,2024,2,2026,2,3
CEC0018,중국외교정책론,721,전공핵심,2024,2,2026,2,3
CEC0019,영상으로이해하는중국사회문화,722,전공심화,2024,1,2026,1,3
CEC0020,중국기업의이해,722,전공심화,2024,2,2026,2,3
CEC2001,거시경제학입문,721,전공핵심,2024,2,2026,2,3
CEC2002,미시경제학입문,721,전공핵심,2024,1,2026,1,3
CEC3000,중국기업의이해2,722,전공심화,2024,1,2026,1,3
CEC3001,중국사회현안세미나,721,전공핵심,2024,2,2025,2,2
CEC4001,중국산업론,722,전공심화,2024,2,2025,2,2
CEC4002,AI시대중국의경제정책,722,전공심화,2026,2,2026,2,1
CED1004,세계시민교육론,111,교양필수,2024,2,2024,2,6
CED2012,교육학교과교육론,721,전공핵심,2024,2,2026,2,3
CHE1001,화학공학개론,727,전공기초(필수),2024,2,2026,2,3
CHE2001,공업물리화학1,721,전공핵심,2024,1,2026,1,12
CHE2002,공업물리화학2,721,전공핵심,2024,2,2026,2,12
CHE2003,화공양론,721,전공핵심,2024,1,2026,1,5
CHE2011,공업물리화학,721,전공핵심,2024,1,2026,1,13
CHE2013,생명과학과공학,721,전공핵심,2024,2,2026,2,3
CHE3005,화공열역학1,721,전공핵심,2024,1,2026,1,6
CHE3006,화공열역학2,721,전공핵심,2024,2,2026,2,6
CHE3007,환경화학,722,전공심화,2024,2,2025,2,2
CHE3009,반응공학,721,전공핵심,2024,1,2026,2,8
CHE3014,응용열역학,721,전공핵심,2024,1,2026,1,3
CHE3019,공업유기화학실험,722,전공심화,2024,2,2026,2,3
CHE4010,분리공정,722,전공심화,2024,1,2026,1,2
CHE4035,화공바이오소재,722,전공심화,2025,2,2025,2,1
CHE4054,화학공학종합설계2(URIP),722,전공심화,2024,2,2025,2,2
CHI1035,중국어입문2,721,전공핵심,2024,2,2026,2,6
CHI1037,중국어입문1,721,전공핵심,2024,1,2026,1,9
CHI1046,한자한문의이해,727,전공기초(필수),2024,1,2025,1,3
CHI1052,중국의역사와사상,727,전공기초(필수),2024,1,2026,2,3
CHI2046,중국고대문학의이해,727,전공기초(필수),2024,2,2026,1,5
CHI2048,사마천의사기와현대사회,721,전공핵심,2025,1,2026,2,2
CHI2049,중국근대문학의이해,727,전공기초(필수),2024,1,2026,2,5
CHI2053,중국문화입문,727,전공기초(필수),2024,1,2026,1,5
CHI2054,중급중국어1,722,전공심화,2024,1,2026,1,3
CHI2055,실용중국어회화1,722,전공심화,2024,1,2026,1,3
CHI2056,중국어작문2,722,전공심화,2025,2,2025,2,1
CHI2057,중급중국어2,722,전공심화,2024,2,2026,2,3
CHI2058,실용중국어회화2,722,전공심화,2024,2,2026,2,3
CHI2059,현대중국어독해,721,전공핵심,2024,2,2026,1,3
CHI2060,중국의언어와문화,721,전공핵심,2024,1,2026,1,3
CHI2060,중국의언어와문화,727,전공기초(필수),2024,1,2024,1,1
CHI2065,현대중국어문법,727,전공기초(필수),2024,1,2026,1,3
CHI2066,중국고전읽기,722,전공심화,2025,2,2026,1,2
CHI2073,중국어음성학,727,전공기초(필수),2024,2,2026,2,4
CHI3031,중국어학의이해,721,전공핵심,2024,1,2024,1,1
CHI3031,중국어학의이해,727,전공기초(필수),2025,1,2026,1,2
CHI3054,현대중국의문학과사회문화,721,전공핵심,2024,2,2026,2,3
CHI3058,중국소설의세계,722,전공심화,2024,1,2026,2,4
CHI3059,당송시가감상,721,전공핵심,2024,2,2026,1,3
CHI3061,고급중국어1,722,전공심화,2024,1,2026,1,3
CHI3063,고급중국어2,722,전공심화,2024,2,2026,2,3
CHI3064,중국음운의세계,721,전공핵심,2024,2,2025,2,2
CHI3071,중국어연극제작실습,722,전공심화,2024,1,2026,1,3
CHI3079,중국민간가요,721,전공핵심,2024,1,2025,1,2
CHI3081,한자의세계와한중한자어비교,721,전공핵심,2025,1,2026,1,2
CHI4041,중국현대문학감상,721,전공핵심,2024,1,2026,1,3
CHI4043,제자백가의이해,721,전공핵심,2024,2,2026,2,2
CHI4047,실무중국어,722,전공심화,2025,2,2025,2,1
CHI4050,중국공연예술과미디어문화,721,전공핵심,2024,2,2025,2,2
CHI4058,한중언어비교와브랜드네이밍,721,전공핵심,2024,2,2026,2,3
CHI4062,중국도시발전과지역문화의이해,722,전공심화,2024,2,2026,2,3
CHI4066,언어데이터의정량분석,721,전공핵심,2026,2,2026,2,1
CHI4069,중국미디어문화의이해,721,전공핵심,2026,2,2026,2,1
CHM1002,일반화학및실험2,727,전공기초(필수),2024,2,2026,2,36
CHM1003,일반화학,721,전공핵심,2024,1,2026,1,4
CHM1005,일반화학및실험1,727,전공기초(필수),2024,1,2026,2,61
CHM1055,일반화학및실험Ⅰ,727,전공기초(필수),2024,1,2026,1,6
CHM1056,일반화학및실험Ⅱ,727,전공기초(필수),2024,2,2026,2,5
CHM2001,물리화학1,727,전공기초(필수),2024,1,2026,1,3
CHM2002,물리화학2,721,전공핵심,2024,2,2026,2,3
CHM2003,유기화학1,727,전공기초(필수),2024,1,2026,1,6
CHM2004,유기화학2,721,전공핵심,2024,2,2026,2,6
CHM2005,물리화학실험1,721,전공핵심,2024,2,2026,2,3
CHM2011,분석화학,727,전공기초(필수),2024,1,2026,1,6
CHM2013,유기화학실험1,721,전공핵심,2024,1,2026,1,6
CHM2014,유기화학실험2,722,전공심화,2024,2,2026,2,3
CHM2023,분석화학실험,721,전공핵심,2024,1,2026,1,3
CHM2068,기초화학수학,727,전공기초(필수),2024,2,2026,2,4
CHM2069,화공설계입문(URIP),722,전공심화,2024,1,2026,1,8
CHM3001,무기화학1,721,전공핵심,2024,1,2026,1,3
CHM3002,무기화학2,721,전공핵심,2024,2,2026,2,3
CHM3003,물리화학3,721,전공핵심,2024,1,2026,1,3
CHM3005,물리화학실험2,722,전공심화,2024,1,2026,1,3
CHM3007,고분자화학,721,전공핵심,2024,1,2026,1,16
CHM3007,고분자화학,722,전공심화,2024,1,2026,1,6
CHM3015,유기구조론,722,전공심화,2024,1,2024,1,1
CHM3018,분석화학특강,722,전공심화,2024,2,2026,2,3
CHM3030,표면화학,722,전공심화,2024,1,2026,1,3
CHM3062,유기반응,722,전공심화,2024,1,2026,1,3
CHM3064,유기합성론,722,전공심화,2024,2,2026,2,3
CHM3066,화공기초실험,721,전공핵심,2024,2,2026,2,3
CHM3067,화공응용실험,722,전공심화,2024,1,2026,1,3
CHM3078,촉매반응공학,722,전공심화,2024,2,2026,2,3
CHM3081,화공소재분석,721,전공핵심,2024,2,2026,2,6
CHM4001,기기분석,721,전공핵심,2024,1,2026,2,9
CHM4001,기기분석,722,전공심화,2024,1,2026,2,4
CHM4003,무기화학실험,722,전공심화,2024,2,2026,2,3
CHM4006,생화학,721,전공핵심,2026,1,2026,1,1
CHM4007,양자화학,722,전공심화,2024,2,2026,2,3
CHM4010,화학열역학,722,전공심화,2025,1,2026,1,2
CHM4013,고분자물성,721,전공핵심,2024,1,2026,2,6
CHM4013,고분자물성,722,전공심화,2024,2,2026,2,4
CHM4020,유기화학특강,722,전공심화,2024,2,2026,2,3
CHM4021,무기화학특강,722,전공심화,2024,1,2026,1,3
CHM4023,물리화학특강1,722,전공심화,2024,1,2026,1,3
CHM4024,물리화학특강2,722,전공심화,2024,2,2025,2,2
CHM4035,재료화학,722,전공심화,2024,2,2026,2,3
CHM4037,의약화학,721,전공핵심,2024,1,2026,1,4
CHM4051,기기분석실험,722,전공심화,2024,2,2026,2,3
CHM4063,무기소재화학,722,전공심화,2024,1,2026,1,6
CHM4075,화학특수연구1,722,전공심화,2024,1,2026,1,3
CHM4076,화학특수연구2,722,전공심화,2024,2,2025,2,2
CHM4080,플랜트설계,722,전공심화,2024,1,2026,1,2
CHM4092,센서소재설계,722,전공심화,2024,1,2025,1,2
CHM4097,고분자재료화학특강,722,전공심화,2024,2,2026,2,3
CHM4102,화학공학종합설계(URIP),722,전공심화,2024,1,2026,2,25
CHM5005,화학과캡스톤디자인1,722,전공심화,2024,1,2026,1,6
CHM5006,화학과캡스톤디자인2,722,전공심화,2024,2,2026,2,3
CIE2014,건설CAD및전산응용,721,전공핵심,2024,2,2026,2,6
CIE2066,프리스트레스트콘크리트구조설계,722,전공심화,2024,2,2026,2,3
CIE2067,고체재료역학및실험,721,전공핵심,2024,2,2026,2,3
CIE2071,건설공간정보학및실습,721,전공핵심,2024,1,2026,1,4
CIE3007,수문학,721,전공핵심,2024,2,2026,2,3
CIE3008,토질역학및실험,721,전공핵심,2024,1,2026,1,3
CIE3011,콘크리트공학및실험,721,전공핵심,2024,1,2026,1,3
CIE3020,수환경공학,721,전공핵심,2024,1,2026,2,3
CIE3021,철근콘크리트공학,721,전공핵심,2024,1,2026,1,3
CIE3032,지반공학및실험,721,전공핵심,2024,2,2026,2,2
CIE3069,철근콘크리트구조1,722,전공심화,2024,1,2026,1,3
CIE3070,철근콘크리트구조2,722,전공심화,2024,2,2026,2,3
CIE3075,전산구조동역학,722,전공심화,2024,2,2026,2,3
CIE3076,환경공정,722,전공심화,2024,2,2026,2,3
CIE3078,대기공학,722,전공심화,2026,2,2026,2,1
CIE4009,기초공학,722,전공심화,2024,1,2026,1,3
CIE4011,수리학및실험,721,전공핵심,2024,1,2026,1,3
CIE4034,수자원및하천공학,722,전공심화,2025,1,2026,1,2
CIE4044,강구조설계,722,전공심화,2024,1,2026,1,3
CIE4045,디지털건설,722,전공심화,2024,1,2026,1,3
CIE4047,수공구조물설계,722,전공심화,2024,2,2024,2,1
CIE4062,환경정화공학,722,전공심화,2024,1,2026,1,2
CIE4067,건설환경공학종합설계1,722,전공심화,2024,1,2026,1,9
CIE4068,건설환경공학종합설계2,722,전공심화,2024,2,2026,2,6
CIE4081,건설정보모델링,722,전공심화,2024,2,2026,2,3
CIE4086,수처리시스템공학,722,전공심화,2024,2,2026,2,3
CIE4087,유한요소법의기초,722,전공심화,2025,2,2026,2,2
CIE4089,건설AI및로봇,722,전공심화,2025,2,2026,2,2
CLS1001,인문클래식:마음의이해,711,핵심교양,2024,1,2024,1,1
CLS1001,인문클래식:마음의이해,721,전공핵심,2024,1,2024,1,1
CLS1002,인문클래식:인간과가족,711,핵심교양,2024,1,2026,2,12
CLS1002,인문클래식:인간과가족,721,전공핵심,2024,1,2026,1,3
CLS1004,과학클래식:과학기술의문화사,711,핵심교양,2024,1,2026,2,6
CLS1004,과학클래식:과학기술의문화사,721,전공핵심,2024,1,2026,1,3
CLS1005,"예술클래식:일상과예술,그리고상상력",711,핵심교양,2024,1,2026,2,6
CLS1005,"예술클래식:일상과예술,그리고상상력",721,전공핵심,2024,1,2026,1,3
CLS1006,예술클래식:천재와광기,711,핵심교양,2024,1,2026,2,6
CLS1006,예술클래식:천재와광기,721,전공핵심,2024,1,2026,1,3
CLS1007,인문클래식BL:삼국지와인간,711,핵심교양,2024,1,2026,2,12
CLS1007,인문클래식BL:삼국지와인간,722,전공심화,2024,1,2026,1,3
CLS1008,인문클래식BL:언어의비밀,711,핵심교양,2024,1,2026,2,9
CLS1008,인문클래식BL:언어의비밀,722,전공심화,2024,1,2026,1,3
CLS1009,사회클래식BL:사랑의역사와문화정치학,711,핵심교양,2024,1,2026,2,9
CLS1009,사회클래식BL:사랑의역사와문화정치학,722,전공심화,2024,1,2026,1,3
CLS1010,사회클래식BL:성과인간의대화,711,핵심교양,2024,1,2026,2,11
CLS1010,사회클래식BL:성과인간의대화,722,전공심화,2024,1,2026,1,3
CLS1011,예술클래식BL:신화로읽는동화,711,핵심교양,2024,1,2026,2,9
CLS1011,예술클래식BL:신화로읽는동화,722,전공심화,2024,1,2026,1,3
CLS1013,인문클래식:독서의기술,711,핵심교양,2024,1,2026,2,6
CLS1013,인문클래식:독서의기술,721,전공핵심,2024,2,2025,2,2
CLS1015,사회클래식:자서전의힘,711,핵심교양,2024,1,2026,2,9
CLS1015,사회클래식:자서전의힘,721,전공핵심,2024,2,2025,2,2
CLS1016,과학클래식:화학의변명,711,핵심교양,2024,2,2026,2,4
CLS1016,과학클래식:화학의변명,721,전공핵심,2024,2,2025,2,2
CLS1019,과학클래식:과학과 상상의 인간,711,핵심교양,2024,1,2026,2,6
CLS1019,과학클래식:과학과 상상의 인간,722,전공심화,2024,1,2026,1,3
CLS1020,과학클래식:과학에게정의를묻다,711,핵심교양,2024,1,2026,2,6
CLS1020,과학클래식:과학에게정의를묻다,722,전공심화,2024,1,2026,1,3
CLS1021,과학클래식:과학의풍경들,711,핵심교양,2024,1,2026,1,3
CLS1021,과학클래식:과학의풍경들,722,전공심화,2024,1,2026,1,3
CLS1022,과학클래식:생명과문명의융합적세계관을향하여,711,핵심교양,2024,1,2026,2,11
CLS1022,과학클래식:생명과문명의융합적세계관을향하여,721,전공핵심,2024,2,2025,2,2
CLS1023,인문클래식:문학으로읽는음식과인간,711,핵심교양,2024,1,2026,2,11
CLS1023,인문클래식:문학으로읽는음식과인간,722,전공심화,2024,2,2025,2,2
CLS1024,사회클래식:상상의낙원유토피아,711,핵심교양,2024,1,2026,2,6
CLS1024,사회클래식:상상의낙원유토피아,722,전공심화,2024,1,2026,1,3
CLS1025,예술클래식:도시와문학,711,핵심교양,2024,2,2026,2,5
CLS1025,예술클래식:도시와문학,722,전공심화,2025,1,2026,1,2
CME4001,에너지소재,722,전공심화,2024,1,2026,1,6
CME4002,화공전산설계,722,전공심화,2024,2,2025,2,2
CMU1011,합창1,721,전공핵심,2024,1,2026,1,3
CMU1011,합창1,727,전공기초(필수),2024,1,2026,1,3
CMU1012,합창2,721,전공핵심,2024,2,2026,2,3
CMU1012,합창2,727,전공기초(필수),2024,2,2026,2,3
CMU1041,시창및청음1,727,전공기초(필수),2024,1,2026,1,15
CMU1042,시창및청음2,721,전공핵심,2024,2,2026,2,3
CMU1042,시창및청음2,727,전공기초(필수),2024,2,2026,2,12
CMU2011,합창3,721,전공핵심,2024,1,2026,1,3
CMU2012,합창4,721,전공핵심,2024,2,2026,2,3
CMU2031,서양음악사1,721,전공핵심,2024,1,2024,1,6
CMU2031,서양음악사1,727,전공기초(필수),2025,1,2026,1,12
CMU2032,서양음악사2,721,전공핵심,2024,2,2024,2,6
CMU2032,서양음악사2,727,전공기초(필수),2025,2,2026,2,12
CMU2041,시창및청음3,721,전공핵심,2024,1,2026,1,12
CMU2042,시창및청음4,721,전공핵심,2024,2,2026,2,12
CMU3003,전공쏠페지오1,722,전공심화,2024,1,2026,1,3
CMU3004,전공쏠페지오2,722,전공심화,2024,2,2026,2,3
CMU3007,연주매체특강B,722,전공심화,2024,1,2026,1,3
CMU3011,합창5,721,전공핵심,2024,1,2026,1,3
CMU3012,합창6,721,전공핵심,2024,2,2026,2,3
CMU3031,서양음악사3,721,전공핵심,2024,1,2026,1,6
CMU3032,서양음악사4,721,전공핵심,2024,2,2026,2,3
CMU4053,전공쏠페지오3,722,전공심화,2024,1,2026,1,3
CMU4054,전공쏠페지오4,722,전공심화,2024,2,2026,2,3
COE1004,재료과학개론,721,전공핵심,2024,2,2026,2,3
COE1010,실용공학연구1,722,전공심화,2024,1,2025,1,16
COE1011,실용공학연구2,722,전공심화,2024,2,2025,2,21
COE1012,실용공학연구3,722,전공심화,2024,1,2026,1,19
COE1013,실용공학연구4,722,전공심화,2024,2,2026,2,14
COE2003,정역학,721,전공핵심,2024,2,2026,2,18
COE2004,동역학,721,전공핵심,2024,1,2026,2,30
COE2022,공학입문설계,721,전공핵심,2024,1,2026,2,84
COE2051,공업역학,721,전공핵심,2024,1,2026,1,4
COE2052,고체역학,721,전공핵심,2024,1,2026,1,6
COE3003,응용통계학,721,전공핵심,2024,2,2026,2,3
COE3051,공업수학1,721,전공핵심,2024,1,2026,1,3
COE3051,공업수학1,727,전공기초(필수),2024,1,2026,1,151
COE3052,공업수학2,727,전공기초(필수),2024,2,2026,2,144
COE3053,공업수학3,727,전공기초(필수),2024,1,2026,1,18
COM2018,객체지향프로그래밍,721,전공핵심,2024,1,2026,2,13
COM2018,객체지향프로그래밍,727,전공기초(필수),2024,2,2026,2,6
COP1012,선법대위,721,전공핵심,2024,1,2026,1,3
COP1013,음악소리의기초,721,전공핵심,2024,1,2026,1,3
COP1014,후기낭만화성,727,전공기초(필수),2024,1,2026,1,3
COP1015,푸가,727,전공기초(필수),2024,2,2026,2,3
COP1016,악기의이론과실제,721,전공핵심,2024,2,2026,2,3
COP1017,고급화성,721,전공핵심,2024,2,2026,2,3
COP1018,현대음악감상,727,전공기초(필수),2024,2,2026,2,3
COP1051,건반화성1,721,전공핵심,2024,1,2026,1,3
COP1052,건반화성2,721,전공핵심,2024,2,2026,2,3
COP1059,작곡전공실기1,721,전공핵심,2024,1,2026,1,3
COP1060,작곡전공실기2,721,전공핵심,2024,2,2026,2,3
COP1063,음악이론1,721,전공핵심,2024,1,2026,1,3
COP1063,음악이론1,727,전공기초(필수),2024,1,2026,1,6
COP1064,음악이론2,721,전공핵심,2024,2,2026,2,3
COP1064,음악이론2,727,전공기초(필수),2024,2,2026,2,6
COP1065,현대음악연주1,722,전공심화,2024,1,2026,1,3
COP1066,현대음악연주2,722,전공심화,2025,2,2026,2,2
COP1070,미디어와음악,721,전공핵심,2024,2,2026,2,3
COP2011,서양음악이론1,727,전공기초(필수),2024,1,2026,1,3
COP2012,서양음악이론2,727,전공기초(필수),2024,2,2026,2,3
COP2033,작곡전공실기3,721,전공핵심,2024,1,2026,1,3
COP2034,작곡전공실기4,721,전공핵심,2024,2,2026,2,3
COP2037,음악이론3,721,전공핵심,2024,1,2026,1,9
COP2038,음악이론4,721,전공핵심,2024,2,2026,2,9
COP2051,기악및국악기실습1,722,전공심화,2024,1,2026,1,3
COP2052,기악및국악기실습2,722,전공심화,2024,2,2026,2,3
COP3005,관현악법1,721,전공핵심,2024,1,2026,1,3
COP3006,관현악법2,721,전공핵심,2024,2,2026,2,3
COP3017,20세기음악1,722,전공심화,2024,1,2024,1,1
COP3017,20세기음악1,727,전공기초(필수),2025,1,2026,1,2
COP3018,20세기음악2,722,전공심화,2024,2,2024,2,1
COP3018,20세기음악2,727,전공기초(필수),2025,2,2026,2,2
COP3025,전자음악입문,727,전공기초(필수),2026,1,2026,1,1
COP3026,전자음악프로젝트,722,전공심화,2026,2,2026,2,1
COP3053,전자음악1,722,전공심화,2024,1,2025,1,2
COP3054,전자음악2,722,전공심화,2024,2,2025,2,2
COP3057,작곡전공실기5,721,전공핵심,2024,1,2026,1,3
COP3058,작곡전공실기6,721,전공핵심,2024,2,2026,2,3
COP3061,연주와비평5,721,전공핵심,2024,1,2026,1,12
COP3062,연주와비평6,721,전공핵심,2024,2,2026,2,12
COP3067,음악형식과분석1,722,전공심화,2024,1,2026,1,3
COP3071,음악형식과분석2,722,전공심화,2024,2,2026,2,3
COP3076,연주를위한음악분석1,722,전공심화,2024,1,2025,1,2
COP3077,연주를위한음악분석2,722,전공심화,2024,2,2026,2,3
COP3079,기악및국악기실습3,722,전공심화,2024,1,2026,1,3
COP3080,기악및국악기실습4,722,전공심화,2024,2,2026,2,3
COP3081,20세기대위법,721,전공핵심,2024,1,2025,1,2
COP3083,관현악워크샾1,722,전공심화,2024,1,2026,1,3
COP3084,관현악워크샾2,722,전공심화,2024,2,2026,2,3
COP3085,리허설테크닉1,722,전공심화,2026,1,2026,1,1
COP3086,리허설테크닉2,722,전공심화,2026,2,2026,2,1
COP3087,연주매체특강A,722,전공심화,2026,2,2026,2,1
COP4015,20세기음악3,722,전공심화,2024,1,2026,1,3
COP4016,20세기음악4,722,전공심화,2024,2,2025,2,2
COP4025,음악학개론,722,전공심화,2024,2,2026,2,3
COP4029,작곡전공실기7,721,전공핵심,2024,1,2026,1,3
COP4030,작곡전공실기8,721,전공핵심,2024,2,2026,2,3
COP4031,작곡워크샵1,722,전공심화,2025,1,2026,1,2
COP4032,작곡워크샵2,722,전공심화,2025,2,2026,2,2
COP4043,중등음악교육실습1,722,전공심화,2024,1,2026,1,3
COP4044,중등음악교육실습2,722,전공심화,2024,2,2026,2,3
COP4045,포스트프로덕션1,722,전공심화,2024,1,2026,1,3
COP4046,포스트프로덕션2,722,전공심화,2024,2,2026,2,3
COP4049,국악작곡기법1,722,전공심화,2024,1,2026,1,3
COP4055,국악작곡기법2,722,전공심화,2024,2,2026,2,3
COP4056,극과음악워크샵,722,전공심화,2024,1,2026,1,3
COP4057,미디어음악실습1,722,전공심화,2024,1,2026,1,2
COP4058,미디어음악실습2,722,전공심화,2024,2,2026,2,3
COP4059,4차산업혁명과음악,722,전공심화,2025,1,2026,1,2
COP4060,음악치료입문,722,전공심화,2024,1,2026,1,3
COP4061,건반화성Ⅰ,721,전공핵심,2024,1,2025,1,2
COP4062,건반화성Ⅱ,721,전공핵심,2024,2,2024,2,1
COP4063,동시대음악,722,전공심화,2026,2,2026,2,1
CPE1002,생리학,721,전공핵심,2024,1,2026,1,3
CPE1002,생리학,722,전공심화,2024,1,2026,1,3
CSE1002,전산학개론,727,전공기초(필수),2024,1,2026,1,3
CSE2008,전산수학,721,전공핵심,2024,2,2024,2,2
CSE2010,자료구조론,721,전공핵심,2024,1,2026,1,28
CSE2010,자료구조론,727,전공기초(필수),2024,1,2026,1,52
CSE2011,마이크로프로세서,721,전공핵심,2024,2,2026,2,6
CSE2011,마이크로프로세서,722,전공심화,2024,2,2026,2,16
CSE3004,오퍼레이팅시스템,721,전공핵심,2024,1,2026,2,3
CSE3037,기계학습알고리즘,721,전공핵심,2024,1,2025,1,2
CSE3037,기계학습알고리즘,722,전공심화,2024,1,2026,2,7
CSE4006,소프트웨어공학,721,전공핵심,2024,2,2026,2,5
CSE4006,소프트웨어공학,722,전공심화,2024,1,2026,2,21
CSE4007,인공지능,721,전공핵심,2024,1,2026,1,29
CSE4007,인공지능,722,전공심화,2024,2,2025,2,16
CSE4009,시스템프로그래밍,721,전공핵심,2024,2,2026,2,31
CSE4020,컴퓨터그래픽스,722,전공심화,2024,1,2026,1,14
CSE4057,자연어처리론,722,전공심화,2024,2,2026,2,7
CTE3012,AI공정제어,722,전공심화,2024,2,2026,2,3
CTE3013,표면및계면화학,721,전공핵심,2024,1,2026,1,6
CTE3013,표면및계면화학,722,전공심화,2024,2,2026,2,2
CTE4018,생체재료공학,722,전공심화,2024,1,2026,1,2
CUL0005,말과글,111,교양필수,2024,1,2026,2,341
CUL0011,창의적컴퓨팅,111,교양필수,2024,1,2026,2,273
CUL0011,창의적컴퓨팅,721,전공핵심,2024,1,2025,1,2
CUL0021,한문의이해,711,핵심교양,2024,1,2026,2,6
CUL0047,영화로보는서양의역사,711,핵심교양,2024,1,2026,2,12
CUL0051,현대중국의이해,711,핵심교양,2024,1,2026,2,12
CUL0072,독일문학과영화,711,핵심교양,2024,1,2026,2,6
CUL0074,텍스트언어학의이해,721,전공핵심,2026,2,2026,2,1
CUL0076,프랑스문화관광,711,핵심교양,2024,1,2026,2,6
CUL0092,"경계의시대,공존을말하다",711,핵심교양,2024,1,2026,2,6
CUL0093,프로이트와문화비평,711,핵심교양,2024,1,2026,2,6
CUL0104,자유란무엇인가,711,핵심교양,2024,1,2026,2,6
CUL0111,통일함께만들기,711,핵심교양,2024,1,2026,2,6
CUL0115,여성과법,711,핵심교양,2025,2,2026,2,2
CUL0116,Understanding the new business environment,711,핵심교양,2024,1,2026,2,6
CUL0120,중국비즈니스문화와에티켓,711,핵심교양,2024,1,2026,2,6
CUL0122,인간과생명과학,711,핵심교양,2024,2,2026,2,3
CUL0125,성공취업의이해,711,핵심교양,2024,1,2026,2,18
CUL0126,기초법의학,711,핵심교양,2024,1,2026,2,8
CUL0128,4차산업혁명의이해,711,핵심교양,2024,1,2026,2,6
CUL0130,디지털저널리즘,711,핵심교양,2024,2,2025,2,3
CUL0135,글로벌기업가정신,711,핵심교양,2024,2,2026,2,3
CUL0135,글로벌기업가정신,722,전공심화,2024,2,2026,2,5
CUL0138,다양성시대의한국어교육,711,핵심교양,2024,2,2026,2,3
CUL0139,법과국제공동체,711,핵심교양,2024,1,2026,2,6
CUL0140,창업과법,711,핵심교양,2024,2,2026,2,3
CUL0141,시민생활과세법,711,핵심교양,2024,1,2026,2,6
CUL0201,상상과학성찰,111,교양필수,2025,1,2026,2,142
CUL0202,문화기술인간,111,교양필수,2025,1,2026,2,286
CUL0203,AI시대쓰기의힘,111,교양필수,2025,1,2026,2,338
CUL0204,통합사고와읽기의기술,111,교양필수,2025,1,2026,2,131
CUL0205,Technology and AI: Utopia or Dystopia?,111,교양필수,2025,2,2026,2,164
CUL0206,Personal Branding in Digital Markets,111,교양필수,2025,2,2026,2,92
CUL0207,미래지능연결,111,교양필수,2026,1,2026,2,29
CUL0208,스토리텔링의설계와전략,111,교양필수,2026,1,2026,2,120
CUL0209,"Wellness Web: Self, Society, and Beyond",111,교양필수,2026,1,2026,2,15
CUL0210,AI와함께하는스마트자기주도학습,711,핵심교양,2025,2,2026,2,3
CUL0211,AI를위한컴퓨터구조및프로그래밍이해,711,핵심교양,2025,2,2026,2,3
CUL0212,외국인유학생을위한한국취·창업전략과실습,711,핵심교양,2025,2,2026,2,3
CUL0213,AI시대디지털보안입문,711,핵심교양,2026,2,2026,2,1
CUL0214,사회현상정량적이해·분석·모델링,711,핵심교양,2026,1,2026,2,2
CUL1000,문학과사랑,711,핵심교양,2024,1,2026,2,6
CUL1026,대학합창,711,핵심교양,2024,1,2026,2,11
CUL1029,쉽게듣는서양오페라,711,핵심교양,2024,1,2026,2,6
CUL1032,현대음악의이해,711,핵심교양,2024,1,2026,2,6
CUL1041,전통음악감상,711,핵심교양,2024,1,2026,2,20
CUL1048,시와무용,721,전공핵심,2024,1,2026,1,3
CUL1056,한국의역사와문화,711,핵심교양,2024,1,2026,2,24
CUL1073,인간의본성에관한철학적담론,711,핵심교양,2024,1,2026,2,6
CUL1075,철학명저제대로읽기,711,핵심교양,2024,1,2026,2,6
CUL1079,불멸의철학자들,711,핵심교양,2024,2,2026,2,4
CUL1115,Aesthetic Awareness in the Modern World,711,핵심교양,2024,1,2026,2,6
CUL1115,Aesthetic Awareness in the Modern World,721,전공핵심,2024,2,2026,2,5
CUL1116,Animal Ethics,711,핵심교양,2024,1,2026,2,6
CUL1117,Introduction to Digital Photography,711,핵심교양,2024,1,2026,2,6
CUL1118,The Language of Global Cuisine,711,핵심교양,2024,1,2026,2,6
CUL1119,인구변화와미래복지,711,핵심교양,2024,1,2026,2,6
CUL1119,인구변화와미래복지,721,전공핵심,2024,2,2026,2,3
CUL1120,"빅데이터,사물인터넷,그리고인문학적상상력",711,핵심교양,2024,2,2026,2,3
CUL1122,창의적프로그래밍,111,교양필수,2024,1,2026,2,1781
CUL1122,창의적프로그래밍,711,핵심교양,2024,1,2025,2,6
CUL1122,창의적프로그래밍,722,전공심화,2025,1,2025,1,1
CUL1128,인체용어의이해,711,핵심교양,2024,1,2026,2,5
CUL1129,자기를찾아가는에니어그램,711,핵심교양,2024,1,2026,2,7
CUL1131,4차산업혁명과비즈니스,711,핵심교양,2024,1,2026,2,6
CUL1134,쿼크에서빅뱅까지,711,핵심교양,2024,1,2026,1,4
CUL1135,4차산업과해양자원,711,핵심교양,2024,1,2026,2,6
CUL1136,미생물의세계,711,핵심교양,2024,1,2026,2,5
CUL1137,놀이의재발견,711,핵심교양,2024,1,2026,1,3
CUL1138,인공지능과기계학습,111,교양필수,2024,1,2026,2,1423
CUL1138,인공지능과기계학습,711,핵심교양,2024,2,2025,2,4
CUL1138,인공지능과기계학습,722,전공심화,2024,2,2024,2,1
CUL1139,4차산업혁명핵심기술의이해,711,핵심교양,2024,1,2026,2,6
CUL1142,노인에대한이해,711,핵심교양,2024,1,2026,1,3
CUL1148,뉴미디어와공연예술의현재와미래,711,핵심교양,2024,1,2026,2,6
CUL1149,스토리텔링으로보는춤,711,핵심교양,2024,1,2026,2,6
CUL1150,헌법의이해,711,핵심교양,2024,1,2026,2,6
CUL1151,형법의이해,711,핵심교양,2024,1,2026,2,6
CUL1152,기후변화와임팩트비즈니스,711,핵심교양,2024,2,2025,2,2
CUL1152,기후변화와임팩트비즈니스,721,전공핵심,2024,2,2025,2,2
CUL1153,멀티미디어로배우는현대생명과학,711,핵심교양,2024,1,2026,2,7
CUL1154,인간행동과동기,711,핵심교양,2024,1,2026,2,6
CUL1155,건강과사회그리고심리학,711,핵심교양,2024,1,2026,2,6
CUL1157,금융인공지능실무,132,타전공(일반)선택,2024,1,2026,2,5
CUL1158,항공업진로의탐색,711,핵심교양,2024,1,2026,2,11
CUL1159,아시아시장과소비자,711,핵심교양,2024,1,2026,1,3
CUL1164,4차산업혁명과인공지능:융합적분석과인문학적통찰,711,핵심교양,2024,1,2026,2,6
CUL1165,버추얼피트니스이노베이션,711,핵심교양,2024,1,2026,1,3
CUL1166,버추얼피트니스산업디자인,711,핵심교양,2024,2,2026,2,3
CUL1167,로봇의이해,711,핵심교양,2024,1,2026,2,23
CUL1168,이공계를위한영어글쓰기,711,핵심교양,2024,1,2026,2,6
CUL1169,비즈니스글쓰기:설득의방법,711,핵심교양,2024,1,2026,2,6
CUL1170,고급영어토론:설득의기술,711,핵심교양,2024,1,2026,2,6
CUL1171,고급영어토론:협상의기술,711,핵심교양,2024,1,2026,2,6
CUL1173,중소벤처경영실무특강,132,타전공(일반)선택,2025,1,2025,1,1
CUL1174,사회혁신을위한미디어의이해,132,타전공(일반)선택,2024,1,2026,2,6
CUL1174,사회혁신을위한미디어의이해,721,전공핵심,2024,2,2025,2,2
CUL1175,4차산업혁명과미디어리터러시,711,핵심교양,2026,2,2026,2,1
CUL1176,패션리테일4.0시대옴니채널마케팅,132,타전공(일반)선택,2024,1,2026,2,6
CUL1179,빅뱅에서인간까지,711,핵심교양,2024,1,2025,2,3
CUL1180,뉴리터러시,711,핵심교양,2024,1,2025,1,2
CUL1181,움직임과DesignThinking,711,핵심교양,2024,1,2024,1,1
CUL1182,디지털플랫폼과경제및사회적이슈,132,타전공(일반)선택,2024,1,2026,1,5
CUL1183,트랜스미디어디자이닝솔루션,132,타전공(일반)선택,2024,1,2025,2,2
CUL1184,AR/VR가상공간인터렉티브콘텐츠개발랩,132,타전공(일반)선택,2024,1,2026,2,6
CUL1185,전기에너지개론,711,핵심교양,2024,1,2026,2,6
CUL1185,전기에너지개론,721,전공핵심,2024,2,2026,2,3
CUL1186,문학과예술이론의아포리아에대한동서양의대화,711,핵심교양,2024,1,2026,2,6
CUL1188,몸과마음을읽는헬스케어,711,핵심교양,2025,1,2026,2,3
CUL1189,Contemporary Korean Studies,711,핵심교양,2024,1,2026,2,6
CUL1189,Contemporary Korean Studies,721,전공핵심,2024,1,2026,2,11
CUL1190,4차산업혁명과사회의이해,132,타전공(일반)선택,2024,1,2026,1,3
CUL1192,OTT드라마스토리텔링,132,타전공(일반)선택,2024,1,2026,2,6
CUL1193,기후변화와종말의상상,132,타전공(일반)선택,2024,1,2026,2,3
CUL1198,인공지능기술기반에너지관리시스템의이해,132,타전공(일반)선택,2025,2,2026,1,2
CUL1199,미국의문화와사회,711,핵심교양,2024,1,2026,1,3
CUL1200,20세기일본과21세기중국,711,핵심교양,2024,2,2026,2,3
CUL1201,의사소통과이미지메이킹론,711,핵심교양,2024,1,2026,2,10
CUL1202,뉴스포츠,711,핵심교양,2024,1,2026,2,12
CUL1203,효과적인영어어휘학습전략,711,핵심교양,2025,1,2026,2,3
CUL1204,학문적영어읽기:이해와해석,711,핵심교양,2024,2,2025,2,2
CUL1208,기술시장데이터분석,711,핵심교양,2024,1,2025,1,2
CUL1209,기술전략과R&D기획,711,핵심교양,2024,1,2025,1,2
CUL1210,소통과갈등의이해,711,핵심교양,2024,1,2026,2,6
CUL1211,우리말어원의세계,711,핵심교양,2024,1,2026,2,7
CUL1212,MBTI유형에따른대화전략,711,핵심교양,2024,1,2026,2,6
CUL1213,직장인을위한프레젠테이션,711,핵심교양,2024,1,2026,2,6
CUL1214,스마트장치의이해,711,핵심교양,2024,1,2026,2,18
CUL1215,21세기뮤지컬과미래예술,711,핵심교양,2024,1,2026,2,6
CUL1216,호신술과자기방어,711,핵심교양,2024,1,2026,2,13
CUL1217,명화속에숨어있는심리학,711,핵심교양,2024,1,2026,2,6
CUL1218,인간발달담론,711,핵심교양,2024,1,2026,2,4
CUL1219,ESG의이론과실제,711,핵심교양,2024,1,2026,1,3
CUL1220,Ethics of Science and Technology,711,핵심교양,2024,1,2026,2,6
CUL1221,Fact versus Fiction: Media Literacy and Detecting Fake News,711,핵심교양,2024,1,2026,2,6
CUL1222,Neuromarketing & AI: Unlocking consumerinsights,711,핵심교양,2024,1,2026,2,3
CUL1223,과학과대중,711,핵심교양,2024,1,2026,1,3
CUL1224,과학의탈국가화,711,핵심교양,2024,1,2026,2,6
CUL1225,동양신화와문화콘텐츠스토리텔링,711,핵심교양,2024,1,2026,2,7
CUL1226,인문학도를위한창의적코딩,711,핵심교양,2024,1,2026,2,6
CUL1227,디지털교육과ODA,711,핵심교양,2024,1,2024,1,1
CUL1228,인문학도를위한컴퓨팅의시작,711,핵심교양,2024,2,2025,2,2
CUL1229,AI혁명:최첨단비즈니스전략마스터하기,711,핵심교양,2025,1,2026,2,4
CUL1230,교양풋살,711,핵심교양,2024,2,2026,2,7
CUL1231,데이터와법,711,핵심교양,2026,1,2026,1,1
CUL1232,"질병과장애,고통의음악학",711,핵심교양,2025,1,2026,2,4
CUL1233,로봇시대의논쟁,711,핵심교양,2025,1,2026,2,4
CUL1234,무용미학의언어와감각,711,핵심교양,2025,2,2026,2,5
CUL1235,아프리카창업아카데미,711,핵심교양,2025,1,2025,1,1
CUL1236,교양펜싱,711,핵심교양,2025,1,2026,2,8
CUL1237,인간다운생활과사회보장법,711,핵심교양,2025,1,2026,2,3
CUL1238,파워앱스를활용한현장프로세스디지털전환,711,핵심교양,2025,2,2025,2,1
CUL1241,모두를위한피지컬AI,711,핵심교양,2026,2,2026,2,1
CUL1242,생성형AI와플랫폼을활용한산업문제해결,711,핵심교양,2026,2,2026,2,1
CUL1243,현대소비생활과법,711,핵심교양,2026,2,2026,2,1
CUL1244,AI시대새로배우는대화법,711,핵심교양,2026,2,2026,2,1
CUL1246,고대이집트문명으로의초대,711,핵심교양,2026,2,2026,2,1
CUL2000,사회학의이해,727,전공기초(필수),2024,2,2026,2,3
CUL2004,사회학에의초대,727,전공기초(필수),2024,1,2026,1,3
CUL2016,관광과지리,711,핵심교양,2025,1,2026,2,4
CUL2018,교육의이해,727,전공기초(필수),2024,1,2026,1,3
CUL2019,심리학의이해,711,핵심교양,2024,1,2026,2,12
CUL2022,말과현대생활,711,핵심교양,2024,1,2026,2,6
CUL2025,가족문제,711,핵심교양,2024,1,2026,2,6
CUL2026,패션과스타일커뮤니케이션,711,핵심교양,2024,1,2026,1,6
CUL2040,법과인권,711,핵심교양,2024,1,2026,2,4
CUL2041,법과의료,727,전공기초(필수),2024,1,2026,1,3
CUL2053,현실경제의이해,727,전공기초(필수),2024,1,2026,1,3
CUL2075,지진과생활,711,핵심교양,2024,1,2026,2,6
CUL2090,스키,721,전공핵심,2024,2,2026,2,2
CUL3005,운동과다이어트,711,핵심교양,2024,1,2026,2,6
CUL3006,웨이트트레이닝,721,전공핵심,2024,1,2026,1,3
CUL3006,웨이트트레이닝,727,전공기초(필수),2024,1,2026,1,7
CUL3011,일반물리학및실험1,727,전공기초(필수),2024,1,2026,1,153
CUL3012,일반물리학및실험2,727,전공기초(필수),2024,2,2026,2,111
CUL3014,일반생물학및실험2,721,전공핵심,2024,2,2026,2,6
CUL3016,교양댄스스포츠,711,핵심교양,2024,1,2026,2,24
CUL3036,스크린영어,711,핵심교양,2024,1,2026,2,13
CUL3084,영.미문화와영화,711,핵심교양,2024,1,2026,2,6
CUL3101,Cultural and Ethnic Diversity In Korea,711,핵심교양,2024,1,2026,2,6
CUL3102,The Language of Cinema,711,핵심교양,2024,1,2026,2,6
CUL4028,교양축구1,711,핵심교양,2024,1,2026,2,12
CUL4030,교양농구1,711,핵심교양,2024,1,2026,2,12
CUL4032,교양배구1,711,핵심교양,2024,1,2026,2,12
CUL4034,교양테니스1,711,핵심교양,2024,1,2026,2,12
CUL4036,교양탁구1,711,핵심교양,2024,1,2026,2,12
CUL4077,발달과부모교육,711,핵심교양,2024,1,2026,2,6
CUL4078,분노와자기관리,711,핵심교양,2024,1,2026,2,6
CUL4088,중국의역사와문화,711,핵심교양,2024,1,2026,2,12
CUL4089,중국근현대사,711,핵심교양,2024,1,2026,2,6
CUL5001,주거학개론,711,핵심교양,2024,1,2026,2,6
CUL5005,불교사상과인생,711,핵심교양,2024,1,2026,1,3
CUL5013,요가,711,핵심교양,2024,1,2026,2,12
CUL5018,라틴아메리카문화와예술,711,핵심교양,2024,1,2026,2,6
CUL5036,교양배드민턴,711,핵심교양,2024,1,2026,2,12
CUL5042,필수비즈니스한자,711,핵심교양,2024,1,2026,2,11
CUL5043,재미있는한자세계,711,핵심교양,2024,1,2026,2,6
CUL5057,실용일어회화,711,핵심교양,2024,1,2026,2,12
CUL5066,고전음악의이해,711,핵심교양,2024,1,2026,2,6
CUL5067,현대중국의시장과통상,711,핵심교양,2024,1,2026,2,6
CUL6003,성인병과운동,711,핵심교양,2024,1,2026,2,6
CUL6004,직업진로와미래설계,711,핵심교양,2024,1,2026,2,6
CUL6014,연극치료,711,핵심교양,2024,1,2026,2,6
CUL6017,외국인을위한한국의역사와문화,711,핵심교양,2024,1,2026,2,18
CUL6025,생명공학의이해,711,핵심교양,2024,1,2026,2,6
CUL6026,생명과학입문,711,핵심교양,2024,1,2024,1,1
CUL6031,세상으로걸어간과학기술자들,711,핵심교양,2025,2,2026,2,3
CUL6037,과학기술학의새로운지평,711,핵심교양,2024,2,2026,2,5
CUL6048,식생활과안전,711,핵심교양,2024,1,2025,2,3
CUL6056,교양웨이트트레이닝,711,핵심교양,2024,1,2026,2,31
CUL6069,CEO세미나(혁신과변화),711,핵심교양,2024,1,2026,2,6
CUL6077,상상력을자극하는한자교실,711,핵심교양,2024,1,2026,2,6
CUL6078,미디어로세상읽기,711,핵심교양,2024,1,2026,2,6
CUL6079,분석과비판,711,핵심교양,2024,1,2026,2,6
CUL6085,패션아이콘으로문화읽기,711,핵심교양,2024,2,2024,2,1
CUL6086,인간과음악적상상력,711,핵심교양,2024,1,2026,2,6
CUL6092,20대의논어읽기,711,핵심교양,2024,1,2026,2,7
CUL6094,사마천과의대화,711,핵심교양,2024,1,2026,2,7
CUL6098,생명이란무엇인가?정신과물질,711,핵심교양,2024,1,2025,2,4
CUL6099,종의기원과진화,711,핵심교양,2024,1,2025,2,4
CUL6100,Capturing the Essence of Outliers: Exploring the Minds of Innovative Leaders,711,핵심교양,2024,1,2026,2,6
CUL6101,"Globalisation, Ethics and International Development",711,핵심교양,2024,1,2026,2,6
CUL6102,Science Fiction and Society,711,핵심교양,2024,1,2026,2,6
CUL6104,수사학으로읽는미디어와대중문화,711,핵심교양,2024,1,2026,2,6
CUL6107,영성과음악,711,핵심교양,2024,1,2026,2,6
CUL7009,인문학과예술이본인간,711,핵심교양,2024,1,2026,2,6
CUL7011,문화비즈니스와리더십,711,핵심교양,2024,1,2026,2,6
CUL7016,영화의역사,711,핵심교양,2024,1,2026,2,6
CUL7041,한양글로벌인재특강,711,핵심교양,2024,1,2024,2,2
CUL7042,두문화의인간학,711,핵심교양,2024,1,2025,1,2
CUL7043,기술시대의인간과윤리,711,핵심교양,2024,1,2026,2,6
CUL7045,문학과역사적상상력,711,핵심교양,2024,1,2026,2,6
CUL7046,채움과비움:나이듦의인문학적이해,711,핵심교양,2024,1,2026,2,6
CUL7047,옛소설과현대와의대화,711,핵심교양,2024,1,2026,2,8
CUL7048,하루키와함께읽는고전,711,핵심교양,2024,1,2026,2,12
CUL7100,"위기의시민정치:혐오,갈등,양극화",711,핵심교양,2024,1,2026,2,6
CUL7101,영화속인간발달,711,핵심교양,2024,1,2026,2,6
CUL7102,회사경영과주식거래의법적이해,711,핵심교양,2026,2,2026,2,1
CUL7103,금융상품과조세의이해,711,핵심교양,2024,2,2026,1,3
CUL7105,전쟁과국가안보,711,핵심교양,2026,1,2026,2,2
CUL7106,글로벌지속가능소비와시장,711,핵심교양,2024,2,2026,2,3
CUL7107,일의세계와노동법,711,핵심교양,2024,1,2026,2,6
CUL7108,예술을통한마음챙김이해하기,711,핵심교양,2024,1,2024,1,1
CUL7109,노자와장자의인생수업,711,핵심교양,2024,1,2026,2,4
CUL7110,블랜디드온스테이지-뮤지컬제작프로젝트,711,핵심교양,2024,1,2026,2,6
CUL7113,ESG평가방법론,132,타전공(일반)선택,2024,1,2026,2,5
CUL7114,글로벌지속가능성마케팅,132,타전공(일반)선택,2025,1,2026,2,4
CUL7116,Challenging Narratives: Rethinking the Stories We’re Told,132,타전공(일반)선택,2024,1,2026,2,6
CUL7117,글로벌혁신캡스톤디자인,132,타전공(일반)선택,2024,2,2024,2,1
CUL7118,관광혁신개발실습캡스톤디자인,132,타전공(일반)선택,2024,2,2024,2,1
CUL7119,강화학습및생성형AI를활용한IoT기술의이해,132,타전공(일반)선택,2024,1,2025,1,2
CUL7120,데이터드리븐경험디자인,132,타전공(일반)선택,2024,1,2024,1,1
CUL7121,디자인씽킹기반의사회문제해결캡스톤디자인,132,타전공(일반)선택,2024,2,2024,2,1
D-C1012,영화편집,721,전공핵심,2024,1,2026,1,6
D-C1016,초급영화제작워크숍,721,전공핵심,2024,1,2026,1,6
D-C1022,스토리텔링의기초,727,전공기초(필수),2024,1,2026,1,6
D-C1023,영화학입문,727,전공기초(필수),2024,1,2026,1,5
D-C1024,예술철학과사상사,721,전공핵심,2024,1,2026,1,3
D-C1025,디자인실습,721,전공핵심,2024,1,2026,1,6
D-C1026,배우와연출을위한연출실습1,727,전공기초(필수),2024,1,2026,1,6
D-C1027,액팅테크닉1,721,전공핵심,2024,1,2026,1,6
D-C1028,희곡개론,727,전공기초(필수),2024,1,2026,1,6
D-C1029,공연개론,727,전공기초(필수),2024,2,2026,2,6
D-C1030,무대제작실습,721,전공핵심,2024,2,2026,2,3
D-C1031,배우와연출을위한연출실습2,727,전공기초(필수),2024,2,2026,2,6
D-C1032,상상과표현기법1,721,전공핵심,2024,2,2026,2,6
D-C1033,4차산업기술과창의적예술공간,721,전공핵심,2024,2,2026,2,3
D-C1034,뉴미디어랩,727,전공기초(필수),2024,1,2026,1,6
D-C1035,영화제작의기초,727,전공기초(필수),2024,2,2026,2,6
D-C1036,인터미디어스테이지콘텐츠개발랩,721,전공핵심,2024,2,2026,2,3
D-C2028,작품분석,721,전공핵심,2024,1,2026,1,3
D-C2031,영화촬영실습,721,전공핵심,2024,1,2026,1,3
D-C2041,연극제작실습1,721,전공핵심,2024,1,2026,1,6
D-C2042,연극제작실습2,722,전공심화,2024,2,2026,2,3
D-C2075,시나리오창작,721,전공핵심,2024,2,2026,2,3
D-C2082,다큐멘터리영화역사,727,전공기초(필수),2024,2,2026,2,6
D-C2083,영화연기와연출,722,전공심화,2024,1,2026,1,3
D-C2086,대본창작1,721,전공핵심,2024,1,2026,1,3
D-C2087,액팅테크닉2,721,전공핵심,2024,1,2026,1,6
D-C2088,연출과디자인세미나1,721,전공핵심,2024,1,2026,1,6
D-C2089,이미지미학,721,전공핵심,2024,2,2026,2,3
D-C2091,연출과디자인세미나2,721,전공핵심,2024,2,2026,2,6
D-C2092,상상과표현기법2,721,전공핵심,2024,2,2026,2,6
D-C2093,뮤지컬액팅테크닉1,721,전공핵심,2024,2,2026,2,3
D-C2094,연극사세미나,721,전공핵심,2024,2,2026,2,3
D-C2095,세계영화역사,721,전공핵심,2024,2,2026,2,3
D-C2096,한국영화역사,721,전공핵심,2024,1,2026,1,4
D-C2097,논픽션영상제작워크숍,721,전공핵심,2024,2,2026,2,3
D-C2098,융합공연스튜디오,721,전공핵심,2024,2,2026,1,3
D-C3050,중급영화제작워크숍1,721,전공핵심,2024,1,2026,1,3
D-C3051,중급영화제작워크숍2,722,전공심화,2025,2,2026,2,2
D-C3078,영화분석과비평이론,721,전공핵심,2024,1,2026,1,3
D-C3081,문화이론연구,722,전공심화,2024,2,2026,2,3
D-C3082,영화감독연구,721,전공핵심,2024,2,2026,2,3
D-C3086,공동창작1,721,전공핵심,2024,1,2026,1,6
D-C3087,액팅테크닉3,722,전공심화,2024,1,2026,1,6
D-C3088,연출과디자인세미나3,722,전공심화,2024,1,2026,1,3
D-C3089,공동창작2,722,전공심화,2024,2,2026,2,6
D-C3090,연출과디자인세미나4,722,전공심화,2024,2,2026,2,6
D-C3091,상상과표현기법3,722,전공심화,2024,2,2026,2,6
D-C3095,뮤지컬액팅테크닉2,721,전공핵심,2024,1,2026,1,3
D-C3096,영화와예술의상호매체성,721,전공핵심,2024,1,2026,1,3
D-C3097,장편시나리오의이해,722,전공심화,2024,2,2026,2,3
D-C3098,뉴미디어콘텐츠액팅&디렉팅실습,721,전공핵심,2024,2,2026,2,3
D-C4077,현대사회의쟁점과영화창작,722,전공심화,2024,1,2026,1,3
D-C4080,액팅테크닉4,722,전공심화,2024,1,2026,1,3
D-C4081,연출과디자인세미나5,722,전공심화,2024,1,2026,1,3
D-C4082,고급영화제작워크숍1,722,전공심화,2024,1,2026,1,3
D-C4083,연출과디자인세미나6,722,전공심화,2024,2,2026,2,3
D-C4084,캡스톤디자인(창작희곡콘텐츠개발),722,전공심화,2024,2,2026,2,3
D-C4085,고급영화제작워크숍2,722,전공심화,2024,2,2026,2,4
D-C4087,뮤지컬액팅테크닉3,722,전공심화,2024,2,2026,2,3
D-C4088,영상미디어산업연구,722,전공심화,2024,2,2026,2,3
D-C4089,뉴미디어융합공연제작실습,721,전공핵심,2024,1,2026,1,3
D-C4090,뉴미디어와이머시브씨어터,721,전공핵심,2024,1,2026,2,3
D-C4091,블랜디드온씨어터,722,전공심화,2024,2,2026,2,3
D-C4092,인공지능융합공연창작,721,전공핵심,2024,2,2026,2,3
DAN1001,한국무용1,727,전공기초(필수),2024,1,2026,1,3
DAN1002,한국무용2,727,전공기초(필수),2024,2,2026,2,3
DAN1003,현대무용1,727,전공기초(필수),2024,1,2026,1,3
DAN1004,현대무용2,727,전공기초(필수),2024,2,2026,2,3
DAN1008,무용즉흥,721,전공핵심,2024,2,2026,2,3
DAN1037,필라테스,711,핵심교양,2024,1,2026,2,29
DAN1048,무용필라테스,722,전공심화,2024,2,2026,2,3
DAN1052,춤과이미지,722,전공심화,2024,2,2026,2,3
DAN1061,한국춤의역사,727,전공기초(필수),2024,2,2026,2,3
DAN1062,무용음악실습과편집,721,전공핵심,2024,2,2026,2,3
DAN1063,전공레파토리1,722,전공심화,2024,1,2026,1,8
DAN1064,춤교육의이론과실제,721,전공핵심,2024,2,2026,2,3
DAN1065,전공레파토리2.정기공연,722,전공심화,2024,2,2026,2,9
DAN2001,한국무용3,721,전공핵심,2024,1,2026,1,3
DAN2002,한국무용4,721,전공핵심,2024,2,2026,2,3
DAN2003,현대무용3,721,전공핵심,2024,1,2026,1,3
DAN2004,현대무용4,721,전공핵심,2024,2,2026,2,3
DAN2005,발레1,727,전공기초(필수),2024,1,2026,1,3
DAN2006,발레2,727,전공기초(필수),2024,2,2026,2,3
DAN2007,무용개론,721,전공핵심,2024,1,2026,1,3
DAN2015,서양무용사,721,전공핵심,2024,2,2026,2,3
DAN2019,무용심리,721,전공핵심,2024,2,2026,2,3
DAN2020,동작분석및표현,721,전공핵심,2024,2,2026,2,3
DAN2028,예술의이해,727,전공기초(필수),2024,2,2026,2,3
DAN2052,무용교육현장리서치,721,전공핵심,2024,2,2026,2,3
DAN2058,춤과미디어,722,전공심화,2024,2,2026,2,3
DAN2059,전공레파토리3.창작발표회,722,전공심화,2024,1,2026,1,9
DAN2060,전공레파토리4.정기공연,722,전공심화,2024,2,2026,2,9
DAN2063,문화예술활성화연구,721,전공핵심,2024,1,2026,1,3
DAN2064,사회문화예술교육개발연구,721,전공핵심,2024,2,2026,2,3
DAN2065,무용교육과정연구,721,전공핵심,2024,1,2026,1,3
DAN3005,발레3,721,전공핵심,2024,1,2026,1,3
DAN3006,발레4,721,전공핵심,2024,2,2026,2,3
DAN3028,무용전공실기1,727,전공기초(필수),2024,1,2026,1,9
DAN3029,무용전공실기2,727,전공기초(필수),2024,2,2026,2,9
DAN3058,무용전공실기5,721,전공핵심,2024,1,2026,1,11
DAN3059,무용전공실기6,721,전공핵심,2024,2,2026,2,9
DAN3070,실기워크샵,722,전공심화,2024,2,2026,2,3
DAN3071,스테이지디자인,722,전공심화,2024,1,2026,1,3
DAN3074,무용교수워크샵,722,전공심화,2024,1,2026,1,3
DAN3076,무용공연프로젝트,722,전공심화,2024,2,2026,2,3
DAN3077,무용작품해설,721,전공핵심,2024,1,2026,1,3
DAN3079,사회무용교육방법론,722,전공심화,2024,1,2026,1,3
DAN3080,무용진로특강,722,전공심화,2024,2,2026,2,3
DAN3081,웰빙무용프로그램개발,721,전공핵심,2024,2,2026,2,3
DAN3088,춤공연연출,721,전공핵심,2024,1,2026,1,3
DAN3089,전공레파토리5.창작발표회,722,전공심화,2024,1,2026,1,9
DAN3091,전공레파토리6.정기공연,722,전공심화,2024,2,2026,2,9
DAN4007,창작론,722,전공심화,2024,2,2026,2,3
DAN4012,무용전공실기3,721,전공핵심,2024,1,2026,1,9
DAN4013,무용전공실기4,721,전공핵심,2024,2,2026,2,9
DAN4052,무용전공실기7,721,전공핵심,2024,1,2026,1,9
DAN4053,무용전공실기8,721,전공핵심,2024,2,2026,2,9
DAN4063,인류와춤의발상,721,전공핵심,2024,1,2026,1,3
DAN4064,국제발레교사자격증코스1,722,전공심화,2024,1,2026,1,3
DAN4067,인턴십과정,722,전공심화,2024,1,2026,1,3
DAN4068,국제발레교사자격증코스2,722,전공심화,2024,2,2026,2,3
DAN4071,무용수의건강과영양,721,전공핵심,2024,1,2026,1,3
DAN4079,춤공연마케팅전략연구,722,전공심화,2024,1,2026,1,3
DAN4080,전공레파토리7.졸업작품Showcase,722,전공심화,2024,1,2026,1,9
DAN4082,전공레파토리8.졸업작품Performance,722,전공심화,2024,2,2026,2,9
DAN4086,성인발레지도법,722,전공심화,2024,1,2026,1,3
DAN4087,유아발레지도법,722,전공심화,2024,2,2026,2,3
DBC2001,생화학1,721,전공핵심,2024,1,2026,1,9
DBC2001,생화학1,727,전공기초(필수),2024,1,2026,2,5
DBC2002,생화학2,721,전공핵심,2024,2,2026,2,11
DBC2010,생화학실험,722,전공심화,2024,1,2026,1,3
DBC3011,생물리학,721,전공핵심,2024,2,2026,2,3
DBC3018,미생물학,721,전공핵심,2024,2,2026,2,3
DBC4023,생물정보학,721,전공핵심,2024,1,2026,2,5
DBC4023,생물정보학,722,전공심화,2024,1,2026,1,3
DBC4028,시스템생물학,722,전공심화,2026,1,2026,1,1
DCC2030,디지털마케팅,721,전공핵심,2024,1,2026,2,6
DCE2005,수영,721,전공핵심,2026,1,2026,1,1
DCE2016,건강교육,721,전공핵심,2024,2,2025,2,2
DCE2018,운동생리1,721,전공핵심,2024,1,2026,1,5
DCE2019,운동생리2,721,전공핵심,2024,2,2024,2,1
DCE3002,스포츠심리,721,전공핵심,2026,1,2026,1,1
DCE3005,트레이닝방법론,722,전공심화,2024,1,2025,1,2
DCE4002,스포츠사회학,721,전공핵심,2024,2,2026,2,6
DCE4002,스포츠사회학,727,전공기초(필수),2024,2,2026,2,3
DCE4005,배드민턴,721,전공핵심,2024,1,2026,1,3
DCE4027,운동처방,722,전공심화,2024,1,2026,1,3
DEE1007,영어의사소통의기초,721,전공핵심,2024,2,2026,2,3
DEE1015,영어쓰기의기초,721,전공핵심,2024,2,2026,2,3
DEE1016,학교문법,727,전공기초(필수),2024,1,2026,1,3
DEE2011,영어읽기의기초,727,전공기초(필수),2024,1,2026,1,3
DEE2015,영어음성학연구,727,전공기초(필수),2024,2,2026,2,3
DEE2020,영어쓰기연습,721,전공핵심,2024,1,2025,1,2
DEE2030,영어학과영어교육,721,전공핵심,2025,2,2026,2,2
DEE2032,영문학과영어교육,721,전공핵심,2024,1,2026,1,3
DEE2033,영어음운론연구,721,전공핵심,2024,1,2026,2,3
DEE2035,다문화사회의영어교육,721,전공핵심,2024,2,2025,2,2
DEE2035,영어권문화와다문화사회탐구,722,전공심화,2024,2,2024,2,1
DEE2036,글로벌영어커뮤니케이션,721,전공핵심,2024,2,2026,2,3
DEE2043,영어교육학개론,727,전공기초(필수),2024,1,2026,1,3
DEE2053,글로벌시대의문화적감수성,721,전공핵심,2026,2,2026,2,1
DEE3011,영어통사론,721,전공핵심,2024,1,2026,1,3
DEE3018,영어과교육론,721,전공핵심,2024,2,2026,2,3
DEE3021,영어교육과테크놀로지,722,전공심화,2024,1,2026,1,3
DEE3022,영어교수의원리,721,전공핵심,2024,2,2026,1,2
DEE3042,영어습득론,721,전공핵심,2024,1,2026,1,3
DEE3050,영어교수의실제,722,전공심화,2024,1,2026,1,3
DEE3052,사회언어학과영어교육,722,전공심화,2024,2,2026,2,3
DEE3053,영미문학탐구,721,전공핵심,2024,1,2026,1,3
DEE3054,영어구문연구,721,전공핵심,2026,2,2026,2,1
DEE3057,시네마휴머니즘,721,전공핵심,2026,2,2026,2,1
DEE4007,영어교육특강,722,전공심화,2026,2,2026,2,1
DEE4031,영어과교육과정과교재연구,721,전공핵심,2024,2,2026,2,3
DEE4032,영어평가의실제,722,전공심화,2024,1,2026,1,2
DEE4033,교실영어연습,722,전공심화,2025,1,2026,1,2
DEE4040,AI와영어논리논술,722,전공심화,2024,2,2026,2,3
DET1003,HRD개론,727,전공기초(필수),2024,2,2026,2,3
DET1004,교육공학이론과실제,727,전공기초(필수),2024,1,2026,1,3
DET2014,교수설계,727,전공기초(필수),2024,2,2026,2,4
DET2024,HRD와변화의예술,721,전공핵심,2024,2,2026,2,3
DET2025,글로벌HRD동향,722,전공심화,2024,2,2024,2,1
DET2028,뉴미디어학습컨텐츠개발,721,전공핵심,2024,1,2026,1,3
DET2029,소통미디어교육론,721,전공핵심,2024,1,2024,1,1
DET2029,커뮤니케이션혁신교육론,727,전공기초(필수),2026,1,2026,1,1
DET2038,4차산업혁명시대의인재경영론,727,전공기초(필수),2024,2,2025,2,2
DET2039,HRD트렌드,721,전공핵심,2025,1,2026,1,2
DET2040,조직개발과조직문화,721,전공핵심,2026,2,2026,2,1
DET2041,마이크로러닝과AIDT(DigitalTextbook)활용전략,721,전공핵심,2025,1,2025,1,1
DET3014,AI와데이터리터러시,721,전공핵심,2025,2,2025,2,1
DET3014,AI와데이터리터러시,727,전공기초(필수),2024,2,2026,2,2
DET3027,이러닝설계및개발,727,전공기초(필수),2024,1,2026,1,3
DET3028,이러닝개발,727,전공기초(필수),2024,2,2025,2,2
DET3035,학습동기와게임,721,전공핵심,2024,2,2025,2,2
DET3037,HRD와컨설팅,721,전공핵심,2024,2,2026,2,3
DET3038,People Analytics,721,전공핵심,2026,2,2026,2,1
DET3038,LMS와학습분석학,722,전공심화,2024,2,2025,2,2
DET3039,GBL설계와적용,722,전공심화,2024,1,2025,1,2
DET3040,HRD와경력개발,722,전공심화,2026,1,2026,1,1
DET3041,AI활용교육도구설계,722,전공심화,2026,2,2026,2,1
DET3042,미래교육전문가캡스톤디자인,722,전공심화,2025,1,2026,2,2
DET3043,하이브리드러닝플랫폼설계,721,전공핵심,2026,2,2026,2,1
DET3044,학습분석의이해와적용,722,전공심화,2026,2,2026,2,1
DET4012,디지털변혁시대의HRD방법론,727,전공기초(필수),2024,1,2026,1,3
DET4022,교수체제개발,721,전공핵심,2024,1,2025,1,2
DET4024,인공지능시대창의성개발,721,전공핵심,2024,1,2025,1,2
DET4025,디지털변혁시대의HRD와리더십개발,721,전공핵심,2024,1,2026,1,3
DET4029,교육공학사례연구,721,전공핵심,2025,2,2026,2,2
DET4030,교육공학연구방법과통계,722,전공심화,2026,2,2026,2,1
DIS0016,Banking & Investment Practice,711,핵심교양,2024,1,2026,2,6
DIS1002,Globalization,722,전공심화,2024,1,2024,1,1
DIS1002,Globalization,727,전공기초(필수),2024,1,2026,1,6
DIS1015,Business and Environmental Ethics,722,전공심화,2024,2,2026,2,6
DIS1018,Global Ethics,722,전공심화,2024,1,2024,1,2
DIS1021,Creative and Critical Thinking,727,전공기초(필수),2024,1,2026,1,5
DIS1024,Academic Writing 1,727,전공기초(필수),2024,1,2026,1,11
DIS1029,한국학의이해,727,전공기초(필수),2024,1,2025,1,2
DIS1030,한국대중문화의이해,727,전공기초(필수),2024,1,2026,1,3
DIS1031,한국경영의이해,727,전공기초(필수),2024,2,2026,1,3
DIS1032,한국어어휘와문장,727,전공기초(필수),2024,2,2026,1,3
DIS1033,미디어콘텐츠와문화,727,전공기초(필수),2024,2,2026,2,3
DIS1034,"현대한국의사회,정치,문화",727,전공기초(필수),2026,1,2026,1,1
DIS1035,외국인을위한기초영어및한국문화,111,교양필수,2026,1,2026,1,1
DIS2001,Introduction to Political Science,727,전공기초(필수),2024,1,2026,1,6
DIS2002,Introduction to Microeconomics,721,전공핵심,2024,1,2026,1,3
DIS2003,Introduction to Business Administration,721,전공핵심,2024,2,2026,1,5
DIS2004,Research Methods,727,전공기초(필수),2024,2,2025,2,2
DIS2005,International Relations,727,전공기초(필수),2024,2,2026,2,3
DIS2008,International Business,721,전공핵심,2024,2,2026,2,3
DIS2017,International Relations in East Asia,722,전공심화,2024,1,2025,1,3
DIS2022,International Organizations,722,전공심화,2024,2,2026,2,6
DIS2035,The Political Economy of East Asia,722,전공심화,2024,1,2026,2,5
DIS2036,Energy Security and Geopolitics in Asia,722,전공심화,2024,1,2026,1,3
DIS2047,World History,721,전공핵심,2024,2,2026,2,3
DIS2048,Debate and Argumentation,722,전공심화,2024,2,2024,2,1
DIS2051,Comparative Politics,721,전공핵심,2024,1,2025,1,2
DIS2054,Strategic Management,721,전공핵심,2024,1,2026,2,3
DIS2055,Academic Writing 2,727,전공기초(필수),2024,2,2026,2,11
DIS2057,국제관계론,721,전공핵심,2026,1,2026,1,1
DIS2058,한국어의실제와사용,721,전공핵심,2024,1,2026,1,3
DIS2059,한류의정치경제학,721,전공핵심,2024,1,2024,1,1
DIS2060,한국정치,721,전공핵심,2024,2,2026,2,3
DIS2061,한국역사콘텐츠,721,전공핵심,2024,2,2026,2,3
DIS2062,한국어글쓰기,721,전공핵심,2024,2,2025,2,2
DIS2063,K-pop특강,722,전공심화,2024,2,2026,2,3
DIS2064,한국과다문화사회,721,전공핵심,2024,2,2026,2,3
DIS2065,한국문화콘텐츠와스토리텔링,721,전공핵심,2025,1,2025,1,1
DIS2066,Introduction to Macroeconomics,721,전공핵심,2024,2,2026,2,3
DIS2067,International Trade and Politics,721,전공핵심,2025,1,2026,1,2
DIS2068,International Security,721,전공핵심,2025,1,2026,1,2
DIS2070,International Trade and Commerce,721,전공핵심,2025,2,2026,2,2
DIS3015,International accounting and finance,722,전공심화,2024,2,2025,2,2
DIS3022,International Marketing,721,전공핵심,2025,1,2025,1,1
DIS3031,Special TopicsI,722,전공심화,2024,1,2024,1,1
DIS3033,Special TopicsII,722,전공심화,2024,2,2025,2,2
DIS3039,Data Analysis Using Python,722,전공심화,2024,1,2025,1,2
DIS3040,International Finance and politics,721,전공핵심,2024,2,2026,2,3
DIS3042,관광경영,721,전공핵심,2024,1,2024,1,1
DIS3043,한국기업의경쟁전략,721,전공핵심,2024,2,2024,2,1
DIS3044,한국기업의글로벌경영,721,전공핵심,2025,1,2026,1,2
DIS3045,한국어발표와토론,722,전공심화,2025,1,2026,1,2
DIS3046,동아시아국제관계와한국,722,전공심화,2025,1,2025,1,1
DIS3047,한국어텍스트읽기,722,전공심화,2025,2,2025,2,1
DIS3050,Sustainable Development,721,전공핵심,2025,1,2025,1,1
DIS3051,"세계속의한국문화,한국속의세계문화",722,전공심화,2025,1,2026,1,2
DIS3052,글로벌콘텐츠와SDGs,722,전공심화,2025,2,2026,2,2
DIS3053,Quantitative Business Analysis,722,전공심화,2026,1,2026,1,1
DIS3056,Advanced Research Methods,722,전공심화,2026,2,2026,2,1
DIS3057,세계이주와디아스포라역사속한국,722,전공심화,2026,1,2026,1,1
DIS4008,Financial Management,722,전공심화,2024,1,2026,1,3
DIS4013,Advanced Data Science for International Studies,722,전공심화,2024,2,2025,2,2
DIS4014,Foreign Aid and Development,721,전공핵심,2024,2,2025,2,2
DIS4015,Climate Change Economics and Policies,722,전공심화,2024,2,2026,2,3
DIS4018,엔터테인먼트산업경영,722,전공심화,2025,2,2026,2,2
DIS4020,K-Culture와콘텐츠산업의 이해,722,전공심화,2026,1,2026,1,1
DIS4025,미디어콘텐츠기획,722,전공심화,2026,2,2026,2,1
DIS4026,Global Security Challenge,722,전공심화,2024,2,2026,2,3
DIS4027,ESG Management,722,전공심화,2024,2,2026,2,3
DIS4028,War and Peacebuilding,722,전공심화,2024,2,2026,2,3
DIS4029,AI Ethics and Society,722,전공심화,2025,1,2026,1,2
DIS4030,문화외교:정책과실무,722,전공심화,2026,1,2026,1,1
DIS4031,캡스톤:글로벌문화콘텐츠기획,722,전공심화,2026,1,2026,1,1
DIS4032,"문화,세계화,소프트파워",722,전공심화,2025,2,2026,2,2
DIS4033,한국문화와글로벌역량,722,전공심화,2026,2,2026,2,1
DIS4034,K-엔터테인먼트실무,722,전공심화,2026,2,2026,2,1
DIS4035,캡스톤:글로벌콘텐츠와엔터테인먼트산업,722,전공심화,2026,2,2026,2,1
DME1002,Adventure Design(기계융합1),722,전공심화,2024,2,2026,2,18
DME1003,스마트제조의이해,722,전공심화,2024,2,2025,2,6
DME2001,재료역학1,721,전공핵심,2024,1,2026,1,25
DME2002,재료역학2,721,전공핵심,2024,2,2026,2,28
DME2008,컴퓨터지원제도,721,전공핵심,2024,1,2026,1,12
DME2053,재료역학,721,전공핵심,2024,2,2026,2,3
DME2055,기계재료학,722,전공심화,2024,2,2026,2,29
DME2059,인공지능이론및프로그래밍,722,전공심화,2024,2,2024,2,3
DME2060,선형대수원리및응용,722,전공심화,2024,1,2026,1,16
DME2062,Adventure Design(기계융합2),722,전공심화,2024,1,2026,1,18
DME2063,모빌리티산업의이해,722,전공심화,2024,1,2025,1,6
DME2064,수소모빌리티산업의응용과미래,722,전공심화,2024,1,2026,1,7
DME3003,시스템해석,721,전공핵심,2024,1,2026,2,24
DME3052,기계요소설계,722,전공심화,2024,1,2026,1,13
DME3060,모빌리티전산설계,722,전공심화,2024,1,2025,1,8
DME3062,재료역학전산설계,722,전공심화,2024,2,2026,2,5
DME3063,열유체공학실험1,722,전공심화,2024,2,2026,2,40
DME3064,동역학제어실험1,722,전공심화,2024,2,2026,2,16
DME3065,재료및생산가공실험1,722,전공심화,2024,2,2026,2,23
DME3068,스마트기계공작법,721,전공핵심,2024,2,2026,2,15
DME4005,시스템설계,722,전공심화,2024,1,2025,1,2
DME4062,기계공학의응용과미래,722,전공심화,2024,2,2026,2,8
DME4063,기계공학의응용과미래2,722,전공심화,2024,1,2025,1,8
DME4064,열유체유동해석및설계,722,전공심화,2024,1,2026,1,18
DME4066,열유체공학실험2,722,전공심화,2024,1,2026,1,27
DME4067,동역학제어실험2,722,전공심화,2024,1,2026,1,18
DME4068,재료및생산가공실험2,722,전공심화,2024,1,2026,1,27
DME4070,복합재료기초역학,722,전공심화,2024,1,2026,1,9
DME4073,미래모빌리티및스마트제조PBL1,722,전공심화,2024,1,2026,1,31
DME4074,미래모빌리티및스마트제조PBL2,722,전공심화,2024,2,2026,2,17
DME4075,캐드와디지털팩토리개론,722,전공심화,2024,2,2025,2,8
DME4076,최적설계및머신러닝,722,전공심화,2024,1,2026,1,9
DSD2001,인간-AI상호작용디자인,721,전공핵심,2024,1,2024,1,1
DSD3001,데이터프라이버시디자인,722,전공심화,2024,1,2026,1,3
DSD3003,AI디자인프로토타이핑,721,전공핵심,2024,2,2024,2,2
DSD4002,디지털정책트렌드,722,전공심화,2025,2,2025,2,2
DSI1006,스포츠와문화,721,전공핵심,2024,1,2026,1,3
DSI1006,스포츠와문화,727,전공기초(필수),2024,1,2026,1,3
DSI2003,스포츠전공실기1,722,전공심화,2024,1,2025,1,2
DSI2007,스포츠경영원론,721,전공핵심,2024,1,2026,1,3
DSI2007,스포츠경영원론,727,전공기초(필수),2024,1,2026,1,3
DSI2008,스포츠마케팅원론,721,전공핵심,2025,1,2026,1,2
DSI2008,스포츠마케팅원론,727,전공기초(필수),2024,1,2026,1,3
DSI2015,스포츠와미디어,721,전공핵심,2025,1,2026,1,2
DSI2015,스포츠와미디어,727,전공기초(필수),2024,1,2026,1,3
DSI2017,스포츠PR론,721,전공핵심,2024,1,2026,2,2
DSI2018,스포츠시장트렌드분석,721,전공핵심,2024,1,2026,1,3
DSI2020,스포츠세일즈전략,721,전공핵심,2024,2,2026,2,2
DSI2021,스포츠상품기획,722,전공심화,2024,2,2026,2,3
DSI2024,스포츠광고실습,721,전공핵심,2024,2,2026,1,3
DSI2025,e스포츠론,721,전공핵심,2024,2,2026,2,6
DSI3007,스포츠와법,721,전공핵심,2024,1,2026,2,3
DSI3008,스포츠빅데이터분석,722,전공심화,2024,1,2026,1,3
DSI3011,스포츠마케팅조사방법론,721,전공핵심,2024,1,2026,1,3
DSI3012,스포츠경제학,722,전공심화,2026,2,2026,2,1
DSI3013,스포츠재무론,721,전공핵심,2024,2,2026,2,2
DSI3020,스포츠소비자행동론,721,전공핵심,2024,2,2026,2,3
DSI3024,스포츠글로벌라이제이션,722,전공심화,2024,1,2026,1,3
DSI3027,축구문화산업론,721,전공핵심,2024,2,2026,2,3
DSI3029,국제스포츠비즈니스전략,721,전공핵심,2024,2,2025,2,3
DSI3030,스포츠공공정책론,721,전공핵심,2024,2,2026,2,5
DSI3031,e스포츠비즈니스,721,전공핵심,2024,1,2026,1,2
DSI4005,스포츠산업현장실습1,722,전공심화,2024,1,2026,1,3
DSI4006,스포츠산업현장실습2,722,전공심화,2024,2,2026,2,3
DSI4010,프로스포츠산업연구,722,전공심화,2024,1,2026,1,3
DSI4012,스포츠산업특강,721,전공핵심,2024,1,2026,1,2
DSI4032,스포츠에이전트실무,722,전공심화,2024,2,2026,2,4
DSI4033,스포츠시설경영론,721,전공핵심,2024,1,2026,1,2
DST2001,디지털기술과전략,721,전공핵심,2024,1,2024,1,1
DST2002,데이터애널리틱스입문,721,전공핵심,2024,1,2024,1,1
DST3003,비즈니스프로세스애널리틱스,721,전공핵심,2025,1,2025,1,1
DST4001,디지털혁신경영,722,전공심화,2024,2,2024,2,2
ECC1004,회로이론1,721,전공핵심,2024,1,2026,1,40
ECC1006,회로이론2,721,전공핵심,2024,2,2026,2,24
ECC3003,전력공학,721,전공핵심,2024,1,2026,1,6
ECE3004,응용전자기학및실험,722,전공심화,2024,2,2026,2,7
ECE3008,신호와시스템,721,전공핵심,2024,1,2026,2,40
ECE4014,정보이론입문,722,전공심화,2024,1,2026,1,7
ECE4024,광전자공학,722,전공심화,2024,2,2026,2,9
ECE4058,디지털통신,722,전공심화,2024,1,2026,1,7
ECL1001,디지털로직,721,전공핵심,2024,2,2025,2,2
ECL3003,임베디드시스템,722,전공심화,2024,1,2025,1,4
ECL3011,전력전자,722,전공심화,2024,2,2026,2,6
ECL3012,전력시스템경제,722,전공심화,2025,2,2026,2,2
ECL3013,인공지능이해,722,전공심화,2025,2,2026,2,2
ECL4007,신재생분산전원,722,전공심화,2024,2,2026,1,3
ECL4010,차량전자제어,722,전공심화,2024,2,2026,2,3
ECL4012,전기공학종합설계1,722,전공심화,2024,1,2025,1,2
ECL4013,전기공학종합설계2,722,전공심화,2024,2,2025,2,2
ECL4015,전력변환응용,722,전공심화,2024,1,2026,1,3
ECL4017,플라즈마전자공학,722,전공심화,2024,2,2026,2,3
ECL4018,반도체플라즈마,722,전공심화,2024,1,2026,1,3
ECL4019,지능형자동차제어시스템,722,전공심화,2024,1,2024,1,1
ECL4021,전기공학연구실현장실습1,722,전공심화,2024,1,2025,1,2
ECL4022,최적화개론,722,전공심화,2024,1,2026,1,5
ECL4024,전기공학종합설계,722,전공심화,2026,1,2026,2,2
ECN1001,디지털논리설계,721,전공핵심,2024,2,2026,2,39
ECN4003,기계학습이론,721,전공핵심,2024,2,2026,2,3
ECN4003,기계학습이론,722,전공심화,2024,2,2026,2,7
ECN4004,무선통신공학,722,전공심화,2024,2,2025,2,6
ECO1001,경제학입문,721,전공핵심,2024,1,2025,1,2
ECO1001,경제학입문,727,전공기초(필수),2024,1,2026,1,26
ECO1005,경제통계분석,727,전공기초(필수),2024,2,2026,1,20
ECO1006,미시경제원론,711,핵심교양,2024,1,2026,2,8
ECO1006,미시경제원론,721,전공핵심,2024,1,2026,2,6
ECO1007,수리경제입문,727,전공기초(필수),2024,1,2026,2,23
ECO1011,시장경제의이해,711,핵심교양,2024,2,2026,2,2
ECO1021,재무회계의기초,721,전공핵심,2024,2,2025,2,12
ECO1023,경제금융기초(중국어강의),721,전공핵심,2024,2,2025,2,6
ECO2016,미시경제학1,721,전공핵심,2024,1,2026,1,12
ECO2028,거시경제1:국민소득과물가,727,전공기초(필수),2024,1,2026,2,28
ECO2029,미시경제1:소비자와기업,727,전공기초(필수),2024,1,2026,2,27
ECO2032,거시경제2:경기변동과경제성장,721,전공핵심,2024,1,2026,2,25
ECO2033,미시경제2:시장구조와후생,721,전공핵심,2024,1,2026,2,25
ECO2035,게임이론과응용,721,전공핵심,2024,1,2026,1,10
ECO2037,거시경제학2,721,전공핵심,2024,2,2026,2,5
ECO2038,미시경제학2,721,전공핵심,2024,2,2026,2,7
ECO2059,재무경제,727,전공기초(필수),2024,2,2026,2,18
ECO2061,재무금융시계열예측,721,전공핵심,2024,2,2026,1,7
ECO2063,거시경제학1,721,전공핵심,2024,1,2026,1,10
ECO2064,경제제도의역사적분석,721,전공핵심,2024,2,2026,2,7
ECO3002,재정학,722,전공심화,2024,2,2026,2,5
ECO3003,화폐금융,721,전공핵심,2024,2,2026,2,17
ECO3007,계량경제,727,전공기초(필수),2024,1,2026,2,23
ECO3008,노동경제,721,전공핵심,2024,1,2026,1,7
ECO3045,공공경제1:조세,721,전공핵심,2024,1,2026,1,7
ECO3047,국제무역과통상정책,721,전공핵심,2024,2,2026,2,7
ECO3048,공공경제2:정부지출,721,전공핵심,2024,2,2026,2,4
ECO3049,체제이행경제론,721,전공핵심,2024,2,2026,2,7
ECO3058,지역경제,722,전공심화,2025,1,2025,1,1
ECO3068,산업조직과공정거래,721,전공핵심,2024,2,2026,2,7
ECO3073,위험관리,722,전공심화,2024,1,2025,1,6
ECO3074,선물과옵션,721,전공핵심,2024,2,2026,2,7
ECO3076,재무금융IT,722,전공심화,2024,2,2026,2,7
ECO3080,증권투자론,721,전공핵심,2024,1,2026,1,20
ECO3086,고급재무이론과실무,722,전공심화,2024,1,2026,1,4
ECO3088,응용미시경제학실증분석,722,전공심화,2024,2,2026,2,7
ECO3089,채권론,722,전공심화,2024,2,2026,2,7
ECO3090,금융빅데이터분석학,722,전공심화,2024,1,2026,2,7
ECO3092,사회보장과노동정책,722,전공심화,2024,2,2025,2,8
ECO3094,의료서비스시장과정부,722,전공심화,2024,2,2026,1,7
ECO3098,데이터를활용한기업분석,721,전공핵심,2024,1,2025,1,6
ECO3101,머신러닝과R을이용하는데이터분석,722,전공심화,2024,1,2026,1,13
ECO4003,국제금융,721,전공핵심,2024,1,2026,1,13
ECO4049,국제경제관계,721,전공핵심,2024,1,2026,1,7
ECO4064,미시경제이슈및응용,722,전공심화,2024,2,2026,2,7
ECO4065,거시경제이슈및응용,722,전공심화,2025,1,2026,1,4
ECO4073,정보와불확실성의경제학,722,전공심화,2024,1,2025,1,6
ECO4081,계산금융의기초,722,전공심화,2024,2,2026,2,7
ECO4084,계량경제이슈및응용,722,전공심화,2024,1,2026,2,7
ECO4085,시계열빅데이터분석,722,전공심화,2024,2,2024,2,3
ECO4088,세계경제와중국,722,전공심화,2025,2,2026,2,4
ECO4093,인구경제학,722,전공심화,2024,1,2026,1,7
ECO4095,시장미시구조론과핀테크,722,전공심화,2024,1,2026,1,7
ECR4004,현대제어이론,722,전공심화,2024,1,2026,1,3
EDU1001,교육학개론,142,교직선택,2024,1,2026,2,33
EDU1002,교육심리학,142,교직선택,2024,1,2026,2,48
EDU1005,교육의심리적기초,727,전공기초(필수),2024,1,2026,1,3
EDU1009,국제교육실습,142,교직선택,2025,2,2025,2,1
EDU1011,AI시대의미래교육,111,교양필수,2025,1,2026,1,12
EDU2001,교육과정,721,전공핵심,2024,2,2026,2,3
EDU2003,교육사회학,142,교직선택,2024,1,2026,2,48
EDU2007,발달심리학,727,전공기초(필수),2024,2,2026,2,3
EDU2010,심리검사,721,전공핵심,2024,1,2026,1,4
EDU2014,교육철학및교육사,142,교직선택,2024,1,2026,2,48
EDU2015,교육통계,721,전공핵심,2024,1,2025,1,2
EDU2018,상담이론,727,전공기초(필수),2024,2,2026,2,3
EDU2019,교육현장연구,722,전공심화,2024,2,2026,2,3
EDU2025,교육논술,721,전공핵심,2024,1,2026,1,3
EDU2055,정신건강과적응,711,핵심교양,2024,1,2026,2,6
EDU2059,인지심리,727,전공기초(필수),2024,2,2026,2,3
EDU2061,생활지도및상담,142,교직선택,2024,1,2026,2,51
EDU2071,교육에서의신경과학과AI,722,전공심화,2024,2,2026,2,3
EDU3004,교육행정및정책,727,전공기초(필수),2024,2,2026,2,2
EDU3007,교수학습이론,721,전공핵심,2024,2,2024,2,1
EDU3007,교수학습이론,727,전공기초(필수),2024,1,2026,2,4
EDU3020,교육행정및경영,142,교직선택,2024,1,2026,2,48
EDU3032,교육학교과교재및이론,721,전공핵심,2024,1,2026,1,3
EDU3034,교직실무,141,교직필수,2024,1,2026,2,63
EDU3036,디지털교육,141,교직필수,2026,2,2026,2,13
EDU3041,교육봉사활동1,141,교직필수,2024,1,2026,1,21
EDU3042,교육봉사활동2,141,교직필수,2024,2,2026,2,23
EDU3067,사회심리학의이해,722,전공심화,2024,1,2026,1,2
EDU3071,특수교육학개론,141,교직필수,2024,1,2026,2,57
EDU3077,교육조직행동론,727,전공기초(필수),2024,1,2026,1,3
EDU3078,교육과정론,142,교직선택,2024,1,2026,2,48
EDU3079,교육평가론,142,교직선택,2024,1,2026,2,43
EDU3080,학교폭력예방및학생의이해,141,교직필수,2024,1,2026,2,60
EDU3085,학습과학,722,전공심화,2025,2,2025,2,1
EDU3087,교육행정데이터분석,722,전공심화,2024,1,2025,1,2
EDU4001,교육평가,727,전공기초(필수),2024,1,2026,1,3
EDU4003,교육실습,141,교직필수,2024,1,2026,2,24
EDU4019,교육방법및공학,142,교직선택,2024,1,2026,2,50
EDU4032,교육공학세미나,722,전공심화,2024,1,2026,1,3
EDU4036,산업교육프로그램개발,721,전공핵심,2025,2,2026,2,2
EDU4037,데이터기반인적자원개발,722,전공심화,2024,1,2026,1,3
EDU4094,뇌기반교육과상담,722,전공심화,2024,2,2026,2,3
EDU4096,이상심리,721,전공핵심,2024,1,2026,1,3
EDU4098,교육측정및검사,722,전공심화,2026,2,2026,2,1
EDU4099,교육프로그램개발및평가,722,전공심화,2024,1,2024,1,1
EDU4100,한국교육정책실제,722,전공심화,2025,1,2026,2,3
EDU4101,학기제교육실습,141,교직필수,2024,2,2024,2,1
EEC3005,상하수도공학,721,전공핵심,2024,1,2026,1,3
EGY1001,에너지과학과기술,722,전공심화,2024,2,2026,1,3
EGY2001,공학기초양론,722,전공심화,2024,1,2025,1,2
EGY3001,재료물성학,722,전공심화,2024,2,2026,2,6
EGY3002,에너지공학실험1,721,전공핵심,2024,1,2026,1,3
EGY3004,에너지공학실험2,721,전공핵심,2024,2,2026,2,3
EGY3005,에너지열역학,721,전공핵심,2024,1,2026,1,3
EGY3006,전달현상론1,721,전공핵심,2024,1,2026,1,3
EGY3007,전달현상론2,722,전공심화,2024,2,2024,2,1
EGY3008,배터리특론,722,전공심화,2024,2,2026,2,6
EGY4005,에너지공학종합설계1,721,전공핵심,2024,1,2026,1,6
EGY4012,에너지기술정책,722,전공심화,2026,1,2026,1,1
EGY4013,에너지공학종합설계2,721,전공핵심,2024,2,2026,2,6
EGY4014,에너지나노과학,722,전공심화,2024,1,2026,1,3
EGY4015,에너지변환저장소재,722,전공심화,2024,1,2024,1,1
EGY4018,에너지환경기술,722,전공심화,2024,2,2026,2,3
EGY4021,에너지소자공정,722,전공심화,2024,2,2026,1,5
EGY4022,이차전지기초설계,722,전공심화,2024,2,2026,2,3
EGY4023,이차전지실습1,722,전공심화,2024,1,2026,1,3
EGY4024,물화학,722,전공심화,2025,2,2025,2,1
EIS1015,임베디드시스템설계,722,전공심화,2024,1,2026,2,15
ELE1003,전기회로이론,721,전공핵심,2026,1,2026,1,6
ELE1010,일반전자물리1,727,전공기초(필수),2024,1,2026,1,27
ELE1011,일반전자물리2,727,전공기초(필수),2024,2,2026,2,31
ELE2001,회로이론,721,전공핵심,2024,1,2026,1,11
ELE2002,회로망이론,721,전공핵심,2024,2,2026,2,3
ELE2051,전기기초실험1,721,전공핵심,2024,1,2026,1,6
ELE2058,전기회로,721,전공핵심,2024,1,2026,1,3
ELE3004,제어공학,721,전공핵심,2024,2,2026,2,6
ELE3013,전기기기,721,전공핵심,2024,2,2026,2,6
ELE3019,컴퓨터구조1,721,전공핵심,2024,1,2026,1,3
ELE3020,컴퓨터구조2,721,전공핵심,2024,2,2025,2,2
ELE3021,운영체제,721,전공핵심,2024,1,2026,1,50
ELE3021,운영체제,722,전공심화,2024,1,2026,1,9
ELE3037,확률과통계,721,전공핵심,2024,2,2026,2,3
ELE3039,알고리즘,722,전공심화,2024,2,2026,2,7
ELE3040,모빌리티기술기초및산업동향,722,전공심화,2024,2,2026,2,7
ELE3053,전기공학,722,전공심화,2024,1,2026,1,21
ELE3067,집적회로소자,721,전공핵심,2026,1,2026,1,1
ELE3067,집적회로소자,722,전공심화,2024,1,2026,1,14
ELE3074,전자회로1,721,전공핵심,2024,1,2026,1,37
ELE3075,전자회로2,721,전공핵심,2024,2,2026,2,30
ELE3076,디지털신호처리1,721,전공핵심,2024,1,2026,1,28
ELE3077,디지털신호처리2,721,전공핵심,2024,2,2026,2,7
ELE3079,제어시스템개론,722,전공심화,2024,1,2026,1,7
ELE3080,디스플레이설계및공정,722,전공심화,2024,1,2026,1,7
ELE3081,VLSI공학,721,전공핵심,2025,2,2026,2,2
ELE3081,VLSI공학,722,전공심화,2024,2,2026,2,21
ELE4004,에너지변환공학,722,전공심화,2024,1,2024,1,1
ELE4005,전력전자공학,722,전공심화,2024,2,2026,2,3
ELE4019,전력시스템공학,722,전공심화,2024,2,2026,2,3
ELE4029,컴파일러설계,721,전공핵심,2024,2,2026,2,14
ELE4031,통신시스템,722,전공심화,2024,2,2026,2,7
ELE4073,전기물성1,721,전공핵심,2024,2,2024,2,1
ELE4074,전기물성2,722,전공심화,2024,1,2025,1,2
ELE4077,고체전자물리개론,721,전공핵심,2024,1,2026,1,32
ELE4083,정보디스플레이공학개론,722,전공심화,2024,2,2026,2,14
ELE4084,디스플레이구동회로,722,전공심화,2024,2,2026,2,7
ELE4092,컴퓨터비전개론,722,전공심화,2024,2,2026,2,7
ELE4100,무선네트워크,722,전공심화,2024,1,2026,1,7
ELE4102,전파시스템,722,전공심화,2024,1,2025,1,6
ELE4103,인공지능플랫폼기초및실습,722,전공심화,2024,1,2025,1,6
ELE4105,캡스톤디자인:디지털설계,722,전공심화,2024,2,2024,2,6
ELE4106,캡스톤디자인:아날로그설계,722,전공심화,2024,2,2025,2,12
ELE4107,캡스톤디자인:반도체소자,722,전공심화,2024,2,2025,2,12
ELE5000,융합전자공학종합설계1,722,전공심화,2024,1,2026,1,7
ELE5001,융합전자공학종합설계2,722,전공심화,2024,2,2026,2,82
ELE5002,융합전자설계입문,722,전공심화,2024,2,2026,2,7
ENE1004,컴퓨터구조,721,전공핵심,2024,1,2026,1,16
ENE2006,반도체회로공정,721,전공핵심,2025,1,2026,1,2
ENE2006,반도체회로공정,722,전공심화,2024,1,2026,1,14
ENE3001,전자회로,721,전공핵심,2024,2,2026,2,9
ENE3063,전자공학,722,전공심화,2024,2,2026,2,13
ENE4014,프로그래밍언어론,721,전공핵심,2024,1,2026,1,14
ENE4014,프로그래밍언어론,722,전공심화,2024,1,2026,1,3
ENE4019,컴퓨터네트워크,721,전공핵심,2024,2,2026,2,18
ENE4019,컴퓨터네트워크,722,전공심화,2024,2,2026,2,14
ENE4028,반도체공학,722,전공심화,2024,2,2026,1,3
ENE4029,반도체소자,721,전공핵심,2024,2,2026,2,5
ENE4029,반도체소자,722,전공심화,2024,2,2026,2,27
ENE4039,아날로그회로설계,722,전공심화,2024,2,2026,2,8
ENE4041,마이크로프로세서응용,721,전공핵심,2024,2,2026,2,14
ENE4044,컴퓨터공학,721,전공핵심,2024,1,2026,1,6
ENE4044,컴퓨터공학,727,전공기초(필수),2024,1,2026,1,6
ENE4054,자동제어,721,전공핵심,2024,2,2026,1,3
ENE4054,자동제어,722,전공심화,2024,1,2026,1,21
ENE4071,반도체공정,722,전공심화,2024,1,2026,1,7
ENG1066,영어어법연습,727,전공기초(필수),2024,1,2026,1,6
ENG1067,영어읽기와토론,727,전공기초(필수),2024,1,2026,1,9
ENG1068,영어읽기와토론2,727,전공기초(필수),2024,2,2025,2,6
ENG1069,영미문학읽기,727,전공기초(필수),2024,2,2026,2,5
ENG1072,영어연극이론과실습캡스톤디자인,722,전공심화,2025,2,2025,2,1
ENG2005,영어음운론,721,전공핵심,2024,2,2026,2,3
ENG2033,미국역사와문학,721,전공핵심,2024,1,2026,1,4
ENG2038,영국역사와문학,721,전공핵심,2024,2,2026,2,3
ENG2063,영어음성학,721,전공핵심,2024,1,2026,1,3
ENG2073,드라마:문학텍스트와공연문화,721,전공핵심,2024,1,2026,1,3
ENG2074,21세기드라마,721,전공핵심,2024,2,2026,2,2
ENG2075,소설과역사,721,전공핵심,2024,2,2026,2,3
ENG2076,영어의문장구조이해와분석,721,전공핵심,2024,1,2026,1,3
ENG2079,언어습득과영어학,721,전공핵심,2024,2,2026,1,3
ENG2086,비판적영어쓰기,721,전공핵심,2024,1,2024,1,1
ENG2086,비판적영어쓰기,722,전공심화,2024,1,2025,1,4
ENG2090,영어말하기와의사소통능력,727,전공기초(필수),2024,1,2025,1,4
ENG2092,글로벌영어,722,전공심화,2024,2,2025,2,4
ENG2094,연극심화이해와실제캡스톤,722,전공심화,2026,2,2026,2,1
ENG3007,영어학개론,727,전공기초(필수),2024,2,2026,2,9
ENG3054,영미단편소설,727,전공기초(필수),2024,1,2026,1,5
ENG3073,현대문학,721,전공핵심,2024,2,2026,2,3
ENG3074,영미문화와언어,722,전공심화,2024,1,2025,1,2
ENG3082,영어구문론,721,전공핵심,2024,1,2026,2,3
ENG3083,제2언어습득과인공지능,721,전공핵심,2024,2,2026,2,3
ENG3091,영어쓰기캡스톤디자인,722,전공심화,2024,2,2026,2,3
ENG3099,영어담화의이해와분석,721,전공핵심,2024,1,2024,1,1
ENG3099,영어담화의이해와분석,722,전공심화,2024,1,2024,1,1
ENG3102,영어권문학과사회,721,전공핵심,2024,1,2026,1,4
ENG3104,언어와뇌,722,전공심화,2024,1,2026,1,3
ENG4004,영문학특강,722,전공심화,2024,2,2026,2,3
ENG4007,영어학특강,722,전공심화,2025,2,2026,2,2
ENG4017,실용영문법,711,핵심교양,2024,1,2026,2,10
ENG4075,언어심리와영어학,722,전공심화,2024,2,2026,2,3
ENG4085,영국역사와영어발달,721,전공핵심,2024,2,2026,2,3
ENG4093,현대영미역사와시,721,전공핵심,2024,1,2026,1,6
ENG4095,셰익스피어,722,전공심화,2024,2,2026,2,3
ENG4096,과학과영미소설,722,전공심화,2024,1,2026,1,3
ENG4097,언어학과언어장애,722,전공심화,2025,2,2025,2,1
ENG4098,담화및멀티모달분석,722,전공심화,2025,1,2026,1,2
F-N1003,기초영양학,727,전공기초(필수),2024,1,2026,1,3
F-N1004,일반생물,727,전공기초(필수),2024,1,2026,1,3
F-N1005,기초통계학,727,전공기초(필수),2024,1,2026,2,3
F-N1006,생활일반화학,727,전공기초(필수),2024,2,2025,2,2
F-N2001,생활유기화학,727,전공기초(필수),2024,1,2026,1,3
F-N2002,식품미생물학실험,722,전공심화,2026,2,2026,2,1
F-N2006,영양생리학,721,전공핵심,2024,2,2026,2,3
F-N2008,식품미생물학,721,전공핵심,2024,2,2026,2,3
F-N2009,식품분석학,727,전공기초(필수),2024,1,2026,1,3
F-N2010,식품분석학실험,722,전공심화,2024,1,2025,1,2
F-N2014,식품가공및저장학,721,전공핵심,2024,1,2026,1,3
F-N2015,조리원리,721,전공핵심,2024,1,2026,1,3
F-N2017,생활주기영양학,722,전공심화,2024,2,2026,2,3
F-N3002,생화학1,721,전공핵심,2024,1,2026,1,3
F-N3003,생화학2,722,전공심화,2024,2,2026,2,3
F-N3011,임상영양학,721,전공핵심,2024,1,2026,1,3
F-N3016,고급영양학실험,722,전공심화,2025,2,2026,2,2
F-N3018,실험조리,721,전공핵심,2024,2,2026,2,6
F-N3019,고급영양학,721,전공핵심,2024,1,2026,1,3
F-N3020,영양소대사,721,전공핵심,2025,2,2025,2,1
F-N3023,임상영양학실험,722,전공심화,2024,2,2025,2,2
F-N3025,식품위생학,721,전공핵심,2024,1,2026,1,3
F-N3027,발효식품학,721,전공핵심,2024,2,2026,2,3
F-N3028,식품위생관계법규,722,전공심화,2024,2,2026,2,3
F-N4001,식품화학,721,전공핵심,2024,2,2026,2,3
F-N4002,영양교육,722,전공심화,2024,1,2026,1,3
F-N4015,영양판정,721,전공핵심,2024,2,2026,2,3
F-N4018,영양사현장실습,722,전공심화,2024,2,2026,2,3
F-N4021,식품학,722,전공심화,2024,1,2026,1,3
F-N4022,급식경영학,721,전공핵심,2024,2,2026,2,3
F-N4023,기능성식품과제품개발,722,전공심화,2024,2,2025,2,2
F-N4026,캡스톤디자인창의적연구설계,722,전공심화,2024,2,2024,2,1
FAE2004,서양미술사,721,전공핵심,2024,1,2026,1,2
FAE2007,입체구성,727,전공기초(필수),2024,1,2026,1,3
FET1001,스마트에너지와지속가능한미래,711,핵심교양,2025,2,2026,2,3
FET1001,스마트에너지와지속가능한미래,721,전공핵심,2025,2,2026,2,2
FET3001,차세대전력전자및전기기기,721,전공핵심,2024,1,2026,1,3
FET3001,차세대전력전자및전기기기,722,전공심화,2024,1,2026,1,3
FET3002,AI기반에너지관리,721,전공핵심,2024,1,2026,1,3
FET3002,AI기반에너지관리,722,전공심화,2024,1,2026,1,3
FET3003,에너지기후변화정책연구,721,전공핵심,2025,2,2026,2,2
FET4001,에너지신산업이슈연구,722,전공심화,2024,2,2026,2,6
FET4002,스마트그리드,722,전공심화,2024,1,2026,2,6
FET4003,플라즈마에너지공학,722,전공심화,2024,1,2026,1,6
FET4004,광전에너지변환소자,722,전공심화,2025,2,2026,2,4
FRE1055,기초프랑스어,711,핵심교양,2024,1,2026,2,14
FUT1001,아르테와테크네의만남,711,핵심교양,2024,1,2026,1,3
FUT1001,아르테와테크네의만남,721,전공핵심,2024,1,2026,1,2
FUT1002,디지털스토리텔링의이해,711,핵심교양,2026,1,2026,1,1
FUT1002,디지털스토리텔링의이해,721,전공핵심,2026,1,2026,1,1
FUT1004,과학기술자의상상력과창의성,711,핵심교양,2025,1,2026,1,3
FUT1004,과학기술자의상상력과창의성,721,전공핵심,2026,1,2026,1,1
FUT1005,초학제시대의미래인문학,711,핵심교양,2024,1,2026,1,4
FUT1005,초학제시대의미래인문학,721,전공핵심,2024,1,2026,1,2
FUT1006,탈진실시대의언론텍스트읽기와쓰기,711,핵심교양,2024,1,2026,1,3
FUT1006,탈진실시대의언론텍스트읽기와쓰기,721,전공핵심,2024,1,2026,1,2
FUT1007,데이터과학트렌드,711,핵심교양,2024,1,2026,1,3
FUT1007,데이터과학트렌드,721,전공핵심,2024,1,2026,1,2
FUT1008,인문대생을위한창의적프로그래밍,711,핵심교양,2024,2,2026,2,3
FUT1008,인문대생을위한창의적프로그래밍,721,전공핵심,2024,2,2026,2,3
FUT2001,가상/증강현실의예술,711,핵심교양,2024,1,2026,1,3
FUT2001,가상/증강현실의예술,722,전공심화,2024,1,2026,1,2
FUT2002,AI시대의상상력과디자인씽킹,711,핵심교양,2026,2,2026,2,1
FUT2002,AI시대의상상력과디자인씽킹,722,전공심화,2026,2,2026,2,1
FUT2003,디지털게임과현대사회,711,핵심교양,2024,2,2026,2,3
FUT2003,디지털게임과현대사회,721,전공핵심,2024,2,2026,2,3
FUT2004,문화콘텐츠+나,711,핵심교양,2024,1,2026,1,3
FUT2004,문화콘텐츠+나,722,전공심화,2024,1,2026,1,2
FUT2005,공학영어읽기,711,핵심교양,2024,1,2026,1,3
FUT2005,공학영어읽기,721,전공핵심,2024,1,2026,1,2
FUT2006,엔지니어를위한영어프리젠테이션,711,핵심교양,2024,2,2024,2,1
FUT2006,엔지니어를위한영어프리젠테이션,721,전공핵심,2024,2,2024,2,1
FUT2007,테크노사이언스가만드는세상,711,핵심교양,2025,2,2026,2,3
FUT2007,테크노사이언스가만드는세상,721,전공핵심,2025,2,2026,2,3
FUT2009,네트워크사회를위한미래인문학,711,핵심교양,2024,2,2026,2,7
FUT2009,네트워크사회를위한미래인문학,721,전공핵심,2024,2,2026,2,3
FUT2009,네트워크사회를위한미래인문학,722,전공심화,2026,2,2026,2,2
FUT2010,은유와프레임전략,711,핵심교양,2024,1,2026,1,9
FUT2010,은유와프레임전략,721,전공핵심,2024,1,2026,1,2
FUT2011,사회적상상력을여는소통과혁신의수사학,711,핵심교양,2024,2,2026,2,3
FUT2011,사회적상상력을여는소통과혁신의수사학,721,전공핵심,2024,2,2026,2,3
FUT2012,동서양사상을통해본정의,711,핵심교양,2024,1,2026,1,3
FUT2012,동서양사상을통해본정의,721,전공핵심,2024,1,2026,1,2
FUT2013,인문대생을위한트렌드프로그래밍,711,핵심교양,2024,1,2026,1,3
FUT2013,인문대생을위한트렌드프로그래밍,721,전공핵심,2024,1,2026,1,2
FUT2014,데이터시각화,711,핵심교양,2024,2,2026,2,3
FUT2014,데이터시각화,721,전공핵심,2024,2,2026,2,3
FUT2014,데이터시각화,722,전공심화,2024,2,2026,1,6
FUT2015,"회복을위한인문학과다크리서치:불,전염병,멸종의어젠다읽기",711,핵심교양,2024,1,2026,1,3
FUT2015,"회복을위한인문학과다크리서치:불,전염병,멸종의어젠다읽기",722,전공심화,2024,1,2026,1,2
FUT3001,아트테크놀로지캡스톤디자인,711,핵심교양,2024,2,2026,2,4
FUT3001,아트테크놀로지캡스톤디자인(제품서비스경험디자인),722,전공심화,2025,2,2026,2,2
FUT3002,인문학으로예술읽기,711,핵심교양,2024,2,2026,2,3
FUT3002,인문학으로예술읽기,721,전공핵심,2024,2,2026,2,3
FUT3003,마음을사로잡는정보스토리텔링,711,핵심교양,2025,2,2026,2,2
FUT3003,마음을사로잡는정보스토리텔링,721,전공핵심,2025,2,2026,2,2
FUT3004,문화콘텐츠아나토미:비평이론과실제,711,핵심교양,2024,1,2026,1,3
FUT3004,문화콘텐츠아나토미:비평이론과실제,722,전공심화,2024,1,2026,1,2
FUT3005,엔지니어를위한실용영작문,711,핵심교양,2025,2,2026,2,2
FUT3005,엔지니어를위한실용영작문,722,전공심화,2025,2,2026,2,2
FUT3006,엔지니어를위한학술영작문,711,핵심교양,2024,1,2026,1,3
FUT3006,엔지니어를위한학술영작문,722,전공심화,2024,1,2026,1,2
FUT3007,역사를바꾼과학혁명,711,핵심교양,2024,1,2026,1,5
FUT3007,역사를바꾼과학혁명,722,전공심화,2024,1,2026,1,2
FUT3008,인류세시대를위한미래인문학,711,핵심교양,2025,2,2026,2,3
FUT3008,인류세시대를위한미래인문학,721,전공핵심,2025,2,2026,2,3
FUT3009,과학기술학의새로운지형도,711,핵심교양,2024,1,2025,1,4
FUT3009,과학기술학의새로운지형도,721,전공핵심,2024,1,2024,1,1
FUT3010,"공정한시민을위한미디어리터러시:팩트,믿음,재미",711,핵심교양,2024,2,2026,2,3
FUT3010,"공정한시민을위한미디어리터러시:팩트,믿음,재미",721,전공핵심,2024,2,2026,2,3
FUT3011,품위있는사회와지속가능성을위한의제들,711,핵심교양,2024,1,2026,1,3
FUT3011,품위있는사회와지속가능성을위한의제들,721,전공핵심,2024,1,2026,1,2
FUT3012,인문대생을위한객체지향프로그래밍,711,핵심교양,2025,1,2026,1,2
FUT3012,인문대생을위한객체지향프로그래밍,721,전공핵심,2026,1,2026,1,1
FUT3013,인문대생을위한앱프로그래밍,711,핵심교양,2024,2,2026,2,3
FUT3013,인문대생을위한앱프로그래밍,721,전공핵심,2024,2,2026,2,3
FUT4001,인문학으로기술읽기,711,핵심교양,2024,1,2025,1,2
FUT4001,인문학으로기술읽기,721,전공핵심,2024,1,2024,1,1
FUT4002,공학영어캡스톤디자인,711,핵심교양,2024,2,2026,2,3
FUT4002,공학영어캡스톤디자인,722,전공심화,2024,2,2026,2,3
FUT4003,한국과학혁신의역사,711,핵심교양,2024,2,2026,2,5
FUT4003,한국과학혁신의역사,722,전공심화,2024,2,2026,2,4
FUT4006,게임프로그래밍을위한캡스톤디자인,711,핵심교양,2025,1,2026,1,2
FUT4006,게임프로그래밍을위한캡스톤디자인,721,전공핵심,2024,1,2026,1,2
GEN0036,통계학개론,721,전공핵심,2024,1,2026,1,4
GEN0041,현대사회와나의삶,711,핵심교양,2024,2,2025,2,2
GEN0044,경영학원론,727,전공기초(필수),2024,1,2026,1,3
GEN0072,일반화학및실험,721,전공핵심,2025,2,2025,2,1
GEN0072,일반화학및실험,727,전공기초(필수),2024,1,2026,2,44
GEN0074,일반생물학1,727,전공기초(필수),2024,1,2026,1,6
GEN0075,일반생물학2,727,전공기초(필수),2024,2,2026,2,6
GEN0076,일반생물학실험1,727,전공기초(필수),2024,1,2026,1,12
GEN0077,일반생물학실험2,727,전공기초(필수),2024,2,2026,2,12
GEN0087,정치학개론,727,전공기초(필수),2024,1,2026,1,3
GEN1014,일반물리학,721,전공핵심,2024,1,2026,1,4
GEN1016,일반생물학,721,전공핵심,2024,1,2026,1,3
GEN1016,일반생물학,727,전공기초(필수),2024,1,2026,2,9
GEN1031,공학도를위한창의적컴퓨팅,111,교양필수,2024,1,2026,2,128
GEN1031,공학도를위한창의적컴퓨팅,727,전공기초(필수),2024,1,2026,1,20
GEN1035,중급스페인어,711,핵심교양,2024,1,2026,2,6
GEN1040,초급독일어,711,핵심교양,2024,1,2026,2,12
GEN1043,중급중국어,711,핵심교양,2024,1,2026,2,6
GEN1076,여성학,711,핵심교양,2024,2,2026,2,3
GEN1078,문화론특강,711,핵심교양,2024,1,2026,2,6
GEN1092,한국근현대사,711,핵심교양,2024,1,2026,2,18
GEN1100,공학도를위한창의적프로그래밍,111,교양필수,2024,1,2026,2,103
GEN2052,미분적분학1,721,전공핵심,2025,2,2026,2,2
GEN2052,미분적분학1,727,전공기초(필수),2024,1,2026,2,241
GEN2053,미분적분학2,727,전공기초(필수),2024,1,2026,2,196
GEN2078,연극의이해,711,핵심교양,2024,1,2026,2,6
GEN2079,영화의이해,711,핵심교양,2024,1,2026,2,6
GEN2094,초급일본어,711,핵심교양,2024,1,2026,2,24
GEN2095,중급일본어,711,핵심교양,2024,1,2026,2,6
GEN2101,성의과학적이해,711,핵심교양,2024,1,2025,2,3
GEN3001,안보학(군사학),191,ROTC필수,2024,1,2026,1,3
GEN3002,안전및조직관리사례연구(군사학),191,ROTC필수,2024,2,2026,2,3
GEN3016,생활법률,711,핵심교양,2024,1,2026,2,12
GEN3041,초급중국어1,711,핵심교양,2024,1,2026,2,68
GEN3041,초급중국어1,722,전공심화,2024,1,2026,1,2
GEN3052,환경공학,722,전공심화,2024,2,2025,2,2
GEN3058,공업경제학,721,전공핵심,2024,1,2026,2,7
GEN3073,연주와비평1,721,전공핵심,2024,1,2026,1,3
GEN3073,연주와비평1,727,전공기초(필수),2024,1,2026,1,9
GEN3074,연주와비평2,721,전공핵심,2024,2,2026,2,3
GEN3074,연주와비평2,727,전공기초(필수),2024,2,2026,2,9
GEN3075,연주와비평3,721,전공핵심,2024,1,2026,1,13
GEN3075,연주와비평3,727,전공기초(필수),2025,1,2026,1,2
GEN3076,연주와비평4,721,전공핵심,2024,2,2026,2,13
GEN3076,연주와비평4,727,전공기초(필수),2025,2,2026,2,2
GEN3083,영양과건강,722,전공심화,2024,2,2026,2,3
GEN3086,구급법,711,핵심교양,2024,1,2026,2,6
GEN3096,Modern Stress and You,711,핵심교양,2024,1,2026,2,6
GEN3096,Modern Stress and You,721,전공핵심,2025,2,2026,1,2
GEN3097,디자인으로 세상읽기,711,핵심교양,2024,1,2026,2,6
GEN4001,조직리더십(군사학),191,ROTC필수,2024,1,2026,1,3
GEN4002,조직리더십사례연구(군사학),191,ROTC필수,2024,2,2026,2,3
GEN4012,식생활문화,722,전공심화,2024,1,2026,1,3
GEN4029,인간관계훈련,711,핵심교양,2024,1,2026,2,12
GEN4066,기초수학,711,핵심교양,2024,1,2026,2,6
GEN4073,사람과유전자,711,핵심교양,2024,1,2025,2,4
GEN4075,미래지구환경과생태계,711,핵심교양,2024,1,2026,2,6
GEN4079,사회봉사,711,핵심교양,2024,1,2026,2,6
GEN4091,과학기술의철학적이해,111,교양필수,2024,1,2026,2,324
GEN4091,과학기술의철학적이해,721,전공핵심,2024,2,2026,2,4
GEN5010,지적재산법,711,핵심교양,2024,1,2026,2,6
GEN5010,지적재산법,722,전공심화,2024,2,2026,2,3
GEN5014,기초스페인어,711,핵심교양,2024,1,2026,2,12
GEN5019,매경-한양CEO특강,711,핵심교양,2024,2,2024,2,1
GEN5026,테크노경영학(스타트업종합설계),111,교양필수,2024,1,2026,2,186
GEN5026,테크노경영학(스타트업종합설계),722,전공심화,2024,1,2024,1,1
GEN5028,민법의이해,711,핵심교양,2024,1,2026,2,6
GEN5029,커리어개발Ⅰ:취.창업진로로드맵,111,교양필수,2024,1,2026,1,897
GEN5048,호텔산업의이해,711,핵심교양,2024,1,2026,2,6
GEN5049,대중문화와패션,711,핵심교양,2024,2,2026,2,6
GEN5060,동양철학의이해,711,핵심교양,2024,1,2026,2,6
GEN5069,중급프랑스어,711,핵심교양,2024,1,2026,2,6
GEN5072,영어연기개론,711,핵심교양,2024,1,2026,2,8
GEN5073,영어권생활문화와영어학습,711,핵심교양,2024,1,2026,2,6
GEN5100,커리어개발Ⅱ:취.창업진로포트폴리오,111,교양필수,2024,2,2026,2,982
GEN6006,특허법의이해,711,핵심교양,2024,1,2026,2,6
GEN6006,특허법의이해,722,전공심화,2024,1,2026,1,3
GEN6007,대중문화와법,711,핵심교양,2024,1,2026,2,6
GEN6023,상상과창조,711,핵심교양,2024,1,2026,2,6
GEN6032,전문학술영어,111,교양필수,2024,1,2026,2,751
GEN6045,기초학술영어,711,핵심교양,2024,1,2026,2,54
GEN6058,혁신과잡종의과학사,711,핵심교양,2024,1,2026,2,5
GEN6064,고급한국어,711,핵심교양,2024,1,2026,2,6
GEN6066,생명과바다,711,핵심교양,2024,1,2026,2,6
GEN6074,뇌과학의이해,711,핵심교양,2024,1,2026,2,5
GEN6086,생활속의화학,711,핵심교양,2024,1,2026,2,16
GEN6087,생활속에서만나는생물학,711,핵심교양,2024,1,2026,2,4
GEN7023,스포츠와사회적책임,711,핵심교양,2024,1,2026,2,6
GEN7024,비판적사고와창의적추론:현대적사고를위한툴,711,핵심교양,2024,1,2026,2,12
GEN7025,멀티미디어영작문,711,핵심교양,2024,1,2026,2,12
GEN7027,취업영어커뮤니케이션,711,핵심교양,2024,1,2026,2,12
GEN7028,기업·공공부문커뮤니케이션실전,711,핵심교양,2024,1,2026,2,12
GEN7029,시나리오영작문,711,핵심교양,2024,1,2026,2,12
GEN7030,영어와남녀의사소통의차이,711,핵심교양,2024,1,2026,2,6
GEN7033,비전공자를위한재무금융,711,핵심교양,2024,1,2026,2,6
GEN7034,초급독일어회화,711,핵심교양,2024,1,2026,2,6
GEN7038,비판적글읽기,711,핵심교양,2024,1,2026,2,6
GEN7041,창의적글쓰기,711,핵심교양,2024,1,2026,2,6
GEN7044,영어말하기및표현연습2(영어노래분석과표현기법),711,핵심교양,2024,1,2026,2,12
GEN7045,생태친화적기업경영,711,핵심교양,2024,1,2026,2,6
GEN7046,기업경영과비즈니스전략,711,핵심교양,2024,2,2026,2,5
GEN8003,중급독일어회화,711,핵심교양,2024,2,2026,2,5
GEN8004,브리꼴뢰르-관계융합형인재,711,핵심교양,2024,1,2026,2,6
GEN8036,지속가능한개발을위한과학기술,711,핵심교양,2024,1,2024,2,2
GEN8039,과학자의리더십,711,핵심교양,2024,2,2026,2,5
GEN8040,생물학연대기,711,핵심교양,2024,1,2025,2,5
GEN9176,빅데이터와패션트렌드,711,핵심교양,2024,1,2026,2,7
GEN9178,트랜스미디어상호작용설계,711,핵심교양,2024,2,2025,1,2
GEN9180,4차산업혁명과환경기술,711,핵심교양,2025,1,2026,1,2
GER1055,기초독문법,727,전공기초(필수),2024,1,2026,1,6
GER1064,유럽문화지역의이해,727,전공기초(필수),2024,2,2026,2,3
GER1066,독일어회화B1-2,721,전공핵심,2024,1,2025,1,2
GER1067,독일어회화B2-2,721,전공핵심,2024,2,2025,2,2
GER1068,독일문학의흐름,727,전공기초(필수),2024,1,2025,1,2
GER1069,언어와마음,721,전공핵심,2024,2,2026,2,3
GER2005,중급독문법,727,전공기초(필수),2024,2,2025,2,2
GER2066,독일어회화A1,721,전공핵심,2024,1,2026,2,3
GER2068,독일어회화A2,721,전공핵심,2024,2,2026,1,3
GER2071,독일어회화B1,721,전공핵심,2024,1,2026,1,3
GER2072,독일어회화B2,721,전공핵심,2025,2,2025,2,1
GER2074,독문학입문,727,전공기초(필수),2024,1,2026,2,3
GER2079,유럽의역사와문화,727,전공기초(필수),2024,1,2026,1,3
GER2080,독일어텍스트분석,721,전공핵심,2024,2,2025,2,2
GER2082,유럽현대예술,727,전공기초(필수),2024,2,2026,2,3
GER2083,독일어문장분석,727,전공기초(필수),2024,1,2026,1,3
GER2084,독일어권시사토픽,727,전공기초(필수),2024,2,2026,2,3
GER2085,독일어회화C1,721,전공핵심,2026,2,2026,2,1
GER3086,독일어회화C2,722,전공심화,2026,2,2026,2,1
GER3097,독일드라마캡스톤디자인,721,전공핵심,2024,2,2026,2,2
GER3103,유럽영상문화와예술,721,전공핵심,2025,2,2026,2,2
GER3105,언어인지데이터분석방법론,722,전공심화,2024,1,2026,1,3
GER3106,제2언어습득,722,전공심화,2024,2,2024,2,1
GER4030,독일어읽기와쓰기,722,전공심화,2024,2,2026,2,2
GER4095,젠더와문학,722,전공심화,2024,1,2026,1,3
GER4100,현대독일문학의지형도,722,전공심화,2024,1,2026,1,2
GER4101,글로벌사회문화변동의비교와분석,722,전공심화,2024,2,2026,2,3
HEC1006,패션과사회,727,전공기초(필수),2024,1,2026,1,6
HEC2005,공간조명과색채,721,전공핵심,2024,1,2026,2,3
HEC2012,패션비지니스,727,전공기초(필수),2024,2,2026,2,6
HEC3004,환경행태심리론,721,전공핵심,2024,1,2026,1,3
HEC3007,드로잉과AI시각화,721,전공핵심,2024,2,2025,2,4
HEC3007,드로잉과AI시각화,727,전공기초(필수),2026,1,2026,1,1
HEC3019,패션CAD,721,전공핵심,2024,1,2026,1,9
HEC3020,패션디자인상품기획,722,전공심화,2024,2,2026,2,3
HEC4015,식품독성학,722,전공심화,2024,2,2025,2,2
HIC0001,Mindshift Bootcamp for Leading the World,800,비교과,2025,1,2026,1,2
HIC0002,SPARK,800,비교과,2025,1,2026,2,10
HIC1001,Systems Thinking and Design Thinking,111,교양필수,2025,1,2026,2,3
HIC1002,Make Core,111,교양필수,2025,2,2025,2,1
HIC1003,Life Project,111,교양필수,2025,1,2026,2,4
HIC1004,Unified Systems Science,111,교양필수,2025,1,2026,2,7
HIC1005,Mathematical Thinking,111,교양필수,2025,1,2026,2,4
HIC1006,"Algorithmic, Computational, and Data Thinking",111,교양필수,2025,1,2026,2,8
HIC1007,Global Critical Anthropology,111,교양필수,2025,1,2026,2,24
HIC1009,Unified Systems Science_StreamⅠ,111,교양필수,2025,2,2025,2,1
HIC1011,Unified Systems Science_Lab(Biochem),111,교양필수,2025,2,2025,2,1
HIC1012,Unified Systems Science_Lab(Physics),111,교양필수,2025,2,2025,2,1
HIC1013,Scientific Entrepreneurship,111,교양필수,2026,1,2026,2,2
HIC2001,기술경영에센셜,721,전공핵심,2026,1,2026,1,1
HIC2002,기초반도체물리,721,전공핵심,2026,1,2026,1,1
HIC2003,뇌의구조와기능,721,전공핵심,2026,1,2026,1,1
HIC2004,디자인과혁신심리학,721,전공핵심,2026,2,2026,2,3
HIC2005,마인드이론과fMRI,721,전공핵심,2026,2,2026,2,1
HIC2006,머신러닝기초와응용,721,전공핵심,2026,2,2026,2,1
HIC2007,미래사회와우주자원개발,721,전공핵심,2026,2,2026,2,1
HIC2008,반도체및재료과학입문,721,전공핵심,2026,2,2026,2,1
HIC2009,반도체전자기학1,721,전공핵심,2026,1,2026,1,1
HIC2010,반도체전자기학2,721,전공핵심,2026,2,2026,2,1
HIC2012,보건학의이해,721,전공핵심,2026,2,2026,2,1
HIC2014,생체신호센서,721,전공핵심,2026,2,2026,2,1
HIC2015,융합생명과학,722,전공심화,2026,1,2026,1,1
HIC2016,융합약리학개론,721,전공핵심,2026,2,2026,2,1
HIC2017,융합의과학개론,721,전공핵심,2026,2,2026,2,1
HIC2018,의료데이타사이언스,721,전공핵심,2026,2,2026,2,1
HIC2019,인지과학개론,721,전공핵심,2026,1,2026,1,1
HIC2020,인지과학의영상데이터분석,721,전공핵심,2026,1,2026,1,1
HIC2021,인지적왜곡과인지치료,721,전공핵심,2026,2,2026,2,1
HIC2022,CrossDisciplinary Project,721,전공핵심,2026,2,2026,2,1
HIC2023,임팩트스타트업과퓨처메이커십,721,전공핵심,2026,1,2026,1,1
HIC2024,지속가능경영과ESG,721,전공핵심,2026,2,2026,2,2
HIC2025,혁신가와기업가정신,721,전공핵심,2026,2,2026,2,3
HIC2026,확률과통계의기초,721,전공핵심,2026,1,2026,1,1
HIC2028,신경융합과학,721,전공핵심,2026,2,2026,2,1
HIC2029,인공지능의활용,721,전공핵심,2026,2,2026,2,1
HIC3023,신경과학과학습설계,722,전공심화,2026,2,2026,2,1
HIC3031,제품-서비스경험디자인,721,전공핵심,2026,1,2026,1,1
HIS1005,역사연구방법론,727,전공기초(필수),2024,2,2026,2,3
HIS1006,한국역사학의이해,727,전공기초(필수),2024,1,2026,1,3
HIS1007,동아시아사연구입문,727,전공기초(필수),2024,1,2026,1,3
HIS1008,한국문화유산의이해,727,전공기초(필수),2024,2,2026,2,3
HIS1009,지역사연구의이론과실습,727,전공기초(필수),2025,1,2026,1,2
HIS2003,한국고대사,721,전공핵심,2024,2,2026,2,3
HIS2011,중국고중세사,721,전공핵심,2025,1,2026,1,2
HIS2027,동아시아비교경제사,722,전공심화,2024,2,2026,2,3
HIS2032,한국고전과역사의만남,721,전공핵심,2025,1,2026,1,2
HIS2032,한국고전과역사의만남,727,전공기초(필수),2024,1,2024,1,1
HIS2034,중국고전과역사의만남,727,전공기초(필수),2024,2,2026,2,3
HIS2035,글로벌시대역사사료읽기,727,전공기초(필수),2024,1,2026,1,3
HIS2038,중국문명의기원과국가의발전,721,전공핵심,2024,1,2024,1,1
HIS2039,동아시아세계속의일본사,722,전공심화,2024,2,2026,2,3
HIS2040,글로벌서양사,721,전공핵심,2024,1,2026,1,3
HIS2066,고려시대사와문명교류,721,전공핵심,2024,1,2026,1,3
HIS2067,일제지배정책과한국독립운동,722,전공심화,2024,2,2026,2,3
HIS2069,사료로읽는아시아사,727,전공기초(필수),2024,1,2026,1,3
HIS3006,서양사학사,721,전공핵심,2024,2,2026,2,3
HIS3012,한국근대사와문화접촉,721,전공핵심,2024,1,2026,1,3
HIS3027,근대중국과동아시아,721,전공핵심,2024,1,2026,1,3
HIS3030,중화제국의발전과유목세계,721,전공핵심,2024,2,2026,2,3
HIS3038,동아시아속의조선시대사,721,전공핵심,2024,2,2026,2,3
HIS3058,법과젠더의역사,722,전공심화,2024,1,2026,1,3
HIS3060,역사학위논문지도,721,전공핵심,2024,2,2026,2,2
HIS3061,유럽사특강,727,전공기초(필수),2024,2,2026,2,3
HIS3065,한국사와공공역사,722,전공심화,2024,1,2026,1,3
HIS4009,한국현대사,721,전공핵심,2026,2,2026,2,1
HIS4027,현대중국의탄생,721,전공핵심,2024,2,2026,2,3
HIS4032,글로벌히스토리에서본냉전,722,전공심화,2024,1,2026,1,3
HIS4062,서양사회경제사의대안적상상,721,전공핵심,2024,2,2026,2,4
HOE4005,식생활관리,727,전공기초(필수),2024,1,2026,1,3
HOM1004,기초조형2,727,전공기초(필수),2024,2,2025,2,6
HOM1005,실내건축제도,727,전공기초(필수),2024,1,2025,1,4
HOM1006,건축3D모델링1,721,전공핵심,2024,1,2025,1,4
HOM1006,건축3D모델링1,727,전공기초(필수),2026,1,2026,1,3
HOM1007,공간기초스튜디오,727,전공기초(필수),2024,2,2026,2,12
HOM1008,실내건축디자인론,727,전공기초(필수),2024,1,2026,1,3
HOM1009,공간과문화컨텐츠,721,전공핵심,2024,1,2025,1,2
HOM2021,공간디자인스튜디오1,727,전공기초(필수),2024,1,2026,1,11
HOM2023,기초조형,727,전공기초(필수),2024,1,2026,1,9
HOM2024,공간디자인스튜디오2,727,전공기초(필수),2024,2,2026,2,11
HOM2025,실내계획론,721,전공핵심,2024,2,2026,2,3
HOM2027,건축3D모델링2,721,전공핵심,2024,2,2026,2,6
HOM2028,근거기반디자인,721,전공핵심,2024,2,2025,2,2
HOM2029,공간사용자경험,721,전공핵심,2026,2,2026,2,1
HOM3030,디자인경영과캡스톤디자인,722,전공심화,2024,2,2026,2,3
HOM3031,실내건축스튜디오1,721,전공핵심,2024,1,2026,1,10
HOM3034,디지털디자인과BIM,722,전공심화,2024,2,2026,2,3
HOM3036,현대실내건축사,722,전공심화,2024,2,2026,1,3
HOM3038,설비및법규,721,전공핵심,2024,2,2026,2,3
HOM3039,실내건축스튜디오2,721,전공핵심,2024,2,2026,2,9
HOM3041,피지컬컴퓨팅개론,722,전공심화,2024,2,2026,2,3
HOM3042,가구디자인과디지털패브리케이션,722,전공심화,2024,1,2026,1,3
HOM3043,디지털미디어와디자인,722,전공심화,2024,1,2026,1,3
HOM4017,실내건축시공구조및디테일,722,전공심화,2024,1,2026,1,3
HOM4021,졸업작품캡스톤디자인1,722,전공심화,2024,1,2026,1,10
HOM4022,졸업작품캡스톤디자인2,721,전공핵심,2024,2,2026,2,10
HOM4025,디자인컴퓨팅,722,전공심화,2024,1,2026,1,3
HOM4034,디자인리서치방법론,722,전공심화,2024,2,2025,2,2
HOM4036,실무다큐멘테이션,722,전공심화,2024,2,2026,2,3
HOM4037,디자인데이터분석,722,전공심화,2024,2,2026,2,3
HOM4039,실내공간재료학,722,전공심화,2024,1,2026,1,3
HOM4040,디자인연구,722,전공심화,2024,1,2026,1,3
HOM4041,AIxDesign리서치,722,전공심화,2026,2,2026,2,1
HUM1002,언어와시민교양(PBL),727,전공기초(필수),2024,1,2026,1,3
HYP1002,정보시스템HY-UP(실용연구실습)1,722,전공심화,2026,1,2026,1,2
HYP1003,간호학HY-UP(실용연구실습)1,722,전공심화,2024,1,2026,1,17
HYP1004,스포츠사이언스HY-UP(실용연구실습)1,722,전공심화,2024,1,2026,1,3
HYP1005,미래자동차공학HY-UP(실용연구실습)1,722,전공심화,2026,1,2026,1,2
HYP1011,심리뇌과학HY-UP(실용연구실습)1,722,전공심화,2026,1,2026,1,1
HYP1012,데이터사이언스HY-UP(실용연구실습)1,722,전공심화,2026,1,2026,1,6
HYP1013,도시공학HY-UP(실용연구실습)1,722,전공심화,2026,1,2026,1,1
HYP1014,생명공학HY-UP(실용연구실습)1,722,전공심화,2026,1,2026,1,1
HYP1017,유기나노공학HY-UP(실용연구실습)1,722,전공심화,2026,1,2026,1,4
HYP1019,컴퓨터소프트웨어HY-UP(실용연구실습)1,722,전공심화,2026,1,2026,1,1
HYP1020,수학HY-UP(실용연구실습)1,722,전공심화,2024,1,2026,1,3
HYP1023,전기공학HY-UP(실용연구실습)1,722,전공심화,2026,1,2026,1,2
HYP2002,정보시스템HY-UP(실용연구실습)2,722,전공심화,2026,2,2026,2,1
HYP2003,스포츠사이언스HY-UP(실용연구실습)2,722,전공심화,2025,2,2026,2,2
HYP2004,미래자동차공학HY-UP(실용연구실습)2,722,전공심화,2026,2,2026,2,10
HYP2005,바이오메디컬공학HY-UP(실용연구실습)2,722,전공심화,2026,2,2026,2,10
HYP2008,산업공학HY-UP(실용연구실습)2,722,전공심화,2026,2,2026,2,1
HYP2009,심리뇌과학HY-UP(실용연구실습)2,722,전공심화,2026,2,2026,2,3
HYP2010,데이터사이언스HY-UP(실용연구실습)2,722,전공심화,2026,2,2026,2,7
HYP2011,도시공학HY-UP(실용연구실습)2,722,전공심화,2026,2,2026,2,2
HYP2012,생명공학HY-UP(실용연구실습)2,722,전공심화,2026,2,2026,2,1
HYP2014,원자력공학HY-UP(실용연구실습)2,722,전공심화,2026,2,2026,2,1
HYP2018,컴퓨터소프트웨어HY-UP(실용연구실습)2,722,전공심화,2026,2,2026,2,1
HYP2019,화학공학HY-UP(실용연구실습)2,722,전공심화,2026,2,2026,2,1
HYP2020,독어독문학HY-UP(실용연구실습)2,722,전공심화,2025,2,2025,2,1
HYP2023,신소재공학HY-UP(실용연구실습)2,722,전공심화,2025,2,2026,2,7
HYP2024,영어영문학HY-UP(실용연구실습)2,722,전공심화,2026,2,2026,2,1
HYP3001,간호학HY-UP(실용연구실습)3,722,전공심화,2024,1,2026,1,9
HYP3004,스포츠사이언스HY-UP(실용연구실습)3,722,전공심화,2025,1,2025,1,1
HYP3017,독어독문학HY-UP(실용연구실습)3,722,전공심화,2026,1,2026,1,1
HYP3019,신소재공학HY-UP(실용연구실습)3,722,전공심화,2026,1,2026,1,1
HYP4001,간호학HY-UP(실용연구실습)4,722,전공심화,2025,2,2026,2,9
HYP4003,스포츠사이언스HY-UP(실용연구실습)4,722,전공심화,2024,2,2024,2,1
HYP4015,독어독문학HY-UP(실용연구실습)4,722,전공심화,2025,2,2025,2,1
HYP4018,신소재공학HY-UP(실용연구실습)4,722,전공심화,2025,2,2026,2,5
HYR0001,경제금융HY-UROP(실용연구심화),722,전공심화,2024,1,2026,2,14
HYR0002,국어교육HY-UROP(실용연구심화),722,전공심화,2024,1,2024,1,1
HYR0005,국제학HY-UROP(실용연구심화),722,전공심화,2024,2,2026,2,5
HYR0007,독어독문학HY-UROP(실용연구심화),722,전공심화,2025,1,2026,2,4
HYR0008,중어중문학HY-UROP(실용연구심화),722,전공심화,2025,2,2025,2,1
HYR0009,영어영문학HY-UROP(실용연구심화),722,전공심화,2026,2,2026,2,1
I-D2004,포토그래피,721,전공핵심,2024,2,2026,2,3
I-D3015,일러스트레이션1,727,전공기초(필수),2024,1,2026,1,3
I-D3018,마케팅개론,721,전공핵심,2024,1,2026,1,3
I-D4025,영상디자인1,727,전공기초(필수),2024,2,2026,2,4
ICH2001,공업유기화학1,721,전공핵심,2024,1,2026,1,18
ICH2002,공업유기화학2,721,전공핵심,2024,2,2026,2,18
ICH3011,전달현상,722,전공심화,2024,2,2026,2,6
ICH4002,전기화학,721,전공핵심,2024,1,2026,2,5
ICH4002,전기화학,722,전공심화,2024,1,2026,1,8
ICH4014,고분자공학,722,전공심화,2025,1,2025,1,1
ICH4022,고분자재료,721,전공핵심,2024,2,2026,2,6
ICH4024,전자재료디바이스,722,전공심화,2024,1,2026,2,3
IDC2001,경영학입문,721,전공핵심,2024,1,2026,1,6
IEN1002,선형대수학,722,전공심화,2026,1,2026,1,1
IME4007,자성재료,722,전공심화,2025,2,2026,2,3
INE1001,산업공학개론,721,전공핵심,2024,2,2026,2,3
INE1006,시뮬레이션,722,전공심화,2024,2,2025,2,2
INE1008,공급사슬경영(SCM),722,전공심화,2025,2,2026,2,2
INE1017,산업인공지능시스템응용,721,전공핵심,2025,2,2026,2,2
INE2009,선형계획법,721,전공핵심,2024,2,2026,2,3
INE2011,데이터구조론,721,전공핵심,2024,2,2025,2,2
INE2015,산공수학,721,전공핵심,2024,1,2026,1,3
INE2016,경영전략및데이터베이스,722,전공심화,2024,2,2026,2,3
INE2075,스마트팩토리개론,721,전공핵심,2026,1,2026,1,1
INE2076,투자과학,721,전공핵심,2024,2,2026,2,3
INE3017,생산공학,722,전공심화,2024,1,2026,1,3
INE3028,CAD,721,전공핵심,2024,1,2026,1,6
INE3079,경영과학과운영연구1,721,전공핵심,2024,1,2026,1,3
INE3080,경영과학과운영연구2,721,전공핵심,2024,2,2026,2,3
INE3081,운용관리,721,전공핵심,2024,1,2026,1,3
INE3082,네트워크및재고전략,722,전공심화,2024,1,2026,1,3
INE3083,금융공학개론,722,전공심화,2024,2,2026,2,3
INE3098,시계열분석및예측,721,전공핵심,2024,1,2026,1,3
INE3099,산업공학연구실현장실습1,722,전공심화,2024,1,2024,1,1
INE3100,산업공학연구실현장실습2,722,전공심화,2025,2,2025,2,2
INE4004,실험계획법,721,전공핵심,2024,2,2026,2,2
INE4004,실험계획법,722,전공심화,2024,1,2026,1,3
INE4023,물류관리,721,전공핵심,2024,1,2026,1,2
INE4044,신뢰성및보전공학,722,전공심화,2024,2,2025,2,2
INE4056,신뢰성공학,721,전공핵심,2024,2,2026,2,2
INE4089,산업공학종합설계1,722,전공심화,2024,1,2026,1,9
INE4090,산업공학종합설계2,722,전공심화,2024,2,2026,2,6
INE4092,프로젝트관리공학,722,전공심화,2024,1,2025,1,2
INE4100,제조시스템공학,722,전공심화,2024,2,2025,2,2
INE4108,응용데이터애널리틱스,722,전공심화,2024,1,2026,1,3
INE4109,데이터경영,722,전공심화,2025,1,2025,1,1
INE4110,산업공학연구실현장실습3,722,전공심화,2024,1,2026,1,7
INE4111,산업공학연구실현장실습4,722,전공심화,2024,2,2026,2,7
INE4115,스마트제조데이터분석,722,전공심화,2026,1,2026,1,1
INE5006,데이터마이닝,721,전공핵심,2024,1,2026,1,3
INE5008,기계학습과데이터마이닝,721,전공핵심,2024,1,2026,1,3
INO0001,유쾌한이노베이션,711,핵심교양,2024,1,2026,2,18
INT3004,국제마케팅,722,전공심화,2024,2,2026,2,22
INV2001,국제개발협력의이해,721,전공핵심,2024,1,2024,1,1
INV2002,사회적금융과미래혁신,721,전공핵심,2024,2,2026,2,3
INV2003,사회혁신공감실습,721,전공핵심,2024,2,2025,2,2
INV2004,CSR과사회혁신,722,전공심화,2024,1,2024,1,1
INV2006,체인지메이커십,721,전공핵심,2024,1,2025,1,2
INV2007,사회혁신과시민사회조직,721,전공핵심,2024,2,2024,2,1
INV2008,지속가능한도시와소셜리빙랩,721,전공핵심,2024,1,2024,1,1
INV2010,지속가능한도시와소셜리빙랩2,722,전공심화,2024,2,2024,2,1
INV2011,SDGs와인권,721,전공핵심,2025,2,2026,2,2
INV2015,사회혁신과임팩트비즈니스,721,전공핵심,2024,2,2025,2,2
INV2016,공감기반리빙랩1:지식창조,721,전공핵심,2026,2,2026,2,1
INV3001,사회적경제와미래혁신,722,전공심화,2024,1,2026,1,3
INV3002,사회혁신캡스톤디자인을위한창의적문제해결론,721,전공핵심,2024,1,2026,1,3
INV3007,임팩트측정및커뮤니케이션,721,전공핵심,2024,2,2026,2,3
INV3008,기후위기와지속가능한푸드시스템,722,전공심화,2026,2,2026,2,1
INV3009,ESG와지속가능경영,722,전공심화,2025,1,2026,1,3
INV3010,Age-tech와AI혁신,721,전공핵심,2025,2,2026,2,2
INV3011,사회혁신을위한시스템사고,721,전공핵심,2025,1,2025,1,1
INV3013,로컬리즘과사회혁신,721,전공핵심,2025,2,2026,2,2
INV3014,국제개발협력평가,722,전공심화,2026,2,2026,2,2
INV4002,사회혁신을위한질적연구방법론및실습,722,전공심화,2024,2,2024,2,1
INV4003,"글로벌사회혁신의여정:개념,접근,그리고사례",722,전공심화,2025,1,2026,1,2
INV4004,테크포임팩트프랙티컴,721,전공핵심,2026,2,2026,2,1
INV4004,테크포임팩트프랙티컴,722,전공심화,2025,2,2025,2,1
INV4005,ESG프랙티컴,722,전공심화,2025,2,2025,2,1
ITC2001,파이썬데이터분석,721,전공핵심,2024,2,2026,2,8
ITC2002,디지털기술과경영,721,전공핵심,2025,2,2026,2,3
ITC2003,데이터구조입문,727,전공기초(필수),2024,1,2026,1,6
ITC3001,고객관계관리,721,전공핵심,2024,2,2024,2,1
ITC3001,고객경험관리,722,전공심화,2026,2,2026,2,3
ITC3009,텍스트마이닝,722,전공심화,2024,2,2026,2,6
ITC3010,모바일앱프로그래밍,721,전공핵심,2024,2,2026,2,6
ITC3012,UI/UX입문,721,전공핵심,2024,1,2025,1,2
ITC3013,해석가능인공지능,722,전공심화,2024,2,2026,2,3
ITC3014,경험서비스디자인,721,전공핵심,2025,2,2026,2,5
ITC3015,데이터베이스이론과응용,721,전공핵심,2026,2,2026,2,1
ITC3016,객체지향컴퓨팅,722,전공심화,2026,2,2026,2,1
ITC3017,경험평가방법론,722,전공심화,2026,2,2026,2,2
ITC3018,데이터기반경험서비스설계,722,전공심화,2026,2,2026,2,2
ITC4006,정보공학창의설계,722,전공심화,2024,1,2026,1,7
ITC4007,정보공학종합설계,722,전공심화,2024,2,2026,2,5
ITC4008,지식공학,722,전공심화,2024,2,2026,2,3
ITC4009,인공지능1,722,전공심화,2024,1,2026,1,3
ITC4010,인공지능2,722,전공심화,2024,2,2026,2,3
ITC4011,산업사물인터넷(캡스톤디자인),722,전공심화,2024,2,2025,2,2
ITC4014,인간-인공지능협업제품서비스설계,722,전공심화,2024,2,2026,2,3
ITE1009,C프로그래밍,721,전공핵심,2024,1,2026,1,4
ITE1009,C프로그래밍,727,전공기초(필수),2024,1,2026,1,6
ITE1010,C++프로그래밍,727,전공기초(필수),2024,2,2026,2,6
ITE1012,정보시스템개론,727,전공기초(필수),2024,2,2026,2,3
ITE1014,소프트웨어입문설계,727,전공기초(필수),2024,1,2025,1,28
ITE1015,창의적소프트웨어프로그래밍,721,전공핵심,2024,2,2026,2,49
ITE1016,전공멘토링1,721,전공핵심,2024,1,2026,1,71
ITE1017,전공멘토링2,721,전공핵심,2024,2,2026,2,49
ITE2015,디지털논리,721,전공핵심,2025,1,2026,1,12
ITE2015,디지털논리,727,전공기초(필수),2024,1,2024,1,9
ITE2020,웹시스템프로그래밍1,721,전공핵심,2024,1,2025,1,2
ITE2021,웹시스템프로그래밍2,721,전공핵심,2024,2,2024,2,1
ITE2023,알고리즘분석,721,전공핵심,2024,2,2026,2,3
ITE2024,정보시스템분석,721,전공핵심,2024,1,2026,1,3
ITE2030,정보시스템설계,721,전공핵심,2024,2,2026,2,3
ITE2031,컴퓨터구조론,721,전공핵심,2024,1,2026,1,36
ITE2037,객체지향시스템설계,721,전공핵심,2024,1,2026,1,68
ITE2038,데이터베이스시스템및응용,721,전공핵심,2024,2,2026,2,41
ITE2038,데이터베이스시스템및응용,722,전공심화,2024,2,2025,2,2
ITE2039,알고리즘및문제해결기법,721,전공핵심,2024,2,2026,2,29
ITE3013,랜덤프로세스,722,전공심화,2024,1,2026,1,16
ITE3016,데이터베이스시스템,721,전공핵심,2026,2,2026,2,1
ITE3016,데이터베이스시스템,727,전공기초(필수),2024,2,2026,1,3
ITE3026,전사적애플리케이션,721,전공핵심,2026,1,2026,1,1
ITE3031,시스템소프트웨어론,721,전공핵심,2024,1,2026,1,3
ITE3032,객체지향프로그래밍-JAVA,721,전공핵심,2024,1,2026,1,4
ITE3035,ERP시스템,721,전공핵심,2024,1,2026,1,3
ITE3050,통신망이론,722,전공심화,2024,1,2025,1,2
ITE3051,인공지능및응용,722,전공심화,2024,2,2026,2,3
ITE3061,계산이론및오토마타,721,전공핵심,2024,1,2026,1,11
ITE3062,인간컴퓨터상호작용,722,전공심화,2024,1,2026,2,13
ITE3068,소프트웨어스튜디오2,722,전공심화,2024,2,2024,2,3
ITE3074,소프트웨어기술창업1,722,전공심화,2024,2,2025,2,10
ITE4003,SOC설계,722,전공심화,2024,1,2026,1,15
ITE4004,네트워크프로토콜,722,전공심화,2024,1,2025,1,6
ITE4005,데이터사이언스,721,전공핵심,2024,1,2026,1,3
ITE4005,데이터사이언스,722,전공심화,2024,1,2026,1,20
ITE4006,분산컴퓨팅,722,전공심화,2024,2,2026,2,7
ITE4007,컴퓨터보안,722,전공심화,2024,2,2026,2,11
ITE4012,신제품개발,722,전공심화,2024,1,2026,1,10
ITE4023,정보보호,722,전공심화,2024,1,2026,1,3
ITE4031,전자상거래이론,722,전공심화,2024,1,2026,1,3
ITE4035,시스템감리론,722,전공심화,2024,2,2026,2,3
ITE4037,시스템플래닝실습,722,전공심화,2024,2,2026,2,3
ITE4046,웹프로그래밍,721,전공핵심,2024,1,2026,1,5
ITE4048,IT프로젝트관리론,722,전공심화,2024,2,2025,2,2
ITE4049,블록체인개론,722,전공심화,2024,2,2026,2,2
ITE4050,IT와경영전략,722,전공심화,2024,2,2026,2,4
ITE4052,컴퓨터비전,722,전공심화,2024,1,2026,2,11
ITE4053,딥러닝및응용,722,전공심화,2024,1,2026,1,30
ITE4054,캡스톤소프트웨어프로젝트1,722,전공심화,2024,1,2026,1,69
ITE4055,캡스톤소프트웨어프로젝트2,722,전공심화,2024,2,2026,2,49
ITE4075,CSE융합세미나1,722,전공심화,2024,1,2026,1,10
ITE4076,CSE융합세미나2,722,전공심화,2024,2,2026,2,10
ITE4080,지능형생물정보학,722,전공심화,2025,2,2025,2,4
ITE4083,소프트웨어기술창업2,722,전공심화,2024,1,2025,1,10
ITE4084,정보시스템학종합설계1,722,전공심화,2024,1,2025,1,2
ITE4085,정보시스템학종합설계2,722,전공심화,2024,2,2025,2,2
ITE4086,비즈니스인텔리전스와인공지능의실재,721,전공핵심,2025,1,2026,1,2
ITE4087,데이터사이언스기반의사결정지원,722,전공심화,2025,2,2026,2,2
ITE4088,정보시스템학종합설계,722,전공심화,2026,1,2026,2,2
JMC1005,미디어의이해,721,전공핵심,2026,1,2026,1,2
JMC1005,미디어의이해,727,전공기초(필수),2024,1,2025,1,4
JMC1011,미디어커뮤니케이션과사회,721,전공핵심,2024,1,2025,1,4
JMC1011,미디어커뮤니케이션과사회,727,전공기초(필수),2026,2,2026,2,2
JMC2008,방송론,721,전공핵심,2024,2,2026,2,5
JMC2008,방송론,722,전공심화,2024,2,2026,2,3
JMC2022,미디어전략과기획,722,전공심화,2024,2,2025,2,2
JMC2026,설득커뮤니케이션과광고,727,전공기초(필수),2024,1,2024,1,2
JMC2027,광고전략과비평,721,전공핵심,2025,2,2026,2,2
JMC2028,광고와커뮤니케이션,727,전공기초(필수),2025,1,2025,1,2
JMC3002,커뮤니케이션연구방법론,721,전공핵심,2024,1,2026,2,3
JMC3003,신문제작,722,전공심화,2024,1,2026,1,5
JMC3015,방송제작,722,전공심화,2024,1,2026,1,6
JMC3017,정치커뮤니케이션,721,전공핵심,2024,2,2026,2,3
JMC3042,미디어논술과작문,722,전공심화,2024,1,2026,1,3
JMC3047,커뮤니케이션과미디어심리,721,전공핵심,2024,1,2026,1,3
JMC3048,필란트로피커뮤니케이션,721,전공핵심,2024,2,2026,2,3
JMC3049,설득커뮤니케이션의이해,722,전공심화,2026,1,2026,1,1
JMC4024,언론법제,721,전공핵심,2024,1,2026,1,6
JMC4039,대중문화와문화산업,722,전공심화,2024,1,2026,1,4
JOB2001,현장실습(전공핵심),721,전공핵심,2026,2,2026,2,1
JOB2002,현장실습(전공심화),722,전공심화,2026,2,2026,2,1
JOB2003,현장실습(일반교양),711,핵심교양,2026,2,2026,2,1
JOB2005,현장실습(일반선택),132,타전공(일반)선택,2026,2,2026,2,1
JOB3001,현장실습(4+1),722,전공심화,2026,2,2026,2,1
JOU2004,AI저널리즘,721,전공핵심,2024,2,2026,2,6
JOU2009,보도사진실습,722,전공심화,2024,1,2026,2,5
JOU2011,신문론,721,전공핵심,2024,1,2026,1,4
JOU2012,영상문화,721,전공핵심,2024,2,2026,1,3
JOU2013,디지털출판기획과제작,722,전공심화,2024,2,2026,1,3
JOU2014,광고기획제작,722,전공심화,2024,2,2026,2,4
JOU2015,매스컴론,721,전공핵심,2024,2,2026,2,6
JOU2017,영상언어의이해,722,전공심화,2024,1,2025,1,2
JOU2018,대인간커뮤니케이션,722,전공심화,2024,1,2026,1,3
JOU3012,매체효과,721,전공핵심,2024,1,2025,1,3
JOU3012,미디어커뮤니케이션학입문,727,전공기초(필수),2026,1,2026,1,2
JOU3020,PR커뮤니케이션의이해,721,전공핵심,2024,1,2026,1,5
JOU3021,여론과캠페인,721,전공핵심,2024,2,2026,2,7
JOU3021,여론과캠페인,722,전공심화,2024,2,2026,2,3
JOU3058,언론제도,721,전공핵심,2024,2,2026,2,6
JOU3062,디지털방송저널리즘,722,전공심화,2024,2,2025,2,4
JOU3066,스피치커뮤니케이션의이해,721,전공핵심,2026,2,2026,2,2
JOU3066,스피치커뮤니케이션의이해,727,전공기초(필수),2024,2,2025,2,4
JOU3067,미디어와문화,722,전공심화,2024,2,2025,2,4
JOU3068,미디어와문화정책,722,전공심화,2024,2,2024,2,1
JOU3069,프로젝트리더십커뮤니케이션,722,전공심화,2024,2,2025,2,2
JOU4009,영상제작실습2,721,전공핵심,2024,2,2026,2,4
JOU4014,영상미디어산업과인공지능,721,전공핵심,2024,1,2026,1,3
JOU4018,글로벌미디어와커뮤니케이션,722,전공심화,2024,1,2026,1,5
JOU4019,미디어비즈니스실무,722,전공심화,2025,2,2026,2,2
KLE2004,국어과교육론,727,전공기초(필수),2024,2,2026,2,3
KLE2009,문학의이해,711,핵심교양,2024,1,2026,2,18
KLE2019,독서교육론,727,전공기초(필수),2024,2,2026,1,3
KLE2024,국어규범론,727,전공기초(필수),2024,1,2026,1,3
KLE2027,국어형태통사론,721,전공핵심,2024,2,2026,2,3
KLE2028,현대시작품론,721,전공핵심,2024,1,2026,1,3
KLE2029,현대소설작품론,721,전공핵심,2024,2,2026,2,3
KLE3011,작문교육론,727,전공기초(필수),2024,1,2026,1,3
KLE3013,국어과교육과정및교재연구,727,전공기초(필수),2024,1,2026,1,3
KLE3016,현대시교육론,722,전공심화,2024,2,2026,2,3
KLE3017,현대소설교육론,722,전공심화,2024,2,2026,2,3
KLE3023,국어의미화용론,721,전공핵심,2024,1,2026,1,2
KLE3024,글로벌한국어교육,721,전공핵심,2026,2,2026,2,1
KLE4012,문학비평교육론,721,전공핵심,2025,1,2026,1,2
KLE4013,화법교육론,721,전공핵심,2024,2,2026,2,3
KLE4021,고전문학교육론,722,전공심화,2024,1,2026,1,3
KLE4022,국어과논리및논술,721,전공핵심,2024,2,2026,2,3
KLE4023,문법교육론,722,전공심화,2024,2,2026,2,3
KLE4024,국어과교수학습및평가,721,전공핵심,2024,1,2026,1,3
KLE4026,국어과현장수업연구,722,전공심화,2024,2,2024,2,1
KOR1015,문학작품어떻게읽을까,727,전공기초(필수),2024,1,2026,1,3
KOR1016,한국어의이해,727,전공기초(필수),2024,1,2026,1,3
KOR1018,현대사회와문학,727,전공기초(필수),2024,1,2026,1,3
KOR1019,AI리터러시교육,722,전공심화,2025,2,2026,2,2
KOR1020,고전소설작품론,721,전공핵심,2024,2,2026,2,3
KOR2001,국문학개론,727,전공기초(필수),2024,2,2026,2,3
KOR2002,국어학개론,727,전공기초(필수),2024,1,2026,1,3
KOR2003,국문학사,721,전공핵심,2024,2,2026,2,2
KOR2023,국문학입문,727,전공기초(필수),2024,2,2026,2,3
KOR2025,현대소설의이해,727,전공기초(필수),2024,1,2026,1,3
KOR2026,현대시의이해,727,전공기초(필수),2024,1,2026,1,3
KOR2030,한국문학의쟁점과인문학적확장탐색,722,전공심화,2024,1,2026,1,3
KOR2041,국어학입문,727,전공기초(필수),2024,1,2026,1,3
KOR2042,고전명문감상,721,전공핵심,2024,1,2026,1,3
KOR2045,한국어음운의이해,722,전공심화,2024,1,2026,1,3
KOR2045,한국어음운의이해,727,전공기초(필수),2024,1,2026,1,3
KOR2049,한국어의문장구조,721,전공핵심,2024,1,2026,1,4
KOR2049,한국어의문장구조,722,전공심화,2025,1,2026,1,2
KOR2062,문학과역사,722,전공심화,2025,1,2026,1,2
KOR2063,한국문학의역사1,727,전공기초(필수),2024,2,2026,2,3
KOR2064,설화와소설,721,전공핵심,2024,2,2026,2,2
KOR2066,한글맞춤법과교정의실제,721,전공핵심,2024,2,2026,2,3
KOR2066,한글맞춤법과교정의실제,722,전공심화,2024,2,2026,2,3
KOR2068,한국어의사소통,721,전공핵심,2024,2,2026,2,3
KOR2071,한국어단어의세계,721,전공핵심,2024,1,2026,1,3
KOR2072,현대명작감상,721,전공핵심,2024,2,2026,2,3
KOR2073,미디어시대의문학읽기,721,전공핵심,2024,1,2025,1,2
KOR2074,고전시가작품론,721,전공핵심,2024,1,2026,1,3
KOR3004,국어음운론,721,전공핵심,2024,1,2026,1,3
KOR3006,국어사,722,전공심화,2024,2,2026,2,3
KOR3026,텍스트이해의이론과실제,721,전공핵심,2024,1,2026,1,3
KOR3031,한시의감상과이해,721,전공핵심,2024,1,2026,1,2
KOR3048,한국어의미론,721,전공핵심,2024,2,2026,2,3
KOR3064,한국문학의역사2,721,전공핵심,2024,1,2025,1,2
KOR3065,생활속의한국어자료해석,722,전공심화,2024,1,2026,1,6
KOR3067,철학으로읽는한국문학,722,전공심화,2024,1,2026,1,3
KOR3068,역사속의한국어변화해독,722,전공심화,2024,2,2026,2,3
KOR3069,창의적시쓰기와철학적해석,722,전공심화,2024,2,2026,2,3
KOR3070,동서양신화읽기,722,전공심화,2024,2,2026,2,3
KOR3072,문학텍스트의상징재해석,722,전공심화,2024,2,2026,2,3
KOR3074,4차산업혁명시대의문예비평,721,전공핵심,2024,2,2026,2,3
KOR3074,4차산업혁명시대의문예비평,722,전공심화,2024,2,2026,2,3
KOR3079,옛사람의시와노래,721,전공핵심,2024,2,2026,2,3
KOR4035,한국문학과동아시아적사유를통한재해석,722,전공심화,2024,2,2026,2,3
KOR4048,상황속의한국어실제통찰,722,전공심화,2024,1,2026,1,3
KOR4056,소설과영화,711,핵심교양,2024,1,2026,2,6
KOR4060,현대소설창작과감상,722,전공심화,2024,1,2026,1,3
KOR4066,무역한국어,721,전공핵심,2024,1,2026,1,4
KOR4066,무역한국어,722,전공심화,2024,1,2024,1,1
KOR4073,문학으로역사읽기,722,전공심화,2024,1,2024,1,1
KOR4075,지역속의한국어모습이해,722,전공심화,2024,2,2026,2,3
KOR4081,영상내러티브를통한문화연구,722,전공심화,2026,1,2026,1,1
KTM1001,국악개론1,727,전공기초(필수),2024,1,2026,1,3
KTM1002,국악개론 2,727,전공기초(필수),2024,2,2026,2,3
KTM1013,국악총론1,721,전공핵심,2024,1,2026,1,3
KTM1014,국악총론2,721,전공핵심,2024,2,2026,2,3
KTM1053,국악전공실기1,727,전공기초(필수),2024,1,2026,1,3
KTM1054,국악전공실기2,727,전공기초(필수),2024,2,2026,2,3
KTM1084,국악개론및감상1,721,전공핵심,2024,1,2026,1,3
KTM1085,국악개론및감상2,721,전공핵심,2026,2,2026,2,1
KTM1086,국악실습1,721,전공핵심,2024,1,2026,1,3
KTM1087,정악합주1,721,전공핵심,2024,1,2026,1,3
KTM1089,국악실습2,721,전공핵심,2024,2,2026,2,3
KTM1090,정악합주2,721,전공핵심,2024,2,2026,2,3
KTM1091,세계악기론,727,전공기초(필수),2024,1,2026,1,3
KTM2005,국악실내악1,727,전공기초(필수),2024,1,2026,1,3
KTM2006,국악실내악2,727,전공기초(필수),2024,2,2026,2,3
KTM2009,국악문헌1,722,전공심화,2024,1,2026,1,3
KTM2010,국악문헌2,722,전공심화,2024,2,2026,2,3
KTM2013,국악특수악기1,722,전공심화,2024,1,2026,1,3
KTM2014,국악특수악기2,722,전공심화,2024,2,2026,2,3
KTM2033,국악전공실기3,721,전공핵심,2024,1,2026,1,3
KTM2034,국악전공실기4,721,전공핵심,2024,2,2026,2,3
KTM2085,국악실습3,721,전공핵심,2024,1,2026,1,3
KTM2087,정가실습1,722,전공심화,2024,1,2026,1,3
KTM2088,정악합주3,721,전공핵심,2024,1,2026,1,3
KTM2089,국악실습4,721,전공핵심,2024,2,2026,2,3
KTM2091,정가실습2,722,전공심화,2024,2,2026,2,3
KTM2092,정악합주4,721,전공핵심,2024,2,2026,2,3
KTM2093,국악관현실습2,722,전공심화,2024,2,2026,2,3
KTM2094,공연예술산업1,722,전공심화,2024,1,2026,1,3
KTM2095,공연예술산업2,722,전공심화,2024,2,2026,2,3
KTM2096,국악관현실습1,722,전공심화,2024,1,2026,1,3
KTM3005,국악실내악3,722,전공심화,2024,1,2026,1,3
KTM3006,국악실내악4,722,전공심화,2024,2,2026,2,3
KTM3009,국악사1,721,전공핵심,2024,1,2026,1,3
KTM3010,국악사2,721,전공핵심,2024,2,2026,2,2
KTM3013,국악특수악기3,722,전공심화,2024,1,2026,1,3
KTM3014,국악특수악기4,722,전공심화,2024,2,2026,2,3
KTM3032,국악특수악기5,722,전공심화,2024,1,2026,1,3
KTM3033,국악특수악기6,722,전공심화,2024,2,2026,2,3
KTM3043,국악전공실기5,721,전공핵심,2024,1,2026,1,3
KTM3044,국악전공실기6,721,전공핵심,2024,2,2026,2,3
KTM3084,국악실습5,721,전공핵심,2024,1,2026,1,3
KTM3086,정악합주5,721,전공핵심,2024,1,2026,1,3
KTM3087,판소리실습1,727,전공기초(필수),2024,1,2026,1,3
KTM3088,국악실습6,721,전공핵심,2024,2,2026,2,3
KTM3090,정악합주6,721,전공핵심,2024,2,2026,2,3
KTM3091,판소리실습2,727,전공기초(필수),2024,2,2026,2,3
KTM3092,국악관현실습3,722,전공심화,2024,1,2026,1,3
KTM4005,국악실내악5,722,전공심화,2024,1,2026,1,3
KTM4006,국악실내악6,722,전공심화,2024,2,2026,2,3
KTM4057,국악전공실기7,721,전공핵심,2024,1,2026,1,3
KTM4058,국악전공실기8,721,전공핵심,2024,2,2026,2,3
KTM4083,국악실습7,721,전공핵심,2024,1,2026,1,3
KTM4085,민요실습1,722,전공심화,2024,1,2026,1,3
KTM4086,정악합주7,721,전공핵심,2024,1,2026,1,3
KTM4087,국악실습8,721,전공핵심,2024,2,2026,2,3
KTM4089,민요실습2,722,전공심화,2024,2,2026,2,3
KTM4090,정악합주8,721,전공핵심,2024,2,2026,2,3
KTM4091,국악관현실습4,722,전공심화,2024,2,2026,2,3
KTM4092,민속악창작연구,722,전공심화,2024,1,2026,1,3
LAW3015,국제법,722,전공심화,2024,2,2026,2,3
LAW3024,법과정치,722,전공심화,2024,2,2026,2,3
LAW4005,법철학,722,전공심화,2024,1,2026,1,3
LIF2002,생명과학야외실습,721,전공핵심,2024,1,2026,1,3
LIF2022,분자생명과학실험,721,전공핵심,2024,2,2026,1,4
LIF2023,생태환경과학실험,721,전공핵심,2024,2,2026,2,6
LIF2024,식물학,721,전공핵심,2024,1,2025,1,2
LIF2025,동물의다양성및실험,721,전공핵심,2024,1,2025,1,2
LIF2026,생명과학연구개론,727,전공기초(필수),2024,2,2026,2,3
LIF2028,미생물학및세포생물학실험,721,전공핵심,2024,1,2025,2,2
LIF3001,생명과학야외실습2,721,전공핵심,2024,1,2025,1,2
LIF3007,나노생명과학,722,전공심화,2024,1,2025,1,2
LIF3008,면역학1,721,전공핵심,2024,1,2026,2,3
LIF3019,면역학2및실험,722,전공심화,2025,2,2025,2,1
LIF3021,동식물생리학실험,721,전공핵심,2024,2,2026,2,3
LIF3022,생명과학캡스톤연구실험2,721,전공핵심,2024,2,2024,2,1
LIF4001,바이오기술,722,전공심화,2024,2,2025,2,2
LIF4003,생명과학야외실습3,721,전공핵심,2024,1,2025,1,2
LIF4011,생명과학세미나1,722,전공심화,2024,1,2026,1,3
LIF4012,생명과학세미나2,722,전공심화,2024,2,2026,2,3
LIF4013,식물기능유전체학,722,전공심화,2024,1,2025,1,2
MAE2001,재료과학1,721,전공핵심,2024,1,2026,1,20
MAE2002,재료과학2,721,전공핵심,2024,2,2026,2,21
MAE2008,신소재공학요소설계1(URIP),722,전공심화,2024,1,2024,1,4
MAE2009,신소재공학요소설계2(URIP),722,전공심화,2024,2,2024,2,10
MAE2010,결정구조분석,722,전공심화,2024,2,2026,2,6
MAE3019,전자소자재료1,721,전공핵심,2024,1,2026,1,15
MAE3020,전자소자재료2,721,전공핵심,2024,2,2026,2,12
MAE3022,재료의물리적해석1,721,전공핵심,2024,1,2026,1,7
MAE3023,재료의물리적해석2,721,전공핵심,2024,2,2026,2,7
MAE3025,나노소재기기분석,722,전공심화,2024,1,2026,1,5
MAE3026,고체이온공학,721,전공핵심,2024,1,2026,1,5
MAE3027,신소재공학실험1,722,전공심화,2024,1,2026,1,26
MAE3028,신소재공학실험2,722,전공심화,2024,2,2026,2,17
MAE3029,재료의화학적해석,721,전공핵심,2024,1,2026,1,9
MAE3063,세라믹재료및공정,721,전공핵심,2024,2,2026,2,4
MAE3064,바이오신소재공학,722,전공심화,2024,2,2026,2,5
MAE3065,데이터의구조,722,전공심화,2025,2,2026,2,3
MAE4014,전기화학재료,721,전공핵심,2024,1,2026,1,10
MAE4026,나노입자공학,722,전공심화,2024,1,2025,1,4
MAE4028,재료의기계적거동,721,전공핵심,2024,2,2026,2,5
MAE4031,반도체디스플레이개론,722,전공심화,2024,1,2026,1,3
MAE4034,유기재료,722,전공심화,2024,1,2026,2,3
MAE4036,재료상변태,721,전공핵심,2024,1,2025,1,4
MAE4060,미래기술과신소재1,722,전공심화,2024,1,2025,1,4
MAE4061,미래기술과신소재2,722,전공심화,2024,2,2025,2,4
MAE4063,첨단구조재료의개발,722,전공심화,2024,1,2026,1,5
MAE4064,인공지능뉴로컴퓨팅,722,전공심화,2025,1,2026,1,3
MAE4065,전자소자및회로,722,전공심화,2024,2,2026,2,5
MAT1003,행렬과기하,727,전공기초(필수),2024,1,2026,1,3
MAT2003,선형대수,721,전공핵심,2024,1,2026,1,5
MAT2003,선형대수,727,전공기초(필수),2024,1,2026,2,66
MAT2006,정수론,721,전공핵심,2024,1,2026,2,8
MAT2009,미분방정식,721,전공핵심,2024,1,2026,2,3
MAT2015,고등미적분학1,727,전공기초(필수),2024,1,2026,1,6
MAT2016,고등미적분학2,721,전공핵심,2024,2,2024,2,1
MAT2016,고등미적분학2,727,전공기초(필수),2025,2,2026,2,2
MAT2017,확률통계론,721,전공핵심,2024,1,2026,2,8
MAT2017,확률통계론,727,전공기초(필수),2024,1,2026,2,82
MAT2020,이산수학,727,전공기초(필수),2024,1,2026,2,30
MAT2021,전산통계,721,전공핵심,2024,2,2024,2,2
MAT2022,통계학의원리,721,전공핵심,2024,1,2026,1,6
MAT2023,선형대수1,727,전공기초(필수),2024,1,2026,1,9
MAT2024,선형대수2,721,전공핵심,2024,2,2026,2,3
MAT2024,선형대수2,727,전공기초(필수),2024,2,2026,2,4
MAT2031,수학적알고리듬,721,전공핵심,2025,1,2026,1,3
MAT2032,조합수학,721,전공핵심,2025,1,2026,1,2
MAT2033,통계자료분석방법론,721,전공핵심,2025,2,2026,2,4
MAT2034,계산수론,721,전공핵심,2025,2,2026,2,2
MAT2068,수학사와수학교육사,721,전공핵심,2024,2,2026,2,3
MAT2073,해석학개론1,727,전공기초(필수),2024,1,2026,1,3
MAT2076,해석학개론2,721,전공핵심,2024,2,2026,2,3
MAT3001,현대대수1,721,전공핵심,2024,1,2026,1,3
MAT3001,현대대수1,727,전공기초(필수),2024,1,2026,1,3
MAT3002,현대대수2,721,전공핵심,2024,2,2026,2,3
MAT3002,현대대수2,722,전공심화,2024,2,2026,2,3
MAT3004,위상수학1,721,전공핵심,2024,1,2026,1,3
MAT3004,위상수학1,727,전공기초(필수),2024,1,2026,1,3
MAT3008,수치해석,721,전공핵심,2024,2,2026,2,22
MAT3008,수치해석,727,전공기초(필수),2024,1,2026,2,52
MAT3011,기하학,722,전공심화,2024,2,2024,2,1
MAT3018,수리계획법,722,전공심화,2024,2,2024,2,1
MAT3022,수리통계학1,721,전공핵심,2024,1,2026,1,6
MAT3023,수리통계학2,722,전공심화,2024,2,2026,2,3
MAT3025,복소함수론1,722,전공심화,2024,2,2026,2,3
MAT3026,복소함수론2,722,전공심화,2024,1,2026,1,3
MAT3027,복소수해석학1,721,전공핵심,2024,1,2026,1,3
MAT3028,복소수해석학2,722,전공심화,2024,2,2026,2,3
MAT3038,행렬계산론,721,전공핵심,2026,1,2026,1,1
MAT3039,수치해석학,721,전공핵심,2026,2,2026,2,1
MAT3051,수치해석1,721,전공핵심,2024,1,2025,1,3
MAT3052,수치해석2,722,전공심화,2024,2,2025,2,2
MAT3056,수학교육론,727,전공기초(필수),2024,1,2026,1,3
MAT3057,수학교재연구및지도법,727,전공기초(필수),2024,2,2026,2,3
MAT3058,수학교육과정과평가,722,전공심화,2024,1,2024,1,1
MAT3060,수학교육의다문화적이해,722,전공심화,2024,1,2026,1,3
MAT3066,벡터해석학,722,전공심화,2024,2,2026,1,3
MAT3068,해석학개론3,721,전공핵심,2024,1,2026,1,3
MAT3076,AI와공학도구를활용한수학수업,721,전공핵심,2026,2,2026,2,1
MAT4004,위상수학2,721,전공핵심,2025,2,2026,2,2
MAT4004,위상수학2,722,전공심화,2024,2,2026,2,3
MAT4005,미분기하,722,전공심화,2024,1,2026,1,3
MAT4009,그래프론,722,전공심화,2024,1,2024,1,1
MAT4015,확률및통계,727,전공기초(필수),2024,2,2026,2,3
MAT4031,편미분방정식과응용,722,전공심화,2024,2,2026,2,3
MAT4033,실변수함수론,722,전공심화,2024,1,2026,1,3
MAT4034,수학교육논술,727,전공기초(필수),2024,2,2026,2,3
MAT4056,미분기하학1,721,전공핵심,2024,1,2026,1,3
MAT4057,미분기하학2,721,전공핵심,2024,2,2026,2,3
MAT4060,조합론,722,전공심화,2024,2,2026,2,3
MAT4063,대수학특론,722,전공심화,2024,1,2026,1,3
MAT4073,확률론,722,전공심화,2024,2,2026,2,3
MAT4092,암호론PBL,722,전공심화,2024,1,2026,1,3
MAT4098,수학과현장수업연구,722,전공심화,2024,2,2024,2,1
MED2010,유전학,721,전공핵심,2024,2,2026,2,4
MEE2010,기계공학기초실험및설계,722,전공심화,2024,2,2026,2,7
MEE3001,열역학1,721,전공핵심,2024,2,2026,2,21
MEE3002,열역학2,721,전공핵심,2024,1,2026,1,21
MEE3003,유체역학1,721,전공핵심,2024,1,2026,1,12
MEE3004,유체역학2,721,전공핵심,2024,2,2026,2,16
MEE3007,유체역학,721,전공핵심,2024,1,2026,2,17
MEE3008,로보트공학,722,전공심화,2024,1,2026,1,9
MEE3012,열역학,721,전공핵심,2024,1,2026,1,3
MEE4001,열전달,721,전공핵심,2024,2,2026,2,23
MEE4011,계측공학,722,전공심화,2024,1,2025,1,6
MEE4035,차량동역학시스템,722,전공심화,2024,2,2026,2,6
MEE4085,기계공학종합설계1,721,전공핵심,2024,1,2026,1,125
MEE4086,기계공학종합설계2,721,전공핵심,2024,2,2026,2,27
MEE4088,반도체및MEMS공정개론,722,전공심화,2024,2,2026,2,9
MGE3003,금속재료,721,전공핵심,2025,1,2026,1,3
MME1002,지구과학개론,721,전공핵심,2024,2,2024,2,1
MME2007,친환경에너지공학개론,721,전공핵심,2024,1,2026,1,2
MME2009,석유천연가스공학,721,전공핵심,2024,2,2026,2,3
MME2018,석유지질학,721,전공핵심,2024,1,2024,1,1
MME2019,에너지자원지질,721,전공핵심,2025,1,2025,1,1
MME2053,자원경제원론,721,전공핵심,2024,2,2026,1,3
MME2054,탄성파탐사의원리,721,전공핵심,2024,2,2026,2,3
MME2055,분리공학개론,721,전공핵심,2024,2,2025,2,2
MME3016,자원경제성평가,722,전공심화,2024,1,2026,1,3
MME3026,암반공학,721,전공핵심,2024,2,2026,2,3
MME3026,암반공학,722,전공심화,2024,2,2026,2,3
MME3030,석유공학실험및설계,721,전공핵심,2024,1,2026,1,3
MME3032,암반공학실험및설계,722,전공심화,2025,2,2026,2,2
MME3033,자원지질실습,721,전공핵심,2024,1,2025,1,2
MME3035,자원환경기기분석,721,전공핵심,2025,2,2026,2,2
MME3036,환경기초화학,722,전공심화,2026,2,2026,2,1
MME3059,물리탐사실험및설계,722,전공심화,2024,2,2026,2,3
MME3062,자원시장분석론,722,전공심화,2024,2,2025,2,2
MME3063,시추공학,721,전공핵심,2024,1,2026,1,3
MME3066,토목환경물리탐사,721,전공핵심,2024,1,2024,1,1
MME3067,자원처리실험및설계,722,전공심화,2024,2,2026,2,3
MME3068,이산화탄소지중저장설계,722,전공심화,2024,2,2026,2,3
MME4003,암석역학,721,전공핵심,2024,1,2026,1,3
MME4008,석유생산공학,722,전공심화,2024,2,2026,2,3
MME4059,미래에너지자원공학,722,전공심화,2024,2,2026,2,3
MME4062,자원환경공학종합설계,722,전공심화,2024,2,2026,2,6
MME4068,순환자원공학,722,전공심화,2025,1,2026,1,2
MME4069,물리검층의이해,722,전공심화,2024,1,2024,1,1
MME4071,지하공간의계획과설계,722,전공심화,2024,2,2026,2,2
MME4072,폐기물에너지전환공학,722,전공심화,2024,2,2026,1,3
MME4073,폐기물처리,722,전공심화,2025,1,2026,1,2
MMS2006,재료열역학1,721,전공핵심,2024,1,2026,1,14
MMS3015,재료열역학2,721,전공핵심,2024,2,2026,2,13
MPE2001,지구환경공학개론,721,전공핵심,2025,2,2026,2,2
MPE2005,자원처리공학,721,전공핵심,2024,1,2026,1,3
MPE2008,토양환경,721,전공핵심,2025,1,2025,1,1
MPE3003,저류층지구역학기초,722,전공심화,2024,1,2026,1,3
MSE4003,신소재공학종합설계1(URIP),722,전공심화,2024,1,2026,1,46
MSE4004,신소재공학종합설계2(URIP),722,전공심화,2024,2,2026,2,48
MTE3004,X-선회절및응용,721,전공핵심,2024,2,2026,2,7
MTE4004,박막공학,722,전공심화,2024,2,2026,2,5
NUE1002,원자력과AI입문,721,전공핵심,2025,2,2026,2,2
NUE2007,핵공학개론,721,전공핵심,2024,1,2026,1,3
NUE2008,응용핵물리,721,전공핵심,2024,2,2026,1,3
NUE2010,원자로공학,721,전공핵심,2024,2,2025,2,2
NUE2055,응용재료공학,721,전공핵심,2024,2,2026,2,3
NUE2057,핵계측신호처리,722,전공심화,2024,1,2025,1,2
NUE2059,기초열전달,721,전공핵심,2024,1,2025,1,2
NUE3004,방사선계측,721,전공핵심,2024,2,2026,2,3
NUE3025,원자로재료공학,722,전공심화,2024,1,2026,1,3
NUE3033,의료방사선응용공학,722,전공심화,2026,1,2026,1,1
NUE3037,원자로이론,721,전공핵심,2024,1,2026,1,3
NUE3038,방사선량과생물학적영향,721,전공핵심,2024,2,2026,2,3
NUE3040,방사선계측응용실습,722,전공심화,2024,1,2026,1,3
NUE3061,운동량및열전달,721,전공핵심,2024,1,2026,1,3
NUE3062,방사선상호작용,721,전공핵심,2024,1,2025,1,2
NUE3065,핵융합플라즈마입문,722,전공심화,2024,1,2026,1,3
NUE3066,원자력화학,722,전공심화,2024,2,2026,2,3
NUE4014,원자로열수력학,722,전공심화,2024,2,2026,2,3
NUE4030,플라즈마공학입문,721,전공핵심,2024,1,2024,1,1
NUE4037,원자로물리,721,전공핵심,2024,2,2025,2,2
NUE4054,방사선장치설계,722,전공심화,2024,1,2026,2,3
NUE4059,응용열수력실험,722,전공심화,2024,1,2026,1,3
NUE4060,안전공학기초및원자력안전법,722,전공심화,2025,2,2026,2,2
NUE4062,원자력공학종합설계,722,전공심화,2024,1,2026,1,8
NUE4064,핵융합발전소설계,722,전공심화,2025,2,2026,2,2
NUE4065,원자력재료부식및전기화학,722,전공심화,2024,2,2025,2,2
NUE4067,소형모듈원자로안전해석,722,전공심화,2024,2,2026,2,3
NUE4068,핵연료주기공학,722,전공심화,2024,2,2026,2,3
NUR1002,간호학개론,721,전공핵심,2024,2,2026,2,3
NUR1009,간호해부학,727,전공기초(필수),2024,1,2026,1,3
NUR1010,건강의고전적이해,727,전공기초(필수),2024,1,2026,2,6
NUR1012,간호공학입문,722,전공심화,2024,2,2026,2,3
NUR1013,건강인류학,727,전공기초(필수),2024,1,2026,2,6
NUR1014,돌봄의사회적가치,721,전공핵심,2024,2,2026,2,3
NUR2014,간호과정,722,전공심화,2024,1,2026,1,6
NUR2020,간호정보학,722,전공심화,2024,1,2026,2,6
NUR2022,출산기가족의간호,721,전공핵심,2024,1,2026,1,3
NUR2024,의사소통론,727,전공기초(필수),2024,2,2026,2,3
NUR2035,기초간호과학3,721,전공핵심,2024,1,2024,1,1
NUR2035,간호약리학,727,전공기초(필수),2025,1,2026,1,2
NUR2037,인간발달과사회,727,전공기초(필수),2024,1,2026,1,3
NUR2038,디지털헬스디자인,722,전공심화,2024,2,2026,2,3
NUR2039,기본간호학2,721,전공핵심,2024,2,2026,2,3
NUR2040,기본간호학실습2,721,전공핵심,2024,2,2026,2,10
NUR2041,기본간호학1,721,전공핵심,2024,1,2026,1,3
NUR2042,기본간호학실습1,721,전공핵심,2024,1,2026,1,10
NUR3007,지역사회간호학1,721,전공핵심,2024,2,2025,2,2
NUR3008,지역사회간호학2,722,전공심화,2024,2,2026,2,3
NUR3026,호스피스,722,전공심화,2024,2,2026,2,3
NUR3029,건강사정,721,전공핵심,2024,2,2026,2,3
NUR3031,간호병태생리학,727,전공기초(필수),2024,2,2026,2,3
NUR3032,간호이슈와비평적사고,721,전공핵심,2024,1,2026,1,3
NUR3032,간호이슈와비평적사고,722,전공심화,2024,2,2026,2,3
NUR3038,간호병리학,722,전공심화,2024,2,2026,2,3
NUR3045,아동건강문제와가족간호1,721,전공핵심,2024,1,2026,1,3
NUR3051,여성의부인과적장애와간호,722,전공심화,2024,2,2026,2,3
NUR3054,영유아기가족간호,721,전공핵심,2024,1,2026,1,3
NUR3056,지역사회정신간호,722,전공심화,2024,1,2026,1,3
NUR3058,아동건강문제와가족간호2,721,전공핵심,2024,2,2026,2,3
NUR3065,근거중심의간호실무,722,전공심화,2024,1,2026,1,3
NUR3070,정신건강간호,721,전공핵심,2024,1,2026,2,6
NUR3072,정신질환간호중재,721,전공핵심,2024,1,2026,1,3
NUR3075,노인건강간호,721,전공핵심,2024,2,2026,2,3
NUR3076,성인간호학:소화배설,721,전공핵심,2024,1,2026,1,3
NUR3077,성인간호학:대사,721,전공핵심,2024,2,2026,2,3
NUR3078,성인간호학:산소화및감각,721,전공핵심,2024,2,2026,2,3
NUR3079,성인간호학:인지조절,721,전공핵심,2024,2,2026,2,3
NUR3080,성인간호실습1,721,전공핵심,2024,2,2026,2,3
NUR3081,성인간호실습2,721,전공핵심,2024,2,2026,2,3
NUR3082,여성간호실습,721,전공핵심,2024,2,2026,2,3
NUR3083,아동간호실습,721,전공핵심,2024,1,2026,1,3
NUR3084,간호과정실습,721,전공핵심,2024,2,2026,2,3
NUR3087,핵심술기실습,721,전공핵심,2024,1,2026,1,9
NUR3088,간호데이터분석과시각화,722,전공심화,2024,1,2026,1,3
NUR4014,노인간호학,722,전공심화,2024,2,2026,2,3
NUR4018,가정간호학,722,전공심화,2025,1,2026,1,2
NUR4019,여성건강간호,721,전공핵심,2024,2,2026,2,6
NUR4023,보건의료법규,721,전공핵심,2024,2,2026,2,3
NUR4031,간호연구,721,전공핵심,2024,2,2026,2,6
NUR4032,지역사회간호,721,전공핵심,2024,2,2026,2,3
NUR4033,만성간호,722,전공심화,2024,1,2026,1,3
NUR4039,치매간호,722,전공심화,2024,2,2026,2,3
NUR4048,간호정책,721,전공핵심,2024,1,2026,1,3
NUR4048,간호정책,722,전공심화,2024,1,2026,1,3
NUR4054,간호이론,722,전공심화,2024,2,2026,2,3
NUR4056,간호조직관리,721,전공핵심,2024,2,2026,2,3
NUR4059,간호통계,722,전공심화,2024,2,2026,2,3
NUR4067,간호전문직과윤리,721,전공핵심,2024,2,2026,2,3
NUR4067,간호전문직과윤리,722,전공심화,2024,1,2026,1,3
NUR4071,여성의평생건강전략,722,전공심화,2024,1,2025,1,2
NUR4080,간호연구의실제,721,전공핵심,2024,1,2026,1,3
NUR4083,간호관리학,721,전공핵심,2024,1,2026,2,4
NUR4084,중년건강간호,721,전공핵심,2024,1,2026,1,3
NUR4085,심혈관건강증진,721,전공핵심,2024,2,2026,2,3
NUR4086,아동건강간호,721,전공핵심,2024,2,2026,2,3
NUR4089,성인간호학:순환,721,전공핵심,2024,1,2026,1,3
NUR4090,성인간호중재론6,721,전공핵심,2024,1,2026,1,3
NUR4091,성인간호실습3,721,전공핵심,2024,1,2026,1,3
NUR4092,정신간호실습,721,전공핵심,2024,1,2026,1,3
NUR4093,간호관리실습,721,전공핵심,2024,1,2026,1,3
NUR4094,지역사회간호실습1,721,전공핵심,2024,2,2026,2,3
NUR4095,지역사회간호실습2,721,전공핵심,2024,2,2026,2,3
NUR4096,임상종합실습,721,전공핵심,2024,2,2026,2,3
NUR4097,통합시뮬레이션실습,722,전공심화,2024,2,2026,2,9
OCH1003,관현악1,727,전공기초(필수),2024,1,2026,1,3
OCH1004,관현악2,727,전공기초(필수),2024,2,2026,2,3
OCH1005,실내악1,721,전공핵심,2024,1,2026,1,3
OCH1006,실내악2,721,전공핵심,2024,2,2026,2,3
OCH1007,관현악전공실기1,721,전공핵심,2024,1,2026,1,3
OCH1008,관현악전공실기2,721,전공핵심,2024,2,2026,2,3
OCH1011,오케스트라1,722,전공심화,2024,1,2026,1,3
OCH1012,오케스트라2,722,전공심화,2024,2,2026,2,3
OCH1013,오케스트라3,722,전공심화,2024,1,2026,1,3
OCH1014,오케스트라4,722,전공심화,2024,2,2026,2,3
OCH1021,기초뮤지션쉽1,727,전공기초(필수),2024,1,2026,1,3
OCH2003,관악.현악합주1,727,전공기초(필수),2024,1,2026,1,3
OCH2004,관악.현악합주2,727,전공기초(필수),2024,2,2026,2,3
OCH2005,특수악기1,722,전공심화,2024,1,2026,1,6
OCH2006,특수악기2,722,전공심화,2024,2,2026,2,6
OCH2011,관현악3,721,전공핵심,2024,1,2026,1,3
OCH2012,관현악4,721,전공핵심,2024,2,2026,2,3
OCH2013,실내악3,721,전공핵심,2024,1,2026,1,3
OCH2014,실내악4,721,전공핵심,2024,2,2026,2,3
OCH2015,관현악전공실기3,721,전공핵심,2024,1,2026,1,3
OCH2016,관현악전공실기4,721,전공핵심,2024,2,2026,2,3
OCH3003,관악.현악합주3,721,전공핵심,2024,1,2026,1,3
OCH3004,관악.현악합주4,721,전공핵심,2024,2,2026,2,3
OCH3015,특수악기3,722,전공심화,2024,1,2026,1,3
OCH3016,특수악기4,722,전공심화,2024,2,2026,2,3
OCH3027,관현악전공실기5,721,전공핵심,2024,1,2026,1,3
OCH3028,관현악전공실기6,721,전공핵심,2024,2,2026,2,3
OCH3032,기악앙상블1,722,전공심화,2024,1,2026,1,6
OCH3033,기악앙상블2,722,전공심화,2024,2,2026,2,6
OCH3049,공연비즈니스와클래식콘서트제작1,722,전공심화,2025,1,2026,1,2
OCH3050,공연비즈니스와클래식콘서트제작2,722,전공심화,2026,2,2026,2,1
OCH4003,관악.현악합주5,721,전공핵심,2024,1,2026,1,3
OCH4004,관악.현악합주6,721,전공핵심,2024,2,2026,2,3
OCH4011,지휘법1,722,전공심화,2024,1,2026,1,3
OCH4012,지휘법2,722,전공심화,2024,2,2026,2,3
OCH4013,관악.현악합주7,721,전공핵심,2024,1,2026,1,3
OCH4014,관악.현악합주8,721,전공핵심,2024,2,2026,2,3
OCH4015,관현악문헌1,722,전공심화,2026,1,2026,1,1
OCH4023,관현악전공실기7,721,전공핵심,2024,1,2026,1,3
OCH4024,관현악전공실기8,721,전공핵심,2024,2,2026,2,3
OCH4027,기악앙상블3,722,전공심화,2024,1,2026,1,3
OCH4028,기악앙상블4,722,전공심화,2024,2,2026,2,3
OCH4040,마스터클래스1,722,전공심화,2024,1,2026,1,2
OCH4043,마스터클래스2,722,전공심화,2025,2,2026,2,2
ONE1001,유기나노공학개론,721,전공핵심,2024,2,2024,2,1
ONE1001,재료과학과인공지능,727,전공기초(필수),2025,1,2026,1,2
ONE1002,나노공정공학,722,전공심화,2024,1,2026,1,3
ONE3001,유기광학소재실험,722,전공심화,2024,1,2024,1,1
ONE4003,유기나노공학종합설계1,722,전공심화,2024,1,2026,1,7
ONE4004,유기나노공학종합설계2,722,전공심화,2024,2,2026,2,7
ONE4005,전공세미나(유기나노공학)URIP,721,전공핵심,2024,2,2026,2,3
ONE4007,고분자가공학,721,전공핵심,2024,1,2026,1,6
ONE4015,AI융합분자시뮬레이션,721,전공핵심,2024,2,2026,2,3
ONE4017,유기나노공학세미나1,722,전공심화,2024,1,2026,1,3
ONE4018,유기나노공학실험2,722,전공심화,2024,2,2026,2,3
ONE4020,유기나노공학실험1,722,전공심화,2025,1,2026,1,2
PAD2017,경제분석,721,전공핵심,2024,1,2026,1,3
PAD2020,행정학의이론,721,전공핵심,2024,1,2026,1,3
PAD2021,행정학이론Ⅱ,721,전공핵심,2024,2,2024,2,1
PAD2055,행정계량분석,721,전공핵심,2025,2,2026,2,2
PAD2056,지방자치론,721,전공핵심,2024,2,2025,2,2
PAD2056,지방자치론,722,전공심화,2024,2,2025,2,2
PAD2060,행정학의핵심주제,721,전공핵심,2025,2,2026,2,2
PAD2060,행정학의핵심주제,722,전공심화,2026,2,2026,2,1
PAD2062,AI행정과데이터분석,721,전공핵심,2024,2,2025,2,2
PAD3001,인사행정론,721,전공핵심,2024,1,2026,1,3
PAD3002,재무행정론,721,전공핵심,2024,2,2026,2,3
PAD3003,조직론,721,전공핵심,2024,1,2026,2,8
PAD3004,정책학개론,721,전공핵심,2024,2,2026,2,3
PAD3004,정책학개론,722,전공심화,2026,2,2026,2,1
PAD3004,정책학개론,727,전공기초(필수),2024,2,2026,2,12
PAD3010,인간관계론,722,전공심화,2024,2,2026,2,3
PAD3023,공기업경영론,722,전공심화,2025,1,2025,1,1
PAD3026,감성정부론,722,전공심화,2024,1,2025,1,4
PAD3052,복지행정론,722,전공심화,2024,1,2026,2,5
PAD3066,문화행정론,721,전공핵심,2024,2,2026,1,2
PAD3068,규제정책론,722,전공심화,2024,2,2026,2,3
PAD3070,성과관리론,722,전공심화,2024,2,2026,2,3
PAD3071,조직행태론,722,전공심화,2024,1,2026,1,3
PAD3072,정책실험론,722,전공심화,2024,2,2026,2,3
PAD3073,서베이데이터수집론,721,전공핵심,2024,1,2026,1,3
PAD4015,정책분석평가론,722,전공심화,2024,2,2026,1,3
PAD4037,거버넌스이론,721,전공핵심,2024,1,2026,1,3
PAD4045,현대정책학이론,722,전공심화,2024,1,2025,1,2
PAD4047,공직윤리론,722,전공심화,2024,1,2026,1,3
PAD4048,창의행정캡스톤디자인,722,전공심화,2025,2,2026,2,2
PAD4049,공공가치론,722,전공심화,2024,2,2026,2,2
PAD5000,정부혁신론,722,전공심화,2026,2,2026,2,1
PBL4001,컴퓨터소프트웨어캡스톤PBL(알고리즘테스트실습),722,전공심화,2024,2,2026,2,12
PBL4002,연극영화캡스톤PBL(배우포트폴리오제작및오디션테크닉),722,전공심화,2024,1,2026,2,24
PBL4003,피아노과캡스톤PBL(연주기획및실습),722,전공심화,2024,2,2026,2,3
PBL4004,건축공학캡스톤PBL(스마트건축구조시스템),722,전공심화,2024,1,2026,2,22
PBL4005,경영대학캡스톤PBL(머신러닝을이용한파이낸스분야문제해결),722,전공심화,2024,1,2025,2,30
PBL4006,기계공학부캡스톤PBL(파손분석및설계),722,전공심화,2024,1,2025,1,8
PBL4007,전기공학전공캡스톤PBL(차세대디스플레이),722,전공심화,2024,2,2024,2,1
PBL4009,융합전자공학캡스톤PBL(AI반도체소자),722,전공심화,2024,1,2026,2,8
PBL4010,화학공학캡스톤PBL(석유화학분리정제공정),722,전공심화,2024,2,2025,2,2
PBL4011,응용미술교육캡스톤PBL,722,전공심화,2024,1,2026,2,9
PBL4012,수학캡스톤PBL(신뢰가능한인공지능기술),722,전공심화,2024,1,2026,2,9
PBL4013,화학캡스톤PBL(소재화학디자인),722,전공심화,2024,1,2025,2,4
PBL4014,생명과학캡스톤PBL(유전자발현과조절),722,전공심화,2024,1,2026,2,8
PBL4017,정책연구캡스톤PBL(정책문제진단과대안제시),722,전공심화,2024,1,2026,2,32
PBL4018,영어영문캡스톤PBL(멀티미디어환경커뮤니케이션),722,전공심화,2024,1,2026,2,6
PBL4019,산업공학캡스톤PBL(기계학습및딥러닝응용연구),722,전공심화,2024,1,2026,2,5
PBL4020,의류캡스톤PBL(업패션AI플랫폼개발),722,전공심화,2024,1,2026,2,6
PBL4021,물리학캡스톤PBL(나노소재의물성과산업응용),722,전공심화,2024,1,2026,2,7
PBL4022,간호캡스톤PBL(AI와함께하는캡스톤디자인),722,전공심화,2024,1,2026,1,5
PBL4023,"국제학부캡스톤PBL(﻿Development Economics)",722,전공심화,2024,1,2026,1,5
PBL4024,원자력공학캡스톤PBL(차폐해석이론및몬테칼로방법응용연구),722,전공심화,2024,1,2026,1,3
PBL4025,에너지공학캡스톤PBL(해저지중CO2저장시스템),722,전공심화,2024,1,2026,2,27
PBL4026,반도체공학캡스톤PBL(소자특성화및공정실습),722,전공심화,2026,2,2026,2,1
PBL4028,"사회혁신캡스톤PBL(기술과사회의공진화–AI시대,더나은세상을설계하는법)",722,전공심화,2025,1,2026,2,6
PER0003,생각과논리,721,전공핵심,2024,2,2026,2,3
PER2019,한국어작문,721,전공핵심,2024,1,2026,1,17
PER2021,한국사회와문화,722,전공심화,2024,1,2026,1,3
PER2022,시장경제의이해,721,전공핵심,2024,2,2026,2,3
PER2023,한국기업의이해,721,전공핵심,2024,2,2024,2,1
PER2026,KOREA IN GLOBAL CONTEXT,722,전공심화,2024,1,2026,1,3
PER2033,GLOBAL BUSINESS COMMUNICATION,721,전공핵심,2024,1,2024,1,1
PER2037,한류와한국대중문화,721,전공핵심,2024,2,2026,2,3
PER2060,지능기술시대를위한과학철학,711,핵심교양,2024,2,2026,2,5
PER2060,지능기술시대를위한과학철학,721,전공핵심,2024,2,2026,2,4
PER2061,"스마트시대의문자,구술,영상",711,핵심교양,2024,2,2026,2,9
PER2061,"스마트시대의문자,구술,영상",721,전공핵심,2024,2,2026,2,6
PER2063,신화와원형의스토리텔링,711,핵심교양,2024,2,2026,2,3
PER2063,신화와원형의스토리텔링,722,전공심화,2024,2,2026,2,3
PER3020,미디어로보는한국경제,721,전공핵심,2024,1,2025,1,2
PER3021,비즈니스한국어작문,721,전공핵심,2024,1,2026,1,4
PER3025,한국어프레젠테이션,721,전공핵심,2024,2,2026,2,6
PER3026,동아시아경제,721,전공핵심,2024,1,2026,1,4
PER3040,경제와사회,721,전공핵심,2024,1,2026,1,4
PER3041,외국인을위한한국문화원형,721,전공핵심,2024,1,2026,1,3
PER3045,현대사회의갈등관리와인문학,711,핵심교양,2024,2,2026,2,3
PER3045,현대사회의갈등관리와인문학,721,전공핵심,2024,2,2026,2,3
PER4010,한국어텍스트의이해,721,전공핵심,2024,1,2024,1,1
PER4010,한국어텍스트의이해,722,전공심화,2024,1,2026,1,3
PER4015,한국드라마와화용론,722,전공심화,2024,2,2026,2,3
PER4025,한중비즈니스문화,721,전공핵심,2024,2,2024,2,1
PHA2031,해부생리학,721,전공핵심,2026,1,2026,1,1
PHE1002,체조,721,전공핵심,2025,1,2026,1,2
PHE1002,체조,727,전공기초(필수),2024,1,2026,1,3
PHE1036,인체해부학,721,전공핵심,2026,1,2026,1,1
PHE1036,인체해부학,727,전공기초(필수),2024,1,2024,1,1
PHE1041,스포츠개론,721,전공핵심,2024,1,2026,1,3
PHE1041,스포츠개론,727,전공기초(필수),2024,1,2026,1,3
PHE1044,그룹운동,721,전공핵심,2024,2,2026,2,3
PHE1044,그룹운동,727,전공기초(필수),2024,2,2026,2,7
PHE1048,스포츠문화와역사,721,전공핵심,2026,1,2026,1,1
PHE1049,스포츠운동과학의기초,721,전공핵심,2024,2,2026,2,3
PHE1049,스포츠운동과학의기초,727,전공기초(필수),2024,2,2026,2,3
PHE1050,스포츠역학,721,전공핵심,2026,2,2026,2,1
PHE2015,스포츠의학,721,전공핵심,2024,2,2026,2,2
PHE2017,육상,721,전공핵심,2024,1,2026,1,3
PHE2017,육상,727,전공기초(필수),2024,1,2026,1,3
PHE2018,배구,721,전공핵심,2024,1,2026,1,2
PHE2019,농구,721,전공핵심,2024,2,2024,2,1
PHE2080,유도,722,전공심화,2024,2,2026,2,3
PHE2096,스포츠마사지,721,전공핵심,2024,2,2024,2,1
PHE2100,스포츠윤리,721,전공핵심,2024,1,2024,1,1
PHE2104,축구,721,전공핵심,2024,2,2026,2,5
PHE2116,뇌과학과운동,721,전공핵심,2024,2,2026,2,5
PHE3068,스포츠현장실습,722,전공심화,2024,2,2026,2,3
PHE3101,동계스포츠,722,전공심화,2024,2,2025,2,2
PHE3102,여가레크레이션,722,전공심화,2024,2,2026,2,3
PHE3120,버추얼피트니스,722,전공심화,2024,1,2026,1,3
PHE3121,스포츠재활의실제,722,전공심화,2024,1,2026,1,3
PHE3122,체육시설안전관리,721,전공핵심,2025,2,2026,2,5
PHE3122,체육시설안전관리,722,전공심화,2024,2,2024,2,1
PHE4006,테니스,721,전공핵심,2024,1,2026,2,2
PHE4026,특수체육,722,전공심화,2024,1,2026,1,3
PHE4072,스포츠창업론,722,전공심화,2024,2,2026,2,6
PHE4095,기초생화학,722,전공심화,2025,2,2026,2,2
PHE4112,스포츠동작분석,721,전공핵심,2024,2,2026,2,3
PHE4112,스포츠동작분석,722,전공심화,2024,1,2025,1,2
PHE4112,스포츠동작분석,727,전공기초(필수),2024,2,2026,2,3
PHE5010,스포츠교육학,722,전공심화,2024,2,2026,2,3
PHE5013,고령자운동과건강,721,전공핵심,2024,2,2026,2,3
PHE5015,스포츠상해및재활,721,전공핵심,2024,2,2026,2,3
PHE5021,스포츠통계학1,721,전공핵심,2024,1,2026,1,3
PHE5033,스포츠영양학,721,전공핵심,2024,1,2024,1,1
PHE5035,체육측정평가론,721,전공핵심,2024,2,2026,2,2
PHE5037,체육학실험연구캡스톤디자인I,722,전공심화,2024,1,2026,1,3
PHE5038,체육학실험연구캡스톤디자인II,722,전공심화,2024,2,2026,2,3
PHE5040,태권도,722,전공심화,2024,1,2025,1,2
PHL1005,서양철학사,727,전공기초(필수),2024,1,2025,1,2
PHL1006,철학명저읽기,727,전공기초(필수),2024,1,2026,1,3
PHL1051,윤리학,727,전공기초(필수),2024,2,2026,1,3
PHL2009,형이상학,721,전공핵심,2026,1,2026,1,1
PHL2009,형이상학,727,전공기초(필수),2024,2,2025,2,2
PHL2021,기호논리학,727,전공기초(필수),2024,1,2026,2,3
PHL2034,중국철학사,727,전공기초(필수),2024,2,2026,1,3
PHL2035,현대유럽철학,722,전공심화,2024,2,2025,2,2
PHL2038,서양근대철학사,721,전공핵심,2024,2,2025,2,2
PHL2038,서양근대철학사,727,전공기초(필수),2026,2,2026,2,1
PHL2039,서양고대철학사,721,전공핵심,2024,1,2026,1,3
PHL2041,물질과마음철학,721,전공핵심,2024,2,2026,2,3
PHL2042,중국정치철학,722,전공심화,2024,2,2026,2,2
PHL3005,인식론,721,전공핵심,2026,1,2026,1,1
PHL3005,인식론,727,전공기초(필수),2024,1,2025,1,2
PHL3024,한국철학사,727,전공기초(필수),2024,1,2026,1,3
PHL3056,도가도교철학,721,전공핵심,2024,1,2026,2,2
PHL3063,기술철학,721,전공핵심,2024,1,2026,1,3
PHL3065,한국성리학,721,전공핵심,2024,2,2026,2,2
PHL3066,유가철학,721,전공핵심,2024,2,2026,1,3
PHL3068,한국실학,721,전공핵심,2024,2,2026,2,3
PHL3069,현대영미철학,721,전공핵심,2024,1,2026,2,3
PHL4005,과학철학,727,전공기초(필수),2024,2,2025,2,2
PHL4036,불교철학,721,전공핵심,2024,2,2026,2,3
PHL4045,철학과사회캡스톤디자인,721,전공핵심,2024,1,2025,1,2
PHL4047,글로벌시대의한자문화와사상,721,전공핵심,2024,1,2025,1,2
PHL4047,글로벌시대의한자문화와사상,722,전공심화,2024,1,2025,1,2
PHL4048,현대중국철학,721,전공핵심,2024,1,2024,1,1
PHL4053,글로벌시대의예술문화와사상,721,전공핵심,2024,1,2025,1,2
PHL4053,현대예술철학,722,전공심화,2024,1,2026,1,4
PHL4054,현대사회철학,721,전공핵심,2024,2,2026,2,3
PHL4054,현대사회철학,722,전공심화,2024,2,2026,2,3
PHY1005,일반물리학및실험Ⅰ,727,전공기초(필수),2024,1,2026,1,8
PHY1006,일반물리학및실험Ⅱ,727,전공기초(필수),2024,2,2026,2,3
PHY2008,현대물리학,721,전공핵심,2024,1,2024,1,1
PHY2008,현대물리학,722,전공심화,2024,1,2026,2,9
PHY2008,현대물리학,727,전공기초(필수),2024,1,2026,1,3
PHY2013,전자기학,721,전공핵심,2024,1,2026,2,41
PHY2014,전자장,721,전공핵심,2024,2,2026,2,18
PHY2014,전자장,722,전공심화,2024,2,2026,2,10
PHY2022,전기및전자회로실험,721,전공핵심,2024,1,2026,1,3
PHY2027,역학실험,727,전공기초(필수),2024,1,2026,1,6
PHY2070,고전역학1,721,전공핵심,2024,1,2026,1,3
PHY2071,고전역학2,721,전공핵심,2024,2,2026,2,3
PHY3005,전자기학1,721,전공핵심,2024,2,2026,2,3
PHY3006,전자기학2,721,전공핵심,2024,1,2026,1,3
PHY3007,수리물리학1,721,전공핵심,2024,1,2025,1,2
PHY3008,수리물리학2,722,전공심화,2024,2,2025,2,2
PHY3015,물리광학,722,전공심화,2024,1,2026,1,3
PHY3016,광학실험,721,전공핵심,2024,2,2026,2,3
PHY3019,수리물리학,721,전공핵심,2026,1,2026,1,1
PHY3024,응용광학,722,전공심화,2024,2,2026,2,3
PHY3026,전산물리학,722,전공심화,2024,1,2026,1,3
PHY3029,열및통계물리학1,721,전공핵심,2024,1,2026,1,3
PHY3030,열및통계물리학2,722,전공심화,2024,2,2026,2,3
PHY3031,현대물리학실험,721,전공핵심,2024,2,2026,2,3
PHY3032,양자역학1,721,전공핵심,2024,1,2026,1,3
PHY3033,양자역학2,721,전공핵심,2024,2,2026,2,3
PHY3071,응집물질물리학1,722,전공심화,2024,1,2026,1,3
PHY3072,응집물질물리학2,722,전공심화,2024,2,2026,2,3
PHY4007,고체물리학,721,전공핵심,2024,2,2024,2,2
PHY4009,상대성이론,722,전공심화,2024,2,2026,2,3
PHY4022,천체물리학,722,전공심화,2024,2,2026,2,3
PHY4023,반도체물리학,722,전공심화,2024,2,2026,2,3
PHY4029,핵및입자물리학,722,전공심화,2024,1,2026,1,3
PHY4060,양자광학,722,전공심화,2024,1,2026,1,3
PHY4074,물리학연구캡스톤디자인1,722,전공심화,2024,2,2025,2,2
PHY4075,물리학연구캡스톤디자인2,722,전공심화,2024,1,2026,1,3
PME3002,기계진동학,721,전공핵심,2024,2,2026,2,28
PNO1003,피아노전공실기1,727,전공기초(필수),2024,1,2026,1,3
PNO1004,피아노전공실기2,727,전공기초(필수),2024,2,2026,2,3
PNO2005,피아노전공실기3,721,전공핵심,2024,1,2026,1,3
PNO2006,피아노전공실기4,721,전공핵심,2024,2,2026,2,3
PNO2007,피아노반주법1,722,전공심화,2024,1,2026,1,3
PNO2009,피아노반주법2,722,전공심화,2025,2,2026,2,2
PNO3019,피아노전공실기5,721,전공핵심,2024,1,2026,1,3
PNO3020,피아노전공실기6,721,전공핵심,2024,2,2026,2,3
PNO3033,피아노앙상블1,727,전공기초(필수),2024,2,2026,2,3
PNO3034,피아노앙상블2,722,전공심화,2024,1,2025,1,3
PNO3039,피아노앙상블3,722,전공심화,2024,2,2026,1,2
PNO3040,피아노구조와관리,722,전공심화,2024,2,2026,2,3
PNO3041,문화예술교육입문,722,전공심화,2024,1,2026,1,3
PNO3042,음악교육론,722,전공심화,2024,1,2026,1,3
PNO3043,음악교수학습방법,722,전공심화,2024,1,2026,1,3
PNO3044,음악교육프로그램개발,722,전공심화,2024,2,2026,2,5
PNO3045,문화예술교육현장실습과이해,722,전공심화,2024,2,2026,2,5
PNO4003,피아노문헌1,727,전공기초(필수),2024,1,2026,1,3
PNO4004,피아노문헌2,727,전공기초(필수),2024,2,2026,2,3
PNO4008,피아노교수법1,722,전공심화,2024,1,2026,1,3
PNO4009,피아노교수법2,722,전공심화,2024,2,2026,2,3
PNO4025,피아노전공실기7,721,전공핵심,2024,1,2026,1,3
PNO4026,피아노전공실기8,721,전공핵심,2024,2,2026,2,3
PNO4027,피아노문헌3,721,전공핵심,2024,1,2026,1,3
PNO4028,피아노문헌4,721,전공핵심,2024,2,2026,2,3
PNO4040,피아노협주곡문헌,722,전공심화,2024,1,2026,1,3
PNO4042,피아노테크닉의이해와적용,722,전공심화,2024,1,2026,1,3
PPL1001,논리적사고,111,교양필수,2024,1,2026,1,13
PPL1003,법과사회,111,교양필수,2024,1,2026,1,13
PPL1005,사회윤리사상사,721,전공핵심,2024,1,2026,1,5
PPL1007,비판적사고,727,전공기초(필수),2024,2,2026,2,12
PPL1011,근대사상의전개,721,전공핵심,2024,2,2026,2,5
PPL1016,정치학원론,727,전공기초(필수),2024,1,2026,2,13
PPL1018,민사법1,721,전공핵심,2024,2,2026,2,15
PPL1021,헌법과기본권,727,전공기초(필수),2024,2,2026,2,12
PPL2005,경제원론,727,전공기초(필수),2024,2,2026,2,12
PPL2010,현대정치학이론,722,전공심화,2024,2,2026,2,5
PPL2011,행정학개론,727,전공기초(필수),2024,1,2026,1,13
PPL2013,현대사상의주요흐름,722,전공심화,2024,1,2026,1,9
PPL2018,조사방법론,727,전공기초(필수),2024,1,2026,1,13
PPL2019,행정법학1,721,전공핵심,2024,1,2026,1,9
PPL2022,민사법2,721,전공핵심,2024,1,2024,1,4
PPL2022,민사법2,722,전공심화,2025,1,2026,1,6
PPL2024,행정법학2,721,전공핵심,2024,2,2026,2,10
PPL2027,형법학1,721,전공핵심,2025,2,2026,2,3
PPL2027,형법학1,722,전공심화,2024,2,2024,2,2
PPL3009,추리의기법,721,전공핵심,2024,1,2026,1,8
PPL3016,비교정치론,721,전공핵심,2024,1,2026,1,5
PPL3017,국제경제학,722,전공심화,2024,1,2026,1,8
PPL3026,행정법학3,722,전공심화,2025,1,2025,1,2
PPL3028,상법학,722,전공심화,2024,1,2026,1,5
PPL3029,사회철학의이해,722,전공심화,2024,2,2026,2,5
PPL3030,헌법과국가,721,전공핵심,2025,1,2026,1,5
PPL3030,헌법과국가,722,전공심화,2024,1,2024,1,2
PPL3031,헌법과공공정책,722,전공심화,2024,2,2026,2,5
PPL3032,정책분석통계,721,전공핵심,2024,1,2025,1,4
PPL3032,정책분석통계,722,전공심화,2026,2,2026,2,1
PPL4002,추리와문제해결,722,전공심화,2024,2,2026,2,7
PPL4016,현대사회의윤리적쟁점들,722,전공심화,2024,2,2026,2,8
PPL4018,한국경제론,721,전공핵심,2024,1,2026,1,7
PPL4018,한국경제론,722,전공심화,2024,2,2026,2,5
PPL4023,민사법3,722,전공심화,2024,2,2026,2,5
PPL4025,한국정치학,722,전공심화,2024,1,2026,1,5
PPL4028,민사소송론,722,전공심화,2025,1,2026,1,3
PPL4029,형사소송론,722,전공심화,2024,2,2026,2,5
PPL4030,공공정책의계량경제학,722,전공심화,2024,1,2026,1,3
PPL4031,과학철학의주요쟁점,722,전공심화,2024,1,2026,1,5
PPL4032,형법학2,722,전공심화,2024,1,2026,1,5
PRE1015,인간심리학,721,전공핵심,2026,1,2026,1,1
PRE1015,인간심리학,727,전공기초(필수),2024,2,2026,2,3
PRE1017,의료기기의이해,721,전공핵심,2024,2,2026,2,3
PRE1018,사람.의료.사회1-1,727,전공기초(필수),2024,1,2026,1,3
PRE1019,사람.의료.사회1-2,721,전공핵심,2024,2,2026,2,3
PRE1021,유기화학,727,전공기초(필수),2024,2,2026,2,3
PRE1022,의과학기초실습,727,전공기초(필수),2024,2,2026,2,7
PRE1023,인체영양학개론,721,전공핵심,2024,2,2026,2,3
PRE1024,의료데이터사이언스입문,727,전공기초(필수),2024,2,2026,2,3
PRE2013,의학용어학1,727,전공기초(필수),2024,2,2026,2,3
PRE2016,의학용어학2,721,전공핵심,2025,1,2026,1,3
PRE2020,행동의학,721,전공핵심,2024,1,2026,1,4
PRE2027,사람.의료.사회2-1A,721,전공핵심,2024,1,2026,1,4
PRE2030,의과학기초연구,727,전공기초(필수),2024,1,2026,1,5
PRE2031,사람.의료.사회2-2,721,전공핵심,2024,2,2026,2,4
PRE2032,죽은자의이야기,721,전공핵심,2024,1,2025,1,2
PRE2033,의학생화학입문,721,전공핵심,2024,2,2026,2,4
PRE2034,의학생리학입문,721,전공핵심,2024,2,2026,2,4
PRE2036,인구집단과건강,721,전공핵심,2025,2,2026,2,3
PRE2037,의료데이터사이언스응용,721,전공핵심,2026,1,2026,1,2
PRE2038,의료데이터사이언스통섭,721,전공핵심,2026,2,2026,2,2
PRE2039,의공학융합연구특론,721,전공핵심,2026,2,2026,2,1
PRE2040,융합연구프로젝트1,721,전공핵심,2026,2,2026,2,1
PRE2041,융합연구프로젝트2,721,전공핵심,2026,2,2026,2,1
PSD1004,국제정치학입문,727,전공기초(필수),2024,2,2026,2,3
PSD1005,외교정책의이해,721,전공핵심,2024,1,2026,1,3
PSD2002,비교정치론,727,전공기초(필수),2024,1,2026,1,3
PSD2010,한국정치외교사,727,전공기초(필수),2024,2,2026,2,3
PSD2014,유럽정치론,721,전공핵심,2024,2,2026,2,3
PSD2015,미국정치론,721,전공핵심,2025,1,2026,2,2
PSD2020,통일문제연구,722,전공심화,2024,2,2026,2,3
PSD2022,동북아국제관계,721,전공핵심,2024,1,2026,1,2
PSD2052,국제정치사,721,전공핵심,2024,1,2026,1,3
PSD2054,서양정치사상,721,전공핵심,2024,1,2026,1,3
PSD3003,한국정치론,721,전공핵심,2024,2,2026,1,3
PSD3011,정치사회학,722,전공심화,2024,1,2026,1,3
PSD3015,정치경제론,722,전공심화,2025,2,2026,2,3
PSD3019,국제협상론,721,전공핵심,2025,1,2025,1,1
PSD3021,정당과선거,721,전공핵심,2024,2,2026,2,3
PSD3022,국제관계이론,721,전공핵심,2024,2,2026,2,3
PSD3054,비교정치경제론,721,전공핵심,2024,1,2026,1,3
PSD3056,시민사회와사회운동,722,전공심화,2024,2,2026,2,3
PSD3057,국제개발협력과아프리카,721,전공핵심,2024,2,2025,2,4
PSD3058,평화와안보,721,전공핵심,2024,1,2026,1,3
PSD3059,국가발전론,722,전공심화,2024,2,2025,2,2
PSD4006,정치학방법론,721,전공핵심,2024,2,2026,2,3
PSD4016,중국의정치,722,전공심화,2024,2,2026,2,3
PSD4017,일본정치론,721,전공핵심,2024,2,2026,2,3
PSD4019,국제정치경제론,721,전공핵심,2025,2,2026,2,2
PSD4020,러시아정치론,722,전공심화,2024,1,2026,1,3
PSD4024,21세기국제환경과국제관계,721,전공핵심,2024,1,2026,1,3
PSD4025,북한의정치와사회,721,전공핵심,2024,1,2026,1,3
PSD4027,세계화와법,722,전공심화,2024,1,2026,1,3
PSD4056,국제개발협력의거버넌스,721,전공핵심,2024,1,2026,1,3
PSD4057,아프리카와지역통합,722,전공심화,2024,1,2026,1,3
ROB2003,전기전자회로,722,전공심화,2026,2,2026,2,1
SBC0001,생활속의반도체,132,타전공(일반)선택,2024,2,2026,2,5
SBC0002,반도체8대공정개론,132,타전공(일반)선택,2024,2,2026,2,4
SBC0003,반도체공정과장비의이해,132,타전공(일반)선택,2024,2,2026,2,5
SBC0004,반도체공정응용,132,타전공(일반)선택,2024,2,2026,2,5
SBC0005,플라즈마장비,132,타전공(일반)선택,2024,2,2026,2,5
SBC0006,AI반도체응용기술,132,타전공(일반)선택,2025,1,2026,2,4
SBC0007,AI반도체집적화기술,132,타전공(일반)선택,2025,1,2026,2,4
SBC0008,반도체부품설계공학,132,타전공(일반)선택,2025,2,2026,2,3
SBC0009,AI반도체기술의이해,132,타전공(일반)선택,2026,2,2026,2,1
SCE1001,반도체리더십세미나,721,전공핵심,2024,1,2026,1,3
SCE3001,반도체소자분석기술,722,전공심화,2025,1,2026,1,2
SCE3003,시스템반도체소자,722,전공심화,2026,1,2026,1,1
SCE3004,메모리반도체소자,722,전공심화,2025,2,2026,2,2
SCE3005,반도체소자공정실험,722,전공심화,2025,2,2026,2,2
SCE4002,반도체공학종합설계2,722,전공심화,2026,2,2026,2,1
SCE4003,나노전자공학,722,전공심화,2026,2,2026,2,1
SMC1006,공학프로그래밍기초,722,전공심화,2026,1,2026,1,1
SOC1055,사회학과새로운산업혁명,727,전공기초(필수),2024,2,2024,2,1
SOC2001,사회심리학,721,전공핵심,2024,2,2025,2,2
SOC2002,사회통계,727,전공기초(필수),2024,2,2026,2,3
SOC2003,사회변동과발전,722,전공심화,2024,2,2026,2,4
SOC2004,사회학사,727,전공기초(필수),2024,1,2026,1,3
SOC2015,사회학전공영어,727,전공기초(필수),2024,1,2026,1,3
SOC2016,인구의이해,721,전공핵심,2024,1,2026,1,4
SOC2038,사회조사방법의이해,727,전공기초(필수),2024,1,2026,1,3
SOC3008,문화사회학,722,전공심화,2024,1,2026,1,4
SOC3012,경제사회학,721,전공핵심,2024,1,2026,1,3
SOC3013,성의사회학,722,전공심화,2024,1,2026,1,3
SOC3030,질적연구방법의이해,721,전공핵심,2024,1,2026,1,3
SOC3031,일탈과사회통제,721,전공핵심,2024,1,2026,1,3
SOC3032,사회문제분석:AI와데이터사회,721,전공핵심,2024,2,2026,2,4
SOC3032,사회문제분석:AI와데이터사회,722,전공심화,2024,2,2026,2,3
SOC3033,사회복지와사회정책,721,전공핵심,2024,2,2025,2,2
SOC3033,사회복지와사회정책,722,전공심화,2024,2,2025,2,2
SOC3034,결혼과가족의사회학,721,전공핵심,2024,2,2026,2,3
SOC3035,데이터분석Ⅰ,722,전공심화,2024,2,2026,2,4
SOC3053,기업사회학,722,전공심화,2024,2,2026,2,6
SOC3064,사회불평등연구,721,전공핵심,2024,1,2024,1,1
SOC4004,사회조사실습,722,전공심화,2025,1,2026,1,2
SOC4007,사회조직론,721,전공핵심,2026,2,2026,2,1
SOC4008,현대사회학이론,722,전공심화,2024,2,2026,2,3
SOC4015,한국사회의이해,722,전공심화,2024,2,2026,2,6
SOC4027,일과직업의사회학,721,전공핵심,2024,2,2026,2,3
SOC4036,복지사회학,721,전공핵심,2024,1,2026,1,3
SOC4040,현대사회와빅데이터,722,전공심화,2024,2,2026,2,2
SOC4041,4차산업혁명과현대사회,722,전공심화,2024,2,2026,2,3
SOC4043,21세기전환의사회와기술혁신,722,전공심화,2024,1,2026,1,2
SOC4046,건강과사회적행동,722,전공심화,2025,1,2026,1,2
SOI1003,데이터사이언스기초,721,전공핵심,2024,1,2025,1,2
SOI1008,데이터사이언스프로젝트,721,전공핵심,2024,2,2024,2,1
SOI1009,머신러닝1,721,전공핵심,2024,1,2026,1,6
SOI1010,머신러닝2,721,전공핵심,2024,2,2026,2,6
SOI2007,인지신경과학,721,전공핵심,2024,2,2026,2,4
SOI2008,인지과학입문,722,전공심화,2026,1,2026,1,1
SOI3007,인지과학연구방법론2,722,전공심화,2024,1,2026,2,3
SOI3008,인지행동모델링,721,전공핵심,2024,2,2024,2,1
SOI3010,데이터사이언스연구실현장실습2,722,전공심화,2024,2,2025,2,10
SOI3011,컴퓨팅사고를통한문제해결,722,전공심화,2024,2,2024,2,1
SOI3012,데이터사이언스연구실현장실습1,722,전공심화,2024,1,2025,1,10
SOI3013,심리뇌과학연구실현장실습1,722,전공심화,2024,1,2025,1,3
SOI3014,심리뇌과학연구실현장실습2,722,전공심화,2024,2,2025,2,5
SOI4004,뉴로이미징,722,전공심화,2024,1,2026,1,4
SOI4005,글로벌인턴십,722,전공심화,2026,1,2026,1,2
SOI4006,인공지능프로젝트1,722,전공심화,2024,1,2026,1,6
SOI4007,인공지능프로젝트2(캡스톤디자인),722,전공심화,2024,2,2026,2,6
SOI4008,디지털헬스케어리터러시및연결,722,전공심화,2024,1,2025,1,2
SOI4010,컴퓨테이셔널소셜사이언스,722,전공심화,2024,1,2025,1,2
SOI4012,비정형데이터분석,722,전공심화,2024,2,2026,2,6
SOI4013,시계열데이터분석및실습,722,전공심화,2024,2,2026,2,6
SOI4015,마인드풀니스와테크놀로지,722,전공심화,2024,2,2026,2,3
SOI4017,데이터사이언스세미나2,721,전공핵심,2026,2,2026,2,1
SOI4017,데이터사이언스세미나2,722,전공심화,2026,2,2026,2,1
SOI4018,사회신경과학,722,전공심화,2026,2,2026,2,1
SYB1127,정보사회학입문,711,핵심교양,2024,1,2026,2,6
SYB1128,저작권과스마트폰의이해,711,핵심교양,2024,1,2026,2,6
SYB1148,커피아카데미아,711,핵심교양,2024,1,2026,1,4
SYB1149,프레젠테이션기법,711,핵심교양,2024,1,2026,2,4
SYB8098,1인미디어와융합콘텐츠,711,핵심교양,2024,1,2026,2,6
SYB8099,문화콘텐츠스토리텔링전략,711,핵심교양,2024,1,2026,2,6
SYB9030,그린IT의이해,711,핵심교양,2024,1,2026,2,6
SYB9031,문화기술과사회변동,711,핵심교양,2024,1,2026,2,6
SYB9032,문화콘텐츠마케팅전략의수립과집행,711,핵심교양,2024,1,2026,2,6
SYB9035,음식과세계문화,711,핵심교양,2024,1,2026,2,6
SYB9036,글로벌시대의예술과가치,711,핵심교양,2024,1,2026,1,5
SYB9071,21세기기업의인재상,711,핵심교양,2024,1,2026,2,6
SYB9082,색채심리와현대생활,711,핵심교양,2024,1,2026,2,6
SYB9096,성공하는문화콘텐츠소재개발전략,711,핵심교양,2024,1,2026,2,6
SYB9098,생활속의계약과협상,711,핵심교양,2024,1,2026,2,6
SYB9099,전략적의사결정과문제해결,711,핵심교양,2024,1,2026,2,6
SYB9102,미래소비사회와상품,711,핵심교양,2024,1,2026,2,6
SYB9103,행복한금융생활,711,핵심교양,2024,1,2026,2,6
SYB9104,현대사회와신소재,711,핵심교양,2024,1,2026,2,6
SYB9111,모두의스타트업코딩,711,핵심교양,2024,1,2024,1,1
SYB9112,"화폐와금융의과거,현재,그리고미래",711,핵심교양,2024,1,2026,2,6
SYB9124,세계도시건축,711,핵심교양,2024,2,2026,2,3
SYB9125,사회복지실천과현장,711,핵심교양,2025,1,2025,1,1
SYB9128,비즈니스모델디자인과린스타트업활동,711,핵심교양,2024,2,2026,2,4
SYB9131,AI와첫만남-우린Data로말해,711,핵심교양,2026,1,2026,2,2
SYB9132,서비스기획실전:AI활용하기,711,핵심교양,2026,1,2026,2,2
SYB9133,나도콘텐츠크리에이터:AI로배우는창작,711,핵심교양,2026,1,2026,2,2
SYB9134,코딩없이배우는데이터분석실무:노코드AI,711,핵심교양,2026,1,2026,2,2
SYB9135,아이디어를현실로:바이브코딩,711,핵심교양,2026,1,2026,2,2
SYB9136,알고리즘및컴퓨터적사고,711,핵심교양,2026,2,2026,2,1
SYB9137,통계적학습및인공지능,711,핵심교양,2026,1,2026,2,2
SYB9138,현실속의수학,711,핵심교양,2026,1,2026,2,2
SYB9139,전자기학과미래산업,711,핵심교양,2026,2,2026,2,1
SYB9140,일상속의역학:힘과운동의비밀,711,핵심교양,2026,2,2026,2,1
SYB9141,생화학으로읽는몸과세계,711,핵심교양,2026,2,2026,2,1
SYB9142,"세상속의화학:물질,에너지,환경",711,핵심교양,2026,1,2026,2,2
SYB9145,"AI리터러시,아는것이힘이다",711,핵심교양,2026,2,2026,2,1
SYB9146,AI활용의기초와윤리,711,핵심교양,2026,2,2026,2,1
SYG0001,글로컬국제경영,722,전공심화,2024,2,2026,2,3
SYG0002,직업과인력관리,722,전공심화,2024,2,2026,2,3
SYG0003,경제와경영,721,전공핵심,2024,1,2024,1,1
SYG0003,경제와경영,722,전공심화,2024,1,2026,1,3
SYG0006,국제통상과마케팅,721,전공핵심,2024,1,2026,1,4
SYH0001,사랑의실천1(한양나눔),111,교양필수,2024,1,2026,2,681
SYH0002,사랑의실천2(스마트커뮤니케이션),111,교양필수,2024,2,2026,2,454
SYH0003,사랑의실천3(기업가정신),111,교양필수,2024,2,2026,2,222
SYH0004,사랑의실천4(미래실용인재),111,교양필수,2024,1,2026,1,223
TEA3026,역사논리및논술,742,교직전공,2025,2,2026,2,2
TEA3027,연극영화논리및논술,742,교직전공,2024,2,2026,2,3
TEA3029,수학논리및논술,742,교직전공,2024,2,2026,2,3
TEA3033,일반사회논리및논술,742,교직전공,2024,2,2024,2,2
TEA3034,상업논리및논술,742,교직전공,2024,2,2024,2,5
TEA3036,음악논리및논술,742,교직전공,2024,2,2026,2,15
TEA3037,체육논리및논술,742,교직전공,2024,2,2026,2,3
TEA3038,관광논리및논술,742,교직전공,2024,2,2026,2,3
TEA3044,외국어논리및논술,742,교직전공,2024,2,2026,2,6
TEA3045,과학논리및논술,742,교직전공,2024,2,2026,2,2
TEA4021,상업교수법,742,교직전공,2024,2,2024,2,5
TEA5006,역사교과교육론,742,교직전공,2024,1,2026,1,2
TEA5007,연극영화교과교육론,742,교직전공,2024,1,2026,1,3
TEA5009,수학교과교육론,742,교직전공,2024,1,2026,1,3
TEA5013,일반사회교과교육론,742,교직전공,2024,1,2024,1,1
TEA5014,상업교과교육론,742,교직전공,2025,1,2025,1,5
TEA5016,음악교과교육론,742,교직전공,2024,1,2026,1,15
TEA5017,체육교과교육론,742,교직전공,2024,1,2026,1,3
TEA5020,관광교과교육론,742,교직전공,2024,1,2026,1,2
TEA5021,과학교과교육론,742,교직전공,2024,1,2026,1,3
TEA5022,외국어교과교육론,742,교직전공,2024,1,2026,1,7
TEA6006,역사교과교재연구및지도,742,교직전공,2024,1,2026,1,3
TEA6007,연극영화교과교재연구및지도,742,교직전공,2025,1,2026,1,2
TEA6009,수학교과교재연구및지도,742,교직전공,2025,1,2025,1,1
TEA6014,상업교과교재연구및지도,742,교직전공,2025,1,2025,1,5
TEA6016,음악교과교재연구및지도,742,교직전공,2024,1,2026,1,15
TEA6017,체육교과교재연구및지도,742,교직전공,2024,1,2026,1,3
TEA6020,관광교과교재연구및지도,742,교직전공,2024,1,2026,1,3
TEA6021,외국어교과교재연구및지도,742,교직전공,2024,1,2026,1,7
TEA6022,과학교과교재연구및지도,742,교직전공,2025,1,2025,1,1
TOU1011,관광론,727,전공기초(필수),2024,1,2026,1,4
TOU1012,관광개발의이해,727,전공기초(필수),2024,2,2026,2,4
TOU1013,레저학의이해,727,전공기초(필수),2024,2,2026,2,3
TOU1017,지속가능한관광론,721,전공핵심,2024,1,2026,1,3
TOU1019,관광지리의이해,727,전공기초(필수),2024,2,2026,2,4
TOU1020,문화관광경영,727,전공기초(필수),2024,1,2026,1,4
TOU1021,신융합관광의이해,727,전공기초(필수),2024,1,2026,1,5
TOU1022,호텔의이해,727,전공기초(필수),2024,2,2026,2,3
TOU1023,국제관광행동론,727,전공기초(필수),2025,2,2026,2,2
TOU2012,관광계획및개발론,721,전공핵심,2024,1,2026,2,2
TOU2023,관광영어1,721,전공핵심,2024,2,2026,2,3
TOU2024,관광영어2,722,전공심화,2024,1,2026,1,3
TOU2029,푸드(F&B)컨텐츠와융합비즈니스,721,전공핵심,2024,2,2026,2,3
TOU2037,관광자원총론,721,전공핵심,2024,2,2026,2,3
TOU2043,서비스산업이슈세미나,721,전공핵심,2024,1,2026,1,3
TOU2044,여행관광행복론,722,전공심화,2025,2,2026,2,2
TOU3005,관광정책론,727,전공기초(필수),2024,2,2024,2,1
TOU3016,관광통계학,722,전공심화,2024,1,2026,1,3
TOU3040,레저관광심리학,721,전공핵심,2024,1,2026,1,3
TOU3042,관광경제학,721,전공핵심,2025,2,2026,2,2
TOU3055,축제이벤트론,721,전공핵심,2024,1,2026,1,3
TOU3069,관광정보경영,722,전공심화,2024,2,2026,2,3
TOU3071,한국관광사,722,전공심화,2024,1,2026,1,3
TOU3072,관광정책사례분석,721,전공핵심,2024,1,2024,1,1
TOU3073,호텔·관광마케팅론,721,전공핵심,2024,1,2026,1,3
TOU3075,지속가능한항공경영론,721,전공핵심,2024,1,2026,1,3
TOU3077,호텔·관광사례및트렌드분석,722,전공심화,2024,2,2026,2,3
TOU3080,미래관광과여행산업,722,전공심화,2024,1,2025,1,2
TOU3081,글로벌서비스론,722,전공심화,2024,2,2026,2,3
TOU3082,관광수익관리,721,전공핵심,2025,2,2026,2,2
TOU3083,디지털트랜스포메이션과관광혁신창업,722,전공심화,2024,1,2025,1,3
TOU4047,축제이벤트기획프로젝트,722,전공심화,2024,2,2026,2,3
TOU4059,컨벤션전시기획캡스톤디자인,722,전공심화,2024,2,2024,2,1
TOU4060,문화관광전략,721,전공핵심,2024,1,2026,1,3
TOU4061,호텔·관광리더십,722,전공심화,2024,1,2026,1,3
TOU4062,서비스문제해결방법론,722,전공심화,2024,1,2026,1,3
TOU4063,글로벌커뮤니케이션론,722,전공심화,2024,2,2026,2,3
TOU4065,관광정책과전략기획,722,전공심화,2026,1,2026,1,1
TRE2001,교통공학,722,전공심화,2024,2,2026,2,3
TRE3003,교통계획,722,전공심화,2024,1,2026,1,3
TXE3016,유기광학분자설계,722,전공심화,2024,1,2025,1,2
TXE4019,재료유변학,722,전공심화,2024,2,2026,2,3
URE1002,도시와인간,721,전공핵심,2024,1,2026,1,3
URE1007,도시와디자인,721,전공핵심,2024,2,2026,2,9
URE2006,도시계획개론,721,전공핵심,2024,1,2026,1,4
URE2008,GIS와도시공간분석,721,전공핵심,2024,1,2026,1,3
URE3006,토지이용,721,전공핵심,2024,2,2026,2,3
URE3011,도시설계1,721,전공핵심,2024,1,2026,1,9
URE3012,도시설계2,721,전공핵심,2024,2,2026,2,9
URE3018,컴퓨터응용도시설계,721,전공핵심,2024,2,2026,2,3
URE3021,데이터기반도시설계,721,전공핵심,2024,1,2026,1,3
URE3022,인공지능기반도시설계,722,전공심화,2024,2,2026,2,3
URE3029,도시계량분석,721,전공핵심,2025,2,2026,2,2
URE3030,도시빅데이터분석,722,전공심화,2026,1,2026,1,1
URE3055,도시계획사,722,전공심화,2024,2,2026,2,3
URE4006,조경이론및설계,722,전공심화,2024,2,2026,2,3
URE4008,도시공학종합설계1(URIP),721,전공핵심,2024,1,2026,1,9
URE4009,도시공학종합설계2(URIP),721,전공핵심,2024,2,2026,2,9
URE4010,도시설계론,722,전공심화,2024,1,2026,2,6
URE4022,부동산개발및마케팅분석,722,전공심화,2025,2,2026,2,2
URE4024,도시개발및도시재생,722,전공심화,2024,2,2024,2,1
URE4030,부동산금융및투자,722,전공심화,2024,1,2026,1,3
URE4031,도시및부동산경제,722,전공심화,2024,1,2025,1,2
URE4032,부동산평가및자산관리,722,전공심화,2024,2,2025,2,2
URE4033,도시및부동산법규,722,전공심화,2024,1,2026,1,2
VEN1001,현대사회와마케팅,721,전공핵심,2024,1,2026,2,6
VEN2001,창업기초:창업과기업가정신,711,핵심교양,2024,1,2026,2,6
VEN2001,창업기초:창업과기업가정신,721,전공핵심,2024,1,2026,1,6
VEN2002,창업실습:실전창업워크숍1,711,핵심교양,2024,1,2026,1,5
VEN2002,창업실습:실전창업워크숍1,721,전공핵심,2024,1,2026,1,6
VEN2003,창업심화:스타트업 A to Z,711,핵심교양,2024,1,2025,1,2
VEN2003,창업심화:스타트업 A to Z,721,전공핵심,2024,1,2025,1,4
VEN2005,창업기초:디자인씽킹,711,핵심교양,2024,2,2026,2,3
VEN2005,창업기초:디자인씽킹,721,전공핵심,2024,2,2026,2,6
VEN2009,창업기초:스타트업기업가정신의이해와사례,711,핵심교양,2024,1,2026,2,6
VEN2009,창업기초:스타트업기업가정신의이해와사례,722,전공심화,2024,2,2026,2,6
VEN2014,창업기초:사회적기업가정신액션러닝,711,핵심교양,2024,1,2026,1,5
VEN2014,창업기초:사회적기업가정신액션러닝,721,전공핵심,2024,1,2026,1,7
VEN2016,레드라이언을위한씽씽스타트업2,721,전공핵심,2024,1,2024,1,1
VEN2017,창업기초:사업기회의발견,711,핵심교양,2024,1,2026,1,3
VEN2017,창업기초:사업기회의발견,721,전공핵심,2024,1,2026,1,6
VEN2018,창업심화:스타트업마케팅,711,핵심교양,2024,1,2026,1,3
VEN2018,창업심화:스타트업마케팅,721,전공핵심,2024,1,2026,1,6
VEN2019,한국문화와한류,721,전공핵심,2024,1,2026,2,12
VEN2020,소비자행동과콘텐츠제작,721,전공핵심,2024,1,2026,2,6
VEN2021,세상을바꾸는스타트업이야기,711,핵심교양,2024,1,2024,1,1
VEN2021,세상을바꾸는스타트업이야기,721,전공핵심,2024,1,2024,1,1
VEN2022,과학기술혁명,721,전공핵심,2024,2,2026,2,5
VEN2023,사회혁신과UN지속가능개발목표,721,전공핵심,2024,2,2025,1,2
VEN2024,Cultural Industry and Data Analysis,721,전공핵심,2024,2,2026,2,5
VEN2025,Media Communication in Korea,721,전공핵심,2024,2,2026,2,5
VEN2026,Platform Revolution and Culture Industry,721,전공핵심,2024,2,2026,2,5
VEN2027,Understanding K-Pop Industry,721,전공핵심,2024,2,2026,2,5
VEN2028,From Oldboy to Squid Game: Navigating the Korean Cultural Wave,721,전공핵심,2025,1,2026,2,4
VEN2029,Korean for Beginners,721,전공핵심,2025,1,2026,2,4
VEN2030,Global Entrepreneurship_Launch your startup,721,전공핵심,2025,2,2026,2,3
VEN2031,미디어AI크리에이터창업의기초,711,핵심교양,2026,1,2026,1,1
VEN2031,미디어AI크리에이터창업의기초,722,전공심화,2026,1,2026,1,1
VEN2032,Entrepreneurial Insights & Korean Trends,721,전공핵심,2026,1,2026,2,2
VEN2033,Modern Stress Psychology,721,전공핵심,2026,2,2026,2,1
VEN2035,Principles of Chemistry,721,전공핵심,2026,2,2026,2,1
VEN2036,Introduction to Computer Graphics,721,전공핵심,2026,2,2026,2,1
VEN3001,창업심화:스타트업법률이슈,711,핵심교양,2024,2,2026,2,3
VEN3001,창업심화:스타트업법률이슈,721,전공핵심,2024,2,2026,2,6
VEN3002,창업심화:스타트업특허,711,핵심교양,2024,2,2026,2,3
VEN3002,창업심화:스타트업특허,721,전공핵심,2024,2,2026,2,6
VEN3005,창업실습:캠퍼스CEO,711,핵심교양,2024,2,2026,2,3
VEN3005,창업실습:캠퍼스CEO,721,전공핵심,2024,2,2026,2,9
VEN3006,창업실습1,711,핵심교양,2024,2,2026,2,3
VEN3006,창업실습1,722,전공심화,2024,2,2026,2,6
VEN3007,창업실습2,711,핵심교양,2024,1,2026,1,3
VEN3007,창업실습2,722,전공심화,2024,1,2026,1,6
VEN3008,창업기초:글로벌스타트업멘토링,711,핵심교양,2024,1,2026,1,3
VEN3008,창업기초:글로벌스타트업멘토링,722,전공심화,2024,1,2026,1,6
VEN3009,창업심화:스타트업투자유치전략,711,핵심교양,2024,2,2026,2,3
VEN3009,창업심화:스타트업투자유치전략,721,전공핵심,2024,2,2026,2,5
VEN3011,창업기초:문화예술산업의이해,711,핵심교양,2024,2,2026,2,3
VEN3011,창업기초:문화예술산업의이해,722,전공심화,2025,2,2026,2,2
VEN3014,창업실습:스타트랙1,711,핵심교양,2024,1,2026,1,3
VEN3014,창업실습:스타트랙1,722,전공심화,2024,1,2026,1,6
VEN3015,차이나마케팅,721,전공핵심,2024,1,2024,1,1
VEN3017,클라우드비즈니스모델,711,핵심교양,2024,1,2024,1,1
VEN3017,클라우드비즈니스모델,722,전공심화,2024,1,2024,1,1
VEN3018,창업실무:고객데이터분석및활용기초,711,핵심교양,2024,1,2024,1,1
VEN3018,창업실무:고객데이터분석및활용기초,721,전공핵심,2024,1,2024,1,1
VEN3019,창업실무:쉽게배우는모바일앱개발,711,핵심교양,2024,1,2026,1,3
VEN3019,창업실무:쉽게배우는모바일앱개발,721,전공핵심,2024,1,2026,1,3
VEN3021,창업실무:금융DT와핀테크SW기초,711,핵심교양,2024,2,2024,2,1
VEN3021,창업실무:금융DT와핀테크SW기초,721,전공핵심,2024,2,2024,2,1
VEN3022,기초비즈니스통계,721,전공핵심,2024,1,2026,2,6
VEN3023,비즈니스행동경제학,722,전공심화,2024,1,2026,2,6
VEN3024,창업가정신과사회적혁신,711,핵심교양,2024,2,2026,2,3
VEN3024,창업가정신과사회적혁신,722,전공심화,2024,2,2026,2,3
VEN3025,창업실무:엔엘코드(No-LowCode)를활용한IT서비스기획,711,핵심교양,2024,1,2026,1,3
VEN3025,창업실무:엔엘코드(No-LowCode)를활용한IT서비스기획,722,전공심화,2024,1,2026,1,3
VEN4001,창업실습:캡스톤디자인,711,핵심교양,2024,1,2025,1,2
VEN4001,창업실습:캡스톤디자인,721,전공핵심,2024,1,2025,1,2
VEN4003,블록체인과비즈니스모델,711,핵심교양,2024,2,2026,2,4
VEN4003,블록체인과비즈니스모델,722,전공심화,2024,2,2026,2,5
VEN4005,비즈니스리서치와분석,722,전공심화,2024,1,2026,2,6
VEN4006,창업심화:스타트업경영전략,711,핵심교양,2024,1,2026,1,3
VEN4006,창업심화:스타트업경영전략,722,전공심화,2024,1,2026,1,3
VEN4007,창업실습:실전창업워크숍2,711,핵심교양,2026,2,2026,2,1
VEN4007,창업실습:실전창업워크숍2,721,전공핵심,2026,2,2026,2,1
VEN6001,스타트업토크콘서트,711,핵심교양,2024,1,2026,2,6
VEN6001,스타트업토크콘서트,721,전공핵심,2024,1,2026,1,6
VOC1003,성악전공실기1,727,전공기초(필수),2024,1,2026,1,3
VOC1004,성악전공실기2,727,전공기초(필수),2024,2,2026,2,3
VOC1011,딕션1,727,전공기초(필수),2024,1,2026,1,3
VOC1012,피아노실습1,727,전공기초(필수),2024,1,2026,1,3
VOC1013,딕션2,727,전공기초(필수),2024,2,2026,2,3
VOC1014,피아노실습2,721,전공핵심,2024,2,2026,2,3
VOC2059,성악전공실기3,721,전공핵심,2024,1,2026,1,3
VOC2060,성악전공실기4,721,전공핵심,2024,2,2026,2,3
VOC2069,피아노실습3,721,전공핵심,2024,1,2026,1,3
VOC2070,딕션3,722,전공심화,2024,1,2026,1,3
VOC2071,무대예술1,722,전공심화,2024,1,2026,1,3
VOC2072,피아노실습4,721,전공핵심,2024,2,2026,2,3
VOC2073,딕션4,722,전공심화,2024,2,2026,2,3
VOC2074,무대예술2,722,전공심화,2025,2,2026,2,2
VOC3033,성악전공실기5,721,전공핵심,2024,1,2026,1,3
VOC3034,성악전공실기6,721,전공핵심,2024,2,2026,2,3
VOC3052,딕션5,722,전공심화,2024,1,2026,1,3
VOC3053,가곡과앙상블1,722,전공심화,2024,1,2026,1,3
VOC3054,무대예술3,722,전공심화,2024,1,2026,1,3
VOC3055,딕션6,722,전공심화,2024,2,2026,2,3
VOC3056,가곡과앙상블2,722,전공심화,2024,2,2026,2,3
VOC3057,무대예술4,722,전공심화,2024,2,2026,2,3
VOC3058,연주기획과평론1,722,전공심화,2024,1,2026,1,3
VOC3059,연주기획과평론2,722,전공심화,2024,2,2026,2,3
VOC4008,성악문헌1,721,전공핵심,2026,1,2026,1,1
VOC4009,성악문헌2,721,전공핵심,2026,2,2026,2,1
VOC4021,한국가곡문헌1,722,전공심화,2024,1,2026,1,3
VOC4022,한국가곡문헌2,722,전공심화,2026,2,2026,2,1
VOC4027,성악전공실기7,721,전공핵심,2024,1,2026,1,3
VOC4028,성악전공실기8,721,전공핵심,2024,2,2026,2,3
VOC4052,예술경영및마케팅1,722,전공심화,2024,1,2026,1,3
VOC4055,예술경영및마케팅2,722,전공심화,2024,2,2026,2,2
VOC4059,딕션7,722,전공심화,2024,1,2026,1,3
VOC4061,무대예술5,722,전공심화,2024,1,2026,1,3
VOC4063,딕션8,722,전공심화,2024,2,2026,2,3
VOC4065,무대예술6,722,전공심화,2024,2,2026,2,3
VOC4066,예술가곡1,722,전공심화,2024,1,2026,1,3
VOC4067,예술가곡2,722,전공심화,2024,2,2026,2,3
