campus_code,dept_code,dept_name,course_no,course_name,year_term_range,opening_dept,parse_status
H0002256,H0002936,STS(과학기술학)전공,CHM1005,일반화학및실험1,2007/1 ~ 2020/2,STS(과학기술학)전공,ok
H0002256,H0002936,STS(과학기술학)전공,CLS1001,인문클래식:마음의이해,2019/1 ~ 2022/2,STS(과학기술학)전공,ok
H0002256,H0002936,STS(과학기술학)전공,CLS1004,과학클래식:과학기술의문화사,2018/1 ~ 2021/2,STS(과학기술학)전공,ok
H0002256,H0002936,STS(과학기술학)전공,CLS1016,과학클래식:화학의변명,2017/1 ~ 2020/2,STS(과학기술학)전공,ok
H0002256,H0002936,STS(과학기술학)전공,CLS1017,과학클래식:과학과종교,2018/1 ~ 2021/2,STS(과학기술학)전공,ok
H0002256,H0002936,STS(과학기술학)전공,COE3051,공업수학1,2007/1 ~ 2020/2,STS(과학기술학)전공,ok
H0002256,H0002936,STS(과학기술학)전공,CUL3011,일반물리학및실험1,2007/1 ~ 2020/2,STS(과학기술학)전공,ok
H0002256,H0002936,STS(과학기술학)전공,CUL3013,일반생물학및실험1,2007/1 ~ 2020/2,STS(과학기술학)전공,ok
H0002256,H0002936,STS(과학기술학)전공,CUL6031,세상으로걸어간과학기술자들,2018/1 ~ 2021/2,STS(과학기술학)전공,ok
H0002256,H0002936,STS(과학기술학)전공,CUL6037,과학기술학의새로운지평,2018/1 ~ 2021/2,STS(과학기술학)전공,ok
H0002256,H0002936,STS(과학기술학)전공,CUL7042,두문화의인간학,2018/1 ~ 2021/2,STS(과학기술학)전공,ok
H0002256,H0002936,STS(과학기술학)전공,CUL7043,기술시대의인간과윤리,2018/1 ~ 2021/2,STS(과학기술학)전공,ok
H0002256,H0002936,STS(과학기술학)전공,ENG3094,실험언어학,2015/1 ~ 2017/2,STS(과학기술학)전공,not_found
H0002256,H0002936,STS(과학기술학)전공,ENG4076,영미과학소설읽기,2008/1 ~ 2018/2,STS(과학기술학)전공,ok
H0002256,H0002936,STS(과학기술학)전공,FUT2010,은유와프레임전략,2017/1 ~ 2017/2,STS(과학기술학)전공,ok
H0002256,H0002936,STS(과학기술학)전공,GEN5081,비즈니스설득심리,2006/1 ~ 2018/2,STS(과학기술학)전공,ok
H0002256,H0002936,STS(과학기술학)전공,GEN6058,혁신과잡종의과학사,2018/1 ~ 2021/2,STS(과학기술학)전공,ok
H0002256,H0002936,STS(과학기술학)전공,GEN8039,과학자의리더십,2018/1 ~ 2021/2,STS(과학기술학)전공,ok
H0002256,H0002936,STS(과학기술학)전공,GEN8040,생물학연대기,2019/1 ~ 2022/2,STS(과학기술학)전공,ok
H0002256,H0002936,STS(과학기술학)전공,HIS2040,글로벌서양사,2018/1 ~ 2021/2,STS(과학기술학)전공,ok
H0002256,H0002936,STS(과학기술학)전공,HIS2064,서양과학기술의역사적전개,2006/1 ~ 2016/2,STS(과학기술학)전공,ok
H0002256,H0002936,STS(과학기술학)전공,HIS2065,중국전통과학기술의역사적전개,2007/1 ~ 2018/2,STS(과학기술학)전공,ok
H0002256,H0002936,STS(과학기술학)전공,HIS3027,근대중국과동아시아,2018/1 ~ 2021/2,STS(과학기술학)전공,ok
H0002256,H0002936,STS(과학기술학)전공,HIS3059,현대과학기술의역사적쟁점,2007/1 ~ 2017/2,STS(과학기술학)전공,ok
H0002256,H0002936,STS(과학기술학)전공,KOR4065,한국문학과근대과학,2008/1 ~ 2018/2,STS(과학기술학)전공,ok
H0002256,H0002936,STS(과학기술학)전공,PER0003,생각과논리,2010/1 ~ 2020/2,STS(과학기술학)전공,ok
H0002256,H0002936,STS(과학기술학)전공,PER0004,영어논리와표현,2010/1 ~ 2015/2,STS(과학기술학)전공,ok
H0002256,H0002936,STS(과학기술학)전공,PER2001,STS란무엇인가,2007/1 ~ 2020/2,STS(과학기술학)전공,ok
H0002256,H0002936,STS(과학기술학)전공,PER2002,과학기술과문화,2007/1 ~ 2020/2,STS(과학기술학)전공,ok
H0002256,H0002936,STS(과학기술학)전공,PER2003,현대과학기술의윤리적쟁점,2007/1 ~ 2020/2,STS(과학기술학)전공,ok
H0002256,H0002936,STS(과학기술학)전공,PER2004,한국근현대과학기술사,2007/1 ~ 2020/2,STS(과학기술학)전공,ok
H0002256,H0002936,STS(과학기술학)전공,PER2036,융합적사고를위한인문고전읽기,2014/1 ~ 2020/2,STS(과학기술학)전공,ok
H0002256,H0002936,STS(과학기술학)전공,PER2060,지능기술시대를위한과학철학,2016/2 ~ 2016/2,STS(과학기술학)전공,ok
H0002256,H0002936,STS(과학기술학)전공,PER2061,"스마트시대의문자,구술,영상",2016/2 ~ 2017/2,STS(과학기술학)전공,ok
H0002256,H0002936,STS(과학기술학)전공,PER3001,동양의과학기술사상,2007/1 ~ 2021/2,STS(과학기술학)전공,ok
H0002256,H0002936,STS(과학기술학)전공,PER3002,과학기술커뮤니케이션,2007/1 ~ 2021/2,STS(과학기술학)전공,ok
H0002256,H0002936,STS(과학기술학)전공,PER3003,STS특강,2007/1 ~ 2021/2,STS(과학기술학)전공,ok
H0002256,H0002936,STS(과학기술학)전공,PER3004,현대과학기술정책의이해,2007/1 ~ 2021/2,STS(과학기술학)전공,ok
H0002256,H0002936,STS(과학기술학)전공,PER3019,발표와토론,2011/1 ~ 2021/2,STS(과학기술학)전공,ok
H0002256,H0002936,STS(과학기술학)전공,PER3042,취업역량개발과직무이해,2014/1 ~ 2021/2,STS(과학기술학)전공,ok
H0002256,H0002936,STS(과학기술학)전공,PER4009,비즈니스커뮤니케이션의이론과실제,2009/1 ~ 2018/2,STS(과학기술학)전공,ok
H0002256,H0002936,STS(과학기술학)전공,PER4011,과학기술커뮤니케이터글쓰기,2009/1 ~ 2022/2,STS(과학기술학)전공,ok
H0002256,H0002936,STS(과학기술학)전공,PER4012,과학기술커뮤니케이터실습,2010/1 ~ 2022/2,STS(과학기술학)전공,ok
H0002256,H0002936,STS(과학기술학)전공,PHL2041,물질과마음철학,2006/1 ~ 2021/2,STS(과학기술학)전공,ok
H0002256,H0002936,STS(과학기술학)전공,PHL3063,기술철학,2007/1 ~ 2021/2,STS(과학기술학)전공,ok
H0002256,H0002936,STS(과학기술학)전공,PHL4005,과학철학,2014/1 ~ 2020/2,STS(과학기술학)전공,ok
H0002256,H0002936,STS(과학기술학)전공,PHL4042,한국전통과학기술사상,2008/1 ~ 2018/2,STS(과학기술학)전공,ok
H0002256,H0002936,STS(과학기술학)전공,PPL1007,비판적사고,2017/1 ~ 2020/2,STS(과학기술학)전공,ok
H0002256,H0002936,STS(과학기술학)전공,PPL1011,근대사상의전개,2018/1 ~ 2021/2,STS(과학기술학)전공,ok
H0002256,H0002936,STS(과학기술학)전공,PPL2013,현대사상의주요흐름,2017/1 ~ 2020/2,STS(과학기술학)전공,ok
H0002256,H0002936,STS(과학기술학)전공,PPL4027,과학기술철학,2018/1 ~ 2021/2,STS(과학기술학)전공,ok
H0002256,H0004816,간호학과,CUL0005,말과글,2016/1 ~ 2027/2,간호학과,ok
H0002256,H0004132,간호학과,CUL0005,말과글,2013/1 ~ 2023/2,간호학과,ok
H0002256,H0004816,간호학과,CUL0011,창의적컴퓨팅,2017/1 ~ 2027/2,간호학과,ok
H0002256,H0004132,간호학과,CUL0011,창의적컴퓨팅,2017/1 ~ 2023/2,간호학과,ok
H0002256,H0004816,간호학과,CUL0202,문화기술인간,2025/1 ~ 2027/2,간호학과,ok
H0002256,H0004816,간호학과,CUL0203,AI시대쓰기의힘,2025/1 ~ 2027/2,간호학과,ok
H0002256,H0004816,간호학과,CUL0205,Technology and AI: Utopia or Dystopia?,2026/1 ~ 2028/2,간호학과,ok
H0002256,H0004816,간호학과,CUL0208,스토리텔링의설계와전략,2026/1 ~ 2028/2,간호학과,ok
H0002256,H0004816,간호학과,CUL1122,창의적프로그래밍,2023/1 ~ 2028/2,간호학과,ok
H0002256,H0004816,간호학과,CUL1138,인공지능과기계학습,2023/1 ~ 2028/2,간호학과,ok
H0002256,H0004816,간호학과,CUL2019,심리학의이해,2016/1 ~ 2023/2,간호학과,ok
H0002256,H0004132,간호학과,CUL2019,심리학의이해,2016/1 ~ 2023/2,간호학과,ok
H0002256,H0004132,간호학과,GEN1016,일반생물학,2013/1 ~ 2015/2,간호학과,ok
H0002256,H0004816,간호학과,GEN3083,영양과건강,2017/1 ~ 2027/2,간호학과,ok
H0002256,H0004132,간호학과,GEN3083,영양과건강,2017/1 ~ 2023/2,간호학과,ok
H0002256,H0004816,간호학과,GEN4091,과학기술의철학적이해,2016/1 ~ 2027/2,간호학과,ok
H0002256,H0004132,간호학과,GEN4091,과학기술의철학적이해,2013/1 ~ 2023/2,간호학과,ok
H0002256,H0004816,간호학과,GEN5029,커리어개발Ⅰ:취.창업진로로드맵,2016/1 ~ 2027/2,간호학과,ok
H0002256,H0004132,간호학과,GEN5029,커리어개발Ⅰ:취.창업진로로드맵,2013/1 ~ 2023/2,간호학과,ok
H0002256,H0004816,간호학과,GEN5100,커리어개발Ⅱ:취.창업진로포트폴리오,2018/1 ~ 2029/2,간호학과,ok
H0002256,H0004132,간호학과,GEN5100,커리어개발Ⅱ:취.창업진로포트폴리오,2015/1 ~ 2025/2,간호학과,ok
H0002256,H0004816,간호학과,GEN6032,전문학술영어,2017/1 ~ 2028/2,간호학과,ok
H0002256,H0004132,간호학과,GEN6032,전문학술영어,2014/1 ~ 2024/2,간호학과,ok
H0002256,H0004132,간호학과,GEN6044,한양사회봉사,2013/1 ~ 2014/2,간호학과,ok
H0002256,H0004816,간호학과,HYP1003,간호학HY-UP(실용연구실습)1,2024/1 ~ 2029/2,간호학과,ok
H0002256,H0004816,간호학과,HYP2001,간호학HY-UP(실용연구실습)2,2023/2 ~ 2029/2,간호학과,ok
H0002256,H0004816,간호학과,HYP3001,간호학HY-UP(실용연구실습)3,2024/1 ~ 2030/2,간호학과,ok
H0002256,H0004816,간호학과,HYP4001,간호학HY-UP(실용연구실습)4,2023/2 ~ 2030/2,간호학과,ok
H0002256,H0004132,간호학과,MED1012,생리학및실습,2014/1 ~ 2016/2,간호학과,ok
H0002256,H0004132,간호학과,MED1013,미생물학및실습,2014/1 ~ 2016/2,간호학과,ok
H0002256,H0004132,간호학과,MED1014,생화학및실습,2013/1 ~ 2015/2,간호학과,ok
H0002256,H0004132,간호학과,MED1015,약리학및실습,2014/1 ~ 2016/2,간호학과,ok
H0002256,H0004132,간호학과,MED1016,병리학및실습,2014/1 ~ 2016/2,간호학과,not_found
H0002256,H0004132,간호학과,MED1031,해부학및실습,2013/1 ~ 2015/2,간호학과,ok
H0002256,H0004816,간호학과,NUR1002,간호학개론,2016/1 ~ 2027/2,간호학과,ok
H0002256,H0004132,간호학과,NUR1002,간호학개론,2016/1 ~ 2023/2,간호학과,ok
H0002256,H0004816,간호학과,NUR1006,간호와직업,2017/1 ~ 2023/2,간호학과,not_found
H0002256,H0004132,간호학과,NUR1006,간호와직업,2015/1 ~ 2023/2,간호학과,not_found
H0002256,H0004132,간호학과,NUR1007,간호고전,2013/1 ~ 2015/2,간호학과,not_found
H0002256,H0004132,간호학과,NUR1008,동양적건강과질병관,2013/1 ~ 2015/2,간호학과,not_found
H0002256,H0004816,간호학과,NUR1009,간호해부학,2016/1 ~ 2027/2,간호학과,ok
H0002256,H0004132,간호학과,NUR1009,간호해부학,2016/1 ~ 2023/2,간호학과,ok
H0002256,H0004816,간호학과,NUR1010,건강의고전적이해,2016/1 ~ 2027/2,간호학과,ok
H0002256,H0004132,간호학과,NUR1010,건강의고전적이해,2016/1 ~ 2023/2,간호학과,ok
H0002256,H0004816,간호학과,NUR1011,인류학의이해,2016/1 ~ 2019/2,간호학과,ok
H0002256,H0004132,간호학과,NUR1011,인류학의이해,2016/1 ~ 2019/2,간호학과,ok
H0002256,H0004816,간호학과,NUR1012,간호공학입문,2020/2 ~ 2027/2,간호학과,ok
H0002256,H0004132,간호학과,NUR1012,간호공학입문,2020/2 ~ 2023/2,간호학과,ok
H0002256,H0004816,간호학과,NUR1013,건강인류학,2020/2 ~ 2027/2,간호학과,ok
H0002256,H0004132,간호학과,NUR1013,건강인류학,2020/2 ~ 2023/2,간호학과,ok
H0002256,H0004816,간호학과,NUR1014,돌봄의사회적가치,2024/1 ~ 2027/2,간호학과,ok
H0002256,H0004132,간호학과,NUR2001,간호윤리,2014/1 ~ 2016/2,간호학과,not_found
H0002256,H0004816,간호학과,NUR2008,기본간호학및실습1,2017/1 ~ 2022/2,간호학과,not_found
H0002256,H0004132,간호학과,NUR2008,기본간호학및실습1,2014/1 ~ 2022/2,간호학과,not_found
H0002256,H0004816,간호학과,NUR2009,기본간호학및실습2,2017/1 ~ 2022/1,간호학과,not_found
H0002256,H0004132,간호학과,NUR2009,기본간호학및실습2,2014/1 ~ 2022/1,간호학과,not_found
H0002256,H0004816,간호학과,NUR2014,간호과정,2018/1 ~ 2029/2,간호학과,ok
H0002256,H0004132,간호학과,NUR2014,간호과정,2018/1 ~ 2025/2,간호학과,ok
H0002256,H0004816,간호학과,NUR2020,간호정보학,2017/1 ~ 2028/2,간호학과,ok
H0002256,H0004132,간호학과,NUR2020,간호정보학,2015/1 ~ 2024/2,간호학과,ok
H0002256,H0004132,간호학과,NUR2021,아동발달과건강,2014/1 ~ 2016/2,간호학과,not_found
H0002256,H0004816,간호학과,NUR2022,출산기가족의간호,2018/1 ~ 2029/2,간호학과,ok
H0002256,H0004132,간호학과,NUR2022,출산기가족의간호,2015/1 ~ 2025/2,간호학과,ok
H0002256,H0004132,간호학과,NUR2023,성인간호개론,2014/1 ~ 2016/2,간호학과,not_found
H0002256,H0004816,간호학과,NUR2024,의사소통론,2017/1 ~ 2027/2,간호학과,ok
H0002256,H0004132,간호학과,NUR2024,의사소통론,2014/1 ~ 2023/2,간호학과,ok
H0002256,H0004816,간호학과,NUR2028,출산기건강장애와간호,2018/1 ~ 2025/2,간호학과,not_found
H0002256,H0004132,간호학과,NUR2028,출산기건강장애와간호,2015/1 ~ 2025/2,간호학과,not_found
H0002256,H0004132,간호학과,NUR2029,성인건강간호중재론1,2015/1 ~ 2017/2,간호학과,not_found
H0002256,H0004816,간호학과,NUR2031,지역중심간호과학1,2019/1 ~ 2022/2,간호학과,not_found
H0002256,H0004132,간호학과,NUR2031,지역중심간호과학1,2014/1 ~ 2022/2,간호학과,not_found
H0002256,H0004816,간호학과,NUR2033,성장과발달,2017/1 ~ 2024/2,간호학과,not_found
H0002256,H0004132,간호학과,NUR2033,성장과발달,2017/1 ~ 2024/2,간호학과,not_found
H0002256,H0004816,간호학과,NUR2034,논리와비평적사고,2017/1 ~ 2024/2,간호학과,not_found
H0002256,H0004132,간호학과,NUR2034,논리와비평적사고,2017/1 ~ 2024/2,간호학과,not_found
H0002256,H0004816,간호학과,NUR2035,간호약리학,2017/1 ~ 2028/2,간호학과,ok
H0002256,H0004132,간호학과,NUR2035,간호약리학,2017/1 ~ 2024/2,간호학과,ok
H0002256,H0004816,간호학과,NUR2036,기초간호과학4,2017/1 ~ 2024/2,간호학과,not_found
H0002256,H0004132,간호학과,NUR2036,기초간호과학4,2017/1 ~ 2024/2,간호학과,not_found
H0002256,H0004816,간호학과,NUR2037,인간발달과사회,2021/1 ~ 2028/2,간호학과,ok
H0002256,H0004132,간호학과,NUR2037,인간발달과사회,2021/1 ~ 2024/2,간호학과,ok
H0002256,H0004816,간호학과,NUR2038,디지털헬스디자인,2021/1 ~ 2028/2,간호학과,ok
H0002256,H0004132,간호학과,NUR2038,디지털헬스디자인,2021/1 ~ 2024/2,간호학과,ok
H0002256,H0004816,간호학과,NUR2039,기본간호학2,2022/1 ~ 2028/2,간호학과,ok
H0002256,H0004132,간호학과,NUR2039,기본간호학2,2022/1 ~ 2024/2,간호학과,ok
H0002256,H0004816,간호학과,NUR2040,기본간호학실습2,2022/1 ~ 2028/2,간호학과,ok
H0002256,H0004132,간호학과,NUR2040,기본간호학실습2,2022/1 ~ 2024/2,간호학과,ok
H0002256,H0004816,간호학과,NUR2041,기본간호학1,2023/1 ~ 2028/2,간호학과,ok
H0002256,H0004132,간호학과,NUR2041,기본간호학1,2023/1 ~ 2024/2,간호학과,ok
H0002256,H0004816,간호학과,NUR2042,기본간호학실습1,2023/1 ~ 2028/2,간호학과,ok
H0002256,H0004132,간호학과,NUR2042,기본간호학실습1,2023/1 ~ 2024/2,간호학과,ok
H0002256,H0004816,간호학과,NUR3007,지역사회간호학1,2018/1 ~ 2030/2,간호학과,ok
H0002256,H0004132,간호학과,NUR3007,지역사회간호학1,2018/1 ~ 2025/2,간호학과,ok
H0002256,H0004816,간호학과,NUR3008,지역사회간호학2,2019/1 ~ 2030/2,간호학과,ok
H0002256,H0004132,간호학과,NUR3008,지역사회간호학2,2019/1 ~ 2026/2,간호학과,ok
H0002256,H0004816,간호학과,NUR3009,임상실습1,2018/1 ~ 2021/2,간호학과,not_found
H0002256,H0004132,간호학과,NUR3009,임상실습1,2015/1 ~ 2021/2,간호학과,not_found
H0002256,H0004816,간호학과,NUR3010,임상실습2,2018/1 ~ 2021/2,간호학과,not_found
H0002256,H0004132,간호학과,NUR3010,임상실습2,2015/1 ~ 2021/2,간호학과,not_found
H0002256,H0004132,간호학과,NUR3015,보건교육,2014/1 ~ 2016/2,간호학과,not_found
H0002256,H0004816,간호학과,NUR3029,건강사정,2017/1 ~ 2028/2,간호학과,ok
H0002256,H0004132,간호학과,NUR3029,건강사정,2017/1 ~ 2024/2,간호학과,ok
H0002256,H0004816,간호학과,NUR3031,간호병태생리학,2016/1 ~ 2027/2,간호학과,ok
H0002256,H0004132,간호학과,NUR3031,간호병태생리학,2016/1 ~ 2023/2,간호학과,ok
H0002256,H0004816,간호학과,NUR3032,간호이슈와비평적사고,2019/1 ~ 2030/2,간호학과,ok
H0002256,H0004132,간호학과,NUR3032,간호이슈와비평적사고,2016/1 ~ 2026/2,간호학과,ok
H0002256,H0004816,간호학과,NUR3040,호스피스간호,2019/1 ~ 2022/2,간호학과,not_found
H0002256,H0004132,간호학과,NUR3040,호스피스간호,2016/1 ~ 2022/2,간호학과,not_found
H0002256,H0004132,간호학과,NUR3041,성인건강간호중재론2,2015/1 ~ 2017/2,간호학과,not_found
H0002256,H0004816,간호학과,NUR3045,아동건강문제와가족간호1,2018/1 ~ 2029/2,간호학과,ok
H0002256,H0004132,간호학과,NUR3045,아동건강문제와가족간호1,2015/1 ~ 2025/2,간호학과,ok
H0002256,H0004816,간호학과,NUR3046,응급간호학,2018/1 ~ 2021/2,간호학과,not_found
H0002256,H0004132,간호학과,NUR3046,응급간호학,2015/1 ~ 2021/2,간호학과,not_found
H0002256,H0004816,간호학과,NUR3047,지역중심간호과학2,2019/1 ~ 2022/2,간호학과,not_found
H0002256,H0004132,간호학과,NUR3047,지역중심간호과학2,2015/1 ~ 2022/2,간호학과,not_found
H0002256,H0004816,간호학과,NUR3048,학교중심간호과학,2018/1 ~ 2021/2,간호학과,not_found
H0002256,H0004132,간호학과,NUR3048,학교중심간호과학,2015/1 ~ 2021/2,간호학과,not_found
H0002256,H0004816,간호학과,NUR3051,여성의부인과적장애와간호,2019/1 ~ 2029/2,간호학과,ok
H0002256,H0004132,간호학과,NUR3051,여성의부인과적장애와간호,2016/1 ~ 2025/2,간호학과,ok
H0002256,H0004132,간호학과,NUR3052,중환자간호,2016/1 ~ 2018/2,간호학과,not_found
H0002256,H0004132,간호학과,NUR3053,정신건강간호중재,2015/1 ~ 2017/2,간호학과,not_found
H0002256,H0004816,간호학과,NUR3054,영유아기가족간호,2019/1 ~ 2030/2,간호학과,ok
H0002256,H0004132,간호학과,NUR3054,영유아기가족간호,2016/1 ~ 2026/2,간호학과,ok
H0002256,H0004816,간호학과,NUR3056,지역사회정신간호,2019/1 ~ 2030/2,간호학과,ok
H0002256,H0004132,간호학과,NUR3056,지역사회정신간호,2016/1 ~ 2026/2,간호학과,ok
H0002256,H0004816,간호학과,NUR3058,아동건강문제와가족간호2,2018/1 ~ 2029/2,간호학과,ok
H0002256,H0004132,간호학과,NUR3058,아동건강문제와가족간호2,2015/1 ~ 2025/2,간호학과,ok
H0002256,H0004132,간호학과,NUR3062,심리사회간호,2015/1 ~ 2017/2,간호학과,not_found
H0002256,H0004132,간호학과,NUR3069,보건프로그램개발및평가,2013/1 ~ 2015/2,간호학과,not_found
H0002256,H0004816,간호학과,NUR3070,정신건강간호,2018/1 ~ 2028/2,간호학과,ok
H0002256,H0004132,간호학과,NUR3070,정신건강간호,2018/1 ~ 2024/2,간호학과,ok
H0002256,H0004816,간호학과,NUR3071,성인간호중재론(배설),2018/1 ~ 2021/2,간호학과,not_found
H0002256,H0004132,간호학과,NUR3071,성인간호중재론(배설),2018/1 ~ 2021/2,간호학과,not_found
H0002256,H0004816,간호학과,NUR3072,정신질환간호중재,2018/1 ~ 2029/2,간호학과,ok
H0002256,H0004132,간호학과,NUR3072,정신질환간호중재,2018/1 ~ 2025/2,간호학과,ok
H0002256,H0004816,간호학과,NUR3073,성인간호중재론(인지와조절),2018/1 ~ 2021/2,간호학과,not_found
H0002256,H0004132,간호학과,NUR3073,성인간호중재론(인지와조절),2018/1 ~ 2021/2,간호학과,not_found
H0002256,H0004816,간호학과,NUR3074,성인간호중재론(산화),2018/1 ~ 2021/2,간호학과,not_found
H0002256,H0004132,간호학과,NUR3074,성인간호중재론(산화),2018/1 ~ 2021/2,간호학과,not_found
H0002256,H0004816,간호학과,NUR3076,성인간호학:소화배설,2018/1 ~ 2029/2,간호학과,ok
H0002256,H0004132,간호학과,NUR3076,성인간호학:소화배설,2018/1 ~ 2025/2,간호학과,ok
H0002256,H0004816,간호학과,NUR3077,성인간호학:대사,2019/1 ~ 2029/2,간호학과,ok
H0002256,H0004132,간호학과,NUR3077,성인간호학:대사,2019/1 ~ 2025/2,간호학과,ok
H0002256,H0004816,간호학과,NUR3078,성인간호학:산소화및감각,2018/1 ~ 2028/2,간호학과,ok
H0002256,H0004132,간호학과,NUR3078,성인간호학:산소화및감각,2018/1 ~ 2024/2,간호학과,ok
H0002256,H0004816,간호학과,NUR3079,성인간호학:인지조절,2018/1 ~ 2029/2,간호학과,ok
H0002256,H0004132,간호학과,NUR3079,성인간호학:인지조절,2018/1 ~ 2025/2,간호학과,ok
H0002256,H0004816,간호학과,NUR3080,성인간호실습1,2018/1 ~ 2029/2,간호학과,ok
H0002256,H0004132,간호학과,NUR3080,성인간호실습1,2018/1 ~ 2025/2,간호학과,ok
H0002256,H0004816,간호학과,NUR3081,성인간호실습2,2018/1 ~ 2029/2,간호학과,ok
H0002256,H0004132,간호학과,NUR3081,성인간호실습2,2018/1 ~ 2025/2,간호학과,ok
H0002256,H0004816,간호학과,NUR3082,여성간호실습,2018/1 ~ 2029/2,간호학과,ok
H0002256,H0004132,간호학과,NUR3082,여성간호실습,2018/1 ~ 2025/2,간호학과,ok
H0002256,H0004816,간호학과,NUR3083,아동간호실습,2018/1 ~ 2030/2,간호학과,ok
H0002256,H0004132,간호학과,NUR3083,아동간호실습,2018/1 ~ 2026/2,간호학과,ok
H0002256,H0004816,간호학과,NUR3084,간호과정실습,2018/1 ~ 2029/2,간호학과,ok
H0002256,H0004132,간호학과,NUR3084,간호과정실습,2018/1 ~ 2025/2,간호학과,ok
H0002256,H0004816,간호학과,NUR3085,근거기반기본간호이슈,2020/2 ~ 2025/2,간호학과,not_found
H0002256,H0004132,간호학과,NUR3085,근거기반기본간호이슈,2020/2 ~ 2025/2,간호학과,not_found
H0002256,H0004816,간호학과,NUR3086,대상자교육중재,2020/2 ~ 2024/2,간호학과,not_found
H0002256,H0004132,간호학과,NUR3086,대상자교육중재,2020/2 ~ 2024/2,간호학과,not_found
H0002256,H0004816,간호학과,NUR3087,핵심술기실습,2022/1 ~ 2029/2,간호학과,ok
H0002256,H0004132,간호학과,NUR3087,핵심술기실습,2022/1 ~ 2025/2,간호학과,ok
H0002256,H0004816,간호학과,NUR3088,간호데이터분석과시각화,2022/1 ~ 2029/2,간호학과,ok
H0002256,H0004132,간호학과,NUR3088,간호데이터분석과시각화,2022/1 ~ 2025/2,간호학과,ok
H0002256,H0004816,간호학과,NUR4009,임상실습3,2019/1 ~ 2022/2,간호학과,not_found
H0002256,H0004132,간호학과,NUR4009,임상실습3,2016/1 ~ 2022/2,간호학과,not_found
H0002256,H0004816,간호학과,NUR4010,임상실습4,2019/1 ~ 2022/2,간호학과,not_found
H0002256,H0004132,간호학과,NUR4010,임상실습4,2016/1 ~ 2022/2,간호학과,not_found
H0002256,H0004816,간호학과,NUR4014,노인간호학,2017/1 ~ 2028/2,간호학과,ok
H0002256,H0004132,간호학과,NUR4014,노인간호학,2016/1 ~ 2024/2,간호학과,ok
H0002256,H0004816,간호학과,NUR4019,여성건강간호,2017/1 ~ 2028/2,간호학과,ok
H0002256,H0004132,간호학과,NUR4019,여성건강간호,2014/1 ~ 2024/2,간호학과,ok
H0002256,H0004132,간호학과,NUR4021,간호관리학1,2016/1 ~ 2018/2,간호학과,not_found
H0002256,H0004132,간호학과,NUR4022,간호관리학2,2016/1 ~ 2018/2,간호학과,not_found
H0002256,H0004816,간호학과,NUR4023,보건의료법규,2019/1 ~ 2030/2,간호학과,ok
H0002256,H0004132,간호학과,NUR4023,보건의료법규,2016/1 ~ 2026/2,간호학과,ok
H0002256,H0004816,간호학과,NUR4031,간호연구,2018/1 ~ 2029/2,간호학과,ok
H0002256,H0004132,간호학과,NUR4031,간호연구,2015/1 ~ 2025/2,간호학과,ok
H0002256,H0004132,간호학과,NUR4043,만성질환자간호,2016/1 ~ 2018/2,간호학과,not_found
H0002256,H0004816,간호학과,NUR4048,간호정책,2018/1 ~ 2028/2,간호학과,ok
H0002256,H0004132,간호학과,NUR4048,간호정책,2014/1 ~ 2024/2,간호학과,ok
H0002256,H0004816,간호학과,NUR4050,임상종합평가(PBL),2019/1 ~ 2025/2,간호학과,not_found
H0002256,H0004132,간호학과,NUR4050,임상종합평가(PBL),2016/1 ~ 2025/2,간호학과,not_found
H0002256,H0004816,간호학과,NUR4052,전공종합평가,2019/1 ~ 2026/2,간호학과,ok
H0002256,H0004132,간호학과,NUR4052,전공종합평가,2016/1 ~ 2026/2,간호학과,ok
H0002256,H0004816,간호학과,NUR4067,간호전문직과윤리,2017/1 ~ 2028/2,간호학과,ok
H0002256,H0004132,간호학과,NUR4067,간호전문직과윤리,2017/1 ~ 2024/2,간호학과,ok
H0002256,H0004132,간호학과,NUR4076,보건교육방법론,2015/1 ~ 2017/2,간호학과,not_found
H0002256,H0004816,간호학과,NUR4079,직업환경중심간호과학,2019/1 ~ 2022/2,간호학과,not_found
H0002256,H0004132,간호학과,NUR4079,직업환경중심간호과학,2016/1 ~ 2022/2,간호학과,not_found
H0002256,H0004816,간호학과,NUR4080,간호연구의실제,2019/1 ~ 2026/2,간호학과,ok
H0002256,H0004132,간호학과,NUR4080,간호연구의실제,2016/1 ~ 2026/2,간호학과,ok
H0002256,H0004816,간호학과,NUR4081,성인간호중재론(대사),2019/1 ~ 2022/2,간호학과,not_found
H0002256,H0004132,간호학과,NUR4081,성인간호중재론(대사),2019/1 ~ 2022/2,간호학과,not_found
H0002256,H0004816,간호학과,NUR4082,성인간호중재론(순환),2018/1 ~ 2021/2,간호학과,not_found
H0002256,H0004132,간호학과,NUR4082,성인간호중재론(순환),2018/1 ~ 2021/2,간호학과,not_found
H0002256,H0004816,간호학과,NUR4083,간호관리학,2019/1 ~ 2029/2,간호학과,ok
H0002256,H0004132,간호학과,NUR4083,간호관리학,2019/1 ~ 2026/2,간호학과,ok
H0002256,H0004816,간호학과,NUR4089,성인간호학:순환,2019/1 ~ 2029/2,간호학과,ok
H0002256,H0004132,간호학과,NUR4089,성인간호학:순환,2019/1 ~ 2025/2,간호학과,ok
H0002256,H0004816,간호학과,NUR4090,성인간호학:종양과안위,2019/1 ~ 2030/2,간호학과,ok
H0002256,H0004132,간호학과,NUR4090,성인간호학:종양과안위,2019/1 ~ 2026/2,간호학과,ok
H0002256,H0004816,간호학과,NUR4091,성인간호실습3,2019/1 ~ 2030/2,간호학과,ok
H0002256,H0004132,간호학과,NUR4091,성인간호실습3,2019/1 ~ 2026/2,간호학과,ok
H0002256,H0004816,간호학과,NUR4092,정신간호실습,2019/1 ~ 2030/2,간호학과,ok
H0002256,H0004132,간호학과,NUR4092,정신간호실습,2019/1 ~ 2026/2,간호학과,ok
H0002256,H0004816,간호학과,NUR4093,간호관리실습,2019/1 ~ 2030/2,간호학과,ok
H0002256,H0004132,간호학과,NUR4093,간호관리실습,2019/1 ~ 2026/2,간호학과,error
H0002256,H0004816,간호학과,NUR4094,지역사회간호실습1,2019/1 ~ 2026/2,간호학과,ok
H0002256,H0004132,간호학과,NUR4094,지역사회간호실습1,2019/1 ~ 2026/2,간호학과,ok
H0002256,H0004816,간호학과,NUR4095,지역사회정신간호실습,2019/1 ~ 2030/2,간호학과,ok
H0002256,H0004132,간호학과,NUR4095,지역사회정신간호실습,2019/1 ~ 2026/2,간호학과,ok
H0002256,H0004816,간호학과,NUR4096,임상종합실습,2019/1 ~ 2030/2,간호학과,ok
H0002256,H0004132,간호학과,NUR4096,임상종합실습,2019/1 ~ 2026/2,간호학과,ok
H0002256,H0004816,간호학과,NUR4097,심화통합실습,2023/1 ~ 2030/2,간호학과,ok
H0002256,H0004132,간호학과,NUR4097,심화통합실습,2023/1 ~ 2026/2,간호학과,ok
H0002256,H0004816,간호학과,NUR4098,지역사회간호실습,2027/1 ~ 2030/2,간호학과,not_found
H0002256,H0004816,간호학과,NUR4099,노인간호실습,2027/1 ~ 2030/2,간호학과,not_found
H0002256,H0004816,간호학과,PBL4022,간호캡스톤PBL,2023/1 ~ 2030/2,간호학과,ok
H0002256,H0004132,간호학과,PBL4022,간호캡스톤PBL,2023/1 ~ 2026/2,간호학과,ok
H0002256,H0004816,간호학과,SYH0001,사랑의실천1(한양나눔),2016/1 ~ 2027/2,간호학과,ok
H0002256,H0004132,간호학과,SYH0001,사랑의실천1(한양나눔),2013/1 ~ 2023/2,간호학과,ok
H0002256,H0004816,간호학과,SYH0002,사랑의실천2(스마트커뮤니케이션),2017/1 ~ 2028/2,간호학과,not_found
H0002256,H0004132,간호학과,SYH0002,사랑의실천2(스마트커뮤니케이션),2014/1 ~ 2024/2,간호학과,not_found
H0002256,H0004816,간호학과,SYH0003,사랑의실천3(기업가정신),2018/1 ~ 2029/2,간호학과,not_found
H0002256,H0004132,간호학과,SYH0003,사랑의실천3(기업가정신),2015/1 ~ 2025/2,간호학과,not_found
H0002256,H0004816,간호학과,SYH0004,사랑의실천4(미래실용인재),2019/1 ~ 2030/2,간호학과,ok
H0002256,H0004132,간호학과,SYH0004,사랑의실천4(미래실용인재),2016/1 ~ 2026/2,간호학과,ok
H0002256,H0004817,간호학과(야),CUL0005,말과글,2018/1 ~ 2029/2,간호학과(야),ok
H0002256,H0004133,간호학과(야),CUL0005,말과글,2015/1 ~ 2025/2,간호학과(야),ok
H0002256,H0004817,간호학과(야),CUL0202,문화기술인간,2025/1 ~ 2029/2,간호학과(야),ok
H0002256,H0004817,간호학과(야),CUL0203,AI시대쓰기의힘,2025/1 ~ 2029/2,간호학과(야),ok
H0002256,H0004817,간호학과(야),CUL0205,Technology and AI: Utopia or Dystopia?,2026/1 ~ 2030/2,간호학과(야),ok
H0002256,H0004817,간호학과(야),CUL0208,스토리텔링의설계와전략,2027/1 ~ 2030/2,간호학과(야),ok
H0002256,H0004817,간호학과(야),CUL2019,심리학의이해,2018/1 ~ 2025/2,간호학과(야),ok
H0002256,H0004133,간호학과(야),CUL2019,심리학의이해,2015/1 ~ 2025/2,간호학과(야),ok
H0002256,H0004817,간호학과(야),CUL2041,법과의료,2018/1 ~ 2029/2,간호학과(야),ok
H0002256,H0004133,간호학과(야),CUL2041,법과의료,2015/1 ~ 2025/2,간호학과(야),ok
H0002256,H0004817,간호학과(야),CUL2053,현실경제의이해,2019/1 ~ 2030/2,간호학과(야),ok
H0002256,H0004133,간호학과(야),CUL2053,현실경제의이해,2016/1 ~ 2026/2,간호학과(야),ok
H0002256,H0004133,간호학과(야),GEN3082,보건학,2015/1 ~ 2017/1,간호학과(야),not_found
H0002256,H0004817,간호학과(야),GEN4091,과학기술의철학적이해,2018/1 ~ 2029/2,간호학과(야),ok
H0002256,H0004133,간호학과(야),GEN4091,과학기술의철학적이해,2015/1 ~ 2025/2,간호학과(야),ok
H0002256,H0004133,간호학과(야),GEN5060,동양철학의이해,2015/1 ~ 2017/2,간호학과(야),ok
H0002256,H0004817,간호학과(야),GEN6032,전문학술영어,2019/1 ~ 2030/2,간호학과(야),ok
H0002256,H0004133,간호학과(야),GEN6032,전문학술영어,2016/1 ~ 2026/2,간호학과(야),ok
H0002256,H0004817,간호학과(야),NUR1010,건강의고전적이해,2023/1 ~ 2030/2,간호학과(야),ok
H0002256,H0004133,간호학과(야),NUR1010,건강의고전적이해,2023/1 ~ 2026/2,간호학과(야),ok
H0002256,H0004817,간호학과(야),NUR1011,인류학의이해,2019/1 ~ 2022/2,간호학과(야),ok
H0002256,H0004133,간호학과(야),NUR1011,인류학의이해,2018/2 ~ 2022/2,간호학과(야),ok
H0002256,H0004817,간호학과(야),NUR1013,건강인류학,2022/1 ~ 2029/2,간호학과(야),ok
H0002256,H0004133,간호학과(야),NUR1013,건강인류학,2022/1 ~ 2025/2,간호학과(야),ok
H0002256,H0004817,간호학과(야),NUR2014,간호과정,2018/1 ~ 2029/2,간호학과(야),ok
H0002256,H0004133,간호학과(야),NUR2014,간호과정,2015/1 ~ 2025/2,간호학과(야),ok
H0002256,H0004817,간호학과(야),NUR2020,간호정보학,2018/1 ~ 2029/2,간호학과(야),ok
H0002256,H0004133,간호학과(야),NUR2020,간호정보학,2015/1 ~ 2025/2,간호학과(야),ok
H0002256,H0004133,간호학과(야),NUR3022,한방간호,2016/1 ~ 2018/1,간호학과(야),not_found
H0002256,H0004817,간호학과(야),NUR3026,호스피스,2019/1 ~ 2030/2,간호학과(야),ok
H0002256,H0004133,간호학과(야),NUR3026,호스피스,2016/1 ~ 2026/2,간호학과(야),ok
H0002256,H0004817,간호학과(야),NUR3032,간호이슈와비평적사고,2018/1 ~ 2029/2,간호학과(야),ok
H0002256,H0004133,간호학과(야),NUR3032,간호이슈와비평적사고,2015/1 ~ 2025/2,간호학과(야),ok
H0002256,H0004817,간호학과(야),NUR3037,간호생리학,2018/1 ~ 2019/1,간호학과(야),not_found
H0002256,H0004133,간호학과(야),NUR3037,간호생리학,2015/1 ~ 2019/1,간호학과(야),error
H0002256,H0004817,간호학과(야),NUR3038,간호병리학,2018/1 ~ 2029/2,간호학과(야),ok
H0002256,H0004133,간호학과(야),NUR3038,간호병리학,2015/1 ~ 2025/2,간호학과(야),ok
H0002256,H0004817,간호학과(야),NUR3039,인간발달,2018/1 ~ 2025/2,간호학과(야),not_found
H0002256,H0004133,간호학과(야),NUR3039,인간발달,2015/1 ~ 2025/2,간호학과(야),not_found
H0002256,H0004133,간호학과(야),NUR3059,대체요법과간호,2016/1 ~ 2017/2,간호학과(야),not_found
H0002256,H0004817,간호학과(야),NUR3060,문화와전인간호,2018/1 ~ 2019/1,간호학과(야),not_found
H0002256,H0004133,간호학과(야),NUR3060,문화와전인간호,2015/1 ~ 2019/1,간호학과(야),not_found
H0002256,H0004133,간호학과(야),NUR3064,간호연구및통계,2015/1 ~ 2017/1,간호학과(야),not_found
H0002256,H0004817,간호학과(야),NUR3065,근거중심의간호실무,2018/1 ~ 2029/2,간호학과(야),ok
H0002256,H0004133,간호학과(야),NUR3065,근거중심의간호실무,2015/1 ~ 2025/2,간호학과(야),ok
H0002256,H0004133,간호학과(야),NUR3066,지역사회/정신건강간호,2015/1 ~ 2017/2,간호학과(야),not_found
H0002256,H0004133,간호학과(야),NUR3067,통합간호1,2015/1 ~ 2017/1,간호학과(야),not_found
H0002256,H0004817,간호학과(야),NUR3070,정신건강간호,2018/1 ~ 2029/2,간호학과(야),ok
H0002256,H0004133,간호학과(야),NUR3070,정신건강간호,2018/1 ~ 2025/2,간호학과(야),ok
H0002256,H0004817,간호학과(야),NUR3075,노인건강간호,2018/1 ~ 2029/2,간호학과(야),ok
H0002256,H0004133,간호학과(야),NUR3075,노인건강간호,2017/2 ~ 2025/2,간호학과(야),ok
H0002256,H0004817,간호학과(야),NUR4018,가정간호학,2019/1 ~ 2030/2,간호학과(야),ok
H0002256,H0004133,간호학과(야),NUR4018,가정간호학,2016/1 ~ 2026/2,간호학과(야),ok
H0002256,H0004817,간호학과(야),NUR4019,여성건강간호,2018/1 ~ 2029/2,간호학과(야),ok
H0002256,H0004133,간호학과(야),NUR4019,여성건강간호,2017/2 ~ 2025/2,간호학과(야),ok
H0002256,H0004817,간호학과(야),NUR4031,간호연구,2018/1 ~ 2029/2,간호학과(야),ok
H0002256,H0004133,간호학과(야),NUR4031,간호연구,2017/2 ~ 2025/2,간호학과(야),ok
H0002256,H0004817,간호학과(야),NUR4032,지역사회간호,2019/1 ~ 2030/2,간호학과(야),ok
H0002256,H0004133,간호학과(야),NUR4032,지역사회간호,2018/2 ~ 2026/2,간호학과(야),ok
H0002256,H0004817,간호학과(야),NUR4033,만성간호,2019/1 ~ 2030/2,간호학과(야),ok
H0002256,H0004133,간호학과(야),NUR4033,만성간호,2016/1 ~ 2026/2,간호학과(야),ok
H0002256,H0004817,간호학과(야),NUR4039,치매간호,2019/1 ~ 2030/2,간호학과(야),ok
H0002256,H0004133,간호학과(야),NUR4039,치매간호,2016/1 ~ 2026/2,간호학과(야),ok
H0002256,H0004817,간호학과(야),NUR4048,간호정책,2018/1 ~ 2029/2,간호학과(야),ok
H0002256,H0004133,간호학과(야),NUR4048,간호정책,2015/1 ~ 2025/2,간호학과(야),ok
H0002256,H0004817,간호학과(야),NUR4054,간호이론,2019/1 ~ 2030/2,간호학과(야),ok
H0002256,H0004133,간호학과(야),NUR4054,간호이론,2016/1 ~ 2026/2,간호학과(야),ok
H0002256,H0004817,간호학과(야),NUR4056,간호조직관리,2019/1 ~ 2030/2,간호학과(야),ok
H0002256,H0004133,간호학과(야),NUR4056,간호조직관리,2016/1 ~ 2026/2,간호학과(야),ok
H0002256,H0004817,간호학과(야),NUR4059,간호통계,2018/1 ~ 2029/2,간호학과(야),ok
H0002256,H0004133,간호학과(야),NUR4059,간호통계,2017/2 ~ 2025/2,간호학과(야),ok
H0002256,H0004133,간호학과(야),NUR4063,간호과오론,2016/1 ~ 2017/2,간호학과(야),not_found
H0002256,H0004133,간호학과(야),NUR4064,통합간호2(중년건강간호),2016/1 ~ 2017/2,간호학과(야),not_found
H0002256,H0004133,간호학과(야),NUR4065,통합간호3,2016/1 ~ 2017/2,간호학과(야),not_found
H0002256,H0004133,간호학과(야),NUR4066,통합간호4,2016/1 ~ 2017/2,간호학과(야),not_found
H0002256,H0004817,간호학과(야),NUR4067,간호전문직과윤리,2019/1 ~ 2030/2,간호학과(야),ok
H0002256,H0004133,간호학과(야),NUR4067,간호전문직과윤리,2016/1 ~ 2026/2,간호학과(야),ok
H0002256,H0004133,간호학과(야),NUR4068,건강증진,2016/1 ~ 2018/1,간호학과(야),not_found
H0002256,H0004133,간호학과(야),NUR4069,통합간호실습1,2016/1 ~ 2017/2,간호학과(야),not_found
H0002256,H0004133,간호학과(야),NUR4070,통합간호실습2,2016/1 ~ 2018/1,간호학과(야),not_found
H0002256,H0004817,간호학과(야),NUR4071,여성의평생건강전략,2019/1 ~ 2030/2,간호학과(야),ok
H0002256,H0004133,간호학과(야),NUR4071,여성의평생건강전략,2016/1 ~ 2026/2,간호학과(야),ok
H0002256,H0004817,간호학과(야),NUR4074,통합간호실습,2019/1 ~ 2022/2,간호학과(야),not_found
H0002256,H0004133,간호학과(야),NUR4074,통합간호실습,2018/2 ~ 2022/2,간호학과(야),not_found
H0002256,H0004817,간호학과(야),NUR4080,간호연구의실제,2019/1 ~ 2030/2,간호학과(야),ok
H0002256,H0004133,간호학과(야),NUR4080,간호연구의실제,2018/1 ~ 2026/2,간호학과(야),ok
H0002256,H0004817,간호학과(야),NUR4084,중년건강간호,2019/1 ~ 2030/2,간호학과(야),ok
H0002256,H0004133,간호학과(야),NUR4084,중년건강간호,2018/1 ~ 2026/2,간호학과(야),ok
H0002256,H0004817,간호학과(야),NUR4085,심혈관건강증진,2019/1 ~ 2030/2,간호학과(야),ok
H0002256,H0004133,간호학과(야),NUR4085,심혈관건강증진,2018/2 ~ 2026/2,간호학과(야),ok
H0002256,H0004817,간호학과(야),NUR4086,아동건강간호,2019/1 ~ 2030/2,간호학과(야),ok
H0002256,H0004133,간호학과(야),NUR4086,아동건강간호,2018/2 ~ 2026/2,간호학과(야),ok
H0002256,H0004817,간호학과(야),PAD3010,인간관계론,2018/1 ~ 2029/2,간호학과(야),ok
H0002256,H0004133,간호학과(야),PAD3010,인간관계론,2015/1 ~ 2025/2,간호학과(야),ok
H0002256,H0004817,간호학과(야),SYH0001,사랑의실천1(한양나눔),2018/1 ~ 2029/2,간호학과(야),ok
H0002256,H0004133,간호학과(야),SYH0001,사랑의실천1(한양나눔),2015/1 ~ 2025/2,간호학과(야),ok
H0002256,H0004817,간호학과(야),SYH0002,사랑의실천2(스마트커뮤니케이션),2018/1 ~ 2029/2,간호학과(야),not_found
H0002256,H0004133,간호학과(야),SYH0002,사랑의실천2(스마트커뮤니케이션),2015/1 ~ 2025/2,간호학과(야),not_found
H0002256,H0003620,간호학전공,CUL0005,말과글,2013/1 ~ 2019/2,간호학전공,ok
H0002256,H0003620,간호학전공,CUL2019,심리학의이해,2016/1 ~ 2019/2,간호학전공,ok
H0002256,H0003620,간호학전공,GEN1016,일반생물학,2013/1 ~ 2015/2,간호학전공,ok
H0002256,H0003620,간호학전공,GEN3083,영양과건강,2017/1 ~ 2020/2,간호학전공,ok
H0002256,H0003620,간호학전공,GEN4091,과학기술의철학적이해,2013/1 ~ 2019/2,간호학전공,ok
H0002256,H0003620,간호학전공,GEN5029,커리어개발Ⅰ:취.창업진로로드맵,2013/1 ~ 2019/2,간호학전공,ok
H0002256,H0003620,간호학전공,GEN5100,커리어개발Ⅱ:취.창업진로포트폴리오,2015/1 ~ 2021/2,간호학전공,ok
H0002256,H0003620,간호학전공,GEN6032,전문학술영어,2013/1 ~ 2020/2,간호학전공,ok
H0002256,H0003620,간호학전공,GEN6044,한양사회봉사,2013/1 ~ 2014/2,간호학전공,ok
H0002256,H0003620,간호학전공,MED1012,생리학및실습,2013/1 ~ 2016/2,간호학전공,ok
H0002256,H0003620,간호학전공,MED1013,미생물학및실습,2013/1 ~ 2016/2,간호학전공,ok
H0002256,H0003620,간호학전공,MED1014,생화학및실습,2013/1 ~ 2015/2,간호학전공,ok
H0002256,H0003620,간호학전공,MED1015,약리학및실습,2013/1 ~ 2016/2,간호학전공,ok
H0002256,H0003620,간호학전공,MED1016,병리학및실습,2013/1 ~ 2016/2,간호학전공,not_found
H0002256,H0003620,간호학전공,MED1031,해부학및실습,2013/1 ~ 2015/2,간호학전공,ok
H0002256,H0003620,간호학전공,NUR1002,간호학개론,2016/1 ~ 2019/2,간호학전공,ok
H0002256,H0003620,간호학전공,NUR1006,간호와직업,2015/1 ~ 2020/2,간호학전공,not_found
H0002256,H0003620,간호학전공,NUR1007,간호고전,2013/1 ~ 2015/2,간호학전공,not_found
H0002256,H0003620,간호학전공,NUR1008,동양적건강과질병관,2013/1 ~ 2015/2,간호학전공,not_found
H0002256,H0003620,간호학전공,NUR1009,간호해부학,2016/1 ~ 2019/2,간호학전공,ok
H0002256,H0003620,간호학전공,NUR1010,건강의고전적이해,2016/1 ~ 2019/2,간호학전공,ok
H0002256,H0003620,간호학전공,NUR1011,인류학의이해,2016/1 ~ 2019/2,간호학전공,ok
H0002256,H0003620,간호학전공,NUR2001,간호윤리,2013/1 ~ 2016/2,간호학전공,not_found
H0002256,H0003620,간호학전공,NUR2008,기본간호학및실습1,2013/1 ~ 2020/2,간호학전공,not_found
H0002256,H0003620,간호학전공,NUR2009,기본간호학및실습2,2013/1 ~ 2020/2,간호학전공,not_found
H0002256,H0003620,간호학전공,NUR2014,간호과정,2018/1 ~ 2021/2,간호학전공,ok
H0002256,H0003620,간호학전공,NUR2020,간호정보학,2013/1 ~ 2020/2,간호학전공,ok
H0002256,H0003620,간호학전공,NUR2021,아동발달과건강,2013/1 ~ 2016/2,간호학전공,not_found
H0002256,H0003620,간호학전공,NUR2022,출산기가족의간호,2013/1 ~ 2021/2,간호학전공,ok
H0002256,H0003620,간호학전공,NUR2023,성인간호개론,2013/1 ~ 2016/2,간호학전공,not_found
H0002256,H0003620,간호학전공,NUR2024,의사소통론,2013/1 ~ 2020/2,간호학전공,ok
H0002256,H0003620,간호학전공,NUR2028,출산기건강장애와간호,2013/1 ~ 2021/2,간호학전공,not_found
H0002256,H0003620,간호학전공,NUR2029,성인건강간호중재론1,2013/1 ~ 2017/2,간호학전공,not_found
H0002256,H0003620,간호학전공,NUR2031,지역중심간호과학1,2013/1 ~ 2022/2,간호학전공,not_found
H0002256,H0003620,간호학전공,NUR2033,성장과발달,2017/1 ~ 2020/2,간호학전공,not_found
H0002256,H0003620,간호학전공,NUR2034,논리와비평적사고,2017/1 ~ 2020/2,간호학전공,not_found
H0002256,H0003620,간호학전공,NUR2035,간호약리학,2017/1 ~ 2020/2,간호학전공,ok
H0002256,H0003620,간호학전공,NUR2036,기초간호과학4,2017/1 ~ 2020/2,간호학전공,not_found
H0002256,H0003620,간호학전공,NUR3009,임상실습1,2013/1 ~ 2021/2,간호학전공,not_found
H0002256,H0003620,간호학전공,NUR3010,임상실습2,2013/1 ~ 2021/2,간호학전공,not_found
H0002256,H0003620,간호학전공,NUR3015,보건교육,2013/1 ~ 2016/2,간호학전공,not_found
H0002256,H0003620,간호학전공,NUR3029,건강사정,2017/1 ~ 2020/2,간호학전공,ok
H0002256,H0003620,간호학전공,NUR3031,간호병태생리학,2016/1 ~ 2019/2,간호학전공,ok
H0002256,H0003620,간호학전공,NUR3032,간호이슈와비평적사고,2016/1 ~ 2022/2,간호학전공,ok
H0002256,H0003620,간호학전공,NUR3040,호스피스간호,2013/1 ~ 2022/2,간호학전공,not_found
H0002256,H0003620,간호학전공,NUR3041,성인건강간호중재론2,2013/1 ~ 2017/2,간호학전공,not_found
H0002256,H0003620,간호학전공,NUR3045,아동건강문제와가족간호1,2013/1 ~ 2021/2,간호학전공,ok
H0002256,H0003620,간호학전공,NUR3046,응급간호학,2013/1 ~ 2021/2,간호학전공,not_found
H0002256,H0003620,간호학전공,NUR3047,지역중심간호과학2,2013/1 ~ 2022/2,간호학전공,not_found
H0002256,H0003620,간호학전공,NUR3048,학교중심간호과학,2013/1 ~ 2021/2,간호학전공,not_found
H0002256,H0003620,간호학전공,NUR3051,여성의부인과적장애와간호,2013/1 ~ 2022/2,간호학전공,ok
H0002256,H0003620,간호학전공,NUR3052,중환자간호,2013/1 ~ 2018/2,간호학전공,not_found
H0002256,H0003620,간호학전공,NUR3053,정신건강간호중재,2013/1 ~ 2017/2,간호학전공,not_found
H0002256,H0003620,간호학전공,NUR3054,영유아기가족간호,2013/1 ~ 2022/2,간호학전공,ok
H0002256,H0003620,간호학전공,NUR3056,지역사회정신간호,2013/1 ~ 2022/2,간호학전공,ok
H0002256,H0003620,간호학전공,NUR3058,아동건강문제와가족간호2,2013/1 ~ 2021/2,간호학전공,ok
H0002256,H0003620,간호학전공,NUR3062,심리사회간호,2013/1 ~ 2017/2,간호학전공,not_found
H0002256,H0003620,간호학전공,NUR3069,보건프로그램개발및평가,2013/1 ~ 2015/2,간호학전공,not_found
H0002256,H0003620,간호학전공,NUR3070,정신건강간호,2018/1 ~ 2021/2,간호학전공,ok
H0002256,H0003620,간호학전공,NUR3071,성인간호중재론(배설),2018/1 ~ 2021/2,간호학전공,not_found
H0002256,H0003620,간호학전공,NUR3072,정신질환간호중재,2018/1 ~ 2021/2,간호학전공,ok
H0002256,H0003620,간호학전공,NUR3073,성인간호중재론(인지와조절),2018/1 ~ 2021/2,간호학전공,not_found
H0002256,H0003620,간호학전공,NUR3074,성인간호중재론(산화),2018/1 ~ 2021/2,간호학전공,not_found
H0002256,H0003620,간호학전공,NUR4009,임상실습3,2013/1 ~ 2022/2,간호학전공,not_found
H0002256,H0003620,간호학전공,NUR4010,임상실습4,2013/1 ~ 2022/2,간호학전공,not_found
H0002256,H0003620,간호학전공,NUR4014,노인간호학,2013/1 ~ 2020/2,간호학전공,ok
H0002256,H0003620,간호학전공,NUR4019,여성건강간호,2014/1 ~ 2020/2,간호학전공,ok
H0002256,H0003620,간호학전공,NUR4021,간호관리학1,2013/1 ~ 2018/2,간호학전공,not_found
H0002256,H0003620,간호학전공,NUR4022,간호관리학2,2013/1 ~ 2018/2,간호학전공,not_found
H0002256,H0003620,간호학전공,NUR4023,보건의료법규,2013/1 ~ 2022/2,간호학전공,ok
H0002256,H0003620,간호학전공,NUR4031,간호연구,2013/1 ~ 2021/2,간호학전공,ok
H0002256,H0003620,간호학전공,NUR4043,만성질환자간호,2013/1 ~ 2018/2,간호학전공,not_found
H0002256,H0003620,간호학전공,NUR4048,간호정책,2013/1 ~ 2021/2,간호학전공,ok
H0002256,H0003620,간호학전공,NUR4050,임상종합평가(PBL),2013/1 ~ 2022/2,간호학전공,not_found
H0002256,H0003620,간호학전공,NUR4052,전공종합평가,2013/1 ~ 2022/2,간호학전공,ok
H0002256,H0003620,간호학전공,NUR4067,간호전문직과윤리,2017/1 ~ 2020/2,간호학전공,ok
H0002256,H0003620,간호학전공,NUR4076,보건교육방법론,2013/1 ~ 2017/2,간호학전공,not_found
H0002256,H0003620,간호학전공,NUR4079,직업환경중심간호과학,2016/1 ~ 2022/2,간호학전공,not_found
H0002256,H0003620,간호학전공,NUR4080,간호연구의실제,2016/1 ~ 2022/2,간호학전공,ok
H0002256,H0003620,간호학전공,NUR4081,성인간호중재론(대사),2019/1 ~ 2022/2,간호학전공,not_found
H0002256,H0003620,간호학전공,NUR4082,성인간호중재론(순환),2019/1 ~ 2022/2,간호학전공,not_found
H0002256,H0003620,간호학전공,NUR4083,간호관리학,2019/1 ~ 2022/2,간호학전공,ok
H0002256,H0003620,간호학전공,SYH0001,사랑의실천1(한양나눔),2013/1 ~ 2019/2,간호학전공,ok
H0002256,H0003620,간호학전공,SYH0002,사랑의실천2(스마트커뮤니케이션),2013/1 ~ 2020/2,간호학전공,not_found
H0002256,H0003620,간호학전공,SYH0003,사랑의실천3(기업가정신),2013/1 ~ 2021/2,간호학전공,not_found
H0002256,H0003620,간호학전공,SYH0004,사랑의실천4(미래실용인재),2013/1 ~ 2022/2,간호학전공,ok
H0002256,H0003621,간호학전공(야),CUL0005,말과글,2013/1 ~ 2021/2,간호학전공(야),ok
H0002256,H0003621,간호학전공(야),CUL1075,철학명저제대로읽기,2013/1 ~ 2014/2,간호학전공(야),ok
H0002256,H0003621,간호학전공(야),CUL2019,심리학의이해,2013/1 ~ 2021/2,간호학전공(야),ok
H0002256,H0003621,간호학전공(야),CUL2041,법과의료,2013/1 ~ 2021/2,간호학전공(야),ok
H0002256,H0003621,간호학전공(야),CUL2053,현실경제의이해,2013/1 ~ 2022/2,간호학전공(야),ok
H0002256,H0003621,간호학전공(야),CUL5053,SALT(기업실무능력과리더십),2013/1 ~ 2015/2,간호학전공(야),ok
H0002256,H0003621,간호학전공(야),GEN3082,보건학,2013/1 ~ 2017/2,간호학전공(야),not_found
H0002256,H0003621,간호학전공(야),GEN4073,사람과유전자,2013/1 ~ 2014/2,간호학전공(야),ok
H0002256,H0003621,간호학전공(야),GEN4075,미래지구환경과생태계,2013/1 ~ 2015/2,간호학전공(야),ok
H0002256,H0003621,간호학전공(야),GEN4091,과학기술의철학적이해,2013/1 ~ 2021/2,간호학전공(야),ok
H0002256,H0003621,간호학전공(야),GEN5060,동양철학의이해,2013/1 ~ 2017/2,간호학전공(야),ok
H0002256,H0003621,간호학전공(야),GEN6032,전문학술영어,2013/1 ~ 2022/2,간호학전공(야),ok
H0002256,H0003621,간호학전공(야),NUR1011,인류학의이해,2019/1 ~ 2022/2,간호학전공(야),ok
H0002256,H0003621,간호학전공(야),NUR2014,간호과정,2013/1 ~ 2021/2,간호학전공(야),ok
H0002256,H0003621,간호학전공(야),NUR2020,간호정보학,2013/1 ~ 2021/2,간호학전공(야),ok
H0002256,H0003621,간호학전공(야),NUR3022,한방간호,2013/1 ~ 2018/2,간호학전공(야),not_found
H0002256,H0003621,간호학전공(야),NUR3026,호스피스,2013/1 ~ 2022/2,간호학전공(야),ok
H0002256,H0003621,간호학전공(야),NUR3032,간호이슈와비평적사고,2013/1 ~ 2021/2,간호학전공(야),ok
H0002256,H0003621,간호학전공(야),NUR3037,간호생리학,2013/1 ~ 2021/2,간호학전공(야),not_found
H0002256,H0003621,간호학전공(야),NUR3038,간호병리학,2013/1 ~ 2021/2,간호학전공(야),ok
H0002256,H0003621,간호학전공(야),NUR3039,인간발달,2013/1 ~ 2021/2,간호학전공(야),not_found
H0002256,H0003621,간호학전공(야),NUR3059,대체요법과간호,2013/1 ~ 2018/2,간호학전공(야),not_found
H0002256,H0003621,간호학전공(야),NUR3060,문화와전인간호,2013/1 ~ 2021/2,간호학전공(야),not_found
H0002256,H0003621,간호학전공(야),NUR3064,간호연구및통계,2013/1 ~ 2017/2,간호학전공(야),not_found
H0002256,H0003621,간호학전공(야),NUR3065,근거중심의간호실무,2013/1 ~ 2021/2,간호학전공(야),ok
H0002256,H0003621,간호학전공(야),NUR3066,지역사회/정신건강간호,2013/1 ~ 2017/2,간호학전공(야),not_found
H0002256,H0003621,간호학전공(야),NUR3067,통합간호1,2013/1 ~ 2017/2,간호학전공(야),not_found
H0002256,H0003621,간호학전공(야),NUR3070,정신건강간호,2018/1 ~ 2021/2,간호학전공(야),ok
H0002256,H0003621,간호학전공(야),NUR3075,노인건강간호,2018/1 ~ 2021/2,간호학전공(야),ok
H0002256,H0003621,간호학전공(야),NUR4018,가정간호학,2013/1 ~ 2022/2,간호학전공(야),ok
H0002256,H0003621,간호학전공(야),NUR4019,여성건강간호,2018/1 ~ 2021/2,간호학전공(야),ok
H0002256,H0003621,간호학전공(야),NUR4031,간호연구,2018/1 ~ 2021/2,간호학전공(야),ok
H0002256,H0003621,간호학전공(야),NUR4032,지역사회간호,2019/1 ~ 2022/2,간호학전공(야),ok
H0002256,H0003621,간호학전공(야),NUR4033,만성간호,2013/1 ~ 2022/2,간호학전공(야),ok
H0002256,H0003621,간호학전공(야),NUR4039,치매간호,2013/1 ~ 2022/2,간호학전공(야),ok
H0002256,H0003621,간호학전공(야),NUR4048,간호정책,2013/1 ~ 2021/2,간호학전공(야),ok
H0002256,H0003621,간호학전공(야),NUR4054,간호이론,2013/1 ~ 2022/2,간호학전공(야),ok
H0002256,H0003621,간호학전공(야),NUR4056,간호조직관리,2013/1 ~ 2022/2,간호학전공(야),ok
H0002256,H0003621,간호학전공(야),NUR4059,간호통계,2018/1 ~ 2021/2,간호학전공(야),ok
H0002256,H0003621,간호학전공(야),NUR4063,간호과오론,2013/1 ~ 2018/2,간호학전공(야),not_found
H0002256,H0003621,간호학전공(야),NUR4064,통합간호2(중년건강간호),2013/1 ~ 2018/2,간호학전공(야),not_found
H0002256,H0003621,간호학전공(야),NUR4065,통합간호3,2013/1 ~ 2018/2,간호학전공(야),not_found
H0002256,H0003621,간호학전공(야),NUR4066,통합간호4,2013/1 ~ 2018/2,간호학전공(야),not_found
H0002256,H0003621,간호학전공(야),NUR4067,간호전문직과윤리,2013/1 ~ 2022/2,간호학전공(야),ok
H0002256,H0003621,간호학전공(야),NUR4068,건강증진,2013/1 ~ 2018/2,간호학전공(야),not_found
H0002256,H0003621,간호학전공(야),NUR4069,통합간호실습1,2013/1 ~ 2018/2,간호학전공(야),not_found
H0002256,H0003621,간호학전공(야),NUR4070,통합간호실습2,2013/1 ~ 2018/2,간호학전공(야),not_found
H0002256,H0003621,간호학전공(야),NUR4071,여성의평생건강전략,2013/1 ~ 2022/2,간호학전공(야),ok
H0002256,H0003621,간호학전공(야),NUR4074,통합간호실습,2019/1 ~ 2022/2,간호학전공(야),not_found
H0002256,H0003621,간호학전공(야),NUR4080,간호연구의실제,2019/1 ~ 2022/2,간호학전공(야),ok
H0002256,H0003621,간호학전공(야),NUR4084,중년건강간호,2019/1 ~ 2022/2,간호학전공(야),ok
H0002256,H0003621,간호학전공(야),NUR4085,심혈관건강증진,2019/1 ~ 2022/2,간호학전공(야),ok
H0002256,H0003621,간호학전공(야),NUR4086,아동건강간호,2019/1 ~ 2022/2,간호학전공(야),ok
H0002256,H0003621,간호학전공(야),PAD3010,인간관계론,2013/1 ~ 2021/2,간호학전공(야),ok
H0002256,H0003621,간호학전공(야),SYH0001,사랑의실천1(한양나눔),2013/1 ~ 2021/2,간호학전공(야),ok
H0002256,H0003621,간호학전공(야),SYH0002,사랑의실천2(스마트커뮤니케이션),2013/1 ~ 2021/2,간호학전공(야),not_found
H0002256,H0002517,건설환경공학과,ARE4002,구조해석,2011/1 ~ 2029/2,건설환경공학과(학부/서울),ok
H0002256,H0002517,건설환경공학과,CHM1002,일반화학및실험2,2009/1 ~ 2015/2,건설환경공학과(학부/서울),ok
H0002256,H0002517,건설환경공학과,CHM1005,일반화학및실험1,2009/1 ~ 2015/2,건설환경공학과(학부/서울),ok
H0002256,H0002517,건설환경공학과,CIE1005,자연환경시스템,2013/1 ~ 2015/2,건설환경공학과(학부/서울),ok
H0002256,H0002517,건설환경공학과,CIE2003,측량학및실습,2010/1 ~ 2020/2,건설환경공학과(학부/서울),ok
H0002256,H0002517,건설환경공학과,CIE2014,건설CAD및전산응용,2010/1 ~ 2028/2,건설환경공학과(학부/서울),ok
H0002256,H0002517,건설환경공학과,CIE2015,지형공간정보학,2010/1 ~ 2016/2,건설환경공학과(학부/서울),ok
H0002256,H0002517,건설환경공학과,CIE2066,프리스트레스트콘크리트구조설계,2012/1 ~ 2029/2,건설환경공학과(학부/서울),ok
H0002256,H0002517,건설환경공학과,CIE2067,고체재료역학및실험,2014/1 ~ 2028/2,건설환경공학과(학부/서울),ok
H0002256,H0002517,건설환경공학과,CIE2068,고체응용역학,2014/1 ~ 2016/2,건설환경공학과(학부/서울),ok
H0002256,H0002517,건설환경공학과,CIE2070,환경계측및처리기술,2014/2 ~ 2022/2,건설환경공학과(학부/서울),ok
H0002256,H0002517,건설환경공학과,CIE2071,건설공간정보학및실습,2017/1 ~ 2028/2,건설환경공학과(학부/서울),ok
H0002256,H0002517,건설환경공학과,CIE3007,수문학,2011/1 ~ 2029/2,건설환경공학과(학부/서울),ok
H0002256,H0002517,건설환경공학과,CIE3008,토질역학및실험,2011/1 ~ 2029/2,건설환경공학과(학부/서울),ok
H0002256,H0002517,건설환경공학과,CIE3009,철도공학,2012/1 ~ 2018/2,건설환경공학과(학부/서울),not_found
H0002256,H0002517,건설환경공학과,CIE3011,콘크리트공학및실험,2010/1 ~ 2028/2,건설환경공학과(학부/서울),ok
H0002256,H0002517,건설환경공학과,CIE3020,수환경공학,2010/1 ~ 2028/2,건설환경공학과(학부/서울),ok
H0002256,H0002517,건설환경공학과,CIE3021,철근콘크리트공학,2011/1 ~ 2029/2,건설환경공학과(학부/서울),ok
H0002256,H0002517,건설환경공학과,CIE3022,철근콘크리트구조설계,2011/1 ~ 2017/2,건설환경공학과(학부/서울),ok
H0002256,H0002517,건설환경공학과,CIE3032,지반공학및실험,2011/1 ~ 2029/2,건설환경공학과(학부/서울),ok
H0002256,H0002517,건설환경공학과,CIE3033,건설경제학,2011/1 ~ 2017/2,건설환경공학과(학부/서울),ok
H0002256,H0002517,건설환경공학과,CIE3055,도로공학,2011/1 ~ 2017/2,건설환경공학과(학부/서울),ok
H0002256,H0002517,건설환경공학과,CIE3073,환경화학및실험,2015/1 ~ 2020/2,건설환경공학과(학부/서울),ok
H0002256,H0002517,건설환경공학과,CIE3074,생태하천공학,2015/1 ~ 2017/2,건설환경공학과(학부/서울),not_found
H0002256,H0002517,건설환경공학과,CIE3075,전산구조동역학,2018/1 ~ 2029/2,건설환경공학과(학부/서울),ok
H0002256,H0002517,건설환경공학과,CIE3076,환경공정,2018/1 ~ 2029/2,건설환경공학과(학부/서울),ok
H0002256,H0002517,건설환경공학과,CIE3078,대기공학,2022/1 ~ 2029/2,건설환경공학과(학부/서울),ok
H0002256,H0002517,건설환경공학과,CIE4009,기초공학,2012/1 ~ 2030/2,건설환경공학과(학부/서울),ok
H0002256,H0002517,건설환경공학과,CIE4011,수리학및실험,2011/1 ~ 2029/2,건설환경공학과(학부/서울),ok
H0002256,H0002517,건설환경공학과,CIE4032,건설관리,2019/1 ~ 2022/2,건설환경공학과(학부/서울),ok
H0002256,H0002517,건설환경공학과,CIE4034,수자원및하천공학,2012/1 ~ 2030/2,건설환경공학과(학부/서울),ok
H0002256,H0002517,건설환경공학과,CIE4044,강구조설계,2012/1 ~ 2030/2,건설환경공학과(학부/서울),ok
H0002256,H0002517,건설환경공학과,CIE4045,디지털건설,2012/1 ~ 2030/2,건설환경공학과(학부/서울),ok
H0002256,H0002517,건설환경공학과,CIE4047,수공구조물설계,2012/1 ~ 2030/2,건설환경공학과(학부/서울),ok
H0002256,H0002517,건설환경공학과,CIE4058,구조동역학,2011/1 ~ 2017/2,건설환경공학과(학부/서울),ok
H0002256,H0002517,건설환경공학과,CIE4062,환경정화공학,2012/1 ~ 2030/2,건설환경공학과(학부/서울),ok
H0002256,H0002517,건설환경공학과,CIE4065,"4차산업혁명스마트도시,건축,환경,건설공학",2012/1 ~ 2021/2,건설환경공학과(학부/서울),ok
H0002256,H0002517,건설환경공학과,CIE4067,건설환경공학종합설계1,2012/1 ~ 2030/2,건설환경공학과(학부/서울),ok
H0002256,H0002517,건설환경공학과,CIE4068,건설환경공학종합설계2,2012/1 ~ 2030/2,건설환경공학과(학부/서울),ok
H0002256,H0002517,건설환경공학과,CIE4075,수처리공학,2016/1 ~ 2018/2,건설환경공학과(학부/서울),ok
H0002256,H0002517,건설환경공학과,CIE4076,구조물유지관리시스템공학,2016/1 ~ 2018/2,건설환경공학과(학부/서울),ok
H0002256,H0002517,건설환경공학과,CIE4077,수자원시스템공학,2016/1 ~ 2018/2,건설환경공학과(학부/서울),ok
H0002256,H0002517,건설환경공학과,CIE4078,지반시스템설계,2016/1 ~ 2018/2,건설환경공학과(학부/서울),not_found
H0002256,H0002517,건설환경공학과,CIE4079,대기오염관리,2015/1 ~ 2029/2,건설환경공학과(학부/서울),ok
H0002256,H0002517,건설환경공학과,CIE4081,건설정보모델링,2019/1 ~ 2030/2,건설환경공학과(학부/서울),ok
H0002256,H0002517,건설환경공학과,CIE4086,수처리시스템공학,2023/1 ~ 2030/2,건설환경공학과(학부/서울),ok
H0002256,H0002517,건설환경공학과,CIE4087,유한요소법의기초,2023/1 ~ 2030/2,건설환경공학과(학부/서울),ok
H0002256,H0002517,건설환경공학과,CIE4089,건설AI및로봇,2025/1 ~ 2029/2,건설환경공학과(학부/서울),ok
H0002256,H0002517,건설환경공학과,COE2022,공학입문설계,2010/1 ~ 2027/2,건설환경공학과(학부/서울),ok
H0002256,H0002517,건설환경공학과,COE2051,공업역학,2009/1 ~ 2028/2,건설환경공학과(학부/서울),ok
H0002256,H0002517,건설환경공학과,COE3051,공업수학1,2010/1 ~ 2028/2,건설환경공학과(학부/서울),ok
H0002256,H0002517,건설환경공학과,COE3052,공업수학2,2010/1 ~ 2028/2,건설환경공학과(학부/서울),ok
H0002256,H0002517,건설환경공학과,COE3053,공업수학3,2011/1 ~ 2017/2,건설환경공학과(학부/서울),ok
H0002256,H0002517,건설환경공학과,CUL0005,말과글,2009/1 ~ 2027/2,건설환경공학과(학부/서울),ok
H0002256,H0002517,건설환경공학과,CUL0202,문화기술인간,2025/1 ~ 2027/2,건설환경공학과(학부/서울),ok
H0002256,H0002517,건설환경공학과,CUL0203,AI시대쓰기의힘,2025/1 ~ 2027/2,건설환경공학과(학부/서울),ok
H0002256,H0002517,건설환경공학과,CUL0205,Technology and AI: Utopia or Dystopia?,2026/1 ~ 2028/2,건설환경공학과(학부/서울),ok
H0002256,H0002517,건설환경공학과,CUL0207,미래지능연결,2026/1 ~ 2028/2,건설환경공학과(학부/서울),ok
H0002256,H0002517,건설환경공학과,CUL1138,인공지능과기계학습,2023/1 ~ 2028/2,건설환경공학과(학부/서울),ok
H0002256,H0002517,건설환경공학과,CUL3011,일반물리학및실험1,2009/1 ~ 2027/2,건설환경공학과(학부/서울),ok
H0002256,H0002517,건설환경공학과,CUL3012,일반물리학및실험2,2009/1 ~ 2027/2,건설환경공학과(학부/서울),ok
H0002256,H0002517,건설환경공학과,EEC3005,상하수도공학,2011/1 ~ 2029/2,건설환경공학과(학부/서울),ok
H0002256,H0002517,건설환경공학과,GEN0072,일반화학및실험,2016/1 ~ 2027/2,건설환경공학과(학부/서울),ok
H0002256,H0002517,건설환경공학과,GEN1016,일반생물학,2016/1 ~ 2027/2,건설환경공학과(학부/서울),ok
H0002256,H0002517,건설환경공학과,GEN1031,공학도를위한창의적컴퓨팅,2009/1 ~ 2027/2,건설환경공학과(학부/서울),ok
H0002256,H0002517,건설환경공학과,GEN1100,공학도를위한창의적프로그래밍,2023/1 ~ 2028/2,건설환경공학과(학부/서울),ok
H0002256,H0002517,건설환경공학과,GEN2052,미분적분학1,2009/1 ~ 2027/2,건설환경공학과(학부/서울),ok
H0002256,H0002517,건설환경공학과,GEN2053,미분적분학2,2009/1 ~ 2027/2,건설환경공학과(학부/서울),ok
H0002256,H0002517,건설환경공학과,GEN4091,과학기술의철학적이해,2009/1 ~ 2027/2,건설환경공학과(학부/서울),ok
H0002256,H0002517,건설환경공학과,GEN5026,테크노경영학(스타트업종합설계),2011/1 ~ 2029/2,건설환경공학과(학부/서울),ok
H0002256,H0002517,건설환경공학과,GEN5029,커리어개발Ⅰ:취.창업진로로드맵,2009/1 ~ 2027/2,건설환경공학과(학부/서울),ok
H0002256,H0002517,건설환경공학과,GEN5100,커리어개발Ⅱ:취.창업진로포트폴리오,2015/1 ~ 2029/2,건설환경공학과(학부/서울),ok
H0002256,H0002517,건설환경공학과,GEN6032,전문학술영어,2010/1 ~ 2028/2,건설환경공학과(학부/서울),ok
H0002256,H0002517,건설환경공학과,GEN6044,한양사회봉사,2009/1 ~ 2014/2,건설환경공학과(학부/서울),ok
H0002256,H0002517,건설환경공학과,GEN6094,전공현장실습1,2014/1 ~ 2021/2,건설환경공학과(학부/서울),ok
H0002256,H0002517,건설환경공학과,GEN6095,전공현장실습2,2013/1 ~ 2021/2,건설환경공학과(학부/서울),ok
H0002256,H0002517,건설환경공학과,MAT2017,확률통계론,2010/1 ~ 2027/2,건설환경공학과(학부/서울),ok
H0002256,H0002517,건설환경공학과,MAT3008,수치해석,2011/1 ~ 2017/2,건설환경공학과(학부/서울),ok
H0002256,H0002517,건설환경공학과,MEE3003,유체역학1,2010/1 ~ 2013/2,건설환경공학과(학부/서울),ok
H0002256,H0002517,건설환경공학과,MEE3004,유체역학2,2010/1 ~ 2013/2,건설환경공학과(학부/서울),ok
H0002256,H0002517,건설환경공학과,MEE3007,유체역학,2014/1 ~ 2028/2,건설환경공학과(학부/서울),ok
H0002256,H0002517,건설환경공학과,MME3026,암반공학,2011/1 ~ 2030/2,건설환경공학과(학부/서울),ok
H0002256,H0002517,건설환경공학과,MME4014,지하수공학,2019/1 ~ 2022/2,건설환경공학과(학부/서울),ok
H0002256,H0002517,건설환경공학과,SYH0001,사랑의실천1(한양나눔),2009/1 ~ 2027/2,건설환경공학과(학부/서울),ok
H0002256,H0002517,건설환경공학과,SYH0002,사랑의실천2(스마트커뮤니케이션),2010/1 ~ 2028/2,건설환경공학과(학부/서울),not_found
H0002256,H0002517,건설환경공학과,SYH0003,사랑의실천3(기업가정신),2011/1 ~ 2029/2,건설환경공학과(학부/서울),not_found
H0002256,H0002517,건설환경공학과,SYH0004,사랑의실천4(미래실용인재),2012/1 ~ 2030/2,건설환경공학과(학부/서울),ok
H0002256,H0002517,건설환경공학과,TEA3028,공업논리및논술,2011/1 ~ 2017/2,건설환경공학과(학부/서울),ok
H0002256,H0002517,건설환경공학과,TEA5008,공업교과교육론,2011/1 ~ 2017/2,건설환경공학과(학부/서울),ok
H0002256,H0002517,건설환경공학과,TEA6008,공업교과교재연구및지도,2012/1 ~ 2018/2,건설환경공학과(학부/서울),ok
H0002256,H0002521,건축공학부,ARD2052,건축환경공학,2006/1 ~ 2028/2,건축공학부(학부/서울),ok
H0002256,H0002521,건축공학부,ARD3009,건축구법1,2006/1 ~ 2023/1,건축공학부(학부/서울),ok
H0002256,H0002521,건축공학부,ARD3010,건축구법2,2008/1 ~ 2017/2,건축공학부(학부/서울),ok
H0002256,H0002521,건축공학부,ARD3063,건축계획,2008/1 ~ 2016/2,건축공학부(학부/서울),ok
H0002256,H0002521,건축공학부,ARE1057,스마트건축의이해,2020/1 ~ 2027/2,건축공학부(학부/서울),ok
H0002256,H0002521,건축공학부,ARE2007,건축설비개론,2006/1 ~ 2028/2,건축공학부(학부/서울),ok
H0002256,H0002521,건축공학부,ARE2021,공학역학,2010/1 ~ 2028/2,건축공학부(학부/서울),ok
H0002256,H0002521,건축공학부,ARE2022,건물유체및열역학,2010/1 ~ 2028/2,건축공학부(학부/서울),ok
H0002256,H0002521,건축공학부,ARE2051,건축사,2006/1 ~ 2018/2,건축공학부(학부/서울),ok
H0002256,H0002521,건축공학부,ARE3005,건축재료,2006/1 ~ 2028/2,건축공학부(학부/서울),ok
H0002256,H0002521,건축공학부,ARE3008,건축구조역학1,2007/1 ~ 2029/2,건축공학부(학부/서울),ok
H0002256,H0002521,건축공학부,ARE3009,건축구조역학2,2007/1 ~ 2029/2,건축공학부(학부/서울),ok
H0002256,H0002521,건축공학부,ARE3069,글로벌건설경영,2007/1 ~ 2029/2,건축공학부(학부/서울),ok
H0002256,H0002521,건축공학부,ARE3080,건축융합설계1,2018/1 ~ 2025/2,건축공학부(학부/서울),ok
H0002256,H0002521,건축공학부,ARE3081,건축융합설계2,2018/1 ~ 2025/2,건축공학부(학부/서울),ok
H0002256,H0002521,건축공학부,ARE3086,스마트건축생산,2020/1 ~ 2029/2,건축공학부(학부/서울),ok
H0002256,H0002521,건축공학부,ARE3088,건축융합설계,2026/1 ~ 2029/2,건축공학부(학부/서울),not_found
H0002256,H0002521,건축공학부,ARE4014,건축구조계획,2008/1 ~ 2030/2,건축공학부(학부/서울),ok
H0002256,H0002521,건축공학부,ARE4020,건축공학실험,2008/1 ~ 2018/2,건축공학부(학부/서울),not_found
H0002256,H0002521,건축공학부,ARE4022,건축음향,2007/1 ~ 2029/2,건축공학부(학부/서울),ok
H0002256,H0002521,건축공학부,ARE4026,환경과생태건축,2008/1 ~ 2030/2,건축공학부(학부/서울),ok
H0002256,H0002521,건축공학부,ARE4030,전기회로및조명시스템,2008/1 ~ 2030/2,건축공학부(학부/서울),ok
H0002256,H0002521,건축공학부,ARE4031,건물에너지,2012/1 ~ 2030/2,건축공학부(학부/서울),ok
H0002256,H0002521,건축공학부,ARE4086,기본설계1,2005/1 ~ 2027/2,건축공학부(학부/서울),ok
H0002256,H0002521,건축공학부,ARE4087,기본설계2,2005/1 ~ 2027/2,건축공학부(학부/서울),ok
H0002256,H0002521,건축공학부,ARE4107,공학프로젝트및현장실습,2019/1 ~ 2019/2,건축공학부(학부/서울),ok
H0002256,H0002521,건축공학부,ARE4108,건축공학종합설계,2019/1 ~ 2022/2,건축공학부(학부/서울),not_found
H0002256,H0002521,건축공학부,ARE5005,글로벌프로젝트기획및개발,2008/1 ~ 2030/2,건축공학부(학부/서울),ok
H0002256,H0002521,건축공학부,ARE5008,Adventure_Design(건축융합1),2006/1 ~ 2028/2,건축공학부(학부/서울),ok
H0002256,H0002521,건축공학부,ARE5009,Adventure_Design(건축융합2),2006/1 ~ 2028/2,건축공학부(학부/서울),ok
H0002256,H0002521,건축공학부,ARE5011,건축시공계획,2007/1 ~ 2029/2,건축공학부(학부/서울),ok
H0002256,H0002521,건축공학부,ARE5012,건축종합설계1,2007/1 ~ 2017/2,건축공학부(학부/서울),ok
H0002256,H0002521,건축공학부,ARE5013,건축종합설계2,2007/1 ~ 2017/2,건축공학부(학부/서울),ok
H0002256,H0002521,건축공학부,ARE5014,토질및기초공학,2007/1 ~ 2017/2,건축공학부(학부/서울),ok
H0002256,H0002521,건축공학부,ARE5016,건설경영,2008/1 ~ 2011/2,건축공학부(학부/서울),ok
H0002256,H0002521,건축공학부,ARE5027,HVAC 시스템디자인,2008/1 ~ 2029/2,건축공학부(학부/서울),ok
H0002256,H0002521,건축공학부,ARE5028,건축구조시스템,2006/1 ~ 2028/2,건축공학부(학부/서울),ok
H0002256,H0002521,건축공학부,ARE5031,공학프로젝트및현장실습1,2008/1 ~ 2018/2,건축공학부(학부/서울),ok
H0002256,H0002521,건축공학부,ARE5032,공학프로젝트및현장실습2,2008/1 ~ 2018/2,건축공학부(학부/서울),ok
H0002256,H0002521,건축공학부,ARE6041,강구조,2012/1 ~ 2030/2,건축공학부(학부/서울),ok
H0002256,H0002521,건축공학부,CHM1002,일반화학및실험2,2005/1 ~ 2027/2,건축공학부(학부/서울),ok
H0002256,H0002521,건축공학부,CHM1005,일반화학및실험1,2005/1 ~ 2027/2,건축공학부(학부/서울),ok
H0002256,H0002521,건축공학부,CIE2007,측량학,2008/1 ~ 2018/2,건축공학부(학부/서울),ok
H0002256,H0002521,건축공학부,CIE3069,철근콘크리트구조1,2007/1 ~ 2029/2,건축공학부(학부/서울),ok
H0002256,H0002521,건축공학부,CIE3070,철근콘크리트구조2,2007/1 ~ 2029/2,건축공학부(학부/서울),ok
H0002256,H0002521,건축공학부,COE2003,정역학,2006/1 ~ 2009/2,건축공학부(학부/서울),ok
H0002256,H0002521,건축공학부,COE2004,동역학,2006/1 ~ 2009/2,건축공학부(학부/서울),ok
H0002256,H0002521,건축공학부,COE3051,공업수학1,2006/1 ~ 2028/2,건축공학부(학부/서울),ok
H0002256,H0002521,건축공학부,COE3052,공업수학2,2010/1 ~ 2011/2,건축공학부(학부/서울),ok
H0002256,H0002521,건축공학부,CUL0005,말과글,2005/1 ~ 2027/2,건축공학부(학부/서울),ok
H0002256,H0002521,건축공학부,CUL0201,상상과학성찰,2025/1 ~ 2027/2,건축공학부(학부/서울),ok
H0002256,H0002521,건축공학부,CUL0203,AI시대쓰기의힘,2025/1 ~ 2027/2,건축공학부(학부/서울),ok
H0002256,H0002521,건축공학부,CUL0205,Technology and AI: Utopia or Dystopia?,2025/1 ~ 2027/2,건축공학부(학부/서울),ok
H0002256,H0002521,건축공학부,CUL0208,스토리텔링의설계와전략,2026/1 ~ 2028/2,건축공학부(학부/서울),ok
H0002256,H0002521,건축공학부,CUL1138,인공지능과기계학습,2024/1 ~ 2029/2,건축공학부(학부/서울),ok
H0002256,H0002521,건축공학부,CUL3011,일반물리학및실험1,2005/1 ~ 2027/2,건축공학부(학부/서울),ok
H0002256,H0002521,건축공학부,CUL3012,일반물리학및실험2,2005/1 ~ 2027/2,건축공학부(학부/서울),ok
H0002256,H0002521,건축공학부,DME2053,재료역학,2006/1 ~ 2028/2,건축공학부(학부/서울),ok
H0002256,H0002521,건축공학부,ENE4044,컴퓨터공학,2006/1 ~ 2030/2,건축공학부(학부/서울),ok
H0002256,H0002521,건축공학부,GEN1031,공학도를위한창의적컴퓨팅,2005/1 ~ 2028/2,건축공학부(학부/서울),ok
H0002256,H0002521,건축공학부,GEN1100,공학도를위한창의적프로그래밍,2024/1 ~ 2029/2,건축공학부(학부/서울),ok
H0002256,H0002521,건축공학부,GEN2052,미분적분학1,2005/1 ~ 2027/2,건축공학부(학부/서울),ok
H0002256,H0002521,건축공학부,GEN2053,미분적분학2,2005/1 ~ 2027/2,건축공학부(학부/서울),ok
H0002256,H0002521,건축공학부,GEN3058,공업경제학,2008/1 ~ 2030/2,건축공학부(학부/서울),ok
H0002256,H0002521,건축공학부,GEN4091,과학기술의철학적이해,2005/1 ~ 2027/2,건축공학부(학부/서울),ok
H0002256,H0002521,건축공학부,GEN5026,테크노경영학(스타트업종합설계),2014/1 ~ 2029/2,건축공학부(학부/서울),ok
H0002256,H0002521,건축공학부,GEN5029,커리어개발Ⅰ:취.창업진로로드맵,2005/1 ~ 2027/2,건축공학부(학부/서울),ok
H0002256,H0002521,건축공학부,GEN5100,커리어개발Ⅱ:취.창업진로포트폴리오,2015/1 ~ 2029/2,건축공학부(학부/서울),ok
H0002256,H0002521,건축공학부,GEN6032,전문학술영어,2009/1 ~ 2027/2,건축공학부(학부/서울),ok
H0002256,H0002521,건축공학부,GEN6044,한양사회봉사,2009/1 ~ 2014/2,건축공학부(학부/서울),ok
H0002256,H0002521,건축공학부,GEN6094,전공현장실습1,2014/1 ~ 2016/2,건축공학부(학부/서울),ok
H0002256,H0002521,건축공학부,GEN6095,전공현장실습2,2013/1 ~ 2016/2,건축공학부(학부/서울),ok
H0002256,H0002521,건축공학부,MAT2017,확률통계론,2006/1 ~ 2030/2,건축공학부(학부/서울),ok
H0002256,H0002521,건축공학부,MAT3008,수치해석,2007/1 ~ 2030/2,건축공학부(학부/서울),ok
H0002256,H0002521,건축공학부,PBL4004,건축공학캡스톤PBL,2019/1 ~ 2030/2,건축공학부(학부/서울),ok
H0002256,H0002521,건축공학부,SYH0001,사랑의실천1(한양나눔),2007/1 ~ 2027/2,건축공학부(학부/서울),ok
H0002256,H0002521,건축공학부,SYH0002,사랑의실천2(스마트커뮤니케이션),2008/1 ~ 2028/2,건축공학부(학부/서울),not_found
H0002256,H0002521,건축공학부,SYH0003,사랑의실천3(기업가정신),2011/1 ~ 2029/2,건축공학부(학부/서울),not_found
H0002256,H0002521,건축공학부,SYH0004,사랑의실천4(미래실용인재),2012/1 ~ 2030/2,건축공학부(학부/서울),ok
H0002256,H0002886,건축학부,APA4011,실내디자인,2008/1 ~ 2031/2,건축학부(학부/서울),ok
H0002256,H0002886,건축학부,ARD2001,주거론,2008/1 ~ 2030/2,건축학부(학부/서울),ok
H0002256,H0002886,건축학부,ARD2052,건축환경공학,2007/1 ~ 2029/2,건축학부(학부/서울),ok
H0002256,H0002886,건축학부,ARD3005,서양건축사,2006/1 ~ 2027/2,건축학부(학부/서울),ok
H0002256,H0002886,건축학부,ARD3009,건축구법1,2006/1 ~ 2016/2,건축학부(학부/서울),ok
H0002256,H0002886,건축학부,ARD3063,건축계획,2006/1 ~ 2028/2,건축학부(학부/서울),ok
H0002256,H0002886,건축학부,ARD4005,한국건축사,2006/1 ~ 2028/2,건축학부(학부/서울),ok
H0002256,H0002886,건축학부,ARD4006,현대건축사,2007/1 ~ 2017/2,건축학부(학부/서울),ok
H0002256,H0002886,건축학부,ARD4007,동양건축사,2009/1 ~ 2027/2,건축학부(학부/서울),ok
H0002256,H0002886,건축학부,ARD4012,건축기획,2008/1 ~ 2031/2,건축학부(학부/서울),ok
H0002256,H0002886,건축학부,ARE1001,건축론,2009/1 ~ 2019/2,건축학부(학부/서울),ok
H0002256,H0002886,건축학부,ARE1032,기초표현1,2005/1 ~ 2015/2,건축학부(학부/서울),ok
H0002256,H0002886,건축학부,ARE1033,기초표현2,2005/1 ~ 2015/2,건축학부(학부/서울),ok
H0002256,H0002886,건축학부,ARE1034,수학과기하학,2005/1 ~ 2023/2,건축학부(학부/서울),ok
H0002256,H0002886,건축학부,ARE1035,물리학의개념,2005/1 ~ 2023/2,건축학부(학부/서울),ok
H0002256,H0002886,건축학부,ARE1056,기초표현,2016/1 ~ 2025/2,건축학부(학부/서울),ok
H0002256,H0002886,건축학부,ARE1058,건축의이해,2024/1 ~ 2027/2,건축학부(학부/서울),ok
H0002256,H0002886,건축학부,ARE2007,건축설비개론,2007/1 ~ 2029/2,건축학부(학부/서울),ok
H0002256,H0002886,건축학부,ARE2008,건축CAD,2006/1 ~ 2016/2,건축학부(학부/서울),ok
H0002256,H0002886,건축학부,ARE2070,컴퓨터활용디자인기본,2014/1 ~ 2027/2,건축학부(학부/서울),ok
H0002256,H0002886,건축학부,ARE2078,건축과컴퓨터,2017/1 ~ 2028/2,건축학부(학부/서울),ok
H0002256,H0002886,건축학부,ARE3005,건축재료,2007/1 ~ 2017/2,건축학부(학부/서울),ok
H0002256,H0002886,건축학부,ARE3008,건축구조역학1,2007/1 ~ 2017/2,건축학부(학부/서울),ok
H0002256,H0002886,건축학부,ARE3067,건축설계론,2008/1 ~ 2022/2,건축학부(학부/서울),ok
H0002256,H0002886,건축학부,ARE3070,도시사,2008/1 ~ 2019/2,건축학부(학부/서울),ok
H0002256,H0002886,건축학부,ARE3082,컴퓨터활용건축설계특론,2018/1 ~ 2029/2,건축학부(학부/서울),ok
H0002256,H0002886,건축학부,ARE3083,건축구조역학,2017/1 ~ 2028/2,건축학부(학부/서울),ok
H0002256,H0002886,건축학부,ARE3084,근대건축의역사와이론,2017/1 ~ 2028/2,건축학부(학부/서울),ok
H0002256,H0002886,건축학부,ARE3085,건축재료및활용,2018/1 ~ 2029/2,건축학부(학부/서울),ok
H0002256,H0002886,건축학부,ARE3087,건축과도시설계,2022/1 ~ 2029/2,건축학부(학부/서울),ok
H0002256,H0002886,건축학부,ARE3096,건축통합시스템,2025/1 ~ 2030/2,건축학부(학부/서울),ok
H0002256,H0002886,건축학부,ARE3097,건축법과실무,2025/1 ~ 2030/2,건축학부(학부/서울),ok
H0002256,H0002886,건축학부,ARE4014,건축구조계획,2007/1 ~ 2030/2,건축학부(학부/서울),ok
H0002256,H0002886,건축학부,ARE4026,환경과생태건축,2009/1 ~ 2030/2,건축학부(학부/서울),ok
H0002256,H0002886,건축학부,ARE4027,건축상세미학,2008/1 ~ 2031/2,건축학부(학부/서울),ok
H0002256,H0002886,건축학부,ARE4078,건축실무,2009/1 ~ 2030/2,건축학부(학부/서울),ok
H0002256,H0002886,건축학부,ARE4086,기본설계1,2005/1 ~ 2027/2,건축학부(학부/서울),ok
H0002256,H0002886,건축학부,ARE4087,기본설계2,2005/1 ~ 2027/2,건축학부(학부/서울),ok
H0002256,H0002886,건축학부,ARE4088,건축설계스튜디오1,2006/1 ~ 2028/2,건축학부(학부/서울),ok
H0002256,H0002886,건축학부,ARE4089,건축설계스튜디오2,2006/1 ~ 2028/2,건축학부(학부/서울),ok
H0002256,H0002886,건축학부,ARE4092,건축설계스튜디오3,2007/1 ~ 2029/2,건축학부(학부/서울),ok
H0002256,H0002886,건축학부,ARE4093,건축설계스튜디오4,2007/1 ~ 2029/2,건축학부(학부/서울),ok
H0002256,H0002886,건축학부,ARE4095,건축설계스튜디오5,2008/1 ~ 2030/2,건축학부(학부/서울),ok
H0002256,H0002886,건축학부,ARE4096,건축설계스튜디오6,2008/1 ~ 2030/2,건축학부(학부/서울),ok
H0002256,H0002886,건축학부,ARE4097,건축설계스튜디오7,2009/1 ~ 2031/2,건축학부(학부/서울),ok
H0002256,H0002886,건축학부,ARE4098,건축설계스튜디오8,2009/1 ~ 2031/2,건축학부(학부/서울),ok
H0002256,H0002886,건축학부,ARE4100,건축공간론,2016/1 ~ 2026/2,건축학부(학부/서울),ok
H0002256,H0002886,건축학부,ARE4101,예술과기술,2016/1 ~ 2030/2,건축학부(학부/서울),ok
H0002256,H0002886,건축학부,ARE4106,현대건축의역사와이론,2019/1 ~ 2030/2,건축학부(학부/서울),ok
H0002256,H0002886,건축학부,ARE4109,건축과인터랙션,2023/1 ~ 2030/2,건축학부(학부/서울),ok
H0002256,H0002886,건축학부,ARE4110,동아시아건축과문화,2024/1 ~ 2031/2,건축학부(학부/서울),ok
H0002256,H0002886,건축학부,ARE5000,건축공간행태론,2008/1 ~ 2030/2,건축학부(학부/서울),ok
H0002256,H0002886,건축학부,ARE5001,디지털디자인스튜디오,2008/1 ~ 2030/2,건축학부(학부/서울),ok
H0002256,H0002886,건축학부,ARE5003,건축연구,2009/1 ~ 2031/2,건축학부(학부/서울),ok
H0002256,H0002886,건축학부,ARE5004,건축연구2,2009/1 ~ 2023/2,건축학부(학부/서울),ok
H0002256,H0002886,건축학부,ARE5007,건축방재론,2009/1 ~ 2019/2,건축학부(학부/서울),ok
H0002256,H0002886,건축학부,ARE5011,건축시공계획,2008/1 ~ 2029/2,건축학부(학부/서울),ok
H0002256,H0002886,건축학부,ARE5016,건설경영,2009/1 ~ 2030/2,건축학부(학부/서울),ok
H0002256,H0002886,건축학부,ARE5028,건축구조시스템,2006/1 ~ 2028/2,건축학부(학부/서울),ok
H0002256,H0002886,건축학부,ARE5029,한국근현대건축의이해,2009/1 ~ 2031/2,건축학부(학부/서울),ok
H0002256,H0002886,건축학부,ARE5041,보존과활용,2017/1 ~ 2031/2,건축학부(학부/서울),ok
H0002256,H0002886,건축학부,ARE5042,파라매트릭스디자인,2017/1 ~ 2019/2,건축학부(학부/서울),ok
H0002256,H0002886,건축학부,ARE5043,건축형태이론,2017/1 ~ 2027/2,건축학부(학부/서울),ok
H0002256,H0002886,건축학부,ARE5045,UX기반공간연구,2020/1 ~ 2031/2,건축학부(학부/서울),ok
H0002256,H0002886,건축학부,CSE4020,컴퓨터그래픽스,2007/1 ~ 2017/2,건축학부(학부/서울),ok
H0002256,H0002886,건축학부,CUL0005,말과글,2005/1 ~ 2027/2,건축학부(학부/서울),ok
H0002256,H0002886,건축학부,CUL0202,문화기술인간,2025/1 ~ 2027/2,건축학부(학부/서울),ok
H0002256,H0002886,건축학부,CUL0204,통합사고와읽기의기술,2025/1 ~ 2027/2,건축학부(학부/서울),ok
H0002256,H0002886,건축학부,CUL0206,Personal Branding in Digital Markets,2025/1 ~ 2027/2,건축학부(학부/서울),ok
H0002256,H0002886,건축학부,CUL0208,스토리텔링의설계와전략,2026/1 ~ 2028/2,건축학부(학부/서울),ok
H0002256,H0002886,건축학부,CUL1138,인공지능과기계학습,2024/1 ~ 2028/2,건축학부(학부/서울),ok
H0002256,H0002886,건축학부,GEN1002,전공영어,2005/1 ~ 2012/2,건축학부(학부/서울),ok
H0002256,H0002886,건축학부,GEN1031,공학도를위한창의적컴퓨팅,2017/1 ~ 2027/2,건축학부(학부/서울),ok
H0002256,H0002886,건축학부,GEN1100,공학도를위한창의적프로그래밍,2024/1 ~ 2029/2,건축학부(학부/서울),ok
H0002256,H0002886,건축학부,GEN4091,과학기술의철학적이해,2005/1 ~ 2027/2,건축학부(학부/서울),ok
H0002256,H0002886,건축학부,GEN5026,테크노경영학(스타트업종합설계),2014/1 ~ 2028/2,건축학부(학부/서울),ok
H0002256,H0002886,건축학부,GEN5029,커리어개발Ⅰ:취.창업진로로드맵,2005/1 ~ 2027/2,건축학부(학부/서울),ok
H0002256,H0002886,건축학부,GEN5100,커리어개발Ⅱ:취.창업진로포트폴리오,2015/1 ~ 2030/2,건축학부(학부/서울),ok
H0002256,H0002886,건축학부,GEN6032,전문학술영어,2009/1 ~ 2027/2,건축학부(학부/서울),ok
H0002256,H0002886,건축학부,GEN6044,한양사회봉사,2009/1 ~ 2014/2,건축학부(학부/서울),ok
H0002256,H0002886,건축학부,GEN6094,전공현장실습1,2014/1 ~ 2023/2,건축학부(학부/서울),ok
H0002256,H0002886,건축학부,GEN6095,전공현장실습2,2013/1 ~ 2023/2,건축학부(학부/서울),ok
H0002256,H0002886,건축학부,SYH0001,사랑의실천1(한양나눔),2007/1 ~ 2027/2,건축학부(학부/서울),ok
H0002256,H0002886,건축학부,SYH0002,사랑의실천2(스마트커뮤니케이션),2008/1 ~ 2028/2,건축학부(학부/서울),not_found
H0002256,H0002886,건축학부,SYH0003,사랑의실천3(기업가정신),2011/1 ~ 2029/2,건축학부(학부/서울),not_found
H0002256,H0002886,건축학부,SYH0004,사랑의실천4(미래실용인재),2012/1 ~ 2030/2,건축학부(학부/서울),ok
H0002256,H0002886,건축학부,URE3001,단지계획,2007/1 ~ 2022/1,건축학부(학부/서울),ok
H0002256,H0002886,건축학부,URE4006,조경이론및설계,2008/1 ~ 2030/2,건축학부(학부/서울),ok
H0002256,H0002886,건축학부,URE4010,도시설계론,2019/1 ~ 2030/2,건축학부(학부/서울),ok
H0002256,H0005007,경영공학전공,APS2001,확률및통계1,2021/1 ~ 2028/2,경영공학전공,ok
H0002256,H0005239,경영공학전공,APS2001,확률및통계1,2021/1 ~ 2028/2,경영공학전공,ok
H0002256,H0005007,경영공학전공,APS2002,기술경영입문,2021/1 ~ 2028/2,경영공학전공,ok
H0002256,H0005239,경영공학전공,APS2002,기술경영입문,2021/1 ~ 2028/2,경영공학전공,ok
H0002256,H0005007,경영공학전공,APS2003,경제성공학론,2021/1 ~ 2028/2,경영공학전공,ok
H0002256,H0005239,경영공학전공,APS2003,경제성공학론,2021/1 ~ 2028/2,경영공학전공,ok
H0002256,H0005007,경영공학전공,APS2005,확률및통계2,2021/1 ~ 2028/2,경영공학전공,ok
H0002256,H0005239,경영공학전공,APS2005,확률및통계2,2021/1 ~ 2028/2,경영공학전공,ok
H0002256,H0005007,경영공학전공,APS2008,경제학개론,2021/1 ~ 2028/2,경영공학전공,ok
H0002256,H0005239,경영공학전공,APS2008,경제학개론,2021/1 ~ 2028/2,경영공학전공,ok
H0002256,H0005007,경영공학전공,APS2010,사회기술시스템,2021/1 ~ 2028/2,경영공학전공,not_found
H0002256,H0005239,경영공학전공,APS2010,사회기술시스템,2021/1 ~ 2028/2,경영공학전공,not_found
H0002256,H0005007,경영공학전공,APS2011,마케팅원리,2025/1 ~ 2028/2,경영공학전공,not_found
H0002256,H0005239,경영공학전공,APS2011,마케팅원리,2025/1 ~ 2028/2,경영공학전공,not_found
H0002256,H0005007,경영공학전공,APS3001,수리최적화,2022/1 ~ 2029/2,경영공학전공,ok
H0002256,H0005239,경영공학전공,APS3001,수리최적화,2022/1 ~ 2029/2,경영공학전공,ok
H0002256,H0005007,경영공학전공,APS3002,생산운영관리론,2022/1 ~ 2029/2,경영공학전공,ok
H0002256,H0005239,경영공학전공,APS3002,생산운영관리론,2022/1 ~ 2029/2,경영공학전공,ok
H0002256,H0005007,경영공학전공,APS3005,기술혁신전략,2022/1 ~ 2028/2,경영공학전공,ok
H0002256,H0005239,경영공학전공,APS3005,기술혁신전략,2022/1 ~ 2028/2,경영공학전공,ok
H0002256,H0005007,경영공학전공,APS3007,시계열및인공지능예측,2022/1 ~ 2029/2,경영공학전공,ok
H0002256,H0005239,경영공학전공,APS3007,시계열및인공지능예측,2022/1 ~ 2029/2,경영공학전공,ok
H0002256,H0005007,경영공학전공,APS3011,회계학원론,2021/1 ~ 2028/2,경영공학전공,ok
H0002256,H0005239,경영공학전공,APS3011,회계학원론,2021/1 ~ 2028/2,경영공학전공,ok
H0002256,H0005007,경영공학전공,APS3013,서비스경영,2023/1 ~ 2030/2,경영공학전공,ok
H0002256,H0005239,경영공학전공,APS3013,서비스경영,2023/1 ~ 2030/2,경영공학전공,ok
H0002256,H0005007,경영공학전공,APS3015,품질경영,2022/1 ~ 2030/2,경영공학전공,ok
H0002256,H0005239,경영공학전공,APS3015,품질경영,2022/1 ~ 2030/2,경영공학전공,ok
H0002256,H0005007,경영공학전공,APS3016,전략경영,2022/1 ~ 2029/2,경영공학전공,ok
H0002256,H0005239,경영공학전공,APS3016,전략경영,2022/1 ~ 2029/2,경영공학전공,ok
H0002256,H0005007,경영공학전공,APS3019,하이테크마케팅,2022/1 ~ 2029/2,경영공학전공,ok
H0002256,H0005239,경영공학전공,APS3019,하이테크마케팅,2022/1 ~ 2029/2,경영공학전공,ok
H0002256,H0005007,경영공학전공,APS3021,기술사업화,2022/1 ~ 2029/2,경영공학전공,ok
H0002256,H0005239,경영공학전공,APS3021,기술사업화,2022/1 ~ 2029/2,경영공학전공,ok
H0002256,H0005007,경영공학전공,APS3022,지속가능경영시스템,2023/2 ~ 2029/2,경영공학전공,not_found
H0002256,H0005239,경영공학전공,APS3022,지속가능경영시스템,2023/2 ~ 2029/2,경영공학전공,not_found
H0002256,H0005007,경영공학전공,APS3023,기술금융,2026/1 ~ 2029/2,경영공학전공,not_found
H0002256,H0005239,경영공학전공,APS3023,기술금융,2026/1 ~ 2029/2,경영공학전공,not_found
H0002256,H0005007,경영공학전공,APS4002,공급망관리,2022/1 ~ 2029/2,경영공학전공,not_found
H0002256,H0005239,경영공학전공,APS4002,공급망관리,2022/1 ~ 2029/2,경영공학전공,not_found
H0002256,H0005007,경영공학전공,APS4005,산업융합세미나,2023/1 ~ 2026/2,경영공학전공,not_found
H0002256,H0005239,경영공학전공,APS4005,산업융합세미나,2023/1 ~ 2026/2,경영공학전공,not_found
H0002256,H0005007,경영공학전공,APS4006,경영공학창의설계,2023/1 ~ 2030/2,경영공학전공,ok
H0002256,H0005239,경영공학전공,APS4006,경영공학창의설계,2023/1 ~ 2030/2,경영공학전공,ok
H0002256,H0005007,경영공학전공,APS4008,프로젝트관리론,2022/1 ~ 2030/2,경영공학전공,not_found
H0002256,H0005239,경영공학전공,APS4008,프로젝트관리론,2022/1 ~ 2030/2,경영공학전공,not_found
H0002256,H0005007,경영공학전공,APS4012,경영공학종합설계,2023/1 ~ 2030/2,경영공학전공,not_found
H0002256,H0005239,경영공학전공,APS4012,경영공학종합설계,2023/1 ~ 2030/2,경영공학전공,not_found
H0002256,H0005007,경영공학전공,APS4016,사회혁신의이해,2023/1 ~ 2024/2,경영공학전공,ok
H0002256,H0005239,경영공학전공,APS4016,사회혁신의이해,2023/1 ~ 2024/2,경영공학전공,ok
H0002256,H0005007,경영공학전공,APS4019,글로벌혁신시스템,2022/1 ~ 2029/2,경영공학전공,not_found
H0002256,H0005239,경영공학전공,APS4019,글로벌혁신시스템,2022/1 ~ 2029/2,경영공학전공,not_found
H0002256,H0005007,경영공학전공,APS4020,지식재산경영,2023/1 ~ 2029/2,경영공학전공,ok
H0002256,H0005239,경영공학전공,APS4020,지식재산경영,2023/1 ~ 2029/2,경영공학전공,ok
H0002256,H0005007,경영공학전공,APS4021,산업문제해결컨설팅,2023/1 ~ 2030/2,경영공학전공,not_found
H0002256,H0005239,경영공학전공,APS4021,산업문제해결컨설팅,2023/1 ~ 2030/2,경영공학전공,not_found
H0002256,H0005007,경영공학전공,APS4022,비즈니스모델디자인,2023/1 ~ 2030/2,경영공학전공,ok
H0002256,H0005239,경영공학전공,APS4022,비즈니스모델디자인,2023/1 ~ 2030/2,경영공학전공,ok
H0002256,H0005007,경영공학전공,CUL1138,인공지능과기계학습,2023/1 ~ 2028/2,경영공학전공,ok
H0002256,H0005239,경영공학전공,CUL1138,인공지능과기계학습,2023/1 ~ 2028/2,경영공학전공,ok
H0002256,H0005007,경영공학전공,GEN1100,공학도를위한창의적프로그래밍,2023/1 ~ 2028/2,경영공학전공,ok
H0002256,H0005239,경영공학전공,GEN1100,공학도를위한창의적프로그래밍,2023/1 ~ 2028/2,경영공학전공,ok
H0002256,H0005007,경영공학전공,GEN5100,커리어개발Ⅱ:취.창업진로포트폴리오,2022/1 ~ 2029/2,경영공학전공,ok
H0002256,H0005239,경영공학전공,GEN5100,커리어개발Ⅱ:취.창업진로포트폴리오,2022/1 ~ 2029/2,경영공학전공,ok
H0002256,H0005007,경영공학전공,IDC2001,경영학입문,2021/1 ~ 2028/2,경영공학전공,ok
H0002256,H0005239,경영공학전공,IDC2001,경영학입문,2021/1 ~ 2028/2,경영공학전공,ok
H0002256,H0005007,경영공학전공,ITC3001,고객경험관리,2021/1 ~ 2029/2,경영공학전공,not_found
H0002256,H0005239,경영공학전공,ITC3001,고객경험관리,2021/1 ~ 2029/2,경영공학전공,not_found
H0002256,H0005007,경영공학전공,ITC4001,기업가정신과창업,2023/1 ~ 2026/2,경영공학전공,not_found
H0002256,H0005239,경영공학전공,ITC4001,기업가정신과창업,2023/1 ~ 2026/2,경영공학전공,not_found
H0002256,H0005007,경영공학전공,ITC4011,산업사물인터넷(캡스톤디자인),2022/1 ~ 2025/2,경영공학전공,not_found
H0002256,H0005239,경영공학전공,ITC4011,산업사물인터넷(캡스톤디자인),2022/1 ~ 2025/2,경영공학전공,not_found
H0002256,H0005007,경영공학전공,ITE4012,신제품개발,2023/1 ~ 2030/2,경영공학전공,ok
H0002256,H0005239,경영공학전공,ITE4012,신제품개발,2023/1 ~ 2030/2,경영공학전공,ok
H0002256,H0005007,경영공학전공,SYH0002,사랑의실천2(스마트커뮤니케이션),2021/1 ~ 2028/2,경영공학전공,not_found
H0002256,H0005239,경영공학전공,SYH0002,사랑의실천2(스마트커뮤니케이션),2021/1 ~ 2028/2,경영공학전공,not_found
H0002256,H0005007,경영공학전공,SYH0003,사랑의실천3(기업가정신),2022/1 ~ 2029/2,경영공학전공,not_found
H0002256,H0005239,경영공학전공,SYH0003,사랑의실천3(기업가정신),2022/1 ~ 2029/2,경영공학전공,not_found
H0002256,H0005007,경영공학전공,SYH0004,사랑의실천4(미래실용인재),2023/1 ~ 2030/2,경영공학전공,ok
H0002256,H0005239,경영공학전공,SYH0004,사랑의실천4(미래실용인재),2023/1 ~ 2030/2,경영공학전공,ok
H0002256,H0002894,경영학부,ACC3001,원가회계,2006/1 ~ 2028/2,경영학부(학부/서울/경영),ok
H0002256,H0002894,경영학부,ACC3002,회계감사,1999/1 ~ 2029/2,경영학부(학부/서울/경영),ok
H0002256,H0002894,경영학부,ACC3003,관리회계,2006/1 ~ 2028/2,경영학부(학부/서울/경영),ok
H0002256,H0002894,경영학부,ACC3004,세무회계,1998/1 ~ 2022/2,경영학부(학부/서울/경영),ok
H0002256,H0002894,경영학부,ACC3005,조세법,1998/1 ~ 2006/2,경영학부(학부/서울/경영),ok
H0002256,H0002894,경영학부,ACC4001,고급회계,1999/1 ~ 2029/2,경영학부(학부/서울/경영),ok
H0002256,H0002894,경영학부,BUS1003,재무회계1,1997/1 ~ 2028/2,경영학부(학부/서울/경영),ok
H0002256,H0002894,경영학부,BUS1004,재무회계2,1998/1 ~ 2028/2,경영학부(학부/서울/경영),ok
H0002256,H0002894,경영학부,BUS1054,비즈니스트렌드,2013/1 ~ 2022/2,경영학부(학부/서울/경영),ok
H0002256,H0002894,경영학부,BUS1057,커리어디자인1,2013/1 ~ 2027/2,경영학부(학부/서울/경영),ok
H0002256,H0002894,경영학부,BUS1058,커리어디자인2,2013/1 ~ 2015/2,경영학부(학부/서울/경영),ok
H0002256,H0002894,경영학부,BUS1059,경영의이해,2016/1 ~ 2027/2,경영학부(학부/서울/경영),ok
H0002256,H0002894,경영학부,BUS1060,경제의이해,2016/1 ~ 2027/2,경영학부(학부/서울/경영),ok
H0002256,H0002894,경영학부,BUS1061,회계의이해,2016/1 ~ 2027/2,경영학부(학부/서울/경영),ok
H0002256,H0002894,경영학부,BUS1062,경영통계응용,2016/1 ~ 2027/2,경영학부(학부/서울/경영),ok
H0002256,H0002894,경영학부,BUS2002,계량경영,1998/1 ~ 2029/2,경영학부(학부/서울/경영),ok
H0002256,H0002894,경영학부,BUS2003,마케팅관리,1998/1 ~ 2027/2,경영학부(학부/서울/경영),ok
H0002256,H0002894,경영학부,BUS2022,재무제표분석,1998/1 ~ 2030/2,경영학부(학부/서울/경영),ok
H0002256,H0002894,경영학부,BUS2025,비즈니스커뮤니케이션,2009/1 ~ 2017/2,경영학부(학부/서울/경영),ok
H0002256,H0002894,경영학부,BUS2034,오퍼레이션관리,2002/1 ~ 2028/2,경영학부(학부/서울/경영),ok
H0002256,H0002894,경영학부,BUS2035,글로벌기업관리론,2002/1 ~ 2029/2,경영학부(학부/서울/경영),ok
H0002256,H0002894,경영학부,BUS2036,제품.서비스관리론,2002/1 ~ 2016/2,경영학부(학부/서울/경영),ok
H0002256,H0002894,경영학부,BUS2042,인터넷과미래사회,2010/1 ~ 2016/2,경영학부(학부/서울/경영),ok
H0002256,H0002894,경영학부,BUS2062,인적자원및조직개발론,2008/1 ~ 2030/2,경영학부(학부/서울/경영),ok
H0002256,H0002894,경영학부,BUS2063,세법개론,2007/1 ~ 2029/2,경영학부(학부/서울/경영),ok
H0002256,H0002894,경영학부,BUS2064,비즈니스데이터개론,2010/1 ~ 2028/2,경영학부(학부/서울/경영),ok
H0002256,H0002894,경영학부,BUS2065,기초경영통계,2010/1 ~ 2016/2,경영학부(학부/서울/경영),ok
H0002256,H0002894,경영학부,BUS2066,고급경영통계,2010/1 ~ 2016/2,경영학부(학부/서울/경영),ok
H0002256,H0002894,경영학부,BUS2069,비즈니스커뮤니케이션전략,2012/1 ~ 2016/2,경영학부(학부/서울/경영),ok
H0002256,H0002894,경영학부,BUS2071,인터넷과e-비즈니스,2017/1 ~ 2028/2,경영학부(학부/서울/경영),ok
H0002256,H0002894,경영학부,BUS2076,기업법개론,2021/1 ~ 2028/2,경영학부(학부/서울/경영),ok
H0002256,H0002894,경영학부,BUS3002,재무관리,1998/1 ~ 2028/2,경영학부(학부/서울/경영),ok
H0002256,H0002894,경영학부,BUS3003,조직행동,1998/1 ~ 2028/2,경영학부(학부/서울/경영),ok
H0002256,H0002894,경영학부,BUS3004,인사관리,1999/1 ~ 2029/2,경영학부(학부/서울/경영),ok
H0002256,H0002894,경영학부,BUS3007,마케팅조사,1999/1 ~ 2029/2,경영학부(학부/서울/경영),ok
H0002256,H0002894,경영학부,BUS3009,국제경영,1998/1 ~ 2028/2,경영학부(학부/서울/경영),ok
H0002256,H0002894,경영학부,BUS3014,소비자행동,1999/1 ~ 2028/2,경영학부(학부/서울/경영),ok
H0002256,H0002894,경영학부,BUS3016,물류관리,1999/1 ~ 2017/2,경영학부(학부/서울/경영),ok
H0002256,H0002894,경영학부,BUS3020,외환관리론,1999/1 ~ 2017/2,경영학부(학부/서울/경영),ok
H0002256,H0002894,경영학부,BUS3021,품질경영,1999/1 ~ 2030/2,경영학부(학부/서울/경영),ok
H0002256,H0002894,경영학부,BUS3022,국제재무론,1999/1 ~ 2029/2,경영학부(학부/서울/경영),ok
H0002256,H0002894,경영학부,BUS3023,파생증권론,1999/1 ~ 2029/2,경영학부(학부/서울/경영),ok
H0002256,H0002894,경영학부,BUS3026,마케팅전략론,2012/1 ~ 2030/2,경영학부(학부/서울/경영),ok
H0002256,H0002894,경영학부,BUS3039,벤처창업론,2003/1 ~ 2029/2,경영학부(학부/서울/경영),ok
H0002256,H0002894,경영학부,BUS3049,전략적마케팅커뮤니케이션,2003/1 ~ 2029/2,경영학부(학부/서울/경영),ok
H0002256,H0002894,경영학부,BUS3068,혁신전략론,2011/1 ~ 2029/2,경영학부(학부/서울/경영),ok
H0002256,H0002894,경영학부,BUS3070,의료경영,2009/1 ~ 2023/1,경영학부(학부/서울/경영),ok
H0002256,H0002894,경영학부,BUS3071,글로벌브랜드관리론,2011/1 ~ 2030/2,경영학부(학부/서울/경영),ok
H0002256,H0002894,경영학부,BUS3079,비즈니스경제학세미나,2010/1 ~ 2017/2,경영학부(학부/서울/경영),ok
H0002256,H0002894,경영학부,BUS3080,서비스마케팅,2010/1 ~ 2029/2,경영학부(학부/서울/경영),ok
H0002256,H0002894,경영학부,BUS3084,채권금융론,2018/1 ~ 2030/2,경영학부(학부/서울/경영),ok
H0002256,H0002894,경영학부,BUS3094,아시아경영및마케팅,2012/1 ~ 2017/2,경영학부(학부/서울/경영),ok
H0002256,H0002894,경영학부,BUS3099,경영데이터마이닝,2015/1 ~ 2029/2,경영학부(학부/서울/경영),ok
H0002256,H0002894,경영학부,BUS3102,조직관리,2018/1 ~ 2029/2,경영학부(학부/서울/경영),ok
H0002256,H0002894,경영학부,BUS3103,공급사슬경영과스마트로지스틱스,2018/1 ~ 2029/2,경영학부(학부/서울/경영),ok
H0002256,H0002894,경영학부,BUS3107,인공지능과비즈니스,2017/1 ~ 2029/2,경영학부(학부/서울/경영),ok
H0002256,H0002894,경영학부,BUS3108,모바일비즈니스기획,2017/1 ~ 2021/2,경영학부(학부/서울/경영),ok
H0002256,H0002894,경영학부,BUS3109,모바일비즈니스개발,2017/1 ~ 2021/2,경영학부(학부/서울/경영),ok
H0002256,H0002894,경영학부,BUS3111,경영대연구실현장실습1,2018/2 ~ 2025/2,경영학부(학부/서울/경영),not_found
H0002256,H0002894,경영학부,BUS3112,경영대연구실현장실습2,2018/2 ~ 2025/2,경영학부(학부/서울/경영),ok
H0002256,H0002894,경영학부,BUS3113,아시아경영및마케팅,2018/2 ~ 2023/2,경영학부(학부/서울/경영),ok
H0002256,H0002894,경영학부,BUS3114,협상과전략적커뮤니케이션,2018/2 ~ 2029/2,경영학부(학부/서울/경영),ok
H0002256,H0002894,경영학부,BUS3115,비즈니스분석프로그래밍,2022/1 ~ 2029/2,경영학부(학부/서울/경영),ok
H0002256,H0002894,경영학부,BUS3118,응용통계와데이터애널리틱스,2024/1 ~ 2029/2,경영학부(학부/서울/경영),ok
H0002256,H0002894,경영학부,BUS3119,디지털마케팅전략,2024/1 ~ 2029/2,경영학부(학부/서울/경영),ok
H0002256,H0002894,경영학부,BUS3120,글로벌환경과호스피탈리티마케팅,2024/2 ~ 2029/2,경영학부(학부/서울/경영),ok
H0002256,H0002894,경영학부,BUS4003,투자론,1999/1 ~ 2029/2,경영학부(학부/서울/경영),ok
H0002256,H0002894,경영학부,BUS4005,경영정보시스템,1999/1 ~ 2028/2,경영학부(학부/서울/경영),ok
H0002256,H0002894,경영학부,BUS4006,노사관계,2000/1 ~ 2030/2,경영학부(학부/서울/경영),ok
H0002256,H0002894,경영학부,BUS4007,경영학특강,2000/1 ~ 2030/2,경영학부(학부/서울/경영),ok
H0002256,H0002894,경영학부,BUS4009,금융기관론,2000/1 ~ 2030/2,경영학부(학부/서울/경영),ok
H0002256,H0002894,경영학부,BUS4012,기업재무론,2000/1 ~ 2029/2,경영학부(학부/서울/경영),ok
H0002256,H0002894,경영학부,BUS4017,서비스운영관리,2000/1 ~ 2028/2,경영학부(학부/서울/경영),ok
H0002256,H0002894,경영학부,BUS4019,전략경영론,2000/1 ~ 2028/2,경영학부(학부/서울/경영),ok
H0002256,H0002894,경영학부,BUS4020,조직개발론,2000/1 ~ 2026/2,경영학부(학부/서울/경영),ok
H0002256,H0002894,경영학부,BUS4023,기업윤리,2000/1 ~ 2018/2,경영학부(학부/서울/경영),ok
H0002256,H0002894,경영학부,BUS4026,국제경영전략,2000/1 ~ 2030/2,경영학부(학부/서울/경영),ok
H0002256,H0002894,경영학부,BUS4037,금융공학,2000/1 ~ 2018/2,경영학부(학부/서울/경영),ok
H0002256,H0002894,경영학부,BUS4041,창업론,2000/1 ~ 2003/2,경영학부(학부/서울/경영),ok
H0002256,H0002894,경영학부,BUS4070,유통관리,2004/1 ~ 2030/2,경영학부(학부/서울/경영),ok
H0002256,H0002894,경영학부,BUS4078,프로젝트경영,2008/1 ~ 2030/2,경영학부(학부/서울/경영),ok
H0002256,H0002894,경영학부,BUS4081,금융윤리,2008/1 ~ 2017/2,경영학부(학부/서울/경영),ok
H0002256,H0002894,경영학부,BUS4082,디지털비즈니스모델과전략,2012/1 ~ 2030/2,경영학부(학부/서울/경영),ok
H0002256,H0002894,경영학부,BUS4083,정보기술과데이터전략,2012/1 ~ 2029/2,경영학부(학부/서울/경영),ok
H0002256,H0002894,경영학부,BUS4084,중국비즈니스전략,2012/1 ~ 2030/2,경영학부(학부/서울/경영),ok
H0002256,H0002894,경영학부,BUS4085,경쟁전략론,2012/1 ~ 2029/2,경영학부(학부/서울/경영),ok
H0002256,H0002894,경영학부,BUS4087,이비즈니스,2011/1 ~ 2016/2,경영학부(학부/서울/경영),ok
H0002256,H0002894,경영학부,BUS4100,학부연구학점,2014/1 ~ 2029/2,경영학부(학부/서울/경영),ok
H0002256,H0002894,경영학부,BUS4105,기업윤리와지속가능경영,2019/1 ~ 2030/2,경영학부(학부/서울/경영),ok
H0002256,H0002894,경영학부,BUS4106,비즈니스실습,2017/1 ~ 2023/1,경영학부(학부/서울/경영),ok
H0002256,H0002894,경영학부,BUS4107,사회혁신실습,2017/1 ~ 2023/2,경영학부(학부/서울/경영),ok
H0002256,H0002894,경영학부,BUS4109,경영대연구실현장실습3,2019/1 ~ 2026/2,경영학부(학부/서울/경영),ok
H0002256,H0002894,경영학부,BUS4110,경영대연구실현장실습4,2018/2 ~ 2026/2,경영학부(학부/서울/경영),ok
H0002256,H0002894,경영학부,BUS4112,M&A전략,2023/1 ~ 2023/1,경영학부(학부/서울/경영),not_found
H0002256,H0002894,경영학부,BUS4113,비즈니스프로젝트학기,2021/1 ~ 2030/2,경영학부(학부/서울/경영),ok
H0002256,H0002894,경영학부,BUS4114,보상관리론,2023/1 ~ 2030/2,경영학부(학부/서울/경영),ok
H0002256,H0002894,경영학부,BUS4116,회계데이터애널리틱스,2024/1 ~ 2030/2,경영학부(학부/서울/경영),ok
H0002256,H0002894,경영학부,BUS5000,전략적구매관리,2012/1 ~ 2018/2,경영학부(학부/서울/경영),ok
H0002256,H0002894,경영학부,BUS5007,고급투자론,2018/1 ~ 2029/2,경영학부(학부/서울/경영),ok
H0002256,H0002894,경영학부,BUS5009,지식경영과의사결정,2015/1 ~ 2030/2,경영학부(학부/서울/경영),ok
H0002256,H0002894,경영학부,BUS5010,기술과경영,2015/1 ~ 2017/2,경영학부(학부/서울/경영),not_found
H0002256,H0002894,경영학부,BUS5011,ESG경영전략,2013/1 ~ 2030/2,경영학부(학부/서울/경영),ok
H0002256,H0002894,경영학부,BUS5012,마케팅조사2,2013/1 ~ 2017/2,경영학부(학부/서울/경영),ok
H0002256,H0002894,경영학부,BUS5013,글로벌기업가정신과창업,2013/1 ~ 2022/2,경영학부(학부/서울/경영),ok
H0002256,H0002894,경영학부,BUS5014,IT컨설팅과프로세스혁신,2016/1 ~ 2018/2,경영학부(학부/서울/경영),ok
H0002256,H0002894,경영학부,BUS5017,경영종합연구(캡스톤디자인),2013/1 ~ 2030/2,경영학부(학부/서울/경영),ok
H0002256,H0002894,경영학부,CUL0005,말과글,1997/1 ~ 2027/2,경영학부(학부/서울/경영),ok
H0002256,H0002894,경영학부,CUL0011,창의적컴퓨팅,2017/1 ~ 2027/2,경영학부(학부/서울/경영),ok
H0002256,H0002894,경영학부,CUL0202,문화기술인간,2025/1 ~ 2027/2,경영학부(학부/서울/경영),ok
H0002256,H0002894,경영학부,CUL0203,AI시대쓰기의힘,2025/1 ~ 2027/2,경영학부(학부/서울/경영),ok
H0002256,H0002894,경영학부,CUL0206,Personal Branding in Digital Markets,2026/1 ~ 2028/2,경영학부(학부/서울/경영),ok
H0002256,H0002894,경영학부,CUL0208,스토리텔링의설계와전략,2026/1 ~ 2028/2,경영학부(학부/서울/경영),ok
H0002256,H0002894,경영학부,CUL1122,창의적프로그래밍,2023/1 ~ 2028/2,경영학부(학부/서울/경영),ok
H0002256,H0002894,경영학부,CUL1138,인공지능과기계학습,2023/1 ~ 2028/2,경영학부(학부/서울/경영),ok
H0002256,H0002894,경영학부,CUL2045,기업과경영의이해,1997/1 ~ 2015/2,경영학부(학부/서울/경영),ok
H0002256,H0002894,경영학부,CUL2046,기업정보의이해,1997/1 ~ 2015/2,경영학부(학부/서울/경영),ok
H0002256,H0002894,경영학부,GEN0059,경제원론1,1997/1 ~ 2015/2,경영학부(학부/서울/경영),ok
H0002256,H0002894,경영학부,GEN3041,초급중국어1,2009/1 ~ 2012/2,경영학부(학부/서울/경영),ok
H0002256,H0002894,경영학부,GEN4091,과학기술의철학적이해,2005/1 ~ 2027/2,경영학부(학부/서울/경영),ok
H0002256,H0002894,경영학부,GEN5029,커리어개발Ⅰ:취.창업진로로드맵,2005/1 ~ 2012/2,경영학부(학부/서울/경영),ok
H0002256,H0002894,경영학부,GEN5100,커리어개발Ⅱ:취.창업진로포트폴리오,2015/1 ~ 2029/2,경영학부(학부/서울/경영),ok
H0002256,H0002894,경영학부,GEN6032,전문학술영어,2010/1 ~ 2028/2,경영학부(학부/서울/경영),ok
H0002256,H0002894,경영학부,GEN6044,한양사회봉사,2009/1 ~ 2014/2,경영학부(학부/서울/경영),ok
H0002256,H0002894,경영학부,GEN6094,전공현장실습1,2012/1 ~ 2016/2,경영학부(학부/서울/경영),ok
H0002256,H0002894,경영학부,GEN6095,전공현장실습2,2012/1 ~ 2016/2,경영학부(학부/서울/경영),ok
H0002256,H0002894,경영학부,HYP1007,경영학HY-UP(실용연구실습)1,2026/1 ~ 2029/2,경영학부(학부/서울/경영),not_found
H0002256,H0002894,경영학부,HYP2006,경영학HY-UP(실용연구실습)2,2026/1 ~ 2029/2,경영학부(학부/서울/경영),not_found
H0002256,H0002894,경영학부,HYP3007,경영학HY-UP(실용연구실습)3,2027/1 ~ 2030/2,경영학부(학부/서울/경영),not_found
H0002256,H0002894,경영학부,HYP4006,경영학HY-UP(실용연구실습)4,2027/1 ~ 2030/2,경영학부(학부/서울/경영),not_found
H0002256,H0002894,경영학부,INT3004,국제마케팅,1999/1 ~ 2030/2,경영학부(학부/서울/경영),ok
H0002256,H0002894,경영학부,PAD3051,조직관리론,1999/1 ~ 2017/2,경영학부(학부/서울/경영),ok
H0002256,H0002894,경영학부,PBL4005,경영대학캡스톤PBL,2018/2 ~ 2030/2,경영학부(학부/서울/경영),ok
H0002256,H0002894,경영학부,SYH0001,사랑의실천1(한양나눔),2007/1 ~ 2027/2,경영학부(학부/서울/경영),ok
H0002256,H0002894,경영학부,SYH0002,사랑의실천2(스마트커뮤니케이션),2008/1 ~ 2028/2,경영학부(학부/서울/경영),not_found
H0002256,H0002894,경영학부,SYH0003,사랑의실천3(기업가정신),2011/1 ~ 2029/2,경영학부(학부/서울/경영),not_found
H0002256,H0002894,경영학부,SYH0004,사랑의실천4(미래실용인재),2012/1 ~ 2030/2,경영학부(학부/서울/경영),ok
H0002256,H0002894,경영학부,TEA3034,상업논리및논술,2011/1 ~ 2029/2,경영학부(학부/서울/경영),ok
H0002256,H0002894,경영학부,TEA4021,상업교수법,2019/2 ~ 2030/2,경영학부(학부/서울/경영),ok
H0002256,H0002894,경영학부,TEA5014,상업교과교육론,2011/1 ~ 2029/2,경영학부(학부/서울/경영),ok
H0002256,H0002894,경영학부,TEA6014,상업교과교재연구및지도,2012/1 ~ 2030/2,경영학부(학부/서울/경영),ok
H0002256,H0002933,경제금융학부,CUL0005,말과글,1997/1 ~ 2027/2,경제금융학부(학부/서울),ok
H0002256,H0002933,경제금융학부,CUL0011,창의적컴퓨팅,2017/1 ~ 2027/2,경제금융학부(학부/서울),ok
H0002256,H0002933,경제금융학부,CUL0201,상상과학성찰,2025/1 ~ 2027/2,경제금융학부(학부/서울),ok
H0002256,H0002933,경제금융학부,CUL0203,AI시대쓰기의힘,2025/1 ~ 2027/2,경제금융학부(학부/서울),ok
H0002256,H0002933,경제금융학부,CUL0206,Personal Branding in Digital Markets,2026/1 ~ 2028/2,경제금융학부(학부/서울),ok
H0002256,H0002933,경제금융학부,CUL0208,스토리텔링의설계와전략,2026/1 ~ 2028/2,경제금융학부(학부/서울),ok
H0002256,H0002933,경제금융학부,CUL1122,창의적프로그래밍,2023/1 ~ 2028/2,경제금융학부(학부/서울),ok
H0002256,H0002933,경제금융학부,CUL1138,인공지능과기계학습,2023/1 ~ 2028/2,경제금융학부(학부/서울),ok
H0002256,H0002933,경제금융학부,CUL2046,기업정보의이해,1998/1 ~ 2015/2,경제금융학부(학부/서울),ok
H0002256,H0002933,경제금융학부,ECO1001,경제학입문,2003/1 ~ 2027/2,경제금융학부(학부/서울),ok
H0002256,H0002933,경제금융학부,ECO1005,경제통계분석,2003/1 ~ 2028/2,경제금융학부(학부/서울),ok
H0002256,H0002933,경제금융학부,ECO1007,수리경제입문,2003/1 ~ 2027/2,경제금융학부(학부/서울),ok
H0002256,H0002933,경제금융학부,ECO1020,계량경제입문,2013/1 ~ 2015/2,경제금융학부(학부/서울),ok
H0002256,H0002933,경제금융학부,ECO1021,재무회계의기초,2016/1 ~ 2025/2,경제금융학부(학부/서울),ok
H0002256,H0002933,경제금융학부,ECO1023,경제금융기초(중국어강의),2020/1 ~ 2025/2,경제금융학부(학부/서울),ok
H0002256,H0002933,경제금융학부,ECO2028,거시경제1:국민소득과물가,2003/1 ~ 2028/2,경제금융학부(학부/서울),ok
H0002256,H0002933,경제금융학부,ECO2029,미시경제1:소비자와기업,2003/1 ~ 2028/2,경제금융학부(학부/서울),ok
H0002256,H0002933,경제금융학부,ECO2030,경제사,2003/1 ~ 2023/1,경제금융학부(학부/서울),ok
H0002256,H0002933,경제금융학부,ECO2031,경제학설사,2003/1 ~ 2017/2,경제금융학부(학부/서울),ok
H0002256,H0002933,경제금융학부,ECO2032,거시경제2:경기변동과경제성장,2003/1 ~ 2028/2,경제금융학부(학부/서울),ok
H0002256,H0002933,경제금융학부,ECO2033,미시경제2:시장구조와후생,2003/1 ~ 2028/2,경제금융학부(학부/서울),ok
H0002256,H0002933,경제금융학부,ECO2035,게임이론과응용,2003/1 ~ 2029/2,경제금융학부(학부/서울),ok
H0002256,H0002933,경제금융학부,ECO2059,재무경제,2003/1 ~ 2028/2,경제금융학부(학부/서울),ok
H0002256,H0002933,경제금융학부,ECO2061,재무금융시계열예측,2006/1 ~ 2029/2,경제금융학부(학부/서울),ok
H0002256,H0002933,경제금융학부,ECO2062,재무경제2,2006/1 ~ 2016/2,경제금융학부(학부/서울),ok
H0002256,H0002933,경제금융학부,ECO2064,경제제도의역사적분석,2024/2 ~ 2028/2,경제금융학부(학부/서울),ok
H0002256,H0002933,경제금융학부,ECO3001,수리경제,1999/1 ~ 2025/2,경제금융학부(학부/서울),ok
H0002256,H0002933,경제금융학부,ECO3002,재정학,1999/1 ~ 2002/2,경제금융학부(학부/서울),ok
H0002256,H0002933,경제금융학부,ECO3003,화폐금융,1998/1 ~ 2028/2,경제금융학부(학부/서울),ok
H0002256,H0002933,경제금융학부,ECO3007,계량경제,1998/1 ~ 2028/2,경제금융학부(학부/서울),ok
H0002256,H0002933,경제금융학부,ECO3008,노동경제,1999/1 ~ 2029/2,경제금융학부(학부/서울),ok
H0002256,H0002933,경제금융학부,ECO3021,사회보장,2004/1 ~ 2017/2,경제금융학부(학부/서울),ok
H0002256,H0002933,경제금융학부,ECO3033,금융시장과금융상품,2003/1 ~ 2015/2,경제금융학부(학부/서울),ok
H0002256,H0002933,경제금융학부,ECO3045,공공경제1:조세,2003/1 ~ 2029/2,경제금융학부(학부/서울),ok
H0002256,H0002933,경제금융학부,ECO3047,국제무역과통상정책,2003/1 ~ 2029/2,경제금융학부(학부/서울),ok
H0002256,H0002933,경제금융학부,ECO3048,공공경제2:정부지출,2003/1 ~ 2029/2,경제금융학부(학부/서울),ok
H0002256,H0002933,경제금융학부,ECO3049,체제이행경제론,2003/1 ~ 2029/2,경제금융학부(학부/서울),ok
H0002256,H0002933,경제금융학부,ECO3068,산업조직과공정거래,2003/1 ~ 2029/2,경제금융학부(학부/서울),ok
H0002256,H0002933,경제금융학부,ECO3073,위험관리,2004/1 ~ 2030/2,경제금융학부(학부/서울),ok
H0002256,H0002933,경제금융학부,ECO3074,선물과옵션,2003/1 ~ 2029/2,경제금융학부(학부/서울),ok
H0002256,H0002933,경제금융학부,ECO3076,재무금융IT,2007/1 ~ 2029/2,경제금융학부(학부/서울),ok
H0002256,H0002933,경제금융학부,ECO3080,증권투자론,2011/1 ~ 2029/2,경제금융학부(학부/서울),ok
H0002256,H0002933,경제금융학부,ECO3086,고급재무이론과실무,2013/1 ~ 2029/2,경제금융학부(학부/서울),ok
H0002256,H0002933,경제금융학부,ECO3087,법경제이론,2014/1 ~ 2021/2,경제금융학부(학부/서울),ok
H0002256,H0002933,경제금융학부,ECO3088,응용미시경제학실증분석,2015/1 ~ 2029/2,경제금융학부(학부/서울),ok
H0002256,H0002933,경제금융학부,ECO3089,채권론,2015/1 ~ 2029/2,경제금융학부(학부/서울),ok
H0002256,H0002933,경제금융학부,ECO3090,금융빅데이터분석학,2015/1 ~ 2029/2,경제금융학부(학부/서울),ok
H0002256,H0002933,경제금융학부,ECO3091,응용거시재무,2015/1 ~ 2021/2,경제금융학부(학부/서울),ok
H0002256,H0002933,경제금융학부,ECO3092,사회보장과노동정책,2018/1 ~ 2029/2,경제금융학부(학부/서울),ok
H0002256,H0002933,경제금융학부,ECO3093,시장설계이론,2016/1 ~ 2017/2,경제금융학부(학부/서울),not_found
H0002256,H0002933,경제금융학부,ECO3094,의료서비스시장과정부,2016/1 ~ 2029/2,경제금융학부(학부/서울),ok
H0002256,H0002933,경제금융학부,ECO3095,금융소비자관리론,2017/1 ~ 2021/2,경제금융학부(학부/서울),ok
H0002256,H0002933,경제금융학부,ECO3096,머신러닝·딥러닝·블록체인입문,2017/1 ~ 2021/2,경제금융학부(학부/서울),ok
H0002256,H0002933,경제금융학부,ECO3098,데이터를활용한기업분석,2022/1 ~ 2029/2,경제금융학부(학부/서울),ok
H0002256,H0002933,경제금융학부,ECO3100,행동실험경제학,2021/2 ~ 2029/2,경제금융학부(학부/서울),ok
H0002256,H0002933,경제금융학부,ECO3101,머신러닝과R을이용하는데이터분석,2023/2 ~ 2029/2,경제금융학부(학부/서울),ok
H0002256,H0002933,경제금융학부,ECO4003,국제금융,2003/1 ~ 2029/2,경제금융학부(학부/서울),ok
H0002256,H0002933,경제금융학부,ECO4049,국제경제관계,2004/1 ~ 2029/2,경제금융학부(학부/서울),ok
H0002256,H0002933,경제금융학부,ECO4064,미시경제이슈및응용,2008/1 ~ 2030/2,경제금융학부(학부/서울),ok
H0002256,H0002933,경제금융학부,ECO4065,거시경제이슈및응용,2008/1 ~ 2030/2,경제금융학부(학부/서울),ok
H0002256,H0002933,경제금융학부,ECO4066,정부와경제발전,2008/1 ~ 2030/2,경제금융학부(학부/서울),ok
H0002256,H0002933,경제금융학부,ECO4069,관리경제,2012/1 ~ 2023/1,경제금융학부(학부/서울),ok
H0002256,H0002933,경제금융학부,ECO4071,세계경제와한국의비전,2010/1 ~ 2018/2,경제금융학부(학부/서울),ok
H0002256,H0002933,경제금융학부,ECO4073,정보와불확실성의경제학,2011/1 ~ 2030/2,경제금융학부(학부/서울),ok
H0002256,H0002933,경제금융학부,ECO4079,범죄경제학,2014/1 ~ 2030/2,경제금융학부(학부/서울),ok
H0002256,H0002933,경제금융학부,ECO4080,고급파생상품론,2014/1 ~ 2022/2,경제금융학부(학부/서울),ok
H0002256,H0002933,경제금융학부,ECO4081,계산금융의기초,2015/1 ~ 2030/2,경제금융학부(학부/서울),ok
H0002256,H0002933,경제금융학부,ECO4082,금융퀀트이론,2015/1 ~ 2022/2,경제금융학부(학부/서울),ok
H0002256,H0002933,경제금융학부,ECO4084,계량경제이슈및응용,2016/1 ~ 2030/2,경제금융학부(학부/서울),ok
H0002256,H0002933,경제금융학부,ECO4085,시계열빅데이터분석,2016/1 ~ 2030/2,경제금융학부(학부/서울),ok
H0002256,H0002933,경제금융학부,ECO4088,세계경제와중국,2018/2 ~ 2030/2,경제금융학부(학부/서울),ok
H0002256,H0002933,경제금융학부,ECO4093,인구경제학,2023/1 ~ 2030/2,경제금융학부(학부/서울),ok
H0002256,H0002933,경제금융학부,ECO4095,시장미시구조론과핀테크,2023/2 ~ 2030/2,경제금융학부(학부/서울),ok
H0002256,H0002933,경제금융학부,GEN0059,경제원론1,1997/1 ~ 2000/2,경제금융학부(학부/서울),ok
H0002256,H0002933,경제금융학부,GEN4091,과학기술의철학적이해,2005/1 ~ 2027/2,경제금융학부(학부/서울),ok
H0002256,H0002933,경제금융학부,GEN5029,커리어개발Ⅰ:취.창업진로로드맵,2005/1 ~ 2027/2,경제금융학부(학부/서울),ok
H0002256,H0002933,경제금융학부,GEN5100,커리어개발Ⅱ:취.창업진로포트폴리오,2015/1 ~ 2029/2,경제금융학부(학부/서울),ok
H0002256,H0002933,경제금융학부,GEN6032,전문학술영어,2010/1 ~ 2028/2,경제금융학부(학부/서울),ok
H0002256,H0002933,경제금융학부,GEN6044,한양사회봉사,2009/1 ~ 2014/2,경제금융학부(학부/서울),ok
H0002256,H0002933,경제금융학부,GEN6094,전공현장실습1,2013/1 ~ 2021/2,경제금융학부(학부/서울),ok
H0002256,H0002933,경제금융학부,HYR0001,경제금융HY-UROP(실용연구심화),2023/2 ~ 2030/2,경제금융학부(학부/서울),ok
H0002256,H0002933,경제금융학부,LAW1053,헌법1,2003/1 ~ 2009/2,경제금융학부(학부/서울),ok
H0002256,H0002933,경제금융학부,SOC3018,정치경제학,2012/1 ~ 2015/2,경제금융학부(학부/서울),ok
H0002256,H0002933,경제금융학부,SYH0001,사랑의실천1(한양나눔),2007/1 ~ 2027/2,경제금융학부(학부/서울),ok
H0002256,H0002933,경제금융학부,SYH0002,사랑의실천2(스마트커뮤니케이션),2008/1 ~ 2028/2,경제금융학부(학부/서울),not_found
H0002256,H0002933,경제금융학부,SYH0003,사랑의실천3(기업가정신),2011/1 ~ 2029/2,경제금융학부(학부/서울),not_found
H0002256,H0002933,경제금융학부,SYH0004,사랑의실천4(미래실용인재),2012/1 ~ 2030/2,경제금융학부(학부/서울),ok
H0002256,H0003886,고전읽기융합전공,CLS1002,인문클래식:인간과가족,2015/1 ~ 2026/1,고전읽기융합전공,ok
H0002256,H0003886,고전읽기융합전공,CLS1003,사회클래식:국가발전의원리,2015/1 ~ 2026/1,고전읽기융합전공,ok
H0002256,H0003886,고전읽기융합전공,CLS1005,"예술클래식:일상과예술,그리고상상력",2015/1 ~ 2026/1,고전읽기융합전공,ok
H0002256,H0003886,고전읽기융합전공,CLS1006,예술클래식:천재와광기,2015/1 ~ 2026/1,고전읽기융합전공,ok
H0002256,H0003886,고전읽기융합전공,CLS1007,인문클래식BL:삼국지와인간,2015/1 ~ 2026/1,고전읽기융합전공,ok
H0002256,H0003886,고전읽기융합전공,CLS1008,인문클래식BL:언어의비밀,2015/1 ~ 2026/1,고전읽기융합전공,ok
H0002256,H0003886,고전읽기융합전공,CLS1009,사회클래식BL:사랑의역사와문화정치학,2015/1 ~ 2026/1,고전읽기융합전공,ok
H0002256,H0003886,고전읽기융합전공,CLS1010,사회클래식BL:성과인간의대화,2015/1 ~ 2026/1,고전읽기융합전공,ok
H0002256,H0003886,고전읽기융합전공,CLS1011,예술클래식BL:신화로읽는동화,2015/1 ~ 2026/1,고전읽기융합전공,ok
H0002256,H0003886,고전읽기융합전공,CLS1012,예술클래식BL:대중예술속그리스신화,2015/1 ~ 2026/1,고전읽기융합전공,ok
H0002256,H0003886,고전읽기융합전공,CLS1013,인문클래식:독서의기술,2015/1 ~ 2026/1,고전읽기융합전공,ok
H0002256,H0003886,고전읽기융합전공,CLS1014,사회클래식:미디어와인간의확장,2015/1 ~ 2026/1,고전읽기융합전공,ok
H0002256,H0003886,고전읽기융합전공,CLS1015,사회클래식:자서전의힘,2015/1 ~ 2026/1,고전읽기융합전공,ok
H0002256,H0003886,고전읽기융합전공,CLS1018,예술클래식:건축과미술,2015/1 ~ 2026/1,고전읽기융합전공,ok
H0002256,H0003886,고전읽기융합전공,CLS1019,과학클래식:과학과 상상의 인간,2015/2 ~ 2026/1,고전읽기융합전공,ok
H0002256,H0003886,고전읽기융합전공,CLS1020,과학클래식:과학에게정의를묻다,2016/1 ~ 2026/1,고전읽기융합전공,ok
H0002256,H0003886,고전읽기융합전공,CLS1021,과학클래식:과학의풍경들,2016/1 ~ 2026/1,고전읽기융합전공,ok
H0002256,H0003886,고전읽기융합전공,CLS1022,과학클래식:생명과문명의융합적세계관을향하여,2017/2 ~ 2026/1,고전읽기융합전공,ok
H0002256,H0003886,고전읽기융합전공,CLS1023,인문클래식:문학으로읽는음식과인간,2018/1 ~ 2029/2,고전읽기융합전공,ok
H0002256,H0003886,고전읽기융합전공,CLS1024,사회클래식:상상의낙원유토피아,2018/1 ~ 2026/1,고전읽기융합전공,ok
H0002256,H0003886,고전읽기융합전공,CLS1025,예술클래식:도시와문학,2018/1 ~ 2026/1,고전읽기융합전공,ok
H0002256,H0002937,공공수행인문학전공,CHI4043,제자백가의이해,2008/1 ~ 2022/2,공공수행인문학전공,ok
H0002256,H0002937,공공수행인문학전공,FUT1006,탈진실시대의언론텍스트읽기와쓰기,2017/1 ~ 2017/2,공공수행인문학전공,ok
H0002256,H0002937,공공수행인문학전공,FUT2010,은유와프레임전략,2017/1 ~ 2017/2,공공수행인문학전공,ok
H0002256,H0002937,공공수행인문학전공,FUT2011,사회적상상력을여는소통과혁신의수사학,2017/1 ~ 2018/2,공공수행인문학전공,ok
H0002256,H0002937,공공수행인문학전공,FUT2012,동서양사상을통해본정의,2017/1 ~ 2018/2,공공수행인문학전공,ok
H0002256,H0002937,공공수행인문학전공,GEN5081,비즈니스설득심리,2006/1 ~ 2018/2,공공수행인문학전공,ok
H0002256,H0002937,공공수행인문학전공,HIS2027,동아시아비교경제사,2019/1 ~ 2022/2,공공수행인문학전공,ok
H0002256,H0002937,공공수행인문학전공,HIS3012,한국근대사와문화접촉,2018/1 ~ 2021/2,공공수행인문학전공,ok
H0002256,H0002937,공공수행인문학전공,HIS3065,한국사와공공역사,2011/1 ~ 2020/2,공공수행인문학전공,ok
H0002256,H0002937,공공수행인문학전공,HIS4006,한국사회경제사,2011/1 ~ 2017/2,공공수행인문학전공,ok
H0002256,H0002937,공공수행인문학전공,HIS4009,한국현대사,2008/1 ~ 2018/2,공공수행인문학전공,ok
H0002256,H0002937,공공수행인문학전공,JMC1005,미디어의이해,2007/1 ~ 2020/2,공공수행인문학전공,ok
H0002256,H0002937,공공수행인문학전공,JMC2008,방송론,2007/1 ~ 2020/2,공공수행인문학전공,ok
H0002256,H0002937,공공수행인문학전공,JMC3017,정치커뮤니케이션,2019/1 ~ 2022/2,공공수행인문학전공,ok
H0002256,H0002937,공공수행인문학전공,JMC4013,비판커뮤니케이션,2012/1 ~ 2018/2,공공수행인문학전공,ok
H0002256,H0002937,공공수행인문학전공,JMC4018,조직커뮤니케이션,2012/1 ~ 2022/2,공공수행인문학전공,ok
H0002256,H0002937,공공수행인문학전공,JMC4024,언론법제,2012/1 ~ 2022/2,공공수행인문학전공,ok
H0002256,H0002937,공공수행인문학전공,JOU2006,한국언론사,2007/1 ~ 2020/2,공공수행인문학전공,ok
H0002256,H0002937,공공수행인문학전공,JOU2011,저널리즘과테크놀로지,2007/1 ~ 2020/2,공공수행인문학전공,ok
H0002256,H0002937,공공수행인문학전공,JOU2015,매스컴론,2010/1 ~ 2020/2,공공수행인문학전공,ok
H0002256,H0002937,공공수행인문학전공,JOU3021,여론과캠페인,2011/1 ~ 2021/2,공공수행인문학전공,ok
H0002256,H0002937,공공수행인문학전공,KOR2062,문학과역사,2010/1 ~ 2013/2,공공수행인문학전공,ok
H0002256,H0002937,공공수행인문학전공,KOR2066,한글맞춤법과교정의실제,2007/1 ~ 2020/2,공공수행인문학전공,ok
H0002256,H0002937,공공수행인문학전공,KOR3067,철학으로읽는한국문학,2011/1 ~ 2021/2,공공수행인문학전공,ok
H0002256,H0002937,공공수행인문학전공,KOR4074,언어와의사소통,2016/1 ~ 2022/2,공공수행인문학전공,ok
H0002256,H0002937,공공수행인문학전공,LAW1053,헌법1,2007/1 ~ 2009/2,공공수행인문학전공,ok
H0002256,H0002937,공공수행인문학전공,LAW1054,헌법2,2008/1 ~ 2010/2,공공수행인문학전공,ok
H0002256,H0002937,공공수행인문학전공,LAW2011,법제사,2006/1 ~ 2009/2,공공수행인문학전공,ok
H0002256,H0002937,공공수행인문학전공,LAW3008,법사상사,2007/1 ~ 2009/2,공공수행인문학전공,ok
H0002256,H0002937,공공수행인문학전공,LAW3061,민법특강1,2008/1 ~ 2010/2,공공수행인문학전공,ok
H0002256,H0002937,공공수행인문학전공,LAW3062,민법특강2,2008/1 ~ 2010/2,공공수행인문학전공,ok
H0002256,H0002937,공공수행인문학전공,LAW4005,법철학,2019/1 ~ 2022/2,공공수행인문학전공,ok
H0002256,H0002937,공공수행인문학전공,LAW4016,법사회학,2007/1 ~ 2010/2,공공수행인문학전공,ok
H0002256,H0002937,공공수행인문학전공,PAD2020,행정학의이론,2010/1 ~ 2020/2,공공수행인문학전공,ok
H0002256,H0002937,공공수행인문학전공,PAD2021,행정연구캡스톤디자인,2010/1 ~ 2020/2,공공수행인문학전공,ok
H0002256,H0002937,공공수행인문학전공,PAD2058,행정법Ⅰ,2010/1 ~ 2016/2,공공수행인문학전공,ok
H0002256,H0002937,공공수행인문학전공,PAD2060,행정학의핵심주제,2017/1 ~ 2020/2,공공수행인문학전공,ok
H0002256,H0002937,공공수행인문학전공,PAD3025,행정법Ⅱ,2011/1 ~ 2017/2,공공수행인문학전공,ok
H0002256,H0002937,공공수행인문학전공,PAD3066,문화행정론,2011/1 ~ 2021/2,공공수행인문학전공,ok
H0002256,H0002937,공공수행인문학전공,PAD4031,정책사례연구,2012/1 ~ 2018/2,공공수행인문학전공,ok
H0002256,H0002937,공공수행인문학전공,PER0002,공공수행인문학의이론과실제,2008/1 ~ 2017/2,공공수행인문학전공,ok
H0002256,H0002937,공공수행인문학전공,PER2006,한자문화의이해,2007/1 ~ 2016/2,공공수행인문학전공,ok
H0002256,H0002937,공공수행인문학전공,PER2007,한국문화사론,2007/1 ~ 2018/2,공공수행인문학전공,ok
H0002256,H0002937,공공수행인문학전공,PER3005,공직자윤리,2007/1 ~ 2018/2,공공수행인문학전공,ok
H0002256,H0002937,공공수행인문학전공,PER3006,현대사회의이해,2007/1 ~ 2017/2,공공수행인문학전공,ok
H0002256,H0002937,공공수행인문학전공,PER3018,언론문장작성법,2009/1 ~ 2021/2,공공수행인문학전공,ok
H0002256,H0002937,공공수행인문학전공,PER3029,문제해결텍스트:이해와작성,2011/1 ~ 2017/2,공공수행인문학전공,ok
H0002256,H0002937,공공수행인문학전공,PER3030,공직적성텍스트이해와분석,2011/1 ~ 2016/1,공공수행인문학전공,ok
H0002256,H0002937,공공수행인문학전공,PER3045,현대사회의갈등관리와인문학,2016/2 ~ 2021/2,공공수행인문학전공,ok
H0002256,H0002937,공공수행인문학전공,PER4001,통계자료의이해,2008/1 ~ 2016/2,공공수행인문학전공,ok
H0002256,H0002937,공공수행인문학전공,PER4002,텍스트이해와분석,2008/1 ~ 2016/2,공공수행인문학전공,ok
H0002256,H0002937,공공수행인문학전공,PER4013,동양사상과공공수행,2010/1 ~ 2022/2,공공수행인문학전공,ok
H0002256,H0002937,공공수행인문학전공,PER4016,유비쿼터스시대의출판및기획,2019/1 ~ 2022/2,공공수행인문학전공,ok
H0002256,H0002937,공공수행인문학전공,PER4021,문화원형탐색,2017/1 ~ 2020/2,공공수행인문학전공,ok
H0002256,H0002839,관광학부,CUL0005,말과글,1997/1 ~ 2027/2,관광학부(학부/서울),ok
H0002256,H0002839,관광학부,CUL0011,창의적컴퓨팅,2016/1 ~ 2027/2,관광학부(학부/서울),ok
H0002256,H0002839,관광학부,CUL0202,문화기술인간,2025/1 ~ 2027/2,관광학부(학부/서울),ok
H0002256,H0002839,관광학부,CUL0203,AI시대쓰기의힘,2025/1 ~ 2027/2,관광학부(학부/서울),ok
H0002256,H0002839,관광학부,CUL0206,Personal Branding in Digital Markets,2026/1 ~ 2028/2,관광학부(학부/서울),ok
H0002256,H0002839,관광학부,CUL0208,스토리텔링의설계와전략,2026/1 ~ 2028/2,관광학부(학부/서울),ok
H0002256,H0002839,관광학부,CUL1122,창의적프로그래밍,2023/1 ~ 2028/2,관광학부(학부/서울),ok
H0002256,H0002839,관광학부,CUL1138,인공지능과기계학습,2023/1 ~ 2028/2,관광학부(학부/서울),ok
H0002256,H0002839,관광학부,CUL2000,사회학의이해,1997/1 ~ 2000/2,관광학부(학부/서울),ok
H0002256,H0002839,관광학부,GEN3041,초급중국어1,2009/1 ~ 2012/2,관광학부(학부/서울),ok
H0002256,H0002839,관광학부,GEN4091,과학기술의철학적이해,2013/1 ~ 2027/2,관광학부(학부/서울),ok
H0002256,H0002839,관광학부,GEN5029,커리어개발Ⅰ:취.창업진로로드맵,2005/1 ~ 2027/2,관광학부(학부/서울),ok
H0002256,H0002839,관광학부,GEN5100,커리어개발Ⅱ:취.창업진로포트폴리오,2015/1 ~ 2029/2,관광학부(학부/서울),ok
H0002256,H0002839,관광학부,GEN6032,전문학술영어,2010/1 ~ 2028/2,관광학부(학부/서울),ok
H0002256,H0002839,관광학부,GEN6044,한양사회봉사,2009/1 ~ 2014/2,관광학부(학부/서울),ok
H0002256,H0002839,관광학부,GEN6094,전공현장실습1,2012/1 ~ 2016/2,관광학부(학부/서울),ok
H0002256,H0002839,관광학부,GEN6095,전공현장실습2,2012/1 ~ 2016/2,관광학부(학부/서울),ok
H0002256,H0002839,관광학부,JOU2005,커뮤니케이션원론,1997/1 ~ 2000/2,관광학부(학부/서울),ok
H0002256,H0002839,관광학부,PAD1053,행정학의이해,1997/1 ~ 2000/2,관광학부(학부/서울),ok
H0002256,H0002839,관광학부,PSD1002,정치와사회,1997/1 ~ 2000/2,관광학부(학부/서울),ok
H0002256,H0002839,관광학부,SYH0001,사랑의실천1(한양나눔),2007/1 ~ 2027/2,관광학부(학부/서울),ok
H0002256,H0002839,관광학부,SYH0002,사랑의실천2(스마트커뮤니케이션),2008/1 ~ 2028/2,관광학부(학부/서울),not_found
H0002256,H0002839,관광학부,SYH0003,사랑의실천3(기업가정신),2011/1 ~ 2029/2,관광학부(학부/서울),not_found
H0002256,H0002839,관광학부,SYH0004,사랑의실천4(미래실용인재),2012/1 ~ 2030/2,관광학부(학부/서울),ok
H0002256,H0002839,관광학부,TEA3038,관광논리및논술,2011/1 ~ 2029/2,관광학부(학부/서울),ok
H0002256,H0002839,관광학부,TEA5020,관광교과교육론,2011/1 ~ 2029/2,관광학부(학부/서울),ok
H0002256,H0002839,관광학부,TEA6020,관광교과교재연구및지도,2012/1 ~ 2030/2,관광학부(학부/서울),ok
H0002256,H0002839,관광학부,TOU1011,관광론,2004/1 ~ 2027/2,관광학부(학부/서울),ok
H0002256,H0002839,관광학부,TOU1012,관광개발의이해,2004/1 ~ 2027/2,관광학부(학부/서울),ok
H0002256,H0002839,관광학부,TOU1013,레저학의이해,2004/1 ~ 2027/2,관광학부(학부/서울),ok
H0002256,H0002839,관광학부,TOU1014,국제관광의이해,2004/1 ~ 2015/2,관광학부(학부/서울),ok
H0002256,H0002839,관광학부,TOU1016,호스피탈러티산업의이해,2004/1 ~ 2015/2,관광학부(학부/서울),ok
H0002256,H0002839,관광학부,TOU1017,지속가능한관광론,2004/1 ~ 2028/2,관광학부(학부/서울),ok
H0002256,H0002839,관광학부,TOU1019,관광지리의이해,2009/1 ~ 2027/2,관광학부(학부/서울),ok
H0002256,H0002839,관광학부,TOU1020,문화관광경영,2013/1 ~ 2027/2,관광학부(학부/서울),ok
H0002256,H0002839,관광학부,TOU1021,신융합관광의이해,2016/1 ~ 2027/2,관광학부(학부/서울),ok
H0002256,H0002839,관광학부,TOU1022,호텔의이해,2016/1 ~ 2027/2,관광학부(학부/서울),ok
H0002256,H0002839,관광학부,TOU1023,국제관광행동론,2025/2 ~ 2027/2,관광학부(학부/서울),ok
H0002256,H0002839,관광학부,TOU2005,호텔경영론,2004/1 ~ 2016/2,관광학부(학부/서울),ok
H0002256,H0002839,관광학부,TOU2012,관광계획및개발론,2004/1 ~ 2028/2,관광학부(학부/서울),ok
H0002256,H0002839,관광학부,TOU2023,관광영어1,1998/1 ~ 2028/2,관광학부(학부/서울),ok
H0002256,H0002839,관광학부,TOU2024,관광영어2,1998/1 ~ 2029/2,관광학부(학부/서울),ok
H0002256,H0002839,관광학부,TOU2029,푸드(F&B)컨텐츠와융합비즈니스,2004/1 ~ 2028/2,관광학부(학부/서울),ok
H0002256,H0002839,관광학부,TOU2031,현대여행업론,2004/1 ~ 2018/2,관광학부(학부/서울),ok
H0002256,H0002839,관광학부,TOU2032,관광개발사례연구,2005/1 ~ 2026/2,관광학부(학부/서울),ok
H0002256,H0002839,관광학부,TOU2034,컨벤션전시경영론,2005/1 ~ 2020/2,관광학부(학부/서울),ok
H0002256,H0002839,관광학부,TOU2035,관광산업인턴쉽및경력관리1,2006/1 ~ 2022/2,관광학부(학부/서울),ok
H0002256,H0002839,관광학부,TOU2036,관광산업인턴쉽및경력관리2,2006/1 ~ 2016/2,관광학부(학부/서울),ok
H0002256,H0002839,관광학부,TOU2037,관광자원총론,2010/1 ~ 2028/2,관광학부(학부/서울),ok
H0002256,H0002839,관광학부,TOU2038,관광산업환경네트워크,2010/1 ~ 2016/2,관광학부(학부/서울),ok
H0002256,H0002839,관광학부,TOU2042,관광계량정보,2014/1 ~ 2016/2,관광학부(학부/서울),ok
H0002256,H0002839,관광학부,TOU2043,서비스산업이슈세미나,2021/1 ~ 2028/2,관광학부(학부/서울),ok
H0002256,H0002839,관광학부,TOU2044,여행관광행복론,2025/1 ~ 2028/2,관광학부(학부/서울),ok
H0002256,H0002839,관광학부,TOU3005,관광정책론,2000/1 ~ 2025/1,관광학부(학부/서울),ok
H0002256,H0002839,관광학부,TOU3016,관광통계학,1998/1 ~ 2029/2,관광학부(학부/서울),ok
H0002256,H0002839,관광학부,TOU3040,레저관광심리학,2004/1 ~ 2028/2,관광학부(학부/서울),ok
H0002256,H0002839,관광학부,TOU3042,관광경제학,2004/1 ~ 2028/2,관광학부(학부/서울),ok
H0002256,H0002839,관광학부,TOU3050,관광연구방법론,2006/1 ~ 2021/2,관광학부(학부/서울),ok
H0002256,H0002839,관광학부,TOU3055,축제이벤트론,2006/1 ~ 2029/2,관광학부(학부/서울),ok
H0002256,H0002839,관광학부,TOU3058,엔터테인먼트산업,2007/1 ~ 2017/2,관광학부(학부/서울),ok
H0002256,H0002839,관광학부,TOU3060,관광저널리즘,2007/1 ~ 2017/2,관광학부(학부/서울),ok
H0002256,H0002839,관광학부,TOU3062,관광지리자원세미나,2011/1 ~ 2017/2,관광학부(학부/서울),ok
H0002256,H0002839,관광학부,TOU3064,레저놀이와사회이슈세미나,2011/1 ~ 2017/2,관광학부(학부/서울),ok
H0002256,H0002839,관광학부,TOU3067,관광법의이해,2011/1 ~ 2017/2,관광학부(학부/서울),ok
H0002256,H0002839,관광학부,TOU3069,관광정보경영,2011/1 ~ 2030/2,관광학부(학부/서울),ok
H0002256,H0002839,관광학부,TOU3070,호텔·관광소비자행동론,2011/1 ~ 2017/2,관광학부(학부/서울),ok
H0002256,H0002839,관광학부,TOU3071,한국관광사,2015/1 ~ 2029/2,관광학부(학부/서울),ok
H0002256,H0002839,관광학부,TOU3072,관광정책사례분석,2015/1 ~ 2030/2,관광학부(학부/서울),ok
H0002256,H0002839,관광학부,TOU3073,호텔·관광마케팅론,2015/1 ~ 2028/2,관광학부(학부/서울),ok
H0002256,H0002839,관광학부,TOU3074,호텔·관광경영분석론,2015/1 ~ 2017/2,관광학부(학부/서울),not_found
H0002256,H0002839,관광학부,TOU3075,지속가능한항공경영론,2018/1 ~ 2029/2,관광학부(학부/서울),ok
H0002256,H0002839,관광학부,TOU3076,관광거버넌스론,2018/1 ~ 2022/1,관광학부(학부/서울),not_found
H0002256,H0002839,관광학부,TOU3077,호텔·관광사례및트렌드분석,2018/1 ~ 2029/2,관광학부(학부/서울),ok
H0002256,H0002839,관광학부,TOU3078,도시및지역관광개발론,2018/1 ~ 2025/2,관광학부(학부/서울),ok
H0002256,H0002839,관광학부,TOU3079,관광패널이슈세미나,2018/1 ~ 2025/2,관광학부(학부/서울),ok
H0002256,H0002839,관광학부,TOU3080,미래관광과여행산업,2021/1 ~ 2029/2,관광학부(학부/서울),ok
H0002256,H0002839,관광학부,TOU3081,글로벌서비스론,2021/2 ~ 2029/2,관광학부(학부/서울),ok
H0002256,H0002839,관광학부,TOU3082,관광수익관리,2022/1 ~ 2029/2,관광학부(학부/서울),ok
H0002256,H0002839,관광학부,TOU3083,디지털트랜스포메이션과관광혁신창업,2023/1 ~ 2030/2,관광학부(학부/서울),ok
H0002256,H0002839,관광학부,TOU4030,지역관광개발론,2000/1 ~ 2017/2,관광학부(학부/서울),ok
H0002256,H0002839,관광학부,TOU4043,관광정책커뮤니케이션,2007/1 ~ 2026/2,관광학부(학부/서울),ok
H0002256,H0002839,관광학부,TOU4045,관광자원기획실습,2007/1 ~ 2018/2,관광학부(학부/서울),ok
H0002256,H0002839,관광학부,TOU4047,축제이벤트기획프로젝트,2007/1 ~ 2026/2,관광학부(학부/서울),ok
H0002256,H0002839,관광학부,TOU4050,관광정책이슈분석,2012/1 ~ 2018/2,관광학부(학부/서울),ok
H0002256,H0002839,관광학부,TOU4052,관광개발세미나,2012/1 ~ 2018/2,관광학부(학부/서울),ok
H0002256,H0002839,관광학부,TOU4053,관광개발프로젝트,2012/1 ~ 2018/2,관광학부(학부/서울),ok
H0002256,H0002839,관광학부,TOU4055,호텔·관광인적자원관리론,2012/1 ~ 2026/2,관광학부(학부/서울),ok
H0002256,H0002839,관광학부,TOU4056,호텔·관광경영커뮤니케이션,2011/1 ~ 2018/2,관광학부(학부/서울),ok
H0002256,H0002839,관광학부,TOU4057,기후변화와관광:계획과관리,2012/1 ~ 2018/2,관광학부(학부/서울),ok
H0002256,H0002839,관광학부,TOU4058,호텔·관광캡스톤디자인,2012/1 ~ 2018/2,관광학부(학부/서울),ok
H0002256,H0002839,관광학부,TOU4059,컨벤션전시기획캡스톤디자인,2012/1 ~ 2030/2,관광학부(학부/서울),ok
H0002256,H0002839,관광학부,TOU4060,문화관광전략,2013/1 ~ 2028/2,관광학부(학부/서울),ok
H0002256,H0002839,관광학부,TOU4061,호텔·관광리더십,2023/1 ~ 2030/2,관광학부(학부/서울),ok
H0002256,H0002839,관광학부,TOU4062,서비스문제해결방법론,2021/1 ~ 2030/2,관광학부(학부/서울),ok
H0002256,H0002839,관광학부,TOU4063,글로벌커뮤니케이션론,2023/2 ~ 2030/2,관광학부(학부/서울),ok
H0002256,H0002839,관광학부,TOU4065,관광정책과전략기획,2026/1 ~ 2030/2,관광학부(학부/서울),ok
H0002256,H0002740,관현악과,CMU1041,시창및청음1,1989/1 ~ 2027/2,관현악과(학부/서울),ok
H0002256,H0002740,관현악과,CMU1042,시창및청음2,1989/1 ~ 2027/2,관현악과(학부/서울),ok
H0002256,H0002740,관현악과,CMU2031,서양음악사1,1989/1 ~ 2016/2,관현악과(학부/서울),ok
H0002256,H0002740,관현악과,CMU2032,서양음악사2,1989/1 ~ 2016/2,관현악과(학부/서울),ok
H0002256,H0002740,관현악과,CMU2041,시창및청음3,1990/1 ~ 2028/2,관현악과(학부/서울),ok
H0002256,H0002740,관현악과,CMU2042,시창및청음4,1990/1 ~ 2028/2,관현악과(학부/서울),ok
H0002256,H0002740,관현악과,CMU3003,전공쏠페지오1,1991/1 ~ 1998/2,관현악과(학부/서울),ok
H0002256,H0002740,관현악과,CMU3004,전공쏠페지오2,1991/1 ~ 1998/2,관현악과(학부/서울),ok
H0002256,H0002740,관현악과,CMU3031,서양음악사3,1990/1 ~ 2017/2,관현악과(학부/서울),ok
H0002256,H0002740,관현악과,CMU3032,서양음악사4,1990/1 ~ 2017/2,관현악과(학부/서울),ok
H0002256,H0002740,관현악과,COP1006,화성학1,1989/1 ~ 1996/2,관현악과(학부/서울),ok
H0002256,H0002740,관현악과,COP1007,화성학2,1989/1 ~ 1996/2,관현악과(학부/서울),ok
H0002256,H0002740,관현악과,COP1051,건반화성1,1999/1 ~ 2002/2,관현악과(학부/서울),ok
H0002256,H0002740,관현악과,COP1052,건반화성2,1999/1 ~ 2002/2,관현악과(학부/서울),ok
H0002256,H0002740,관현악과,COP1063,음악이론1,2005/1 ~ 2028/2,관현악과(학부/서울),ok
H0002256,H0002740,관현악과,COP1064,음악이론2,2005/1 ~ 2028/2,관현악과(학부/서울),ok
H0002256,H0002740,관현악과,COP1065,현대음악연주1,2007/1 ~ 2030/2,관현악과(학부/서울),ok
H0002256,H0002740,관현악과,COP1066,현대음악연주2,2007/1 ~ 2030/2,관현악과(학부/서울),ok
H0002256,H0002740,관현악과,COP2001,대위법1,1989/1 ~ 1996/2,관현악과(학부/서울),ok
H0002256,H0002740,관현악과,COP2002,대위법2,1989/1 ~ 1996/2,관현악과(학부/서울),ok
H0002256,H0002740,관현악과,COP2003,악기론1,1997/1 ~ 2004/2,관현악과(학부/서울),ok
H0002256,H0002740,관현악과,COP2004,악기론2,1997/1 ~ 2004/2,관현악과(학부/서울),ok
H0002256,H0002740,관현악과,COP2037,음악이론3,2006/1 ~ 2029/2,관현악과(학부/서울),ok
H0002256,H0002740,관현악과,COP2038,음악이론4,2006/1 ~ 2029/2,관현악과(학부/서울),ok
H0002256,H0002740,관현악과,COP2049,피아노실습(건반화성)1,2014/1 ~ 2020/2,관현악과(학부/서울),ok
H0002256,H0002740,관현악과,COP2050,피아노실습(건반화성)2,2014/1 ~ 2020/2,관현악과(학부/서울),ok
H0002256,H0002740,관현악과,COP3004,대위법3,1990/1 ~ 1997/2,관현악과(학부/서울),ok
H0002256,H0002740,관현악과,COP3005,관현악법1,1991/1 ~ 2007/2,관현악과(학부/서울),ok
H0002256,H0002740,관현악과,COP3006,관현악법2,1991/1 ~ 2007/2,관현악과(학부/서울),ok
H0002256,H0002740,관현악과,COP3009,대위법4,1990/1 ~ 1997/2,관현악과(학부/서울),ok
H0002256,H0002740,관현악과,COP3061,연주와비평5,2007/1 ~ 2029/2,관현악과(학부/서울),ok
H0002256,H0002740,관현악과,COP3062,연주와비평6,2007/1 ~ 2029/2,관현악과(학부/서울),ok
H0002256,H0002740,관현악과,COP3076,연주를위한음악분석1,2015/1 ~ 2017/2,관현악과(학부/서울),ok
H0002256,H0002740,관현악과,COP3077,연주를위한음악분석2,2015/1 ~ 2017/2,관현악과(학부/서울),ok
H0002256,H0002740,관현악과,COP3078,음악회제작캡스톤디자인,2014/1 ~ 2017/2,관현악과(학부/서울),ok
H0002256,H0002740,관현악과,COP4025,음악학개론,2000/1 ~ 2007/2,관현악과(학부/서울),ok
H0002256,H0002740,관현악과,COP4043,중등음악교육실습1,2012/1 ~ 2018/2,관현악과(학부/서울),ok
H0002256,H0002740,관현악과,COP4044,중등음악교육실습2,2009/1 ~ 2018/2,관현악과(학부/서울),ok
H0002256,H0002740,관현악과,CUL0005,말과글,1997/1 ~ 2027/2,관현악과(학부/서울),ok
H0002256,H0002740,관현악과,CUL0011,창의적컴퓨팅,2017/1 ~ 2027/2,관현악과(학부/서울),ok
H0002256,H0002740,관현악과,CUL0202,문화기술인간,2025/1 ~ 2027/2,관현악과(학부/서울),ok
H0002256,H0002740,관현악과,CUL0204,통합사고와읽기의기술,2025/1 ~ 2027/2,관현악과(학부/서울),ok
H0002256,H0002740,관현악과,CUL0206,Personal Branding in Digital Markets,2026/1 ~ 2028/2,관현악과(학부/서울),ok
H0002256,H0002740,관현악과,CUL0208,스토리텔링의설계와전략,2026/1 ~ 2028/2,관현악과(학부/서울),ok
H0002256,H0002740,관현악과,CUL1122,창의적프로그래밍,2023/1 ~ 2028/2,관현악과(학부/서울),ok
H0002256,H0002740,관현악과,CUL1138,인공지능과기계학습,2023/1 ~ 2028/2,관현악과(학부/서울),ok
H0002256,H0002740,관현악과,GEN3073,연주와비평1,1994/1 ~ 2027/2,관현악과(학부/서울),ok
H0002256,H0002740,관현악과,GEN3074,연주와비평2,1994/1 ~ 2027/2,관현악과(학부/서울),ok
H0002256,H0002740,관현악과,GEN3075,연주와비평3,1995/1 ~ 2028/2,관현악과(학부/서울),ok
H0002256,H0002740,관현악과,GEN3076,연주와비평4,1995/1 ~ 2028/2,관현악과(학부/서울),ok
H0002256,H0002740,관현악과,GEN4091,과학기술의철학적이해,2009/1 ~ 2027/2,관현악과(학부/서울),ok
H0002256,H0002740,관현악과,GEN5029,커리어개발Ⅰ:취.창업진로로드맵,2005/1 ~ 2027/2,관현악과(학부/서울),ok
H0002256,H0002740,관현악과,GEN5100,커리어개발Ⅱ:취.창업진로포트폴리오,2015/1 ~ 2029/2,관현악과(학부/서울),ok
H0002256,H0002740,관현악과,GEN6032,전문학술영어,2010/1 ~ 2028/2,관현악과(학부/서울),ok
H0002256,H0002740,관현악과,GEN6044,한양사회봉사,2009/1 ~ 2014/2,관현악과(학부/서울),ok
H0002256,H0002740,관현악과,KTM1001,국악개론1,1989/1 ~ 2004/2,관현악과(학부/서울),ok
H0002256,H0002740,관현악과,KTM1002,국악개론 2,1989/1 ~ 2004/2,관현악과(학부/서울),ok
H0002256,H0002740,관현악과,KTM1084,국악개론및감상1,2013/1 ~ 2015/2,관현악과(학부/서울),ok
H0002256,H0002740,관현악과,KTM1085,국악개론및감상2,2013/1 ~ 2015/2,관현악과(학부/서울),ok
H0002256,H0002740,관현악과,OCH1003,관현악1,1993/1 ~ 2027/2,관현악과(학부/서울),ok
H0002256,H0002740,관현악과,OCH1004,관현악2,1993/1 ~ 2027/2,관현악과(학부/서울),ok
H0002256,H0002740,관현악과,OCH1005,실내악1,1993/1 ~ 2027/2,관현악과(학부/서울),ok
H0002256,H0002740,관현악과,OCH1006,실내악2,1993/1 ~ 2027/2,관현악과(학부/서울),ok
H0002256,H0002740,관현악과,OCH1007,관현악전공실기1,1999/1 ~ 2027/2,관현악과(학부/서울),ok
H0002256,H0002740,관현악과,OCH1008,관현악전공실기2,1999/1 ~ 2027/2,관현악과(학부/서울),ok
H0002256,H0002740,관현악과,OCH1011,오케스트라1,2006/1 ~ 2029/2,관현악과(학부/서울),ok
H0002256,H0002740,관현악과,OCH1012,오케스트라2,2006/1 ~ 2029/2,관현악과(학부/서울),ok
H0002256,H0002740,관현악과,OCH1013,오케스트라3,2007/1 ~ 2030/2,관현악과(학부/서울),ok
H0002256,H0002740,관현악과,OCH1014,오케스트라4,2007/1 ~ 2030/2,관현악과(학부/서울),ok
H0002256,H0002740,관현악과,OCH1017,관악합주1,2013/1 ~ 2015/2,관현악과(학부/서울),ok
H0002256,H0002740,관현악과,OCH1018,현악합주1,2013/1 ~ 2015/2,관현악과(학부/서울),ok
H0002256,H0002740,관현악과,OCH1019,관악합주2,2013/1 ~ 2015/2,관현악과(학부/서울),ok
H0002256,H0002740,관현악과,OCH1020,현악합주2,2013/1 ~ 2015/2,관현악과(학부/서울),ok
H0002256,H0002740,관현악과,OCH1021,기초뮤지션쉽1,2016/1 ~ 2027/2,관현악과(학부/서울),ok
H0002256,H0002740,관현악과,OCH2003,관악.현악합주1,1989/1 ~ 2027/2,관현악과(학부/서울),ok
H0002256,H0002740,관현악과,OCH2004,관악.현악합주2,1989/1 ~ 2027/2,관현악과(학부/서울),ok
H0002256,H0002740,관현악과,OCH2005,특수악기1,2007/1 ~ 2028/2,관현악과(학부/서울),ok
H0002256,H0002740,관현악과,OCH2006,특수악기2,2007/1 ~ 2028/2,관현악과(학부/서울),ok
H0002256,H0002740,관현악과,OCH2011,관현악3,1994/1 ~ 2028/2,관현악과(학부/서울),ok
H0002256,H0002740,관현악과,OCH2012,관현악4,1994/1 ~ 2028/2,관현악과(학부/서울),ok
H0002256,H0002740,관현악과,OCH2013,실내악3,1994/1 ~ 2028/2,관현악과(학부/서울),ok
H0002256,H0002740,관현악과,OCH2014,실내악4,1994/1 ~ 2028/2,관현악과(학부/서울),ok
H0002256,H0002740,관현악과,OCH2015,관현악전공실기3,1999/1 ~ 2028/2,관현악과(학부/서울),ok
H0002256,H0002740,관현악과,OCH2016,관현악전공실기4,1999/1 ~ 2028/2,관현악과(학부/서울),ok
H0002256,H0002740,관현악과,OCH2023,관악합주3,2014/1 ~ 2016/2,관현악과(학부/서울),ok
H0002256,H0002740,관현악과,OCH2024,현악합주3,2014/1 ~ 2016/2,관현악과(학부/서울),ok
H0002256,H0002740,관현악과,OCH2025,관악합주4,2014/1 ~ 2016/2,관현악과(학부/서울),ok
H0002256,H0002740,관현악과,OCH2026,현악합주4,2014/1 ~ 2016/2,관현악과(학부/서울),ok
H0002256,H0002740,관현악과,OCH3003,관악.현악합주3,1990/1 ~ 2028/2,관현악과(학부/서울),ok
H0002256,H0002740,관현악과,OCH3004,관악.현악합주4,1990/1 ~ 2028/2,관현악과(학부/서울),ok
H0002256,H0002740,관현악과,OCH3015,특수악기3,2008/1 ~ 2029/2,관현악과(학부/서울),ok
H0002256,H0002740,관현악과,OCH3016,특수악기4,2008/1 ~ 2029/2,관현악과(학부/서울),ok
H0002256,H0002740,관현악과,OCH3027,관현악전공실기5,1999/1 ~ 2029/2,관현악과(학부/서울),ok
H0002256,H0002740,관현악과,OCH3028,관현악전공실기6,1999/1 ~ 2029/2,관현악과(학부/서울),ok
H0002256,H0002740,관현악과,OCH3032,기악앙상블1,2007/1 ~ 2029/2,관현악과(학부/서울),ok
H0002256,H0002740,관현악과,OCH3033,기악앙상블2,2007/1 ~ 2029/2,관현악과(학부/서울),ok
H0002256,H0002740,관현악과,OCH3043,관악합주5,2015/1 ~ 2017/2,관현악과(학부/서울),ok
H0002256,H0002740,관현악과,OCH3044,바로크음악연주1,2015/1 ~ 2021/2,관현악과(학부/서울),ok
H0002256,H0002740,관현악과,OCH3045,현악합주5,2015/1 ~ 2017/2,관현악과(학부/서울),ok
H0002256,H0002740,관현악과,OCH3046,관악합주6,2015/1 ~ 2017/2,관현악과(학부/서울),ok
H0002256,H0002740,관현악과,OCH3047,바로크음악연주2,2015/1 ~ 2021/2,관현악과(학부/서울),ok
H0002256,H0002740,관현악과,OCH3048,현악합주6,2015/1 ~ 2017/2,관현악과(학부/서울),ok
H0002256,H0002740,관현악과,OCH3049,공연비즈니스와클래식콘서트제작1,2022/1 ~ 2029/2,관현악과(학부/서울),ok
H0002256,H0002740,관현악과,OCH3050,공연비즈니스와클래식콘서트제작2,2022/1 ~ 2029/2,관현악과(학부/서울),ok
H0002256,H0002740,관현악과,OCH4003,관악.현악합주5,1991/1 ~ 2029/2,관현악과(학부/서울),ok
H0002256,H0002740,관현악과,OCH4004,관악.현악합주6,1991/1 ~ 2029/2,관현악과(학부/서울),ok
H0002256,H0002740,관현악과,OCH4011,지휘법1,1991/1 ~ 2030/2,관현악과(학부/서울),ok
H0002256,H0002740,관현악과,OCH4012,지휘법2,1991/1 ~ 2030/2,관현악과(학부/서울),ok
H0002256,H0002740,관현악과,OCH4013,관악.현악합주7,1992/1 ~ 2030/2,관현악과(학부/서울),ok
H0002256,H0002740,관현악과,OCH4014,관악.현악합주8,1992/1 ~ 2030/2,관현악과(학부/서울),ok
H0002256,H0002740,관현악과,OCH4015,관현악문헌1,2015/1 ~ 2029/2,관현악과(학부/서울),ok
H0002256,H0002740,관현악과,OCH4016,관현악문헌2,2015/1 ~ 2021/2,관현악과(학부/서울),ok
H0002256,H0002740,관현악과,OCH4023,관현악전공실기7,1999/1 ~ 2030/2,관현악과(학부/서울),ok
H0002256,H0002740,관현악과,OCH4024,관현악전공실기8,1999/1 ~ 2030/2,관현악과(학부/서울),ok
H0002256,H0002740,관현악과,OCH4027,기악앙상블3,2008/1 ~ 2022/2,관현악과(학부/서울),ok
H0002256,H0002740,관현악과,OCH4028,기악앙상블4,2008/1 ~ 2022/2,관현악과(학부/서울),ok
H0002256,H0002740,관현악과,OCH4039,관악합주7,2016/1 ~ 2018/2,관현악과(학부/서울),ok
H0002256,H0002740,관현악과,OCH4040,마스터클래스1,2016/1 ~ 2030/2,관현악과(학부/서울),ok
H0002256,H0002740,관현악과,OCH4041,현악합주7,2016/1 ~ 2018/2,관현악과(학부/서울),ok
H0002256,H0002740,관현악과,OCH4042,관악합주8,2016/1 ~ 2018/2,관현악과(학부/서울),ok
H0002256,H0002740,관현악과,OCH4043,마스터클래스2,2016/1 ~ 2030/2,관현악과(학부/서울),ok
H0002256,H0002740,관현악과,OCH4044,현악합주8,2016/1 ~ 2018/2,관현악과(학부/서울),ok
H0002256,H0002740,관현악과,SYH0001,사랑의실천1(한양나눔),2007/1 ~ 2027/2,관현악과(학부/서울),ok
H0002256,H0002740,관현악과,SYH0002,사랑의실천2(스마트커뮤니케이션),2008/1 ~ 2028/2,관현악과(학부/서울),not_found
H0002256,H0002740,관현악과,SYH0003,사랑의실천3(기업가정신),2011/1 ~ 2029/2,관현악과(학부/서울),not_found
H0002256,H0002740,관현악과,SYH0004,사랑의실천4(미래실용인재),2012/1 ~ 2030/2,관현악과(학부/서울),ok
H0002256,H0002740,관현악과,TEA3036,음악논리및논술,2015/1 ~ 2029/2,관현악과(학부/서울),ok
H0002256,H0002740,관현악과,TEA5016,음악교과교육론,2011/1 ~ 2029/2,관현악과(학부/서울),ok
H0002256,H0002740,관현악과,TEA6016,음악교과교재연구및지도,2012/1 ~ 2030/2,관현악과(학부/서울),ok
H0002256,H0002740,관현악과,VOC2055,가창1,1990/1 ~ 1993/2,관현악과(학부/서울),ok
H0002256,H0002740,관현악과,VOC2056,가창2,1990/1 ~ 1993/2,관현악과(학부/서울),ok
H0002256,H0002740,관현악과,VOC4052,예술경영및마케팅1,2016/1 ~ 2018/2,관현악과(학부/서울),ok
H0002256,H0002740,관현악과,VOC4055,예술경영및마케팅2,2016/1 ~ 2018/2,관현악과(학부/서울),ok
H0002256,H0002723,교육공학과,CED1004,세계시민교육론,2016/1 ~ 2024/2,교육공학과(학부/서울),ok
H0002256,H0002723,교육공학과,CED2012,교육학교과교육론,2010/1 ~ 2018/2,교육공학과(학부/서울),ok
H0002256,H0002723,교육공학과,CUL0005,말과글,1997/1 ~ 2027/2,교육공학과(학부/서울),ok
H0002256,H0002723,교육공학과,CUL0011,창의적컴퓨팅,1998/1 ~ 2027/2,교육공학과(학부/서울),ok
H0002256,H0002723,교육공학과,CUL0202,문화기술인간,2025/1 ~ 2027/2,교육공학과(학부/서울),ok
H0002256,H0002723,교육공학과,CUL0203,AI시대쓰기의힘,2025/1 ~ 2027/2,교육공학과(학부/서울),ok
H0002256,H0002723,교육공학과,CUL0205,Technology and AI: Utopia or Dystopia?,2026/1 ~ 2028/2,교육공학과(학부/서울),ok
H0002256,H0002723,교육공학과,CUL0208,스토리텔링의설계와전략,2026/1 ~ 2028/2,교육공학과(학부/서울),ok
H0002256,H0002723,교육공학과,CUL1122,창의적프로그래밍,2023/1 ~ 2028/2,교육공학과(학부/서울),ok
H0002256,H0002723,교육공학과,CUL1138,인공지능과기계학습,2023/1 ~ 2028/2,교육공학과(학부/서울),ok
H0002256,H0002723,교육공학과,CUL2018,교육의이해,1997/1 ~ 2008/2,교육공학과(학부/서울),ok
H0002256,H0002723,교육공학과,CUL2045,기업과경영의이해,1997/1 ~ 2015/2,교육공학과(학부/서울),ok
H0002256,H0002723,교육공학과,CUL2046,기업정보의이해,1997/1 ~ 2004/2,교육공학과(학부/서울),ok
H0002256,H0002723,교육공학과,DET1002,뉴미디어문화론,2013/1 ~ 2015/2,교육공학과(학부/서울),ok
H0002256,H0002723,교육공학과,DET1003,HRD개론,2016/1 ~ 2027/2,교육공학과(학부/서울),ok
H0002256,H0002723,교육공학과,DET1004,교육공학이론과실제,2016/1 ~ 2027/2,교육공학과(학부/서울),ok
H0002256,H0002723,교육공학과,DET1005,첨단미디어학습환경설계,2020/1 ~ 2026/1,교육공학과(학부/서울),ok
H0002256,H0002723,교육공학과,DET1006,학습과학의이론적기초,2026/2 ~ 2028/2,교육공학과(학부/서울),not_found
H0002256,H0002723,교육공학과,DET2004,학습심리,1991/1 ~ 1994/2,교육공학과(학부/서울),ok
H0002256,H0002723,교육공학과,DET2013,교수설계모형,1998/1 ~ 2016/2,교육공학과(학부/서울),ok
H0002256,H0002723,교육공학과,DET2014,교수설계,1998/1 ~ 2027/2,교육공학과(학부/서울),ok
H0002256,H0002723,교육공학과,DET2021,교육공학전공영어,2002/1 ~ 2016/2,교육공학과(학부/서울),ok
H0002256,H0002723,교육공학과,DET2024,HRD와변화의예술,2011/1 ~ 2029/2,교육공학과(학부/서울),ok
H0002256,H0002723,교육공학과,DET2025,글로벌HRD동향,2011/1 ~ 2029/2,교육공학과(학부/서울),ok
H0002256,H0002723,교육공학과,DET2026,최신교수설계모형,2012/1 ~ 2018/2,교육공학과(학부/서울),ok
H0002256,H0002723,교육공학과,DET2028,뉴미디어학습컨텐츠개발,2014/1 ~ 2026/2,교육공학과(학부/서울),ok
H0002256,H0002723,교육공학과,DET2029,커뮤니케이션혁신교육론,2014/1 ~ 2029/2,교육공학과(학부/서울),ok
H0002256,H0002723,교육공학과,DET2030,휴먼컴퓨터인터랙션HCI디자인,2014/1 ~ 2016/2,교육공학과(학부/서울),ok
H0002256,H0002723,교육공학과,DET2031,디지털트렌스포메이션시대스마트러닝설계및개발,2021/2 ~ 2024/2,교육공학과(학부/서울),ok
H0002256,H0002723,교육공학과,DET2037,학습전이평가모형개발,2017/1 ~ 2020/2,교육공학과(학부/서울),ok
H0002256,H0002723,교육공학과,DET2038,4차산업혁명시대의인재경영론,2021/1 ~ 2026/1,교육공학과(학부/서울),ok
H0002256,H0002723,교육공학과,DET2039,HRD트렌드,2025/1 ~ 2028/2,교육공학과(학부/서울),ok
H0002256,H0002723,교육공학과,DET2040,조직개발과조직문화,2026/1 ~ 2029/2,교육공학과(학부/서울),not_found
H0002256,H0002723,교육공학과,DET2041,마이크로러닝과AIDT(DigitalTextbook)활용전략,2025/1 ~ 2026/1,교육공학과(학부/서울),ok
H0002256,H0002723,교육공학과,DET3014,AI와데이터리터러시,1999/1 ~ 2028/2,교육공학과(학부/서울),ok
H0002256,H0002723,교육공학과,DET3016,교육공학연구방법론,1999/1 ~ 2018/2,교육공학과(학부/서울),ok
H0002256,H0002723,교육공학과,DET3027,이러닝설계및개발,2011/1 ~ 2029/2,교육공학과(학부/서울),ok
H0002256,H0002723,교육공학과,DET3028,이러닝개발,2011/1 ~ 2025/2,교육공학과(학부/서울),ok
H0002256,H0002723,교육공학과,DET3030,21세기글로벌시대의교육동향,2015/1 ~ 2017/2,교육공학과(학부/서울),ok
H0002256,H0002723,교육공학과,DET3031,디지털영상미디어제작실습,2015/1 ~ 2017/2,교육공학과(학부/서울),not_found
H0002256,H0002723,교육공학과,DET3032,교육공학글로벌인턴십,2015/1 ~ 2017/2,교육공학과(학부/서울),not_found
H0002256,H0002723,교육공학과,DET3033,스마트교육환경론,2015/1 ~ 2017/2,교육공학과(학부/서울),ok
H0002256,H0002723,교육공학과,DET3034,교육공학인턴십,2015/1 ~ 2017/2,교육공학과(학부/서울),not_found
H0002256,H0002723,교육공학과,DET3035,몰입형수업설계및활용,2018/1 ~ 2029/2,교육공학과(학부/서울),ok
H0002256,H0002723,교육공학과,DET3036,국제교육개발협력과SDGs세미나,2018/1 ~ 2022/2,교육공학과(학부/서울),ok
H0002256,H0002723,교육공학과,DET3037,HRD와컨설팅,2018/1 ~ 2028/2,교육공학과(학부/서울),ok
H0002256,H0002723,교육공학과,DET3038,People Analytics,2022/1 ~ 2029/2,교육공학과(학부/서울),ok
H0002256,H0002723,교육공학과,DET3039,GBL설계와적용,2022/1 ~ 2025/2,교육공학과(학부/서울),ok
H0002256,H0002723,교육공학과,DET3040,HRD와경력개발,2026/1 ~ 2029/2,교육공학과(학부/서울),ok
H0002256,H0002723,교육공학과,DET3041,AI활용교육도구설계,2026/1 ~ 2029/2,교육공학과(학부/서울),not_found
H0002256,H0002723,교육공학과,DET3042,미래교육전문가캡스톤디자인,2025/1 ~ 2026/2,교육공학과(학부/서울),ok
H0002256,H0002723,교육공학과,DET3043,하이브리드러닝플랫폼설계,2026/1 ~ 2029/2,교육공학과(학부/서울),not_found
H0002256,H0002723,교육공학과,DET3044,학습분석의이해와적용,2026/2 ~ 2029/2,교육공학과(학부/서울),not_found
H0002256,H0002723,교육공학과,DET4012,디지털변혁시대의HRD방법론,2000/1 ~ 2029/2,교육공학과(학부/서울),ok
H0002256,H0002723,교육공학과,DET4021,교육공학적용연구,2008/1 ~ 2018/2,교육공학과(학부/서울),ok
H0002256,H0002723,교육공학과,DET4022,교수체제개발,2008/1 ~ 2028/2,교육공학과(학부/서울),ok
H0002256,H0002723,교육공학과,DET4024,인공지능시대창의성개발,2012/1 ~ 2030/2,교육공학과(학부/서울),ok
H0002256,H0002723,교육공학과,DET4025,HRD와리더십개발,2012/1 ~ 2030/2,교육공학과(학부/서울),ok
H0002256,H0002723,교육공학과,DET4027,교수학습정보디자인,2016/1 ~ 2018/2,교육공학과(학부/서울),ok
H0002256,H0002723,교육공학과,DET4028,다문화통합교육과UDL활용,2016/1 ~ 2018/2,교육공학과(학부/서울),ok
H0002256,H0002723,교육공학과,DET4029,교육공학사례연구,2019/1 ~ 2030/2,교육공학과(학부/서울),ok
H0002256,H0002723,교육공학과,DET4030,교육공학연구방법과통계,2023/1 ~ 2030/2,교육공학과(학부/서울),not_found
H0002256,H0002723,교육공학과,EDU1001,교육학개론,1989/1 ~ 2027/2,교육공학과(학부/서울),ok
H0002256,H0002723,교육공학과,EDU1002,교육심리학,1989/1 ~ 2027/2,교육공학과(학부/서울),ok
H0002256,H0002723,교육공학과,EDU1004,교육공학개론,1997/1 ~ 2000/2,교육공학과(학부/서울),ok
H0002256,H0002723,교육공학과,EDU1010,다문화사회와교육,2009/1 ~ 2015/2,교육공학과(학부/서울),ok
H0002256,H0002723,교육공학과,EDU1011,AI시대의미래교육,2025/1 ~ 2027/2,교육공학과(학부/서울),ok
H0002256,H0002723,교육공학과,EDU2001,교육과정,1990/1 ~ 2002/2,교육공학과(학부/서울),ok
H0002256,H0002723,교육공학과,EDU2003,교육사회학,1991/1 ~ 2027/2,교육공학과(학부/서울),ok
H0002256,H0002723,교육공학과,EDU2004,교육철학,1990/1 ~ 1996/2,교육공학과(학부/서울),ok
H0002256,H0002723,교육공학과,EDU2006,교육공학,1989/1 ~ 2015/2,교육공학과(학부/서울),ok
H0002256,H0002723,교육공학과,EDU2007,발달심리학,1991/1 ~ 1994/2,교육공학과(학부/서울),ok
H0002256,H0002723,교육공학과,EDU2014,교육철학및교육사,2010/1 ~ 2027/2,교육공학과(학부/서울),ok
H0002256,H0002723,교육공학과,EDU2015,교육통계,1990/1 ~ 2001/2,교육공학과(학부/서울),ok
H0002256,H0002723,교육공학과,EDU2018,상담이론,1994/1 ~ 2001/2,교육공학과(학부/서울),ok
H0002256,H0002723,교육공학과,EDU2019,교육현장연구,1998/1 ~ 2001/2,교육공학과(학부/서울),ok
H0002256,H0002723,교육공학과,EDU2025,교육논술,2010/1 ~ 2017/2,교육공학과(학부/서울),ok
H0002256,H0002723,교육공학과,EDU2058,교육의사회적기초,2001/1 ~ 2001/2,교육공학과(학부/서울),ok
H0002256,H0002723,교육공학과,EDU2061,생활지도및상담,2010/1 ~ 2028/2,교육공학과(학부/서울),ok
H0002256,H0002723,교육공학과,EDU2064,교육연구방법론,2010/1 ~ 2014/2,교육공학과(학부/서울),ok
H0002256,H0002723,교육공학과,EDU2066,다문화교육의이론과실제,2010/1 ~ 2014/2,교육공학과(학부/서울),ok
H0002256,H0002723,교육공학과,EDU3001,교육사,1991/1 ~ 1998/2,교육공학과(학부/서울),ok
H0002256,H0002723,교육공학과,EDU3004,교육행정및정책,1990/1 ~ 2001/2,교육공학과(학부/서울),ok
H0002256,H0002723,교육공학과,EDU3007,교수학습이론,1990/1 ~ 2027/2,교육공학과(학부/서울),ok
H0002256,H0002723,교육공학과,EDU3016,교육과정및평가,1998/1 ~ 2014/2,교육공학과(학부/서울),ok
H0002256,H0002723,교육공학과,EDU3020,교육행정및경영,2010/1 ~ 2028/2,교육공학과(학부/서울),ok
H0002256,H0002723,교육공학과,EDU3032,교육학교과교재및이론,2011/1 ~ 2021/2,교육공학과(학부/서울),ok
H0002256,H0002723,교육공학과,EDU3034,교직실무,2011/1 ~ 2029/2,교육공학과(학부/서울),ok
H0002256,H0002723,교육공학과,EDU3036,디지털교육,2026/1 ~ 2029/2,교육공학과(학부/서울),not_found
H0002256,H0002723,교육공학과,EDU3041,교육봉사활동1,2011/1 ~ 2029/2,교육공학과(학부/서울),ok
H0002256,H0002723,교육공학과,EDU3042,교육봉사활동2,2011/1 ~ 2029/2,교육공학과(학부/서울),ok
H0002256,H0002723,교육공학과,EDU3071,특수교육학개론,2011/1 ~ 2029/2,교육공학과(학부/서울),ok
H0002256,H0002723,교육공학과,EDU3078,교육과정론,2015/1 ~ 2028/2,교육공학과(학부/서울),ok
H0002256,H0002723,교육공학과,EDU3079,교육평가론,2015/1 ~ 2028/2,교육공학과(학부/서울),ok
H0002256,H0002723,교육공학과,EDU3080,학교폭력예방및학생의이해,2015/1 ~ 2029/2,교육공학과(학부/서울),ok
H0002256,H0002723,교육공학과,EDU4003,교육실습,1992/1 ~ 2030/2,교육공학과(학부/서울),ok
H0002256,H0002723,교육공학과,EDU4007,평생교육론,1992/1 ~ 2003/2,교육공학과(학부/서울),ok
H0002256,H0002723,교육공학과,EDU4019,교육방법및공학,1998/1 ~ 2028/2,교육공학과(학부/서울),ok
H0002256,H0002723,교육공학과,EDU4021,평생교육방법론,1992/1 ~ 2003/2,교육공학과(학부/서울),ok
H0002256,H0002723,교육공학과,EDU4032,교육공학세미나,2004/1 ~ 2030/2,교육공학과(학부/서울),ok
H0002256,H0002723,교육공학과,EDU4036,교육명품개발의이론과실제,2004/1 ~ 2030/2,교육공학과(학부/서울),ok
H0002256,H0002723,교육공학과,EDU4037,데이터기반인적자원개발,2004/1 ~ 2026/1,교육공학과(학부/서울),ok
H0002256,H0002723,교육공학과,GEN0039,심리학개론,1989/1 ~ 1992/2,교육공학과(학부/서울),ok
H0002256,H0002723,교육공학과,GEN1002,전공영어,1990/1 ~ 2001/2,교육공학과(학부/서울),ok
H0002256,H0002723,교육공학과,GEN1031,공학도를위한창의적컴퓨팅,2001/1 ~ 2004/2,교육공학과(학부/서울),ok
H0002256,H0002723,교육공학과,GEN1082,고급영어회화,1997/1 ~ 2004/2,교육공학과(학부/서울),ok
H0002256,H0002723,교육공학과,GEN4079,사회봉사,1997/1 ~ 2004/2,교육공학과(학부/서울),not_found
H0002256,H0002723,교육공학과,GEN4091,과학기술의철학적이해,2005/1 ~ 2027/2,교육공학과(학부/서울),ok
H0002256,H0002723,교육공학과,GEN5029,커리어개발Ⅰ:취.창업진로로드맵,2005/1 ~ 2027/2,교육공학과(학부/서울),ok
H0002256,H0002723,교육공학과,GEN5100,커리어개발Ⅱ:취.창업진로포트폴리오,2015/1 ~ 2029/2,교육공학과(학부/서울),ok
H0002256,H0002723,교육공학과,GEN6032,전문학술영어,2010/1 ~ 2028/2,교육공학과(학부/서울),ok
H0002256,H0002723,교육공학과,GEN6044,한양사회봉사,2009/1 ~ 2014/2,교육공학과(학부/서울),ok
H0002256,H0002723,교육공학과,HOM2013,인간자원개발론,1995/1 ~ 2020/2,교육공학과(학부/서울),ok
H0002256,H0002723,교육공학과,KLE1005,현대교육과한문,2009/1 ~ 2015/2,교육공학과(학부/서울),ok
H0002256,H0002723,교육공학과,SYH0001,사랑의실천1(한양나눔),2007/1 ~ 2027/2,교육공학과(학부/서울),ok
H0002256,H0002723,교육공학과,SYH0002,사랑의실천2(스마트커뮤니케이션),2008/1 ~ 2028/2,교육공학과(학부/서울),not_found
H0002256,H0002723,교육공학과,SYH0003,사랑의실천3(기업가정신),2011/1 ~ 2029/2,교육공학과(학부/서울),not_found
H0002256,H0002723,교육공학과,SYH0004,사랑의실천4(미래실용인재),2012/1 ~ 2030/2,교육공학과(학부/서울),ok
H0002256,H0002718,교육학과,CED1004,세계시민교육론,2016/1 ~ 2024/2,교육학과(학부/서울),ok
H0002256,H0002718,교육학과,CED2012,교육학교과교육론,2010/1 ~ 2028/2,교육학과(학부/서울),ok
H0002256,H0002718,교육학과,CUL0005,말과글,1997/1 ~ 2027/2,교육학과(학부/서울),ok
H0002256,H0002718,교육학과,CUL0011,창의적컴퓨팅,2017/1 ~ 2027/2,교육학과(학부/서울),ok
H0002256,H0002718,교육학과,CUL0202,문화기술인간,2025/1 ~ 2027/2,교육학과(학부/서울),ok
H0002256,H0002718,교육학과,CUL0203,AI시대쓰기의힘,2025/1 ~ 2027/2,교육학과(학부/서울),ok
H0002256,H0002718,교육학과,CUL0206,Personal Branding in Digital Markets,2026/1 ~ 2028/2,교육학과(학부/서울),ok
H0002256,H0002718,교육학과,CUL0208,스토리텔링의설계와전략,2026/1 ~ 2028/2,교육학과(학부/서울),ok
H0002256,H0002718,교육학과,CUL1122,창의적프로그래밍,2023/1 ~ 2028/2,교육학과(학부/서울),ok
H0002256,H0002718,교육학과,CUL1138,인공지능과기계학습,2023/1 ~ 2028/2,교육학과(학부/서울),ok
H0002256,H0002718,교육학과,CUL2018,교육의이해,1997/1 ~ 2027/2,교육학과(학부/서울),ok
H0002256,H0002718,교육학과,DET2004,학습심리,1990/1 ~ 2021/2,교육학과(학부/서울),ok
H0002256,H0002718,교육학과,EDU1001,교육학개론,1989/1 ~ 2009/2,교육학과(학부/서울),ok
H0002256,H0002718,교육학과,EDU1002,교육심리학,1989/1 ~ 2019/2,교육학과(학부/서울),ok
H0002256,H0002718,교육학과,EDU1005,교육의심리적기초,2001/1 ~ 2027/2,교육학과(학부/서울),ok
H0002256,H0002718,교육학과,EDU1006,교육학고전강독,2005/1 ~ 2015/2,교육학과(학부/서울),ok
H0002256,H0002718,교육학과,EDU1010,다문화사회와교육,2009/1 ~ 2015/2,교육학과(학부/서울),ok
H0002256,H0002718,교육학과,EDU1011,AI시대의미래교육,2025/1 ~ 2027/2,교육학과(학부/서울),ok
H0002256,H0002718,교육학과,EDU2001,교육과정,1990/1 ~ 2028/2,교육학과(학부/서울),ok
H0002256,H0002718,교육학과,EDU2003,교육사회학,1989/1 ~ 2015/2,교육학과(학부/서울),ok
H0002256,H0002718,교육학과,EDU2004,교육철학,1990/1 ~ 2017/2,교육학과(학부/서울),ok
H0002256,H0002718,교육학과,EDU2006,교육공학,1991/1 ~ 2002/2,교육학과(학부/서울),ok
H0002256,H0002718,교육학과,EDU2007,발달심리학,1990/1 ~ 2028/2,교육학과(학부/서울),ok
H0002256,H0002718,교육학과,EDU2010,심리검사,1991/1 ~ 2029/2,교육학과(학부/서울),ok
H0002256,H0002718,교육학과,EDU2014,교육철학및교육사,2016/1 ~ 2019/2,교육학과(학부/서울),ok
H0002256,H0002718,교육학과,EDU2015,교육통계,1990/1 ~ 2028/2,교육학과(학부/서울),ok
H0002256,H0002718,교육학과,EDU2018,상담이론,1995/1 ~ 2028/2,교육학과(학부/서울),ok
H0002256,H0002718,교육학과,EDU2019,교육현장연구,1998/1 ~ 2030/2,교육학과(학부/서울),ok
H0002256,H0002718,교육학과,EDU2022,평생교육개론,2000/1 ~ 2016/2,교육학과(학부/서울),ok
H0002256,H0002718,교육학과,EDU2025,교육논술,2010/1 ~ 2028/2,교육학과(학부/서울),ok
H0002256,H0002718,교육학과,EDU2054,교사론,1992/1 ~ 2018/2,교육학과(학부/서울),ok
H0002256,H0002718,교육학과,EDU2058,교육의사회적기초,2001/1 ~ 2024/2,교육학과(학부/서울),ok
H0002256,H0002718,교육학과,EDU2059,인지심리,2007/1 ~ 2028/2,교육학과(학부/서울),ok
H0002256,H0002718,교육학과,EDU2061,생활지도및상담,2017/1 ~ 2020/2,교육학과(학부/서울),ok
H0002256,H0002718,교육학과,EDU2067,교육정책탐구,2014/1 ~ 2019/1,교육학과(학부/서울),ok
H0002256,H0002718,교육학과,EDU2068,인적자원개발개론,2014/1 ~ 2024/2,교육학과(학부/서울),ok
H0002256,H0002718,교육학과,EDU2069,진로교육과상담,2014/1 ~ 2016/2,교육학과(학부/서울),not_found
H0002256,H0002718,교육학과,EDU2070,고등사고력평가,2014/1 ~ 2024/2,교육학과(학부/서울),ok
H0002256,H0002718,교육학과,EDU2071,교육에서의신경과학과AI,2021/1 ~ 2029/2,교육학과(학부/서울),ok
H0002256,H0002718,교육학과,EDU3001,교육사,1989/1 ~ 2016/2,교육학과(학부/서울),ok
H0002256,H0002718,교육학과,EDU3004,교육행정및정책,1990/1 ~ 2029/2,교육학과(학부/서울),ok
H0002256,H0002718,교육학과,EDU3007,교수학습이론,2008/1 ~ 2028/2,교육학과(학부/서울),ok
H0002256,H0002718,교육학과,EDU3008,비교교육론,1992/1 ~ 2016/2,교육학과(학부/서울),ok
H0002256,H0002718,교육학과,EDU3016,교육과정및평가,1998/1 ~ 2000/2,교육학과(학부/서울),ok
H0002256,H0002718,교육학과,EDU3023,교육과사회변동,1995/1 ~ 2017/2,교육학과(학부/서울),ok
H0002256,H0002718,교육학과,EDU3026,서양윤리사상,2000/1 ~ 2017/2,교육학과(학부/서울),ok
H0002256,H0002718,교육학과,EDU3030,집단상담,2000/1 ~ 2018/2,교육학과(학부/서울),ok
H0002256,H0002718,교육학과,EDU3032,교육학교과교재및이론,2011/1 ~ 2029/2,교육학과(학부/서울),ok
H0002256,H0002718,교육학과,EDU3033,세계화와다문화교육,2011/1 ~ 2017/2,교육학과(학부/서울),ok
H0002256,H0002718,교육학과,EDU3034,교직실무,2011/1 ~ 2029/2,교육학과(학부/서울),ok
H0002256,H0002718,교육학과,EDU3035,이러닝과원격교육,2026/1 ~ 2029/2,교육학과(학부/서울),not_found
H0002256,H0002718,교육학과,EDU3036,디지털교육,2026/1 ~ 2029/2,교육학과(학부/서울),not_found
H0002256,H0002718,교육학과,EDU3041,교육봉사활동1,2011/1 ~ 2029/2,교육학과(학부/서울),ok
H0002256,H0002718,교육학과,EDU3042,교육봉사활동2,2011/1 ~ 2029/2,교육학과(학부/서울),ok
H0002256,H0002718,교육학과,EDU3067,사회심리학의이해,2008/1 ~ 2026/2,교육학과(학부/서울),ok
H0002256,H0002718,교육학과,EDU3068,교육법과교사,2008/1 ~ 2018/2,교육학과(학부/서울),ok
H0002256,H0002718,교육학과,EDU3071,특수교육학개론,2011/1 ~ 2029/2,교육학과(학부/서울),ok
H0002256,H0002718,교육학과,EDU3073,동기와정서,2015/1 ~ 2017/2,교육학과(학부/서울),ok
H0002256,H0002718,교육학과,EDU3074,교육과리더십,2015/1 ~ 2017/2,교육학과(학부/서울),ok
H0002256,H0002718,교육학과,EDU3075,학교와지역사회관계,2015/1 ~ 2017/2,교육학과(학부/서울),ok
H0002256,H0002718,교육학과,EDU3077,교육조직행동론,2015/1 ~ 2029/2,교육학과(학부/서울),ok
H0002256,H0002718,교육학과,EDU3080,학교폭력예방및학생의이해,2015/1 ~ 2029/2,교육학과(학부/서울),ok
H0002256,H0002718,교육학과,EDU3082,교사교육과수업장학,2018/1 ~ 2019/1,교육학과(학부/서울),not_found
H0002256,H0002718,교육학과,EDU3083,상담실습,2018/1 ~ 2021/2,교육학과(학부/서울),ok
H0002256,H0002718,교육학과,EDU3084,고급교육통계,2018/1 ~ 2021/2,교육학과(학부/서울),ok
H0002256,H0002718,교육학과,EDU3085,학습과학,2022/1 ~ 2025/2,교육학과(학부/서울),ok
H0002256,H0002718,교육학과,EDU3086,사회정책과교육,2022/1 ~ 2022/2,교육학과(학부/서울),ok
H0002256,H0002718,교육학과,EDU3087,교육행정데이터분석,2023/1 ~ 2030/2,교육학과(학부/서울),ok
H0002256,H0002718,교육학과,EDU4001,교육평가,1990/1 ~ 2028/2,교육학과(학부/서울),ok
H0002256,H0002718,교육학과,EDU4003,교육실습,1992/1 ~ 2030/2,교육학과(학부/서울),ok
H0002256,H0002718,교육학과,EDU4007,평생교육론,1992/1 ~ 2026/2,교육학과(학부/서울),ok
H0002256,H0002718,교육학과,EDU4013,성격심리,1991/1 ~ 2025/2,교육학과(학부/서울),ok
H0002256,H0002718,교육학과,EDU4019,교육방법및공학,1998/1 ~ 2020/2,교육학과(학부/서울),ok
H0002256,H0002718,교육학과,EDU4021,평생교육방법론,1992/1 ~ 2018/2,교육학과(학부/서울),ok
H0002256,H0002718,교육학과,EDU4031,직업과윤리,2000/1 ~ 2018/2,교육학과(학부/서울),ok
H0002256,H0002718,교육학과,EDU4032,교육공학세미나,2000/1 ~ 2003/2,교육학과(학부/서울),ok
H0002256,H0002718,교육학과,EDU4036,교육명품개발의이론과실제,2000/1 ~ 2003/2,교육학과(학부/서울),ok
H0002256,H0002718,교육학과,EDU4038,동기의이해,2027/1 ~ 2030/2,교육학과(학부/서울),not_found
H0002256,H0002718,교육학과,EDU4091,학생상담과생활지도,2016/1 ~ 2018/2,교육학과(학부/서울),ok
H0002256,H0002718,교육학과,EDU4092,성인교육,2016/1 ~ 2025/2,교육학과(학부/서울),ok
H0002256,H0002718,교육학과,EDU4093,교육컨설팅,2016/1 ~ 2018/2,교육학과(학부/서울),not_found
H0002256,H0002718,교육학과,EDU4094,뇌기반교육과상담,2016/1 ~ 2030/2,교육학과(학부/서울),ok
H0002256,H0002718,교육학과,EDU4096,이상심리,2019/1 ~ 2029/2,교육학과(학부/서울),ok
H0002256,H0002718,교육학과,EDU4098,교육측정및검사,2023/1 ~ 2030/2,교육학과(학부/서울),not_found
H0002256,H0002718,교육학과,EDU4099,교육프로그램개발및평가,2020/2 ~ 2030/2,교육학과(학부/서울),ok
H0002256,H0002718,교육학과,EDU4100,한국교육정책실제,2023/1 ~ 2029/2,교육학과(학부/서울),ok
H0002256,H0002718,교육학과,GEN0039,심리학개론,1989/1 ~ 2019/2,교육학과(학부/서울),ok
H0002256,H0002718,교육학과,GEN0041,현대사회와나의삶,1990/1 ~ 1993/2,교육학과(학부/서울),ok
H0002256,H0002718,교육학과,GEN1002,전공영어,2005/1 ~ 2015/2,교육학과(학부/서울),ok
H0002256,H0002718,교육학과,GEN4091,과학기술의철학적이해,2005/1 ~ 2027/2,교육학과(학부/서울),ok
H0002256,H0002718,교육학과,GEN5029,커리어개발Ⅰ:취.창업진로로드맵,2005/1 ~ 2027/2,교육학과(학부/서울),ok
H0002256,H0002718,교육학과,GEN5100,커리어개발Ⅱ:취.창업진로포트폴리오,2015/1 ~ 2029/2,교육학과(학부/서울),ok
H0002256,H0002718,교육학과,GEN6032,전문학술영어,2010/1 ~ 2028/2,교육학과(학부/서울),ok
H0002256,H0002718,교육학과,GEN6044,한양사회봉사,2009/1 ~ 2014/2,교육학과(학부/서울),ok
H0002256,H0002718,교육학과,HOM2013,인간자원개발론,1995/1 ~ 2014/2,교육학과(학부/서울),ok
H0002256,H0002718,교육학과,KLE1005,현대교육과한문,2005/1 ~ 2015/2,교육학과(학부/서울),ok
H0002256,H0002718,교육학과,SOC2001,사회심리학,2000/1 ~ 2007/2,교육학과(학부/서울),ok
H0002256,H0002718,교육학과,SYH0001,사랑의실천1(한양나눔),2007/1 ~ 2027/2,교육학과(학부/서울),ok
H0002256,H0002718,교육학과,SYH0002,사랑의실천2(스마트커뮤니케이션),2008/1 ~ 2028/2,교육학과(학부/서울),not_found
H0002256,H0002718,교육학과,SYH0003,사랑의실천3(기업가정신),2011/1 ~ 2029/2,교육학과(학부/서울),not_found
H0002256,H0002718,교육학과,SYH0004,사랑의실천4(미래실용인재),2012/1 ~ 2030/2,교육학과(학부/서울),ok
H0002256,H0002741,국악과,CMU1041,시창및청음1,1989/1 ~ 2027/2,국악과(학부/서울),ok
H0002256,H0002741,국악과,CMU1042,시창및청음2,1989/1 ~ 2027/2,국악과(학부/서울),ok
H0002256,H0002741,국악과,CMU2041,시창및청음3,1990/1 ~ 2016/2,국악과(학부/서울),ok
H0002256,H0002741,국악과,CMU2042,시창및청음4,1990/1 ~ 2016/2,국악과(학부/서울),ok
H0002256,H0002741,국악과,COP2011,서양음악이론1,2005/1 ~ 2027/2,국악과(학부/서울),ok
H0002256,H0002741,국악과,COP2012,서양음악이론2,2005/1 ~ 2027/2,국악과(학부/서울),ok
H0002256,H0002741,국악과,COP2049,피아노실습(건반화성)1,2014/1 ~ 2016/2,국악과(학부/서울),ok
H0002256,H0002741,국악과,COP2050,피아노실습(건반화성)2,2014/1 ~ 2016/2,국악과(학부/서울),ok
H0002256,H0002741,국악과,COP3053,전자음악1,1999/1 ~ 2007/2,국악과(학부/서울),ok
H0002256,H0002741,국악과,COP3054,전자음악2,1999/1 ~ 2005/2,국악과(학부/서울),ok
H0002256,H0002741,국악과,COP3055,전자음악3,2000/1 ~ 2003/2,국악과(학부/서울),ok
H0002256,H0002741,국악과,COP3056,전자음악4,2000/1 ~ 2003/2,국악과(학부/서울),ok
H0002256,H0002741,국악과,COP3061,연주와비평5,2007/1 ~ 2029/2,국악과(학부/서울),ok
H0002256,H0002741,국악과,COP3062,연주와비평6,2007/1 ~ 2029/2,국악과(학부/서울),ok
H0002256,H0002741,국악과,COP3078,음악회제작캡스톤디자인,2014/1 ~ 2017/2,국악과(학부/서울),ok
H0002256,H0002741,국악과,COP4043,중등음악교육실습1,2012/1 ~ 2018/2,국악과(학부/서울),ok
H0002256,H0002741,국악과,COP4044,중등음악교육실습2,2009/1 ~ 2018/2,국악과(학부/서울),ok
H0002256,H0002741,국악과,CUL0005,말과글,1997/1 ~ 2027/2,국악과(학부/서울),ok
H0002256,H0002741,국악과,CUL0011,창의적컴퓨팅,2017/1 ~ 2027/2,국악과(학부/서울),ok
H0002256,H0002741,국악과,CUL0201,상상과학성찰,2025/1 ~ 2027/2,국악과(학부/서울),ok
H0002256,H0002741,국악과,CUL0204,통합사고와읽기의기술,2025/1 ~ 2027/2,국악과(학부/서울),ok
H0002256,H0002741,국악과,CUL0206,Personal Branding in Digital Markets,2026/1 ~ 2028/2,국악과(학부/서울),ok
H0002256,H0002741,국악과,CUL0208,스토리텔링의설계와전략,2026/1 ~ 2028/2,국악과(학부/서울),ok
H0002256,H0002741,국악과,CUL1056,한국의역사와문화,1999/1 ~ 2006/2,국악과(학부/서울),ok
H0002256,H0002741,국악과,CUL1122,창의적프로그래밍,2023/1 ~ 2028/2,국악과(학부/서울),ok
H0002256,H0002741,국악과,CUL1138,인공지능과기계학습,2023/1 ~ 2028/2,국악과(학부/서울),ok
H0002256,H0002741,국악과,GEN3041,초급중국어1,2009/1 ~ 2012/2,국악과(학부/서울),ok
H0002256,H0002741,국악과,GEN3073,연주와비평1,1994/1 ~ 2015/2,국악과(학부/서울),ok
H0002256,H0002741,국악과,GEN3074,연주와비평2,1994/1 ~ 2015/2,국악과(학부/서울),ok
H0002256,H0002741,국악과,GEN3075,연주와비평3,1995/1 ~ 2028/2,국악과(학부/서울),ok
H0002256,H0002741,국악과,GEN3076,연주와비평4,1995/1 ~ 2028/2,국악과(학부/서울),ok
H0002256,H0002741,국악과,GEN4091,과학기술의철학적이해,2013/1 ~ 2027/2,국악과(학부/서울),ok
H0002256,H0002741,국악과,GEN5029,커리어개발Ⅰ:취.창업진로로드맵,2005/1 ~ 2027/2,국악과(학부/서울),ok
H0002256,H0002741,국악과,GEN5100,커리어개발Ⅱ:취.창업진로포트폴리오,2015/1 ~ 2029/2,국악과(학부/서울),ok
H0002256,H0002741,국악과,GEN6032,전문학술영어,2010/1 ~ 2028/2,국악과(학부/서울),ok
H0002256,H0002741,국악과,GEN6044,한양사회봉사,2009/1 ~ 2014/2,국악과(학부/서울),ok
H0002256,H0002741,국악과,KTM1001,국악개론1,2020/1 ~ 2027/2,국악과(학부/서울),ok
H0002256,H0002741,국악과,KTM1002,국악개론 2,2020/1 ~ 2027/2,국악과(학부/서울),ok
H0002256,H0002741,국악과,KTM1013,국악총론1,1989/1 ~ 2029/2,국악과(학부/서울),ok
H0002256,H0002741,국악과,KTM1014,국악총론2,1989/1 ~ 2029/2,국악과(학부/서울),ok
H0002256,H0002741,국악과,KTM1053,국악전공실기1,1999/1 ~ 2027/2,국악과(학부/서울),ok
H0002256,H0002741,국악과,KTM1054,국악전공실기2,1999/1 ~ 2027/2,국악과(학부/서울),ok
H0002256,H0002741,국악과,KTM1071,국악성악세미나1,2009/1 ~ 2015/2,국악과(학부/서울),ok
H0002256,H0002741,국악과,KTM1072,국악성악세미나2,2009/1 ~ 2015/2,국악과(학부/서울),ok
H0002256,H0002741,국악과,KTM1073,국악이론세미나1,2009/1 ~ 2015/2,국악과(학부/서울),ok
H0002256,H0002741,국악과,KTM1074,국악이론세미나2,2009/1 ~ 2015/2,국악과(학부/서울),ok
H0002256,H0002741,국악과,KTM1075,국악작곡세미나1,2009/1 ~ 2015/2,국악과(학부/서울),ok
H0002256,H0002741,국악과,KTM1076,국악작곡세미나2,2009/1 ~ 2015/2,국악과(학부/서울),ok
H0002256,H0002741,국악과,KTM1078,관악기합주1,2013/1 ~ 2015/2,국악과(학부/서울),ok
H0002256,H0002741,국악과,KTM1079,현악기합주1,2013/1 ~ 2015/2,국악과(학부/서울),ok
H0002256,H0002741,국악과,KTM1080,타악기실기1,2013/1 ~ 2019/2,국악과(학부/서울),ok
H0002256,H0002741,국악과,KTM1081,관악기합주2,2013/1 ~ 2015/2,국악과(학부/서울),ok
H0002256,H0002741,국악과,KTM1082,현악기합주2,2013/1 ~ 2015/2,국악과(학부/서울),ok
H0002256,H0002741,국악과,KTM1083,타악기실기2,2013/1 ~ 2019/2,국악과(학부/서울),ok
H0002256,H0002741,국악과,KTM1086,국악실습1,2016/1 ~ 2027/2,국악과(학부/서울),ok
H0002256,H0002741,국악과,KTM1087,정악합주1,2016/1 ~ 2027/2,국악과(학부/서울),ok
H0002256,H0002741,국악과,KTM1088,국악가창,2016/2 ~ 2019/2,국악과(학부/서울),ok
H0002256,H0002741,국악과,KTM1089,국악실습2,2016/1 ~ 2027/2,국악과(학부/서울),ok
H0002256,H0002741,국악과,KTM1090,정악합주2,2016/1 ~ 2027/2,국악과(학부/서울),ok
H0002256,H0002741,국악과,KTM1091,세계악기론,2020/1 ~ 2027/2,국악과(학부/서울),ok
H0002256,H0002741,국악과,KTM2003,국악관현악1,2009/1 ~ 2015/2,국악과(학부/서울),ok
H0002256,H0002741,국악과,KTM2004,국악관현악2,2009/1 ~ 2015/2,국악과(학부/서울),ok
H0002256,H0002741,국악과,KTM2005,국악실내악1,1990/1 ~ 2027/2,국악과(학부/서울),ok
H0002256,H0002741,국악과,KTM2006,국악실내악2,1990/1 ~ 2027/2,국악과(학부/서울),ok
H0002256,H0002741,국악과,KTM2007,국악가창1,1989/1 ~ 2015/2,국악과(학부/서울),ok
H0002256,H0002741,국악과,KTM2008,국악가창2,1989/1 ~ 2015/2,국악과(학부/서울),ok
H0002256,H0002741,국악과,KTM2009,국악문헌1,1990/1 ~ 2030/2,국악과(학부/서울),ok
H0002256,H0002741,국악과,KTM2010,국악문헌2,1990/1 ~ 2030/2,국악과(학부/서울),ok
H0002256,H0002741,국악과,KTM2013,국악특수악기1,1989/1 ~ 2028/2,국악과(학부/서울),ok
H0002256,H0002741,국악과,KTM2014,국악특수악기2,1989/1 ~ 2028/2,국악과(학부/서울),ok
H0002256,H0002741,국악과,KTM2033,국악전공실기3,1999/1 ~ 2028/2,국악과(학부/서울),ok
H0002256,H0002741,국악과,KTM2034,국악전공실기4,1999/1 ~ 2028/2,국악과(학부/서울),ok
H0002256,H0002741,국악과,KTM2040,전통무용실습1,2006/1 ~ 2015/2,국악과(학부/서울),ok
H0002256,H0002741,국악과,KTM2044,전통무용실습2,2006/1 ~ 2015/2,국악과(학부/서울),ok
H0002256,H0002741,국악과,KTM2071,국악성악세미나3,2010/1 ~ 2016/2,국악과(학부/서울),ok
H0002256,H0002741,국악과,KTM2072,국악성악세미나4,2010/1 ~ 2016/2,국악과(학부/서울),ok
H0002256,H0002741,국악과,KTM2073,국악이론세미나3,2010/1 ~ 2016/2,국악과(학부/서울),ok
H0002256,H0002741,국악과,KTM2074,국악이론세미나4,2010/1 ~ 2016/2,국악과(학부/서울),ok
H0002256,H0002741,국악과,KTM2075,국악작곡세미나3,2010/1 ~ 2016/2,국악과(학부/서울),ok
H0002256,H0002741,국악과,KTM2076,국악작곡세미나4,2010/1 ~ 2016/2,국악과(학부/서울),ok
H0002256,H0002741,국악과,KTM2077,관악기합주3,2014/1 ~ 2016/2,국악과(학부/서울),ok
H0002256,H0002741,국악과,KTM2078,현악기합주3,2014/1 ~ 2016/2,국악과(학부/서울),ok
H0002256,H0002741,국악과,KTM2079,정가와반주실기1,2014/1 ~ 2016/2,국악과(학부/서울),ok
H0002256,H0002741,국악과,KTM2080,화성및대위법1,2014/1 ~ 2016/2,국악과(학부/서울),ok
H0002256,H0002741,국악과,KTM2081,관악기합주4,2014/1 ~ 2016/2,국악과(학부/서울),ok
H0002256,H0002741,국악과,KTM2082,현악기합주4,2014/1 ~ 2016/2,국악과(학부/서울),ok
H0002256,H0002741,국악과,KTM2083,정가와반주실기2,2014/1 ~ 2016/2,국악과(학부/서울),ok
H0002256,H0002741,국악과,KTM2084,화성및대위법2,2014/1 ~ 2016/2,국악과(학부/서울),ok
H0002256,H0002741,국악과,KTM2085,국악실습3,2017/1 ~ 2028/2,국악과(학부/서울),ok
H0002256,H0002741,국악과,KTM2086,기악및성악합주1,2017/1 ~ 2020/2,국악과(학부/서울),ok
H0002256,H0002741,국악과,KTM2087,정가실습1,2017/1 ~ 2028/2,국악과(학부/서울),ok
H0002256,H0002741,국악과,KTM2088,정악합주3,2017/1 ~ 2028/2,국악과(학부/서울),ok
H0002256,H0002741,국악과,KTM2089,국악실습4,2017/1 ~ 2028/2,국악과(학부/서울),ok
H0002256,H0002741,국악과,KTM2090,기악및성악합주2,2017/1 ~ 2020/2,국악과(학부/서울),ok
H0002256,H0002741,국악과,KTM2091,정가실습2,2017/1 ~ 2028/2,국악과(학부/서울),ok
H0002256,H0002741,국악과,KTM2092,정악합주4,2017/1 ~ 2028/2,국악과(학부/서울),ok
H0002256,H0002741,국악과,KTM2093,국악관현실습2,2021/1 ~ 2028/2,국악과(학부/서울),ok
H0002256,H0002741,국악과,KTM2094,공연예술산업1,2021/1 ~ 2028/2,국악과(학부/서울),ok
H0002256,H0002741,국악과,KTM2095,공연예술산업2,2021/1 ~ 2028/2,국악과(학부/서울),ok
H0002256,H0002741,국악과,KTM2096,국악관현실습1,2021/1 ~ 2028/2,국악과(학부/서울),ok
H0002256,H0002741,국악과,KTM3003,국악관현악3,2010/1 ~ 2016/2,국악과(학부/서울),ok
H0002256,H0002741,국악과,KTM3004,국악관현악4,2010/1 ~ 2016/2,국악과(학부/서울),ok
H0002256,H0002741,국악과,KTM3005,국악실내악3,1991/1 ~ 2028/2,국악과(학부/서울),ok
H0002256,H0002741,국악과,KTM3006,국악실내악4,1991/1 ~ 2028/2,국악과(학부/서울),ok
H0002256,H0002741,국악과,KTM3009,국악사1,1991/1 ~ 2028/2,국악과(학부/서울),ok
H0002256,H0002741,국악과,KTM3010,국악사2,1991/1 ~ 2028/2,국악과(학부/서울),ok
H0002256,H0002741,국악과,KTM3013,국악특수악기3,1990/1 ~ 2029/2,국악과(학부/서울),ok
H0002256,H0002741,국악과,KTM3014,국악특수악기4,1990/1 ~ 2029/2,국악과(학부/서울),ok
H0002256,H0002741,국악과,KTM3017,국악기론1,1991/1 ~ 2021/2,국악과(학부/서울),ok
H0002256,H0002741,국악과,KTM3018,국악기론2,1991/1 ~ 2021/2,국악과(학부/서울),ok
H0002256,H0002741,국악과,KTM3032,국악특수악기5,1995/1 ~ 2030/2,국악과(학부/서울),ok
H0002256,H0002741,국악과,KTM3033,국악특수악기6,1995/1 ~ 2030/2,국악과(학부/서울),ok
H0002256,H0002741,국악과,KTM3043,국악전공실기5,1999/1 ~ 2029/2,국악과(학부/서울),ok
H0002256,H0002741,국악과,KTM3044,국악전공실기6,1999/1 ~ 2029/2,국악과(학부/서울),ok
H0002256,H0002741,국악과,KTM3059,일반서양음악사1,2007/1 ~ 2021/2,국악과(학부/서울),ok
H0002256,H0002741,국악과,KTM3063,일반서양음악사2,2007/1 ~ 2021/2,국악과(학부/서울),ok
H0002256,H0002741,국악과,KTM3071,국악성악세미나5,2011/1 ~ 2017/2,국악과(학부/서울),ok
H0002256,H0002741,국악과,KTM3072,국악성악세미나6,2011/1 ~ 2017/2,국악과(학부/서울),ok
H0002256,H0002741,국악과,KTM3073,국악이론세미나5,2011/1 ~ 2017/2,국악과(학부/서울),ok
H0002256,H0002741,국악과,KTM3074,국악이론세미나6,2011/1 ~ 2017/2,국악과(학부/서울),ok
H0002256,H0002741,국악과,KTM3075,국악작곡세미나5,2011/1 ~ 2017/2,국악과(학부/서울),ok
H0002256,H0002741,국악과,KTM3076,국악작곡세미나6,2011/1 ~ 2017/2,국악과(학부/서울),ok
H0002256,H0002741,국악과,KTM3077,관악기합주5,2015/1 ~ 2017/2,국악과(학부/서울),ok
H0002256,H0002741,국악과,KTM3078,현악기합주5,2015/1 ~ 2017/2,국악과(학부/서울),ok
H0002256,H0002741,국악과,KTM3079,판소리와반주실기1,2015/1 ~ 2017/2,국악과(학부/서울),ok
H0002256,H0002741,국악과,KTM3080,세계음악문화,2013/1 ~ 2019/1,국악과(학부/서울),not_found
H0002256,H0002741,국악과,KTM3081,관악기합주6,2015/1 ~ 2017/2,국악과(학부/서울),ok
H0002256,H0002741,국악과,KTM3082,현악기합주6,2015/1 ~ 2017/2,국악과(학부/서울),ok
H0002256,H0002741,국악과,KTM3083,판소리와반주실기2,2015/1 ~ 2017/2,국악과(학부/서울),ok
H0002256,H0002741,국악과,KTM3084,국악실습5,2018/1 ~ 2029/2,국악과(학부/서울),ok
H0002256,H0002741,국악과,KTM3085,기악및성악합주3,2018/1 ~ 2021/2,국악과(학부/서울),ok
H0002256,H0002741,국악과,KTM3086,정악합주5,2018/1 ~ 2029/2,국악과(학부/서울),ok
H0002256,H0002741,국악과,KTM3087,판소리실습1,2018/1 ~ 2027/2,국악과(학부/서울),ok
H0002256,H0002741,국악과,KTM3088,국악실습6,2018/1 ~ 2029/2,국악과(학부/서울),ok
H0002256,H0002741,국악과,KTM3089,기악및성악합주4,2018/1 ~ 2021/2,국악과(학부/서울),ok
H0002256,H0002741,국악과,KTM3090,정악합주6,2018/1 ~ 2029/2,국악과(학부/서울),ok
H0002256,H0002741,국악과,KTM3091,판소리실습2,2018/1 ~ 2027/2,국악과(학부/서울),ok
H0002256,H0002741,국악과,KTM3092,국악관현실습3,2022/1 ~ 2029/2,국악과(학부/서울),ok
H0002256,H0002741,국악과,KTM4001,창작실험실습1,2027/1 ~ 2030/2,국악과(학부/서울),not_found
H0002256,H0002741,국악과,KTM4002,창작실험실습2,2027/1 ~ 2030/2,국악과(학부/서울),not_found
H0002256,H0002741,국악과,KTM4003,국악관현악5,2011/1 ~ 2017/2,국악과(학부/서울),ok
H0002256,H0002741,국악과,KTM4004,국악관현악6,2011/1 ~ 2017/2,국악과(학부/서울),ok
H0002256,H0002741,국악과,KTM4005,국악실내악5,1992/1 ~ 2029/2,국악과(학부/서울),ok
H0002256,H0002741,국악과,KTM4006,국악실내악6,1992/1 ~ 2029/2,국악과(학부/서울),ok
H0002256,H0002741,국악과,KTM4009,국악분석1,1991/1 ~ 2017/2,국악과(학부/서울),ok
H0002256,H0002741,국악과,KTM4010,국악분석2,1991/1 ~ 2017/2,국악과(학부/서울),ok
H0002256,H0002741,국악과,KTM4031,국악실내악7,1996/1 ~ 2022/2,국악과(학부/서울),ok
H0002256,H0002741,국악과,KTM4032,국악실내악8,1996/1 ~ 2022/2,국악과(학부/서울),ok
H0002256,H0002741,국악과,KTM4057,국악전공실기7,1999/1 ~ 2030/2,국악과(학부/서울),ok
H0002256,H0002741,국악과,KTM4058,국악전공실기8,1999/1 ~ 2030/2,국악과(학부/서울),ok
H0002256,H0002741,국악과,KTM4071,국악성악세미나7,2012/1 ~ 2018/2,국악과(학부/서울),ok
H0002256,H0002741,국악과,KTM4072,국악성악세미나8,2012/1 ~ 2018/2,국악과(학부/서울),ok
H0002256,H0002741,국악과,KTM4073,국악이론세미나7,2012/1 ~ 2018/2,국악과(학부/서울),ok
H0002256,H0002741,국악과,KTM4074,국악이론세미나8,2012/1 ~ 2018/2,국악과(학부/서울),ok
H0002256,H0002741,국악과,KTM4075,국악작곡세미나7,2012/1 ~ 2018/2,국악과(학부/서울),ok
H0002256,H0002741,국악과,KTM4076,국악작곡세미나8,2012/1 ~ 2018/2,국악과(학부/서울),ok
H0002256,H0002741,국악과,KTM4077,관악기합주7,2016/1 ~ 2018/2,국악과(학부/서울),ok
H0002256,H0002741,국악과,KTM4078,현악기합주7,2016/1 ~ 2018/2,국악과(학부/서울),ok
H0002256,H0002741,국악과,KTM4079,민요와반주실기1,2016/1 ~ 2018/2,국악과(학부/서울),ok
H0002256,H0002741,국악과,KTM4080,관악기합주8,2016/1 ~ 2018/2,국악과(학부/서울),ok
H0002256,H0002741,국악과,KTM4081,현악기합주8,2016/1 ~ 2018/2,국악과(학부/서울),ok
H0002256,H0002741,국악과,KTM4082,민요와반주실기2,2016/1 ~ 2018/2,국악과(학부/서울),ok
H0002256,H0002741,국악과,KTM4083,국악실습7,2019/1 ~ 2030/2,국악과(학부/서울),ok
H0002256,H0002741,국악과,KTM4084,단소실습1,2019/1 ~ 2022/2,국악과(학부/서울),ok
H0002256,H0002741,국악과,KTM4085,민요실습1,2019/1 ~ 2030/2,국악과(학부/서울),ok
H0002256,H0002741,국악과,KTM4086,정악합주7,2019/1 ~ 2026/2,국악과(학부/서울),ok
H0002256,H0002741,국악과,KTM4087,국악실습8,2019/1 ~ 2030/2,국악과(학부/서울),ok
H0002256,H0002741,국악과,KTM4088,단소실습2,2019/1 ~ 2022/2,국악과(학부/서울),ok
H0002256,H0002741,국악과,KTM4089,민요실습2,2019/1 ~ 2030/2,국악과(학부/서울),ok
H0002256,H0002741,국악과,KTM4090,정악합주8,2019/1 ~ 2026/2,국악과(학부/서울),ok
H0002256,H0002741,국악과,KTM4091,국악관현실습4,2022/1 ~ 2029/2,국악과(학부/서울),ok
H0002256,H0002741,국악과,KTM4092,민속악창작연구,2023/1 ~ 2026/2,국악과(학부/서울),ok
H0002256,H0002741,국악과,KTM5003,국악관현악7,2012/1 ~ 2018/2,국악과(학부/서울),ok
H0002256,H0002741,국악과,KTM5004,국악관현악8,2012/1 ~ 2018/2,국악과(학부/서울),ok
H0002256,H0002741,국악과,PBL4015,국악과캡스톤PBL,2020/1 ~ 2030/2,국악과(학부/서울),ok
H0002256,H0002741,국악과,SYH0001,사랑의실천1(한양나눔),2007/1 ~ 2027/2,국악과(학부/서울),ok
H0002256,H0002741,국악과,SYH0002,사랑의실천2(스마트커뮤니케이션),2008/1 ~ 2028/2,국악과(학부/서울),not_found
H0002256,H0002741,국악과,SYH0003,사랑의실천3(기업가정신),2011/1 ~ 2029/2,국악과(학부/서울),not_found
H0002256,H0002741,국악과,SYH0004,사랑의실천4(미래실용인재),2012/1 ~ 2030/2,국악과(학부/서울),ok
H0002256,H0002741,국악과,TEA3036,음악논리및논술,2011/1 ~ 2029/2,국악과(학부/서울),ok
H0002256,H0002741,국악과,TEA5016,음악교과교육론,2011/1 ~ 2029/2,국악과(학부/서울),ok
H0002256,H0002741,국악과,TEA6016,음악교과교재연구및지도,2012/1 ~ 2030/2,국악과(학부/서울),ok
H0002256,H0002741,국악과,VOC4052,예술경영및마케팅1,2016/1 ~ 2018/2,국악과(학부/서울),ok
H0002256,H0002741,국악과,VOC4055,예술경영및마케팅2,2016/1 ~ 2018/2,국악과(학부/서울),ok
H0002256,H0002719,국어교육과,CED1004,세계시민교육론,2016/1 ~ 2024/2,국어교육과(학부/서울),ok
H0002256,H0002719,국어교육과,CUL0005,말과글,1997/1 ~ 2027/2,국어교육과(학부/서울),ok
H0002256,H0002719,국어교육과,CUL0011,창의적컴퓨팅,2017/1 ~ 2027/2,국어교육과(학부/서울),ok
H0002256,H0002719,국어교육과,CUL0202,문화기술인간,2025/1 ~ 2027/2,국어교육과(학부/서울),ok
H0002256,H0002719,국어교육과,CUL0204,통합사고와읽기의기술,2025/1 ~ 2027/2,국어교육과(학부/서울),ok
H0002256,H0002719,국어교육과,CUL0205,Technology and AI: Utopia or Dystopia?,2026/1 ~ 2028/2,국어교육과(학부/서울),ok
H0002256,H0002719,국어교육과,CUL0208,스토리텔링의설계와전략,2026/1 ~ 2028/2,국어교육과(학부/서울),ok
H0002256,H0002719,국어교육과,CUL1122,창의적프로그래밍,2023/1 ~ 2028/2,국어교육과(학부/서울),ok
H0002256,H0002719,국어교육과,CUL1138,인공지능과기계학습,2023/1 ~ 2028/2,국어교육과(학부/서울),ok
H0002256,H0002719,국어교육과,CUL2018,교육의이해,1997/1 ~ 2012/2,국어교육과(학부/서울),ok
H0002256,H0002719,국어교육과,EDU1001,교육학개론,1989/1 ~ 2027/2,국어교육과(학부/서울),ok
H0002256,H0002719,국어교육과,EDU1002,교육심리학,1989/1 ~ 2027/2,국어교육과(학부/서울),ok
H0002256,H0002719,국어교육과,EDU1010,다문화사회와교육,2009/1 ~ 2015/2,국어교육과(학부/서울),ok
H0002256,H0002719,국어교육과,EDU1011,AI시대의미래교육,2025/1 ~ 2027/2,국어교육과(학부/서울),ok
H0002256,H0002719,국어교육과,EDU2003,교육사회학,1990/1 ~ 2027/2,국어교육과(학부/서울),ok
H0002256,H0002719,국어교육과,EDU2004,교육철학,1991/1 ~ 1994/2,국어교육과(학부/서울),ok
H0002256,H0002719,국어교육과,EDU2006,교육공학,1991/1 ~ 1994/2,국어교육과(학부/서울),ok
H0002256,H0002719,국어교육과,EDU2014,교육철학및교육사,1994/1 ~ 2027/2,국어교육과(학부/서울),ok
H0002256,H0002719,국어교육과,EDU2054,교사론,1996/1 ~ 1999/2,국어교육과(학부/서울),ok
H0002256,H0002719,국어교육과,EDU2061,생활지도및상담,2010/1 ~ 2028/2,국어교육과(학부/서울),ok
H0002256,H0002719,국어교육과,EDU2062,교육사회및평생교육,2009/1 ~ 2014/2,국어교육과(학부/서울),ok
H0002256,H0002719,국어교육과,EDU2064,교육연구방법론,2010/1 ~ 2014/2,국어교육과(학부/서울),ok
H0002256,H0002719,국어교육과,EDU2066,다문화교육의이론과실제,2010/1 ~ 2014/2,국어교육과(학부/서울),ok
H0002256,H0002719,국어교육과,EDU3001,교육사,1990/1 ~ 1993/2,국어교육과(학부/서울),ok
H0002256,H0002719,국어교육과,EDU3004,교육행정및정책,1992/1 ~ 1995/2,국어교육과(학부/서울),ok
H0002256,H0002719,국어교육과,EDU3016,교육과정및평가,1990/1 ~ 2014/2,국어교육과(학부/서울),ok
H0002256,H0002719,국어교육과,EDU3020,교육행정및경영,1996/1 ~ 2028/2,국어교육과(학부/서울),ok
H0002256,H0002719,국어교육과,EDU3034,교직실무,2011/1 ~ 2029/2,국어교육과(학부/서울),ok
H0002256,H0002719,국어교육과,EDU3036,디지털교육,2026/1 ~ 2029/2,국어교육과(학부/서울),not_found
H0002256,H0002719,국어교육과,EDU3041,교육봉사활동1,2011/1 ~ 2029/2,국어교육과(학부/서울),ok
H0002256,H0002719,국어교육과,EDU3042,교육봉사활동2,2011/1 ~ 2029/2,국어교육과(학부/서울),ok
H0002256,H0002719,국어교육과,EDU3071,특수교육학개론,2011/1 ~ 2029/2,국어교육과(학부/서울),ok
H0002256,H0002719,국어교육과,EDU3078,교육과정론,2015/1 ~ 2028/2,국어교육과(학부/서울),ok
H0002256,H0002719,국어교육과,EDU3079,교육평가론,2015/1 ~ 2028/2,국어교육과(학부/서울),ok
H0002256,H0002719,국어교육과,EDU3080,학교폭력예방및학생의이해,2015/1 ~ 2029/2,국어교육과(학부/서울),ok
H0002256,H0002719,국어교육과,EDU4003,교육실습,1992/1 ~ 2030/2,국어교육과(학부/서울),ok
H0002256,H0002719,국어교육과,EDU4019,교육방법및공학,1995/1 ~ 2028/2,국어교육과(학부/서울),ok
H0002256,H0002719,국어교육과,GEN4091,과학기술의철학적이해,2005/1 ~ 2027/2,국어교육과(학부/서울),ok
H0002256,H0002719,국어교육과,GEN5029,커리어개발Ⅰ:취.창업진로로드맵,2005/1 ~ 2027/2,국어교육과(학부/서울),ok
H0002256,H0002719,국어교육과,GEN5100,커리어개발Ⅱ:취.창업진로포트폴리오,2015/1 ~ 2029/2,국어교육과(학부/서울),ok
H0002256,H0002719,국어교육과,GEN6032,전문학술영어,2010/1 ~ 2028/2,국어교육과(학부/서울),ok
H0002256,H0002719,국어교육과,GEN6044,한양사회봉사,2009/1 ~ 2014/2,국어교육과(학부/서울),ok
H0002256,H0002719,국어교육과,HUM1002,언어와시민교양(PBL),2005/1 ~ 2027/2,국어교육과(학부/서울),ok
H0002256,H0002719,국어교육과,HYR0002,국어교육HY-UROP(실용연구심화),2023/2 ~ 2030/2,국어교육과(학부/서울),ok
H0002256,H0002719,국어교육과,KLE1005,현대교육과한문,2005/1 ~ 2015/2,국어교육과(학부/서울),ok
H0002256,H0002719,국어교육과,KLE1011,문화와국어교육,2009/1 ~ 2015/2,국어교육과(학부/서울),ok
H0002256,H0002719,국어교육과,KLE2004,국어과교육론,1994/1 ~ 2027/2,국어교육과(학부/서울),ok
H0002256,H0002719,국어교육과,KLE2009,문학의이해,2001/1 ~ 2015/2,국어교육과(학부/서울),ok
H0002256,H0002719,국어교육과,KLE2019,독서교육론,2006/1 ~ 2028/2,국어교육과(학부/서울),ok
H0002256,H0002719,국어교육과,KLE2024,국어규범론,2010/1 ~ 2028/2,국어교육과(학부/서울),ok
H0002256,H0002719,국어교육과,KLE2025,국어교사를위한고전읽기,2014/1 ~ 2016/2,국어교육과(학부/서울),ok
H0002256,H0002719,국어교육과,KLE2026,외국인을위한문학교육,2014/1 ~ 2016/2,국어교육과(학부/서울),ok
H0002256,H0002719,국어교육과,KLE2027,국어형태통사론,2021/1 ~ 2028/2,국어교육과(학부/서울),ok
H0002256,H0002719,국어교육과,KLE2028,현대시작품론,2021/1 ~ 2028/2,국어교육과(학부/서울),ok
H0002256,H0002719,국어교육과,KLE2029,현대소설작품론,2021/1 ~ 2028/2,국어교육과(학부/서울),ok
H0002256,H0002719,국어교육과,KLE3002,국어교육론,2010/1 ~ 2020/2,국어교육과(학부/서울),ok
H0002256,H0002719,국어교육과,KLE3005,고전산문론,1999/1 ~ 2017/2,국어교육과(학부/서울),ok
H0002256,H0002719,국어교육과,KLE3011,작문교육론,2007/1 ~ 2029/2,국어교육과(학부/서울),ok
H0002256,H0002719,국어교육과,KLE3013,국어과교육과정및교재연구,2011/1 ~ 2029/2,국어교육과(학부/서울),ok
H0002256,H0002719,국어교육과,KLE3016,현대시교육론,2011/1 ~ 2030/2,국어교육과(학부/서울),ok
H0002256,H0002719,국어교육과,KLE3017,현대소설교육론,2011/1 ~ 2029/2,국어교육과(학부/서울),ok
H0002256,H0002719,국어교육과,KLE3019,세계화시대의한국어교육,2011/1 ~ 2017/2,국어교육과(학부/서울),ok
H0002256,H0002719,국어교육과,KLE3022,외국인을위한문법교육,2015/1 ~ 2017/2,국어교육과(학부/서울),ok
H0002256,H0002719,국어교육과,KLE3023,국어의미화용론,2022/1 ~ 2029/2,국어교육과(학부/서울),ok
H0002256,H0002719,국어교육과,KLE3024,글로벌한국어교육,2026/1 ~ 2029/2,국어교육과(학부/서울),not_found
H0002256,H0002719,국어교육과,KLE4008,문학교육론,2000/1 ~ 2017/2,국어교육과(학부/서울),ok
H0002256,H0002719,국어교육과,KLE4012,문학비평교육론,2004/1 ~ 2029/2,국어교육과(학부/서울),ok
H0002256,H0002719,국어교육과,KLE4013,화법교육론,2008/1 ~ 2029/2,국어교육과(학부/서울),ok
H0002256,H0002719,국어교육과,KLE4015,국어교육평가론,2008/1 ~ 2018/2,국어교육과(학부/서울),ok
H0002256,H0002719,국어교육과,KLE4019,현대소설강독,2012/1 ~ 2018/2,국어교육과(학부/서울),ok
H0002256,H0002719,국어교육과,KLE4020,현대시강독,2012/1 ~ 2018/2,국어교육과(학부/서울),ok
H0002256,H0002719,국어교육과,KLE4021,고전문학교육론,2012/1 ~ 2030/2,국어교육과(학부/서울),ok
H0002256,H0002719,국어교육과,KLE4022,국어과논리및논술,2012/1 ~ 2028/2,국어교육과(학부/서울),ok
H0002256,H0002719,국어교육과,KLE4023,문법교육론,2012/1 ~ 2030/2,국어교육과(학부/서울),ok
H0002256,H0002719,국어교육과,KLE4024,국어과교수학습및평가,2023/1 ~ 2026/2,국어교육과(학부/서울),ok
H0002256,H0002719,국어교육과,KLE4025,국어교과교실수업연구,2023/2 ~ 2025/2,국어교육과(학부/서울),ok
H0002256,H0002719,국어교육과,KLE4026,국어과현장수업연구,2024/2 ~ 2025/2,국어교육과(학부/서울),ok
H0002256,H0002719,국어교육과,KOR1018,현대사회와문학,2016/1 ~ 2027/2,국어교육과(학부/서울),ok
H0002256,H0002719,국어교육과,KOR1019,AI리터러시교육,2016/1 ~ 2028/2,국어교육과(학부/서울),ok
H0002256,H0002719,국어교육과,KOR1020,고전소설작품론,2016/1 ~ 2028/2,국어교육과(학부/서울),ok
H0002256,H0002719,국어교육과,KOR2001,국문학개론,1990/1 ~ 2027/2,국어교육과(학부/서울),ok
H0002256,H0002719,국어교육과,KOR2002,국어학개론,1990/1 ~ 2028/2,국어교육과(학부/서울),ok
H0002256,H0002719,국어교육과,KOR2003,국문학사,1998/1 ~ 2029/2,국어교육과(학부/서울),ok
H0002256,H0002719,국어교육과,KOR2006,현대소설론,1990/1 ~ 2020/2,국어교육과(학부/서울),ok
H0002256,H0002719,국어교육과,KOR2007,중세국어강독,1990/1 ~ 2017/2,국어교육과(학부/서울),ok
H0002256,H0002719,국어교육과,KOR2016,국어문법론,1998/1 ~ 2020/2,국어교육과(학부/서울),ok
H0002256,H0002719,국어교육과,KOR2073,미디어시대의문학읽기,2017/1 ~ 2025/2,국어교육과(학부/서울),ok
H0002256,H0002719,국어교육과,KOR2074,고전시가작품론,2017/1 ~ 2028/2,국어교육과(학부/서울),ok
H0002256,H0002719,국어교육과,KOR3002,현대시론,1991/1 ~ 2020/2,국어교육과(학부/서울),ok
H0002256,H0002719,국어교육과,KOR3004,국어음운론,1991/1 ~ 2030/2,국어교육과(학부/서울),ok
H0002256,H0002719,국어교육과,KOR3005,고전시가론,1991/1 ~ 2016/2,국어교육과(학부/서울),ok
H0002256,H0002719,국어교육과,KOR3006,국어사,1991/1 ~ 2029/2,국어교육과(학부/서울),ok
H0002256,H0002719,국어교육과,KOR3013,고전문학강독,1992/1 ~ 2017/2,국어교육과(학부/서울),ok
H0002256,H0002719,국어교육과,KOR4009,국어의미론,1992/1 ~ 2021/2,국어교육과(학부/서울),ok
H0002256,H0002719,국어교육과,KOR4019,국어화용론,1997/1 ~ 2022/2,국어교육과(학부/서울),ok
H0002256,H0002719,국어교육과,SYH0001,사랑의실천1(한양나눔),2007/1 ~ 2027/2,국어교육과(학부/서울),ok
H0002256,H0002719,국어교육과,SYH0002,사랑의실천2(스마트커뮤니케이션),2008/1 ~ 2028/2,국어교육과(학부/서울),not_found
H0002256,H0002719,국어교육과,SYH0003,사랑의실천3(기업가정신),2011/1 ~ 2029/2,국어교육과(학부/서울),not_found
H0002256,H0002719,국어교육과,SYH0004,사랑의실천4(미래실용인재),2012/1 ~ 2030/2,국어교육과(학부/서울),ok
H0002256,H0002794,국어국문학과,CUL0005,말과글,2008/1 ~ 2027/2,국어국문학(학부-인문과/서울),ok
H0002256,H0002794,국어국문학과,CUL0011,창의적컴퓨팅,2017/1 ~ 2027/2,국어국문학(학부-인문과/서울),ok
H0002256,H0002794,국어국문학과,CUL0202,문화기술인간,2025/1 ~ 2027/2,국어국문학(학부-인문과/서울),ok
H0002256,H0002794,국어국문학과,CUL0204,통합사고와읽기의기술,2025/1 ~ 2027/2,국어국문학(학부-인문과/서울),ok
H0002256,H0002794,국어국문학과,CUL0205,Technology and AI: Utopia or Dystopia?,2026/1 ~ 2028/2,국어국문학(학부-인문과/서울),ok
H0002256,H0002794,국어국문학과,CUL0208,스토리텔링의설계와전략,2026/1 ~ 2028/2,국어국문학(학부-인문과/서울),ok
H0002256,H0002794,국어국문학과,CUL1122,창의적프로그래밍,2021/1 ~ 2028/2,국어국문학(학부-인문과/서울),ok
H0002256,H0002794,국어국문학과,CUL1138,인공지능과기계학습,2019/1 ~ 2028/2,국어국문학(학부-인문과/서울),ok
H0002256,H0002794,국어국문학과,ENG1063,영어능력평가와연습,2010/1 ~ 2015/2,국어국문학(학부-인문과/서울),ok
H0002256,H0002794,국어국문학과,GEN0039,심리학개론,1989/1 ~ 1992/2,국어국문학(학부-인문과/서울),ok
H0002256,H0002794,국어국문학과,GEN3041,초급중국어1,2009/1 ~ 2012/2,국어국문학(학부-인문과/서울),ok
H0002256,H0002794,국어국문학과,GEN4091,과학기술의철학적이해,2008/1 ~ 2027/2,국어국문학(학부-인문과/서울),ok
H0002256,H0002794,국어국문학과,GEN5029,커리어개발Ⅰ:취.창업진로로드맵,2008/1 ~ 2027/2,국어국문학(학부-인문과/서울),ok
H0002256,H0002794,국어국문학과,GEN5100,커리어개발Ⅱ:취.창업진로포트폴리오,2015/1 ~ 2029/2,국어국문학(학부-인문과/서울),ok
H0002256,H0002794,국어국문학과,GEN6032,전문학술영어,2010/1 ~ 2028/2,국어국문학(학부-인문과/서울),ok
H0002256,H0002794,국어국문학과,GEN6044,한양사회봉사,2009/1 ~ 2014/2,국어국문학(학부-인문과/서울),ok
H0002256,H0002794,국어국문학과,KOR1014,한국문학의이해,2008/1 ~ 2015/2,국어국문학(학부-인문과/서울),ok
H0002256,H0002794,국어국문학과,KOR1015,문학작품어떻게읽을까,2008/1 ~ 2027/2,국어국문학(학부-인문과/서울),ok
H0002256,H0002794,국어국문학과,KOR2001,국문학개론,1989/1 ~ 1996/2,국어국문학(학부-인문과/서울),ok
H0002256,H0002794,국어국문학과,KOR2002,국어학개론,1989/1 ~ 1996/2,국어국문학(학부-인문과/서울),ok
H0002256,H0002794,국어국문학과,KOR2003,국문학사,1990/1 ~ 1996/2,국어국문학(학부-인문과/서울),ok
H0002256,H0002794,국어국문학과,KOR2006,현대소설론,1991/1 ~ 1998/2,국어국문학(학부-인문과/서울),ok
H0002256,H0002794,국어국문학과,KOR2007,중세국어강독,1991/1 ~ 1998/2,국어국문학(학부-인문과/서울),ok
H0002256,H0002794,국어국문학과,KOR2016,국어문법론,1990/1 ~ 1997/2,국어국문학(학부-인문과/서울),ok
H0002256,H0002794,국어국문학과,KOR2023,국문학입문,2008/1 ~ 2027/2,국어국문학(학부-인문과/서울),ok
H0002256,H0002794,국어국문학과,KOR2025,현대소설의이해,2006/1 ~ 2028/2,국어국문학(학부-인문과/서울),ok
H0002256,H0002794,국어국문학과,KOR2026,현대시의이해,2006/1 ~ 2028/2,국어국문학(학부-인문과/서울),ok
H0002256,H0002794,국어국문학과,KOR2030,한국문학의쟁점과인문학적확장탐색,2008/1 ~ 2030/2,국어국문학(학부-인문과/서울),ok
H0002256,H0002794,국어국문학과,KOR2041,국어학입문,2008/1 ~ 2027/2,국어국문학(학부-인문과/서울),ok
H0002256,H0002794,국어국문학과,KOR2042,고전명문감상,2006/1 ~ 2028/2,국어국문학(학부-인문과/서울),ok
H0002256,H0002794,국어국문학과,KOR2045,한국어음운의이해,2006/1 ~ 2028/2,국어국문학(학부-인문과/서울),ok
H0002256,H0002794,국어국문학과,KOR2049,한국어의문장구조,2007/1 ~ 2029/2,국어국문학(학부-인문과/서울),ok
H0002256,H0002794,국어국문학과,KOR2062,문학과역사,2006/1 ~ 2030/2,국어국문학(학부-인문과/서울),ok
H0002256,H0002794,국어국문학과,KOR2063,한국문학의역사1,2006/1 ~ 2028/2,국어국문학(학부-인문과/서울),ok
H0002256,H0002794,국어국문학과,KOR2064,설화와소설,2006/1 ~ 2028/2,국어국문학(학부-인문과/서울),ok
H0002256,H0002794,국어국문학과,KOR2066,한글맞춤법과교정의실제,2006/1 ~ 2028/2,국어국문학(학부-인문과/서울),ok
H0002256,H0002794,국어국문학과,KOR2071,한국어단어의세계,2012/1 ~ 2028/2,국어국문학(학부-인문과/서울),ok
H0002256,H0002794,국어국문학과,KOR2072,현대명작감상,2014/1 ~ 2028/2,국어국문학(학부-인문과/서울),ok
H0002256,H0002794,국어국문학과,KOR3002,현대시론,1990/1 ~ 1997/2,국어국문학(학부-인문과/서울),ok
H0002256,H0002794,국어국문학과,KOR3004,국어음운론,1990/1 ~ 1997/2,국어국문학(학부-인문과/서울),ok
H0002256,H0002794,국어국문학과,KOR3006,국어사,1991/1 ~ 1998/2,국어국문학(학부-인문과/서울),ok
H0002256,H0002794,국어국문학과,KOR3013,고전문학강독,1992/1 ~ 1997/2,국어국문학(학부-인문과/서울),ok
H0002256,H0002794,국어국문학과,KOR3026,텍스트이해의이론과실제,2007/1 ~ 2029/2,국어국문학(학부-인문과/서울),ok
H0002256,H0002794,국어국문학과,KOR3031,한시의감상과이해,2015/1 ~ 2029/2,국어국문학(학부-인문과/서울),ok
H0002256,H0002794,국어국문학과,KOR3040,대화와텍스트분석,2008/1 ~ 2018/2,국어국문학(학부-인문과/서울),ok
H0002256,H0002794,국어국문학과,KOR3048,한국어의미론,2007/1 ~ 2029/2,국어국문학(학부-인문과/서울),ok
H0002256,H0002794,국어국문학과,KOR3064,한국문학의역사2,2007/1 ~ 2029/2,국어국문학(학부-인문과/서울),ok
H0002256,H0002794,국어국문학과,KOR3065,생활속의한국어자료해석,2007/1 ~ 2029/2,국어국문학(학부-인문과/서울),ok
H0002256,H0002794,국어국문학과,KOR3067,철학으로읽는한국문학,2007/1 ~ 2029/2,국어국문학(학부-인문과/서울),ok
H0002256,H0002794,국어국문학과,KOR3068,역사속의한국어변화해독,2007/1 ~ 2029/2,국어국문학(학부-인문과/서울),ok
H0002256,H0002794,국어국문학과,KOR3069,창의적시쓰기와철학적해석,2007/1 ~ 2029/2,국어국문학(학부-인문과/서울),ok
H0002256,H0002794,국어국문학과,KOR3070,동서양신화읽기,2007/1 ~ 2029/2,국어국문학(학부-인문과/서울),ok
H0002256,H0002794,국어국문학과,KOR3071,국문인의미래학,2007/1 ~ 2017/2,국어국문학(학부-인문과/서울),ok
H0002256,H0002794,국어국문학과,KOR3072,문학텍스트의상징재해석,2007/1 ~ 2029/2,국어국문학(학부-인문과/서울),ok
H0002256,H0002794,국어국문학과,KOR3074,4차산업혁명시대의문예비평,2007/1 ~ 2028/2,국어국문학(학부-인문과/서울),ok
H0002256,H0002794,국어국문학과,KOR3079,옛사람의시와노래,2015/1 ~ 2029/2,국어국문학(학부-인문과/서울),ok
H0002256,H0002794,국어국문학과,KOR4009,국어의미론,1992/1 ~ 1998/2,국어국문학(학부-인문과/서울),ok
H0002256,H0002794,국어국문학과,KOR4035,한국문학과동아시아적사유를통한재해석,2008/1 ~ 2030/2,국어국문학(학부-인문과/서울),ok
H0002256,H0002794,국어국문학과,KOR4048,상황속의한국어실제통찰,2008/1 ~ 2030/2,국어국문학(학부-인문과/서울),ok
H0002256,H0002794,국어국문학과,KOR4060,현대소설창작과감상,2008/1 ~ 2030/2,국어국문학(학부-인문과/서울),ok
H0002256,H0002794,국어국문학과,KOR4062,문화기호로서사읽기,2008/1 ~ 2022/2,국어국문학(학부-인문과/서울),ok
H0002256,H0002794,국어국문학과,KOR4065,한국문학과근대과학,2008/1 ~ 2018/2,국어국문학(학부-인문과/서울),ok
H0002256,H0002794,국어국문학과,KOR4071,국어국문학캡스톤디자인1,2012/1 ~ 2018/2,국어국문학(학부-인문과/서울),ok
H0002256,H0002794,국어국문학과,KOR4072,국어국문학캡스톤디자인2,2012/1 ~ 2018/2,국어국문학(학부-인문과/서울),ok
H0002256,H0002794,국어국문학과,KOR4073,문학으로역사읽기,2016/1 ~ 2030/2,국어국문학(학부-인문과/서울),ok
H0002256,H0002794,국어국문학과,KOR4074,언어와의사소통,2016/1 ~ 2022/2,국어국문학(학부-인문과/서울),ok
H0002256,H0002794,국어국문학과,KOR4075,지역속의한국어모습이해,2016/1 ~ 2030/2,국어국문학(학부-인문과/서울),ok
H0002256,H0002794,국어국문학과,KOR4078,학위논문지도1(국문),2017/1 ~ 2026/2,국어국문학(학부-인문과/서울),not_found
H0002256,H0002794,국어국문학과,KOR4079,학위논문지도2(국문),2016/2 ~ 2026/2,국어국문학(학부-인문과/서울),not_found
H0002256,H0002794,국어국문학과,KOR4081,영상내러티브를통한문화연구,2026/1 ~ 2029/2,국어국문학(학부-인문과/서울),ok
H0002256,H0002794,국어국문학과,KOR4082,경계를가로지르는한국문학과세계문학,2027/1 ~ 2030/2,국어국문학(학부-인문과/서울),not_found
H0002256,H0002794,국어국문학과,PER1001,수행인문학논술,2010/1 ~ 2015/2,국어국문학(학부-인문과/서울),ok
H0002256,H0002794,국어국문학과,SYH0001,사랑의실천1(한양나눔),2008/1 ~ 2027/2,국어국문학(학부-인문과/서울),ok
H0002256,H0002794,국어국문학과,SYH0002,사랑의실천2(스마트커뮤니케이션),2008/1 ~ 2028/2,국어국문학(학부-인문과/서울),not_found
H0002256,H0002794,국어국문학과,SYH0003,사랑의실천3(기업가정신),2011/1 ~ 2029/2,국어국문학(학부-인문과/서울),not_found
H0002256,H0002794,국어국문학과,SYH0004,사랑의실천4(미래실용인재),2012/1 ~ 2030/2,국어국문학(학부-인문과/서울),ok
H0002256,H0002794,국어국문학과,TEA3021,국어논리및논술,2011/1 ~ 2029/2,국어국문학(학부-인문과/서울),ok
H0002256,H0002794,국어국문학과,TEA5001,국어교과교육론,2011/1 ~ 2029/2,국어국문학(학부-인문과/서울),ok
H0002256,H0002794,국어국문학과,TEA6001,국어교과교재연구및지도,2012/1 ~ 2030/2,국어국문학(학부-인문과/서울),ok
H0002256,H0002920,국제학부,BUS2003,마케팅관리,2022/1 ~ 2025/2,국제학부,ok
H0002256,H0005063,국제학부,BUS2003,마케팅관리,2025/1 ~ 2029/2,국제학부,ok
H0002256,H0002920,국제학부,CUL0011,창의적컴퓨팅,2017/1 ~ 2023/2,국제학부,ok
H0002256,H0005063,국제학부,CUL0011,창의적컴퓨팅,2023/1 ~ 2027/2,국제학부,ok
H0002256,H0002920,국제학부,CUL1122,창의적프로그래밍,2023/1 ~ 2024/2,국제학부,ok
H0002256,H0005063,국제학부,CUL1122,창의적프로그래밍,2024/1 ~ 2028/2,국제학부,ok
H0002256,H0002920,국제학부,CUL1138,인공지능과기계학습,2023/1 ~ 2024/2,국제학부,ok
H0002256,H0005063,국제학부,CUL1138,인공지능과기계학습,2024/1 ~ 2028/2,국제학부,ok
H0002256,H0002920,국제학부,DIS1001,Contemporary Society and Philosophy,2004/1 ~ 2019/2,국제학부,not_found
H0002256,H0002920,국제학부,DIS1002,Globalization,2004/1 ~ 2024/2,국제학부,ok
H0002256,H0005063,국제학부,DIS1002,Globalization,2024/1 ~ 2028/2,국제학부,ok
H0002256,H0002920,국제학부,DIS1003,Special Lecture Series I,2004/1 ~ 2015/2,국제학부,not_found
H0002256,H0002920,국제학부,DIS1008,Presentation  Skills,2004/1 ~ 2012/2,국제학부,ok
H0002256,H0002920,국제학부,DIS1015,Business and Environmental Ethics,2006/1 ~ 2026/2,국제학부,ok
H0002256,H0005063,국제학부,DIS1015,Business and Environmental Ethics,2025/1 ~ 2030/2,국제학부,ok
H0002256,H0002920,국제학부,DIS1016,East Asian History and Culture,2006/1 ~ 2017/2,국제학부,not_found
H0002256,H0002920,국제학부,DIS1017,Economic Growth and Development,2004/1 ~ 2018/2,국제학부,not_found
H0002256,H0002920,국제학부,DIS1018,Global Ethics,2004/1 ~ 2024/1,국제학부,not_found
H0002256,H0005063,국제학부,DIS1018,Global Ethics,2026/1 ~ 2024/1,국제학부,not_found
H0002256,H0002920,국제학부,DIS1021,Creative and Critical Thinking,2005/1 ~ 2023/2,국제학부,ok
H0002256,H0005063,국제학부,DIS1021,Creative and Critical Thinking,2023/1 ~ 2028/2,국제학부,ok
H0002256,H0002920,국제학부,DIS1024,Academic Writing 1,2009/1 ~ 2023/2,국제학부,ok
H0002256,H0005063,국제학부,DIS1024,Academic Writing 1,2023/1 ~ 2027/2,국제학부,ok
H0002256,H0002920,국제학부,DIS1025,Basic Quantitative Methods,2011/1 ~ 2015/2,국제학부,not_found
H0002256,H0002920,국제학부,DIS1026,Business and Society,2016/1 ~ 2018/2,국제학부,not_found
H0002256,H0002920,국제학부,DIS1027,Law and Society,2016/1 ~ 2019/2,국제학부,not_found
H0002256,H0002920,국제학부,DIS1028,Quantitative Methods,2019/1 ~ 2019/2,국제학부,not_found
H0002256,H0002920,국제학부,DIS2001,Introduction to Political Science,2004/1 ~ 2023/2,국제학부,ok
H0002256,H0005063,국제학부,DIS2001,Introduction to Political Science,2023/1 ~ 2028/2,국제학부,ok
H0002256,H0002920,국제학부,DIS2002,Introduction to Microeconomics,2004/1 ~ 2024/2,국제학부,ok
H0002256,H0005063,국제학부,DIS2002,Introduction to Microeconomics,2024/1 ~ 2028/2,국제학부,ok
H0002256,H0002920,국제학부,DIS2003,Introduction to Business Administration,2005/1 ~ 2023/2,국제학부,ok
H0002256,H0005063,국제학부,DIS2003,Introduction to Business Administration,2023/1 ~ 2028/2,국제학부,ok
H0002256,H0002920,국제학부,DIS2004,Research Methods,2005/1 ~ 2023/2,국제학부,ok
H0002256,H0005063,국제학부,DIS2004,Research Methods,2023/1 ~ 2025/2,국제학부,ok
H0002256,H0002920,국제학부,DIS2005,International Relations,2004/1 ~ 2023/2,국제학부,ok
H0002256,H0005063,국제학부,DIS2005,International Relations,2023/1 ~ 2027/2,국제학부,ok
H0002256,H0002920,국제학부,DIS2006,International Law,2005/1 ~ 2020/2,국제학부,not_found
H0002256,H0002920,국제학부,DIS2007,International Economics,2005/1 ~ 2020/2,국제학부,not_found
H0002256,H0002920,국제학부,DIS2008,International Business,2005/1 ~ 2024/2,국제학부,ok
H0002256,H0005063,국제학부,DIS2008,International Business,2024/1 ~ 2029/2,국제학부,ok
H0002256,H0002920,국제학부,DIS2009,Leadership Workshop,2006/1 ~ 2017/2,국제학부,not_found
H0002256,H0002920,국제학부,DIS2016,International Conflict & Cooperation,2006/1 ~ 2017/2,국제학부,not_found
H0002256,H0002920,국제학부,DIS2017,International Relations in East Asia,2006/1 ~ 2025/2,국제학부,ok
H0002256,H0005063,국제학부,DIS2017,International Relations in East Asia,2025/1 ~ 2029/2,국제학부,ok
H0002256,H0002920,국제학부,DIS2018,Russian Politics & Foreign Policy,2004/1 ~ 2018/2,국제학부,not_found
H0002256,H0002920,국제학부,DIS2019,Chinese Politics and Foreign Policy,2006/1 ~ 2022/2,국제학부,not_found
H0002256,H0002920,국제학부,DIS2020,Japanese Politics & Foreign Policy,2004/1 ~ 2018/2,국제학부,not_found
H0002256,H0002920,국제학부,DIS2021,American Politics & Foreign Policy,2006/1 ~ 2017/2,국제학부,not_found
H0002256,H0002920,국제학부,DIS2022,International Organizations,2005/1 ~ 2024/2,국제학부,ok
H0002256,H0005063,국제학부,DIS2022,International Organizations,2024/1 ~ 2029/2,국제학부,ok
H0002256,H0002920,국제학부,DIS2024,Model United Nations,2007/1 ~ 2022/2,국제학부,not_found
H0002256,H0002920,국제학부,DIS2034,Macroeconomics,2006/1 ~ 2017/2,국제학부,not_found
H0002256,H0002920,국제학부,DIS2035,The Political Economy of East Asia,2006/1 ~ 2024/2,국제학부,ok
H0002256,H0005063,국제학부,DIS2035,The Political Economy of East Asia,2024/1 ~ 2028/2,국제학부,ok
H0002256,H0002920,국제학부,DIS2036,Energy Security and Geopolitics in Asia,2007/1 ~ 2026/2,국제학부,ok
H0002256,H0005063,국제학부,DIS2036,Energy Security and Geopolitics in Asia,2025/1 ~ 2030/2,국제학부,ok
H0002256,H0002920,국제학부,DIS2045,Contemporary Korean Society,2007/1 ~ 2016/2,국제학부,not_found
H0002256,H0002920,국제학부,DIS2046,Korean History and Culture,2007/1 ~ 2016/2,국제학부,not_found
H0002256,H0002920,국제학부,DIS2047,World History,2010/1 ~ 2023/2,국제학부,ok
H0002256,H0005063,국제학부,DIS2047,World History,2023/1 ~ 2028/2,국제학부,ok
H0002256,H0002920,국제학부,DIS2048,Debate and Argumentation,2010/1 ~ 2024/2,국제학부,not_found
H0002256,H0005063,국제학부,DIS2048,Debate and Argumentation,2024/1 ~ 2029/2,국제학부,not_found
H0002256,H0002920,국제학부,DIS2051,Comparative Politics,2010/1 ~ 2025/2,국제학부,ok
H0002256,H0005063,국제학부,DIS2051,Comparative Politics,2025/1 ~ 2029/2,국제학부,ok
H0002256,H0002920,국제학부,DIS2052,Accounting,2011/1 ~ 2016/2,국제학부,not_found
H0002256,H0002920,국제학부,DIS2053,Principle of Marketing,2017/1 ~ 2020/2,국제학부,not_found
H0002256,H0002920,국제학부,DIS2054,Strategic Management,2017/1 ~ 2024/2,국제학부,ok
H0002256,H0005063,국제학부,DIS2054,Strategic Management,2024/1 ~ 2028/2,국제학부,ok
H0002256,H0002920,국제학부,DIS2055,Academic Writing 2,2020/2 ~ 2024/2,국제학부,ok
H0002256,H0005063,국제학부,DIS2055,Academic Writing 2,2024/1 ~ 2028/2,국제학부,ok
H0002256,H0002920,국제학부,DIS2056,Digital Strategy I,2021/2 ~ 2023/1,국제학부,not_found
H0002256,H0005063,국제학부,DIS2056,Digital Strategy I,2024/1 ~ 2024/2,국제학부,not_found
H0002256,H0002920,국제학부,DIS2066,Introduction to Macroeconomics,2023/2 ~ 2024/2,국제학부,ok
H0002256,H0005063,국제학부,DIS2066,Introduction to Macroeconomics,2023/2 ~ 2028/2,국제학부,ok
H0002256,H0005063,국제학부,DIS2067,International Trade and Politics,2025/1 ~ 2029/2,국제학부,ok
H0002256,H0005063,국제학부,DIS2068,International Security,2025/1 ~ 2029/2,국제학부,ok
H0002256,H0005063,국제학부,DIS2069,Quantative Analysis,2025/1 ~ 2028/2,국제학부,not_found
H0002256,H0005063,국제학부,DIS2070,International Trade and Commerce,2025/2 ~ 2029/2,국제학부,ok
H0002256,H0002920,국제학부,DIS3003,Public International Law,2006/1 ~ 2017/2,국제학부,not_found
H0002256,H0002920,국제학부,DIS3004,Global Marketing and Business Strategy,2006/1 ~ 2017/2,국제학부,not_found
H0002256,H0002920,국제학부,DIS3007,International Banking and Capital Market,2006/1 ~ 2021/2,국제학부,not_found
H0002256,H0002920,국제학부,DIS3010,Microeconomics,2005/1 ~ 2017/2,국제학부,not_found
H0002256,H0002920,국제학부,DIS3012,Korean Politics and Foreign Policy,2007/1 ~ 2017/2,국제학부,not_found
H0002256,H0002920,국제학부,DIS3013,Korean Economy and Business,2007/1 ~ 2017/2,국제학부,not_found
H0002256,H0002920,국제학부,DIS3015,International accounting and finance,2018/1 ~ 2025/2,국제학부,ok
H0002256,H0005063,국제학부,DIS3015,International accounting and finance,2025/1 ~ 2025/2,국제학부,ok
H0002256,H0002920,국제학부,DIS3019,Transnational Management,2008/1 ~ 2018/2,국제학부,not_found
H0002256,H0002920,국제학부,DIS3021,Individual Study:Internships,2011/1 ~ 2019/1,국제학부,not_found
H0002256,H0002920,국제학부,DIS3022,International Marketing,2010/1 ~ 2025/2,국제학부,ok
H0002256,H0005063,국제학부,DIS3022,International Marketing,2025/1 ~ 2025/1,국제학부,ok
H0002256,H0002920,국제학부,DIS3027,Corporate Finance I,2011/1 ~ 2017/2,국제학부,not_found
H0002256,H0002920,국제학부,DIS3028,Corporate Finance II,2011/1 ~ 2017/2,국제학부,not_found
H0002256,H0002920,국제학부,DIS3029,Operation Management,2011/1 ~ 2017/2,국제학부,not_found
H0002256,H0002920,국제학부,DIS3030,Chinese Society & Culture,2015/1 ~ 2017/2,국제학부,not_found
H0002256,H0002920,국제학부,DIS3031,Special TopicsI,2015/1 ~ 2025/2,국제학부,not_found
H0002256,H0005063,국제학부,DIS3031,Special TopicsI,2025/1 ~ 2029/2,국제학부,not_found
H0002256,H0002920,국제학부,DIS3032,Chinese Economy & Business,2015/1 ~ 2017/2,국제학부,not_found
H0002256,H0002920,국제학부,DIS3033,Special TopicsII,2015/1 ~ 2025/2,국제학부,ok
H0002256,H0005063,국제학부,DIS3033,Special TopicsII,2025/1 ~ 2025/2,국제학부,ok
H0002256,H0002920,국제학부,DIS3036,Research Methodology,2018/1 ~ 2018/2,국제학부,not_found
H0002256,H0002920,국제학부,DIS3037,Basic Econometrics,2019/1 ~ 2021/2,국제학부,not_found
H0002256,H0002920,국제학부,DIS3038,The 4th Industrial Revolution and the Future of Asia,2019/2 ~ 2025/2,국제학부,not_found
H0002256,H0002920,국제학부,DIS3039,Data Analysis Using Python,2020/1 ~ 2025/2,국제학부,ok
H0002256,H0005063,국제학부,DIS3039,Data Analysis Using Python,2025/1 ~ 2029/2,국제학부,ok
H0002256,H0002920,국제학부,DIS3040,International Finance and politics,2021/2 ~ 2025/2,국제학부,ok
H0002256,H0005063,국제학부,DIS3040,International Finance and politics,2025/1 ~ 2029/2,국제학부,ok
H0002256,H0005063,국제학부,DIS3050,Sustainable Development,2025/1 ~ 2029/2,국제학부,ok
H0002256,H0005063,국제학부,DIS3053,Quantitative Business Analysis,2026/1 ~ 2029/2,국제학부,ok
H0002256,H0005063,국제학부,DIS3056,Advanced Research Methods,2026/1 ~ 2029/2,국제학부,not_found
H0002256,H0002920,국제학부,DIS4002,Human Resource Management,2011/1 ~ 2018/2,국제학부,not_found
H0002256,H0002920,국제학부,DIS4003,캡스톤특강:M&A와기업구조조정,2012/1 ~ 2022/2,국제학부,not_found
H0002256,H0002920,국제학부,DIS4004,U.S. Legal System,2016/1 ~ 2018/2,국제학부,not_found
H0002256,H0002920,국제학부,DIS4005,Special Topics III,2016/1 ~ 2021/2,국제학부,not_found
H0002256,H0002920,국제학부,DIS4006,캡스톤특강:국제경영컨설팅실무,2016/1 ~ 2022/2,국제학부,not_found
H0002256,H0002920,국제학부,DIS4007,Special Topics IV,2016/1 ~ 2018/2,국제학부,not_found
H0002256,H0002920,국제학부,DIS4008,Financial Management,2019/1 ~ 2026/2,국제학부,ok
H0002256,H0005063,국제학부,DIS4008,Financial Management,2025/1 ~ 2026/2,국제학부,ok
H0002256,H0002920,국제학부,DIS4009,캡스톤특강:DigitalStrategy,2018/2 ~ 2024/1,국제학부,not_found
H0002256,H0005063,국제학부,DIS4009,캡스톤특강:DigitalStrategy,2026/1 ~ 2030/2,국제학부,not_found
H0002256,H0002920,국제학부,DIS4010,글로벌사회와한중일,2019/2 ~ 2020/1,국제학부,not_found
H0002256,H0002920,국제학부,DIS4011,Impact Investing,2020/1 ~ 2023/1,국제학부,not_found
H0002256,H0005063,국제학부,DIS4011,Impact Investing,2026/1 ~ 2026/2,국제학부,not_found
H0002256,H0002920,국제학부,DIS4013,Advanced Data Science for International Studies,2020/2 ~ 2026/2,국제학부,ok
H0002256,H0005063,국제학부,DIS4013,Advanced Data Science for International Studies,2025/1 ~ 2030/2,국제학부,ok
H0002256,H0002920,국제학부,DIS4014,Foreign Aid and Development,2021/2 ~ 2026/2,국제학부,ok
H0002256,H0005063,국제학부,DIS4014,Foreign Aid and Development,2025/1 ~ 2029/2,국제학부,ok
H0002256,H0002920,국제학부,DIS4015,Climate Change Economics and Policies,2023/1 ~ 2026/2,국제학부,ok
H0002256,H0005063,국제학부,DIS4015,Climate Change Economics and Policies,2023/2 ~ 2030/2,국제학부,ok
H0002256,H0002920,국제학부,DIS4026,Global Security Challenge,2023/2 ~ 2026/2,국제학부,ok
H0002256,H0005063,국제학부,DIS4026,Global Security Challenge,2023/2 ~ 2030/2,국제학부,ok
H0002256,H0002920,국제학부,DIS4027,ESG Management,2023/2 ~ 2026/2,국제학부,ok
H0002256,H0005063,국제학부,DIS4027,ESG Management,2023/2 ~ 2030/2,국제학부,ok
H0002256,H0002920,국제학부,DIS4028,War and Peacebuilding,2023/2 ~ 2026/2,국제학부,ok
H0002256,H0005063,국제학부,DIS4028,War and Peacebuilding,2023/2 ~ 2030/2,국제학부,ok
H0002256,H0002920,국제학부,DIS4029,AI Ethics and Society,2024/2 ~ 2026/2,국제학부,ok
H0002256,H0005063,국제학부,DIS4029,AI Ethics and Society,2024/2 ~ 2030/2,국제학부,ok
H0002256,H0002920,국제학부,GEN5029,커리어개발Ⅰ:취.창업진로로드맵,2009/1 ~ 2023/2,국제학부,ok
H0002256,H0005063,국제학부,GEN5029,커리어개발Ⅰ:취.창업진로로드맵,2023/1 ~ 2027/2,국제학부,ok
H0002256,H0002920,국제학부,GEN5100,커리어개발Ⅱ:취.창업진로포트폴리오,2015/1 ~ 2025/2,국제학부,ok
H0002256,H0005063,국제학부,GEN5100,커리어개발Ⅱ:취.창업진로포트폴리오,2025/1 ~ 2029/2,국제학부,ok
H0002256,H0002920,국제학부,GEN6032,전문학술영어,2024/1 ~ 2024/2,국제학부,ok
H0002256,H0005063,국제학부,GEN6032,전문학술영어,2024/1 ~ 2024/2,국제학부,ok
H0002256,H0002920,국제학부,GEN6044,한양사회봉사,2009/1 ~ 2014/2,국제학부,ok
H0002256,H0002920,국제학부,HYR0005,국제학HY-UROP(실용연구심화),2024/2 ~ 2026/2,국제학부,ok
H0002256,H0005063,국제학부,HYR0005,국제학HY-UROP(실용연구심화),2025/1 ~ 2030/2,국제학부,ok
H0002256,H0005063,국제학부,INV3014,국제개발협력평가,2026/2 ~ 2029/2,국제학부,not_found
H0002256,H0002920,국제학부,PAD3003,조직론,2010/1 ~ 2016/2,국제학부,ok
H0002256,H0002920,국제학부,PBL4023,국제학부캡스톤PBL,2022/1 ~ 2026/2,국제학부,ok
H0002256,H0005063,국제학부,PBL4023,국제학부캡스톤PBL,2025/1 ~ 2030/2,국제학부,ok
H0002256,H0002920,국제학부,SYH0001,사랑의실천1(한양나눔),2007/1 ~ 2023/2,국제학부,ok
H0002256,H0005063,국제학부,SYH0001,사랑의실천1(한양나눔),2023/1 ~ 2027/2,국제학부,ok
H0002256,H0002920,국제학부,SYH0002,사랑의실천2(스마트커뮤니케이션),2008/1 ~ 2024/2,국제학부,not_found
H0002256,H0005063,국제학부,SYH0002,사랑의실천2(스마트커뮤니케이션),2024/1 ~ 2028/2,국제학부,not_found
H0002256,H0002920,국제학부,SYH0003,사랑의실천3(기업가정신),2011/1 ~ 2025/2,국제학부,not_found
H0002256,H0005063,국제학부,SYH0003,사랑의실천3(기업가정신),2025/1 ~ 2029/2,국제학부,not_found
H0002256,H0002920,국제학부,SYH0004,사랑의실천4(미래실용인재),2012/1 ~ 2026/2,국제학부,ok
H0002256,H0005063,국제학부,SYH0004,사랑의실천4(미래실용인재),2025/1 ~ 2030/2,국제학부,ok
H0002256,H0004738,국제학전공,BUS2003,마케팅관리,2025/1 ~ 2029/2,국제학전공,ok
H0002256,H0004738,국제학전공,CUL0011,창의적컴퓨팅,2023/1 ~ 2027/2,국제학전공,ok
H0002256,H0004738,국제학전공,CUL1122,창의적프로그래밍,2024/1 ~ 2028/2,국제학전공,ok
H0002256,H0004738,국제학전공,CUL1138,인공지능과기계학습,2024/1 ~ 2028/2,국제학전공,ok
H0002256,H0004738,국제학전공,DIS1002,Globalization,2024/1 ~ 2028/2,국제학전공,ok
H0002256,H0004738,국제학전공,DIS1015,Business and Environmental Ethics,2026/1 ~ 2030/2,국제학전공,ok
H0002256,H0004738,국제학전공,DIS1018,Global Ethics,2026/1 ~ 2024/1,국제학전공,not_found
H0002256,H0004738,국제학전공,DIS1021,Creative and Critical Thinking,2023/1 ~ 2027/2,국제학전공,ok
H0002256,H0004738,국제학전공,DIS1024,Academic Writing 1,2023/1 ~ 2027/2,국제학전공,ok
H0002256,H0004738,국제학전공,DIS2001,Introduction to Political Science,2023/1 ~ 2027/2,국제학전공,ok
H0002256,H0004738,국제학전공,DIS2002,Introduction to Microeconomics,2024/1 ~ 2028/2,국제학전공,ok
H0002256,H0004738,국제학전공,DIS2003,Introduction to Business Administration,2023/1 ~ 2027/2,국제학전공,ok
H0002256,H0004738,국제학전공,DIS2004,Research Methods,2023/1 ~ 2025/2,국제학전공,ok
H0002256,H0004738,국제학전공,DIS2005,International Relations,2023/1 ~ 2027/2,국제학전공,ok
H0002256,H0004738,국제학전공,DIS2008,International Business,2024/1 ~ 2028/2,국제학전공,ok
H0002256,H0004738,국제학전공,DIS2017,International Relations in East Asia,2025/1 ~ 2029/2,국제학전공,ok
H0002256,H0004738,국제학전공,DIS2022,International Organizations,2024/1 ~ 2028/2,국제학전공,ok
H0002256,H0004738,국제학전공,DIS2035,The Political Economy of East Asia,2024/1 ~ 2028/2,국제학전공,ok
H0002256,H0004738,국제학전공,DIS2036,Energy Security and Geopolitics in Asia,2026/1 ~ 2030/2,국제학전공,ok
H0002256,H0004738,국제학전공,DIS2047,World History,2023/1 ~ 2027/2,국제학전공,ok
H0002256,H0004738,국제학전공,DIS2048,Debate and Argumentation,2024/1 ~ 2029/2,국제학전공,not_found
H0002256,H0004738,국제학전공,DIS2051,Comparative Politics,2025/1 ~ 2029/2,국제학전공,ok
H0002256,H0004738,국제학전공,DIS2054,Strategic Management,2024/1 ~ 2028/2,국제학전공,ok
H0002256,H0004738,국제학전공,DIS2055,Academic Writing 2,2024/1 ~ 2028/2,국제학전공,ok
H0002256,H0004738,국제학전공,DIS2056,Digital Strategy I,2024/1 ~ 2024/2,국제학전공,not_found
H0002256,H0004738,국제학전공,DIS2066,Introduction to Macroeconomics,2023/2 ~ 2028/2,국제학전공,ok
H0002256,H0004738,국제학전공,DIS2067,International Trade and Politics,2025/1 ~ 2029/2,국제학전공,ok
H0002256,H0004738,국제학전공,DIS2068,International Security,2025/1 ~ 2029/2,국제학전공,ok
H0002256,H0004738,국제학전공,DIS2069,Quantative Analysis,2025/1 ~ 2028/2,국제학전공,not_found
H0002256,H0004738,국제학전공,DIS3015,International accounting and finance,2025/1 ~ 2025/2,국제학전공,ok
H0002256,H0004738,국제학전공,DIS3022,International Marketing,2025/1 ~ 2025/2,국제학전공,ok
H0002256,H0004738,국제학전공,DIS3031,Special TopicsI,2025/1 ~ 2029/2,국제학전공,not_found
H0002256,H0004738,국제학전공,DIS3033,Special TopicsII,2025/1 ~ 2025/2,국제학전공,ok
H0002256,H0004738,국제학전공,DIS3039,Data Analysis Using Python,2025/1 ~ 2029/2,국제학전공,ok
H0002256,H0004738,국제학전공,DIS3040,International Finance and politics,2025/1 ~ 2029/2,국제학전공,ok
H0002256,H0004738,국제학전공,DIS4008,Financial Management,2026/1 ~ 2026/2,국제학전공,ok
H0002256,H0004738,국제학전공,DIS4009,캡스톤특강:DigitalStrategy,2026/1 ~ 2030/2,국제학전공,not_found
H0002256,H0004738,국제학전공,DIS4011,Impact Investing,2026/1 ~ 2026/2,국제학전공,not_found
H0002256,H0004738,국제학전공,DIS4013,Advanced Data Science for International Studies,2026/1 ~ 2030/2,국제학전공,ok
H0002256,H0004738,국제학전공,DIS4014,Foreign Aid and Development,2026/1 ~ 2029/2,국제학전공,ok
H0002256,H0004738,국제학전공,DIS4015,Climate Change Economics and Policies,2023/2 ~ 2030/2,국제학전공,ok
H0002256,H0004738,국제학전공,DIS4026,Global Security Challenge,2023/2 ~ 2030/2,국제학전공,ok
H0002256,H0004738,국제학전공,DIS4027,ESG Management,2023/2 ~ 2030/2,국제학전공,ok
H0002256,H0004738,국제학전공,DIS4028,War and Peacebuilding,2023/2 ~ 2030/2,국제학전공,ok
H0002256,H0004738,국제학전공,DIS4029,AI Ethics and Society,2024/2 ~ 2030/2,국제학전공,ok
H0002256,H0004738,국제학전공,GEN5029,커리어개발Ⅰ:취.창업진로로드맵,2023/1 ~ 2027/2,국제학전공,ok
H0002256,H0004738,국제학전공,GEN5100,커리어개발Ⅱ:취.창업진로포트폴리오,2025/1 ~ 2029/2,국제학전공,ok
H0002256,H0004738,국제학전공,GEN6032,전문학술영어,2024/1 ~ 2024/2,국제학전공,ok
H0002256,H0004738,국제학전공,HYR0005,국제학HY-UROP(실용연구심화),2026/1 ~ 2030/2,국제학전공,ok
H0002256,H0004738,국제학전공,PBL4023,국제학부캡스톤PBL,2026/1 ~ 2030/2,국제학전공,ok
H0002256,H0004738,국제학전공,SYH0001,사랑의실천1(한양나눔),2023/1 ~ 2027/2,국제학전공,ok
H0002256,H0004738,국제학전공,SYH0002,사랑의실천2(스마트커뮤니케이션),2024/1 ~ 2028/2,국제학전공,not_found
H0002256,H0004738,국제학전공,SYH0003,사랑의실천3(기업가정신),2025/1 ~ 2029/2,국제학전공,not_found
H0002256,H0004738,국제학전공,SYH0004,사랑의실천4(미래실용인재),2026/1 ~ 2030/2,국제학전공,ok
H0002256,H0004360,글로벌 CEO 창업 융합전공,CUL1115,Aesthetic Awareness in the Modern World,2024/2 ~ 2027/2,글로벌 CEO 창업 융합전공,ok
H0002256,H0004360,글로벌 CEO 창업 융합전공,CUL1189,Contemporary Korean Studies,2022/1 ~ 2028/2,글로벌 CEO 창업 융합전공,ok
H0002256,H0004360,글로벌 CEO 창업 융합전공,DCC2030,디지털마케팅,2023/1 ~ 2028/2,글로벌 CEO 창업 융합전공,ok
H0002256,H0004360,글로벌 CEO 창업 융합전공,ECO1006,미시경제원론,2024/1 ~ 2027/2,글로벌 CEO 창업 융합전공,ok
H0002256,H0004360,글로벌 CEO 창업 융합전공,GEN3096,Modern Stress and You,2025/2 ~ 2026/1,글로벌 CEO 창업 융합전공,ok
H0002256,H0004360,글로벌 CEO 창업 융합전공,VEN1001,현대사회와마케팅,2024/1 ~ 2027/2,글로벌 CEO 창업 융합전공,ok
H0002256,H0004360,글로벌 CEO 창업 융합전공,VEN2016,레드라이언을위한씽씽스타트업2,2019/1 ~ 2028/2,글로벌 CEO 창업 융합전공,ok
H0002256,H0004360,글로벌 CEO 창업 융합전공,VEN2019,한국문화와한류,2022/1 ~ 2028/2,글로벌 CEO 창업 융합전공,ok
H0002256,H0004360,글로벌 CEO 창업 융합전공,VEN2020,소비자행동과콘텐츠제작,2023/1 ~ 2029/2,글로벌 CEO 창업 융합전공,ok
H0002256,H0004360,글로벌 CEO 창업 융합전공,VEN2022,과학기술혁명,2024/2 ~ 2028/2,글로벌 CEO 창업 융합전공,ok
H0002256,H0004360,글로벌 CEO 창업 융합전공,VEN2023,사회혁신과UN지속가능개발목표,2024/2 ~ 2028/2,글로벌 CEO 창업 융합전공,ok
H0002256,H0004360,글로벌 CEO 창업 융합전공,VEN2024,Cultural Industry and Data Analysis,2024/2 ~ 2027/2,글로벌 CEO 창업 융합전공,ok
H0002256,H0004360,글로벌 CEO 창업 융합전공,VEN2025,Media Communication in Korea,2024/2 ~ 2027/2,글로벌 CEO 창업 융합전공,ok
H0002256,H0004360,글로벌 CEO 창업 융합전공,VEN2026,Platform Revolution and Culture Industry,2024/2 ~ 2027/2,글로벌 CEO 창업 융합전공,ok
H0002256,H0004360,글로벌 CEO 창업 융합전공,VEN2027,Understanding K-Pop Industry,2024/2 ~ 2027/2,글로벌 CEO 창업 융합전공,ok
H0002256,H0004360,글로벌 CEO 창업 융합전공,VEN2028,From Oldboy to Squid Game: Navigating the Korean Cultural Wave,2025/1 ~ 2027/2,글로벌 CEO 창업 융합전공,ok
H0002256,H0004360,글로벌 CEO 창업 융합전공,VEN2029,Korean for Beginners,2025/1 ~ 2027/2,글로벌 CEO 창업 융합전공,ok
H0002256,H0004360,글로벌 CEO 창업 융합전공,VEN2030,Global Entrepreneurship_Launch your startup,2025/2 ~ 2027/2,글로벌 CEO 창업 융합전공,ok
H0002256,H0004360,글로벌 CEO 창업 융합전공,VEN2032,Entrepreneurial Insights & Korean Trends,2026/1 ~ 2028/2,글로벌 CEO 창업 융합전공,ok
H0002256,H0004360,글로벌 CEO 창업 융합전공,VEN2033,Modern Stress Psychology,2026/2 ~ 2027/2,글로벌 CEO 창업 융합전공,not_found
H0002256,H0004360,글로벌 CEO 창업 융합전공,VEN2034,From K-Pop to K-Beauty: The Rise of Media Platforms and Korean Popular Culture,2026/2 ~ 2027/2,글로벌 CEO 창업 융합전공,not_found
H0002256,H0004360,글로벌 CEO 창업 융합전공,VEN2035,Principles of Chemistry,2026/2 ~ 2027/2,글로벌 CEO 창업 융합전공,not_found
H0002256,H0004360,글로벌 CEO 창업 융합전공,VEN2036,Introduction to Computer Graphics,2026/2 ~ 2029/2,글로벌 CEO 창업 융합전공,not_found
H0002256,H0004360,글로벌 CEO 창업 융합전공,VEN3015,차이나마케팅,2022/1 ~ 2029/2,글로벌 CEO 창업 융합전공,ok
H0002256,H0004360,글로벌 CEO 창업 융합전공,VEN3016,한중소비트렌드,2022/1 ~ 2029/2,글로벌 CEO 창업 융합전공,ok
H0002256,H0004360,글로벌 CEO 창업 융합전공,VEN3022,기초비즈니스통계,2023/1 ~ 2029/2,글로벌 CEO 창업 융합전공,ok
H0002256,H0004360,글로벌 CEO 창업 융합전공,VEN3023,비즈니스행동경제학,2023/1 ~ 2029/2,글로벌 CEO 창업 융합전공,ok
H0002256,H0004360,글로벌 CEO 창업 융합전공,VEN4004,전략적마케팅과케이스스터디,2023/2 ~ 2028/2,글로벌 CEO 창업 융합전공,ok
H0002256,H0004360,글로벌 CEO 창업 융합전공,VEN4005,비즈니스리서치와분석,2023/2 ~ 2030/2,글로벌 CEO 창업 융합전공,ok
H0002256,H0002943,글로벌비즈니스문화전공(영어전용),PER2025,Identity and Global Arguments,2011/1 ~ 2020/2,글로벌비즈니스문화전공(영어전용),ok
H0002256,H0002943,글로벌비즈니스문화전공(영어전용),PER2028,INTERNATIONAL ORGANIZATIONS AND THE NGOs,2011/1 ~ 2020/2,글로벌비즈니스문화전공(영어전용),ok
H0002256,H0002943,글로벌비즈니스문화전공(영어전용),PER2034,GLOBAL BUSINESS COOPERATION,2011/1 ~ 2020/2,글로벌비즈니스문화전공(영어전용),ok
H0002256,H0002943,글로벌비즈니스문화전공(영어전용),PER2035,KOREAN CINEMA AND MODERNIZATION,2011/1 ~ 2020/2,글로벌비즈니스문화전공(영어전용),ok
H0002256,H0002943,글로벌비즈니스문화전공(영어전용),PER3031,LANGUAGE AND MIND,2011/1 ~ 2017/2,글로벌비즈니스문화전공(영어전용),not_found
H0002256,H0002943,글로벌비즈니스문화전공(영어전용),PER3033,NEGOTIATION AND RESOLUTION,2011/1 ~ 2021/2,글로벌비즈니스문화전공(영어전용),ok
H0002256,H0002943,글로벌비즈니스문화전공(영어전용),PER3034,GLOBAL FILM AND COMPARATIVE LITERATURE,2011/1 ~ 2021/2,글로벌비즈니스문화전공(영어전용),ok
H0002256,H0002943,글로벌비즈니스문화전공(영어전용),PER3035,NATION AND EMPIRE,2011/1 ~ 2017/2,글로벌비즈니스문화전공(영어전용),ok
H0002256,H0002943,글로벌비즈니스문화전공(영어전용),PER3036,SUSTAINABLE DEVELOPMENT AND ECOLOGY,2011/1 ~ 2021/2,글로벌비즈니스문화전공(영어전용),ok
H0002256,H0002943,글로벌비즈니스문화전공(영어전용),PER3037,MODERNITY AND SCIENCE,2011/1 ~ 2021/2,글로벌비즈니스문화전공(영어전용),ok
H0002256,H0002943,글로벌비즈니스문화전공(영어전용),PER3039,TRANSNATIONAL LITERATURE,2011/1 ~ 2017/2,글로벌비즈니스문화전공(영어전용),ok
H0002256,H0002943,글로벌비즈니스문화전공(영어전용),PER3051,Politics and Drama,2018/1 ~ 2021/2,글로벌비즈니스문화전공(영어전용),not_found
H0002256,H0002943,글로벌비즈니스문화전공(영어전용),PER3052,Contemporary Global Issues,2018/1 ~ 2021/2,글로벌비즈니스문화전공(영어전용),ok
H0002256,H0002943,글로벌비즈니스문화전공(영어전용),PER3060,Korean Literature in Translation,2018/1 ~ 2021/2,글로벌비즈니스문화전공(영어전용),ok
H0002256,H0002943,글로벌비즈니스문화전공(영어전용),PER4017,TECHNOLOGY AND POLITICS,2012/1 ~ 2022/2,글로벌비즈니스문화전공(영어전용),ok
H0002256,H0002943,글로벌비즈니스문화전공(영어전용),PER4023,ORGANIZATION AND HUMAN RESOURCE MANAGEMENT,2012/1 ~ 2022/2,글로벌비즈니스문화전공(영어전용),ok
H0002256,H0005064,글로벌콘텐츠융합학부,CUL0011,창의적컴퓨팅,2023/1 ~ 2027/2,글로벌콘텐츠융합학부,ok
H0002256,H0005064,글로벌콘텐츠융합학부,CUL0206,Personal Branding in Digital Markets,2026/1 ~ 2028/2,글로벌콘텐츠융합학부,ok
H0002256,H0005064,글로벌콘텐츠융합학부,CUL1122,창의적프로그래밍,2024/1 ~ 2028/2,글로벌콘텐츠융합학부,ok
H0002256,H0005064,글로벌콘텐츠융합학부,CUL1138,인공지능과기계학습,2024/1 ~ 2028/2,글로벌콘텐츠융합학부,ok
H0002256,H0005064,글로벌콘텐츠융합학부,DIS1029,한국학의이해,2023/1 ~ 2025/2,글로벌콘텐츠융합학부,ok
H0002256,H0005064,글로벌콘텐츠융합학부,DIS1030,한국대중문화의이해,2023/1 ~ 2028/2,글로벌콘텐츠융합학부,ok
H0002256,H0005064,글로벌콘텐츠융합학부,DIS1031,한국경영의이해,2023/1 ~ 2028/2,글로벌콘텐츠융합학부,ok
H0002256,H0005064,글로벌콘텐츠융합학부,DIS1032,글로벌한국어Ⅱ,2023/1 ~ 2028/2,글로벌콘텐츠융합학부,ok
H0002256,H0005064,글로벌콘텐츠융합학부,DIS1033,미디어콘텐츠와문화,2023/1 ~ 2028/2,글로벌콘텐츠융합학부,ok
H0002256,H0005064,글로벌콘텐츠융합학부,DIS1034,"현대한국의사회,정치,문화",2026/1 ~ 2027/2,글로벌콘텐츠융합학부,ok
H0002256,H0005064,글로벌콘텐츠융합학부,DIS1035,외국인을위한기초영어및한국문화,2026/1 ~ 2028/2,글로벌콘텐츠융합학부,ok
H0002256,H0005064,글로벌콘텐츠융합학부,DIS2057,국제관계론,2023/1 ~ 2029/2,글로벌콘텐츠융합학부,ok
H0002256,H0005064,글로벌콘텐츠융합학부,DIS2058,한국어의실제와사용,2024/1 ~ 2026/1,글로벌콘텐츠융합학부,ok
H0002256,H0005064,글로벌콘텐츠융합학부,DIS2059,한류의정치경제학,2024/1 ~ 2028/2,글로벌콘텐츠융합학부,not_found
H0002256,H0005064,글로벌콘텐츠융합학부,DIS2060,한국정치,2024/1 ~ 2028/2,글로벌콘텐츠융합학부,ok
H0002256,H0005064,글로벌콘텐츠융합학부,DIS2061,한국역사콘텐츠,2024/1 ~ 2028/2,글로벌콘텐츠융합학부,ok
H0002256,H0005064,글로벌콘텐츠융합학부,DIS2062,한국어글쓰기,2024/1 ~ 2026/1,글로벌콘텐츠융합학부,ok
H0002256,H0005064,글로벌콘텐츠융합학부,DIS2063,K-pop특강,2024/1 ~ 2028/2,글로벌콘텐츠융합학부,ok
H0002256,H0005064,글로벌콘텐츠융합학부,DIS2064,한국과다문화사회,2024/1 ~ 2028/2,글로벌콘텐츠융합학부,ok
H0002256,H0005064,글로벌콘텐츠융합학부,DIS2065,한국문화콘텐츠와스토리텔링,2025/1 ~ 2029/2,글로벌콘텐츠융합학부,ok
H0002256,H0005064,글로벌콘텐츠융합학부,DIS3042,관광경영,2024/1 ~ 2025/2,글로벌콘텐츠융합학부,not_found
H0002256,H0005064,글로벌콘텐츠융합학부,DIS3043,한국기업의경쟁전략,2024/1 ~ 2025/2,글로벌콘텐츠융합학부,not_found
H0002256,H0005064,글로벌콘텐츠융합학부,DIS3044,한국기업의글로벌경영,2025/1 ~ 2029/2,글로벌콘텐츠융합학부,ok
H0002256,H0005064,글로벌콘텐츠융합학부,DIS3045,글로벌한국어Ⅲ,2025/1 ~ 2029/2,글로벌콘텐츠융합학부,ok
H0002256,H0005064,글로벌콘텐츠융합학부,DIS3046,동아시아국제관계와한국,2025/1 ~ 2029/2,글로벌콘텐츠융합학부,ok
H0002256,H0005064,글로벌콘텐츠융합학부,DIS3047,한국어텍스트읽기,2025/1 ~ 2029/2,글로벌콘텐츠융합학부,ok
H0002256,H0005064,글로벌콘텐츠융합학부,DIS3048,북한체제의이해,2025/1 ~ 2029/2,글로벌콘텐츠융합학부,not_found
H0002256,H0005064,글로벌콘텐츠융합학부,DIS3049,한국의시민사회,2026/1 ~ 2030/2,글로벌콘텐츠융합학부,not_found
H0002256,H0005064,글로벌콘텐츠융합학부,DIS3051,"세계속의한국문화,한국속의세계문화",2025/1 ~ 2029/2,글로벌콘텐츠융합학부,ok
H0002256,H0005064,글로벌콘텐츠융합학부,DIS3052,글로벌콘텐츠와SDGs,2025/1 ~ 2029/2,글로벌콘텐츠융합학부,ok
H0002256,H0005064,글로벌콘텐츠융합학부,DIS3057,세계이주와디아스포라역사속한국,2026/1 ~ 2029/2,글로벌콘텐츠융합학부,ok
H0002256,H0005064,글로벌콘텐츠융합학부,DIS4016,사회과학연구방법론,2025/1 ~ 2029/2,글로벌콘텐츠융합학부,not_found
H0002256,H0005064,글로벌콘텐츠융합학부,DIS4017,4차산업혁명과한국기업의신성장전략,2025/1 ~ 2029/2,글로벌콘텐츠융합학부,not_found
H0002256,H0005064,글로벌콘텐츠융합학부,DIS4018,엔터테인먼트산업경영,2025/1 ~ 2029/2,글로벌콘텐츠융합학부,ok
H0002256,H0005064,글로벌콘텐츠융합학부,DIS4019,남북관계론,2026/1 ~ 2030/2,글로벌콘텐츠융합학부,not_found
H0002256,H0005064,글로벌콘텐츠융합학부,DIS4020,K-Culture와콘텐츠산업의 이해,2026/1 ~ 2030/2,글로벌콘텐츠융합학부,ok
H0002256,H0005064,글로벌콘텐츠융합학부,DIS4021,한국의기업가정신,2026/1 ~ 2030/2,글로벌콘텐츠융합학부,not_found
H0002256,H0005064,글로벌콘텐츠융합학부,DIS4022,실무실습: 임팩트투자와창업,2026/1 ~ 2030/2,글로벌콘텐츠융합학부,not_found
H0002256,H0005064,글로벌콘텐츠융합학부,DIS4023,한국과세계정치경제,2026/1 ~ 2030/2,글로벌콘텐츠융합학부,not_found
H0002256,H0005064,글로벌콘텐츠융합학부,DIS4024,캡스톤특강:한국학과뉴미디어,2026/1 ~ 2030/2,글로벌콘텐츠융합학부,not_found
H0002256,H0005064,글로벌콘텐츠융합학부,DIS4025,미디어콘텐츠기획,2026/1 ~ 2030/2,글로벌콘텐츠융합학부,not_found
H0002256,H0005064,글로벌콘텐츠융합학부,DIS4030,문화외교:정책과실무,2025/1 ~ 2030/2,글로벌콘텐츠융합학부,ok
H0002256,H0005064,글로벌콘텐츠융합학부,DIS4031,캡스톤:글로벌문화콘텐츠기획,2025/1 ~ 2030/2,글로벌콘텐츠융합학부,ok
H0002256,H0005064,글로벌콘텐츠융합학부,DIS4032,"문화,세계화,소프트파워",2025/1 ~ 2029/2,글로벌콘텐츠융합학부,ok
H0002256,H0005064,글로벌콘텐츠융합학부,DIS4033,한국문화와글로벌역량,2026/1 ~ 2030/2,글로벌콘텐츠융합학부,not_found
H0002256,H0005064,글로벌콘텐츠융합학부,DIS4034,K-엔터테인먼트실무,2026/1 ~ 2030/2,글로벌콘텐츠융합학부,not_found
H0002256,H0005064,글로벌콘텐츠융합학부,DIS4035,캡스톤:글로벌콘텐츠와엔터테인먼트산업,2026/1 ~ 2030/2,글로벌콘텐츠융합학부,not_found
H0002256,H0005064,글로벌콘텐츠융합학부,GEN5029,커리어개발Ⅰ:취.창업진로로드맵,2023/1 ~ 2027/2,글로벌콘텐츠융합학부,ok
H0002256,H0005064,글로벌콘텐츠융합학부,GEN5100,커리어개발Ⅱ:취.창업진로포트폴리오,2025/1 ~ 2029/2,글로벌콘텐츠융합학부,ok
H0002256,H0005064,글로벌콘텐츠융합학부,GEN6032,전문학술영어,2024/1 ~ 2028/2,글로벌콘텐츠융합학부,ok
H0002256,H0005064,글로벌콘텐츠융합학부,KOR1016,글로벌한국어Ⅰ,2023/1 ~ 2027/2,글로벌콘텐츠융합학부,ok
H0002256,H0005064,글로벌콘텐츠융합학부,PPL4018,한국경제론,2024/1 ~ 2026/1,글로벌콘텐츠융합학부,ok
H0002256,H0005064,글로벌콘텐츠융합학부,SYH0001,사랑의실천1(한양나눔),2023/1 ~ 2027/2,글로벌콘텐츠융합학부,ok
H0002256,H0005064,글로벌콘텐츠융합학부,SYH0002,사랑의실천2(스마트커뮤니케이션),2024/1 ~ 2028/2,글로벌콘텐츠융합학부,not_found
H0002256,H0005064,글로벌콘텐츠융합학부,SYH0003,사랑의실천3(기업가정신),2025/1 ~ 2029/2,글로벌콘텐츠융합학부,not_found
H0002256,H0005064,글로벌콘텐츠융합학부,SYH0004,사랑의실천4(미래실용인재),2026/1 ~ 2030/2,글로벌콘텐츠융합학부,ok
H0002256,H0004739,글로벌한국학전공,CUL0011,창의적컴퓨팅,2023/1 ~ 2027/2,글로벌한국학전공,ok
H0002256,H0004739,글로벌한국학전공,CUL1122,창의적프로그래밍,2024/1 ~ 2028/2,글로벌한국학전공,ok
H0002256,H0004739,글로벌한국학전공,CUL1138,인공지능과기계학습,2024/1 ~ 2028/2,글로벌한국학전공,ok
H0002256,H0004739,글로벌한국학전공,DIS1029,한국학의이해,2023/1 ~ 2025/2,글로벌한국학전공,ok
H0002256,H0004739,글로벌한국학전공,DIS1030,한국대중문화의이해,2023/1 ~ 2027/2,글로벌한국학전공,ok
H0002256,H0004739,글로벌한국학전공,DIS1031,한국경영의이해,2023/1 ~ 2027/2,글로벌한국학전공,ok
H0002256,H0004739,글로벌한국학전공,DIS1032,글로벌한국어Ⅱ,2023/1 ~ 2027/2,글로벌한국학전공,ok
H0002256,H0004739,글로벌한국학전공,DIS1033,미디어콘텐츠와문화,2023/1 ~ 2027/2,글로벌한국학전공,ok
H0002256,H0004739,글로벌한국학전공,DIS2057,국제관계론,2023/1 ~ 2027/2,글로벌한국학전공,ok
H0002256,H0004739,글로벌한국학전공,DIS2058,한국어의실제와사용,2024/1 ~ 2028/2,글로벌한국학전공,ok
H0002256,H0004739,글로벌한국학전공,DIS2059,한류의정치경제학,2024/1 ~ 2028/2,글로벌한국학전공,not_found
H0002256,H0004739,글로벌한국학전공,DIS2060,한국정치,2024/1 ~ 2028/2,글로벌한국학전공,ok
H0002256,H0004739,글로벌한국학전공,DIS2061,한국역사콘텐츠,2024/1 ~ 2028/2,글로벌한국학전공,ok
H0002256,H0004739,글로벌한국학전공,DIS2062,한국어글쓰기,2024/1 ~ 2028/2,글로벌한국학전공,ok
H0002256,H0004739,글로벌한국학전공,DIS2063,K-pop특강,2024/1 ~ 2028/2,글로벌한국학전공,ok
H0002256,H0004739,글로벌한국학전공,DIS2064,한국과다문화사회,2024/1 ~ 2028/2,글로벌한국학전공,ok
H0002256,H0004739,글로벌한국학전공,DIS2065,한국문화콘텐츠와스토리텔링,2025/1 ~ 2029/2,글로벌한국학전공,ok
H0002256,H0004739,글로벌한국학전공,DIS3042,관광경영,2024/1 ~ 2028/2,글로벌한국학전공,not_found
H0002256,H0004739,글로벌한국학전공,DIS3043,한국기업의경쟁전략,2024/1 ~ 2028/2,글로벌한국학전공,not_found
H0002256,H0004739,글로벌한국학전공,DIS3044,한국기업의글로벌경영,2025/1 ~ 2029/2,글로벌한국학전공,ok
H0002256,H0004739,글로벌한국학전공,DIS3045,글로벌한국어Ⅲ,2025/1 ~ 2029/2,글로벌한국학전공,ok
H0002256,H0004739,글로벌한국학전공,DIS3046,동아시아국제관계와한국,2025/1 ~ 2025/2,글로벌한국학전공,ok
H0002256,H0004739,글로벌한국학전공,DIS3047,한국어텍스트읽기,2025/1 ~ 2029/2,글로벌한국학전공,ok
H0002256,H0004739,글로벌한국학전공,DIS3048,북한체제의이해,2025/1 ~ 2029/2,글로벌한국학전공,not_found
H0002256,H0004739,글로벌한국학전공,DIS3049,한국의시민사회,2026/1 ~ 2026/2,글로벌한국학전공,not_found
H0002256,H0004739,글로벌한국학전공,DIS4016,사회과학연구방법론,2025/1 ~ 2029/2,글로벌한국학전공,not_found
H0002256,H0004739,글로벌한국학전공,DIS4017,4차산업혁명과한국기업의신성장전략,2025/1 ~ 2029/2,글로벌한국학전공,not_found
H0002256,H0004739,글로벌한국학전공,DIS4018,엔터테인먼트산업경영,2025/1 ~ 2029/2,글로벌한국학전공,ok
H0002256,H0004739,글로벌한국학전공,DIS4019,남북관계론,2026/1 ~ 2030/2,글로벌한국학전공,not_found
H0002256,H0004739,글로벌한국학전공,DIS4020,K-Culture와콘텐츠산업의 이해,2026/1 ~ 2030/2,글로벌한국학전공,ok
H0002256,H0004739,글로벌한국학전공,DIS4021,한국의기업가정신,2026/1 ~ 2030/2,글로벌한국학전공,not_found
H0002256,H0004739,글로벌한국학전공,DIS4022,실무실습: 임팩트투자와창업,2026/1 ~ 2030/2,글로벌한국학전공,not_found
H0002256,H0004739,글로벌한국학전공,DIS4023,한국과세계정치경제,2026/1 ~ 2026/2,글로벌한국학전공,not_found
H0002256,H0004739,글로벌한국학전공,DIS4024,캡스톤특강:한국학과뉴미디어,2026/1 ~ 2026/2,글로벌한국학전공,not_found
H0002256,H0004739,글로벌한국학전공,DIS4025,미디어콘텐츠기획,2026/1 ~ 2030/2,글로벌한국학전공,not_found
H0002256,H0004739,글로벌한국학전공,GEN5029,커리어개발Ⅰ:취.창업진로로드맵,2023/1 ~ 2027/2,글로벌한국학전공,ok
H0002256,H0004739,글로벌한국학전공,GEN5100,커리어개발Ⅱ:취.창업진로포트폴리오,2025/1 ~ 2029/2,글로벌한국학전공,ok
H0002256,H0004739,글로벌한국학전공,GEN6032,전문학술영어,2024/1 ~ 2028/2,글로벌한국학전공,ok
H0002256,H0004739,글로벌한국학전공,KOR1016,글로벌한국어Ⅰ,2023/1 ~ 2027/2,글로벌한국학전공,ok
H0002256,H0004739,글로벌한국학전공,PPL4018,한국경제론,2024/1 ~ 2028/2,글로벌한국학전공,ok
H0002256,H0004739,글로벌한국학전공,SYH0001,사랑의실천1(한양나눔),2023/1 ~ 2027/2,글로벌한국학전공,ok
H0002256,H0004739,글로벌한국학전공,SYH0002,사랑의실천2(스마트커뮤니케이션),2024/1 ~ 2028/2,글로벌한국학전공,not_found
H0002256,H0004739,글로벌한국학전공,SYH0003,사랑의실천3(기업가정신),2025/1 ~ 2029/2,글로벌한국학전공,not_found
H0002256,H0004739,글로벌한국학전공,SYH0004,사랑의실천4(미래실용인재),2026/1 ~ 2030/2,글로벌한국학전공,ok
H0002256,H0002540,기계공학부,APA4010,기구학,1999/1 ~ 2030/2,기계공학부(학부/서울),ok
H0002256,H0002540,기계공학부,AUE4011,전산연소공학,2000/1 ~ 2018/2,기계공학부(학부/서울),ok
H0002256,H0002540,기계공학부,CHE3014,응용열역학,2007/1 ~ 2010/2,기계공학부(학부/서울),ok
H0002256,H0002540,기계공학부,CHM1002,일반화학및실험2,1997/1 ~ 2009/2,기계공학부(학부/서울),ok
H0002256,H0002540,기계공학부,CHM1005,일반화학및실험1,1997/1 ~ 2027/2,기계공학부(학부/서울),ok
H0002256,H0002540,기계공학부,COE1010,실용공학연구1,1998/1 ~ 2005/2,기계공학부(학부/서울),ok
H0002256,H0002540,기계공학부,COE1011,실용공학연구2,1998/1 ~ 2005/2,기계공학부(학부/서울),ok
H0002256,H0002540,기계공학부,COE1012,실용공학연구3,1999/1 ~ 2010/2,기계공학부(학부/서울),ok
H0002256,H0002540,기계공학부,COE1013,실용공학연구4,1999/1 ~ 2006/2,기계공학부(학부/서울),ok
H0002256,H0002540,기계공학부,COE1014,실용공학연구5,2000/1 ~ 2007/2,기계공학부(학부/서울),ok
H0002256,H0002540,기계공학부,COE1015,실용공학연구6,2000/1 ~ 2007/2,기계공학부(학부/서울),ok
H0002256,H0002540,기계공학부,COE2003,정역학,1997/1 ~ 2027/2,기계공학부(학부/서울),ok
H0002256,H0002540,기계공학부,COE2004,동역학,1998/1 ~ 2028/2,기계공학부(학부/서울),ok
H0002256,H0002540,기계공학부,COE2022,공학입문설계,2010/1 ~ 2027/2,기계공학부(학부/서울),ok
H0002256,H0002540,기계공학부,COE3051,공업수학1,1998/1 ~ 2028/2,기계공학부(학부/서울),ok
H0002256,H0002540,기계공학부,COE3052,공업수학2,1998/1 ~ 2028/2,기계공학부(학부/서울),ok
H0002256,H0002540,기계공학부,COE3053,공업수학3,1999/1 ~ 2029/2,기계공학부(학부/서울),ok
H0002256,H0002540,기계공학부,CSE4012,컴퓨터지원설계,1999/1 ~ 2018/2,기계공학부(학부/서울),ok
H0002256,H0002540,기계공학부,CUL0005,말과글,1997/1 ~ 2027/2,기계공학부(학부/서울),ok
H0002256,H0002540,기계공학부,CUL0011,창의적컴퓨팅,1997/1 ~ 2000/2,기계공학부(학부/서울),ok
H0002256,H0002540,기계공학부,CUL0201,상상과학성찰,2025/1 ~ 2027/2,기계공학부(학부/서울),ok
H0002256,H0002540,기계공학부,CUL0203,AI시대쓰기의힘,2025/1 ~ 2027/2,기계공학부(학부/서울),ok
H0002256,H0002540,기계공학부,CUL0205,Technology and AI: Utopia or Dystopia?,2026/1 ~ 2028/2,기계공학부(학부/서울),ok
H0002256,H0002540,기계공학부,CUL0208,스토리텔링의설계와전략,2026/1 ~ 2028/2,기계공학부(학부/서울),ok
H0002256,H0002540,기계공학부,CUL1138,인공지능과기계학습,2023/1 ~ 2028/2,기계공학부(학부/서울),ok
H0002256,H0002540,기계공학부,CUL3011,일반물리학및실험1,1997/1 ~ 2027/2,기계공학부(학부/서울),ok
H0002256,H0002540,기계공학부,CUL3012,일반물리학및실험2,1997/1 ~ 2027/2,기계공학부(학부/서울),ok
H0002256,H0002540,기계공학부,DME1001,창의설계세미나,2016/1 ~ 2018/1,기계공학부(학부/서울),not_found
H0002256,H0002540,기계공학부,DME1002,Adventure Design(기계융합1),2016/1 ~ 2027/2,기계공학부(학부/서울),ok
H0002256,H0002540,기계공학부,DME1003,스마트제조의이해,2016/1 ~ 2025/2,기계공학부(학부/서울),ok
H0002256,H0002540,기계공학부,DME2001,재료역학1,1998/1 ~ 2028/2,기계공학부(학부/서울),ok
H0002256,H0002540,기계공학부,DME2002,재료역학2,1998/1 ~ 2028/2,기계공학부(학부/서울),ok
H0002256,H0002540,기계공학부,DME2008,컴퓨터지원제도,1998/1 ~ 2028/2,기계공학부(학부/서울),ok
H0002256,H0002540,기계공학부,DME2010,기계설계입문,2010/1 ~ 2016/2,기계공학부(학부/서울),ok
H0002256,H0002540,기계공학부,DME2053,재료역학,2006/1 ~ 2009/2,기계공학부(학부/서울),ok
H0002256,H0002540,기계공학부,DME2055,기계재료학,1998/1 ~ 2028/2,기계공학부(학부/서울),ok
H0002256,H0002540,기계공학부,DME2059,인공지능이론및프로그래밍,2015/1 ~ 2025/2,기계공학부(학부/서울),ok
H0002256,H0002540,기계공학부,DME2060,선형대수원리및응용,2015/1 ~ 2029/2,기계공학부(학부/서울),ok
H0002256,H0002540,기계공학부,DME2061,기계공학도를위한인문과예술,2015/1 ~ 2019/2,기계공학부(학부/서울),ok
H0002256,H0002540,기계공학부,DME2062,Adventure Design(기계융합2),2020/1 ~ 2028/2,기계공학부(학부/서울),ok
H0002256,H0002540,기계공학부,DME2063,모빌리티산업의이해,2023/1 ~ 2025/2,기계공학부(학부/서울),ok
H0002256,H0002540,기계공학부,DME2064,수소모빌리티산업의응용과미래,2023/1 ~ 2028/2,기계공학부(학부/서울),ok
H0002256,H0002540,기계공학부,DME3003,시스템해석,1999/1 ~ 2029/2,기계공학부(학부/서울),ok
H0002256,H0002540,기계공학부,DME3009,최적설계,2002/1 ~ 2019/2,기계공학부(학부/서울),ok
H0002256,H0002540,기계공학부,DME3012,차체구조,2011/1 ~ 2014/2,기계공학부(학부/서울),ok
H0002256,H0002540,기계공학부,DME3052,기계요소설계,1999/1 ~ 2029/2,기계공학부(학부/서울),ok
H0002256,H0002540,기계공학부,DME3060,모빌리티전산설계,2018/1 ~ 2030/2,기계공학부(학부/서울),ok
H0002256,H0002540,기계공학부,DME3061,열역학전산설계,2018/1 ~ 2025/2,기계공학부(학부/서울),ok
H0002256,H0002540,기계공학부,DME3062,재료역학전산설계,2018/1 ~ 2029/2,기계공학부(학부/서울),ok
H0002256,H0002540,기계공학부,DME3063,열유체공학실험1,2018/1 ~ 2029/2,기계공학부(학부/서울),ok
H0002256,H0002540,기계공학부,DME3064,동역학제어실험1,2018/1 ~ 2029/2,기계공학부(학부/서울),ok
H0002256,H0002540,기계공학부,DME3065,재료및생산가공실험1,2018/1 ~ 2029/2,기계공학부(학부/서울),ok
H0002256,H0002540,기계공학부,DME3066,기계공학연구실현장실습1,2018/2 ~ 2025/2,기계공학부(학부/서울),not_found
H0002256,H0002540,기계공학부,DME3067,기계공학연구실현장실습2,2018/2 ~ 2025/2,기계공학부(학부/서울),ok
H0002256,H0002540,기계공학부,DME3068,스마트기계공작법,2020/1 ~ 2029/2,기계공학부(학부/서울),ok
H0002256,H0002540,기계공학부,DME4010,생산자동화,2000/1 ~ 2018/2,기계공학부(학부/서울),ok
H0002256,H0002540,기계공학부,DME4023,소음제어,2008/1 ~ 2018/2,기계공학부(학부/서울),ok
H0002256,H0002540,기계공학부,DME4025,차량파워트레인,2008/1 ~ 2018/2,기계공학부(학부/서울),ok
H0002256,H0002540,기계공학부,DME4026,디지털성형학,2008/1 ~ 2018/2,기계공학부(학부/서울),ok
H0002256,H0002540,기계공학부,DME4027,미래형자동차,2008/1 ~ 2018/2,기계공학부(학부/서울),ok
H0002256,H0002540,기계공학부,DME4061,기계제조및실습,2016/1 ~ 2018/2,기계공학부(학부/서울),not_found
H0002256,H0002540,기계공학부,DME4062,기계공학의응용과미래,2015/1 ~ 2029/2,기계공학부(학부/서울),ok
H0002256,H0002540,기계공학부,DME4063,기계공학의응용과미래2,2015/1 ~ 2030/2,기계공학부(학부/서울),ok
H0002256,H0002540,기계공학부,DME4064,열유체유동해석및설계,2015/1 ~ 2030/2,기계공학부(학부/서울),ok
H0002256,H0002540,기계공학부,DME4065,다분야기계시스템설계,2015/1 ~ 2026/2,기계공학부(학부/서울),ok
H0002256,H0002540,기계공학부,DME4066,열유체공학실험2,2019/1 ~ 2030/2,기계공학부(학부/서울),ok
H0002256,H0002540,기계공학부,DME4067,동역학제어실험2,2019/1 ~ 2030/2,기계공학부(학부/서울),ok
H0002256,H0002540,기계공학부,DME4068,재료및생산가공실험2,2019/1 ~ 2030/2,기계공학부(학부/서울),ok
H0002256,H0002540,기계공학부,DME4070,복합재료기초역학,2019/1 ~ 2030/2,기계공학부(학부/서울),ok
H0002256,H0002540,기계공학부,DME4071,기계공학연구실현장실습3,2019/1 ~ 2026/2,기계공학부(학부/서울),not_found
H0002256,H0002540,기계공학부,DME4072,기계공학연구실현장실습4,2018/2 ~ 2026/2,기계공학부(학부/서울),ok
H0002256,H0002540,기계공학부,DME4073,미래모빌리티및스마트제조PBL1,2020/1 ~ 2030/2,기계공학부(학부/서울),ok
H0002256,H0002540,기계공학부,DME4074,미래모빌리티및스마트제조PBL2,2020/1 ~ 2030/2,기계공학부(학부/서울),ok
H0002256,H0002540,기계공학부,DME4075,캐드와디지털팩토리개론,2020/1 ~ 2030/2,기계공학부(학부/서울),ok
H0002256,H0002540,기계공학부,DME4076,최적설계및머신러닝,2020/1 ~ 2030/2,기계공학부(학부/서울),ok
H0002256,H0002540,기계공학부,ELE3053,전기공학,1998/1 ~ 2028/2,기계공학부(학부/서울),ok
H0002256,H0002540,기계공학부,ENE3063,전자공학,2002/1 ~ 2028/2,기계공학부(학부/서울),ok
H0002256,H0002540,기계공학부,ENE4041,마이크로프로세서응용,2000/1 ~ 2018/2,기계공학부(학부/서울),ok
H0002256,H0002540,기계공학부,ENE4054,자동제어,2000/1 ~ 2030/2,기계공학부(학부/서울),ok
H0002256,H0002540,기계공학부,GEN1031,공학도를위한창의적컴퓨팅,2001/1 ~ 2027/2,기계공학부(학부/서울),ok
H0002256,H0002540,기계공학부,GEN1100,공학도를위한창의적프로그래밍,2023/1 ~ 2028/2,기계공학부(학부/서울),ok
H0002256,H0002540,기계공학부,GEN2052,미분적분학1,1997/1 ~ 2027/2,기계공학부(학부/서울),ok
H0002256,H0002540,기계공학부,GEN2053,미분적분학2,1997/1 ~ 2027/2,기계공학부(학부/서울),ok
H0002256,H0002540,기계공학부,GEN3058,공업경제학,2004/1 ~ 2009/2,기계공학부(학부/서울),ok
H0002256,H0002540,기계공학부,GEN4091,과학기술의철학적이해,2003/1 ~ 2027/2,기계공학부(학부/서울),ok
H0002256,H0002540,기계공학부,GEN5026,테크노경영학(스타트업종합설계),2004/1 ~ 2029/2,기계공학부(학부/서울),ok
H0002256,H0002540,기계공학부,GEN5029,커리어개발Ⅰ:취.창업진로로드맵,2005/1 ~ 2027/2,기계공학부(학부/서울),ok
H0002256,H0002540,기계공학부,GEN5100,커리어개발Ⅱ:취.창업진로포트폴리오,2015/1 ~ 2029/2,기계공학부(학부/서울),ok
H0002256,H0002540,기계공학부,GEN6032,전문학술영어,2010/1 ~ 2028/2,기계공학부(학부/서울),ok
H0002256,H0002540,기계공학부,GEN6044,한양사회봉사,2009/1 ~ 2014/2,기계공학부(학부/서울),ok
H0002256,H0002540,기계공학부,GEN6094,전공현장실습1,2014/1 ~ 2021/2,기계공학부(학부/서울),ok
H0002256,H0002540,기계공학부,GEN6095,전공현장실습2,2013/1 ~ 2021/2,기계공학부(학부/서울),ok
H0002256,H0002540,기계공학부,HYP1008,기계공학HY-UP(실용연구실습)1,2026/1 ~ 2029/2,기계공학부(학부/서울),not_found
H0002256,H0002540,기계공학부,HYP2007,기계공학HY-UP(실용연구실습)2,2026/1 ~ 2029/2,기계공학부(학부/서울),not_found
H0002256,H0002540,기계공학부,HYP3008,기계공학HY-UP(실용연구실습)3,2027/1 ~ 2030/2,기계공학부(학부/서울),not_found
H0002256,H0002540,기계공학부,HYP4007,기계공학HY-UP(실용연구실습)4,2027/1 ~ 2030/2,기계공학부(학부/서울),not_found
H0002256,H0002540,기계공학부,INE4091,전동기응용,2012/1 ~ 2018/2,기계공학부(학부/서울),ok
H0002256,H0002540,기계공학부,MAT2017,확률통계론,2002/1 ~ 2016/2,기계공학부(학부/서울),ok
H0002256,H0002540,기계공학부,MAT3008,수치해석,2003/1 ~ 2029/2,기계공학부(학부/서울),ok
H0002256,H0002540,기계공학부,MDE4002,터보기계,2000/1 ~ 2018/2,기계공학부(학부/서울),ok
H0002256,H0002540,기계공학부,MEE2010,기계공학기초실험및설계,2010/1 ~ 2028/2,기계공학부(학부/서울),ok
H0002256,H0002540,기계공학부,MEE3001,열역학1,1998/1 ~ 2028/2,기계공학부(학부/서울),ok
H0002256,H0002540,기계공학부,MEE3002,열역학2,1999/1 ~ 2029/2,기계공학부(학부/서울),ok
H0002256,H0002540,기계공학부,MEE3003,유체역학1,1999/1 ~ 2029/2,기계공학부(학부/서울),ok
H0002256,H0002540,기계공학부,MEE3004,유체역학2,1999/1 ~ 2029/2,기계공학부(학부/서울),ok
H0002256,H0002540,기계공학부,MEE3007,유체역학,2007/1 ~ 2010/2,기계공학부(학부/서울),ok
H0002256,H0002540,기계공학부,MEE3008,로보트공학,2000/1 ~ 2030/2,기계공학부(학부/서울),ok
H0002256,H0002540,기계공학부,MEE3012,열역학,2006/1 ~ 2009/2,기계공학부(학부/서울),ok
H0002256,H0002540,기계공학부,MEE3051,기계공학실험1,1999/1 ~ 2018/2,기계공학부(학부/서울),ok
H0002256,H0002540,기계공학부,MEE3052,기계공학실험2,1999/1 ~ 2018/2,기계공학부(학부/서울),ok
H0002256,H0002540,기계공학부,MEE4001,열전달,2000/1 ~ 2029/2,기계공학부(학부/서울),ok
H0002256,H0002540,기계공학부,MEE4002,연소기관,1999/1 ~ 2018/2,기계공학부(학부/서울),ok
H0002256,H0002540,기계공학부,MEE4011,계측공학,1998/1 ~ 2025/2,기계공학부(학부/서울),ok
H0002256,H0002540,기계공학부,MEE4019,유공압공학,2000/1 ~ 2018/2,기계공학부(학부/서울),ok
H0002256,H0002540,기계공학부,MEE4029,설비공학,2000/1 ~ 2018/2,기계공학부(학부/서울),ok
H0002256,H0002540,기계공학부,MEE4035,차량동역학시스템,2004/1 ~ 2018/2,기계공학부(학부/서울),ok
H0002256,H0002540,기계공학부,MEE4036,유한요소해석,2004/1 ~ 2018/2,기계공학부(학부/서울),ok
H0002256,H0002540,기계공학부,MEE4037,열동력공학,2004/1 ~ 2018/2,기계공학부(학부/서울),ok
H0002256,H0002540,기계공학부,MEE4079,항공우주공학,2004/1 ~ 2018/2,기계공학부(학부/서울),ok
H0002256,H0002540,기계공학부,MEE4083,플랜트엔지니어링,2006/1 ~ 2018/2,기계공학부(학부/서울),ok
H0002256,H0002540,기계공학부,MEE4085,기계공학종합설계1,2010/1 ~ 2030/2,기계공학부(학부/서울),ok
H0002256,H0002540,기계공학부,MEE4086,기계공학종합설계2,2010/1 ~ 2030/2,기계공학부(학부/서울),ok
H0002256,H0002540,기계공학부,MEE4087,정밀기계공학,2010/1 ~ 2018/2,기계공학부(학부/서울),ok
H0002256,H0002540,기계공학부,MEE4088,반도체및MEMS공정개론,2010/1 ~ 2030/2,기계공학부(학부/서울),ok
H0002256,H0002540,기계공학부,MME4058,파손분석및설계,2008/1 ~ 2018/2,기계공학부(학부/서울),ok
H0002256,H0002540,기계공학부,PBL4006,기계공학부캡스톤PBL,2019/1 ~ 2030/2,기계공학부(학부/서울),ok
H0002256,H0002540,기계공학부,PME2001,기계제작공정,1998/1 ~ 2019/2,기계공학부(학부/서울),ok
H0002256,H0002540,기계공학부,PME3002,기계진동학,1999/1 ~ 2029/2,기계공학부(학부/서울),ok
H0002256,H0002540,기계공학부,PME3006,메카트로닉스,1999/1 ~ 2017/2,기계공학부(학부/서울),ok
H0002256,H0002540,기계공학부,PME4008,광공학,2000/1 ~ 2018/2,기계공학부(학부/서울),ok
H0002256,H0002540,기계공학부,SYH0001,사랑의실천1(한양나눔),2007/1 ~ 2027/2,기계공학부(학부/서울),ok
H0002256,H0002540,기계공학부,SYH0002,사랑의실천2(스마트커뮤니케이션),2008/1 ~ 2028/2,기계공학부(학부/서울),not_found
H0002256,H0002540,기계공학부,SYH0003,사랑의실천3(기업가정신),2011/1 ~ 2029/2,기계공학부(학부/서울),not_found
H0002256,H0002540,기계공학부,SYH0004,사랑의실천4(미래실용인재),2012/1 ~ 2030/2,기계공학부(학부/서울),ok
H0002256,H0002540,기계공학부,TEA3028,공업논리및논술,2011/1 ~ 2021/2,기계공학부(학부/서울),ok
H0002256,H0002540,기계공학부,TEA5008,공업교과교육론,2011/1 ~ 2021/2,기계공학부(학부/서울),ok
H0002256,H0002540,기계공학부,TEA6008,공업교과교재연구및지도,2012/1 ~ 2022/2,기계공학부(학부/서울),ok
H0002256,H0004744,데이터사이언스전공,COE3051,공업수학1,2022/1 ~ 2022/2,데이터사이언스전공,ok
H0002256,H0004744,데이터사이언스전공,CSE2010,자료구조론,2022/1 ~ 2022/2,데이터사이언스전공,ok
H0002256,H0004744,데이터사이언스전공,CSE4007,인공지능,2022/1 ~ 2029/2,데이터사이언스전공,ok
H0002256,H0004744,데이터사이언스전공,CSE4055,지능형로보틱스,2022/1 ~ 2029/2,데이터사이언스전공,ok
H0002256,H0004744,데이터사이언스전공,ELE3021,운영체제,2022/1 ~ 2029/2,데이터사이언스전공,ok
H0002256,H0004744,데이터사이언스전공,GEN5100,커리어개발Ⅱ:취.창업진로포트폴리오,2022/1 ~ 2029/2,데이터사이언스전공,ok
H0002256,H0004744,데이터사이언스전공,GEN6032,전문학술영어,2023/1 ~ 2024/2,데이터사이언스전공,ok
H0002256,H0004744,데이터사이언스전공,HYP1012,데이터사이언스HY-UP(실용연구실습)1,2026/1 ~ 2029/2,데이터사이언스전공,ok
H0002256,H0004744,데이터사이언스전공,HYP2010,데이터사이언스HY-UP(실용연구실습)2,2026/1 ~ 2029/2,데이터사이언스전공,not_found
H0002256,H0004744,데이터사이언스전공,ITE2037,객체지향시스템설계,2022/1 ~ 2022/2,데이터사이언스전공,ok
H0002256,H0004744,데이터사이언스전공,ITE2038,데이터베이스시스템및응용,2022/1 ~ 2022/2,데이터사이언스전공,ok
H0002256,H0004744,데이터사이언스전공,ITE2039,알고리즘및문제해결기법,2022/1 ~ 2022/2,데이터사이언스전공,ok
H0002256,H0004744,데이터사이언스전공,ITE3062,인간컴퓨터상호작용,2022/1 ~ 2029/2,데이터사이언스전공,ok
H0002256,H0004744,데이터사이언스전공,ITE4005,데이터사이언스,2022/1 ~ 2029/2,데이터사이언스전공,ok
H0002256,H0004744,데이터사이언스전공,ITE4052,컴퓨터비전,2022/1 ~ 2029/2,데이터사이언스전공,ok
H0002256,H0004744,데이터사이언스전공,ITE4053,딥러닝및응용,2023/1 ~ 2030/2,데이터사이언스전공,ok
H0002256,H0004744,데이터사이언스전공,ITE4080,지능형생물정보학,2023/1 ~ 2030/2,데이터사이언스전공,ok
H0002256,H0004744,데이터사이언스전공,MAT2017,확률통계론,2022/1 ~ 2022/2,데이터사이언스전공,ok
H0002256,H0004744,데이터사이언스전공,MAT3008,수치해석,2023/1 ~ 2030/2,데이터사이언스전공,ok
H0002256,H0004744,데이터사이언스전공,SOI1009,머신러닝1,2022/1 ~ 2022/2,데이터사이언스전공,ok
H0002256,H0004744,데이터사이언스전공,SOI1010,머신러닝2,2022/1 ~ 2022/2,데이터사이언스전공,ok
H0002256,H0004744,데이터사이언스전공,SOI2002,인공지능베이지안이론,2021/1 ~ 2029/2,데이터사이언스전공,not_found
H0002256,H0004744,데이터사이언스전공,SOI2007,인지신경과학,2022/1 ~ 2022/2,데이터사이언스전공,ok
H0002256,H0004744,데이터사이언스전공,SOI3006,계산인지과학,2022/1 ~ 2029/2,데이터사이언스전공,ok
H0002256,H0004744,데이터사이언스전공,SOI3009,강화학습이론및응용,2022/1 ~ 2029/2,데이터사이언스전공,not_found
H0002256,H0004744,데이터사이언스전공,SOI3010,데이터사이언스연구실현장실습2,2022/1 ~ 2025/2,데이터사이언스전공,ok
H0002256,H0004744,데이터사이언스전공,SOI3011,컴퓨팅사고를통한문제해결,2022/1 ~ 2029/2,데이터사이언스전공,ok
H0002256,H0004744,데이터사이언스전공,SOI3012,데이터사이언스연구실현장실습1,2023/1 ~ 2025/2,데이터사이언스전공,ok
H0002256,H0004744,데이터사이언스전공,SOI3015,AI컴퓨팅시스템,2026/2 ~ 2029/2,데이터사이언스전공,not_found
H0002256,H0004744,데이터사이언스전공,SOI4003,인공지능졸업프로젝트,2023/1 ~ 2026/2,데이터사이언스전공,not_found
H0002256,H0004744,데이터사이언스전공,SOI4005,글로벌인턴십,2023/1 ~ 2029/2,데이터사이언스전공,ok
H0002256,H0004744,데이터사이언스전공,SOI4006,인공지능프로젝트1(캡스톤디자인),2023/2 ~ 2030/2,데이터사이언스전공,ok
H0002256,H0004744,데이터사이언스전공,SOI4007,인공지능프로젝트2(캡스톤디자인),2023/2 ~ 2030/2,데이터사이언스전공,ok
H0002256,H0004744,데이터사이언스전공,SOI4008,디지털헬스케어리터러시및연결,2024/1 ~ 2030/2,데이터사이언스전공,ok
H0002256,H0004744,데이터사이언스전공,SOI4010,컴퓨테이셔널소셜사이언스,2024/1 ~ 2030/2,데이터사이언스전공,ok
H0002256,H0004744,데이터사이언스전공,SOI4012,비정형데이터분석,2025/2 ~ 2029/2,데이터사이언스전공,ok
H0002256,H0004744,데이터사이언스전공,SOI4013,시계열데이터분석및실습,2025/2 ~ 2029/2,데이터사이언스전공,ok
H0002256,H0004744,데이터사이언스전공,SOI4016,데이터사이언스세미나1,2027/1 ~ 2030/2,데이터사이언스전공,not_found
H0002256,H0004744,데이터사이언스전공,SOI4017,데이터사이언스세미나2,2026/2 ~ 2030/2,데이터사이언스전공,not_found
H0002256,H0004744,데이터사이언스전공,SYH0002,사랑의실천2(스마트커뮤니케이션),2022/1 ~ 2022/2,데이터사이언스전공,not_found
H0002256,H0004744,데이터사이언스전공,SYH0003,사랑의실천3(기업가정신),2022/1 ~ 2029/2,데이터사이언스전공,not_found
H0002256,H0004744,데이터사이언스전공,SYH0004,사랑의실천4(미래실용인재),2023/1 ~ 2030/2,데이터사이언스전공,ok
H0002256,H0004450,데이터사이언스학과,COE3051,공업수학1,2021/1 ~ 2024/2,데이터사이언스학과,ok
H0002256,H0004450,데이터사이언스학과,CSE2010,자료구조론,2021/1 ~ 2024/2,데이터사이언스학과,ok
H0002256,H0004450,데이터사이언스학과,CSE4007,인공지능,2022/1 ~ 2025/2,데이터사이언스학과,ok
H0002256,H0004450,데이터사이언스학과,CSE4055,지능형로보틱스,2022/1 ~ 2025/2,데이터사이언스학과,ok
H0002256,H0004450,데이터사이언스학과,CUL0005,말과글,2020/1 ~ 2023/2,데이터사이언스학과,ok
H0002256,H0004450,데이터사이언스학과,ECE3008,신호와시스템,2021/1 ~ 2021/2,데이터사이언스학과,ok
H0002256,H0004450,데이터사이언스학과,ELE3021,운영체제,2022/1 ~ 2025/2,데이터사이언스학과,ok
H0002256,H0004450,데이터사이언스학과,GEN2052,미분적분학1,2021/1 ~ 2023/2,데이터사이언스학과,ok
H0002256,H0004450,데이터사이언스학과,GEN2053,미분적분학2,2021/1 ~ 2023/2,데이터사이언스학과,ok
H0002256,H0004450,데이터사이언스학과,GEN4091,과학기술의철학적이해,2020/1 ~ 2023/2,데이터사이언스학과,ok
H0002256,H0004450,데이터사이언스학과,GEN5029,커리어개발Ⅰ:취.창업진로로드맵,2020/1 ~ 2023/2,데이터사이언스학과,ok
H0002256,H0004450,데이터사이언스학과,GEN5100,커리어개발Ⅱ:취.창업진로포트폴리오,2022/1 ~ 2025/2,데이터사이언스학과,ok
H0002256,H0004450,데이터사이언스학과,ITE1014,소프트웨어입문설계,2021/1 ~ 2023/2,데이터사이언스학과,ok
H0002256,H0004450,데이터사이언스학과,ITE1015,창의적소프트웨어프로그래밍,2021/1 ~ 2023/2,데이터사이언스학과,ok
H0002256,H0004450,데이터사이언스학과,ITE2037,객체지향시스템설계,2021/1 ~ 2024/2,데이터사이언스학과,ok
H0002256,H0004450,데이터사이언스학과,ITE2038,데이터베이스시스템및응용,2021/1 ~ 2024/2,데이터사이언스학과,ok
H0002256,H0004450,데이터사이언스학과,ITE2039,알고리즘및문제해결기법,2021/1 ~ 2024/2,데이터사이언스학과,ok
H0002256,H0004450,데이터사이언스학과,ITE3062,인간컴퓨터상호작용,2022/1 ~ 2025/2,데이터사이언스학과,ok
H0002256,H0004450,데이터사이언스학과,ITE4005,데이터사이언스,2022/1 ~ 2025/2,데이터사이언스학과,ok
H0002256,H0004450,데이터사이언스학과,ITE4052,컴퓨터비전,2022/1 ~ 2025/2,데이터사이언스학과,ok
H0002256,H0004450,데이터사이언스학과,ITE4053,딥러닝및응용,2023/1 ~ 2026/2,데이터사이언스학과,ok
H0002256,H0004450,데이터사이언스학과,ITE4080,지능형생물정보학,2023/1 ~ 2026/2,데이터사이언스학과,ok
H0002256,H0004450,데이터사이언스학과,MAT2003,선형대수,2021/1 ~ 2023/2,데이터사이언스학과,ok
H0002256,H0004450,데이터사이언스학과,MAT2017,확률통계론,2021/1 ~ 2024/2,데이터사이언스학과,ok
H0002256,H0004450,데이터사이언스학과,MAT2020,이산수학,2021/1 ~ 2023/2,데이터사이언스학과,ok
H0002256,H0004450,데이터사이언스학과,MAT3008,수치해석,2023/1 ~ 2026/2,데이터사이언스학과,ok
H0002256,H0004450,데이터사이언스학과,SOI1001,인공지능기초,2020/1 ~ 2020/2,데이터사이언스학과,not_found
H0002256,H0004450,데이터사이언스학과,SOI1002,파이션기초,2020/1 ~ 2020/2,데이터사이언스학과,not_found
H0002256,H0004450,데이터사이언스학과,SOI1003,데이터사이언스기초,2020/1 ~ 2023/2,데이터사이언스학과,ok
H0002256,H0004450,데이터사이언스학과,SOI1004,인공지능캡스톤프로젝트1-1,2020/1 ~ 2020/2,데이터사이언스학과,not_found
H0002256,H0004450,데이터사이언스학과,SOI1005,고급파이션프로그래밍,2020/1 ~ 2020/2,데이터사이언스학과,not_found
H0002256,H0004450,데이터사이언스학과,SOI1006,인지과학및인공지능,2020/1 ~ 2020/2,데이터사이언스학과,not_found
H0002256,H0004450,데이터사이언스학과,SOI1007,지식추출및추론,2020/1 ~ 2020/2,데이터사이언스학과,not_found
H0002256,H0004450,데이터사이언스학과,SOI1008,데이터사이언스프로젝트,2020/1 ~ 2023/2,데이터사이언스학과,ok
H0002256,H0004450,데이터사이언스학과,SOI1009,머신러닝1,2020/2 ~ 2024/2,데이터사이언스학과,ok
H0002256,H0004450,데이터사이언스학과,SOI1010,머신러닝2,2020/2 ~ 2024/2,데이터사이언스학과,ok
H0002256,H0004450,데이터사이언스학과,SOI2002,인공지능베이지안이론,2022/1 ~ 2025/2,데이터사이언스학과,not_found
H0002256,H0004450,데이터사이언스학과,SOI2007,인지신경과학,2021/1 ~ 2024/2,데이터사이언스학과,ok
H0002256,H0004450,데이터사이언스학과,SOI3006,계산인지과학,2022/1 ~ 2025/2,데이터사이언스학과,ok
H0002256,H0004450,데이터사이언스학과,SOI3009,강화학습이론및응용,2022/1 ~ 2025/2,데이터사이언스학과,not_found
H0002256,H0004450,데이터사이언스학과,SOI4003,인공지능졸업프로젝트,2023/1 ~ 2026/2,데이터사이언스학과,not_found
H0002256,H0004450,데이터사이언스학과,SOI4005,글로벌인턴십,2023/1 ~ 2026/2,데이터사이언스학과,ok
H0002256,H0004450,데이터사이언스학과,SYH0001,사랑의실천1(한양나눔),2020/1 ~ 2023/2,데이터사이언스학과,ok
H0002256,H0004450,데이터사이언스학과,SYH0002,사랑의실천2(스마트커뮤니케이션),2021/1 ~ 2024/2,데이터사이언스학과,not_found
H0002256,H0004450,데이터사이언스학과,SYH0003,사랑의실천3(기업가정신),2022/1 ~ 2025/2,데이터사이언스학과,not_found
H0002256,H0004450,데이터사이언스학과,SYH0004,사랑의실천4(미래실용인재),2023/1 ~ 2026/2,데이터사이언스학과,ok
H0002256,H0004707,데이터사이언스학부,COE3051,공업수학1,2022/1 ~ 2028/2,데이터사이언스학부,ok
H0002256,H0004707,데이터사이언스학부,CSE2010,자료구조론,2022/1 ~ 2028/2,데이터사이언스학부,ok
H0002256,H0004707,데이터사이언스학부,CUL0005,말과글,2022/1 ~ 2027/2,데이터사이언스학부,ok
H0002256,H0004707,데이터사이언스학부,CUL0202,문화기술인간,2025/1 ~ 2027/2,데이터사이언스학부,ok
H0002256,H0004707,데이터사이언스학부,CUL0203,AI시대쓰기의힘,2025/1 ~ 2027/2,데이터사이언스학부,ok
H0002256,H0004707,데이터사이언스학부,CUL0205,Technology and AI: Utopia or Dystopia?,2026/1 ~ 2028/2,데이터사이언스학부,ok
H0002256,H0004707,데이터사이언스학부,CUL0209,"""Wellness Web: Self, Society, and Beyond",2026/1 ~ 2028/2,데이터사이언스학부,ok
H0002256,H0004707,데이터사이언스학부,GEN2052,미분적분학1,2022/1 ~ 2027/2,데이터사이언스학부,ok
H0002256,H0004707,데이터사이언스학부,GEN2053,미분적분학2,2022/1 ~ 2027/2,데이터사이언스학부,ok
H0002256,H0004707,데이터사이언스학부,GEN4091,과학기술의철학적이해,2022/1 ~ 2027/2,데이터사이언스학부,ok
H0002256,H0004707,데이터사이언스학부,GEN5029,커리어개발Ⅰ:취.창업진로로드맵,2022/1 ~ 2027/2,데이터사이언스학부,ok
H0002256,H0004707,데이터사이언스학부,GEN6032,전문학술영어,2023/1 ~ 2028/2,데이터사이언스학부,ok
H0002256,H0004707,데이터사이언스학부,ITE1014,소프트웨어입문설계,2022/1 ~ 2025/2,데이터사이언스학부,ok
H0002256,H0004707,데이터사이언스학부,ITE1015,창의적소프트웨어프로그래밍,2022/1 ~ 2027/2,데이터사이언스학부,ok
H0002256,H0004707,데이터사이언스학부,ITE2037,객체지향시스템설계,2022/1 ~ 2028/2,데이터사이언스학부,ok
H0002256,H0004707,데이터사이언스학부,ITE2038,데이터베이스시스템및응용,2022/1 ~ 2028/2,데이터사이언스학부,ok
H0002256,H0004707,데이터사이언스학부,ITE2039,알고리즘및문제해결기법,2022/1 ~ 2028/2,데이터사이언스학부,ok
H0002256,H0004707,데이터사이언스학부,MAT2003,선형대수,2022/1 ~ 2028/2,데이터사이언스학부,ok
H0002256,H0004707,데이터사이언스학부,MAT2017,확률통계론,2022/1 ~ 2028/2,데이터사이언스학부,ok
H0002256,H0004707,데이터사이언스학부,MAT2020,이산수학,2022/1 ~ 2027/2,데이터사이언스학부,ok
H0002256,H0004707,데이터사이언스학부,SOI1003,데이터사이언스기초,2022/1 ~ 2025/2,데이터사이언스학부,ok
H0002256,H0004707,데이터사이언스학부,SOI1008,데이터사이언스프로젝트,2022/1 ~ 2024/2,데이터사이언스학부,ok
H0002256,H0004707,데이터사이언스학부,SOI1009,머신러닝1,2022/1 ~ 2028/2,데이터사이언스학부,ok
H0002256,H0004707,데이터사이언스학부,SOI1010,머신러닝2,2022/1 ~ 2028/2,데이터사이언스학부,ok
H0002256,H0004707,데이터사이언스학부,SOI2007,인지신경과학,2022/1 ~ 2028/2,데이터사이언스학부,ok
H0002256,H0004707,데이터사이언스학부,SOI2008,인지과학입문,2026/1 ~ 2028/2,데이터사이언스학부,ok
H0002256,H0004707,데이터사이언스학부,SYH0001,사랑의실천1(한양나눔),2022/1 ~ 2027/2,데이터사이언스학부,ok
H0002256,H0004707,데이터사이언스학부,SYH0002,사랑의실천2(스마트커뮤니케이션),2022/1 ~ 2028/2,데이터사이언스학부,not_found
H0002256,H0005012,데이터융합서비스디자인융합전공,APS2004,인간심리와경험,2017/1 ~ 2028/2,데이터융합서비스디자인융합전공,ok
H0002256,H0005012,데이터융합서비스디자인융합전공,APS2007,정보시각화,2017/1 ~ 2028/2,데이터융합서비스디자인융합전공,ok
H0002256,H0005012,데이터융합서비스디자인융합전공,APS3003,디자인혁신경영,2019/1 ~ 2030/2,데이터융합서비스디자인융합전공,ok
H0002256,H0005012,데이터융합서비스디자인융합전공,APS3007,시계열및인공지능예측,2025/2 ~ 2029/2,데이터융합서비스디자인융합전공,ok
H0002256,H0005012,데이터융합서비스디자인융합전공,APS3009,인간중심디자인,2025/1 ~ 2029/2,데이터융합서비스디자인융합전공,not_found
H0002256,H0005012,데이터융합서비스디자인융합전공,APS3013,서비스경영,2025/2 ~ 2030/2,데이터융합서비스디자인융합전공,ok
H0002256,H0005012,데이터융합서비스디자인융합전공,APS4022,비즈니스모델디자인,2026/1 ~ 2030/2,데이터융합서비스디자인융합전공,ok
H0002256,H0005012,데이터융합서비스디자인융합전공,CUL1209,기술전략과R&D기획,2026/1 ~ 2029/2,데이터융합서비스디자인융합전공,ok
H0002256,H0005012,데이터융합서비스디자인융합전공,CUL7113,ESG평가방법론,2026/1 ~ 2029/2,데이터융합서비스디자인융합전공,ok
H0002256,H0005012,데이터융합서비스디자인융합전공,DSD2001,인간-AI상호작용디자인,2017/1 ~ 2028/2,데이터융합서비스디자인융합전공,ok
H0002256,H0005012,데이터융합서비스디자인융합전공,DSD3001,데이터프라이버시디자인,2018/1 ~ 2029/2,데이터융합서비스디자인융합전공,ok
H0002256,H0005012,데이터융합서비스디자인융합전공,DSD3002,디지털프로토타이핑,2018/1 ~ 2029/2,데이터융합서비스디자인융합전공,not_found
H0002256,H0005012,데이터융합서비스디자인융합전공,DSD3003,AI디자인프로토타이핑,2024/2 ~ 2029/2,데이터융합서비스디자인융합전공,ok
H0002256,H0005012,데이터융합서비스디자인융합전공,DSD4001,혁신서비스개발PBL,2019/1 ~ 2030/2,데이터융합서비스디자인융합전공,not_found
H0002256,H0005012,데이터융합서비스디자인융합전공,DSD4002,디지털정책트렌드,2024/2 ~ 2030/2,데이터융합서비스디자인융합전공,ok
H0002256,H0005012,데이터융합서비스디자인융합전공,DST3002,LLM과비즈니스,2024/2 ~ 2029/2,데이터융합서비스디자인융합전공,not_found
H0002256,H0005012,데이터융합서비스디자인융합전공,DST4001,디지털혁신경영,2024/2 ~ 2030/2,데이터융합서비스디자인융합전공,ok
H0002256,H0005012,데이터융합서비스디자인융합전공,FUT2014,데이터시각화,2018/1 ~ 2029/2,데이터융합서비스디자인융합전공,ok
H0002256,H0005012,데이터융합서비스디자인융합전공,HIC2001,기술경영에센셜,2026/1 ~ 2028/2,데이터융합서비스디자인융합전공,ok
H0002256,H0005012,데이터융합서비스디자인융합전공,HIC2004,디자인과혁신심리학,2026/1 ~ 2028/2,데이터융합서비스디자인융합전공,not_found
H0002256,H0005012,데이터융합서비스디자인융합전공,HIC2025,혁신가와기업가정신,2026/1 ~ 2028/2,데이터융합서비스디자인융합전공,not_found
H0002256,H0005012,데이터융합서비스디자인융합전공,HIC3008,메이크어드밴스드,2026/1 ~ 2029/2,데이터융합서비스디자인융합전공,not_found
H0002256,H0005012,데이터융합서비스디자인융합전공,HIC3017,브랜드전략과마케팅,2026/1 ~ 2029/2,데이터융합서비스디자인융합전공,not_found
H0002256,H0005012,데이터융합서비스디자인융합전공,HIC3018,비즈니스데이터스토리텔링,2026/1 ~ 2029/2,데이터융합서비스디자인융합전공,not_found
H0002256,H0005012,데이터융합서비스디자인융합전공,HIC3022,스타트업런치패드,2026/1 ~ 2029/2,데이터융합서비스디자인융합전공,not_found
H0002256,H0005012,데이터융합서비스디자인융합전공,HIC3031,제품-서비스경험디자인,2026/1 ~ 2028/2,데이터융합서비스디자인융합전공,ok
H0002256,H0005012,데이터융합서비스디자인융합전공,HIC3032,지식재산과사업화전략,2026/1 ~ 2029/2,데이터융합서비스디자인융합전공,not_found
H0002256,H0005012,데이터융합서비스디자인융합전공,HIC3033,혁신애널리틱스,2026/1 ~ 2029/2,데이터융합서비스디자인융합전공,not_found
H0002256,H0005012,데이터융합서비스디자인융합전공,HIC4006,딥테크혁신경영,2026/1 ~ 2030/2,데이터융합서비스디자인융합전공,not_found
H0002256,H0005012,데이터융합서비스디자인융합전공,HIC4008,리걸디자인,2026/1 ~ 2029/2,데이터융합서비스디자인융합전공,not_found
H0002256,H0005012,데이터융합서비스디자인융합전공,HIC4017,스타트업파이낸싱과투자,2026/1 ~ 2030/2,데이터융합서비스디자인융합전공,not_found
H0002256,H0005012,데이터융합서비스디자인융합전공,ITC2001,파이썬데이터분석,2025/2 ~ 2028/2,데이터융합서비스디자인융합전공,not_found
H0002256,H0005012,데이터융합서비스디자인융합전공,ITC2002,디지털기술과경영,2025/2 ~ 2028/2,데이터융합서비스디자인융합전공,not_found
H0002256,H0005012,데이터융합서비스디자인융합전공,ITC2005,컴퓨터그래픽스디자인,2025/1 ~ 2028/2,데이터융합서비스디자인융합전공,not_found
H0002256,H0005012,데이터융합서비스디자인융합전공,ITC3001,고객경험관리,2025/2 ~ 2029/2,데이터융합서비스디자인융합전공,not_found
H0002256,H0005012,데이터융합서비스디자인융합전공,ITC3010,모바일앱프로그래밍,2025/2 ~ 2029/2,데이터융합서비스디자인융합전공,not_found
H0002256,H0005012,데이터융합서비스디자인융합전공,ITC3012,UI/UX입문,2025/1 ~ 2029/2,데이터융합서비스디자인융합전공,not_found
H0002256,H0005012,데이터융합서비스디자인융합전공,ITC3014,경험서비스디자인,2017/1 ~ 2028/2,데이터융합서비스디자인융합전공,not_found
H0002256,H0005012,데이터융합서비스디자인융합전공,ITC3017,경험평가방법론,2018/1 ~ 2029/2,데이터융합서비스디자인융합전공,not_found
H0002256,H0005012,데이터융합서비스디자인융합전공,ITC3018,데이터기반경험서비스설계,2018/1 ~ 2029/2,데이터융합서비스디자인융합전공,not_found
H0002256,H0005012,데이터융합서비스디자인융합전공,ITE4012,신제품개발,2019/1 ~ 2030/2,데이터융합서비스디자인융합전공,ok
H0002256,H0005012,데이터융합서비스디자인융합전공,ITE4046,웹프로그래밍,2026/1 ~ 2028/2,데이터융합서비스디자인융합전공,ok
H0002256,H0002570,도시공학과,CHM1002,일반화학및실험2,1997/1 ~ 2027/2,도시공학과(학부/서울),ok
H0002256,H0002570,도시공학과,CHM1005,일반화학및실험1,1997/1 ~ 2027/2,도시공학과(학부/서울),ok
H0002256,H0002570,도시공학과,CIE2007,측량학,1991/1 ~ 2000/2,도시공학과(학부/서울),ok
H0002256,H0002570,도시공학과,COE1010,실용공학연구1,1998/1 ~ 2025/2,도시공학과(학부/서울),ok
H0002256,H0002570,도시공학과,COE1011,실용공학연구2,1998/1 ~ 2025/2,도시공학과(학부/서울),ok
H0002256,H0002570,도시공학과,COE1012,실용공학연구3,1998/1 ~ 2026/2,도시공학과(학부/서울),ok
H0002256,H0002570,도시공학과,COE1013,실용공학연구4,1998/1 ~ 2000/2,도시공학과(학부/서울),ok
H0002256,H0002570,도시공학과,COE1014,실용공학연구5,1998/1 ~ 2001/2,도시공학과(학부/서울),ok
H0002256,H0002570,도시공학과,COE1015,실용공학연구6,1998/1 ~ 2001/2,도시공학과(학부/서울),ok
H0002256,H0002570,도시공학과,COE2022,공학입문설계,2017/1 ~ 2027/2,도시공학과(학부/서울),ok
H0002256,H0002570,도시공학과,COE3001,공업수학,1991/1 ~ 1994/2,도시공학과(학부/서울),ok
H0002256,H0002570,도시공학과,COE3051,공업수학1,1994/1 ~ 2028/2,도시공학과(학부/서울),ok
H0002256,H0002570,도시공학과,COE3052,공업수학2,1994/1 ~ 2028/2,도시공학과(학부/서울),ok
H0002256,H0002570,도시공학과,COE3053,공업수학3,1995/1 ~ 1998/2,도시공학과(학부/서울),ok
H0002256,H0002570,도시공학과,CUL0005,말과글,1997/1 ~ 2027/2,도시공학과(학부/서울),ok
H0002256,H0002570,도시공학과,CUL0011,창의적컴퓨팅,1997/1 ~ 1998/2,도시공학과(학부/서울),ok
H0002256,H0002570,도시공학과,CUL0202,문화기술인간,2025/1 ~ 2027/2,도시공학과(학부/서울),ok
H0002256,H0002570,도시공학과,CUL0203,AI시대쓰기의힘,2025/1 ~ 2027/2,도시공학과(학부/서울),ok
H0002256,H0002570,도시공학과,CUL0205,Technology and AI: Utopia or Dystopia?,2026/1 ~ 2028/2,도시공학과(학부/서울),ok
H0002256,H0002570,도시공학과,CUL0207,미래지능연결,2026/1 ~ 2028/2,도시공학과(학부/서울),ok
H0002256,H0002570,도시공학과,CUL1138,인공지능과기계학습,2023/1 ~ 2028/2,도시공학과(학부/서울),ok
H0002256,H0002570,도시공학과,CUL3011,일반물리학및실험1,1997/1 ~ 2027/2,도시공학과(학부/서울),ok
H0002256,H0002570,도시공학과,CUL3012,일반물리학및실험2,1997/1 ~ 2015/2,도시공학과(학부/서울),ok
H0002256,H0002570,도시공학과,ECO3015,계량분석론,1999/1 ~ 2018/2,도시공학과(학부/서울),ok
H0002256,H0002570,도시공학과,ECO3058,지역경제,1992/1 ~ 2025/2,도시공학과(학부/서울),ok
H0002256,H0002570,도시공학과,ENE4044,컴퓨터공학,2017/1 ~ 2028/2,도시공학과(학부/서울),ok
H0002256,H0002570,도시공학과,GEN0068,일반화학1,1989/1 ~ 1996/2,도시공학과(학부/서울),ok
H0002256,H0002570,도시공학과,GEN0069,일반화학2,1989/1 ~ 1996/2,도시공학과(학부/서울),ok
H0002256,H0002570,도시공학과,GEN1002,전공영어,1990/1 ~ 1993/2,도시공학과(학부/서울),ok
H0002256,H0002570,도시공학과,GEN1031,공학도를위한창의적컴퓨팅,1993/1 ~ 2027/2,도시공학과(학부/서울),ok
H0002256,H0002570,도시공학과,GEN1100,공학도를위한창의적프로그래밍,2023/1 ~ 2028/2,도시공학과(학부/서울),ok
H0002256,H0002570,도시공학과,GEN2052,미분적분학1,1993/1 ~ 2027/2,도시공학과(학부/서울),ok
H0002256,H0002570,도시공학과,GEN2053,미분적분학2,1993/1 ~ 2027/2,도시공학과(학부/서울),ok
H0002256,H0002570,도시공학과,GEN3052,환경공학,2000/1 ~ 2001/2,도시공학과(학부/서울),ok
H0002256,H0002570,도시공학과,GEN3058,공업경제학,2010/1 ~ 2024/2,도시공학과(학부/서울),ok
H0002256,H0002570,도시공학과,GEN4091,과학기술의철학적이해,2009/1 ~ 2027/2,도시공학과(학부/서울),ok
H0002256,H0002570,도시공학과,GEN5026,테크노경영학(스타트업종합설계),2011/1 ~ 2029/2,도시공학과(학부/서울),ok
H0002256,H0002570,도시공학과,GEN5029,커리어개발Ⅰ:취.창업진로로드맵,2009/1 ~ 2027/2,도시공학과(학부/서울),ok
H0002256,H0002570,도시공학과,GEN5100,커리어개발Ⅱ:취.창업진로포트폴리오,2015/1 ~ 2029/2,도시공학과(학부/서울),ok
H0002256,H0002570,도시공학과,GEN6032,전문학술영어,2010/1 ~ 2028/2,도시공학과(학부/서울),ok
H0002256,H0002570,도시공학과,GEN6044,한양사회봉사,2009/1 ~ 2014/2,도시공학과(학부/서울),ok
H0002256,H0002570,도시공학과,GEN6094,전공현장실습1,2012/1 ~ 2016/2,도시공학과(학부/서울),ok
H0002256,H0002570,도시공학과,GEN6095,전공현장실습2,2014/1 ~ 2016/2,도시공학과(학부/서울),ok
H0002256,H0002570,도시공학과,HYP1013,도시공학HY-UP(실용연구실습)1,2026/1 ~ 2029/2,도시공학과(학부/서울),ok
H0002256,H0002570,도시공학과,HYP2011,도시공학HY-UP(실용연구실습)2,2026/1 ~ 2029/2,도시공학과(학부/서울),not_found
H0002256,H0002570,도시공학과,HYP3011,도시공학HY-UP(실용연구실습)3,2027/1 ~ 2030/2,도시공학과(학부/서울),not_found
H0002256,H0002570,도시공학과,MAT2017,확률통계론,2010/1 ~ 2028/2,도시공학과(학부/서울),ok
H0002256,H0002570,도시공학과,SYH0001,사랑의실천1(한양나눔),2009/1 ~ 2027/2,도시공학과(학부/서울),ok
H0002256,H0002570,도시공학과,SYH0002,사랑의실천2(스마트커뮤니케이션),2010/1 ~ 2028/2,도시공학과(학부/서울),not_found
H0002256,H0002570,도시공학과,SYH0003,사랑의실천3(기업가정신),2011/1 ~ 2029/2,도시공학과(학부/서울),not_found
H0002256,H0002570,도시공학과,SYH0004,사랑의실천4(미래실용인재),2012/1 ~ 2030/2,도시공학과(학부/서울),ok
H0002256,H0002570,도시공학과,TRE2001,교통공학,1995/1 ~ 2029/2,도시공학과(학부/서울),ok
H0002256,H0002570,도시공학과,TRE3003,교통계획,1995/1 ~ 2029/2,도시공학과(학부/서울),ok
H0002256,H0002570,도시공학과,URE1002,도시와인간,1993/1 ~ 2027/2,도시공학과(학부/서울),ok
H0002256,H0002570,도시공학과,URE1004,도시디자인의이해1,2009/1 ~ 2015/2,도시공학과(학부/서울),ok
H0002256,H0002570,도시공학과,URE1005,도시디자인의이해2,2009/1 ~ 2015/2,도시공학과(학부/서울),ok
H0002256,H0002570,도시공학과,URE1007,도시와디자인,2016/1 ~ 2027/2,도시공학과(학부/서울),ok
H0002256,H0002570,도시공학과,URE2006,도시계획개론,1994/1 ~ 2028/2,도시공학과(학부/서울),ok
H0002256,H0002570,도시공학과,URE2008,GIS와도시공간분석,2011/1 ~ 2029/2,도시공학과(학부/서울),ok
H0002256,H0002570,도시공학과,URE2010,단지계획,2010/1 ~ 2016/2,도시공학과(학부/서울),ok
H0002256,H0002570,도시공학과,URE3001,단지계획,1990/1 ~ 1999/2,도시공학과(학부/서울),ok
H0002256,H0002570,도시공학과,URE3002,도시법규,1991/1 ~ 2017/2,도시공학과(학부/서울),ok
H0002256,H0002570,도시공학과,URE3004,계획이론,1991/1 ~ 2017/2,도시공학과(학부/서울),ok
H0002256,H0002570,도시공학과,URE3006,토지이용,1991/1 ~ 2028/2,도시공학과(학부/서울),ok
H0002256,H0002570,도시공학과,URE3011,도시설계1,1991/1 ~ 2028/2,도시공학과(학부/서울),ok
H0002256,H0002570,도시공학과,URE3012,도시설계2,1991/1 ~ 2028/2,도시공학과(학부/서울),ok
H0002256,H0002570,도시공학과,URE3018,컴퓨터응용도시설계,1995/1 ~ 2028/2,도시공학과(학부/서울),ok
H0002256,H0002570,도시공학과,URE3021,데이터기반도시설계,1999/1 ~ 2029/2,도시공학과(학부/서울),ok
H0002256,H0002570,도시공학과,URE3022,인공지능기반도시설계,1999/1 ~ 2029/2,도시공학과(학부/서울),ok
H0002256,H0002570,도시공학과,URE3024,비용편익분석,2011/1 ~ 2017/2,도시공학과(학부/서울),ok
H0002256,H0002570,도시공학과,URE3027,환경생태계획,2011/1 ~ 2029/2,도시공학과(학부/서울),ok
H0002256,H0002570,도시공학과,URE3029,도시계량분석,2025/1 ~ 2028/2,도시공학과(학부/서울),ok
H0002256,H0002570,도시공학과,URE3030,도시빅데이터분석,2026/1 ~ 2029/2,도시공학과(학부/서울),ok
H0002256,H0002570,도시공학과,URE3055,도시계획사,1994/1 ~ 2029/2,도시공학과(학부/서울),ok
H0002256,H0002570,도시공학과,URE4001,국토및지역계획,1992/1 ~ 2017/2,도시공학과(학부/서울),ok
H0002256,H0002570,도시공학과,URE4008,도시공학종합설계1(URIP),1992/1 ~ 2030/2,도시공학과(학부/서울),ok
H0002256,H0002570,도시공학과,URE4009,도시공학종합설계2(URIP),1992/1 ~ 2030/2,도시공학과(학부/서울),ok
H0002256,H0002570,도시공학과,URE4010,도시설계론,1992/1 ~ 2029/2,도시공학과(학부/서울),ok
H0002256,H0002570,도시공학과,URE4017,조경.경관계획,2000/1 ~ 2018/2,도시공학과(학부/서울),ok
H0002256,H0002570,도시공학과,URE4022,부동산개발및마케팅분석,2011/1 ~ 2029/2,도시공학과(학부/서울),ok
H0002256,H0002570,도시공학과,URE4024,도시개발및도시재생,2012/1 ~ 2030/2,도시공학과(학부/서울),ok
H0002256,H0002570,도시공학과,URE4025,공간구조와도시지리,2012/1 ~ 2026/2,도시공학과(학부/서울),ok
H0002256,H0002570,도시공학과,URE4026,대중교통및녹색교통,2012/1 ~ 2018/2,도시공학과(학부/서울),ok
H0002256,H0002570,도시공학과,URE4028,환경오염과도시관리,2012/1 ~ 2018/2,도시공학과(학부/서울),ok
H0002256,H0002570,도시공학과,URE4029,도시방재및인프라시설,2012/1 ~ 2018/2,도시공학과(학부/서울),ok
H0002256,H0002570,도시공학과,URE4030,부동산금융및투자,2012/1 ~ 2030/2,도시공학과(학부/서울),ok
H0002256,H0002570,도시공학과,URE4031,도시및부동산경제,2012/1 ~ 2029/2,도시공학과(학부/서울),ok
H0002256,H0002570,도시공학과,URE4032,부동산평가및자산관리,2014/1 ~ 2030/2,도시공학과(학부/서울),ok
H0002256,H0002570,도시공학과,URE4033,도시및부동산법규,2019/1 ~ 2030/2,도시공학과(학부/서울),ok
H0002256,H0002570,도시공학과,URE4034,스마트모빌리티개론,2027/1 ~ 2030/2,도시공학과(학부/서울),not_found
H0002256,H0002801,독어독문학과,CUL0005,말과글,2008/1 ~ 2027/2,독어독문학(학부/서울),ok
H0002256,H0002801,독어독문학과,CUL0011,창의적컴퓨팅,2017/1 ~ 2027/2,독어독문학(학부/서울),ok
H0002256,H0002801,독어독문학과,CUL0074,텍스트언어학의이해,2026/2 ~ 2028/2,독어독문학(학부/서울),not_found
H0002256,H0002801,독어독문학과,CUL0202,문화기술인간,2025/1 ~ 2027/2,독어독문학(학부/서울),ok
H0002256,H0002801,독어독문학과,CUL0204,통합사고와읽기의기술,2025/1 ~ 2027/2,독어독문학(학부/서울),ok
H0002256,H0002801,독어독문학과,CUL0205,Technology and AI: Utopia or Dystopia?,2026/1 ~ 2028/2,독어독문학(학부/서울),ok
H0002256,H0002801,독어독문학과,CUL0208,스토리텔링의설계와전략,2026/1 ~ 2028/2,독어독문학(학부/서울),ok
H0002256,H0002801,독어독문학과,CUL1122,창의적프로그래밍,2021/1 ~ 2028/2,독어독문학(학부/서울),ok
H0002256,H0002801,독어독문학과,CUL1138,인공지능과기계학습,2019/1 ~ 2028/2,독어독문학(학부/서울),ok
H0002256,H0002801,독어독문학과,ENG1063,영어능력평가와연습,2010/1 ~ 2015/2,독어독문학(학부/서울),ok
H0002256,H0002801,독어독문학과,GEN0039,심리학개론,1989/1 ~ 1992/2,독어독문학(학부/서울),ok
H0002256,H0002801,독어독문학과,GEN1040,초급독일어,1993/1 ~ 1996/2,독어독문학(학부/서울),ok
H0002256,H0002801,독어독문학과,GEN3041,초급중국어1,2009/1 ~ 2012/2,독어독문학(학부/서울),ok
H0002256,H0002801,독어독문학과,GEN4091,과학기술의철학적이해,2008/1 ~ 2027/2,독어독문학(학부/서울),ok
H0002256,H0002801,독어독문학과,GEN5029,커리어개발Ⅰ:취.창업진로로드맵,2008/1 ~ 2027/2,독어독문학(학부/서울),ok
H0002256,H0002801,독어독문학과,GEN5100,커리어개발Ⅱ:취.창업진로포트폴리오,2015/1 ~ 2029/2,독어독문학(학부/서울),ok
H0002256,H0002801,독어독문학과,GEN6032,전문학술영어,2010/1 ~ 2028/2,독어독문학(학부/서울),ok
H0002256,H0002801,독어독문학과,GEN6044,한양사회봉사,2009/1 ~ 2014/2,독어독문학(학부/서울),ok
H0002256,H0002801,독어독문학과,GEN6094,전공현장실습1,2012/1 ~ 2016/2,독어독문학(학부/서울),ok
H0002256,H0002801,독어독문학과,GEN6095,전공현장실습2,2012/1 ~ 2016/2,독어독문학(학부/서울),ok
H0002256,H0002801,독어독문학과,GER1055,기초독문법,2008/1 ~ 2027/2,독어독문학(학부/서울),ok
H0002256,H0002801,독어독문학과,GER1064,유럽문화지역의이해,2009/1 ~ 2029/2,독어독문학(학부/서울),ok
H0002256,H0002801,독어독문학과,GER1065,멀티미디어독일어,2009/1 ~ 2019/2,독어독문학(학부/서울),ok
H0002256,H0002801,독어독문학과,GER1066,독일어회화B1-2,2020/1 ~ 2025/2,독어독문학(학부/서울),ok
H0002256,H0002801,독어독문학과,GER1067,독일어회화B2-2,2020/1 ~ 2025/2,독어독문학(학부/서울),ok
H0002256,H0002801,독어독문학과,GER1068,독일문학의흐름,2020/1 ~ 2028/2,독어독문학(학부/서울),ok
H0002256,H0002801,독어독문학과,GER1069,언어와마음,2022/1 ~ 2028/2,독어독문학(학부/서울),ok
H0002256,H0002801,독어독문학과,GER2005,중급독문법,2008/1 ~ 2028/2,독어독문학(학부/서울),ok
H0002256,H0002801,독어독문학과,GER2028,문학과신화,2006/1 ~ 2016/1,독어독문학(학부/서울),ok
H0002256,H0002801,독어독문학과,GER2036,유럽속의독일역사,2006/1 ~ 2016/1,독어독문학(학부/서울),ok
H0002256,H0002801,독어독문학과,GER2059,생활독일어,2010/1 ~ 2016/1,독어독문학(학부/서울),ok
H0002256,H0002801,독어독문학과,GER2063,독일문학의대표작품,2008/1 ~ 2026/2,독어독문학(학부/서울),ok
H0002256,H0002801,독어독문학과,GER2066,독일어회화A1,2008/1 ~ 2027/2,독어독문학(학부/서울),ok
H0002256,H0002801,독어독문학과,GER2068,독일어회화A2,2008/1 ~ 2028/2,독어독문학(학부/서울),ok
H0002256,H0002801,독어독문학과,GER2070,독일문화와유럽문화,2007/1 ~ 2016/1,독어독문학(학부/서울),ok
H0002256,H0002801,독어독문학과,GER2071,독일어회화B1,2008/1 ~ 2029/2,독어독문학(학부/서울),ok
H0002256,H0002801,독어독문학과,GER2072,독일어회화B2,2008/1 ~ 2029/2,독어독문학(학부/서울),ok
H0002256,H0002801,독어독문학과,GER2074,독문학입문,2010/1 ~ 2028/2,독어독문학(학부/서울),ok
H0002256,H0002801,독어독문학과,GER2075,독문법연습,2014/1 ~ 2016/1,독어독문학(학부/서울),ok
H0002256,H0002801,독어독문학과,GER2076,독일어문장의이해,2014/1 ~ 2016/1,독어독문학(학부/서울),ok
H0002256,H0002801,독어독문학과,GER2077,독어회화의길잡이,2016/2 ~ 2020/2,독어독문학(학부/서울),ok
H0002256,H0002801,독어독문학과,GER2078,독일어회화의기초,2017/1 ~ 2020/2,독어독문학(학부/서울),ok
H0002256,H0002801,독어독문학과,GER2079,유럽의역사와문화,2017/1 ~ 2028/2,독어독문학(학부/서울),ok
H0002256,H0002801,독어독문학과,GER2080,독일어텍스트분석,2016/2 ~ 2026/1,독어독문학(학부/서울),ok
H0002256,H0002801,독어독문학과,GER2081,유럽과세계경제,2016/2 ~ 2020/2,독어독문학(학부/서울),ok
H0002256,H0002801,독어독문학과,GER2082,유럽현대예술,2016/2 ~ 2029/2,독어독문학(학부/서울),ok
H0002256,H0002801,독어독문학과,GER2083,독일어문장분석,2016/2 ~ 2028/2,독어독문학(학부/서울),ok
H0002256,H0002801,독어독문학과,GER2084,독일어권시사토픽,2019/1 ~ 2028/2,독어독문학(학부/서울),ok
H0002256,H0002801,독어독문학과,GER2085,독일어회화C1,2021/1 ~ 2029/2,독어독문학(학부/서울),ok
H0002256,H0002801,독어독문학과,GER3035,세계속독일과유럽의새로운위상,2007/1 ~ 2030/2,독어독문학(학부/서울),ok
H0002256,H0002801,독어독문학과,GER3048,독일드라마의이해,2005/1 ~ 2016/2,독어독문학(학부/서울),ok
H0002256,H0002801,독어독문학과,GER3068,실용독일어,2016/2 ~ 2021/2,독어독문학(학부/서울),ok
H0002256,H0002801,독어독문학과,GER3069,독일현대소설,2015/1 ~ 2016/1,독어독문학(학부/서울),not_found
H0002256,H0002801,독어독문학과,GER3080,독일어어휘연습,2022/1 ~ 2023/1,독어독문학(학부/서울),not_found
H0002256,H0002801,독어독문학과,GER3083,중급독일어회화1,2007/1 ~ 2021/2,독어독문학(학부/서울),ok
H0002256,H0002801,독어독문학과,GER3086,독일어회화C2,2007/1 ~ 2029/2,독어독문학(학부/서울),ok
H0002256,H0002801,독어독문학과,GER3089,독일어구문분석및연습,2008/1 ~ 2016/1,독어독문학(학부/서울),ok
H0002256,H0002801,독어독문학과,GER3090,유럽문화연구,2011/1 ~ 2016/1,독어독문학(학부/서울),ok
H0002256,H0002801,독어독문학과,GER3093,독일어에세이강독,2011/1 ~ 2021/2,독어독문학(학부/서울),ok
H0002256,H0002801,독어독문학과,GER3096,독일연극제작실습워크샵캡스톤디자인,2012/1 ~ 2022/2,독어독문학(학부/서울),ok
H0002256,H0002801,독어독문학과,GER3097,독일드라마캡스톤디자인,2012/1 ~ 2029/2,독어독문학(학부/서울),ok
H0002256,H0002801,독어독문학과,GER3098,독일문학의고전,2015/1 ~ 2016/1,독어독문학(학부/서울),ok
H0002256,H0002801,독어독문학과,GER3099,독일어텍스트의이해,2015/1 ~ 2016/1,독어독문학(학부/서울),not_found
H0002256,H0002801,독어독문학과,GER3100,유럽지역캡스톤디자인,2016/2 ~ 2021/2,독어독문학(학부/서울),ok
H0002256,H0002801,독어독문학과,GER3101,현대독일사회와문화,2016/2 ~ 2021/2,독어독문학(학부/서울),ok
H0002256,H0002801,독어독문학과,GER3102,유럽통상실무,2016/2 ~ 2021/2,독어독문학(학부/서울),ok
H0002256,H0002801,독어독문학과,GER3103,유럽영상문화와예술,2016/2 ~ 2029/2,독어독문학(학부/서울),ok
H0002256,H0002801,독어독문학과,GER3104,독영언어대조,2016/2 ~ 2021/2,독어독문학(학부/서울),not_found
H0002256,H0002801,독어독문학과,GER3105,언어인지데이터분석방법론,2023/1 ~ 2029/2,독어독문학(학부/서울),ok
H0002256,H0002801,독어독문학과,GER3106,제2언어습득,2023/2 ~ 2030/2,독어독문학(학부/서울),ok
H0002256,H0002801,독어독문학과,GER4030,독일어읽기와쓰기,2015/1 ~ 2029/2,독어독문학(학부/서울),ok
H0002256,H0002801,독어독문학과,GER4039,디지털예술과문화,2012/1 ~ 2016/1,독어독문학(학부/서울),ok
H0002256,H0002801,독어독문학과,GER4043,유럽영상문화,2007/1 ~ 2016/1,독어독문학(학부/서울),ok
H0002256,H0002801,독어독문학과,GER4060,광고와언어,1999/1 ~ 2016/2,독어독문학(학부/서울),ok
H0002256,H0002801,독어독문학과,GER4062,스크린독일어,2006/1 ~ 2018/2,독어독문학(학부/서울),ok
H0002256,H0002801,독어독문학과,GER4069,독어회화입문,2006/1 ~ 2016/1,독어독문학(학부/서울),ok
H0002256,H0002801,독어독문학과,GER4088,고급독일어회화연습,2008/1 ~ 2016/1,독어독문학(학부/서울),ok
H0002256,H0002801,독어독문학과,GER4089,유럽지성사,2012/1 ~ 2016/1,독어독문학(학부/서울),not_found
H0002256,H0002801,독어독문학과,GER4090,유럽문학과종교,2012/1 ~ 2018/1,독어독문학(학부/서울),ok
H0002256,H0002801,독어독문학과,GER4091,영상커뮤니케이션과언어학,2012/1 ~ 2016/1,독어독문학(학부/서울),ok
H0002256,H0002801,독어독문학과,GER4094,독일문제작가연구,2012/1 ~ 2016/1,독어독문학(학부/서울),ok
H0002256,H0002801,독어독문학과,GER4095,젠더와문학,2016/1 ~ 2030/2,독어독문학(학부/서울),ok
H0002256,H0002801,독어독문학과,GER4096,현대독문학과영화,2014/1 ~ 2016/1,독어독문학(학부/서울),ok
H0002256,H0002801,독어독문학과,GER4097,유럽신화와서사,2016/2 ~ 2026/2,독어독문학(학부/서울),ok
H0002256,H0002801,독어독문학과,GER4098,유럽의기억문화,2016/2 ~ 2026/2,독어독문학(학부/서울),ok
H0002256,H0002801,독어독문학과,GER4099,현대유럽의문화와사상,2020/2 ~ 2023/1,독어독문학(학부/서울),ok
H0002256,H0002801,독어독문학과,GER4100,현대독일문학의지형도,2023/2 ~ 2030/2,독어독문학(학부/서울),ok
H0002256,H0002801,독어독문학과,GER4101,글로벌사회문화변동의비교와분석,2024/2 ~ 2030/2,독어독문학(학부/서울),ok
H0002256,H0002801,독어독문학과,GER5001,독어학의첫걸음,2013/1 ~ 2016/1,독어독문학(학부/서울),ok
H0002256,H0002801,독어독문학과,GER5002,독일어와영어의언어체계,2013/1 ~ 2016/1,독어독문학(학부/서울),ok
H0002256,H0002801,독어독문학과,HYP1022,독어독문학HY-UP(실용연구실습)1,2025/1 ~ 2029/2,독어독문학(학부/서울),not_found
H0002256,H0002801,독어독문학과,HYP2020,독어독문학HY-UP(실용연구실습)2,2025/1 ~ 2029/2,독어독문학(학부/서울),ok
H0002256,H0002801,독어독문학과,HYP3017,독어독문학HY-UP(실용연구실습)3,2025/1 ~ 2030/2,독어독문학(학부/서울),ok
H0002256,H0002801,독어독문학과,HYP4015,독어독문학HY-UP(실용연구실습)4,2025/1 ~ 2030/2,독어독문학(학부/서울),ok
H0002256,H0002801,독어독문학과,HYR0007,독어독문학HY-UROP(실용연구심화),2025/1 ~ 2030/2,독어독문학(학부/서울),ok
H0002256,H0002801,독어독문학과,PER1001,수행인문학논술,2010/1 ~ 2015/2,독어독문학(학부/서울),ok
H0002256,H0002801,독어독문학과,SYH0001,사랑의실천1(한양나눔),2008/1 ~ 2027/2,독어독문학(학부/서울),ok
H0002256,H0002801,독어독문학과,SYH0002,사랑의실천2(스마트커뮤니케이션),2008/1 ~ 2028/2,독어독문학(학부/서울),not_found
H0002256,H0002801,독어독문학과,SYH0003,사랑의실천3(기업가정신),2011/1 ~ 2029/2,독어독문학(학부/서울),not_found
H0002256,H0002801,독어독문학과,SYH0004,사랑의실천4(미래실용인재),2012/1 ~ 2030/2,독어독문학(학부/서울),ok
H0002256,H0002801,독어독문학과,TEA3025,독일어논리및논술,2011/1 ~ 2015/1,독어독문학(학부/서울),ok
H0002256,H0002801,독어독문학과,TEA3044,외국어논리및논술,2015/2 ~ 2029/2,독어독문학(학부/서울),ok
H0002256,H0002801,독어독문학과,TEA5005,독일어교과교육론,2011/1 ~ 2015/1,독어독문학(학부/서울),ok
H0002256,H0002801,독어독문학과,TEA5022,외국어교과교육론,2015/2 ~ 2029/2,독어독문학(학부/서울),ok
H0002256,H0002801,독어독문학과,TEA6021,외국어교과교재연구및지도,2016/1 ~ 2030/2,독어독문학(학부/서울),ok
H0002256,H0005010,디지털혁신전략융합전공,APS2011,마케팅원리,2025/2 ~ 2028/2,디지털혁신전략융합전공,not_found
H0002256,H0005010,디지털혁신전략융합전공,APS3005,기술혁신전략,2017/1 ~ 2028/2,디지털혁신전략융합전공,ok
H0002256,H0005010,디지털혁신전략융합전공,APS3007,시계열및인공지능예측,2025/2 ~ 2029/2,디지털혁신전략융합전공,ok
H0002256,H0005010,디지털혁신전략융합전공,APS3013,서비스경영,2025/2 ~ 2030/2,디지털혁신전략융합전공,ok
H0002256,H0005010,디지털혁신전략융합전공,APS3019,하이테크마케팅,2025/1 ~ 2029/2,디지털혁신전략융합전공,ok
H0002256,H0005010,디지털혁신전략융합전공,APS3021,기술사업화,2018/1 ~ 2029/2,디지털혁신전략융합전공,ok
H0002256,H0005010,디지털혁신전략융합전공,APS4019,글로벌혁신시스템,2018/1 ~ 2029/2,디지털혁신전략융합전공,not_found
H0002256,H0005010,디지털혁신전략융합전공,APS4020,지식재산경영,2018/1 ~ 2029/2,디지털혁신전략융합전공,ok
H0002256,H0005010,디지털혁신전략융합전공,APS4021,산업문제해결컨설팅,2019/1 ~ 2030/2,디지털혁신전략융합전공,not_found
H0002256,H0005010,디지털혁신전략융합전공,APS4022,비즈니스모델디자인,2019/1 ~ 2030/2,디지털혁신전략융합전공,ok
H0002256,H0005010,디지털혁신전략융합전공,CUL1209,기술전략과R&D기획,2026/1 ~ 2029/2,디지털혁신전략융합전공,ok
H0002256,H0005010,디지털혁신전략융합전공,DSD3003,AI디자인프로토타이핑,2024/2 ~ 2029/2,디지털혁신전략융합전공,ok
H0002256,H0005010,디지털혁신전략융합전공,DSD4001,혁신서비스개발PBL,2025/2 ~ 2030/2,디지털혁신전략융합전공,not_found
H0002256,H0005010,디지털혁신전략융합전공,DSD4002,디지털정책트렌드,2024/2 ~ 2030/2,디지털혁신전략융합전공,ok
H0002256,H0005010,디지털혁신전략융합전공,DST2001,디지털기술과전략,2017/1 ~ 2028/2,디지털혁신전략융합전공,ok
H0002256,H0005010,디지털혁신전략융합전공,DST2002,데이터애널리틱스입문,2017/1 ~ 2028/2,디지털혁신전략융합전공,ok
H0002256,H0005010,디지털혁신전략융합전공,DST2003,디지털서비스혁신개론,2024/1 ~ 2028/2,디지털혁신전략융합전공,not_found
H0002256,H0005010,디지털혁신전략융합전공,DST3001,SW기반특허분석실무,2018/1 ~ 2029/2,디지털혁신전략융합전공,not_found
H0002256,H0005010,디지털혁신전략융합전공,DST3002,LLM과비즈니스,2024/2 ~ 2029/2,디지털혁신전략융합전공,not_found
H0002256,H0005010,디지털혁신전략융합전공,DST3003,비즈니스프로세스애널리틱스,2025/1 ~ 2029/2,디지털혁신전략융합전공,ok
H0002256,H0005010,디지털혁신전략융합전공,DST4001,디지털혁신경영,2024/2 ~ 2030/2,디지털혁신전략융합전공,ok
H0002256,H0005010,디지털혁신전략융합전공,FUT2014,데이터시각화,2018/1 ~ 2029/2,디지털혁신전략융합전공,ok
H0002256,H0005010,디지털혁신전략융합전공,HIC2001,기술경영에센셜,2026/1 ~ 2028/2,디지털혁신전략융합전공,ok
H0002256,H0005010,디지털혁신전략융합전공,HIC2004,디자인과혁신심리학,2026/1 ~ 2028/2,디지털혁신전략융합전공,not_found
H0002256,H0005010,디지털혁신전략융합전공,HIC2025,혁신가와기업가정신,2026/1 ~ 2028/2,디지털혁신전략융합전공,not_found
H0002256,H0005010,디지털혁신전략융합전공,HIC3008,메이크어드밴스드,2026/1 ~ 2029/2,디지털혁신전략융합전공,not_found
H0002256,H0005010,디지털혁신전략융합전공,HIC3017,브랜드전략과마케팅,2026/1 ~ 2029/2,디지털혁신전략융합전공,not_found
H0002256,H0005010,디지털혁신전략융합전공,HIC3018,비즈니스데이터스토리텔링,2026/1 ~ 2029/2,디지털혁신전략융합전공,not_found
H0002256,H0005010,디지털혁신전략융합전공,HIC3022,스타트업런치패드,2026/1 ~ 2029/2,디지털혁신전략융합전공,not_found
H0002256,H0005010,디지털혁신전략융합전공,HIC3031,제품-서비스경험디자인,2026/1 ~ 2028/2,디지털혁신전략융합전공,ok
H0002256,H0005010,디지털혁신전략융합전공,HIC3032,지식재산과사업화전략,2026/1 ~ 2029/2,디지털혁신전략융합전공,not_found
H0002256,H0005010,디지털혁신전략융합전공,HIC3033,혁신애널리틱스,2026/1 ~ 2029/2,디지털혁신전략융합전공,not_found
H0002256,H0005010,디지털혁신전략융합전공,HIC4006,딥테크혁신경영,2026/1 ~ 2030/2,디지털혁신전략융합전공,not_found
H0002256,H0005010,디지털혁신전략융합전공,HIC4008,리걸디자인,2026/1 ~ 2029/2,디지털혁신전략융합전공,not_found
H0002256,H0005010,디지털혁신전략융합전공,HIC4017,스타트업파이낸싱과투자,2026/1 ~ 2030/2,디지털혁신전략융합전공,not_found
H0002256,H0005010,디지털혁신전략융합전공,ITC2001,파이썬데이터분석,2025/2 ~ 2028/2,디지털혁신전략융합전공,not_found
H0002256,H0005010,디지털혁신전략융합전공,ITC3001,고객경험관리,2025/2 ~ 2029/2,디지털혁신전략융합전공,not_found
H0002256,H0005010,디지털혁신전략융합전공,ITC3010,모바일앱프로그래밍,2025/2 ~ 2028/2,디지털혁신전략융합전공,not_found
H0002256,H0005010,디지털혁신전략융합전공,ITC3014,경험서비스디자인,2025/2 ~ 2028/2,디지털혁신전략융합전공,not_found
H0002256,H0005010,디지털혁신전략융합전공,ITC4008,지식공학,2025/2 ~ 2030/2,디지털혁신전략융합전공,not_found
H0002256,H0005010,디지털혁신전략융합전공,ITE4012,신제품개발,2019/1 ~ 2030/2,디지털혁신전략융합전공,ok
H0002256,H0003590,무용학과,CUL0005,말과글,2009/1 ~ 2027/2,무용학과,ok
H0002256,H0003590,무용학과,CUL0011,창의적컴퓨팅,2017/1 ~ 2027/2,무용학과,ok
H0002256,H0003590,무용학과,CUL0202,문화기술인간,2025/1 ~ 2027/2,무용학과,ok
H0002256,H0003590,무용학과,CUL0203,AI시대쓰기의힘,2025/1 ~ 2027/2,무용학과,ok
H0002256,H0003590,무용학과,CUL0205,Technology and AI: Utopia or Dystopia?,2026/1 ~ 2028/2,무용학과,ok
H0002256,H0003590,무용학과,CUL0208,스토리텔링의설계와전략,2026/1 ~ 2028/2,무용학과,ok
H0002256,H0003590,무용학과,CUL1048,시와무용,2013/1 ~ 2028/2,무용학과,ok
H0002256,H0003590,무용학과,CUL1122,창의적프로그래밍,2023/1 ~ 2028/2,무용학과,ok
H0002256,H0003590,무용학과,CUL1138,인공지능과기계학습,2023/1 ~ 2028/2,무용학과,ok
H0002256,H0003590,무용학과,CUL3002,무용해부학,2013/1 ~ 2014/2,무용학과,ok
H0002256,H0003590,무용학과,D-C2028,작품분석,2013/1 ~ 2029/2,무용학과,ok
H0002256,H0003590,무용학과,DAN1001,한국무용1,2009/1 ~ 2027/2,무용학과,ok
H0002256,H0003590,무용학과,DAN1002,한국무용2,2009/1 ~ 2027/2,무용학과,ok
H0002256,H0003590,무용학과,DAN1003,현대무용1,2009/1 ~ 2027/2,무용학과,ok
H0002256,H0003590,무용학과,DAN1004,현대무용2,2009/1 ~ 2027/2,무용학과,ok
H0002256,H0003590,무용학과,DAN1008,무용즉흥,2009/1 ~ 2027/2,무용학과,ok
H0002256,H0003590,무용학과,DAN1047,필라테스와이미지,2010/1 ~ 2016/2,무용학과,not_found
H0002256,H0003590,무용학과,DAN1048,무용필라테스,2013/1 ~ 2029/2,무용학과,ok
H0002256,H0003590,무용학과,DAN1049,움직임의원리,2009/1 ~ 2015/2,무용학과,ok
H0002256,H0003590,무용학과,DAN1051,춤과의상,2009/1 ~ 2015/2,무용학과,ok
H0002256,H0003590,무용학과,DAN1052,춤과이미지,2009/1 ~ 2029/2,무용학과,ok
H0002256,H0003590,무용학과,DAN1053,전통타악실기,2011/1 ~ 2015/2,무용학과,ok
H0002256,H0003590,무용학과,DAN1054,사회무용의연구,2011/1 ~ 2017/2,무용학과,not_found
H0002256,H0003590,무용학과,DAN1061,한국춤의역사,2016/1 ~ 2027/2,무용학과,ok
H0002256,H0003590,무용학과,DAN1062,무용음악실습과편집,2016/1 ~ 2028/2,무용학과,ok
H0002256,H0003590,무용학과,DAN1063,전공레파토리1,2016/1 ~ 2027/2,무용학과,ok
H0002256,H0003590,무용학과,DAN1064,춤교육의이론과실제,2016/1 ~ 2027/2,무용학과,ok
H0002256,H0003590,무용학과,DAN1065,전공레파토리2.정기공연,2016/1 ~ 2027/2,무용학과,ok
H0002256,H0003590,무용학과,DAN2001,한국무용3,2013/1 ~ 2028/2,무용학과,ok
H0002256,H0003590,무용학과,DAN2002,한국무용4,2013/1 ~ 2028/2,무용학과,ok
H0002256,H0003590,무용학과,DAN2003,현대무용3,2013/1 ~ 2028/2,무용학과,ok
H0002256,H0003590,무용학과,DAN2004,현대무용4,2013/1 ~ 2028/2,무용학과,ok
H0002256,H0003590,무용학과,DAN2005,발레1,2009/1 ~ 2027/2,무용학과,ok
H0002256,H0003590,무용학과,DAN2006,발레2,2009/1 ~ 2027/2,무용학과,ok
H0002256,H0003590,무용학과,DAN2007,무용개론,2009/1 ~ 2028/2,무용학과,ok
H0002256,H0003590,무용학과,DAN2015,서양무용사,2013/1 ~ 2029/2,무용학과,ok
H0002256,H0003590,무용학과,DAN2016,동양무용사,2013/1 ~ 2016/2,무용학과,ok
H0002256,H0003590,무용학과,DAN2019,무용심리,2013/1 ~ 2028/2,무용학과,ok
H0002256,H0003590,무용학과,DAN2020,동작분석및표현,2013/1 ~ 2028/2,무용학과,ok
H0002256,H0003590,무용학과,DAN2021,무용구성법,2013/1 ~ 2016/2,무용학과,ok
H0002256,H0003590,무용학과,DAN2028,예술의이해,2009/1 ~ 2027/2,무용학과,ok
H0002256,H0003590,무용학과,DAN2037,댄스스포츠,2013/1 ~ 2016/2,무용학과,ok
H0002256,H0003590,무용학과,DAN2047,동양무용음악연구,2009/1 ~ 2015/2,무용학과,ok
H0002256,H0003590,무용학과,DAN2048,서양무용음악연구,2010/1 ~ 2016/2,무용학과,not_found
H0002256,H0003590,무용학과,DAN2052,무용교육현장리서치,2013/1 ~ 2028/2,무용학과,ok
H0002256,H0003590,무용학과,DAN2053,무용동작기보법,2013/1 ~ 2020/2,무용학과,ok
H0002256,H0003590,무용학과,DAN2054,아동무용교육개발연구,2013/1 ~ 2020/2,무용학과,ok
H0002256,H0003590,무용학과,DAN2058,춤과미디어,2017/1 ~ 2030/2,무용학과,ok
H0002256,H0003590,무용학과,DAN2059,전공레파토리3.창작발표회,2017/1 ~ 2028/2,무용학과,ok
H0002256,H0003590,무용학과,DAN2060,전공레파토리4.정기공연,2017/1 ~ 2028/2,무용학과,ok
H0002256,H0003590,무용학과,DAN2063,문화예술활성화연구,2017/1 ~ 2028/2,무용학과,ok
H0002256,H0003590,무용학과,DAN2064,사회문화예술교육개발연구,2017/1 ~ 2028/2,무용학과,ok
H0002256,H0003590,무용학과,DAN2065,무용교육과정연구,2018/2 ~ 2028/2,무용학과,ok
H0002256,H0003590,무용학과,DAN3005,발레3,2013/1 ~ 2028/2,무용학과,ok
H0002256,H0003590,무용학과,DAN3006,발레4,2013/1 ~ 2028/2,무용학과,ok
H0002256,H0003590,무용학과,DAN3013,무용교육론,2013/1 ~ 2018/1,무용학과,ok
H0002256,H0003590,무용학과,DAN3028,무용전공실기1,2009/1 ~ 2027/2,무용학과,ok
H0002256,H0003590,무용학과,DAN3029,무용전공실기2,2009/1 ~ 2027/2,무용학과,ok
H0002256,H0003590,무용학과,DAN3044,무용측정평가,2013/1 ~ 2022/2,무용학과,ok
H0002256,H0003590,무용학과,DAN3057,무용연기,2013/1 ~ 2018/2,무용학과,ok
H0002256,H0003590,무용학과,DAN3058,무용전공실기5,2013/1 ~ 2029/2,무용학과,ok
H0002256,H0003590,무용학과,DAN3059,무용전공실기6,2013/1 ~ 2029/2,무용학과,ok
H0002256,H0003590,무용학과,DAN3060,무용의학,2013/1 ~ 2015/2,무용학과,ok
H0002256,H0003590,무용학과,DAN3067,무용분장법,2009/1 ~ 2015/2,무용학과,ok
H0002256,H0003590,무용학과,DAN3069,서양의전통과예술이론,2013/1 ~ 2017/2,무용학과,ok
H0002256,H0003590,무용학과,DAN3070,실기워크샵,2013/1 ~ 2030/2,무용학과,ok
H0002256,H0003590,무용학과,DAN3071,스테이지디자인,2013/1 ~ 2029/2,무용학과,ok
H0002256,H0003590,무용학과,DAN3074,무용교수워크샵,2013/1 ~ 2030/2,무용학과,ok
H0002256,H0003590,무용학과,DAN3075,동양의전통과예술이론,2013/1 ~ 2017/2,무용학과,ok
H0002256,H0003590,무용학과,DAN3076,무용공연프로젝트,2013/1 ~ 2030/2,무용학과,ok
H0002256,H0003590,무용학과,DAN3077,무용작품해설,2009/1 ~ 2029/2,무용학과,ok
H0002256,H0003590,무용학과,DAN3079,사회무용교육방법론,2013/1 ~ 2029/2,무용학과,ok
H0002256,H0003590,무용학과,DAN3080,무용진로특강,2013/1 ~ 2029/2,무용학과,ok
H0002256,H0003590,무용학과,DAN3081,웰빙무용프로그램개발,2013/1 ~ 2027/2,무용학과,ok
H0002256,H0003590,무용학과,DAN3088,춤공연연출,2018/1 ~ 2029/2,무용학과,ok
H0002256,H0003590,무용학과,DAN3089,전공레파토리5.창작발표회,2018/1 ~ 2029/2,무용학과,ok
H0002256,H0003590,무용학과,DAN3091,전공레파토리6.정기공연,2018/1 ~ 2029/2,무용학과,ok
H0002256,H0003590,무용학과,DAN3097,무용예술경영,2016/1 ~ 2017/2,무용학과,ok
H0002256,H0003590,무용학과,DAN4007,창작론,2013/1 ~ 2028/2,무용학과,ok
H0002256,H0003590,무용학과,DAN4008,무용미학,2013/1 ~ 2017/2,무용학과,ok
H0002256,H0003590,무용학과,DAN4012,무용전공실기3,2013/1 ~ 2028/2,무용학과,ok
H0002256,H0003590,무용학과,DAN4013,무용전공실기4,2013/1 ~ 2028/2,무용학과,ok
H0002256,H0003590,무용학과,DAN4022,무용요법,2013/1 ~ 2022/2,무용학과,ok
H0002256,H0003590,무용학과,DAN4025,무용교수법,2013/1 ~ 2018/2,무용학과,ok
H0002256,H0003590,무용학과,DAN4026,무용사회학,2013/1 ~ 2016/2,무용학과,ok
H0002256,H0003590,무용학과,DAN4049,무용비평,2013/1 ~ 2018/2,무용학과,ok
H0002256,H0003590,무용학과,DAN4051,무용학연구,2013/1 ~ 2018/2,무용학과,ok
H0002256,H0003590,무용학과,DAN4052,무용전공실기7,2013/1 ~ 2030/2,무용학과,ok
H0002256,H0003590,무용학과,DAN4053,무용전공실기8,2013/1 ~ 2030/2,무용학과,ok
H0002256,H0003590,무용학과,DAN4062,실기워크샵2,2013/1 ~ 2017/2,무용학과,ok
H0002256,H0003590,무용학과,DAN4063,인류와춤의발상,2013/1 ~ 2029/2,무용학과,ok
H0002256,H0003590,무용학과,DAN4064,국제발레교사자격증코스1,2013/1 ~ 2028/2,무용학과,ok
H0002256,H0003590,무용학과,DAN4065,무형문화재춤분석,2013/1 ~ 2018/2,무용학과,ok
H0002256,H0003590,무용학과,DAN4067,인턴십과정,2013/1 ~ 2030/2,무용학과,ok
H0002256,H0003590,무용학과,DAN4068,국제발레교사자격증코스2,2013/1 ~ 2029/2,무용학과,ok
H0002256,H0003590,무용학과,DAN4071,무용수의건강과영양,2009/1 ~ 2027/2,무용학과,ok
H0002256,H0003590,무용학과,DAN4079,춤공연마케팅전략연구,2019/1 ~ 2030/2,무용학과,ok
H0002256,H0003590,무용학과,DAN4080,전공레파토리7.졸업작품Showcase,2019/1 ~ 2030/2,무용학과,ok
H0002256,H0003590,무용학과,DAN4082,전공레파토리8.졸업작품Performance,2019/1 ~ 2030/2,무용학과,ok
H0002256,H0003590,무용학과,DAN4086,성인발레지도법,2019/1 ~ 2030/2,무용학과,ok
H0002256,H0003590,무용학과,DAN4087,유아발레지도법,2019/1 ~ 2030/2,무용학과,ok
H0002256,H0003590,무용학과,GEN4091,과학기술의철학적이해,2009/1 ~ 2027/2,무용학과,ok
H0002256,H0003590,무용학과,GEN5029,커리어개발Ⅰ:취.창업진로로드맵,2009/1 ~ 2027/2,무용학과,ok
H0002256,H0003590,무용학과,GEN5100,커리어개발Ⅱ:취.창업진로포트폴리오,2015/1 ~ 2029/2,무용학과,ok
H0002256,H0003590,무용학과,GEN6032,전문학술영어,2013/1 ~ 2028/2,무용학과,ok
H0002256,H0003590,무용학과,GEN6044,한양사회봉사,2009/1 ~ 2014/2,무용학과,ok
H0002256,H0003590,무용학과,GEN6094,전공현장실습1,2013/1 ~ 2016/2,무용학과,ok
H0002256,H0003590,무용학과,GEN6095,전공현장실습2,2013/1 ~ 2016/2,무용학과,ok
H0002256,H0003590,무용학과,SYH0001,사랑의실천1(한양나눔),2009/1 ~ 2027/2,무용학과,ok
H0002256,H0003590,무용학과,SYH0002,사랑의실천2(스마트커뮤니케이션),2013/1 ~ 2028/2,무용학과,not_found
H0002256,H0003590,무용학과,SYH0003,사랑의실천3(기업가정신),2013/1 ~ 2029/2,무용학과,not_found
H0002256,H0003590,무용학과,SYH0004,사랑의실천4(미래실용인재),2013/1 ~ 2030/2,무용학과,ok
H0002256,H0003590,무용학과,TEA3037,체육논리및논술,2023/1 ~ 2030/2,무용학과,ok
H0002256,H0003590,무용학과,TEA5017,체육교과교육론,2022/1 ~ 2029/2,무용학과,ok
H0002256,H0003590,무용학과,TEA6017,체육교과교재연구및지도,2023/1 ~ 2030/2,무용학과,ok
H0002256,H0003561,물리학과,BIO1069,일반생물학및실험,2013/1 ~ 2019/2,물리학과,ok
H0002256,H0003561,물리학과,CHM1005,일반화학및실험1,2013/1 ~ 2015/2,물리학과,ok
H0002256,H0003561,물리학과,CHM1055,일반화학및실험Ⅰ,2016/1 ~ 2027/2,물리학과,ok
H0002256,H0003561,물리학과,CHM1056,일반화학및실험Ⅱ,2020/1 ~ 2025/2,물리학과,ok
H0002256,H0003561,물리학과,CUL0005,말과글,2013/1 ~ 2027/2,물리학과,ok
H0002256,H0003561,물리학과,CUL0011,창의적컴퓨팅,2017/1 ~ 2027/2,물리학과,ok
H0002256,H0003561,물리학과,CUL0201,상상과학성찰,2025/1 ~ 2027/2,물리학과,ok
H0002256,H0003561,물리학과,CUL0204,통합사고와읽기의기술,2025/1 ~ 2027/2,물리학과,ok
H0002256,H0003561,물리학과,CUL0206,Personal Branding in Digital Markets,2026/1 ~ 2028/2,물리학과,ok
H0002256,H0003561,물리학과,CUL0207,미래지능연결,2026/1 ~ 2028/2,물리학과,ok
H0002256,H0003561,물리학과,CUL1122,창의적프로그래밍,2023/1 ~ 2028/2,물리학과,ok
H0002256,H0003561,물리학과,CUL1138,인공지능과기계학습,2023/1 ~ 2028/2,물리학과,ok
H0002256,H0003561,물리학과,CUL3011,일반물리학및실험1,2013/1 ~ 2015/2,물리학과,ok
H0002256,H0003561,물리학과,CUL3012,일반물리학및실험2,2013/1 ~ 2015/2,물리학과,ok
H0002256,H0003561,물리학과,GEN2052,미분적분학1,2013/1 ~ 2027/2,물리학과,ok
H0002256,H0003561,물리학과,GEN2053,미분적분학2,2013/1 ~ 2027/2,물리학과,ok
H0002256,H0003561,물리학과,GEN4091,과학기술의철학적이해,2013/1 ~ 2027/2,물리학과,ok
H0002256,H0003561,물리학과,GEN5029,커리어개발Ⅰ:취.창업진로로드맵,2013/1 ~ 2027/2,물리학과,ok
H0002256,H0003561,물리학과,GEN5100,커리어개발Ⅱ:취.창업진로포트폴리오,2015/1 ~ 2029/2,물리학과,ok
H0002256,H0003561,물리학과,GEN6032,전문학술영어,2014/1 ~ 2028/2,물리학과,ok
H0002256,H0003561,물리학과,GEN6044,한양사회봉사,2013/1 ~ 2014/2,물리학과,ok
H0002256,H0003561,물리학과,MAT2023,선형대수1,2014/1 ~ 2016/2,물리학과,ok
H0002256,H0003561,물리학과,MAT2024,선형대수2,2014/1 ~ 2016/2,물리학과,ok
H0002256,H0003561,물리학과,PBL4021,물리학캡스톤PBL,2021/1 ~ 2030/2,물리학과,ok
H0002256,H0003561,물리학과,PHY1005,일반물리학및실험Ⅰ,2016/1 ~ 2027/2,물리학과,ok
H0002256,H0003561,물리학과,PHY1006,일반물리학및실험Ⅱ,2016/1 ~ 2027/2,물리학과,ok
H0002256,H0003561,물리학과,PHY2008,현대물리학,2014/1 ~ 2028/2,물리학과,ok
H0002256,H0003561,물리학과,PHY2009,지구과학,2014/1 ~ 2016/2,물리학과,ok
H0002256,H0003561,물리학과,PHY2022,전기및전자회로실험,2015/1 ~ 2029/2,물리학과,ok
H0002256,H0003561,물리학과,PHY2027,역학실험,2014/1 ~ 2028/2,물리학과,ok
H0002256,H0003561,물리학과,PHY2031,전기및전자회로,2014/1 ~ 2020/2,물리학과,ok
H0002256,H0003561,물리학과,PHY2033,물리학세미나1,2015/1 ~ 2017/2,물리학과,ok
H0002256,H0003561,물리학과,PHY2034,물리학세미나2,2016/1 ~ 2018/2,물리학과,ok
H0002256,H0003561,물리학과,PHY2070,고전역학1,2014/1 ~ 2028/2,물리학과,ok
H0002256,H0003561,물리학과,PHY2071,고전역학2,2014/1 ~ 2028/2,물리학과,ok
H0002256,H0003561,물리학과,PHY3005,전자기학1,2014/1 ~ 2028/2,물리학과,ok
H0002256,H0003561,물리학과,PHY3006,전자기학2,2015/1 ~ 2029/2,물리학과,ok
H0002256,H0003561,물리학과,PHY3007,수리물리학1,2014/1 ~ 2025/2,물리학과,ok
H0002256,H0003561,물리학과,PHY3008,수리물리학2,2014/1 ~ 2025/2,물리학과,ok
H0002256,H0003561,물리학과,PHY3015,물리광학,2015/1 ~ 2029/2,물리학과,ok
H0002256,H0003561,물리학과,PHY3016,광학실험,2015/1 ~ 2029/2,물리학과,ok
H0002256,H0003561,물리학과,PHY3019,수리물리학,2017/1 ~ 2028/2,물리학과,ok
H0002256,H0003561,물리학과,PHY3024,응용광학,2015/1 ~ 2029/2,물리학과,ok
H0002256,H0003561,물리학과,PHY3026,전산물리학,2014/1 ~ 2028/2,물리학과,ok
H0002256,H0003561,물리학과,PHY3029,열및통계물리학1,2015/1 ~ 2029/2,물리학과,ok
H0002256,H0003561,물리학과,PHY3030,열및통계물리학2,2015/1 ~ 2029/2,물리학과,ok
H0002256,H0003561,물리학과,PHY3031,현대물리학실험,2014/1 ~ 2028/2,물리학과,ok
H0002256,H0003561,물리학과,PHY3032,양자역학1,2015/1 ~ 2029/2,물리학과,ok
H0002256,H0003561,물리학과,PHY3033,양자역학2,2015/1 ~ 2029/2,물리학과,ok
H0002256,H0003561,물리학과,PHY3063,고급수리물리학,2015/1 ~ 2021/2,물리학과,ok
H0002256,H0003561,물리학과,PHY3071,응집물질물리학1,2016/1 ~ 2030/2,물리학과,ok
H0002256,H0003561,물리학과,PHY3072,응집물질물리학2,2016/1 ~ 2030/2,물리학과,ok
H0002256,H0003561,물리학과,PHY4009,상대성이론,2015/1 ~ 2029/2,물리학과,ok
H0002256,H0003561,물리학과,PHY4014,플라즈마물리학,2016/1 ~ 2030/2,물리학과,ok
H0002256,H0003561,물리학과,PHY4022,천체물리학,2016/1 ~ 2030/2,물리학과,ok
H0002256,H0003561,물리학과,PHY4023,반도체물리학,2016/1 ~ 2029/2,물리학과,ok
H0002256,H0003561,물리학과,PHY4029,핵및입자물리학,2016/1 ~ 2030/2,물리학과,ok
H0002256,H0003561,물리학과,PHY4060,양자광학,2016/1 ~ 2030/2,물리학과,ok
H0002256,H0003561,물리학과,PHY4073,나노에너지및환경물리학,2016/1 ~ 2018/2,물리학과,not_found
H0002256,H0003561,물리학과,PHY4074,물리학연구캡스톤디자인1,2016/1 ~ 2025/2,물리학과,ok
H0002256,H0003561,물리학과,PHY4075,물리학연구캡스톤디자인2,2016/1 ~ 2026/2,물리학과,ok
H0002256,H0003561,물리학과,PHY4080,물리학연구실현장실습4,2019/2 ~ 2022/2,물리학과,not_found
H0002256,H0003561,물리학과,PHY4083,물리학연구캡스톤디자인,2027/1 ~ 2030/2,물리학과,not_found
H0002256,H0003561,물리학과,SYH0001,사랑의실천1(한양나눔),2013/1 ~ 2027/2,물리학과,ok
H0002256,H0003561,물리학과,SYH0002,사랑의실천2(스마트커뮤니케이션),2014/1 ~ 2028/2,물리학과,not_found
H0002256,H0003561,물리학과,SYH0003,사랑의실천3(기업가정신),2015/1 ~ 2029/2,물리학과,not_found
H0002256,H0003561,물리학과,SYH0004,사랑의실천4(미래실용인재),2016/1 ~ 2030/2,물리학과,ok
H0002256,H0003561,물리학과,TEA3030,물리논리및논술,2015/1 ~ 2015/1,물리학과,ok
H0002256,H0003561,물리학과,TEA3045,과학논리및논술,2015/2 ~ 2029/2,물리학과,ok
H0002256,H0003561,물리학과,TEA5010,물리교과교육론,2015/1 ~ 2015/1,물리학과,ok
H0002256,H0003561,물리학과,TEA5021,과학교과교육론,2015/2 ~ 2029/2,물리학과,ok
H0002256,H0003561,물리학과,TEA6022,과학교과교재연구및지도,2015/2 ~ 2030/2,물리학과,ok
H0002256,H0002938,미디어문화전공,FUT1002,디지털스토리텔링의이해,2017/1 ~ 2017/2,미디어문화전공,ok
H0002256,H0002938,미디어문화전공,FUT2003,디지털게임과현대사회,2017/1 ~ 2018/2,미디어문화전공,ok
H0002256,H0002938,미디어문화전공,FUT3003,마음을사로잡는정보스토리텔링,2017/1 ~ 2021/2,미디어문화전공,ok
H0002256,H0002938,미디어문화전공,PER2008,문화이론의쟁점과미디어읽기,2007/1 ~ 2022/2,미디어문화전공,ok
H0002256,H0002938,미디어문화전공,PER2009,미디어와이미지,2007/1 ~ 2020/2,미디어문화전공,ok
H0002256,H0002938,미디어문화전공,PER2010,드라마를통한미국문화읽기,2007/1 ~ 2021/2,미디어문화전공,ok
H0002256,H0002938,미디어문화전공,PER2020,문화콘텐츠산업과마케팅,2010/1 ~ 2020/2,미디어문화전공,ok
H0002256,H0002938,미디어문화전공,PER2032,판타지와서사,2011/1 ~ 2020/2,미디어문화전공,ok
H0002256,H0002938,미디어문화전공,PER2063,신화와원형의스토리텔링,2016/2 ~ 2022/2,미디어문화전공,ok
H0002256,H0002938,미디어문화전공,PER3008,디지털콘텐츠창작의이론과실제,2007/1 ~ 2021/2,미디어문화전공,ok
H0002256,H0002938,미디어문화전공,PER3009,포스트모더니즘시대의영화,2007/1 ~ 2021/2,미디어문화전공,ok
H0002256,H0002938,미디어문화전공,PER3010,중국문화와미디어콘텐츠분석,2007/1 ~ 2021/2,미디어문화전공,ok
H0002256,H0002938,미디어문화전공,PER4003,게임콘텐츠분석과실습,2008/1 ~ 2022/2,미디어문화전공,ok
H0002256,H0002938,미디어문화전공,PER4004,문화콘텐츠와브랜드전략,2007/1 ~ 2021/2,미디어문화전공,ok
H0002256,H0002938,미디어문화전공,PER4014,시나리오구조와전개,2012/1 ~ 2022/2,미디어문화전공,ok
H0002256,H0002841,미디어커뮤니케이션전공,GEN6032,전문학술영어,2011/1 ~ 2013/2,미디어커뮤니케이션전공(학부/서울),ok
H0002256,H0002841,미디어커뮤니케이션전공,GEN6094,전공현장실습1,2012/1 ~ 2013/2,미디어커뮤니케이션전공(학부/서울),ok
H0002256,H0002841,미디어커뮤니케이션전공,GEN6095,전공현장실습2,2012/1 ~ 2013/2,미디어커뮤니케이션전공(학부/서울),ok
H0002256,H0002841,미디어커뮤니케이션전공,JMC1005,미디어의이해,2011/1 ~ 2013/2,미디어커뮤니케이션전공(학부/서울),ok
H0002256,H0002841,미디어커뮤니케이션전공,JMC2002,커뮤니케이션발달사,2011/1 ~ 2013/2,미디어커뮤니케이션전공(학부/서울),ok
H0002256,H0002841,미디어커뮤니케이션전공,JMC2008,방송론,2011/1 ~ 2013/2,미디어커뮤니케이션전공(학부/서울),ok
H0002256,H0002841,미디어커뮤니케이션전공,JMC2021,미디어글쓰기,2012/1 ~ 2013/2,미디어커뮤니케이션전공(학부/서울),ok
H0002256,H0002841,미디어커뮤니케이션전공,JMC2022,미디어전략과기획,2012/1 ~ 2013/2,미디어커뮤니케이션전공(학부/서울),ok
H0002256,H0002841,미디어커뮤니케이션전공,JMC3002,커뮤니케이션연구방법론,2011/1 ~ 2013/2,미디어커뮤니케이션전공(학부/서울),ok
H0002256,H0002841,미디어커뮤니케이션전공,JMC3003,신문제작,2011/1 ~ 2013/2,미디어커뮤니케이션전공(학부/서울),ok
H0002256,H0002841,미디어커뮤니케이션전공,JMC3015,영상제작실습1,2011/1 ~ 2013/2,미디어커뮤니케이션전공(학부/서울),ok
H0002256,H0002841,미디어커뮤니케이션전공,JMC3017,정치커뮤니케이션,2011/1 ~ 2013/2,미디어커뮤니케이션전공(학부/서울),ok
H0002256,H0002841,미디어커뮤니케이션전공,JMC3035,방송편성,2011/1 ~ 2013/2,미디어커뮤니케이션전공(학부/서울),ok
H0002256,H0002841,미디어커뮤니케이션전공,JMC3040,디지털미디어의이해,2011/1 ~ 2013/2,미디어커뮤니케이션전공(학부/서울),ok
H0002256,H0002841,미디어커뮤니케이션전공,JMC3042,미디어논술과작문,2012/1 ~ 2013/2,미디어커뮤니케이션전공(학부/서울),ok
H0002256,H0002841,미디어커뮤니케이션전공,JMC3043,리더십커뮤니케이션,2012/1 ~ 2013/2,미디어커뮤니케이션전공(학부/서울),ok
H0002256,H0002841,미디어커뮤니케이션전공,JMC4003,언론학특강,2011/1 ~ 2013/2,미디어커뮤니케이션전공(학부/서울),ok
H0002256,H0002841,미디어커뮤니케이션전공,JMC4004,언론과대중문화,2011/1 ~ 2013/2,미디어커뮤니케이션전공(학부/서울),ok
H0002256,H0002841,미디어커뮤니케이션전공,JMC4013,비판커뮤니케이션,2011/1 ~ 2013/2,미디어커뮤니케이션전공(학부/서울),ok
H0002256,H0002841,미디어커뮤니케이션전공,JMC4018,조직커뮤니케이션,2011/1 ~ 2013/2,미디어커뮤니케이션전공(학부/서울),ok
H0002256,H0002841,미디어커뮤니케이션전공,JMC4024,언론법제,2011/1 ~ 2013/2,미디어커뮤니케이션전공(학부/서울),ok
H0002256,H0002841,미디어커뮤니케이션전공,JMC4031,미디어경영,2011/1 ~ 2013/2,미디어커뮤니케이션전공(학부/서울),not_found
H0002256,H0002841,미디어커뮤니케이션전공,JOU2001,광고론,2011/1 ~ 2013/2,미디어커뮤니케이션전공(학부/서울),ok
H0002256,H0002841,미디어커뮤니케이션전공,JOU2004,AI저널리즘,2011/1 ~ 2013/2,미디어커뮤니케이션전공(학부/서울),ok
H0002256,H0002841,미디어커뮤니케이션전공,JOU2006,한국언론사,2011/1 ~ 2013/2,미디어커뮤니케이션전공(학부/서울),ok
H0002256,H0002841,미디어커뮤니케이션전공,JOU2009,보도사진실습,2011/1 ~ 2013/2,미디어커뮤니케이션전공(학부/서울),ok
H0002256,H0002841,미디어커뮤니케이션전공,JOU2011,저널리즘과테크놀로지,2011/1 ~ 2013/2,미디어커뮤니케이션전공(학부/서울),ok
H0002256,H0002841,미디어커뮤니케이션전공,JOU2012,영상문화,2011/1 ~ 2013/2,미디어커뮤니케이션전공(학부/서울),ok
H0002256,H0002841,미디어커뮤니케이션전공,JOU2013,디지털출판기획과제작,2011/1 ~ 2013/2,미디어커뮤니케이션전공(학부/서울),ok
H0002256,H0002841,미디어커뮤니케이션전공,JOU2014,광고기획제작,2011/1 ~ 2013/2,미디어커뮤니케이션전공(학부/서울),ok
H0002256,H0002841,미디어커뮤니케이션전공,JOU2015,매스컴론,2011/1 ~ 2013/2,미디어커뮤니케이션전공(학부/서울),ok
H0002256,H0002841,미디어커뮤니케이션전공,JOU2017,영상언어의이해,2011/1 ~ 2013/2,미디어커뮤니케이션전공(학부/서울),ok
H0002256,H0002841,미디어커뮤니케이션전공,JOU2018,대인간커뮤니케이션,2011/1 ~ 2013/2,미디어커뮤니케이션전공(학부/서울),ok
H0002256,H0002841,미디어커뮤니케이션전공,JOU2019,인터넷취재작성,2011/1 ~ 2013/2,미디어커뮤니케이션전공(학부/서울),ok
H0002256,H0002841,미디어커뮤니케이션전공,JOU2052,스피치커뮤니케이션,2012/1 ~ 2013/2,미디어커뮤니케이션전공(학부/서울),ok
H0002256,H0002841,미디어커뮤니케이션전공,JOU3011,미디어현장교육,2011/1 ~ 2013/2,미디어커뮤니케이션전공(학부/서울),ok
H0002256,H0002841,미디어커뮤니케이션전공,JOU3012,미디어커뮤니케이션학입문,2011/1 ~ 2013/2,미디어커뮤니케이션전공(학부/서울),ok
H0002256,H0002841,미디어커뮤니케이션전공,JOU3020,PR커뮤니케이션의이해,2011/1 ~ 2013/2,미디어커뮤니케이션전공(학부/서울),ok
H0002256,H0002841,미디어커뮤니케이션전공,JOU3021,여론과캠페인,2011/1 ~ 2013/2,미디어커뮤니케이션전공(학부/서울),ok
H0002256,H0002841,미디어커뮤니케이션전공,JOU3058,언론제도,2011/1 ~ 2013/2,미디어커뮤니케이션전공(학부/서울),ok
H0002256,H0002841,미디어커뮤니케이션전공,JOU3061,디지털미디어와문화,2015/1 ~ 2013/2,미디어커뮤니케이션전공(학부/서울),ok
H0002256,H0002841,미디어커뮤니케이션전공,JOU3062,디지털방송저널리즘,2015/1 ~ 2013/2,미디어커뮤니케이션전공(학부/서울),ok
H0002256,H0002841,미디어커뮤니케이션전공,JOU4009,영상제작실습2,2011/1 ~ 2013/2,미디어커뮤니케이션전공(학부/서울),ok
H0002256,H0002841,미디어커뮤니케이션전공,JOU4014,영상미디어산업과인공지능,2011/1 ~ 2013/2,미디어커뮤니케이션전공(학부/서울),ok
H0002256,H0002841,미디어커뮤니케이션전공,JOU4015,커뮤니케이션연구지도캡스톤디자인Ⅰ,2012/1 ~ 2013/2,미디어커뮤니케이션전공(학부/서울),ok
H0002256,H0002841,미디어커뮤니케이션전공,JOU4016,커뮤니케이션연구지도캡스톤디자인Ⅱ,2012/1 ~ 2013/2,미디어커뮤니케이션전공(학부/서울),ok
H0002256,H0002841,미디어커뮤니케이션전공,JOU4017,글로벌커뮤니케이션이론및과제,2016/1 ~ 2013/2,미디어커뮤니케이션전공(학부/서울),ok
H0002256,H0002841,미디어커뮤니케이션전공,SYH0002,사랑의실천2(스마트커뮤니케이션),2011/1 ~ 2013/2,미디어커뮤니케이션전공(학부/서울),not_found
H0002256,H0002841,미디어커뮤니케이션전공,SYH0003,사랑의실천3(기업가정신),2011/1 ~ 2013/2,미디어커뮤니케이션전공(학부/서울),not_found
H0002256,H0002841,미디어커뮤니케이션전공,SYH0004,사랑의실천4(미래실용인재),2011/1 ~ 2013/2,미디어커뮤니케이션전공(학부/서울),ok
H0002256,H0003665,미디어커뮤니케이션학과,CUL0005,말과글,2014/1 ~ 2027/2,미디어커뮤니케이션학과,ok
H0002256,H0003665,미디어커뮤니케이션학과,CUL0011,창의적컴퓨팅,2017/1 ~ 2027/2,미디어커뮤니케이션학과,ok
H0002256,H0003665,미디어커뮤니케이션학과,CUL0202,문화기술인간,2025/1 ~ 2027/2,미디어커뮤니케이션학과,ok
H0002256,H0003665,미디어커뮤니케이션학과,CUL0203,AI시대쓰기의힘,2025/1 ~ 2027/2,미디어커뮤니케이션학과,ok
H0002256,H0003665,미디어커뮤니케이션학과,CUL0206,Personal Branding in Digital Markets,2026/1 ~ 2028/2,미디어커뮤니케이션학과,ok
H0002256,H0003665,미디어커뮤니케이션학과,CUL0208,스토리텔링의설계와전략,2026/1 ~ 2028/2,미디어커뮤니케이션학과,ok
H0002256,H0003665,미디어커뮤니케이션학과,CUL1122,창의적프로그래밍,2023/1 ~ 2028/2,미디어커뮤니케이션학과,ok
H0002256,H0003665,미디어커뮤니케이션학과,CUL1138,인공지능과기계학습,2023/1 ~ 2028/2,미디어커뮤니케이션학과,ok
H0002256,H0003665,미디어커뮤니케이션학과,GEN4091,과학기술의철학적이해,2014/1 ~ 2027/2,미디어커뮤니케이션학과,ok
H0002256,H0003665,미디어커뮤니케이션학과,GEN5029,커리어개발Ⅰ:취.창업진로로드맵,2014/1 ~ 2027/2,미디어커뮤니케이션학과,ok
H0002256,H0003665,미디어커뮤니케이션학과,GEN5100,커리어개발Ⅱ:취.창업진로포트폴리오,2015/1 ~ 2029/2,미디어커뮤니케이션학과,ok
H0002256,H0003665,미디어커뮤니케이션학과,GEN6032,전문학술영어,2014/1 ~ 2028/2,미디어커뮤니케이션학과,ok
H0002256,H0003665,미디어커뮤니케이션학과,GEN6044,한양사회봉사,2014/1 ~ 2014/2,미디어커뮤니케이션학과,ok
H0002256,H0003665,미디어커뮤니케이션학과,GEN6094,전공현장실습1,2012/1 ~ 2016/2,미디어커뮤니케이션학과,ok
H0002256,H0003665,미디어커뮤니케이션학과,GEN6095,전공현장실습2,2012/1 ~ 2016/2,미디어커뮤니케이션학과,ok
H0002256,H0003665,미디어커뮤니케이션학과,JMC1004,미디어읽기와보기,2014/1 ~ 2015/2,미디어커뮤니케이션학과,ok
H0002256,H0003665,미디어커뮤니케이션학과,JMC1005,미디어의이해,2014/1 ~ 2028/2,미디어커뮤니케이션학과,ok
H0002256,H0003665,미디어커뮤니케이션학과,JMC1009,미디어커뮤니케이션의이해,2014/1 ~ 2015/2,미디어커뮤니케이션학과,ok
H0002256,H0003665,미디어커뮤니케이션학과,JMC1010,커뮤니케이션과사회,2014/1 ~ 2015/2,미디어커뮤니케이션학과,ok
H0002256,H0003665,미디어커뮤니케이션학과,JMC1011,미디어커뮤니케이션과사회,2020/1 ~ 2027/2,미디어커뮤니케이션학과,ok
H0002256,H0003665,미디어커뮤니케이션학과,JMC2002,커뮤니케이션발달사,2011/1 ~ 2017/2,미디어커뮤니케이션학과,ok
H0002256,H0003665,미디어커뮤니케이션학과,JMC2008,방송론,2014/1 ~ 2028/2,미디어커뮤니케이션학과,ok
H0002256,H0003665,미디어커뮤니케이션학과,JMC2021,미디어글쓰기,2014/1 ~ 2016/2,미디어커뮤니케이션학과,ok
H0002256,H0003665,미디어커뮤니케이션학과,JMC2022,미디어전략과기획,2014/1 ~ 2025/2,미디어커뮤니케이션학과,ok
H0002256,H0003665,미디어커뮤니케이션학과,JMC2026,설득커뮤니케이션과광고,2021/1 ~ 2024/2,미디어커뮤니케이션학과,ok
H0002256,H0003665,미디어커뮤니케이션학과,JMC2027,광고전략과비평,2025/1 ~ 2028/2,미디어커뮤니케이션학과,ok
H0002256,H0003665,미디어커뮤니케이션학과,JMC2028,광고와커뮤니케이션,2025/1 ~ 2025/2,미디어커뮤니케이션학과,ok
H0002256,H0003665,미디어커뮤니케이션학과,JMC3002,커뮤니케이션연구방법론,2011/1 ~ 2029/2,미디어커뮤니케이션학과,ok
H0002256,H0003665,미디어커뮤니케이션학과,JMC3003,신문제작,2011/1 ~ 2029/2,미디어커뮤니케이션학과,ok
H0002256,H0003665,미디어커뮤니케이션학과,JMC3015,영상제작실습1,2011/1 ~ 2028/2,미디어커뮤니케이션학과,ok
H0002256,H0003665,미디어커뮤니케이션학과,JMC3017,정치커뮤니케이션,2012/1 ~ 2030/2,미디어커뮤니케이션학과,ok
H0002256,H0003665,미디어커뮤니케이션학과,JMC3035,방송편성,2011/1 ~ 2017/2,미디어커뮤니케이션학과,ok
H0002256,H0003665,미디어커뮤니케이션학과,JMC3040,디지털미디어의이해,2011/1 ~ 2017/2,미디어커뮤니케이션학과,ok
H0002256,H0003665,미디어커뮤니케이션학과,JMC3042,미디어논술과작문,2012/1 ~ 2029/2,미디어커뮤니케이션학과,ok
H0002256,H0003665,미디어커뮤니케이션학과,JMC3043,리더십커뮤니케이션,2012/1 ~ 2025/2,미디어커뮤니케이션학과,ok
H0002256,H0003665,미디어커뮤니케이션학과,JMC3046,글로벌방송영상제작실습,2016/1 ~ 2017/2,미디어커뮤니케이션학과,ok
H0002256,H0003665,미디어커뮤니케이션학과,JMC3047,커뮤니케이션과미디어심리,2023/1 ~ 2029/2,미디어커뮤니케이션학과,ok
H0002256,H0003665,미디어커뮤니케이션학과,JMC3048,필란트로피커뮤니케이션,2023/1 ~ 2029/2,미디어커뮤니케이션학과,ok
H0002256,H0003665,미디어커뮤니케이션학과,JMC3049,설득커뮤니케이션의이해,2026/1 ~ 2029/2,미디어커뮤니케이션학과,ok
H0002256,H0003665,미디어커뮤니케이션학과,JMC4003,언론학특강,2012/1 ~ 2018/2,미디어커뮤니케이션학과,ok
H0002256,H0003665,미디어커뮤니케이션학과,JMC4004,언론과대중문화,2012/1 ~ 2018/2,미디어커뮤니케이션학과,ok
H0002256,H0003665,미디어커뮤니케이션학과,JMC4013,비판커뮤니케이션,2012/1 ~ 2018/2,미디어커뮤니케이션학과,ok
H0002256,H0003665,미디어커뮤니케이션학과,JMC4018,조직커뮤니케이션,2012/1 ~ 2026/2,미디어커뮤니케이션학과,ok
H0002256,H0003665,미디어커뮤니케이션학과,JMC4024,언론법제,2012/1 ~ 2030/2,미디어커뮤니케이션학과,ok
H0002256,H0003665,미디어커뮤니케이션학과,JMC4031,미디어경영,2012/1 ~ 2018/2,미디어커뮤니케이션학과,not_found
H0002256,H0003665,미디어커뮤니케이션학과,JMC4034,미디어문화산업의과제,2014/1 ~ 2018/2,미디어커뮤니케이션학과,not_found
H0002256,H0003665,미디어커뮤니케이션학과,JMC4039,대중문화와문화산업,2016/1 ~ 2030/2,미디어커뮤니케이션학과,ok
H0002256,H0003665,미디어커뮤니케이션학과,JOU2001,광고론,2014/1 ~ 2020/2,미디어커뮤니케이션학과,ok
H0002256,H0003665,미디어커뮤니케이션학과,JOU2004,AI저널리즘,2014/1 ~ 2028/2,미디어커뮤니케이션학과,ok
H0002256,H0003665,미디어커뮤니케이션학과,JOU2005,커뮤니케이션원론,2014/1 ~ 2019/2,미디어커뮤니케이션학과,ok
H0002256,H0003665,미디어커뮤니케이션학과,JOU2006,한국언론사,2014/1 ~ 2024/2,미디어커뮤니케이션학과,ok
H0002256,H0003665,미디어커뮤니케이션학과,JOU2009,보도사진실습,2011/1 ~ 2029/2,미디어커뮤니케이션학과,ok
H0002256,H0003665,미디어커뮤니케이션학과,JOU2011,저널리즘과테크놀로지,2014/1 ~ 2028/2,미디어커뮤니케이션학과,ok
H0002256,H0003665,미디어커뮤니케이션학과,JOU2012,영상문화,2014/1 ~ 2028/2,미디어커뮤니케이션학과,ok
H0002256,H0003665,미디어커뮤니케이션학과,JOU2013,디지털출판기획과제작,2014/1 ~ 2028/2,미디어커뮤니케이션학과,ok
H0002256,H0003665,미디어커뮤니케이션학과,JOU2014,광고기획제작,2014/1 ~ 2029/2,미디어커뮤니케이션학과,ok
H0002256,H0003665,미디어커뮤니케이션학과,JOU2015,매스컴론,2014/1 ~ 2028/2,미디어커뮤니케이션학과,ok
H0002256,H0003665,미디어커뮤니케이션학과,JOU2017,영상언어의이해,2014/1 ~ 2029/2,미디어커뮤니케이션학과,ok
H0002256,H0003665,미디어커뮤니케이션학과,JOU2018,대인간커뮤니케이션,2014/1 ~ 2030/2,미디어커뮤니케이션학과,ok
H0002256,H0003665,미디어커뮤니케이션학과,JOU2019,인터넷취재작성,2014/1 ~ 2016/2,미디어커뮤니케이션학과,ok
H0002256,H0003665,미디어커뮤니케이션학과,JOU2052,스피치커뮤니케이션,2012/1 ~ 2017/2,미디어커뮤니케이션학과,ok
H0002256,H0003665,미디어커뮤니케이션학과,JOU3011,미디어현장교육,2011/1 ~ 2017/2,미디어커뮤니케이션학과,ok
H0002256,H0003665,미디어커뮤니케이션학과,JOU3012,미디어커뮤니케이션학입문,2011/1 ~ 2027/2,미디어커뮤니케이션학과,ok
H0002256,H0003665,미디어커뮤니케이션학과,JOU3020,PR커뮤니케이션의이해,2011/1 ~ 2029/2,미디어커뮤니케이션학과,ok
H0002256,H0003665,미디어커뮤니케이션학과,JOU3021,여론과캠페인,2011/1 ~ 2029/2,미디어커뮤니케이션학과,ok
H0002256,H0003665,미디어커뮤니케이션학과,JOU3058,언론제도,2011/1 ~ 2029/2,미디어커뮤니케이션학과,ok
H0002256,H0003665,미디어커뮤니케이션학과,JOU3061,디지털미디어와문화,2015/1 ~ 2017/2,미디어커뮤니케이션학과,ok
H0002256,H0003665,미디어커뮤니케이션학과,JOU3062,디지털방송저널리즘,2015/1 ~ 2029/2,미디어커뮤니케이션학과,ok
H0002256,H0003665,미디어커뮤니케이션학과,JOU3066,스피치커뮤니케이션의이해,2016/1 ~ 2028/2,미디어커뮤니케이션학과,ok
H0002256,H0003665,미디어커뮤니케이션학과,JOU3067,미디어와문화,2022/1 ~ 2029/2,미디어커뮤니케이션학과,ok
H0002256,H0003665,미디어커뮤니케이션학과,JOU3068,미디어와문화정책,2022/1 ~ 2029/2,미디어커뮤니케이션학과,ok
H0002256,H0003665,미디어커뮤니케이션학과,JOU3069,프로젝트리더십커뮤니케이션,2022/1 ~ 2025/2,미디어커뮤니케이션학과,ok
H0002256,H0003665,미디어커뮤니케이션학과,JOU4009,영상제작실습2,2011/1 ~ 2028/2,미디어커뮤니케이션학과,ok
H0002256,H0003665,미디어커뮤니케이션학과,JOU4014,영상미디어산업과인공지능,2012/1 ~ 2030/2,미디어커뮤니케이션학과,ok
H0002256,H0003665,미디어커뮤니케이션학과,JOU4015,커뮤니케이션연구지도캡스톤디자인Ⅰ,2012/1 ~ 2026/2,미디어커뮤니케이션학과,ok
H0002256,H0003665,미디어커뮤니케이션학과,JOU4016,커뮤니케이션연구지도캡스톤디자인Ⅱ,2012/1 ~ 2026/2,미디어커뮤니케이션학과,ok
H0002256,H0003665,미디어커뮤니케이션학과,JOU4017,글로벌커뮤니케이션이론및과제,2016/1 ~ 2018/2,미디어커뮤니케이션학과,ok
H0002256,H0003665,미디어커뮤니케이션학과,JOU4018,글로벌미디어와커뮤니케이션,2019/1 ~ 2029/2,미디어커뮤니케이션학과,ok
H0002256,H0003665,미디어커뮤니케이션학과,JOU4019,미디어비즈니스실무,2025/1 ~ 2030/2,미디어커뮤니케이션학과,ok
H0002256,H0003665,미디어커뮤니케이션학과,SYH0001,사랑의실천1(한양나눔),2014/1 ~ 2027/2,미디어커뮤니케이션학과,ok
H0002256,H0003665,미디어커뮤니케이션학과,SYH0002,사랑의실천2(스마트커뮤니케이션),2014/1 ~ 2028/2,미디어커뮤니케이션학과,not_found
H0002256,H0003665,미디어커뮤니케이션학과,SYH0003,사랑의실천3(기업가정신),2011/1 ~ 2029/2,미디어커뮤니케이션학과,not_found
H0002256,H0003665,미디어커뮤니케이션학과,SYH0004,사랑의실천4(미래실용인재),2012/1 ~ 2030/2,미디어커뮤니케이션학과,ok
H0002256,H0004157,미래인문학융합전공,AIX0006,AI와법,2021/2 ~ 2029/2,미래인문학융합전공,ok
H0002256,H0004157,미래인문학융합전공,AIX0007,인공지능의철학,2021/2 ~ 2029/2,미래인문학융합전공,ok
H0002256,H0004157,미래인문학융합전공,FUT1001,아르테와테크네의만남,2017/1 ~ 2027/2,미래인문학융합전공,ok
H0002256,H0004157,미래인문학융합전공,FUT1003,엔지니어를위한영어의사소통,2017/1 ~ 2027/2,미래인문학융합전공,ok
H0002256,H0004157,미래인문학융합전공,FUT1004,과학기술자의상상력과창의성,2017/1 ~ 2027/2,미래인문학융합전공,ok
H0002256,H0004157,미래인문학융합전공,FUT1005,초학제시대의미래인문학,2017/1 ~ 2027/2,미래인문학융합전공,ok
H0002256,H0004157,미래인문학융합전공,FUT2001,가상/증강현실의예술,2017/1 ~ 2028/2,미래인문학융합전공,ok
H0002256,H0004157,미래인문학융합전공,FUT2002,AI시대의상상력과디자인씽킹,2017/1 ~ 2028/2,미래인문학융합전공,ok
H0002256,H0004157,미래인문학융합전공,FUT2004,문화콘텐츠+나,2017/1 ~ 2028/2,미래인문학융합전공,ok
H0002256,H0004157,미래인문학융합전공,FUT2005,공학영어읽기,2017/1 ~ 2028/2,미래인문학융합전공,ok
H0002256,H0004157,미래인문학융합전공,FUT2006,엔지니어를위한영어프리젠테이션,2017/1 ~ 2028/2,미래인문학융합전공,ok
H0002256,H0004157,미래인문학융합전공,FUT2007,테크노사이언스가만드는세상,2017/1 ~ 2028/2,미래인문학융합전공,ok
H0002256,H0004157,미래인문학융합전공,FUT2008,지속가능한미래를위한과학기술정책,2017/1 ~ 2028/2,미래인문학융합전공,ok
H0002256,H0004157,미래인문학융합전공,FUT2009,네트워크사회를위한미래인문학,2017/1 ~ 2028/2,미래인문학융합전공,ok
H0002256,H0004157,미래인문학융합전공,FUT3001,아트테크놀로지캡스톤디자인,2017/1 ~ 2029/2,미래인문학융합전공,ok
H0002256,H0004157,미래인문학융합전공,FUT3002,인문학으로예술읽기,2017/1 ~ 2029/2,미래인문학융합전공,ok
H0002256,H0004157,미래인문학융합전공,FUT3004,문화콘텐츠아나토미:비평이론과실제,2017/1 ~ 2029/2,미래인문학융합전공,ok
H0002256,H0004157,미래인문학융합전공,FUT3005,엔지니어를위한실용영작문,2017/1 ~ 2029/2,미래인문학융합전공,ok
H0002256,H0004157,미래인문학융합전공,FUT3006,엔지니어를위한학술영작문,2017/1 ~ 2029/2,미래인문학융합전공,ok
H0002256,H0004157,미래인문학융합전공,FUT3007,역사를바꾼과학혁명,2017/1 ~ 2029/2,미래인문학융합전공,ok
H0002256,H0004157,미래인문학융합전공,FUT3008,인류세시대를위한미래인문학,2017/1 ~ 2029/2,미래인문학융합전공,ok
H0002256,H0004157,미래인문학융합전공,FUT3009,과학기술학의새로운지형도,2017/1 ~ 2029/2,미래인문학융합전공,ok
H0002256,H0004157,미래인문학융합전공,FUT4001,인문학으로기술읽기,2017/1 ~ 2030/2,미래인문학융합전공,ok
H0002256,H0004157,미래인문학융합전공,FUT4002,공학영어캡스톤디자인,2017/1 ~ 2030/2,미래인문학융합전공,ok
H0002256,H0004157,미래인문학융합전공,FUT4003,한국과학혁신의역사,2017/1 ~ 2030/2,미래인문학융합전공,ok
H0002256,H0002541,미래자동차공학과,AUE1001,자동차공학개론,2011/1 ~ 2015/2,미래자동차공학과,ok
H0002256,H0002541,미래자동차공학과,AUE1002,미래자동차공학개론,2023/1 ~ 2027/2,미래자동차공학과,ok
H0002256,H0002541,미래자동차공학과,AUE3028,CAE,2013/1 ~ 2029/2,미래자동차공학과,ok
H0002256,H0002541,미래자동차공학과,AUE3030,자동차공학실험,2013/1 ~ 2029/2,미래자동차공학과,ok
H0002256,H0002541,미래자동차공학과,AUE3031,설계공학,2013/1 ~ 2029/2,미래자동차공학과,ok
H0002256,H0002541,미래자동차공학과,AUE3032,미래자동차공학연구실현장실습1,2018/2 ~ 2025/2,미래자동차공학과,ok
H0002256,H0002541,미래자동차공학과,AUE3033,미래자동차공학연구실현장실습2,2018/2 ~ 2025/2,미래자동차공학과,ok
H0002256,H0002541,미래자동차공학과,AUE3034,마이크로프로세서응용시스템,2020/2 ~ 2029/2,미래자동차공학과,ok
H0002256,H0002541,미래자동차공학과,AUE3035,자동차커넥티비티,2025/2 ~ 2029/2,미래자동차공학과,ok
H0002256,H0002541,미래자동차공학과,AUE4021,NVH,2014/1 ~ 2030/2,미래자동차공학과,ok
H0002256,H0002541,미래자동차공학과,AUE4023,차량센서,2014/1 ~ 2030/2,미래자동차공학과,ok
H0002256,H0002541,미래자동차공학과,AUE4024,미래자동차공학종합설계1,2015/1 ~ 2030/2,미래자동차공학과,ok
H0002256,H0002541,미래자동차공학과,AUE4025,미래자동차공학종합설계2,2015/1 ~ 2030/2,미래자동차공학과,ok
H0002256,H0002541,미래자동차공학과,AUE4026,지능형차량실습1,2015/1 ~ 2022/2,미래자동차공학과,ok
H0002256,H0002541,미래자동차공학과,AUE4027,지능형차량실습2,2015/1 ~ 2022/2,미래자동차공학과,ok
H0002256,H0002541,미래자동차공학과,AUE4028,자동차분해조립실습,2018/2 ~ 2022/2,미래자동차공학과,ok
H0002256,H0002541,미래자동차공학과,AUE4029,미래자동차공학연구실현장실습3,2019/1 ~ 2026/2,미래자동차공학과,ok
H0002256,H0002541,미래자동차공학과,AUE4030,미래자동차공학연구실현장실습4,2018/2 ~ 2026/2,미래자동차공학과,ok
H0002256,H0002541,미래자동차공학과,AUE4031,e-파워트레인,2021/1 ~ 2030/2,미래자동차공학과,ok
H0002256,H0002541,미래자동차공학과,AUE4032,AI로봇공학,2023/1 ~ 2030/2,미래자동차공학과,ok
H0002256,H0002541,미래자동차공학과,AUE4033,차량최적설계,2023/1 ~ 2030/2,미래자동차공학과,ok
H0002256,H0002541,미래자동차공학과,AUE4034,자동차플랫폼이해및분해조립실습,2023/1 ~ 2023/1,미래자동차공학과,ok
H0002256,H0002541,미래자동차공학과,AUE4035,AI차량융합기술,2023/1 ~ 2030/2,미래자동차공학과,ok
H0002256,H0002541,미래자동차공학과,AUE4036,xEV에너지시스템,2021/2 ~ 2030/2,미래자동차공학과,ok
H0002256,H0002541,미래자동차공학과,AUE4037,xEV모터제어,2021/2 ~ 2030/2,미래자동차공학과,ok
H0002256,H0002541,미래자동차공학과,AUE4038,xEV모터구동시스템,2023/1 ~ 2030/2,미래자동차공학과,ok
H0002256,H0002541,미래자동차공학과,AUE4039,자동차소프트웨어,2023/2 ~ 2030/2,미래자동차공학과,ok
H0002256,H0002541,미래자동차공학과,AUE4040,자동차임베디드AI,2026/1 ~ 2030/2,미래자동차공학과,ok
H0002256,H0002541,미래자동차공학과,AUE4041,xEV전력변환,2026/2 ~ 2030/2,미래자동차공학과,not_found
H0002256,H0002541,미래자동차공학과,CHE2001,공업물리화학1,2013/1 ~ 2017/2,미래자동차공학과,ok
H0002256,H0002541,미래자동차공학과,CHM1002,일반화학및실험2,2011/1 ~ 2025/2,미래자동차공학과,ok
H0002256,H0002541,미래자동차공학과,CHM1005,일반화학및실험1,2011/1 ~ 2025/2,미래자동차공학과,ok
H0002256,H0002541,미래자동차공학과,CHM4084,전지공학,2014/1 ~ 2016/1,미래자동차공학과,ok
H0002256,H0002541,미래자동차공학과,CME4001,에너지소재,2013/1 ~ 2017/2,미래자동차공학과,ok
H0002256,H0002541,미래자동차공학과,COE2004,동역학,2012/1 ~ 2028/2,미래자동차공학과,ok
H0002256,H0002541,미래자동차공학과,COE2022,공학입문설계,2011/1 ~ 2027/2,미래자동차공학과,ok
H0002256,H0002541,미래자동차공학과,COE2052,고체역학,2012/1 ~ 2028/2,미래자동차공학과,ok
H0002256,H0002541,미래자동차공학과,COE3051,공업수학1,2012/1 ~ 2028/2,미래자동차공학과,ok
H0002256,H0002541,미래자동차공학과,COE3052,공업수학2,2012/1 ~ 2028/2,미래자동차공학과,ok
H0002256,H0002541,미래자동차공학과,CSE2010,자료구조론,2013/1 ~ 2017/2,미래자동차공학과,ok
H0002256,H0002541,미래자동차공학과,CUL0005,말과글,2011/1 ~ 2027/2,미래자동차공학과,ok
H0002256,H0002541,미래자동차공학과,CUL0202,문화기술인간,2025/1 ~ 2027/2,미래자동차공학과,ok
H0002256,H0002541,미래자동차공학과,CUL0203,AI시대쓰기의힘,2025/1 ~ 2027/2,미래자동차공학과,ok
H0002256,H0002541,미래자동차공학과,CUL0205,Technology and AI: Utopia or Dystopia?,2026/1 ~ 2028/2,미래자동차공학과,ok
H0002256,H0002541,미래자동차공학과,CUL0208,스토리텔링의설계와전략,2026/1 ~ 2028/2,미래자동차공학과,ok
H0002256,H0002541,미래자동차공학과,CUL1138,인공지능과기계학습,2023/1 ~ 2028/2,미래자동차공학과,ok
H0002256,H0002541,미래자동차공학과,CUL3011,일반물리학및실험1,2011/1 ~ 2027/2,미래자동차공학과,ok
H0002256,H0002541,미래자동차공학과,CUL3012,일반물리학및실험2,2011/1 ~ 2027/2,미래자동차공학과,ok
H0002256,H0002541,미래자동차공학과,DME3003,시스템해석,2013/1 ~ 2029/2,미래자동차공학과,ok
H0002256,H0002541,미래자동차공학과,DME3012,차체구조,2014/1 ~ 2022/2,미래자동차공학과,ok
H0002256,H0002541,미래자동차공학과,DME4005,시스템설계,2014/1 ~ 2030/2,미래자동차공학과,ok
H0002256,H0002541,미래자동차공학과,DME4025,차량파워트레인,2014/1 ~ 2018/2,미래자동차공학과,ok
H0002256,H0002541,미래자동차공학과,DME4027,미래형자동차,2014/1 ~ 2022/2,미래자동차공학과,ok
H0002256,H0002541,미래자동차공학과,ECE3008,신호와시스템,2013/1 ~ 2029/2,미래자동차공학과,ok
H0002256,H0002541,미래자동차공학과,ECL3003,임베디드시스템,2014/1 ~ 2030/2,미래자동차공학과,ok
H0002256,H0002541,미래자동차공학과,ECN1001,디지털논리설계,2012/1 ~ 2025/2,미래자동차공학과,ok
H0002256,H0002541,미래자동차공학과,ELE2058,전기회로,2012/1 ~ 2028/2,미래자동차공학과,ok
H0002256,H0002541,미래자동차공학과,ELE3019,컴퓨터구조1,2014/1 ~ 2018/2,미래자동차공학과,ok
H0002256,H0002541,미래자동차공학과,ELE3021,운영체제,2014/1 ~ 2018/2,미래자동차공학과,ok
H0002256,H0002541,미래자동차공학과,ELE3053,전기공학,2012/1 ~ 2013/2,미래자동차공학과,ok
H0002256,H0002541,미래자동차공학과,ELE4004,에너지변환공학,2013/1 ~ 2029/2,미래자동차공학과,ok
H0002256,H0002541,미래자동차공학과,ELE4005,전력전자공학,2013/1 ~ 2029/2,미래자동차공학과,ok
H0002256,H0002541,미래자동차공학과,ENE3001,전자회로,2012/1 ~ 2028/2,미래자동차공학과,ok
H0002256,H0002541,미래자동차공학과,ENE3063,전자공학,2012/1 ~ 2013/2,미래자동차공학과,ok
H0002256,H0002541,미래자동차공학과,ENE4041,마이크로프로세서응용,2013/1 ~ 2025/2,미래자동차공학과,ok
H0002256,H0002541,미래자동차공학과,ENE4054,자동제어,2013/1 ~ 2029/2,미래자동차공학과,ok
H0002256,H0002541,미래자동차공학과,GEN0072,일반화학및실험,2026/1 ~ 2027/2,미래자동차공학과,ok
H0002256,H0002541,미래자동차공학과,GEN1031,공학도를위한창의적컴퓨팅,2011/1 ~ 2027/2,미래자동차공학과,ok
H0002256,H0002541,미래자동차공학과,GEN1100,공학도를위한창의적프로그래밍,2023/1 ~ 2028/2,미래자동차공학과,ok
H0002256,H0002541,미래자동차공학과,GEN2052,미분적분학1,2011/1 ~ 2027/2,미래자동차공학과,ok
H0002256,H0002541,미래자동차공학과,GEN2053,미분적분학2,2011/1 ~ 2027/2,미래자동차공학과,ok
H0002256,H0002541,미래자동차공학과,GEN4091,과학기술의철학적이해,2012/1 ~ 2027/2,미래자동차공학과,ok
H0002256,H0002541,미래자동차공학과,GEN5026,테크노경영학(스타트업종합설계),2013/1 ~ 2029/2,미래자동차공학과,ok
H0002256,H0002541,미래자동차공학과,GEN5029,커리어개발Ⅰ:취.창업진로로드맵,2011/1 ~ 2027/2,미래자동차공학과,ok
H0002256,H0002541,미래자동차공학과,GEN5100,커리어개발Ⅱ:취.창업진로포트폴리오,2015/1 ~ 2029/2,미래자동차공학과,ok
H0002256,H0002541,미래자동차공학과,GEN6032,전문학술영어,2011/1 ~ 2028/2,미래자동차공학과,ok
H0002256,H0002541,미래자동차공학과,GEN6044,한양사회봉사,2011/1 ~ 2014/2,미래자동차공학과,ok
H0002256,H0002541,미래자동차공학과,GEN6094,전공현장실습1,2014/1 ~ 2021/2,미래자동차공학과,ok
H0002256,H0002541,미래자동차공학과,GEN6095,전공현장실습2,2013/1 ~ 2021/2,미래자동차공학과,ok
H0002256,H0002541,미래자동차공학과,HYP1005,미래자동차공학HY-UP(실용연구실습)1,2026/1 ~ 2029/2,미래자동차공학과,ok
H0002256,H0002541,미래자동차공학과,HYP2004,미래자동차공학HY-UP(실용연구실습)2,2026/1 ~ 2029/2,미래자동차공학과,not_found
H0002256,H0002541,미래자동차공학과,HYP3005,미래자동차공학HY-UP(실용연구실습)3,2027/1 ~ 2030/2,미래자동차공학과,not_found
H0002256,H0002541,미래자동차공학과,HYP4004,미래자동차공학HY-UP(실용연구실습)4,2027/1 ~ 2030/2,미래자동차공학과,not_found
H0002256,H0002541,미래자동차공학과,ICH4002,전기화학,2014/1 ~ 2018/2,미래자동차공학과,ok
H0002256,H0002541,미래자동차공학과,INE3017,생산공학,2013/1 ~ 2029/2,미래자동차공학과,ok
H0002256,H0002541,미래자동차공학과,INE3028,CAD,2012/1 ~ 2028/2,미래자동차공학과,ok
H0002256,H0002541,미래자동차공학과,INE4091,전동기응용,2014/1 ~ 2020/2,미래자동차공학과,ok
H0002256,H0002541,미래자동차공학과,ITE4051,무선통신네트워크,2014/1 ~ 2018/2,미래자동차공학과,ok
H0002256,H0002541,미래자동차공학과,ITE4052,컴퓨터비전,2014/1 ~ 2018/2,미래자동차공학과,ok
H0002256,H0002541,미래자동차공학과,MAT2003,선형대수,2013/1 ~ 2029/2,미래자동차공학과,ok
H0002256,H0002541,미래자동차공학과,MAT2017,확률통계론,2012/1 ~ 2025/2,미래자동차공학과,ok
H0002256,H0002541,미래자동차공학과,MEE3007,유체역학,2012/1 ~ 2028/2,미래자동차공학과,ok
H0002256,H0002541,미래자동차공학과,MEE3008,로보트공학,2014/1 ~ 2022/2,미래자동차공학과,ok
H0002256,H0002541,미래자동차공학과,MEE3012,열역학,2012/1 ~ 2028/2,미래자동차공학과,ok
H0002256,H0002541,미래자동차공학과,MEE4011,계측공학,2014/1 ~ 2018/2,미래자동차공학과,ok
H0002256,H0002541,미래자동차공학과,MEE4035,차량동역학시스템,2014/1 ~ 2030/2,미래자동차공학과,ok
H0002256,H0002541,미래자동차공학과,PHY2013,전자기학,2012/1 ~ 2028/2,미래자동차공학과,ok
H0002256,H0002541,미래자동차공학과,PME3006,메카트로닉스,2012/1 ~ 2013/2,미래자동차공학과,ok
H0002256,H0002541,미래자동차공학과,SYH0001,사랑의실천1(한양나눔),2011/1 ~ 2027/2,미래자동차공학과,ok
H0002256,H0002541,미래자동차공학과,SYH0002,사랑의실천2(스마트커뮤니케이션),2012/1 ~ 2028/2,미래자동차공학과,not_found
H0002256,H0002541,미래자동차공학과,SYH0003,사랑의실천3(기업가정신),2013/1 ~ 2029/2,미래자동차공학과,not_found
H0002256,H0002541,미래자동차공학과,SYH0004,사랑의실천4(미래실용인재),2014/1 ~ 2030/2,미래자동차공학과,ok
H0002256,H0004800,미래자동차기술융합전공,AUE3028,CAE,2018/1 ~ 2029/2,미래자동차기술융합전공,ok
H0002256,H0004800,미래자동차기술융합전공,AUE3030,자동차공학실험,2018/1 ~ 2029/2,미래자동차기술융합전공,ok
H0002256,H0004800,미래자동차기술융합전공,AUE3031,설계공학,2018/1 ~ 2029/2,미래자동차기술융합전공,ok
H0002256,H0004800,미래자동차기술융합전공,AUE3032,미래자동차공학연구실현장실습1,2018/1 ~ 2025/2,미래자동차기술융합전공,ok
H0002256,H0004800,미래자동차기술융합전공,AUE3033,미래자동차공학연구실현장실습2,2018/1 ~ 2025/2,미래자동차기술융합전공,ok
H0002256,H0004800,미래자동차기술융합전공,AUE3034,마이크로프로세서응용시스템,2018/1 ~ 2029/2,미래자동차기술융합전공,ok
H0002256,H0004800,미래자동차기술융합전공,AUE4021,NVH,2019/2 ~ 2030/2,미래자동차기술융합전공,ok
H0002256,H0004800,미래자동차기술융합전공,AUE4023,차량센서,2019/1 ~ 2030/2,미래자동차기술융합전공,ok
H0002256,H0004800,미래자동차기술융합전공,AUE4024,미래자동차공학종합설계1,2019/1 ~ 2030/2,미래자동차기술융합전공,ok
H0002256,H0004800,미래자동차기술융합전공,AUE4025,미래자동차공학종합설계2,2019/2 ~ 2030/2,미래자동차기술융합전공,ok
H0002256,H0004800,미래자동차기술융합전공,AUE4029,미래자동차공학연구실현장실습3,2019/1 ~ 2026/2,미래자동차기술융합전공,ok
H0002256,H0004800,미래자동차기술융합전공,AUE4030,미래자동차공학연구실현장실습4,2019/2 ~ 2026/2,미래자동차기술융합전공,ok
H0002256,H0004800,미래자동차기술융합전공,AUE4031,e-파워트레인,2019/1 ~ 2030/2,미래자동차기술융합전공,ok
H0002256,H0004800,미래자동차기술융합전공,AUE4032,AI로봇공학,2019/1 ~ 2030/2,미래자동차기술융합전공,ok
H0002256,H0004800,미래자동차기술융합전공,AUE4033,차량최적설계,2019/2 ~ 2030/2,미래자동차기술융합전공,ok
H0002256,H0004800,미래자동차기술융합전공,AUE4034,자동차플랫폼이해및분해조립실습,2019/1 ~ 2030/2,미래자동차기술융합전공,ok
H0002256,H0004800,미래자동차기술융합전공,AUE4035,AI차량융합기술,2019/2 ~ 2030/2,미래자동차기술융합전공,ok
H0002256,H0004800,미래자동차기술융합전공,AUE4036,xEV에너지시스템,2019/2 ~ 2030/2,미래자동차기술융합전공,ok
H0002256,H0004800,미래자동차기술융합전공,AUE4037,xEV모터제어,2019/2 ~ 2030/2,미래자동차기술융합전공,ok
H0002256,H0004800,미래자동차기술융합전공,AUE4038,xEV모터구동시스템,2019/1 ~ 2030/2,미래자동차기술융합전공,ok
H0002256,H0004800,미래자동차기술융합전공,AUE4039,자동차소프트웨어,2024/2 ~ 2030/2,미래자동차기술융합전공,ok
H0002256,H0004800,미래자동차기술융합전공,AUT4001,자동차제품개발론,2023/1 ~ 2030/2,미래자동차기술융합전공,ok
H0002256,H0004800,미래자동차기술융합전공,CSE2010,자료구조론,2017/1 ~ 2028/2,미래자동차기술융합전공,ok
H0002256,H0004800,미래자동차기술융합전공,CSE4006,소프트웨어공학,2018/1 ~ 2029/2,미래자동차기술융합전공,ok
H0002256,H0004800,미래자동차기술융합전공,CSE4007,인공지능,2019/2 ~ 2030/2,미래자동차기술융합전공,ok
H0002256,H0004800,미래자동차기술융합전공,DME2055,기계재료학,2017/1 ~ 2028/2,미래자동차기술융합전공,ok
H0002256,H0004800,미래자동차기술융합전공,DME2060,선형대수원리및응용,2018/1 ~ 2029/2,미래자동차기술융합전공,ok
H0002256,H0004800,미래자동차기술융합전공,DME2064,수소모빌리티산업의응용과미래,2023/1 ~ 2028/2,미래자동차기술융합전공,ok
H0002256,H0004800,미래자동차기술융합전공,DME3003,시스템해석,2018/1 ~ 2029/2,미래자동차기술융합전공,ok
H0002256,H0004800,미래자동차기술융합전공,DME3052,기계요소설계,2018/1 ~ 2029/2,미래자동차기술융합전공,ok
H0002256,H0004800,미래자동차기술융합전공,DME4005,시스템설계,2019/1 ~ 2030/2,미래자동차기술융합전공,ok
H0002256,H0004800,미래자동차기술융합전공,ECE3008,신호와시스템,2018/1 ~ 2029/2,미래자동차기술융합전공,ok
H0002256,H0004800,미래자동차기술융합전공,ECL3003,임베디드시스템,2019/1 ~ 2030/2,미래자동차기술융합전공,ok
H0002256,H0004800,미래자동차기술융합전공,ECL3011,전력전자,2018/1 ~ 2029/2,미래자동차기술융합전공,ok
H0002256,H0004800,미래자동차기술융합전공,ECL4010,차량전자제어,2019/1 ~ 2030/2,미래자동차기술융합전공,ok
H0002256,H0004800,미래자동차기술융합전공,ECL4015,전력변환응용,2019/1 ~ 2030/2,미래자동차기술융합전공,ok
H0002256,H0004800,미래자동차기술융합전공,ECL4019,지능형자동차제어시스템,2019/1 ~ 2030/2,미래자동차기술융합전공,ok
H0002256,H0004800,미래자동차기술융합전공,ECL4022,최적화개론,2019/1 ~ 2030/2,미래자동차기술융합전공,ok
H0002256,H0004800,미래자동차기술융합전공,ECR4004,현대제어이론,2019/1 ~ 2030/2,미래자동차기술융합전공,ok
H0002256,H0004800,미래자동차기술융합전공,ELE3004,제어공학,2018/1 ~ 2029/2,미래자동차기술융합전공,ok
H0002256,H0004800,미래자동차기술융합전공,ELE3013,전기기기,2018/1 ~ 2029/2,미래자동차기술융합전공,ok
H0002256,H0004800,미래자동차기술융합전공,ELE3021,운영체제,2018/1 ~ 2029/2,미래자동차기술융합전공,ok
H0002256,H0004800,미래자동차기술융합전공,ELE3039,알고리즘,2018/1 ~ 2029/2,미래자동차기술융합전공,ok
H0002256,H0004800,미래자동차기술융합전공,ELE3076,디지털신호처리1,2018/1 ~ 2029/2,미래자동차기술융합전공,ok
H0002256,H0004800,미래자동차기술융합전공,ELE3077,디지털신호처리2,2018/1 ~ 2029/2,미래자동차기술융합전공,ok
H0002256,H0004800,미래자동차기술융합전공,ELE4004,에너지변환공학,2018/1 ~ 2029/2,미래자동차기술융합전공,ok
H0002256,H0004800,미래자동차기술융합전공,ELE4005,전력전자공학,2018/1 ~ 2029/2,미래자동차기술융합전공,ok
H0002256,H0004800,미래자동차기술융합전공,ENE4015,신호처리,2018/1 ~ 2029/2,미래자동차기술융합전공,ok
H0002256,H0004800,미래자동차기술융합전공,ENE4019,컴퓨터네트워크,2018/1 ~ 2029/2,미래자동차기술융합전공,ok
H0002256,H0004800,미래자동차기술융합전공,ENE4041,마이크로프로세서응용,2018/1 ~ 2029/2,미래자동차기술융합전공,ok
H0002256,H0004800,미래자동차기술융합전공,ENE4054,자동제어,2018/1 ~ 2029/2,미래자동차기술융합전공,ok
H0002256,H0004800,미래자동차기술융합전공,HYP1005,미래자동차공학HY-UP(실용연구실습)1,2026/1 ~ 2029/2,미래자동차기술융합전공,ok
H0002256,H0004800,미래자동차기술융합전공,HYP2004,미래자동차공학HY-UP(실용연구실습)2,2026/1 ~ 2029/2,미래자동차기술융합전공,not_found
H0002256,H0004800,미래자동차기술융합전공,HYP3005,미래자동차공학HY-UP(실용연구실습)3,2027/1 ~ 2030/2,미래자동차기술융합전공,not_found
H0002256,H0004800,미래자동차기술융합전공,HYP4004,미래자동차공학HY-UP(실용연구실습)4,2027/1 ~ 2030/2,미래자동차기술융합전공,not_found
H0002256,H0004800,미래자동차기술융합전공,INE3017,생산공학,2018/1 ~ 2029/2,미래자동차기술융합전공,ok
H0002256,H0004800,미래자동차기술융합전공,INE3028,CAD,2023/2 ~ 2028/2,미래자동차기술융합전공,ok
H0002256,H0004800,미래자동차기술융합전공,ITE2031,컴퓨터구조론,2018/1 ~ 2029/2,미래자동차기술융합전공,ok
H0002256,H0004800,미래자동차기술융합전공,ITE2037,객체지향시스템설계,2017/1 ~ 2028/2,미래자동차기술융합전공,ok
H0002256,H0004800,미래자동차기술융합전공,ITE2038,데이터베이스시스템및응용,2017/1 ~ 2028/2,미래자동차기술융합전공,ok
H0002256,H0004800,미래자동차기술융합전공,ITE2039,알고리즘및문제해결기법,2017/1 ~ 2028/2,미래자동차기술융합전공,ok
H0002256,H0004800,미래자동차기술융합전공,ITE3062,인간컴퓨터상호작용,2019/1 ~ 2030/2,미래자동차기술융합전공,ok
H0002256,H0004800,미래자동차기술융합전공,ITE4065,병렬프로그래밍,2023/2 ~ 2030/2,미래자동차기술융합전공,ok
H0002256,H0004800,미래자동차기술융합전공,MAT2003,선형대수,2018/1 ~ 2029/2,미래자동차기술융합전공,ok
H0002256,H0004800,미래자동차기술융합전공,MAT2017,확률통계론,2023/2 ~ 2028/2,미래자동차기술융합전공,ok
H0002256,H0004800,미래자동차기술융합전공,MAT3008,수치해석,2018/1 ~ 2029/2,미래자동차기술융합전공,ok
H0002256,H0004800,미래자동차기술융합전공,MEE3003,유체역학1,2018/1 ~ 2029/2,미래자동차기술융합전공,ok
H0002256,H0004800,미래자동차기술융합전공,MEE3004,유체역학2,2018/1 ~ 2029/2,미래자동차기술융합전공,ok
H0002256,H0004800,미래자동차기술융합전공,MEE3008,로보트공학,2019/1 ~ 2030/2,미래자동차기술융합전공,ok
H0002256,H0004800,미래자동차기술융합전공,MEE4001,열전달,2018/1 ~ 2029/2,미래자동차기술융합전공,ok
H0002256,H0004800,미래자동차기술융합전공,MEE4035,차량동역학시스템,2019/2 ~ 2030/2,미래자동차기술융합전공,ok
H0002256,H0004800,미래자동차기술융합전공,PBL4001,컴퓨터소프트웨어캡스톤PBL,2023/2 ~ 2030/2,미래자동차기술융합전공,ok
H0002256,H0004800,미래자동차기술융합전공,PME3002,기계진동학,2018/1 ~ 2029/2,미래자동차기술융합전공,ok
H0002256,H0004713,미래전기에너지신기술융합전공,CUL1185,전기에너지개론,2017/2 ~ 2028/2,미래전기에너지신기술융합전공,ok
H0002256,H0004713,미래전기에너지신기술융합전공,FET1001,스마트에너지와지속가능한미래,2025/2 ~ 2027/2,미래전기에너지신기술융합전공,ok
H0002256,H0004713,미래전기에너지신기술융합전공,FET1002,에너지와지속가능경영의기초,2026/1 ~ 2027/2,미래전기에너지신기술융합전공,not_found
H0002256,H0004713,미래전기에너지신기술융합전공,FET3003,에너지기후변화정책연구,2025/2 ~ 2029/2,미래전기에너지신기술융합전공,ok
H0002256,H0004713,미래전기에너지신기술융합전공,FET3004,에너지자원순환공학,2026/1 ~ 2029/2,미래전기에너지신기술융합전공,not_found
H0002256,H0004713,미래전기에너지신기술융합전공,FET9101,에너지소재개론,2016/1 ~ 2027/2,미래전기에너지신기술융합전공,not_found
H0002256,H0004713,미래전기에너지신기술융합전공,FET9102,에너지신산업머신러닝개론,2025/1 ~ 2027/2,미래전기에너지신기술융합전공,not_found
H0002256,H0004713,미래전기에너지신기술융합전공,FET9103,AI와에너지신산업,2026/1 ~ 2027/2,미래전기에너지신기술융합전공,not_found
H0002256,H0004713,미래전기에너지신기술융합전공,FET9104,에너지와지식재산라이센싱,2026/1 ~ 2027/2,미래전기에너지신기술융합전공,not_found
H0002256,H0004713,미래전기에너지신기술융합전공,FET9201,에너지저장공학개론,2017/2 ~ 2028/2,미래전기에너지신기술융합전공,not_found
H0002256,H0004713,미래전기에너지신기술융합전공,FET9202,신에너지공학개론,2017/2 ~ 2028/2,미래전기에너지신기술융합전공,not_found
H0002256,H0004713,미래전기에너지신기술융합전공,FET9203,전기화학에너지저장이론및실험,2017/1 ~ 2028/2,미래전기에너지신기술융합전공,not_found
H0002256,H0004713,미래전기에너지신기술융합전공,FET9204,재생에너지공학개론,2017/1 ~ 2028/2,미래전기에너지신기술융합전공,not_found
H0002256,H0004713,미래전기에너지신기술융합전공,FET9205,수소연료전지개론,2017/1 ~ 2028/2,미래전기에너지신기술융합전공,not_found
H0002256,H0004713,미래전기에너지신기술융합전공,FET9206,에너지와기술의경제학,2017/1 ~ 2028/2,미래전기에너지신기술융합전공,not_found
H0002256,H0004713,미래전기에너지신기술융합전공,FET9207,에너지와기후변화,2017/1 ~ 2028/2,미래전기에너지신기술융합전공,not_found
H0002256,H0004713,미래전기에너지신기술융합전공,FET9208,파이썬프로그래밍입문,2024/1 ~ 2027/2,미래전기에너지신기술융합전공,not_found
H0002256,H0004713,미래전기에너지신기술융합전공,FET9209,원자력발전공학개론,2024/1 ~ 2028/2,미래전기에너지신기술융합전공,not_found
H0002256,H0004713,미래전기에너지신기술융합전공,FET9210,탄소중립과ESG,2025/2 ~ 2028/2,미래전기에너지신기술융합전공,not_found
H0002256,H0004713,미래전기에너지신기술융합전공,FET9211,수소에너지개론,2026/1 ~ 2028/2,미래전기에너지신기술융합전공,not_found
H0002256,H0004713,미래전기에너지신기술융합전공,FET9301,에너지기후변화정책,2018/2 ~ 2029/2,미래전기에너지신기술융합전공,not_found
H0002256,H0004713,미래전기에너지신기술융합전공,FET9302,거대에너지저장,2018/2 ~ 2029/2,미래전기에너지신기술융합전공,not_found
H0002256,H0004713,미래전기에너지신기술융합전공,FET9303,에너지저장소재설계,2018/2 ~ 2029/2,미래전기에너지신기술융합전공,not_found
H0002256,H0004713,미래전기에너지신기술융합전공,FET9304,에너지생산소재공학,2018/2 ~ 2029/2,미래전기에너지신기술융합전공,not_found
H0002256,H0004713,미래전기에너지신기술융합전공,FET9305,에너지반응공학,2018/2 ~ 2029/2,미래전기에너지신기술융합전공,not_found
H0002256,H0004713,미래전기에너지신기술융합전공,FET9306,바이오폐기물에너지공학,2018/1 ~ 2029/2,미래전기에너지신기술융합전공,not_found
H0002256,H0004713,미래전기에너지신기술융합전공,FET9307,화학적에너지수송,2018/1 ~ 2029/2,미래전기에너지신기술융합전공,not_found
H0002256,H0004713,미래전기에너지신기술융합전공,FET9308,AI기반에너지안전공학,2018/1 ~ 2029/2,미래전기에너지신기술융합전공,not_found
H0002256,H0004713,미래전기에너지신기술융합전공,FET9309,제로에너지시스템,2018/1 ~ 2029/2,미래전기에너지신기술융합전공,not_found
H0002256,H0004713,미래전기에너지신기술융합전공,FET9310,에너지빅데이터분석,2018/1 ~ 2029/2,미래전기에너지신기술융합전공,not_found
H0002256,H0004713,미래전기에너지신기술융합전공,FET9311,이산화탄소포집활용저장,2023/2 ~ 2029/2,미래전기에너지신기술융합전공,not_found
H0002256,H0004713,미래전기에너지신기술융합전공,FET9401,태양에너지공학,2019/2 ~ 2030/2,미래전기에너지신기술융합전공,not_found
H0002256,H0004713,미래전기에너지신기술융합전공,FET9402,지열에너지공학,2019/1 ~ 2030/2,미래전기에너지신기술융합전공,not_found
H0002256,H0004713,미래전기에너지신기술융합전공,FET9403,풍력에너지공학,2019/1 ~ 2030/2,미래전기에너지신기술융합전공,not_found
H0002256,H0004713,미래전기에너지신기술융합전공,FET9404,에너지사업타당성평가,2019/1 ~ 2030/2,미래전기에너지신기술융합전공,not_found
H0002256,H0004713,미래전기에너지신기술융합전공,FET9405,수소생산과연료전지응용,2019/1 ~ 2030/2,미래전기에너지신기술융합전공,not_found
H0002256,H0004713,미래전기에너지신기술융합전공,FET9406,열에너지변환공학,2019/1 ~ 2030/2,미래전기에너지신기술융합전공,not_found
H0002256,H0004713,미래전기에너지신기술융합전공,FET9407,AI기반시스템최적화,2019/1 ~ 2030/2,미래전기에너지신기술융합전공,not_found
H0002256,H0004713,미래전기에너지신기술융합전공,FET9408,수소에너지공학,2019/1 ~ 2030/2,미래전기에너지신기술융합전공,not_found
H0002256,H0004713,미래전기에너지신기술융합전공,FET9409,전기차배터리공학,2019/1 ~ 2030/2,미래전기에너지신기술융합전공,not_found
H0002256,H0004713,미래전기에너지신기술융합전공,FET9410,차세대에너지저장변환공학,2019/1 ~ 2030/2,미래전기에너지신기술융합전공,not_found
H0002256,H0004713,미래전기에너지신기술융합전공,FET9411,무선에너지전달,2019/1 ~ 2030/2,미래전기에너지신기술융합전공,not_found
H0002256,H0004713,미래전기에너지신기술융합전공,FET9412,수소에너지실험,2025/2 ~ 2030/2,미래전기에너지신기술융합전공,not_found
H0002256,H0004713,미래전기에너지신기술융합전공,FET9413,에너지신산업커리어디자인,2027/1 ~ 2030/2,미래전기에너지신기술융합전공,not_found
H0002256,H0004701,바이오메디컬공학전공,BIO2079,바이오분자공학,2023/1 ~ 2028/2,바이오메디컬공학전공,ok
H0002256,H0004701,바이오메디컬공학전공,BIO3081,생체소재공학,2024/1 ~ 2029/2,바이오메디컬공학전공,ok
H0002256,H0004701,바이오메디컬공학전공,BIO3084,생체모방공학,2024/1 ~ 2029/2,바이오메디컬공학전공,ok
H0002256,H0004701,바이오메디컬공학전공,BIO4063,바이오센서,2025/1 ~ 2030/2,바이오메디컬공학전공,ok
H0002256,H0004701,바이오메디컬공학전공,BIO4065,바이오메디컬공학특강1,2025/1 ~ 2030/2,바이오메디컬공학전공,ok
H0002256,H0004701,바이오메디컬공학전공,BIO4066,나노바이오공학,2025/1 ~ 2030/2,바이오메디컬공학전공,ok
H0002256,H0004701,바이오메디컬공학전공,BIO4067,바이오메디컬공학특강2,2025/1 ~ 2030/2,바이오메디컬공학전공,ok
H0002256,H0004701,바이오메디컬공학전공,BNG1001,바이오메디컬공학개론,2022/1 ~ 2027/2,바이오메디컬공학전공,ok
H0002256,H0004701,바이오메디컬공학전공,BNG2001,생체신호및시스템,2023/1 ~ 2028/2,바이오메디컬공학전공,ok
H0002256,H0004701,바이오메디컬공학전공,BNG2002,생체신호처리,2023/1 ~ 2028/2,바이오메디컬공학전공,ok
H0002256,H0004701,바이오메디컬공학전공,BNG2004,생체구조및기능1,2023/1 ~ 2028/2,바이오메디컬공학전공,ok
H0002256,H0004701,바이오메디컬공학전공,BNG2005,생체구조및기능2,2024/1 ~ 2029/2,바이오메디컬공학전공,ok
H0002256,H0004701,바이오메디컬공학전공,BNG2007,바이오메디컬프로그래밍,2023/1 ~ 2028/2,바이오메디컬공학전공,ok
H0002256,H0004701,바이오메디컬공학전공,BNG2008,바이오메디컬회로이론,2023/1 ~ 2028/2,바이오메디컬공학전공,ok
H0002256,H0004701,바이오메디컬공학전공,BNG2009,생체전자및실습,2023/1 ~ 2028/2,바이오메디컬공학전공,ok
H0002256,H0004701,바이오메디컬공학전공,BNG3005,기초신경과학,2024/1 ~ 2029/2,바이오메디컬공학전공,ok
H0002256,H0004701,바이오메디컬공학전공,BNG3009,생체영상처리,2024/1 ~ 2029/2,바이오메디컬공학전공,ok
H0002256,H0004701,바이오메디컬공학전공,BNG3011,디지털헬스케어,2025/1 ~ 2030/2,바이오메디컬공학전공,ok
H0002256,H0004701,바이오메디컬공학전공,BNG3013,생체시스템모델링,2025/1 ~ 2030/2,바이오메디컬공학전공,ok
H0002256,H0004701,바이오메디컬공학전공,BNG3014,생체신호계측및실습,2024/1 ~ 2029/2,바이오메디컬공학전공,ok
H0002256,H0004701,바이오메디컬공학전공,BNG3018,생체디지털공학,2024/1 ~ 2029/2,바이오메디컬공학전공,ok
H0002256,H0004701,바이오메디컬공학전공,BNG3020,생체공학연구실현장실습1,2024/1 ~ 2025/2,바이오메디컬공학전공,ok
H0002256,H0004701,바이오메디컬공학전공,BNG3021,생체공학연구실현장실습2,2024/1 ~ 2025/2,바이오메디컬공학전공,ok
H0002256,H0004701,바이오메디컬공학전공,BNG3022,생체공학연구실현장실습3,2025/1 ~ 2026/2,바이오메디컬공학전공,ok
H0002256,H0004701,바이오메디컬공학전공,BNG3023,생체공학연구실현장실습4,2025/1 ~ 2026/2,바이오메디컬공학전공,ok
H0002256,H0004701,바이오메디컬공학전공,BNG3024,고주파의료공학,2024/1 ~ 2025/2,바이오메디컬공학전공,ok
H0002256,H0004701,바이오메디컬공학전공,BNG3025,바이오포토닉스,2022/1 ~ 2029/2,바이오메디컬공학전공,ok
H0002256,H0004701,바이오메디컬공학전공,BNG3026,생체의역학및전자기적이해,2025/1 ~ 2029/2,바이오메디컬공학전공,ok
H0002256,H0004701,바이오메디컬공학전공,BNG4004,생체시스템설계프로젝트,2024/1 ~ 2029/2,바이오메디컬공학전공,ok
H0002256,H0004701,바이오메디컬공학전공,BNG4012,생체전자기학,2025/1 ~ 2030/2,바이오메디컬공학전공,ok
H0002256,H0004701,바이오메디컬공학전공,BNG4013,의학영상기기,2024/1 ~ 2029/2,바이오메디컬공학전공,ok
H0002256,H0004701,바이오메디컬공학전공,BNG4019,바이오메디컬종합설계1,2025/1 ~ 2030/2,바이오메디컬공학전공,ok
H0002256,H0004701,바이오메디컬공학전공,BNG4020,바이오메디컬종합설계2,2025/1 ~ 2030/2,바이오메디컬공학전공,ok
H0002256,H0004701,바이오메디컬공학전공,BNG4021,AI생체정보패턴인식,2025/1 ~ 2030/2,바이오메디컬공학전공,ok
H0002256,H0004701,바이오메디컬공학전공,BNG4022,의료기기,2025/1 ~ 2030/2,바이오메디컬공학전공,ok
H0002256,H0004701,바이오메디컬공학전공,BNG4023,생체아날로그회로,2025/1 ~ 2030/2,바이오메디컬공학전공,ok
H0002256,H0004701,바이오메디컬공학전공,COE2022,공학입문설계,2022/1 ~ 2027/2,바이오메디컬공학전공,ok
H0002256,H0004701,바이오메디컬공학전공,COE3051,공업수학1,2023/1 ~ 2028/2,바이오메디컬공학전공,ok
H0002256,H0004701,바이오메디컬공학전공,COE3052,공업수학2,2023/1 ~ 2028/2,바이오메디컬공학전공,ok
H0002256,H0004701,바이오메디컬공학전공,CUL0005,말과글,2022/1 ~ 2027/2,바이오메디컬공학전공,ok
H0002256,H0004701,바이오메디컬공학전공,CUL0202,문화기술인간,2025/1 ~ 2027/2,바이오메디컬공학전공,ok
H0002256,H0004701,바이오메디컬공학전공,CUL0203,AI시대쓰기의힘,2025/1 ~ 2027/2,바이오메디컬공학전공,ok
H0002256,H0004701,바이오메디컬공학전공,CUL0205,Technology and AI: Utopia or Dystopia?,2026/1 ~ 2028/2,바이오메디컬공학전공,ok
H0002256,H0004701,바이오메디컬공학전공,CUL0208,스토리텔링의설계와전략,2026/1 ~ 2028/2,바이오메디컬공학전공,ok
H0002256,H0004701,바이오메디컬공학전공,CUL1138,인공지능과기계학습,2023/1 ~ 2027/2,바이오메디컬공학전공,ok
H0002256,H0004701,바이오메디컬공학전공,CUL3011,일반물리학및실험1,2022/1 ~ 2027/2,바이오메디컬공학전공,ok
H0002256,H0004701,바이오메디컬공학전공,CUL3012,일반물리학및실험2,2022/1 ~ 2027/2,바이오메디컬공학전공,ok
H0002256,H0004701,바이오메디컬공학전공,GEN0072,일반화학및실험,2022/1 ~ 2027/2,바이오메디컬공학전공,ok
H0002256,H0004701,바이오메디컬공학전공,GEN1031,공학도를위한창의적컴퓨팅,2022/1 ~ 2027/2,바이오메디컬공학전공,ok
H0002256,H0004701,바이오메디컬공학전공,GEN1100,공학도를위한창의적프로그래밍,2023/1 ~ 2028/2,바이오메디컬공학전공,ok
H0002256,H0004701,바이오메디컬공학전공,GEN2052,미분적분학1,2022/1 ~ 2027/2,바이오메디컬공학전공,ok
H0002256,H0004701,바이오메디컬공학전공,GEN2053,미분적분학2,2022/1 ~ 2027/2,바이오메디컬공학전공,ok
H0002256,H0004701,바이오메디컬공학전공,GEN4091,과학기술의철학적이해,2022/1 ~ 2027/2,바이오메디컬공학전공,ok
H0002256,H0004701,바이오메디컬공학전공,GEN5026,테크노경영학(스타트업종합설계),2024/1 ~ 2029/2,바이오메디컬공학전공,ok
H0002256,H0004701,바이오메디컬공학전공,GEN5029,커리어개발Ⅰ:취.창업진로로드맵,2022/1 ~ 2027/2,바이오메디컬공학전공,ok
H0002256,H0004701,바이오메디컬공학전공,GEN5100,커리어개발Ⅱ:취.창업진로포트폴리오,2024/1 ~ 2029/2,바이오메디컬공학전공,ok
H0002256,H0004701,바이오메디컬공학전공,GEN6032,전문학술영어,2023/1 ~ 2028/2,바이오메디컬공학전공,ok
H0002256,H0004701,바이오메디컬공학전공,HYP1006,바이오메디컬공학HY-UP(실용연구실습)1,2026/1 ~ 2029/2,바이오메디컬공학전공,not_found
H0002256,H0004701,바이오메디컬공학전공,HYP2005,바이오메디컬공학HY-UP(실용연구실습)2,2026/1 ~ 2029/2,바이오메디컬공학전공,not_found
H0002256,H0004701,바이오메디컬공학전공,HYP3006,바이오메디컬공학HY-UP(실용연구실습)3,2027/1 ~ 2030/2,바이오메디컬공학전공,not_found
H0002256,H0004701,바이오메디컬공학전공,HYP4005,바이오메디컬공학HY-UP(실용연구실습)4,2027/1 ~ 2030/2,바이오메디컬공학전공,not_found
H0002256,H0004701,바이오메디컬공학전공,MAT2017,확률통계론,2024/1 ~ 2029/2,바이오메디컬공학전공,ok
H0002256,H0004701,바이오메디컬공학전공,MAT3008,수치해석,2023/1 ~ 2028/2,바이오메디컬공학전공,ok
H0002256,H0004701,바이오메디컬공학전공,PBL4027,바이오메디컬공학캡스톤PBL,2027/1 ~ 2030/2,바이오메디컬공학전공,not_found
H0002256,H0004701,바이오메디컬공학전공,SYH0001,사랑의실천1(한양나눔),2022/1 ~ 2027/2,바이오메디컬공학전공,ok
H0002256,H0004701,바이오메디컬공학전공,SYH0002,사랑의실천2(스마트커뮤니케이션),2023/1 ~ 2028/2,바이오메디컬공학전공,not_found
H0002256,H0004701,바이오메디컬공학전공,SYH0003,사랑의실천3(기업가정신),2024/1 ~ 2029/2,바이오메디컬공학전공,not_found
H0002256,H0004701,바이오메디컬공학전공,SYH0004,사랑의실천4(미래실용인재),2025/1 ~ 2030/2,바이오메디컬공학전공,ok
H0002256,H0004397,바이오소프트웨어융합전공,BIO4107,멀티오믹스데이터마이닝,2016/1 ~ 2026/2,바이오소프트웨어융합전공,not_found
H0002256,H0004397,바이오소프트웨어융합전공,BIO4112,생명의료정보데이터마이닝,2021/1 ~ 2030/2,바이오소프트웨어융합전공,not_found
H0002256,H0004761,반도체공학과,APA4055,인공지능개론,2026/1 ~ 2030/2,반도체공학과,ok
H0002256,H0004761,반도체공학과,COE3051,공업수학1,2024/1 ~ 2028/2,반도체공학과,ok
H0002256,H0004761,반도체공학과,COE3052,공업수학2,2024/1 ~ 2028/2,반도체공학과,ok
H0002256,H0004761,반도체공학과,COM2018,객체지향프로그래밍,2024/1 ~ 2028/2,반도체공학과,ok
H0002256,H0004761,반도체공학과,CSE2010,자료구조론,2024/1 ~ 2028/2,반도체공학과,ok
H0002256,H0004761,반도체공학과,CSE2011,마이크로프로세서,2024/1 ~ 2028/2,반도체공학과,ok
H0002256,H0004761,반도체공학과,CUL0005,말과글,2023/1 ~ 2027/2,반도체공학과,ok
H0002256,H0004761,반도체공학과,CUL0201,상상과학성찰,2025/1 ~ 2027/2,반도체공학과,ok
H0002256,H0004761,반도체공학과,CUL0204,통합사고와읽기의기술,2025/1 ~ 2027/2,반도체공학과,ok
H0002256,H0004761,반도체공학과,CUL0205,Technology and AI: Utopia or Dystopia?,2025/1 ~ 2027/2,반도체공학과,ok
H0002256,H0004761,반도체공학과,CUL0208,스토리텔링의설계와전략,2026/1 ~ 2028/2,반도체공학과,ok
H0002256,H0004761,반도체공학과,ECC1004,회로이론1,2024/1 ~ 2028/2,반도체공학과,ok
H0002256,H0004761,반도체공학과,ECC1006,회로이론2,2024/1 ~ 2028/2,반도체공학과,ok
H0002256,H0004761,반도체공학과,ECE3008,신호와시스템,2024/1 ~ 2028/2,반도체공학과,ok
H0002256,H0004761,반도체공학과,ECE4024,광전자공학,2025/1 ~ 2029/2,반도체공학과,ok
H0002256,H0004761,반도체공학과,ECN1001,디지털논리설계,2023/1 ~ 2027/2,반도체공학과,ok
H0002256,H0004761,반도체공학과,EIS1015,임베디드시스템설계,2025/1 ~ 2029/2,반도체공학과,ok
H0002256,H0004761,반도체공학과,ELE1010,일반전자물리1,2023/1 ~ 2027/2,반도체공학과,ok
H0002256,H0004761,반도체공학과,ELE1011,일반전자물리2,2023/1 ~ 2027/2,반도체공학과,ok
H0002256,H0004761,반도체공학과,ELE3021,운영체제,2025/1 ~ 2029/2,반도체공학과,ok
H0002256,H0004761,반도체공학과,ELE3039,알고리즘,2025/1 ~ 2029/2,반도체공학과,ok
H0002256,H0004761,반도체공학과,ELE3067,집적회로소자,2025/1 ~ 2029/2,반도체공학과,ok
H0002256,H0004761,반도체공학과,ELE3074,전자회로1,2025/1 ~ 2029/2,반도체공학과,ok
H0002256,H0004761,반도체공학과,ELE3075,전자회로2,2025/1 ~ 2029/2,반도체공학과,ok
H0002256,H0004761,반도체공학과,ELE3076,디지털신호처리1,2025/1 ~ 2029/2,반도체공학과,ok
H0002256,H0004761,반도체공학과,ELE3077,디지털신호처리2,2025/1 ~ 2029/2,반도체공학과,ok
H0002256,H0004761,반도체공학과,ELE3080,디스플레이설계및공정,2026/1 ~ 2030/2,반도체공학과,ok
H0002256,H0004761,반도체공학과,ELE3081,VLSI공학,2025/1 ~ 2029/2,반도체공학과,ok
H0002256,H0004761,반도체공학과,ELE4033,마이크로파회로설계,2023/1 ~ 2029/2,반도체공학과,ok
H0002256,H0004761,반도체공학과,ELE4077,고체전자물리개론,2024/1 ~ 2028/2,반도체공학과,ok
H0002256,H0004761,반도체공학과,ELE4103,인공지능플랫폼기초및실습,2026/1 ~ 2030/2,반도체공학과,ok
H0002256,H0004761,반도체공학과,ENE1004,컴퓨터구조,2025/1 ~ 2029/2,반도체공학과,ok
H0002256,H0004761,반도체공학과,ENE2006,반도체회로공정,2025/1 ~ 2029/2,반도체공학과,ok
H0002256,H0004761,반도체공학과,ENE4029,반도체소자,2024/1 ~ 2028/2,반도체공학과,ok
H0002256,H0004761,반도체공학과,ENE4039,아날로그회로설계,2026/1 ~ 2030/2,반도체공학과,ok
H0002256,H0004761,반도체공학과,GEN0072,일반화학및실험,2023/1 ~ 2027/2,반도체공학과,ok
H0002256,H0004761,반도체공학과,GEN1031,공학도를위한창의적컴퓨팅,2023/1 ~ 2027/2,반도체공학과,ok
H0002256,H0004761,반도체공학과,GEN2052,미분적분학1,2023/1 ~ 2027/2,반도체공학과,ok
H0002256,H0004761,반도체공학과,GEN2053,미분적분학2,2023/1 ~ 2027/2,반도체공학과,ok
H0002256,H0004761,반도체공학과,GEN4091,과학기술의철학적이해,2023/1 ~ 2027/2,반도체공학과,ok
H0002256,H0004761,반도체공학과,GEN5026,테크노경영학(스타트업종합설계),2025/1 ~ 2029/2,반도체공학과,ok
H0002256,H0004761,반도체공학과,GEN5029,커리어개발Ⅰ:취.창업진로로드맵,2023/1 ~ 2027/2,반도체공학과,ok
H0002256,H0004761,반도체공학과,GEN5100,커리어개발Ⅱ:취.창업진로포트폴리오,2025/1 ~ 2029/2,반도체공학과,ok
H0002256,H0004761,반도체공학과,GEN6032,전문학술영어,2023/1 ~ 2027/2,반도체공학과,ok
H0002256,H0004761,반도체공학과,ITE3013,랜덤프로세스,2025/1 ~ 2029/2,반도체공학과,ok
H0002256,H0004761,반도체공학과,ITE4003,SOC설계,2026/1 ~ 2030/2,반도체공학과,ok
H0002256,H0004761,반도체공학과,ITE4052,컴퓨터비전,2026/1 ~ 2030/2,반도체공학과,ok
H0002256,H0004761,반도체공학과,MAT2003,선형대수,2024/1 ~ 2028/2,반도체공학과,ok
H0002256,H0004761,반도체공학과,MAT2017,확률통계론,2023/1 ~ 2027/2,반도체공학과,ok
H0002256,H0004761,반도체공학과,PBL4026,반도체공학캡스톤PBL,2026/1 ~ 2030/2,반도체공학과,not_found
H0002256,H0004761,반도체공학과,PHY2008,현대물리학,2024/1 ~ 2025/2,반도체공학과,ok
H0002256,H0004761,반도체공학과,PHY2013,전자기학,2024/1 ~ 2028/2,반도체공학과,ok
H0002256,H0004761,반도체공학과,SCE1001,반도체리더십세미나,2023/1 ~ 2027/2,반도체공학과,ok
H0002256,H0004761,반도체공학과,SCE2001,양자역학개론,2024/1 ~ 2025/2,반도체공학과,not_found
H0002256,H0004761,반도체공학과,SCE2002,융합양자공학,2026/1 ~ 2028/2,반도체공학과,not_found
H0002256,H0004761,반도체공학과,SCE3001,반도체소자분석기술,2025/1 ~ 2029/2,반도체공학과,ok
H0002256,H0004761,반도체공학과,SCE3002,기계학습입문,2025/1 ~ 2029/2,반도체공학과,not_found
H0002256,H0004761,반도체공학과,SCE3003,시스템반도체소자,2026/1 ~ 2030/2,반도체공학과,ok
H0002256,H0004761,반도체공학과,SCE3004,메모리반도체소자,2025/1 ~ 2029/2,반도체공학과,ok
H0002256,H0004761,반도체공학과,SCE3005,반도체소자공정실험,2025/1 ~ 2029/2,반도체공학과,ok
H0002256,H0004761,반도체공학과,SCE4001,반도체공학종합설계1,2026/1 ~ 2030/2,반도체공학과,not_found
H0002256,H0004761,반도체공학과,SCE4002,반도체공학종합설계2,2026/1 ~ 2030/2,반도체공학과,not_found
H0002256,H0004761,반도체공학과,SCE4003,나노전자공학,2026/1 ~ 2030/2,반도체공학과,not_found
H0002256,H0004761,반도체공학과,SCE4004,전자재료,2026/1 ~ 2030/2,반도체공학과,not_found
H0002256,H0004761,반도체공학과,SYH0001,사랑의실천1(한양나눔),2023/1 ~ 2027/2,반도체공학과,ok
H0002256,H0004761,반도체공학과,SYH0002,사랑의실천2(스마트커뮤니케이션),2024/1 ~ 2028/2,반도체공학과,not_found
H0002256,H0004761,반도체공학과,SYH0003,사랑의실천3(기업가정신),2025/1 ~ 2029/2,반도체공학과,not_found
H0002256,H0004761,반도체공학과,SYH0004,사랑의실천4(미래실용인재),2025/1 ~ 2030/2,반도체공학과,ok
H0002256,H0004770,배터리융합전공,BAT4001,에너지저장변환기술,2019/2 ~ 2030/2,배터리융합전공,not_found
H0002256,H0004770,배터리융합전공,BAT4002,이차전지공정개론,2019/2 ~ 2030/2,배터리융합전공,not_found
H0002256,H0004770,배터리융합전공,BAT4003,이차전지설계개론,2019/2 ~ 2030/2,배터리융합전공,not_found
H0002256,H0003542,법학과,ACC3005,조세법,2003/1 ~ 2016/2,법학과(학부/서울),ok
H0002256,H0003542,법학과,CUL0005,말과글,1997/1 ~ 2004/2,법학과(학부/서울),ok
H0002256,H0003542,법학과,CUL1073,인간의본성에관한철학적담론,1997/1 ~ 2000/2,법학과(학부/서울),ok
H0002256,H0003542,법학과,CUL3060,산업재산권법2,2004/1 ~ 2016/2,법학과(학부/서울),ok
H0002256,H0003542,법학과,CUL5027,산업재산권법1,2004/1 ~ 2016/2,법학과(학부/서울),ok
H0002256,H0003542,법학과,ECO3002,재정학,1994/1 ~ 2001/2,법학과(학부/서울),ok
H0002256,H0003542,법학과,GEN0041,현대사회와나의삶,1989/1 ~ 1992/2,법학과(학부/서울),ok
H0002256,H0003542,법학과,GEN0059,경제원론1,1989/1 ~ 2014/2,법학과(학부/서울),ok
H0002256,H0003542,법학과,GEN0087,정치학개론,1989/1 ~ 1996/2,법학과(학부/서울),ok
H0002256,H0003542,법학과,GEN1002,전공영어,1990/1 ~ 1993/2,법학과(학부/서울),ok
H0002256,H0003542,법학과,GEN2026,논리학,1993/1 ~ 2014/2,법학과(학부/서울),ok
H0002256,H0003542,법학과,GEN3015,법학일반론,1993/1 ~ 2014/2,법학과(학부/서울),ok
H0002256,H0003542,법학과,GEN4091,과학기술의철학적이해,2005/1 ~ 2008/2,법학과(학부/서울),ok
H0002256,H0003542,법학과,GEN5027,인터넷과법,2005/1 ~ 2016/2,법학과(학부/서울),ok
H0002256,H0003542,법학과,GEN5029,커리어개발Ⅰ:취.창업진로로드맵,2005/1 ~ 2008/2,법학과(학부/서울),ok
H0002256,H0003542,법학과,GEN5078,기본법률한자,2006/1 ~ 2014/2,법학과(학부/서울),ok
H0002256,H0003542,법학과,INT4002,국제거래법,1999/1 ~ 2016/2,법학과(학부/서울),ok
H0002256,H0003542,법학과,LAW1003,소비자보호법,2008/1 ~ 2016/2,법학과(학부/서울),ok
H0002256,H0003542,법학과,LAW1053,헌법1,1989/1 ~ 2014/2,법학과(학부/서울),ok
H0002256,H0003542,법학과,LAW1054,헌법2,1990/1 ~ 2016/2,법학과(학부/서울),ok
H0002256,H0003542,법학과,LAW2001,민법총칙,1989/1 ~ 2014/2,법학과(학부/서울),ok
H0002256,H0003542,법학과,LAW2002,상법총론,1990/1 ~ 2016/2,법학과(학부/서울),ok
H0002256,H0003542,법학과,LAW2003,형법총론,2002/1 ~ 2016/2,법학과(학부/서울),ok
H0002256,H0003542,법학과,LAW2004,행정법1,1990/1 ~ 2016/2,법학과(학부/서울),ok
H0002256,H0003542,법학과,LAW2005,행정법2,1990/1 ~ 2016/2,법학과(학부/서울),ok
H0002256,H0003542,법학과,LAW2006,물권법,2002/1 ~ 2016/2,법학과(학부/서울),ok
H0002256,H0003542,법학과,LAW2007,형법각론,1990/1 ~ 2016/2,법학과(학부/서울),ok
H0002256,H0003542,법학과,LAW2008,회사법,1990/1 ~ 2016/2,법학과(학부/서울),ok
H0002256,H0003542,법학과,LAW2010,영미법,1990/1 ~ 2016/2,법학과(학부/서울),ok
H0002256,H0003542,법학과,LAW2011,법제사,2002/1 ~ 2016/2,법학과(학부/서울),ok
H0002256,H0003542,법학과,LAW2012,형사정책,1990/1 ~ 2016/2,법학과(학부/서울),ok
H0002256,H0003542,법학과,LAW2025,채권법총론,1990/1 ~ 2016/2,법학과(학부/서울),ok
H0002256,H0003542,법학과,LAW2028,독일법,1990/1 ~ 2016/2,법학과(학부/서울),ok
H0002256,H0003542,법학과,LAW2067,헌법특강1,2003/1 ~ 2016/2,법학과(학부/서울),ok
H0002256,H0003542,법학과,LAW2068,헌법특강2,2003/1 ~ 2016/2,법학과(학부/서울),ok
H0002256,H0003542,법학과,LAW2069,법경제학,2008/1 ~ 2016/2,법학과(학부/서울),ok
H0002256,H0003542,법학과,LAW2070,법률문장론,2008/1 ~ 2016/2,법학과(학부/서울),ok
H0002256,H0003542,법학과,LAW3001,국제법1,1991/1 ~ 2016/2,법학과(학부/서울),ok
H0002256,H0003542,법학과,LAW3002,국제법2,1991/1 ~ 2016/2,법학과(학부/서울),ok
H0002256,H0003542,법학과,LAW3003,어음수표법,1991/1 ~ 2016/2,법학과(학부/서울),ok
H0002256,H0003542,법학과,LAW3006,친족상속법,1991/1 ~ 2016/2,법학과(학부/서울),ok
H0002256,H0003542,법학과,LAW3008,법사상사,1990/1 ~ 2016/2,법학과(학부/서울),ok
H0002256,H0003542,법학과,LAW3016,채권법각론,1991/1 ~ 2016/2,법학과(학부/서울),ok
H0002256,H0003542,법학과,LAW3017,형사소송법1,1991/1 ~ 2016/2,법학과(학부/서울),ok
H0002256,H0003542,법학과,LAW3018,형사소송법2,1992/1 ~ 2016/2,법학과(학부/서울),ok
H0002256,H0003542,법학과,LAW3019,민사소송법1,1991/1 ~ 2016/2,법학과(학부/서울),ok
H0002256,H0003542,법학과,LAW3020,민사소송법2,1992/1 ~ 2016/2,법학과(학부/서울),ok
H0002256,H0003542,법학과,LAW3021,행정구제법,1991/1 ~ 2016/2,법학과(학부/서울),ok
H0002256,H0003542,법학과,LAW3024,법과정치,1995/1 ~ 2002/2,법학과(학부/서울),ok
H0002256,H0003542,법학과,LAW3026,노동법1,2003/1 ~ 2016/2,법학과(학부/서울),ok
H0002256,H0003542,법학과,LAW3028,보험.해상법,2003/1 ~ 2016/2,법학과(학부/서울),ok
H0002256,H0003542,법학과,LAW3029,노동법2,2003/1 ~ 2016/2,법학과(학부/서울),ok
H0002256,H0003542,법학과,LAW3061,민법특강1,2003/1 ~ 2016/2,법학과(학부/서울),ok
H0002256,H0003542,법학과,LAW3062,민법특강2,2003/1 ~ 2016/2,법학과(학부/서울),ok
H0002256,H0003542,법학과,LAW3063,형법특강1,2003/1 ~ 2016/2,법학과(학부/서울),ok
H0002256,H0003542,법학과,LAW3064,형법특강2,2003/1 ~ 2016/2,법학과(학부/서울),ok
H0002256,H0003542,법학과,LAW3065,중국법개론,2007/1 ~ 2016/2,법학과(학부/서울),ok
H0002256,H0003542,법학과,LAW4001,민법세미나,1992/1 ~ 2016/2,법학과(학부/서울),ok
H0002256,H0003542,법학과,LAW4002,헌법세미나,1992/1 ~ 2016/2,법학과(학부/서울),ok
H0002256,H0003542,법학과,LAW4003,형법세미나,1992/1 ~ 2016/2,법학과(학부/서울),ok
H0002256,H0003542,법학과,LAW4005,법철학,1992/1 ~ 2016/2,법학과(학부/서울),ok
H0002256,H0003542,법학과,LAW4008,국제사법,1991/1 ~ 2016/2,법학과(학부/서울),ok
H0002256,H0003542,법학과,LAW4009,국제법세미나,1992/1 ~ 2016/2,법학과(학부/서울),ok
H0002256,H0003542,법학과,LAW4011,상법세미나,1992/1 ~ 2016/2,법학과(학부/서울),ok
H0002256,H0003542,법학과,LAW4012,행정법세미나,1992/1 ~ 2016/2,법학과(학부/서울),ok
H0002256,H0003542,법학과,LAW4014,환경법,1991/1 ~ 2016/2,법학과(학부/서울),ok
H0002256,H0003542,법학과,LAW4015,경제법,1992/1 ~ 2016/2,법학과(학부/서울),ok
H0002256,H0003542,법학과,LAW4016,법사회학,1992/1 ~ 2016/2,법학과(학부/서울),ok
H0002256,H0003542,법학과,LAW4018,국제경제법,1992/1 ~ 2016/2,법학과(학부/서울),ok
H0002256,H0003542,법학과,LAW4019,사회보장법,1992/1 ~ 2016/2,법학과(학부/서울),ok
H0002256,H0003542,법학과,LAW4023,금융증권법,1996/1 ~ 2016/2,법학과(학부/서울),ok
H0002256,H0003542,법학과,LAW4024,헌법중점강의,2004/1 ~ 2016/2,법학과(학부/서울),ok
H0002256,H0003542,법학과,LAW4025,민법중점강의,2004/1 ~ 2016/2,법학과(학부/서울),ok
H0002256,H0003542,법학과,LAW4026,법률상담론,2004/1 ~ 2016/2,법학과(학부/서울),ok
H0002256,H0003542,법학과,LAW4027,국제거래법세미나,2004/1 ~ 2016/2,법학과(학부/서울),ok
H0002256,H0003542,법학과,LAW4028,법률실무론,2004/1 ~ 2016/2,법학과(학부/서울),ok
H0002256,H0003542,법학과,LAW4029,환경법세미나,2004/1 ~ 2016/2,법학과(학부/서울),ok
H0002256,H0003542,법학과,LAW4030,국제지적재산법,2008/1 ~ 2016/2,법학과(학부/서울),ok
H0002256,H0003542,법학과,LAW4055,국제환경법,1999/1 ~ 2016/2,법학과(학부/서울),ok
H0002256,H0003542,법학과,LAW4056,기업법실무,2000/1 ~ 2016/2,법학과(학부/서울),ok
H0002256,H0003542,법학과,LAW4058,저작권법,2000/1 ~ 2016/2,법학과(학부/서울),ok
H0002256,H0003542,법학과,LAW4059,도산법,2000/1 ~ 2016/2,법학과(학부/서울),ok
H0002256,H0003542,법학과,LAW4060,민사소송법세미나,1996/1 ~ 2016/2,법학과(학부/서울),ok
H0002256,H0003542,법학과,LAW4065,인권법개론,2007/1 ~ 2016/2,법학과(학부/서울),ok
H0002256,H0003542,법학과,LAW4066,경제법세미나,2008/1 ~ 2016/2,법학과(학부/서울),ok
H0002256,H0003542,법학과,LAW4067,조세법세미나,2008/1 ~ 2016/2,법학과(학부/서울),ok
H0002256,H0003542,법학과,LAW4068,지적재산법세미나,2008/1 ~ 2016/2,법학과(학부/서울),ok
H0002256,H0003542,법학과,LAW4069,영미사법입문,2009/1 ~ 2016/2,법학과(학부/서울),ok
H0002256,H0003542,법학과,SYH0001,사랑의실천1(한양나눔),2007/1 ~ 2008/2,법학과(학부/서울),ok
H0002256,H0003542,법학과,SYH0002,사랑의실천2(스마트커뮤니케이션),2008/1 ~ 2011/2,법학과(학부/서울),not_found
H0002256,H0004322,빅데이터융합전공,AIX0008,AI+X:데이터사이언티스트,2018/2 ~ 2029/2,빅데이터융합전공,ok
H0002256,H0004322,빅데이터융합전공,BIG2001,기초미적분학,2014/1 ~ 2028/2,빅데이터융합전공,ok
H0002256,H0004322,빅데이터융합전공,BIG2002,기초확률및통계,2014/1 ~ 2028/2,빅데이터융합전공,ok
H0002256,H0004322,빅데이터융합전공,BIG2003,자료구조와알고리즘,2014/1 ~ 2028/2,빅데이터융합전공,ok
H0002256,H0004322,빅데이터융합전공,BIG2004,자료분석방법론,2014/1 ~ 2028/2,빅데이터융합전공,ok
H0002256,H0004322,빅데이터융합전공,BIG2005,데이터베이스의원리와응용,2014/1 ~ 2024/2,빅데이터융합전공,ok
H0002256,H0004322,빅데이터융합전공,BIG2006,R과자료시각화,2014/1 ~ 2028/2,빅데이터융합전공,ok
H0002256,H0004322,빅데이터융합전공,BIG2007,사회데이터조사방법론,2014/1 ~ 2028/2,빅데이터융합전공,ok
H0002256,H0004322,빅데이터융합전공,BIG3001,통계적모델링,2015/1 ~ 2029/2,빅데이터융합전공,ok
H0002256,H0004322,빅데이터융합전공,BIG3002,빅데이터마이닝,2015/1 ~ 2029/2,빅데이터융합전공,ok
H0002256,H0004322,빅데이터융합전공,BIG3003,인공지능과머신러닝,2015/1 ~ 2029/2,빅데이터융합전공,ok
H0002256,H0004322,빅데이터융합전공,BIG3004,빅데이터융합세미나,2015/1 ~ 2029/2,빅데이터융합전공,not_found
H0002256,H0004322,빅데이터융합전공,BIG3005,사회연결망분석과텍스트마이닝,2015/1 ~ 2025/2,빅데이터융합전공,ok
H0002256,H0004322,빅데이터융합전공,BIG3006,바이오데이터분석,2022/1 ~ 2029/2,빅데이터융합전공,ok
H0002256,H0004322,빅데이터융합전공,BIG4001,응용회귀분석,2023/1 ~ 2029/2,빅데이터융합전공,ok
H0002256,H0004322,빅데이터융합전공,BIG4002,사회연결망분석방법론,2026/1 ~ 2029/2,빅데이터융합전공,not_found
H0002256,H0004322,빅데이터융합전공,CUL1131,4차산업혁명과비즈니스,2013/1 ~ 2027/2,빅데이터융합전공,ok
H0002256,H0004322,빅데이터융합전공,CUL1157,금융인공지능실무,2019/2 ~ 2029/2,빅데이터융합전공,ok
H0002256,H0004322,빅데이터융합전공,CUL1178,IoT데이터마이닝,2018/2 ~ 2029/2,빅데이터융합전공,ok
H0002256,H0002814,사학과,CHI1036,기초한문,2008/1 ~ 2015/2,사학(학부-인문과/서울),ok
H0002256,H0002814,사학과,CUL0005,말과글,2008/1 ~ 2027/2,사학(학부-인문과/서울),ok
H0002256,H0002814,사학과,CUL0011,창의적컴퓨팅,2017/1 ~ 2027/2,사학(학부-인문과/서울),ok
H0002256,H0002814,사학과,CUL0202,문화기술인간,2025/1 ~ 2027/2,사학(학부-인문과/서울),ok
H0002256,H0002814,사학과,CUL0204,통합사고와읽기의기술,2025/1 ~ 2027/2,사학(학부-인문과/서울),ok
H0002256,H0002814,사학과,CUL0205,Technology and AI: Utopia or Dystopia?,2026/1 ~ 2028/2,사학(학부-인문과/서울),ok
H0002256,H0002814,사학과,CUL0208,스토리텔링의설계와전략,2026/1 ~ 2028/2,사학(학부-인문과/서울),ok
H0002256,H0002814,사학과,CUL1122,창의적프로그래밍,2021/1 ~ 2028/2,사학(학부-인문과/서울),ok
H0002256,H0002814,사학과,CUL1138,인공지능과기계학습,2019/1 ~ 2028/2,사학(학부-인문과/서울),ok
H0002256,H0002814,사학과,GEN0039,심리학개론,1989/1 ~ 1992/2,사학(학부-인문과/서울),ok
H0002256,H0002814,사학과,GEN1056,인간과역사,2008/1 ~ 2008/2,사학(학부-인문과/서울),ok
H0002256,H0002814,사학과,GEN3041,초급중국어1,2009/1 ~ 2012/2,사학(학부-인문과/서울),ok
H0002256,H0002814,사학과,GEN4091,과학기술의철학적이해,2008/1 ~ 2027/2,사학(학부-인문과/서울),ok
H0002256,H0002814,사학과,GEN5029,커리어개발Ⅰ:취.창업진로로드맵,2008/1 ~ 2027/2,사학(학부-인문과/서울),ok
H0002256,H0002814,사학과,GEN5100,커리어개발Ⅱ:취.창업진로포트폴리오,2015/1 ~ 2029/2,사학(학부-인문과/서울),ok
H0002256,H0002814,사학과,GEN6032,전문학술영어,2010/1 ~ 2028/2,사학(학부-인문과/서울),ok
H0002256,H0002814,사학과,GEN6044,한양사회봉사,2009/1 ~ 2014/2,사학(학부-인문과/서울),ok
H0002256,H0002814,사학과,HIS1005,역사연구방법론,2008/1 ~ 2027/2,사학(학부-인문과/서울),ok
H0002256,H0002814,사학과,HIS1006,한국역사학입문,2009/1 ~ 2027/2,사학(학부-인문과/서울),ok
H0002256,H0002814,사학과,HIS1007,동아시아사연구입문,2016/1 ~ 2027/2,사학(학부-인문과/서울),ok
H0002256,H0002814,사학과,HIS1008,한국문화유산의이해,2024/1 ~ 2027/2,사학(학부-인문과/서울),ok
H0002256,H0002814,사학과,HIS1009,지역사연구의이론과실습,2025/1 ~ 2028/2,사학(학부-인문과/서울),ok
H0002256,H0002814,사학과,HIS2003,한국고대사,1994/1 ~ 2028/2,사학(학부-인문과/서울),ok
H0002256,H0002814,사학과,HIS2006,한국고고미술사,1992/1 ~ 2016/2,사학(학부-인문과/서울),ok
H0002256,H0002814,사학과,HIS2011,중국고중세사,1990/1 ~ 2028/2,사학(학부-인문과/서울),ok
H0002256,H0002814,사학과,HIS2027,동아시아비교경제사,2007/1 ~ 2030/2,사학(학부-인문과/서울),ok
H0002256,H0002814,사학과,HIS2032,한국고전과역사의만남,2006/1 ~ 2028/2,사학(학부-인문과/서울),ok
H0002256,H0002814,사학과,HIS2034,중국고전과역사의만남,2006/1 ~ 2027/2,사학(학부-인문과/서울),ok
H0002256,H0002814,사학과,HIS2035,글로벌시대역사사료읽기,2006/1 ~ 2028/2,사학(학부-인문과/서울),ok
H0002256,H0002814,사학과,HIS2036,그리스. 로마와그리스도교세계,2006/1 ~ 2016/2,사학(학부-인문과/서울),ok
H0002256,H0002814,사학과,HIS2038,중국문명의기원과국가의발전,2006/1 ~ 2024/2,사학(학부-인문과/서울),ok
H0002256,H0002814,사학과,HIS2039,동아시아세계속의일본사,2007/1 ~ 2030/2,사학(학부-인문과/서울),ok
H0002256,H0002814,사학과,HIS2040,글로벌서양사,2006/1 ~ 2029/2,사학(학부-인문과/서울),ok
H0002256,H0002814,사학과,HIS2064,서양과학기술의역사적전개,2006/1 ~ 2016/2,사학(학부-인문과/서울),ok
H0002256,H0002814,사학과,HIS2065,중국전통과학기술의역사적전개,2007/1 ~ 2018/2,사학(학부-인문과/서울),ok
H0002256,H0002814,사학과,HIS2066,고려시대사와문명교류,2010/1 ~ 2029/2,사학(학부-인문과/서울),ok
H0002256,H0002814,사학과,HIS2067,일제지배정책과한국독립운동,2010/1 ~ 2030/2,사학(학부-인문과/서울),ok
H0002256,H0002814,사학과,HIS2068,문화유적답사Ⅰ,2010/1 ~ 2016/2,사학(학부-인문과/서울),ok
H0002256,H0002814,사학과,HIS2069,사료로읽는아시아사,2017/1 ~ 2028/2,사학(학부-인문과/서울),ok
H0002256,H0002814,사학과,HIS3006,서양사학사,1991/1 ~ 2029/2,사학(학부-인문과/서울),ok
H0002256,H0002814,사학과,HIS3012,한국근대사와문화접촉,1991/1 ~ 2029/2,사학(학부-인문과/서울),ok
H0002256,H0002814,사학과,HIS3020,일본근현대사,1991/1 ~ 2017/2,사학(학부-인문과/서울),ok
H0002256,H0002814,사학과,HIS3027,근대중국과동아시아,2007/1 ~ 2029/2,사학(학부-인문과/서울),ok
H0002256,H0002814,사학과,HIS3030,중화제국의발전과유목세계,2006/1 ~ 2028/2,사학(학부-인문과/서울),ok
H0002256,H0002814,사학과,HIS3036,시민혁명과볼세비키혁명,2007/1 ~ 2017/2,사학(학부-인문과/서울),ok
H0002256,H0002814,사학과,HIS3037,중국역사가와역사서,2011/1 ~ 2017/2,사학(학부-인문과/서울),ok
H0002256,H0002814,사학과,HIS3038,동아시아속의조선시대사,2011/1 ~ 2029/2,사학(학부-인문과/서울),ok
H0002256,H0002814,사학과,HIS3058,법과젠더의역사,2007/1 ~ 2030/2,사학(학부-인문과/서울),ok
H0002256,H0002814,사학과,HIS3059,현대과학기술의역사적쟁점,2007/1 ~ 2017/2,사학(학부-인문과/서울),ok
H0002256,H0002814,사학과,HIS3060,역사콘텐츠실습,2007/1 ~ 2030/2,사학(학부-인문과/서울),ok
H0002256,H0002814,사학과,HIS3061,유럽사특강,2007/1 ~ 2028/2,사학(학부-인문과/서울),ok
H0002256,H0002814,사학과,HIS3064,폭력과서양문명,2011/1 ~ 2021/2,사학(학부-인문과/서울),ok
H0002256,H0002814,사학과,HIS3065,한국사와공공역사,2011/1 ~ 2030/2,사학(학부-인문과/서울),ok
H0002256,H0002814,사학과,HIS3066,중국지성사,2011/1 ~ 2016/2,사학(학부-인문과/서울),ok
H0002256,H0002814,사학과,HIS3067,문화유적답사Ⅱ,2012/1 ~ 2018/2,사학(학부-인문과/서울),ok
H0002256,H0002814,사학과,HIS4006,한국사회경제사,1995/1 ~ 2017/2,사학(학부-인문과/서울),ok
H0002256,H0002814,사학과,HIS4009,한국현대사,1992/1 ~ 2029/2,사학(학부-인문과/서울),ok
H0002256,H0002814,사학과,HIS4027,현대중국의탄생,2008/1 ~ 2029/2,사학(학부-인문과/서울),ok
H0002256,H0002814,사학과,HIS4029,북한현대사의이해,2012/1 ~ 2018/2,사학(학부-인문과/서울),ok
H0002256,H0002814,사학과,HIS4031,중국여성의사회사,2008/1 ~ 2018/2,사학(학부-인문과/서울),ok
H0002256,H0002814,사학과,HIS4032,서양현대사특강,2008/1 ~ 2030/2,사학(학부-인문과/서울),ok
H0002256,H0002814,사학과,HIS4034,제노사이드의역사,2012/1 ~ 2018/2,사학(학부-인문과/서울),ok
H0002256,H0002814,사학과,HIS4035,동서문화교류사,2012/1 ~ 2018/2,사학(학부-인문과/서울),ok
H0002256,H0002814,사학과,HIS4059,중국사회변천사,2008/1 ~ 2016/2,사학(학부-인문과/서울),ok
H0002256,H0002814,사학과,HIS4061,민족주의와제국주의,2008/1 ~ 2021/2,사학(학부-인문과/서울),ok
H0002256,H0002814,사학과,HIS4062,서양사회경제사의대안적상상,2008/1 ~ 2030/2,사학(학부-인문과/서울),ok
H0002256,H0002814,사학과,HIS4063,한국생활문화사,2008/1 ~ 2018/2,사학(학부-인문과/서울),ok
H0002256,H0002814,사학과,HIS4064,한국고대사의제문제,2016/1 ~ 2018/2,사학(학부-인문과/서울),ok
H0002256,H0002814,사학과,HIS4066,역사학위논문지도2,2016/2 ~ 2022/2,사학(학부-인문과/서울),ok
H0002256,H0002814,사학과,PER1001,수행인문학논술,2010/1 ~ 2015/2,사학(학부-인문과/서울),ok
H0002256,H0002814,사학과,PHL1001,철학의기초,2008/1 ~ 2014/2,사학(학부-인문과/서울),ok
H0002256,H0002814,사학과,SYH0001,사랑의실천1(한양나눔),2008/1 ~ 2027/2,사학(학부-인문과/서울),ok
H0002256,H0002814,사학과,SYH0002,사랑의실천2(스마트커뮤니케이션),2008/1 ~ 2028/2,사학(학부-인문과/서울),not_found
H0002256,H0002814,사학과,SYH0003,사랑의실천3(기업가정신),2011/1 ~ 2029/2,사학(학부-인문과/서울),not_found
H0002256,H0002814,사학과,SYH0004,사랑의실천4(미래실용인재),2012/1 ~ 2030/2,사학(학부-인문과/서울),ok
H0002256,H0002814,사학과,TEA3026,역사논리및논술,2011/1 ~ 2029/2,사학(학부-인문과/서울),ok
H0002256,H0002814,사학과,TEA5006,역사교과교육론,2011/1 ~ 2029/2,사학(학부-인문과/서울),ok
H0002256,H0002814,사학과,TEA6006,역사교과교재연구및지도,2012/1 ~ 2030/2,사학(학부-인문과/서울),ok
H0002256,H0002834,사회과학부,CSS1002,사회과학의이해,2005/1 ~ 2013/2,사회과학부(학부/서울),not_found
H0002256,H0002834,사회과학부,CSS1003,사회과학의논리적사고,2013/1 ~ 2013/2,사회과학부(학부/서울),not_found
H0002256,H0002834,사회과학부,CUL0005,말과글,1997/1 ~ 2013/2,사회과학부(학부/서울),ok
H0002256,H0002834,사회과학부,CUL2000,사회학의이해,1997/1 ~ 2013/2,사회과학부(학부/서울),ok
H0002256,H0002834,사회과학부,CUL2004,사회학에의초대,2001/1 ~ 2013/2,사회과학부(학부/서울),ok
H0002256,H0002834,사회과학부,GEN0043,경제원론,2006/1 ~ 2013/2,사회과학부(학부/서울),ok
H0002256,H0002834,사회과학부,GEN3041,초급중국어1,2009/1 ~ 2012/2,사회과학부(학부/서울),ok
H0002256,H0002834,사회과학부,GEN4091,과학기술의철학적이해,2013/1 ~ 2013/2,사회과학부(학부/서울),ok
H0002256,H0002834,사회과학부,GEN5029,커리어개발Ⅰ:취.창업진로로드맵,2005/1 ~ 2013/2,사회과학부(학부/서울),ok
H0002256,H0002834,사회과학부,GEN6044,한양사회봉사,2009/1 ~ 2013/2,사회과학부(학부/서울),ok
H0002256,H0002834,사회과학부,JMC1004,미디어읽기와보기,2001/1 ~ 2013/2,사회과학부(학부/서울),ok
H0002256,H0002834,사회과학부,JOU2005,커뮤니케이션원론,1997/1 ~ 2013/2,사회과학부(학부/서울),ok
H0002256,H0002834,사회과학부,LAW1059,법학개론,2007/1 ~ 2013/2,사회과학부(학부/서울),ok
H0002256,H0002834,사회과학부,PAD1053,행정학의이해,1997/1 ~ 2013/2,사회과학부(학부/서울),ok
H0002256,H0002834,사회과학부,PAD1054,행정학의탐색,2001/1 ~ 2013/2,사회과학부(학부/서울),ok
H0002256,H0002834,사회과학부,PSD1002,정치와사회,1997/1 ~ 2013/2,사회과학부(학부/서울),ok
H0002256,H0002834,사회과학부,PSD1003,정치학입문,2001/1 ~ 2004/2,사회과학부(학부/서울),ok
H0002256,H0002834,사회과학부,PSD1004,국제정치학입문,2005/1 ~ 2013/2,사회과학부(학부/서울),ok
H0002256,H0002834,사회과학부,SYH0001,사랑의실천1(한양나눔),2007/1 ~ 2013/2,사회과학부(학부/서울),ok
H0002256,H0003664,사회학과,CUL0005,말과글,2014/1 ~ 2027/2,사회학과,ok
H0002256,H0003664,사회학과,CUL0011,창의적컴퓨팅,2017/1 ~ 2027/2,사회학과,ok
H0002256,H0003664,사회학과,CUL0202,문화기술인간,2025/1 ~ 2027/2,사회학과,ok
H0002256,H0003664,사회학과,CUL0204,통합사고와읽기의기술,2025/1 ~ 2027/2,사회학과,ok
H0002256,H0003664,사회학과,CUL0205,Technology and AI: Utopia or Dystopia?,2026/1 ~ 2028/2,사회학과,ok
H0002256,H0003664,사회학과,CUL0207,미래지능연결,2026/1 ~ 2028/2,사회학과,ok
H0002256,H0003664,사회학과,CUL1122,창의적프로그래밍,2023/1 ~ 2028/2,사회학과,ok
H0002256,H0003664,사회학과,CUL1138,인공지능과기계학습,2023/1 ~ 2028/2,사회학과,ok
H0002256,H0003664,사회학과,CUL2000,사회학의이해,2014/1 ~ 2027/2,사회학과,ok
H0002256,H0003664,사회학과,CUL2004,사회학에의초대,2014/1 ~ 2027/2,사회학과,ok
H0002256,H0003664,사회학과,CUL2007,정보화사회,2014/1 ~ 2022/2,사회학과,ok
H0002256,H0003664,사회학과,GEN4091,과학기술의철학적이해,2014/1 ~ 2027/2,사회학과,ok
H0002256,H0003664,사회학과,GEN5029,커리어개발Ⅰ:취.창업진로로드맵,2014/1 ~ 2027/2,사회학과,ok
H0002256,H0003664,사회학과,GEN5100,커리어개발Ⅱ:취.창업진로포트폴리오,2015/1 ~ 2029/2,사회학과,ok
H0002256,H0003664,사회학과,GEN6032,전문학술영어,2014/1 ~ 2028/2,사회학과,ok
H0002256,H0003664,사회학과,GEN6044,한양사회봉사,2014/1 ~ 2014/2,사회학과,ok
H0002256,H0003664,사회학과,GEN6094,전공현장실습1,2012/1 ~ 2016/2,사회학과,ok
H0002256,H0003664,사회학과,GEN6095,전공현장실습2,2012/1 ~ 2016/2,사회학과,ok
H0002256,H0003664,사회학과,LAW4016,법사회학,2011/1 ~ 2017/2,사회학과,ok
H0002256,H0003664,사회학과,PSD3011,정치사회학,2019/1 ~ 2030/2,사회학과,ok
H0002256,H0003664,사회학과,SOC1054,사회학입문,2014/1 ~ 2019/2,사회학과,ok
H0002256,H0003664,사회학과,SOC1055,사회학과새로운산업혁명,2024/2 ~ 2025/1,사회학과,ok
H0002256,H0003664,사회학과,SOC2001,사회심리학,2014/1 ~ 2028/2,사회학과,ok
H0002256,H0003664,사회학과,SOC2002,사회통계,2014/1 ~ 2028/2,사회학과,ok
H0002256,H0003664,사회학과,SOC2003,사회변동과발전,2014/1 ~ 2028/2,사회학과,ok
H0002256,H0003664,사회학과,SOC2004,사회학사,2014/1 ~ 2028/2,사회학과,ok
H0002256,H0003664,사회학과,SOC2015,사회학전공영어,2014/1 ~ 2028/2,사회학과,ok
H0002256,H0003664,사회학과,SOC2016,인구의이해,2014/1 ~ 2028/2,사회학과,ok
H0002256,H0003664,사회학과,SOC2019,비교사회론,2012/1 ~ 2029/2,사회학과,ok
H0002256,H0003664,사회학과,SOC2038,사회조사방법의이해,2017/1 ~ 2028/2,사회학과,ok
H0002256,H0003664,사회학과,SOC3008,문화사회학,2011/1 ~ 2028/2,사회학과,ok
H0002256,H0003664,사회학과,SOC3012,경제사회학,2011/1 ~ 2029/2,사회학과,ok
H0002256,H0003664,사회학과,SOC3013,성의사회학,2014/1 ~ 2030/2,사회학과,ok
H0002256,H0003664,사회학과,SOC3019,동양사회와사상,2014/1 ~ 2016/2,사회학과,ok
H0002256,H0003664,사회학과,SOC3029,조사분석인턴쉽,2012/1 ~ 2018/2,사회학과,not_found
H0002256,H0003664,사회학과,SOC3030,질적연구방법의이해,2011/1 ~ 2029/2,사회학과,ok
H0002256,H0003664,사회학과,SOC3031,일탈과사회통제,2011/1 ~ 2029/2,사회학과,ok
H0002256,H0003664,사회학과,SOC3032,사회문제분석:AI와데이터사회,2011/1 ~ 2028/2,사회학과,ok
H0002256,H0003664,사회학과,SOC3033,사회복지와사회정책,2012/1 ~ 2029/2,사회학과,ok
H0002256,H0003664,사회학과,SOC3034,결혼과가족의사회학,2011/1 ~ 2028/2,사회학과,ok
H0002256,H0003664,사회학과,SOC3035,데이터분석Ⅰ,2015/1 ~ 2028/2,사회학과,ok
H0002256,H0003664,사회학과,SOC3036,노동과기업문화,2012/1 ~ 2026/2,사회학과,ok
H0002256,H0003664,사회학과,SOC3052,동아시아연구,2011/1 ~ 2022/2,사회학과,ok
H0002256,H0003664,사회학과,SOC3053,기업사회학,2011/1 ~ 2029/2,사회학과,ok
H0002256,H0003664,사회학과,SOC3054,사회학전공특수과제,2011/1 ~ 2030/2,사회학과,ok
H0002256,H0003664,사회학과,SOC3055,영상사회학,2011/1 ~ 2018/2,사회학과,not_found
H0002256,H0003664,사회학과,SOC3056,시민사회론,2011/1 ~ 2017/2,사회학과,ok
H0002256,H0003664,사회학과,SOC3064,사회불평등연구,2022/1 ~ 2029/2,사회학과,ok
H0002256,H0003664,사회학과,SOC4003,사회발전론,2011/1 ~ 2017/2,사회학과,ok
H0002256,H0003664,사회학과,SOC4004,사회조사실습,2012/1 ~ 2030/2,사회학과,ok
H0002256,H0003664,사회학과,SOC4005,사회계층론,2011/1 ~ 2021/2,사회학과,ok
H0002256,H0003664,사회학과,SOC4007,사회조직론,2014/1 ~ 2028/2,사회학과,ok
H0002256,H0003664,사회학과,SOC4008,현대사회학이론,2011/1 ~ 2029/2,사회학과,ok
H0002256,H0003664,사회학과,SOC4015,한국사회의이해,2012/1 ~ 2030/2,사회학과,ok
H0002256,H0003664,사회학과,SOC4027,일과직업의사회학,2011/1 ~ 2029/2,사회학과,ok
H0002256,H0003664,사회학과,SOC4031,성문화연구,2012/1 ~ 2018/2,사회학과,ok
H0002256,H0003664,사회학과,SOC4033,세계화평화와인권,2012/1 ~ 2018/2,사회학과,ok
H0002256,H0003664,사회학과,SOC4036,복지사회학,2012/1 ~ 2030/2,사회학과,ok
H0002256,H0003664,사회학과,SOC4037,캡스톤디자인/졸업논문,2012/1 ~ 2026/2,사회학과,ok
H0002256,H0003664,사회학과,SOC4040,현대사회와빅데이터,2018/2 ~ 2030/2,사회학과,ok
H0002256,H0003664,사회학과,SOC4041,4차산업혁명과현대사회,2023/1 ~ 2030/2,사회학과,ok
H0002256,H0003664,사회학과,SOC4042,인구학특수과제,2021/2 ~ 2022/2,사회학과,ok
H0002256,H0003664,사회학과,SOC4043,21세기전환의사회와기술혁신,2023/1 ~ 2030/2,사회학과,ok
H0002256,H0003664,사회학과,SOC4046,건강과사회적행동,2025/1 ~ 2030/2,사회학과,ok
H0002256,H0003664,사회학과,SYH0001,사랑의실천1(한양나눔),2014/1 ~ 2027/2,사회학과,ok
H0002256,H0003664,사회학과,SYH0002,사랑의실천2(스마트커뮤니케이션),2014/1 ~ 2028/2,사회학과,not_found
H0002256,H0003664,사회학과,SYH0003,사랑의실천3(기업가정신),2011/1 ~ 2029/2,사회학과,not_found
H0002256,H0003664,사회학과,SYH0004,사랑의실천4(미래실용인재),2012/1 ~ 2030/2,사회학과,ok
H0002256,H0002837,사회학전공,CUL2007,정보화사회,1998/1 ~ 2013/2,사회학전공(학부/서울),ok
H0002256,H0002837,사회학전공,GEN6032,전문학술영어,2010/1 ~ 2013/2,사회학전공(학부/서울),ok
H0002256,H0002837,사회학전공,GEN6094,전공현장실습1,2012/1 ~ 2013/2,사회학전공(학부/서울),ok
H0002256,H0002837,사회학전공,GEN6095,전공현장실습2,2012/1 ~ 2013/2,사회학전공(학부/서울),ok
H0002256,H0002837,사회학전공,LAW4016,법사회학,2000/1 ~ 2013/2,사회학전공(학부/서울),ok
H0002256,H0002837,사회학전공,PSD3011,정치사회학,2000/1 ~ 2003/2,사회학전공(학부/서울),ok
H0002256,H0002837,사회학전공,SOC2001,사회심리학,1999/1 ~ 2013/2,사회학전공(학부/서울),ok
H0002256,H0002837,사회학전공,SOC2002,사회통계,1999/1 ~ 2013/2,사회학전공(학부/서울),ok
H0002256,H0002837,사회학전공,SOC2003,사회변동과발전,1998/1 ~ 2013/2,사회학전공(학부/서울),ok
H0002256,H0002837,사회학전공,SOC2004,사회학사,1998/1 ~ 2013/2,사회학전공(학부/서울),ok
H0002256,H0002837,사회학전공,SOC2015,사회학전공영어,1998/1 ~ 2013/2,사회학전공(학부/서울),ok
H0002256,H0002837,사회학전공,SOC2016,인구의이해,1998/1 ~ 2013/2,사회학전공(학부/서울),ok
H0002256,H0002837,사회학전공,SOC2019,비교사회론,1998/1 ~ 2013/2,사회학전공(학부/서울),ok
H0002256,H0002837,사회학전공,SOC3008,문화사회학,1999/1 ~ 2013/2,사회학전공(학부/서울),ok
H0002256,H0002837,사회학전공,SOC3012,경제사회학,2000/1 ~ 2013/2,사회학전공(학부/서울),ok
H0002256,H0002837,사회학전공,SOC3013,성의사회학,1998/1 ~ 2013/2,사회학전공(학부/서울),ok
H0002256,H0002837,사회학전공,SOC3019,동양사회와사상,1999/1 ~ 2013/2,사회학전공(학부/서울),ok
H0002256,H0002837,사회학전공,SOC3029,조사분석인턴쉽,2000/1 ~ 2013/2,사회학전공(학부/서울),not_found
H0002256,H0002837,사회학전공,SOC3030,질적연구방법의이해,2003/1 ~ 2013/2,사회학전공(학부/서울),ok
H0002256,H0002837,사회학전공,SOC3031,일탈과사회통제,2003/1 ~ 2013/2,사회학전공(학부/서울),ok
H0002256,H0002837,사회학전공,SOC3032,사회문제분석:AI와데이터사회,2003/1 ~ 2013/2,사회학전공(학부/서울),ok
H0002256,H0002837,사회학전공,SOC3033,사회복지와사회정책,2003/1 ~ 2013/2,사회학전공(학부/서울),ok
H0002256,H0002837,사회학전공,SOC3034,결혼과가족의사회학,2003/1 ~ 2013/2,사회학전공(학부/서울),ok
H0002256,H0002837,사회학전공,SOC3035,데이터분석Ⅰ,2003/1 ~ 2013/2,사회학전공(학부/서울),ok
H0002256,H0002837,사회학전공,SOC3036,노동과기업문화,2003/1 ~ 2013/2,사회학전공(학부/서울),ok
H0002256,H0002837,사회학전공,SOC3052,동아시아연구,2007/1 ~ 2013/2,사회학전공(학부/서울),ok
H0002256,H0002837,사회학전공,SOC3053,기업사회학,2007/1 ~ 2013/2,사회학전공(학부/서울),ok
H0002256,H0002837,사회학전공,SOC3054,사회학전공특수과제,2007/1 ~ 2013/2,사회학전공(학부/서울),ok
H0002256,H0002837,사회학전공,SOC3055,영상사회학,2007/1 ~ 2013/2,사회학전공(학부/서울),not_found
H0002256,H0002837,사회학전공,SOC3056,시민사회론,2007/1 ~ 2013/2,사회학전공(학부/서울),ok
H0002256,H0002837,사회학전공,SOC4003,사회발전론,2000/1 ~ 2013/2,사회학전공(학부/서울),ok
H0002256,H0002837,사회학전공,SOC4004,사회조사실습,2000/1 ~ 2013/2,사회학전공(학부/서울),ok
H0002256,H0002837,사회학전공,SOC4005,사회계층론,1999/1 ~ 2013/2,사회학전공(학부/서울),ok
H0002256,H0002837,사회학전공,SOC4007,사회조직론,1998/1 ~ 2013/2,사회학전공(학부/서울),ok
H0002256,H0002837,사회학전공,SOC4008,현대사회학이론,2000/1 ~ 2013/2,사회학전공(학부/서울),ok
H0002256,H0002837,사회학전공,SOC4015,한국사회의이해,2000/1 ~ 2013/2,사회학전공(학부/서울),ok
H0002256,H0002837,사회학전공,SOC4027,일과직업의사회학,2004/1 ~ 2013/2,사회학전공(학부/서울),ok
H0002256,H0002837,사회학전공,SOC4031,성문화연구,2008/1 ~ 2013/2,사회학전공(학부/서울),ok
H0002256,H0002837,사회학전공,SOC4033,세계화평화와인권,2008/1 ~ 2013/2,사회학전공(학부/서울),ok
H0002256,H0002837,사회학전공,SOC4036,복지사회학,2011/1 ~ 2013/2,사회학전공(학부/서울),ok
H0002256,H0002837,사회학전공,SOC4037,캡스톤디자인/졸업논문,2012/1 ~ 2013/2,사회학전공(학부/서울),ok
H0002256,H0002837,사회학전공,SYH0002,사랑의실천2(스마트커뮤니케이션),2008/1 ~ 2013/2,사회학전공(학부/서울),not_found
H0002256,H0002837,사회학전공,SYH0003,사랑의실천3(기업가정신),2011/1 ~ 2013/2,사회학전공(학부/서울),not_found
H0002256,H0002837,사회학전공,SYH0004,사랑의실천4(미래실용인재),2012/1 ~ 2013/2,사회학전공(학부/서울),ok
H0002256,H0004318,사회혁신융합전공,CUL1119,인구변화와미래복지,2013/1 ~ 2027/2,사회혁신융합전공,ok
H0002256,H0004318,사회혁신융합전공,CUL1121,사회혁신캡스톤디자인(Plus),2017/1 ~ 2024/2,사회혁신융합전공,not_found
H0002256,H0004318,사회혁신융합전공,CUL1152,기후변화와임팩트비즈니스,2019/2 ~ 2029/2,사회혁신융합전공,ok
H0002256,H0004318,사회혁신융합전공,CUL1174,사회혁신을위한미디어의이해,2020/2 ~ 2028/2,사회혁신융합전공,ok
H0002256,H0004318,사회혁신융합전공,INV2001,국제개발협력의이해,2017/1 ~ 2026/1,사회혁신융합전공,ok
H0002256,H0004318,사회혁신융합전공,INV2002,사회적금융과미래혁신,2017/1 ~ 2028/2,사회혁신융합전공,ok
H0002256,H0004318,사회혁신융합전공,INV2003,사회혁신공감실습,2017/1 ~ 2026/1,사회혁신융합전공,ok
H0002256,H0004318,사회혁신융합전공,INV2004,CSR과사회혁신,2017/2 ~ 2028/2,사회혁신융합전공,ok
H0002256,H0004318,사회혁신융합전공,INV2005,사회적경제의고전강의,2017/2 ~ 2024/1,사회혁신융합전공,not_found
H0002256,H0004318,사회혁신융합전공,INV2006,체인지메이커십,2017/1 ~ 2026/1,사회혁신융합전공,ok
H0002256,H0004318,사회혁신융합전공,INV2007,사회혁신과시민사회조직,2019/2 ~ 2026/1,사회혁신융합전공,ok
H0002256,H0004318,사회혁신융합전공,INV2008,지속가능한도시와소셜리빙랩,2020/1 ~ 2025/1,사회혁신융합전공,ok
H0002256,H0004318,사회혁신융합전공,INV2009,사회혁신캡스톤디자인(Basic),2020/1 ~ 2024/1,사회혁신융합전공,ok
H0002256,H0004318,사회혁신융합전공,INV2010,지속가능한도시와소셜리빙랩2,2020/2 ~ 2025/1,사회혁신융합전공,ok
H0002256,H0004318,사회혁신융합전공,INV2011,SDGs와인권,2021/1 ~ 2028/2,사회혁신융합전공,ok
H0002256,H0004318,사회혁신융합전공,INV2013,패션액티비즘과사회혁신,2022/1 ~ 2025/1,사회혁신융합전공,ok
H0002256,H0004318,사회혁신융합전공,INV2014,국제개발협력과ICT4ED,2024/2 ~ 2028/2,사회혁신융합전공,not_found
H0002256,H0004318,사회혁신융합전공,INV2015,사회혁신과임팩트비즈니스,2024/2 ~ 2028/2,사회혁신융합전공,ok
H0002256,H0004318,사회혁신융합전공,INV2016,공감기반리빙랩1:지식창조,2026/2 ~ 2029/2,사회혁신융합전공,not_found
H0002256,H0004318,사회혁신융합전공,INV3001,사회적경제와미래혁신,2018/1 ~ 2029/2,사회혁신융합전공,ok
H0002256,H0004318,사회혁신융합전공,INV3002,사회혁신캡스톤디자인을위한창의적문제해결론,2018/1 ~ 2029/2,사회혁신융합전공,ok
H0002256,H0004318,사회혁신융합전공,INV3003,체인지메이커액션러닝,2018/1 ~ 2024/1,사회혁신융합전공,not_found
H0002256,H0004318,사회혁신융합전공,INV3004,단기체인지메이커액션러닝,2019/2 ~ 2024/2,사회혁신융합전공,not_found
H0002256,H0004318,사회혁신융합전공,INV3007,임팩트측정및커뮤니케이션,2022/1 ~ 2029/2,사회혁신융합전공,ok
H0002256,H0004318,사회혁신융합전공,INV3008,기후위기와지속가능한푸드시스템,2022/1 ~ 2029/2,사회혁신융합전공,ok
H0002256,H0004318,사회혁신융합전공,INV3009,ESG와지속가능경영,2025/1 ~ 2028/2,사회혁신융합전공,ok
H0002256,H0004318,사회혁신융합전공,INV3010,Age-tech와AI혁신,2024/2 ~ 2028/2,사회혁신융합전공,ok
H0002256,H0004318,사회혁신융합전공,INV3011,사회혁신을위한시스템사고,2025/1 ~ 2026/1,사회혁신융합전공,ok
H0002256,H0004318,사회혁신융합전공,INV3012,임팩트커리어의이해,2025/2 ~ 2029/2,사회혁신융합전공,not_found
H0002256,H0004318,사회혁신융합전공,INV3013,로컬리즘과사회혁신,2025/2 ~ 2029/2,사회혁신융합전공,ok
H0002256,H0004318,사회혁신융합전공,INV4001,나로부터시작하는사회혁신과라이프디자인,2023/2 ~ 2029/2,사회혁신융합전공,not_found
H0002256,H0004318,사회혁신융합전공,INV4002,사회혁신을위한질적연구방법론및실습,2023/2 ~ 2029/2,사회혁신융합전공,ok
H0002256,H0004318,사회혁신융합전공,INV4003,"글로벌사회혁신의여정:개념,접근,그리고사례",2025/1 ~ 2030/2,사회혁신융합전공,ok
H0002256,H0004318,사회혁신융합전공,INV4004,테크포임팩트프랙티컴,2025/2 ~ 2029/2,사회혁신융합전공,ok
H0002256,H0004318,사회혁신융합전공,INV4005,ESG프랙티컴,2025/2 ~ 2029/2,사회혁신융합전공,ok
H0002256,H0004318,사회혁신융합전공,INV4006,공감기반리빙랩2:시스템전환,2027/1 ~ 2030/2,사회혁신융합전공,not_found
H0002256,H0004318,사회혁신융합전공,MOT0004,디자인과기술혁신,2016/1 ~ 2026/1,사회혁신융합전공,not_found
H0002256,H0004318,사회혁신융합전공,PBL4028,사회혁신캡스톤PBL,2025/1 ~ 2030/2,사회혁신융합전공,ok
H0002256,H0002563,산업공학과,BUS3021,품질경영,2011/1 ~ 2029/2,산업공학과(학부/서울),ok
H0002256,H0002563,산업공학과,BUS4005,경영정보시스템,1991/1 ~ 2015/2,산업공학과(학부/서울),ok
H0002256,H0002563,산업공학과,CHM1002,일반화학및실험2,1997/1 ~ 2025/2,산업공학과(학부/서울),ok
H0002256,H0002563,산업공학과,CHM1005,일반화학및실험1,1997/1 ~ 2027/2,산업공학과(학부/서울),ok
H0002256,H0002563,산업공학과,COE1010,실용공학연구1,1998/1 ~ 1999/2,산업공학과(학부/서울),ok
H0002256,H0002563,산업공학과,COE1011,실용공학연구2,1998/1 ~ 1999/2,산업공학과(학부/서울),ok
H0002256,H0002563,산업공학과,COE1012,실용공학연구3,1998/1 ~ 2000/2,산업공학과(학부/서울),ok
H0002256,H0002563,산업공학과,COE1013,실용공학연구4,1998/1 ~ 2000/2,산업공학과(학부/서울),ok
H0002256,H0002563,산업공학과,COE1014,실용공학연구5,1998/1 ~ 2018/2,산업공학과(학부/서울),ok
H0002256,H0002563,산업공학과,COE1015,실용공학연구6,1998/1 ~ 2018/2,산업공학과(학부/서울),ok
H0002256,H0002563,산업공학과,COE2022,공학입문설계,2010/1 ~ 2027/2,산업공학과(학부/서울),ok
H0002256,H0002563,산업공학과,COE3001,공업수학,1991/1 ~ 1994/2,산업공학과(학부/서울),ok
H0002256,H0002563,산업공학과,COE3003,응용통계학,2014/1 ~ 2028/2,산업공학과(학부/서울),ok
H0002256,H0002563,산업공학과,COE3051,공업수학1,1994/1 ~ 2028/2,산업공학과(학부/서울),ok
H0002256,H0002563,산업공학과,COE3052,공업수학2,1994/1 ~ 2016/2,산업공학과(학부/서울),ok
H0002256,H0002563,산업공학과,COM2018,객체지향프로그래밍,2010/1 ~ 2028/2,산업공학과(학부/서울),ok
H0002256,H0002563,산업공학과,CUL0005,말과글,1997/1 ~ 2027/2,산업공학과(학부/서울),ok
H0002256,H0002563,산업공학과,CUL0011,창의적컴퓨팅,1997/1 ~ 1998/2,산업공학과(학부/서울),ok
H0002256,H0002563,산업공학과,CUL0202,문화기술인간,2025/1 ~ 2027/2,산업공학과(학부/서울),ok
H0002256,H0002563,산업공학과,CUL0203,AI시대쓰기의힘,2025/1 ~ 2027/2,산업공학과(학부/서울),ok
H0002256,H0002563,산업공학과,CUL0206,Personal Branding in Digital Markets,2026/1 ~ 2028/2,산업공학과(학부/서울),ok
H0002256,H0002563,산업공학과,CUL0208,스토리텔링의설계와전략,2026/1 ~ 2028/2,산업공학과(학부/서울),ok
H0002256,H0002563,산업공학과,CUL1138,인공지능과기계학습,2023/1 ~ 2028/2,산업공학과(학부/서울),ok
H0002256,H0002563,산업공학과,CUL3011,일반물리학및실험1,1997/1 ~ 2027/2,산업공학과(학부/서울),ok
H0002256,H0002563,산업공학과,CUL3012,일반물리학및실험2,1997/1 ~ 2027/2,산업공학과(학부/서울),ok
H0002256,H0002563,산업공학과,ELE4101,시계열데이터분석,2015/1 ~ 2018/2,산업공학과(학부/서울),ok
H0002256,H0002563,산업공학과,GEN0068,일반화학1,1989/1 ~ 1996/2,산업공학과(학부/서울),ok
H0002256,H0002563,산업공학과,GEN0069,일반화학2,1989/1 ~ 1996/2,산업공학과(학부/서울),ok
H0002256,H0002563,산업공학과,GEN1031,공학도를위한창의적컴퓨팅,1993/1 ~ 2027/2,산업공학과(학부/서울),ok
H0002256,H0002563,산업공학과,GEN1100,공학도를위한창의적프로그래밍,2023/1 ~ 2028/2,산업공학과(학부/서울),ok
H0002256,H0002563,산업공학과,GEN2052,미분적분학1,1993/1 ~ 2027/2,산업공학과(학부/서울),ok
H0002256,H0002563,산업공학과,GEN2053,미분적분학2,1993/1 ~ 2027/2,산업공학과(학부/서울),ok
H0002256,H0002563,산업공학과,GEN3058,공업경제학,2010/1 ~ 2028/2,산업공학과(학부/서울),ok
H0002256,H0002563,산업공학과,GEN4091,과학기술의철학적이해,2009/1 ~ 2027/2,산업공학과(학부/서울),ok
H0002256,H0002563,산업공학과,GEN5026,테크노경영학(스타트업종합설계),2011/1 ~ 2029/2,산업공학과(학부/서울),ok
H0002256,H0002563,산업공학과,GEN5029,커리어개발Ⅰ:취.창업진로로드맵,2009/1 ~ 2027/2,산업공학과(학부/서울),ok
H0002256,H0002563,산업공학과,GEN5100,커리어개발Ⅱ:취.창업진로포트폴리오,2015/1 ~ 2029/2,산업공학과(학부/서울),ok
H0002256,H0002563,산업공학과,GEN6032,전문학술영어,2010/1 ~ 2028/2,산업공학과(학부/서울),ok
H0002256,H0002563,산업공학과,GEN6044,한양사회봉사,2009/1 ~ 2014/2,산업공학과(학부/서울),ok
H0002256,H0002563,산업공학과,GEN6094,전공현장실습1,2014/1 ~ 2021/2,산업공학과(학부/서울),ok
H0002256,H0002563,산업공학과,GEN6095,전공현장실습2,2013/1 ~ 2021/2,산업공학과(학부/서울),ok
H0002256,H0002563,산업공학과,HYP1010,산업공학HY-UP(실용연구실습)1,2026/1 ~ 2029/2,산업공학과(학부/서울),not_found
H0002256,H0002563,산업공학과,HYP2008,산업공학HY-UP(실용연구실습)2,2026/1 ~ 2029/2,산업공학과(학부/서울),not_found
H0002256,H0002563,산업공학과,HYP3009,산업공학HY-UP(실용연구실습)3,2027/1 ~ 2030/2,산업공학과(학부/서울),not_found
H0002256,H0002563,산업공학과,HYP4009,산업공학HY-UP(실용연구실습)4,2027/1 ~ 2030/2,산업공학과(학부/서울),not_found
H0002256,H0002563,산업공학과,INE1001,산업공학개론,1989/1 ~ 2027/2,산업공학과(학부/서울),ok
H0002256,H0002563,산업공학과,INE1006,시뮬레이션,2016/1 ~ 2030/2,산업공학과(학부/서울),ok
H0002256,H0002563,산업공학과,INE1008,공급사슬경영(SCM),2012/1 ~ 2029/2,산업공학과(학부/서울),ok
H0002256,H0002563,산업공학과,INE1015,컴퓨터그래픽스실습,2013/1 ~ 2015/2,산업공학과(학부/서울),ok
H0002256,H0002563,산업공학과,INE1017,산업인공지능시스템응용,2025/2 ~ 2027/2,산업공학과(학부/서울),ok
H0002256,H0002563,산업공학과,INE2009,선형계획법,1990/1 ~ 2028/2,산업공학과(학부/서울),ok
H0002256,H0002563,산업공학과,INE2011,데이터구조론,1990/1 ~ 2025/2,산업공학과(학부/서울),ok
H0002256,H0002563,산업공학과,INE2015,산공수학,1998/1 ~ 2028/2,산업공학과(학부/서울),ok
H0002256,H0002563,산업공학과,INE2016,경영전략및데이터베이스,1998/1 ~ 2029/2,산업공학과(학부/서울),ok
H0002256,H0002563,산업공학과,INE2069,생산시스템개론,2010/1 ~ 2019/2,산업공학과(학부/서울),ok
H0002256,H0002563,산업공학과,INE2072,인지심리학,2014/1 ~ 2016/2,산업공학과(학부/서울),not_found
H0002256,H0002563,산업공학과,INE2075,스마트팩토리개론,2020/1 ~ 2028/2,산업공학과(학부/서울),ok
H0002256,H0002563,산업공학과,INE2076,투자과학,2021/1 ~ 2028/2,산업공학과(학부/서울),ok
H0002256,H0002563,산업공학과,INE3028,CAD,1999/1 ~ 2000/2,산업공학과(학부/서울),ok
H0002256,H0002563,산업공학과,INE3039,인간공학기초,2011/1 ~ 2021/2,산업공학과(학부/서울),ok
H0002256,H0002563,산업공학과,INE3041,인간공학응용,2011/1 ~ 2021/2,산업공학과(학부/서울),ok
H0002256,H0002563,산업공학과,INE3079,경영과학과운영연구1,2011/1 ~ 2029/2,산업공학과(학부/서울),ok
H0002256,H0002563,산업공학과,INE3080,경영과학과운영연구2,2011/1 ~ 2029/2,산업공학과(학부/서울),ok
H0002256,H0002563,산업공학과,INE3081,운용관리,2011/1 ~ 2029/2,산업공학과(학부/서울),ok
H0002256,H0002563,산업공학과,INE3082,네트워크및재고전략,2011/1 ~ 2030/2,산업공학과(학부/서울),ok
H0002256,H0002563,산업공학과,INE3083,금융공학개론,2011/1 ~ 2029/2,산업공학과(학부/서울),ok
H0002256,H0002563,산업공학과,INE3092,의사결정방법론,2015/1 ~ 2017/2,산업공학과(학부/서울),not_found
H0002256,H0002563,산업공학과,INE3098,시계열분석및예측,2022/1 ~ 2029/2,산업공학과(학부/서울),ok
H0002256,H0002563,산업공학과,INE3099,산업공학연구실현장실습1,2023/1 ~ 2025/2,산업공학과(학부/서울),ok
H0002256,H0002563,산업공학과,INE3100,산업공학연구실현장실습2,2023/1 ~ 2025/2,산업공학과(학부/서울),ok
H0002256,H0002563,산업공학과,INE4004,실험계획법,1992/1 ~ 2029/2,산업공학과(학부/서울),ok
H0002256,H0002563,산업공학과,INE4005,작업관리,1990/1 ~ 2009/2,산업공학과(학부/서울),ok
H0002256,H0002563,산업공학과,INE4023,물류관리,1996/1 ~ 2029/2,산업공학과(학부/서울),ok
H0002256,H0002563,산업공학과,INE4034,알고리듬설계및분석,2011/1 ~ 2017/2,산업공학과(학부/서울),ok
H0002256,H0002563,산업공학과,INE4038,인간-컴퓨터인터페이스설계,2012/1 ~ 2021/2,산업공학과(학부/서울),ok
H0002256,H0002563,산업공학과,INE4044,신뢰성및보전공학,2011/1 ~ 2029/2,산업공학과(학부/서울),ok
H0002256,H0002563,산업공학과,INE4056,신뢰성공학,1992/1 ~ 2001/2,산업공학과(학부/서울),ok
H0002256,H0002563,산업공학과,INE4083,생체정보학,2012/1 ~ 2018/2,산업공학과(학부/서울),ok
H0002256,H0002563,산업공학과,INE4084,기업진단론,2012/1 ~ 2018/2,산업공학과(학부/서울),ok
H0002256,H0002563,산업공학과,INE4085,첨단생산시스템,2012/1 ~ 2018/2,산업공학과(학부/서울),ok
H0002256,H0002563,산업공학과,INE4089,산업공학종합설계1,2012/1 ~ 2030/2,산업공학과(학부/서울),ok
H0002256,H0002563,산업공학과,INE4090,산업공학종합설계2,2012/1 ~ 2030/2,산업공학과(학부/서울),ok
H0002256,H0002563,산업공학과,INE4092,프로젝트관리공학,2012/1 ~ 2030/2,산업공학과(학부/서울),ok
H0002256,H0002563,산업공학과,INE4100,제조시스템공학,2019/1 ~ 2030/2,산업공학과(학부/서울),ok
H0002256,H0002563,산업공학과,INE4108,응용데이터애널리틱스,2020/1 ~ 2030/2,산업공학과(학부/서울),ok
H0002256,H0002563,산업공학과,INE4109,데이터경영,2023/1 ~ 2030/2,산업공학과(학부/서울),ok
H0002256,H0002563,산업공학과,INE4110,산업공학연구실현장실습3,2023/1 ~ 2026/2,산업공학과(학부/서울),ok
H0002256,H0002563,산업공학과,INE4111,산업공학연구실현장실습4,2023/1 ~ 2026/2,산업공학과(학부/서울),ok
H0002256,H0002563,산업공학과,INE4115,스마트제조데이터분석,2026/1 ~ 2030/2,산업공학과(학부/서울),ok
H0002256,H0002563,산업공학과,INE5007,UI/UX디자인,2012/1 ~ 2018/2,산업공학과(학부/서울),ok
H0002256,H0002563,산업공학과,INE5008,기계학습과데이터마이닝,2012/1 ~ 2029/2,산업공학과(학부/서울),ok
H0002256,H0002563,산업공학과,INE5009,기술경영론,2016/1 ~ 2018/2,산업공학과(학부/서울),not_found
H0002256,H0002563,산업공학과,INE5010,산업공학특론1,2016/1 ~ 2021/2,산업공학과(학부/서울),ok
H0002256,H0002563,산업공학과,INE5011,기술경영사례분석,2016/1 ~ 2018/2,산업공학과(학부/서울),ok
H0002256,H0002563,산업공학과,INE5012,산업공학특론2,2016/1 ~ 2018/2,산업공학과(학부/서울),ok
H0002256,H0002563,산업공학과,INE5013,산업안전심리학,2016/1 ~ 2019/2,산업공학과(학부/서울),ok
H0002256,H0002563,산업공학과,INE5014,서비스경영시스템,2016/1 ~ 2018/2,산업공학과(학부/서울),not_found
H0002256,H0002563,산업공학과,MAT2017,확률통계론,2010/1 ~ 2028/2,산업공학과(학부/서울),ok
H0002256,H0002563,산업공학과,MAT3008,수치해석,2017/1 ~ 2028/2,산업공학과(학부/서울),ok
H0002256,H0002563,산업공학과,MEE3008,로보트공학,1991/1 ~ 1994/2,산업공학과(학부/서울),ok
H0002256,H0002563,산업공학과,PBL4019,산업공학캡스톤PBL,2020/1 ~ 2030/2,산업공학과(학부/서울),ok
H0002256,H0002563,산업공학과,SYH0001,사랑의실천1(한양나눔),2009/1 ~ 2027/2,산업공학과(학부/서울),ok
H0002256,H0002563,산업공학과,SYH0002,사랑의실천2(스마트커뮤니케이션),2010/1 ~ 2028/2,산업공학과(학부/서울),not_found
H0002256,H0002563,산업공학과,SYH0003,사랑의실천3(기업가정신),2011/1 ~ 2029/2,산업공학과(학부/서울),not_found
H0002256,H0002563,산업공학과,SYH0004,사랑의실천4(미래실용인재),2012/1 ~ 2030/2,산업공학과(학부/서울),ok
H0002256,H0003958,산업융합학부,APS1002,대학수학,2016/1 ~ 2027/2,산업융합학부,ok
H0002256,H0005238,산업융합학부,APS1002,대학수학,2020/1 ~ 2027/2,산업융합학부,ok
H0002256,H0003958,산업융합학부,APS1003,논리적사고와말하기,2016/1 ~ 2027/2,산업융합학부,ok
H0002256,H0005238,산업융합학부,APS1003,논리적사고와말하기,2020/1 ~ 2027/2,산업융합학부,ok
H0002256,H0003958,산업융합학부,APS1004,학술기초영어회화,2016/1 ~ 2027/2,산업융합학부,ok
H0002256,H0005238,산업융합학부,APS1004,학술기초영어회화,2020/1 ~ 2027/2,산업융합학부,ok
H0002256,H0003958,산업융합학부,APS1006,창조적사고와글쓰기,2016/1 ~ 2027/2,산업융합학부,ok
H0002256,H0005238,산업융합학부,APS1006,창조적사고와글쓰기,2020/1 ~ 2027/2,산업융합학부,ok
H0002256,H0003958,산업융합학부,APS1007,영어토론과발표,2016/1 ~ 2027/2,산업융합학부,ok
H0002256,H0005238,산업융합학부,APS1007,영어토론과발표,2020/1 ~ 2027/2,산업융합학부,ok
H0002256,H0003958,산업융합학부,APS1008,과학기술의철학적탐색,2016/1 ~ 2027/2,산업융합학부,ok
H0002256,H0005238,산업융합학부,APS1008,과학기술의철학적탐색,2020/1 ~ 2027/2,산업융합학부,ok
H0002256,H0003958,산업융합학부,APS1009,산업융합입문,2020/1 ~ 2027/2,산업융합학부,ok
H0002256,H0005238,산업융합학부,APS1009,산업융합입문,2020/1 ~ 2027/2,산업융합학부,ok
H0002256,H0003958,산업융합학부,APS1010,산업융합수학,2020/1 ~ 2027/2,산업융합학부,not_found
H0002256,H0005238,산업융합학부,APS1010,산업융합수학,2020/1 ~ 2027/2,산업융합학부,not_found
H0002256,H0003958,산업융합학부,GEN1031,공학도를위한창의적컴퓨팅,2016/1 ~ 2027/2,산업융합학부,ok
H0002256,H0005238,산업융합학부,GEN1031,공학도를위한창의적컴퓨팅,2020/1 ~ 2027/2,산업융합학부,ok
H0002256,H0003958,산업융합학부,GEN5029,커리어개발Ⅰ:취.창업진로로드맵,2016/1 ~ 2027/2,산업융합학부,ok
H0002256,H0005238,산업융합학부,GEN5029,커리어개발Ⅰ:취.창업진로로드맵,2020/1 ~ 2027/2,산업융합학부,ok
H0002256,H0003958,산업융합학부,IDC1001,응용시스템개론,2016/1 ~ 2019/2,산업융합학부,not_found
H0002256,H0003958,산업융합학부,IDC1002,정보융합개론,2016/1 ~ 2019/2,산업융합학부,not_found
H0002256,H0003958,산업융합학부,SYH0001,사랑의실천1(한양나눔),2016/1 ~ 2027/2,산업융합학부,ok
H0002256,H0005238,산업융합학부,SYH0001,사랑의실천1(한양나눔),2020/1 ~ 2027/2,산업융합학부,ok
H0002256,H0003831,생명공학과,BIO2022,세포생물학,2017/1 ~ 2029/2,생명공학과,ok
H0002256,H0003831,생명공학과,BIO4001,분자생물학,2017/1 ~ 2029/2,생명공학과,ok
H0002256,H0003831,생명공학과,BNG3001,생명공학실험1(URIP),2017/1 ~ 2029/2,생명공학과,ok
H0002256,H0003831,생명공학과,BNG3002,기초면역학,2018/1 ~ 2030/2,생명공학과,ok
H0002256,H0003831,생명공학과,BNG3003,세포및조직공학,2017/1 ~ 2029/2,생명공학과,ok
H0002256,H0003831,생명공학과,BNG3004,생명공학실험2(URIP),2017/1 ~ 2029/2,생명공학과,ok
H0002256,H0003831,생명공학과,BNG3017,단백체학,2017/1 ~ 2017/2,생명공학과,not_found
H0002256,H0003831,생명공학과,BTN2002,생명공학입문,2016/1 ~ 2025/2,생명공학과,ok
H0002256,H0003831,생명공학과,BTN3001,생물물리화학,2017/1 ~ 2021/2,생명공학과,not_found
H0002256,H0003831,생명공학과,BTN3003,나노바이러스공학,2017/1 ~ 2029/2,생명공학과,ok
H0002256,H0003831,생명공학과,BTN3004,생체분자공학,2018/1 ~ 2029/2,생명공학과,ok
H0002256,H0003831,생명공학과,BTN3005,생물공정,2023/2 ~ 2029/2,생명공학과,ok
H0002256,H0003831,생명공학과,BTN4003,생명의약전달시스템,2018/1 ~ 2030/2,생명공학과,ok
H0002256,H0003831,생명공학과,BTN4005,생물나노소재,2018/1 ~ 2030/2,생명공학과,ok
H0002256,H0003831,생명공학과,BTN4008,단백질효소공학,2018/1 ~ 2030/2,생명공학과,ok
H0002256,H0003831,생명공학과,BTN4009,응용유전학,2018/1 ~ 2030/2,생명공학과,ok
H0002256,H0003831,생명공학과,BTN4010,생명공학분석,2018/1 ~ 2030/2,생명공학과,ok
H0002256,H0003831,생명공학과,BTN4011,공학종합설계1(URIP),2018/1 ~ 2022/2,생명공학과,ok
H0002256,H0003831,생명공학과,BTN4012,공학종합설계2(URIP),2018/1 ~ 2022/2,생명공학과,ok
H0002256,H0003831,생명공학과,BTN4013,종양발생학,2019/1 ~ 2026/2,생명공학과,not_found
H0002256,H0003831,생명공학과,BTN4014,생명공학종합설계1,2019/1 ~ 2030/2,생명공학과,ok
H0002256,H0003831,생명공학과,BTN4015,생명공학종합설계2,2019/1 ~ 2030/2,생명공학과,ok
H0002256,H0003831,생명공학과,BTN4016,항암유전자치료제의정제/생산및분석실습,2022/1 ~ 2030/2,생명공학과,ok
H0002256,H0003831,생명공학과,CHE2001,공업물리화학1,2016/1 ~ 2028/2,생명공학과,ok
H0002256,H0003831,생명공학과,CHE2002,공업물리화학2,2016/1 ~ 2028/2,생명공학과,ok
H0002256,H0003831,생명공학과,CHE4021,생물화학공학,2017/1 ~ 2021/2,생명공학과,not_found
H0002256,H0003831,생명공학과,CHM1002,일반화학및실험2,2015/1 ~ 2027/2,생명공학과,ok
H0002256,H0003831,생명공학과,CHM1005,일반화학및실험1,2015/1 ~ 2027/2,생명공학과,ok
H0002256,H0003831,생명공학과,CHM2011,분석화학,2016/1 ~ 2016/2,생명공학과,ok
H0002256,H0003831,생명공학과,CHM3007,고분자화학,2017/1 ~ 2029/2,생명공학과,ok
H0002256,H0003831,생명공학과,CHM4013,고분자물성,2017/1 ~ 2023/1,생명공학과,ok
H0002256,H0003831,생명공학과,COE1010,실용공학연구1,2017/1 ~ 2025/2,생명공학과,ok
H0002256,H0003831,생명공학과,COE1011,실용공학연구2,2017/1 ~ 2025/2,생명공학과,ok
H0002256,H0003831,생명공학과,COE1012,실용공학연구3,2018/1 ~ 2026/2,생명공학과,ok
H0002256,H0003831,생명공학과,COE1013,실용공학연구4,2018/1 ~ 2026/2,생명공학과,ok
H0002256,H0003831,생명공학과,COE2022,공학입문설계,2015/1 ~ 2027/2,생명공학과,ok
H0002256,H0003831,생명공학과,COE3051,공업수학1,2016/1 ~ 2028/2,생명공학과,ok
H0002256,H0003831,생명공학과,COE3052,공업수학2,2016/1 ~ 2028/2,생명공학과,ok
H0002256,H0003831,생명공학과,CPE1002,생리학,2017/1 ~ 2029/2,생명공학과,ok
H0002256,H0003831,생명공학과,CTE4018,생체재료공학,2018/1 ~ 2030/2,생명공학과,ok
H0002256,H0003831,생명공학과,CUL0005,말과글,2015/1 ~ 2027/2,생명공학과,ok
H0002256,H0003831,생명공학과,CUL0201,상상과학성찰,2025/1 ~ 2027/2,생명공학과,ok
H0002256,H0003831,생명공학과,CUL0203,AI시대쓰기의힘,2025/1 ~ 2027/2,생명공학과,ok
H0002256,H0003831,생명공학과,CUL0205,Technology and AI: Utopia or Dystopia?,2026/1 ~ 2028/2,생명공학과,ok
H0002256,H0003831,생명공학과,CUL0207,미래지능연결,2026/1 ~ 2028/2,생명공학과,ok
H0002256,H0003831,생명공학과,CUL1138,인공지능과기계학습,2023/1 ~ 2028/2,생명공학과,ok
H0002256,H0003831,생명공학과,CUL3011,일반물리학및실험1,2015/1 ~ 2027/2,생명공학과,ok
H0002256,H0003831,생명공학과,CUL3012,일반물리학및실험2,2015/1 ~ 2027/2,생명공학과,ok
H0002256,H0003831,생명공학과,CUL3013,일반생물학및실험1,2015/1 ~ 2015/2,생명공학과,ok
H0002256,H0003831,생명공학과,CUL3014,일반생물학및실험2,2015/1 ~ 2027/2,생명공학과,ok
H0002256,H0003831,생명공학과,DBC2001,생화학1,2016/1 ~ 2028/2,생명공학과,ok
H0002256,H0003831,생명공학과,DBC2002,생화학2,2016/1 ~ 2028/2,생명공학과,ok
H0002256,H0003831,생명공학과,DBC3018,미생물학,2016/1 ~ 2028/2,생명공학과,ok
H0002256,H0003831,생명공학과,DBC4023,생물정보학,2018/1 ~ 2030/2,생명공학과,ok
H0002256,H0003831,생명공학과,GEN1016,일반생물학,2016/1 ~ 2027/2,생명공학과,ok
H0002256,H0003831,생명공학과,GEN1031,공학도를위한창의적컴퓨팅,2015/1 ~ 2027/2,생명공학과,ok
H0002256,H0003831,생명공학과,GEN1100,공학도를위한창의적프로그래밍,2023/1 ~ 2028/2,생명공학과,ok
H0002256,H0003831,생명공학과,GEN2052,미분적분학1,2015/1 ~ 2027/2,생명공학과,ok
H0002256,H0003831,생명공학과,GEN2053,미분적분학2,2015/1 ~ 2027/2,생명공학과,ok
H0002256,H0003831,생명공학과,GEN3058,공업경제학,2016/1 ~ 2016/2,생명공학과,ok
H0002256,H0003831,생명공학과,GEN4091,과학기술의철학적이해,2015/1 ~ 2027/2,생명공학과,ok
H0002256,H0003831,생명공학과,GEN5026,테크노경영학(스타트업종합설계),2017/1 ~ 2029/2,생명공학과,ok
H0002256,H0003831,생명공학과,GEN5029,커리어개발Ⅰ:취.창업진로로드맵,2015/1 ~ 2027/2,생명공학과,ok
H0002256,H0003831,생명공학과,GEN5100,커리어개발Ⅱ:취.창업진로포트폴리오,2017/1 ~ 2029/2,생명공학과,ok
H0002256,H0003831,생명공학과,GEN6032,전문학술영어,2016/1 ~ 2028/2,생명공학과,ok
H0002256,H0003831,생명공학과,GEN6094,전공현장실습1,2017/1 ~ 2021/2,생명공학과,ok
H0002256,H0003831,생명공학과,GEN6095,전공현장실습2,2017/1 ~ 2021/2,생명공학과,ok
H0002256,H0003831,생명공학과,HYP1014,생명공학HY-UP(실용연구실습)1,2026/1 ~ 2029/2,생명공학과,ok
H0002256,H0003831,생명공학과,HYP2012,생명공학HY-UP(실용연구실습)2,2026/1 ~ 2029/2,생명공학과,not_found
H0002256,H0003831,생명공학과,HYP3012,생명공학HY-UP(실용연구실습)3,2027/1 ~ 2030/2,생명공학과,not_found
H0002256,H0003831,생명공학과,HYP4010,생명공학HY-UP(실용연구실습)4,2027/1 ~ 2030/2,생명공학과,not_found
H0002256,H0003831,생명공학과,ICH2001,공업유기화학1,2016/1 ~ 2028/2,생명공학과,ok
H0002256,H0003831,생명공학과,ICH2002,공업유기화학2,2016/1 ~ 2028/2,생명공학과,ok
H0002256,H0003831,생명공학과,MAT2017,확률통계론,2016/1 ~ 2016/2,생명공학과,ok
H0002256,H0003831,생명공학과,SYH0001,사랑의실천1(한양나눔),2015/1 ~ 2027/2,생명공학과,ok
H0002256,H0003831,생명공학과,SYH0002,사랑의실천2(스마트커뮤니케이션),2016/1 ~ 2028/2,생명공학과,not_found
H0002256,H0003831,생명공학과,SYH0003,사랑의실천3(기업가정신),2017/1 ~ 2029/2,생명공학과,not_found
H0002256,H0003831,생명공학과,SYH0004,사랑의실천4(미래실용인재),2018/1 ~ 2030/2,생명공학과,ok
H0002256,H0002524,생명공학전공,BIO2022,세포생물학,2013/1 ~ 2017/2,생명공학전공,ok
H0002256,H0002524,생명공학전공,BIO4001,분자생물학,2013/1 ~ 2017/2,생명공학전공,ok
H0002256,H0002524,생명공학전공,BNG3001,생명공학실험1(URIP),2013/1 ~ 2017/2,생명공학전공,ok
H0002256,H0002524,생명공학전공,BNG3002,기초면역학,2014/1 ~ 2018/2,생명공학전공,ok
H0002256,H0002524,생명공학전공,BNG3003,세포및조직공학,2013/1 ~ 2017/2,생명공학전공,ok
H0002256,H0002524,생명공학전공,BNG3004,생명공학실험2(URIP),2013/1 ~ 2017/2,생명공학전공,ok
H0002256,H0002524,생명공학전공,BNG3017,단백체학,2013/1 ~ 2017/2,생명공학전공,not_found
H0002256,H0002524,생명공학전공,BTN2002,생명공학입문,2015/1 ~ 2016/2,생명공학전공,ok
H0002256,H0002524,생명공학전공,BTN3001,생물물리화학,2013/1 ~ 2017/2,생명공학전공,not_found
H0002256,H0002524,생명공학전공,BTN3003,나노바이러스공학,2015/1 ~ 2017/2,생명공학전공,ok
H0002256,H0002524,생명공학전공,BTN4003,생명의약전달시스템,2014/1 ~ 2018/2,생명공학전공,ok
H0002256,H0002524,생명공학전공,BTN4005,생물나노소재,2014/1 ~ 2018/2,생명공학전공,ok
H0002256,H0002524,생명공학전공,BTN4008,단백질효소공학,2014/1 ~ 2018/2,생명공학전공,ok
H0002256,H0002524,생명공학전공,BTN4009,응용유전학,2014/1 ~ 2018/2,생명공학전공,ok
H0002256,H0002524,생명공학전공,BTN4010,생명공학분석,2014/1 ~ 2018/2,생명공학전공,ok
H0002256,H0002524,생명공학전공,BTN4011,공학종합설계1(URIP),2014/1 ~ 2018/2,생명공학전공,ok
H0002256,H0002524,생명공학전공,BTN4012,공학종합설계2(URIP),2014/1 ~ 2018/2,생명공학전공,ok
H0002256,H0002524,생명공학전공,CHE2001,공업물리화학1,2012/1 ~ 2016/2,생명공학전공,ok
H0002256,H0002524,생명공학전공,CHE2002,공업물리화학2,2012/1 ~ 2016/2,생명공학전공,ok
H0002256,H0002524,생명공학전공,CHE4021,생물화학공학,2013/1 ~ 2017/2,생명공학전공,not_found
H0002256,H0002524,생명공학전공,CHM2011,분석화학,2014/1 ~ 2016/2,생명공학전공,ok
H0002256,H0002524,생명공학전공,CHM3007,고분자화학,2013/1 ~ 2017/2,생명공학전공,ok
H0002256,H0002524,생명공학전공,CHM4013,고분자물성,2013/1 ~ 2017/2,생명공학전공,ok
H0002256,H0002524,생명공학전공,COE1010,실용공학연구1,2013/1 ~ 2017/2,생명공학전공,ok
H0002256,H0002524,생명공학전공,COE1011,실용공학연구2,2013/1 ~ 2017/2,생명공학전공,ok
H0002256,H0002524,생명공학전공,COE1012,실용공학연구3,2014/1 ~ 2018/2,생명공학전공,ok
H0002256,H0002524,생명공학전공,COE1013,실용공학연구4,2014/1 ~ 2018/2,생명공학전공,ok
H0002256,H0002524,생명공학전공,COE3051,공업수학1,2012/1 ~ 2016/2,생명공학전공,ok
H0002256,H0002524,생명공학전공,COE3052,공업수학2,2012/1 ~ 2016/2,생명공학전공,ok
H0002256,H0002524,생명공학전공,CPE1002,생리학,2013/1 ~ 2017/2,생명공학전공,ok
H0002256,H0002524,생명공학전공,CTE4018,생체재료공학,2014/1 ~ 2018/2,생명공학전공,ok
H0002256,H0002524,생명공학전공,CUL3013,일반생물학및실험1,2012/1 ~ 2016/2,생명공학전공,ok
H0002256,H0002524,생명공학전공,CUL3014,일반생물학및실험2,2012/1 ~ 2016/2,생명공학전공,ok
H0002256,H0002524,생명공학전공,DBC2001,생화학1,2012/1 ~ 2016/2,생명공학전공,ok
H0002256,H0002524,생명공학전공,DBC2002,생화학2,2012/1 ~ 2016/2,생명공학전공,ok
H0002256,H0002524,생명공학전공,DBC3018,미생물학,2013/1 ~ 2017/2,생명공학전공,ok
H0002256,H0002524,생명공학전공,DBC4023,생물정보학,2014/1 ~ 2018/2,생명공학전공,ok
H0002256,H0002524,생명공학전공,GEN3058,공업경제학,2012/1 ~ 2016/2,생명공학전공,ok
H0002256,H0002524,생명공학전공,GEN5026,테크노경영학(스타트업종합설계),2013/1 ~ 2017/2,생명공학전공,ok
H0002256,H0002524,생명공학전공,GEN5100,커리어개발Ⅱ:취.창업진로포트폴리오,2015/1 ~ 2017/2,생명공학전공,ok
H0002256,H0002524,생명공학전공,GEN6032,전문학술영어,2012/1 ~ 2016/2,생명공학전공,ok
H0002256,H0002524,생명공학전공,GEN6094,전공현장실습1,2014/1 ~ 2016/2,생명공학전공,ok
H0002256,H0002524,생명공학전공,GEN6095,전공현장실습2,2013/1 ~ 2016/2,생명공학전공,ok
H0002256,H0002524,생명공학전공,ICH2001,공업유기화학1,2012/1 ~ 2016/2,생명공학전공,ok
H0002256,H0002524,생명공학전공,ICH2002,공업유기화학2,2012/1 ~ 2016/2,생명공학전공,ok
H0002256,H0002524,생명공학전공,MAT2017,확률통계론,2012/1 ~ 2016/2,생명공학전공,ok
H0002256,H0002524,생명공학전공,SYH0002,사랑의실천2(스마트커뮤니케이션),2012/1 ~ 2016/2,생명공학전공,not_found
H0002256,H0002524,생명공학전공,SYH0003,사랑의실천3(기업가정신),2013/1 ~ 2017/2,생명공학전공,not_found
H0002256,H0002524,생명공학전공,SYH0004,사랑의실천4(미래실용인재),2014/1 ~ 2018/2,생명공학전공,ok
H0002256,H0003563,생명과학과,BIO1001,일반화학기초,2024/1 ~ 2025/1,생명과학과,ok
H0002256,H0003563,생명과학과,BIO1070,기초생명과학1,2025/1 ~ 2025/1,생명과학과,not_found
H0002256,H0003563,생명과학과,BIO1071,기초생명과학2,2025/1 ~ 2025/1,생명과학과,not_found
H0002256,H0003563,생명과학과,BIO2016,세포생물학1,2014/1 ~ 2028/2,생명과학과,ok
H0002256,H0003563,생명과학과,BIO2017,세포생물학2,2014/1 ~ 2028/2,생명과학과,ok
H0002256,H0003563,생명과학과,BIO2025,세포생물학실험,2014/1 ~ 2020/2,생명과학과,ok
H0002256,H0003563,생명과학과,BIO2030,미생물학1,2014/1 ~ 2028/2,생명과학과,ok
H0002256,H0003563,생명과학과,BIO2031,미생물학2,2014/1 ~ 2028/2,생명과학과,ok
H0002256,H0003563,생명과학과,BIO2037,유전학및실험,2018/1 ~ 2021/2,생명과학과,ok
H0002256,H0003563,생명과학과,BIO2040,동물의다양성,2014/1 ~ 2028/2,생명과학과,ok
H0002256,H0003563,생명과학과,BIO2043,신경생물학,2015/1 ~ 2025/2,생명과학과,ok
H0002256,H0003563,생명과학과,BIO2062,생태학1,2021/1 ~ 2028/2,생명과학과,ok
H0002256,H0003563,생명과학과,BIO2063,동물의다양성실험,2014/1 ~ 2016/2,생명과학과,ok
H0002256,H0003563,생명과학과,BIO2068,생물유기화학,2014/1 ~ 2028/2,생명과학과,ok
H0002256,H0003563,생명과학과,BIO3001,생태학및실험,2014/1 ~ 2016/2,생명과학과,ok
H0002256,H0003563,생명과학과,BIO3006,일반유전학및실험,2015/1 ~ 2017/2,생명과학과,ok
H0002256,H0003563,생명과학과,BIO3013,생태학,2017/1 ~ 2020/2,생명과학과,ok
H0002256,H0003563,생명과학과,BIO3022,유전학1,2021/1 ~ 2028/2,생명과학과,ok
H0002256,H0003563,생명과학과,BIO3023,유전학2,2022/1 ~ 2028/2,생명과학과,ok
H0002256,H0003563,생명과학과,BIO3039,분자생물학1,2021/1 ~ 2029/2,생명과학과,ok
H0002256,H0003563,생명과학과,BIO3040,분자생물학2,2021/1 ~ 2029/2,생명과학과,ok
H0002256,H0003563,생명과학과,BIO3042,동물생리학1,2015/1 ~ 2028/2,생명과학과,ok
H0002256,H0003563,생명과학과,BIO3044,동물생리학2,2015/1 ~ 2029/2,생명과학과,ok
H0002256,H0003563,생명과학과,BIO3046,수서생태학,2018/1 ~ 2021/2,생명과학과,ok
H0002256,H0003563,생명과학과,BIO3059,분자유전학,2015/1 ~ 2021/2,생명과학과,ok
H0002256,H0003563,생명과학과,BIO3074,발생학1,2015/1 ~ 2029/2,생명과학과,ok
H0002256,H0003563,생명과학과,BIO3076,발생학실험1,2015/1 ~ 2017/2,생명과학과,ok
H0002256,H0003563,생명과학과,BIO3077,생태학2,2022/1 ~ 2029/2,생명과학과,ok
H0002256,H0003563,생명과학과,BIO3078,동물생리학실험,2015/1 ~ 2017/2,생명과학과,ok
H0002256,H0003563,생명과학과,BIO3087,최신생태과학기술세미나,2016/1 ~ 2018/2,생명과학과,ok
H0002256,H0003563,생명과학과,BIO3093,발생학2,2015/1 ~ 2029/2,생명과학과,ok
H0002256,H0003563,생명과학과,BIO4001,분자생물학,2014/1 ~ 2020/2,생명과학과,ok
H0002256,H0003563,생명과학과,BIO4004,진화생물학,2016/1 ~ 2030/2,생명과학과,ok
H0002256,H0003563,생명과학과,BIO4005,해양생물학,2015/1 ~ 2030/2,생명과학과,ok
H0002256,H0003563,생명과학과,BIO4009,식물생리학,2018/1 ~ 2029/2,생명과학과,ok
H0002256,H0003563,생명과학과,BIO4021,발생유전학,2016/1 ~ 2026/2,생명과학과,ok
H0002256,H0003563,생명과학과,BIO4034,신경생물학1,2026/1 ~ 2029/2,생명과학과,not_found
H0002256,H0003563,생명과학과,BIO4035,신경생물학2,2027/1 ~ 2030/2,생명과학과,not_found
H0002256,H0003563,생명과학과,BIO4058,사회생물학,2016/1 ~ 2018/2,생명과학과,ok
H0002256,H0003563,생명과학과,BIO4102,후성유전학,2019/2 ~ 2030/2,생명과학과,ok
H0002256,H0003563,생명과학과,BIO4113,분자생화학PBL,2023/1 ~ 2026/2,생명과학과,ok
H0002256,H0003563,생명과학과,CHM1002,일반화학및실험2,2013/1 ~ 2023/2,생명과학과,ok
H0002256,H0003563,생명과학과,CHM1005,일반화학및실험1,2013/1 ~ 2023/2,생명과학과,ok
H0002256,H0003563,생명과학과,CUL0005,말과글,2013/1 ~ 2027/2,생명과학과,ok
H0002256,H0003563,생명과학과,CUL0011,창의적컴퓨팅,2017/1 ~ 2027/2,생명과학과,ok
H0002256,H0003563,생명과학과,CUL0201,상상과학성찰,2025/1 ~ 2027/2,생명과학과,ok
H0002256,H0003563,생명과학과,CUL0203,AI시대쓰기의힘,2025/1 ~ 2027/2,생명과학과,ok
H0002256,H0003563,생명과학과,CUL0205,Technology and AI: Utopia or Dystopia?,2026/1 ~ 2028/2,생명과학과,ok
H0002256,H0003563,생명과학과,CUL0207,미래지능연결,2026/1 ~ 2028/2,생명과학과,ok
H0002256,H0003563,생명과학과,CUL1122,창의적프로그래밍,2023/1 ~ 2028/2,생명과학과,ok
H0002256,H0003563,생명과학과,CUL1138,인공지능과기계학습,2023/1 ~ 2028/2,생명과학과,ok
H0002256,H0003563,생명과학과,CUL3013,일반생물학및실험1,2013/1 ~ 2019/2,생명과학과,ok
H0002256,H0003563,생명과학과,CUL3014,일반생물학및실험2,2013/1 ~ 2019/2,생명과학과,ok
H0002256,H0003563,생명과학과,DBC2001,생화학1,2015/1 ~ 2028/2,생명과학과,ok
H0002256,H0003563,생명과학과,DBC2002,생화학2,2015/1 ~ 2029/2,생명과학과,ok
H0002256,H0003563,생명과학과,DBC4023,생물정보학,2016/1 ~ 2029/2,생명과학과,ok
H0002256,H0003563,생명과학과,DBC4028,시스템생물학,2023/1 ~ 2030/2,생명과학과,ok
H0002256,H0003563,생명과학과,GEN0072,일반화학및실험,2025/2 ~ 2027/2,생명과학과,ok
H0002256,H0003563,생명과학과,GEN0074,일반생물학1,2020/1 ~ 2027/2,생명과학과,ok
H0002256,H0003563,생명과학과,GEN0075,일반생물학2,2020/1 ~ 2027/2,생명과학과,ok
H0002256,H0003563,생명과학과,GEN0076,일반생물학실험1,2020/1 ~ 2027/2,생명과학과,ok
H0002256,H0003563,생명과학과,GEN0077,일반생물학실험2,2020/1 ~ 2027/2,생명과학과,ok
H0002256,H0003563,생명과학과,GEN2052,미분적분학1,2013/1 ~ 2027/2,생명과학과,ok
H0002256,H0003563,생명과학과,GEN2053,미분적분학2,2013/1 ~ 2015/2,생명과학과,ok
H0002256,H0003563,생명과학과,GEN4091,과학기술의철학적이해,2013/1 ~ 2027/2,생명과학과,ok
H0002256,H0003563,생명과학과,GEN5029,커리어개발Ⅰ:취.창업진로로드맵,2013/1 ~ 2027/2,생명과학과,ok
H0002256,H0003563,생명과학과,GEN5100,커리어개발Ⅱ:취.창업진로포트폴리오,2015/1 ~ 2029/2,생명과학과,ok
H0002256,H0003563,생명과학과,GEN6032,전문학술영어,2014/1 ~ 2028/2,생명과학과,ok
H0002256,H0003563,생명과학과,GEN6044,한양사회봉사,2013/1 ~ 2014/2,생명과학과,ok
H0002256,H0003563,생명과학과,GEN6094,전공현장실습1,2015/1 ~ 2016/2,생명과학과,ok
H0002256,H0003563,생명과학과,GEN6095,전공현장실습2,2015/1 ~ 2016/2,생명과학과,ok
H0002256,H0003563,생명과학과,LIF1001,생명과학캡스톤연구실험1,2020/1 ~ 2023/2,생명과학과,ok
H0002256,H0003563,생명과학과,LIF2001,식물학개론,2014/1 ~ 2016/2,생명과학과,ok
H0002256,H0003563,생명과학과,LIF2002,생명과학야외실습,2014/1 ~ 2028/2,생명과학과,ok
H0002256,H0003563,생명과학과,LIF2003,식물생리학실험1,2014/1 ~ 2016/2,생명과학과,ok
H0002256,H0003563,생명과학과,LIF2004,식물생리학1,2014/1 ~ 2016/2,생명과학과,ok
H0002256,H0003563,생명과학과,LIF2005,무척추생물학,2014/1 ~ 2016/2,생명과학과,ok
H0002256,H0003563,생명과학과,LIF2006,미생물학실험,2014/1 ~ 2020/2,생명과학과,ok
H0002256,H0003563,생명과학과,LIF2011,해부조직학,2014/1 ~ 2016/2,생명과학과,ok
H0002256,H0003563,생명과학과,LIF2021,해부조직학실험,2014/1 ~ 2016/2,생명과학과,ok
H0002256,H0003563,생명과학과,LIF2022,분자생명과학실험,2017/1 ~ 2029/2,생명과학과,ok
H0002256,H0003563,생명과학과,LIF2023,생태환경과학실험,2017/1 ~ 2028/2,생명과학과,ok
H0002256,H0003563,생명과학과,LIF2024,식물학,2017/1 ~ 2028/2,생명과학과,ok
H0002256,H0003563,생명과학과,LIF2025,동물의다양성및실험,2017/1 ~ 2025/2,생명과학과,ok
H0002256,H0003563,생명과학과,LIF2026,생명과학연구개론,2018/1 ~ 2027/2,생명과학과,ok
H0002256,H0003563,생명과학과,LIF2027,기초분자생물학,2018/1 ~ 2020/2,생명과학과,ok
H0002256,H0003563,생명과학과,LIF2028,미생물학및세포생물학실험,2021/1 ~ 2025/2,생명과학과,ok
H0002256,H0003563,생명과학과,LIF3001,생명과학야외실습2,2015/1 ~ 2029/2,생명과학과,ok
H0002256,H0003563,생명과학과,LIF3002,현대생물학실험,2015/1 ~ 2017/2,생명과학과,ok
H0002256,H0003563,생명과학과,LIF3003,식물생리학실험2,2015/1 ~ 2017/2,생명과학과,ok
H0002256,H0003563,생명과학과,LIF3004,식물생리학2,2015/1 ~ 2017/2,생명과학과,ok
H0002256,H0003563,생명과학과,LIF3005,생물지리학,2015/1 ~ 2017/2,생명과학과,ok
H0002256,H0003563,생명과학과,LIF3006,수서생태학및실험,2015/1 ~ 2017/2,생명과학과,ok
H0002256,H0003563,생명과학과,LIF3007,나노생명과학,2015/1 ~ 2030/2,생명과학과,ok
H0002256,H0003563,생명과학과,LIF3008,면역학1,2015/1 ~ 2029/2,생명과학과,ok
H0002256,H0003563,생명과학과,LIF3009,식물생명공학,2015/1 ~ 2017/2,생명과학과,ok
H0002256,H0003563,생명과학과,LIF3013,생명과학심화연구캡스톤디자인1,2016/1 ~ 2022/2,생명과학과,ok
H0002256,H0003563,생명과학과,LIF3014,생명과학심화연구캡스톤디자인2,2016/1 ~ 2018/2,생명과학과,ok
H0002256,H0003563,생명과학과,LIF3015,전산생물학,2015/1 ~ 2017/2,생명과학과,ok
H0002256,H0003563,생명과학과,LIF3016,분자신경생물학,2015/1 ~ 2017/2,생명과학과,ok
H0002256,H0003563,생명과학과,LIF3017,생리및발생학실험,2018/1 ~ 2021/2,생명과학과,ok
H0002256,H0003563,생명과학과,LIF3018,생명과학연구실험1,2018/1 ~ 2021/2,생명과학과,ok
H0002256,H0003563,생명과학과,LIF3019,면역학2및실험,2018/1 ~ 2030/2,생명과학과,ok
H0002256,H0003563,생명과학과,LIF3020,식물생리학실험,2019/2 ~ 2021/2,생명과학과,ok
H0002256,H0003563,생명과학과,LIF3021,동식물생리학실험,2022/1 ~ 2029/2,생명과학과,ok
H0002256,H0003563,생명과학과,LIF3022,생명과학캡스톤연구실험2,2022/1 ~ 2025/2,생명과학과,ok
H0002256,H0003563,생명과학과,LIF4001,바이오기술,2016/1 ~ 2030/2,생명과학과,ok
H0002256,H0003563,생명과학과,LIF4002,인체질병학개론,2016/1 ~ 2018/2,생명과학과,ok
H0002256,H0003563,생명과학과,LIF4003,생명과학야외실습3,2016/1 ~ 2030/2,생명과학과,ok
H0002256,H0003563,생명과학과,LIF4004,식물스트레스학,2016/1 ~ 2018/2,생명과학과,not_found
H0002256,H0003563,생명과학과,LIF4011,생명과학세미나1,2016/1 ~ 2030/2,생명과학과,ok
H0002256,H0003563,생명과학과,LIF4012,생명과학세미나2,2016/1 ~ 2030/2,생명과학과,ok
H0002256,H0003563,생명과학과,LIF4013,식물기능유전체학,2016/1 ~ 2030/2,생명과학과,ok
H0002256,H0003563,생명과학과,LIF4014,면역학2,2016/1 ~ 2021/2,생명과학과,ok
H0002256,H0003563,생명과학과,LIF4015,시스템생물정보학,2019/1 ~ 2022/2,생명과학과,ok
H0002256,H0003563,생명과학과,LIF4016,조류생물학,2019/1 ~ 2022/2,생명과학과,ok
H0002256,H0003563,생명과학과,LIF4017,생명과학연구실험2,2019/1 ~ 2021/2,생명과학과,ok
H0002256,H0003563,생명과학과,LIF4018,캡스톤논문연구1,2019/1 ~ 2019/2,생명과학과,ok
H0002256,H0003563,생명과학과,LIF4019,단백질구조생물학,2019/2 ~ 2022/2,생명과학과,ok
H0002256,H0003563,생명과학과,PBL4014,생명과학캡스톤PBL,2019/2 ~ 2030/2,생명과학과,ok
H0002256,H0003563,생명과학과,SYH0001,사랑의실천1(한양나눔),2013/1 ~ 2027/2,생명과학과,ok
H0002256,H0003563,생명과학과,SYH0002,사랑의실천2(스마트커뮤니케이션),2014/1 ~ 2028/2,생명과학과,not_found
H0002256,H0003563,생명과학과,SYH0003,사랑의실천3(기업가정신),2015/1 ~ 2029/2,생명과학과,not_found
H0002256,H0003563,생명과학과,SYH0004,사랑의실천4(미래실용인재),2016/1 ~ 2030/2,생명과학과,ok
H0002256,H0003563,생명과학과,TEA3032,생물논리및논술,2015/1 ~ 2015/1,생명과학과,ok
H0002256,H0003563,생명과학과,TEA3045,과학논리및논술,2015/2 ~ 2025/2,생명과학과,ok
H0002256,H0003563,생명과학과,TEA5012,생물교과교육론,2015/1 ~ 2015/1,생명과학과,ok
H0002256,H0003563,생명과학과,TEA5021,과학교과교육론,2015/2 ~ 2025/2,생명과학과,ok
H0002256,H0003563,생명과학과,TEA6022,과학교과교재연구및지도,2016/1 ~ 2026/2,생명과학과,ok
H0002256,H0002567,생체공학전공,BIO2079,바이오분자공학,2021/1 ~ 2022/1,생체공학전공(학부/서울),ok
H0002256,H0002567,생체공학전공,BIO3035,세포분자생물학,2011/1 ~ 2020/2,생체공학전공(학부/서울),ok
H0002256,H0002567,생체공학전공,BIO3081,생체소재공학,2011/1 ~ 2023/2,생체공학전공(학부/서울),ok
H0002256,H0002567,생체공학전공,BIO3084,생체모방공학,2011/1 ~ 2025/2,생체공학전공(학부/서울),ok
H0002256,H0002567,생체공학전공,BIO4061,창의적생체공학연구1,2012/1 ~ 2018/2,생체공학전공(학부/서울),ok
H0002256,H0002567,생체공학전공,BIO4062,창의적생체공학연구2,2012/1 ~ 2018/2,생체공학전공(학부/서울),ok
H0002256,H0002567,생체공학전공,BIO4063,바이오센서,2012/1 ~ 2026/2,생체공학전공(학부/서울),ok
H0002256,H0002567,생체공학전공,BIO4064,고급생체영상처리,2012/1 ~ 2019/2,생체공학전공(학부/서울),ok
H0002256,H0002567,생체공학전공,BIO4065,바이오메디컬공학특강1,2012/1 ~ 2026/2,생체공학전공(학부/서울),ok
H0002256,H0002567,생체공학전공,BIO4066,나노바이오공학,2012/1 ~ 2026/2,생체공학전공(학부/서울),ok
H0002256,H0002567,생체공학전공,BIO4067,바이오메디컬공학특강2,2012/1 ~ 2024/2,생체공학전공(학부/서울),ok
H0002256,H0002567,생체공학전공,BIO4068,생체에너지공학,2012/1 ~ 2022/2,생체공학전공(학부/서울),ok
H0002256,H0002567,생체공학전공,BNG1001,바이오메디컬공학개론,2022/1 ~ 2023/2,생체공학전공(학부/서울),ok
H0002256,H0002567,생체공학전공,BNG2001,생체신호및시스템,2010/1 ~ 2022/1,생체공학전공(학부/서울),ok
H0002256,H0002567,생체공학전공,BNG2002,생체신호처리,2011/1 ~ 2022/2,생체공학전공(학부/서울),ok
H0002256,H0002567,생체공학전공,BNG2003,기초비교생물학,2010/1 ~ 2020/2,생체공학전공(학부/서울),ok
H0002256,H0002567,생체공학전공,BNG2004,생체구조및기능1,2010/1 ~ 2022/2,생체공학전공(학부/서울),ok
H0002256,H0002567,생체공학전공,BNG2005,생체구조및기능2,2010/1 ~ 2025/2,생체공학전공(학부/서울),ok
H0002256,H0002567,생체공학전공,BNG2007,바이오메디컬프로그래밍,2010/1 ~ 2022/1,생체공학전공(학부/서울),ok
H0002256,H0002567,생체공학전공,BNG2008,바이오메디컬회로이론,2014/1 ~ 2022/1,생체공학전공(학부/서울),ok
H0002256,H0002567,생체공학전공,BNG2009,생체전자및실습,2014/1 ~ 2022/2,생체공학전공(학부/서울),ok
H0002256,H0002567,생체공학전공,BNG2010,생체해석프로그래밍,2014/1 ~ 2016/2,생체공학전공(학부/서울),ok
H0002256,H0002567,생체공학전공,BNG3005,기초신경과학,2012/1 ~ 2023/2,생체공학전공(학부/서울),ok
H0002256,H0002567,생체공학전공,BNG3009,생체영상처리,2011/1 ~ 2023/2,생체공학전공(학부/서울),ok
H0002256,H0002567,생체공학전공,BNG3011,디지털헬스케어,2012/1 ~ 2024/2,생체공학전공(학부/서울),ok
H0002256,H0002567,생체공학전공,BNG3013,생체시스템모델링,2012/1 ~ 2024/2,생체공학전공(학부/서울),ok
H0002256,H0002567,생체공학전공,BNG3014,생체신호계측및실습,2011/1 ~ 2025/2,생체공학전공(학부/서울),ok
H0002256,H0002567,생체공학전공,BNG3018,생체디지털공학,2015/1 ~ 2025/2,생체공학전공(학부/서울),ok
H0002256,H0002567,생체공학전공,BNG3019,생체의광학,2015/1 ~ 2018/2,생체공학전공(학부/서울),ok
H0002256,H0002567,생체공학전공,BNG3020,생체공학연구실현장실습1,2018/2 ~ 2025/2,생체공학전공(학부/서울),ok
H0002256,H0002567,생체공학전공,BNG3021,생체공학연구실현장실습2,2018/2 ~ 2023/2,생체공학전공(학부/서울),ok
H0002256,H0002567,생체공학전공,BNG3022,생체공학연구실현장실습3,2019/1 ~ 2026/2,생체공학전공(학부/서울),ok
H0002256,H0002567,생체공학전공,BNG3023,생체공학연구실현장실습4,2018/2 ~ 2024/2,생체공학전공(학부/서울),ok
H0002256,H0002567,생체공학전공,BNG3024,고주파의료공학,2019/1 ~ 2023/2,생체공학전공(학부/서울),ok
H0002256,H0002567,생체공학전공,BNG3025,바이오포토닉스,2022/1 ~ 2025/2,생체공학전공(학부/서울),ok
H0002256,H0002567,생체공학전공,BNG4004,생체시스템설계프로젝트,2011/1 ~ 2023/2,생체공학전공(학부/서울),ok
H0002256,H0002567,생체공학전공,BNG4012,생체전자기학,2012/1 ~ 2026/2,생체공학전공(학부/서울),ok
H0002256,H0002567,생체공학전공,BNG4013,의학영상기기,2012/1 ~ 2025/2,생체공학전공(학부/서울),ok
H0002256,H0002567,생체공학전공,BNG4015,의료기기실무,2012/1 ~ 2018/2,생체공학전공(학부/서울),ok
H0002256,H0002567,생체공학전공,BNG4016,의광학시스템,2012/1 ~ 2021/1,생체공학전공(학부/서울),ok
H0002256,H0002567,생체공학전공,BNG4019,바이오메디컬종합설계1,2013/1 ~ 2026/2,생체공학전공(학부/서울),ok
H0002256,H0002567,생체공학전공,BNG4020,바이오메디컬종합설계2,2013/1 ~ 2024/2,생체공학전공(학부/서울),ok
H0002256,H0002567,생체공학전공,BNG4021,AI생체정보패턴인식,2019/1 ~ 2026/2,생체공학전공(학부/서울),ok
H0002256,H0002567,생체공학전공,BNG4022,의료기기,2018/2 ~ 2024/2,생체공학전공(학부/서울),ok
H0002256,H0002567,생체공학전공,BNG4023,생체아날로그회로,2023/1 ~ 2026/2,생체공학전공(학부/서울),ok
H0002256,H0002567,생체공학전공,CHM4006,생화학,2011/1 ~ 2017/2,생체공학전공(학부/서울),ok
H0002256,H0002567,생체공학전공,COE2022,공학입문설계,2022/1 ~ 2023/2,생체공학전공(학부/서울),ok
H0002256,H0002567,생체공학전공,COE3051,공업수학1,2010/1 ~ 2022/1,생체공학전공(학부/서울),ok
H0002256,H0002567,생체공학전공,COE3052,공업수학2,2010/1 ~ 2022/2,생체공학전공(학부/서울),ok
H0002256,H0002567,생체공학전공,CUL0005,말과글,2022/1 ~ 2023/2,생체공학전공(학부/서울),ok
H0002256,H0002567,생체공학전공,CUL3011,일반물리학및실험1,2022/1 ~ 2023/2,생체공학전공(학부/서울),ok
H0002256,H0002567,생체공학전공,CUL3012,일반물리학및실험2,2022/1 ~ 2023/2,생체공학전공(학부/서울),ok
H0002256,H0002567,생체공학전공,GEN0072,일반화학및실험,2022/1 ~ 2023/2,생체공학전공(학부/서울),ok
H0002256,H0002567,생체공학전공,GEN1031,공학도를위한창의적컴퓨팅,2022/1 ~ 2023/2,생체공학전공(학부/서울),ok
H0002256,H0002567,생체공학전공,GEN2052,미분적분학1,2022/1 ~ 2023/2,생체공학전공(학부/서울),ok
H0002256,H0002567,생체공학전공,GEN2053,미분적분학2,2022/1 ~ 2023/2,생체공학전공(학부/서울),ok
H0002256,H0002567,생체공학전공,GEN4091,과학기술의철학적이해,2022/1 ~ 2023/2,생체공학전공(학부/서울),ok
H0002256,H0002567,생체공학전공,GEN5026,테크노경영학(스타트업종합설계),2011/1 ~ 2023/2,생체공학전공(학부/서울),ok
H0002256,H0002567,생체공학전공,GEN5029,커리어개발Ⅰ:취.창업진로로드맵,2022/1 ~ 2023/2,생체공학전공(학부/서울),ok
H0002256,H0002567,생체공학전공,GEN5100,커리어개발Ⅱ:취.창업진로포트폴리오,2015/1 ~ 2023/2,생체공학전공(학부/서울),ok
H0002256,H0002567,생체공학전공,GEN6032,전문학술영어,2010/1 ~ 2022/1,생체공학전공(학부/서울),ok
H0002256,H0002567,생체공학전공,GEN6094,전공현장실습1,2014/1 ~ 2016/2,생체공학전공(학부/서울),ok
H0002256,H0002567,생체공학전공,GEN6095,전공현장실습2,2013/1 ~ 2016/2,생체공학전공(학부/서울),ok
H0002256,H0002567,생체공학전공,MAT2003,선형대수,2011/1 ~ 2017/2,생체공학전공(학부/서울),ok
H0002256,H0002567,생체공학전공,MAT2017,확률통계론,2010/1 ~ 2025/2,생체공학전공(학부/서울),ok
H0002256,H0002567,생체공학전공,MAT3008,수치해석,2017/1 ~ 2022/2,생체공학전공(학부/서울),ok
H0002256,H0002567,생체공학전공,SYH0001,사랑의실천1(한양나눔),2022/1 ~ 2023/2,생체공학전공(학부/서울),ok
H0002256,H0002567,생체공학전공,SYH0002,사랑의실천2(스마트커뮤니케이션),2010/1 ~ 2022/2,생체공학전공(학부/서울),not_found
H0002256,H0002567,생체공학전공,SYH0003,사랑의실천3(기업가정신),2011/1 ~ 2023/2,생체공학전공(학부/서울),not_found
H0002256,H0002567,생체공학전공,SYH0004,사랑의실천4(미래실용인재),2012/1 ~ 2026/2,생체공학전공(학부/서울),ok
H0002256,H0002256,서울 대학,AIX0001,인공지능과학자-딥러닝,2018/2 ~ 2027/2,대학(학부/서울),ok
H0002256,H0002256,서울 대학,AIX0002,AI+X:인공지능,2019/2 ~ 2027/2,대학(학부/서울),ok
H0002256,H0002256,서울 대학,AIX0003,AI+X:딥러닝,2019/2 ~ 2027/2,대학(학부/서울),ok
H0002256,H0002256,서울 대학,AIX0004,AI+X:R-Py컴퓨팅,2019/2 ~ 2027/2,대학(학부/서울),ok
H0002256,H0002256,서울 대학,AIX0005,AI+X:머신러닝,2019/2 ~ 2027/2,대학(학부/서울),ok
H0002256,H0002256,서울 대학,AIX0006,AI와법,2020/2 ~ 2027/2,대학(학부/서울),ok
H0002256,H0002256,서울 대학,AIX0007,인공지능의철학,2020/2 ~ 2027/2,대학(학부/서울),ok
H0002256,H0002256,서울 대학,AIX0008,AI+X:데이터사이언티스트,2020/2 ~ 2026/1,대학(학부/서울),ok
H0002256,H0002256,서울 대학,AIX0009,AI와암호화폐이야기,2022/1 ~ 2025/2,대학(학부/서울),ok
H0002256,H0002256,서울 대학,APS1005,대학수학2,2016/2 ~ 2016/2,대학(학부/서울),ok
H0002256,H0002256,서울 대학,ARD2001,주거론,1993/1 ~ 2002/2,대학(학부/서울),ok
H0002256,H0002256,서울 대학,ATC0001,HCI와아트테크놀로지디자인씽킹,2017/2 ~ 2020/2,대학(학부/서울),ok
H0002256,H0002256,서울 대학,ATC0002,사운드스케이프캡스톤디자인,2017/2 ~ 2027/2,대학(학부/서울),ok
H0002256,H0002256,서울 대학,ATC0003,아트테크놀로지PBL캡스톤디자인,2017/2 ~ 2020/2,대학(학부/서울),ok
H0002256,H0002256,서울 대학,ATC0004,아트앤테크놀로지그래픽스,2017/2 ~ 2027/2,대학(학부/서울),ok
H0002256,H0002256,서울 대학,ATC0005,가상/증강현실캡스톤디자인,2017/2 ~ 2027/2,대학(학부/서울),ok
H0002256,H0002256,서울 대학,ATC0006,아트테크놀로지비주얼컴퓨팅,2017/2 ~ 2027/2,대학(학부/서울),ok
H0002256,H0002256,서울 대학,ATC0007,아트테크놀로지사운드컴퓨팅,2018/1 ~ 2027/2,대학(학부/서울),ok
H0002256,H0002256,서울 대학,ATC0008,아두이노아트캡스톤디자인,2018/1 ~ 2020/2,대학(학부/서울),not_found
H0002256,H0002256,서울 대학,ATC0009,과학적일러스트레이션디자인,2018/1 ~ 2020/2,대학(학부/서울),ok
H0002256,H0002256,서울 대학,BIO3038,생물공학,1993/1 ~ 1996/2,대학(학부/서울),ok
H0002256,H0002256,서울 대학,BUS1013,금융시장의이해,2012/1 ~ 2017/1,대학(학부/서울),ok
H0002256,H0002256,서울 대학,BUS2055,경영정보시스템,1998/1 ~ 2004/2,대학(학부/서울),not_found
H0002256,H0002256,서울 대학,BUS4005,경영정보시스템,2000/1 ~ 2019/2,대학(학부/서울),ok
H0002256,H0002256,서울 대학,CHE1018,기초생물학,2009/1 ~ 2027/2,대학(학부/서울),ok
H0002256,H0002256,서울 대학,CHE3007,환경화학,1993/1 ~ 2002/2,대학(학부/서울),ok
H0002256,H0002256,서울 대학,CHM1002,일반화학및실험2,2007/1 ~ 2027/2,대학(학부/서울),ok
H0002256,H0002256,서울 대학,CHM1005,일반화학및실험1,2007/1 ~ 2027/2,대학(학부/서울),ok
H0002256,H0002256,서울 대학,CHM2001,물리화학1,1993/1 ~ 1996/2,대학(학부/서울),ok
H0002256,H0002256,서울 대학,CHM2002,물리화학2,1993/1 ~ 1996/2,대학(학부/서울),ok
H0002256,H0002256,서울 대학,CHM2003,유기화학1,1993/1 ~ 1996/2,대학(학부/서울),ok
H0002256,H0002256,서울 대학,CHM2004,유기화학2,1993/1 ~ 1996/2,대학(학부/서울),ok
H0002256,H0002256,서울 대학,CHM2013,유기화학실험1,1993/1 ~ 1996/2,대학(학부/서울),ok
H0002256,H0002256,서울 대학,CHM2014,유기화학실험2,1993/1 ~ 1996/2,대학(학부/서울),ok
H0002256,H0002256,서울 대학,CLS1001,인문클래식:마음의이해,2015/1 ~ 2026/1,대학(학부/서울),ok
H0002256,H0002256,서울 대학,CLS1002,인문클래식:인간과가족,2015/1 ~ 2027/2,대학(학부/서울),ok
H0002256,H0002256,서울 대학,CLS1003,사회클래식:국가발전의원리,2015/1 ~ 2025/2,대학(학부/서울),ok
H0002256,H0002256,서울 대학,CLS1004,과학클래식:과학기술의문화사,2015/1 ~ 2027/2,대학(학부/서울),ok
H0002256,H0002256,서울 대학,CLS1005,"예술클래식:일상과예술,그리고상상력",2015/1 ~ 2027/2,대학(학부/서울),ok
H0002256,H0002256,서울 대학,CLS1006,예술클래식:천재와광기,2015/1 ~ 2027/2,대학(학부/서울),ok
H0002256,H0002256,서울 대학,CLS1007,인문클래식BL:삼국지와인간,2015/1 ~ 2027/2,대학(학부/서울),ok
H0002256,H0002256,서울 대학,CLS1008,인문클래식BL:언어의비밀,2015/1 ~ 2027/2,대학(학부/서울),ok
H0002256,H0002256,서울 대학,CLS1009,사회클래식BL:사랑의역사와문화정치학,2015/1 ~ 2027/2,대학(학부/서울),ok
H0002256,H0002256,서울 대학,CLS1010,사회클래식BL:성과인간의대화,2015/1 ~ 2027/2,대학(학부/서울),ok
H0002256,H0002256,서울 대학,CLS1011,예술클래식BL:신화로읽는동화,2015/1 ~ 2027/2,대학(학부/서울),ok
H0002256,H0002256,서울 대학,CLS1012,예술클래식BL:대중예술속그리스신화,2015/1 ~ 2021/2,대학(학부/서울),ok
H0002256,H0002256,서울 대학,CLS1013,인문클래식:독서의기술,2015/1 ~ 2027/2,대학(학부/서울),ok
H0002256,H0002256,서울 대학,CLS1014,사회클래식:미디어와인간의확장,2015/1 ~ 2027/2,대학(학부/서울),ok
H0002256,H0002256,서울 대학,CLS1015,사회클래식:자서전의힘,2015/1 ~ 2027/2,대학(학부/서울),ok
H0002256,H0002256,서울 대학,CLS1016,과학클래식:화학의변명,2015/1 ~ 2027/2,대학(학부/서울),ok
H0002256,H0002256,서울 대학,CLS1017,과학클래식:과학과종교,2015/1 ~ 2027/2,대학(학부/서울),ok
H0002256,H0002256,서울 대학,CLS1018,예술클래식:건축과미술,2015/1 ~ 2025/2,대학(학부/서울),ok
H0002256,H0002256,서울 대학,CLS1019,과학클래식:과학과 상상의 인간,2015/2 ~ 2027/2,대학(학부/서울),ok
H0002256,H0002256,서울 대학,CLS1020,과학클래식:과학에게정의를묻다,2016/1 ~ 2027/2,대학(학부/서울),ok
H0002256,H0002256,서울 대학,CLS1021,과학클래식:과학의풍경들,2016/1 ~ 2027/2,대학(학부/서울),ok
H0002256,H0002256,서울 대학,CLS1022,과학클래식:생명과문명의융합적세계관을향하여,2017/2 ~ 2027/2,대학(학부/서울),ok
H0002256,H0002256,서울 대학,CLS1023,인문클래식:문학으로읽는음식과인간,2018/1 ~ 2027/2,대학(학부/서울),ok
H0002256,H0002256,서울 대학,CLS1024,사회클래식:상상의낙원유토피아,2018/1 ~ 2027/2,대학(학부/서울),ok
H0002256,H0002256,서울 대학,CLS1025,예술클래식:도시와문학,2018/1 ~ 2027/2,대학(학부/서울),ok
H0002256,H0002256,서울 대학,CMU2031,서양음악사1,1993/1 ~ 1996/2,대학(학부/서울),ok
H0002256,H0002256,서울 대학,CMU2032,서양음악사2,1993/1 ~ 1996/2,대학(학부/서울),ok
H0002256,H0002256,서울 대학,CMU3031,서양음악사3,1993/1 ~ 1996/2,대학(학부/서울),ok
H0002256,H0002256,서울 대학,CMU3032,서양음악사4,1993/1 ~ 1996/2,대학(학부/서울),ok
H0002256,H0002256,서울 대학,COE2003,정역학,1993/1 ~ 1996/2,대학(학부/서울),ok
H0002256,H0002256,서울 대학,COE2004,동역학,1993/1 ~ 1996/2,대학(학부/서울),ok
H0002256,H0002256,서울 대학,COE2022,공학입문설계,2009/1 ~ 2019/2,대학(학부/서울),ok
H0002256,H0002256,서울 대학,COE3003,응용통계학,1993/1 ~ 1996/2,대학(학부/서울),ok
H0002256,H0002256,서울 대학,COE3051,공업수학1,1993/1 ~ 1996/2,대학(학부/서울),ok
H0002256,H0002256,서울 대학,COE3052,공업수학2,1993/1 ~ 1996/2,대학(학부/서울),ok
H0002256,H0002256,서울 대학,COE3053,공업수학3,1993/1 ~ 1996/2,대학(학부/서울),ok
H0002256,H0002256,서울 대학,COP1060,작곡전공실기2,2000/1 ~ 2004/2,대학(학부/서울),ok
H0002256,H0002256,서울 대학,COP2034,작곡전공실기4,2000/1 ~ 2000/2,대학(학부/서울),ok
H0002256,H0002256,서울 대학,CPE1001,해부학,1993/1 ~ 2018/2,대학(학부/서울),ok
H0002256,H0002256,서울 대학,CPE1002,생리학,1993/1 ~ 2004/2,대학(학부/서울),ok
H0002256,H0002256,서울 대학,CSE2011,마이크로프로세서,2000/1 ~ 2000/2,대학(학부/서울),ok
H0002256,H0002256,서울 대학,CSE4006,소프트웨어공학,2000/1 ~ 2004/2,대학(학부/서울),ok
H0002256,H0002256,서울 대학,CSE4020,컴퓨터그래픽스,2000/1 ~ 2004/2,대학(학부/서울),ok
H0002256,H0002256,서울 대학,CUL0005,말과글,2002/1 ~ 2027/2,대학(학부/서울),ok
H0002256,H0002256,서울 대학,CUL0011,창의적컴퓨팅,2016/1 ~ 2027/2,대학(학부/서울),ok
H0002256,H0002256,서울 대학,CUL0021,한문의이해,1997/1 ~ 2027/2,대학(학부/서울),ok
H0002256,H0002256,서울 대학,CUL0025,영어발음의원리와교정,1997/1 ~ 2027/2,대학(학부/서울),ok
H0002256,H0002256,서울 대학,CUL0038,프랑스어회화,1997/1 ~ 2027/2,대학(학부/서울),ok
H0002256,H0002256,서울 대학,CUL0047,영화로보는서양의역사,2001/1 ~ 2027/2,대학(학부/서울),ok
H0002256,H0002256,서울 대학,CUL0051,현대중국의이해,1997/1 ~ 2027/2,대학(학부/서울),ok
H0002256,H0002256,서울 대학,CUL0072,독일문학과영화,1997/1 ~ 2027/2,대학(학부/서울),ok
H0002256,H0002256,서울 대학,CUL0074,텍스트언어학의이해,1997/1 ~ 2004/2,대학(학부/서울),not_found
H0002256,H0002256,서울 대학,CUL0076,프랑스문화관광,1997/1 ~ 2027/2,대학(학부/서울),ok
H0002256,H0002256,서울 대학,CUL0092,"경계의시대,공존을말하다",1997/1 ~ 2027/2,대학(학부/서울),ok
H0002256,H0002256,서울 대학,CUL0093,프로이트와문화비평,2008/1 ~ 2027/2,대학(학부/서울),ok
H0002256,H0002256,서울 대학,CUL0100,필란트로피의이해와실천,2015/2 ~ 2025/2,대학(학부/서울),ok
H0002256,H0002256,서울 대학,CUL0103,과학기술과경제사,2015/2 ~ 2018/2,대학(학부/서울),ok
H0002256,H0002256,서울 대학,CUL0104,자유란무엇인가,2016/1 ~ 2027/2,대학(학부/서울),ok
H0002256,H0002256,서울 대학,CUL0105,지속가능한발전을위한환경의이해,2016/1 ~ 2027/2,대학(학부/서울),ok
H0002256,H0002256,서울 대학,CUL0107,과학기술법의이해,2016/1 ~ 2016/2,대학(학부/서울),ok
H0002256,H0002256,서울 대학,CUL0108,세계를품는공학기술:적정기술,2016/1 ~ 2016/2,대학(학부/서울),ok
H0002256,H0002256,서울 대학,CUL0109,첨단공학기술의세계,2016/1 ~ 2018/2,대학(학부/서울),ok
H0002256,H0002256,서울 대학,CUL0110,에너지와문명,2016/1 ~ 2017/1,대학(학부/서울),not_found
H0002256,H0002256,서울 대학,CUL0111,통일함께만들기,2016/1 ~ 2027/2,대학(학부/서울),ok
H0002256,H0002256,서울 대학,CUL0112,탄소문명과에너지,2016/2 ~ 2017/2,대학(학부/서울),not_found
H0002256,H0002256,서울 대학,CUL0113,과학기술의융합으로서의공학,2016/2 ~ 2017/2,대학(학부/서울),not_found
H0002256,H0002256,서울 대학,CUL0114,박물관으로배우는세계,2016/2 ~ 2019/1,대학(학부/서울),ok
H0002256,H0002256,서울 대학,CUL0115,여성과법,2016/2 ~ 2027/2,대학(학부/서울),ok
H0002256,H0002256,서울 대학,CUL0116,Understanding the new business environment,2016/2 ~ 2027/2,대학(학부/서울),ok
H0002256,H0002256,서울 대학,CUL0117,아트테크놀로지입문,2016/2 ~ 2018/2,대학(학부/서울),ok
H0002256,H0002256,서울 대학,CUL0119,질병의역사,2017/1 ~ 2019/1,대학(학부/서울),ok
H0002256,H0002256,서울 대학,CUL0120,중국비즈니스문화와에티켓,2017/1 ~ 2027/2,대학(학부/서울),ok
H0002256,H0002256,서울 대학,CUL0121,철학과인간가치,2017/1 ~ 2021/2,대학(학부/서울),ok
H0002256,H0002256,서울 대학,CUL0122,인간과생명과학,2017/1 ~ 2027/2,대학(학부/서울),ok
H0002256,H0002256,서울 대학,CUL0123,과학기술혁신시대의디자인이슈,2017/1 ~ 2027/2,대학(학부/서울),ok
H0002256,H0002256,서울 대학,CUL0124,창의혁신리더십론,2017/1 ~ 2020/2,대학(학부/서울),ok
H0002256,H0002256,서울 대학,CUL0125,성공취업의이해,2017/1 ~ 2027/2,대학(학부/서울),ok
H0002256,H0002256,서울 대학,CUL0126,기초법의학,2017/1 ~ 2027/2,대학(학부/서울),ok
H0002256,H0002256,서울 대학,CUL0127,인성리더십,2017/1 ~ 2027/2,대학(학부/서울),ok
H0002256,H0002256,서울 대학,CUL0128,4차산업혁명의이해,2017/1 ~ 2027/2,대학(학부/서울),ok
H0002256,H0002256,서울 대학,CUL0129,기업실무실습형6시그마(종합설계),2017/1 ~ 2027/2,대학(학부/서울),ok
H0002256,H0002256,서울 대학,CUL0130,디지털저널리즘,2018/2 ~ 2027/2,대학(학부/서울),ok
H0002256,H0002256,서울 대학,CUL0131,역사로보는미술이해,2018/2 ~ 2027/2,대학(학부/서울),ok
H0002256,H0002256,서울 대학,CUL0132,트랜스내셔널문학읽기,2018/2 ~ 2019/2,대학(학부/서울),not_found
H0002256,H0002256,서울 대학,CUL0134,중국의도시문화와비즈니스,2018/2 ~ 2027/2,대학(학부/서울),not_found
H0002256,H0002256,서울 대학,CUL0135,글로벌기업가정신,2018/2 ~ 2027/2,대학(학부/서울),ok
H0002256,H0002256,서울 대학,CUL0136,우주시공간과물질,2018/2 ~ 2027/2,대학(학부/서울),ok
H0002256,H0002256,서울 대학,CUL0137,창의성과미래문제해결,2018/2 ~ 2027/2,대학(학부/서울),ok
H0002256,H0002256,서울 대학,CUL0138,다양성시대의한국어교육,2022/1 ~ 2027/2,대학(학부/서울),ok
H0002256,H0002256,서울 대학,CUL0139,법과국제공동체,2022/1 ~ 2027/2,대학(학부/서울),ok
H0002256,H0002256,서울 대학,CUL0140,창업과법,2022/1 ~ 2027/2,대학(학부/서울),ok
H0002256,H0002256,서울 대학,CUL0141,시민생활과세법,2022/1 ~ 2027/2,대학(학부/서울),ok
H0002256,H0002256,서울 대학,CUL0201,상상과학성찰,2025/1 ~ 2027/2,대학(학부/서울),ok
H0002256,H0002256,서울 대학,CUL0202,문화기술인간,2025/1 ~ 2027/2,대학(학부/서울),ok
H0002256,H0002256,서울 대학,CUL0203,AI시대쓰기의힘,2025/1 ~ 2027/2,대학(학부/서울),ok
H0002256,H0002256,서울 대학,CUL0204,통합사고와읽기의기술,2025/1 ~ 2027/2,대학(학부/서울),ok
H0002256,H0002256,서울 대학,CUL0205,Technology and AI: Utopia or Dystopia?,2026/1 ~ 2027/2,대학(학부/서울),ok
H0002256,H0002256,서울 대학,CUL0206,Personal Branding in Digital Markets,2026/1 ~ 2027/2,대학(학부/서울),ok
H0002256,H0002256,서울 대학,CUL0207,미래지능연결,2026/1 ~ 2027/2,대학(학부/서울),ok
H0002256,H0002256,서울 대학,CUL0208,스토리텔링의설계와전략,2026/1 ~ 2027/2,대학(학부/서울),ok
H0002256,H0002256,서울 대학,CUL0209,"Wellness Web: Self, Society, and Beyond",2026/1 ~ 2027/2,대학(학부/서울),ok
H0002256,H0002256,서울 대학,CUL0210,AI와함께하는스마트자기주도학습,2025/2 ~ 2027/2,대학(학부/서울),ok
H0002256,H0002256,서울 대학,CUL0211,AI를위한컴퓨터구조및프로그래밍이해,2025/2 ~ 2027/2,대학(학부/서울),ok
H0002256,H0002256,서울 대학,CUL0212,외국인유학생을위한한국취·창업전략과실습,2025/2 ~ 2027/2,대학(학부/서울),ok
H0002256,H0002256,서울 대학,CUL0213,AI시대디지털보안입문,2026/1 ~ 2027/2,대학(학부/서울),not_found
H0002256,H0002256,서울 대학,CUL0214,사회현상정량적이해·분석·모델링,2026/1 ~ 2027/2,대학(학부/서울),ok
H0002256,H0002256,서울 대학,CUL1000,문학과사랑,1997/1 ~ 2027/2,대학(학부/서울),ok
H0002256,H0002256,서울 대학,CUL1026,대학합창,1997/1 ~ 2027/2,대학(학부/서울),ok
H0002256,H0002256,서울 대학,CUL1027,한국가곡의이해,1997/1 ~ 2015/1,대학(학부/서울),ok
H0002256,H0002256,서울 대학,CUL1029,쉽게듣는서양오페라,1997/1 ~ 2027/2,대학(학부/서울),ok
H0002256,H0002256,서울 대학,CUL1032,현대음악의이해,1997/1 ~ 2027/2,대학(학부/서울),ok
H0002256,H0002256,서울 대학,CUL1041,전통음악감상,1997/1 ~ 2027/2,대학(학부/서울),ok
H0002256,H0002256,서울 대학,CUL1046,삶과무용,1997/1 ~ 2013/2,대학(학부/서울),ok
H0002256,H0002256,서울 대학,CUL1048,시와무용,1997/1 ~ 2002/2,대학(학부/서울),ok
H0002256,H0002256,서울 대학,CUL1056,한국의역사와문화,1997/1 ~ 2027/2,대학(학부/서울),ok
H0002256,H0002256,서울 대학,CUL1073,인간의본성에관한철학적담론,1997/1 ~ 2027/2,대학(학부/서울),ok
H0002256,H0002256,서울 대학,CUL1075,철학명저제대로읽기,1997/1 ~ 2027/2,대학(학부/서울),ok
H0002256,H0002256,서울 대학,CUL1079,불멸의철학자들,1997/1 ~ 2027/2,대학(학부/서울),ok
H0002256,H0002256,서울 대학,CUL1115,Aesthetic Awareness in the Modern World,2015/1 ~ 2027/2,대학(학부/서울),ok
H0002256,H0002256,서울 대학,CUL1116,Animal Ethics,2015/1 ~ 2027/2,대학(학부/서울),ok
H0002256,H0002256,서울 대학,CUL1117,Introduction to Digital Photography,2015/1 ~ 2027/2,대학(학부/서울),ok
H0002256,H0002256,서울 대학,CUL1118,The Language of Global Cuisine,2015/1 ~ 2027/2,대학(학부/서울),ok
H0002256,H0002256,서울 대학,CUL1119,인구변화와미래복지,2015/1 ~ 2027/2,대학(학부/서울),ok
H0002256,H0002256,서울 대학,CUL1120,"빅데이터,사물인터넷,그리고인문학적상상력",2017/2 ~ 2027/2,대학(학부/서울),ok
H0002256,H0002256,서울 대학,CUL1121,사회혁신캡스톤디자인(Plus),2017/2 ~ 2026/1,대학(학부/서울),not_found
H0002256,H0002256,서울 대학,CUL1122,창의적프로그래밍,2017/2 ~ 2027/2,대학(학부/서울),ok
H0002256,H0002256,서울 대학,CUL1123,"기술,공학과경제분석",2017/2 ~ 2027/2,대학(학부/서울),ok
H0002256,H0002256,서울 대학,CUL1124,맞춤형성장멘토링교과목I,2017/2 ~ 2025/2,대학(학부/서울),not_found
H0002256,H0002256,서울 대학,CUL1125,여성공학인재양성을위한소그룹진로멘토링2,2017/2 ~ 2027/2,대학(학부/서울),ok
H0002256,H0002256,서울 대학,CUL1126,여성공학자연계멘토링,2017/2 ~ 2025/2,대학(학부/서울),not_found
H0002256,H0002256,서울 대학,CUL1127,스타트업을위한국제통상이야기,2017/2 ~ 2020/2,대학(학부/서울),ok
H0002256,H0002256,서울 대학,CUL1128,인체용어의이해,2017/2 ~ 2027/2,대학(학부/서울),ok
H0002256,H0002256,서울 대학,CUL1129,자기를찾아가는에니어그램,2017/2 ~ 2027/2,대학(학부/서울),ok
H0002256,H0002256,서울 대학,CUL1130,환경과법,2017/2 ~ 2027/2,대학(학부/서울),ok
H0002256,H0002256,서울 대학,CUL1131,4차산업혁명과비즈니스,2017/2 ~ 2027/2,대학(학부/서울),ok
H0002256,H0002256,서울 대학,CUL1132,여성공학인재양성을위한소그룹진로멘토링1,2018/1 ~ 2027/2,대학(학부/서울),ok
H0002256,H0002256,서울 대학,CUL1133,(여성공학도)기업가정신과창의적사고,2018/1 ~ 2027/2,대학(학부/서울),not_found
H0002256,H0002256,서울 대학,CUL1134,쿼크에서빅뱅까지,2018/1 ~ 2027/2,대학(학부/서울),ok
H0002256,H0002256,서울 대학,CUL1135,4차산업과해양자원,2018/1 ~ 2027/2,대학(학부/서울),ok
H0002256,H0002256,서울 대학,CUL1136,미생물의세계,2018/1 ~ 2027/2,대학(학부/서울),ok
H0002256,H0002256,서울 대학,CUL1137,놀이의재발견,2018/1 ~ 2027/2,대학(학부/서울),ok
H0002256,H0002256,서울 대학,CUL1138,인공지능과기계학습,2018/2 ~ 2027/2,대학(학부/서울),ok
H0002256,H0002256,서울 대학,CUL1139,4차산업혁명핵심기술의이해,2018/2 ~ 2027/2,대학(학부/서울),ok
H0002256,H0002256,서울 대학,CUL1140,블록체인기술과산업응용,2018/2 ~ 2027/2,대학(학부/서울),ok
H0002256,H0002256,서울 대학,CUL1141,창의인성프로젝트,2019/1 ~ 2026/1,대학(학부/서울),ok
H0002256,H0002256,서울 대학,CUL1142,노인에대한이해,2019/1 ~ 2027/2,대학(학부/서울),ok
H0002256,H0002256,서울 대학,CUL1143,치매와문화예술,2019/1 ~ 2021/1,대학(학부/서울),not_found
H0002256,H0002256,서울 대학,CUL1144,미래기업과법,2019/1 ~ 2027/2,대학(학부/서울),ok
H0002256,H0002256,서울 대학,CUL1145,중국의사상과종교,2019/1 ~ 2027/2,대학(학부/서울),ok
H0002256,H0002256,서울 대학,CUL1146,한미관계의정치경제,2019/1 ~ 2027/2,대학(학부/서울),not_found
H0002256,H0002256,서울 대학,CUL1147,사물인터넷시스템(캡스톤디자인),2019/1 ~ 2027/2,대학(학부/서울),not_found
H0002256,H0002256,서울 대학,CUL1148,뉴미디어와공연예술의현재와미래,2019/2 ~ 2027/2,대학(학부/서울),ok
H0002256,H0002256,서울 대학,CUL1149,스토리텔링으로보는춤,2019/2 ~ 2027/2,대학(학부/서울),ok
H0002256,H0002256,서울 대학,CUL1150,헌법의이해,2019/2 ~ 2027/2,대학(학부/서울),ok
H0002256,H0002256,서울 대학,CUL1151,형법의이해,2019/2 ~ 2027/2,대학(학부/서울),ok
H0002256,H0002256,서울 대학,CUL1152,기후변화와임팩트비즈니스,2019/2 ~ 2027/2,대학(학부/서울),ok
H0002256,H0002256,서울 대학,CUL1153,멀티미디어로배우는현대생명과학,2019/2 ~ 2027/2,대학(학부/서울),ok
H0002256,H0002256,서울 대학,CUL1154,인간행동과동기,2019/2 ~ 2027/2,대학(학부/서울),ok
H0002256,H0002256,서울 대학,CUL1155,건강과사회그리고심리학,2019/2 ~ 2027/2,대학(학부/서울),ok
H0002256,H0002256,서울 대학,CUL1156,4차산업혁명과창업,2019/2 ~ 2027/2,대학(학부/서울),ok
H0002256,H0002256,서울 대학,CUL1157,금융인공지능실무,2019/2 ~ 2027/2,대학(학부/서울),ok
H0002256,H0002256,서울 대학,CUL1158,항공업진로의탐색,2020/1 ~ 2027/2,대학(학부/서울),ok
H0002256,H0002256,서울 대학,CUL1159,아시아시장과소비자,2020/1 ~ 2027/2,대학(학부/서울),ok
H0002256,H0002256,서울 대학,CUL1160,Korean Politics and Foreign Policy,2020/1 ~ 2021/2,대학(학부/서울),ok
H0002256,H0002256,서울 대학,CUL1161,SDGs달성을위한CSR과지속가능경영에대한이해,2020/1 ~ 2021/2,대학(학부/서울),not_found
H0002256,H0002256,서울 대학,CUL1162,히든기업분석을통한취업스펙트럼확장하기,2020/1 ~ 2027/2,대학(학부/서울),ok
H0002256,H0002256,서울 대학,CUL1163,IT서비스디자인,2020/1 ~ 2025/2,대학(학부/서울),ok
H0002256,H0002256,서울 대학,CUL1164,4차산업혁명과인공지능:융합적분석과인문학적통찰,2020/1 ~ 2027/2,대학(학부/서울),ok
H0002256,H0002256,서울 대학,CUL1165,버추얼피트니스이노베이션,2020/1 ~ 2027/2,대학(학부/서울),ok
H0002256,H0002256,서울 대학,CUL1166,버추얼피트니스산업디자인,2020/1 ~ 2027/2,대학(학부/서울),ok
H0002256,H0002256,서울 대학,CUL1167,로봇의이해,2020/1 ~ 2027/2,대학(학부/서울),ok
H0002256,H0002256,서울 대학,CUL1168,이공계를위한영어글쓰기,2020/1 ~ 2027/2,대학(학부/서울),ok
H0002256,H0002256,서울 대학,CUL1169,비즈니스글쓰기:설득의방법,2020/1 ~ 2027/2,대학(학부/서울),ok
H0002256,H0002256,서울 대학,CUL1170,고급영어토론:설득의기술,2020/1 ~ 2027/2,대학(학부/서울),ok
H0002256,H0002256,서울 대학,CUL1171,고급영어토론:협상의기술,2020/1 ~ 2027/2,대학(학부/서울),ok
H0002256,H0002256,서울 대학,CUL1172,현장형데이터기반서비스디자인전략,2020/1 ~ 2027/2,대학(학부/서울),ok
H0002256,H0002256,서울 대학,CUL1173,중소벤처경영실무특강,2020/1 ~ 2027/2,대학(학부/서울),ok
H0002256,H0002256,서울 대학,CUL1174,사회혁신을위한미디어의이해,2020/1 ~ 2027/2,대학(학부/서울),ok
H0002256,H0002256,서울 대학,CUL1175,4차산업혁명과미디어리터러시,2020/1 ~ 2027/2,대학(학부/서울),ok
H0002256,H0002256,서울 대학,CUL1176,패션리테일4.0시대옴니채널마케팅,2020/2 ~ 2027/2,대학(학부/서울),ok
H0002256,H0002256,서울 대학,CUL1177,디지털인문학,2020/2 ~ 2027/2,대학(학부/서울),not_found
H0002256,H0002256,서울 대학,CUL1178,IoT데이터마이닝,2020/2 ~ 2027/2,대학(학부/서울),ok
H0002256,H0002256,서울 대학,CUL1179,빅뱅에서인간까지,2021/1 ~ 2027/2,대학(학부/서울),ok
H0002256,H0002256,서울 대학,CUL1180,뉴리터러시,2021/1 ~ 2027/2,대학(학부/서울),ok
H0002256,H0002256,서울 대학,CUL1181,움직임과DesignThinking,2021/1 ~ 2025/1,대학(학부/서울),ok
H0002256,H0002256,서울 대학,CUL1182,디지털플랫폼과경제및사회적이슈,2021/1 ~ 2027/2,대학(학부/서울),ok
H0002256,H0002256,서울 대학,CUL1183,트랜스미디어디자이닝솔루션,2021/1 ~ 2027/2,대학(학부/서울),ok
H0002256,H0002256,서울 대학,CUL1184,AR/VR가상공간인터렉티브콘텐츠개발랩,2021/1 ~ 2027/2,대학(학부/서울),ok
H0002256,H0002256,서울 대학,CUL1185,전기에너지개론,2021/2 ~ 2027/2,대학(학부/서울),ok
H0002256,H0002256,서울 대학,CUL1186,문학과예술이론의아포리아에대한동서양의대화,2021/2 ~ 2027/2,대학(학부/서울),ok
H0002256,H0002256,서울 대학,CUL1187,CEO취업멘토링,2021/2 ~ 2027/2,대학(학부/서울),ok
H0002256,H0002256,서울 대학,CUL1188,몸과마음을읽는헬스케어,2021/2 ~ 2027/2,대학(학부/서울),ok
H0002256,H0002256,서울 대학,CUL1189,Contemporary Korean Studies,2021/2 ~ 2027/2,대학(학부/서울),ok
H0002256,H0002256,서울 대학,CUL1190,4차산업혁명과사회의이해,2021/2 ~ 2027/2,대학(학부/서울),ok
H0002256,H0002256,서울 대학,CUL1191,물리현상과컴퓨터시뮬레이션,2021/2 ~ 2027/2,대학(학부/서울),ok
H0002256,H0002256,서울 대학,CUL1192,OTT드라마스토리텔링,2022/1 ~ 2027/2,대학(학부/서울),ok
H0002256,H0002256,서울 대학,CUL1193,기후변화와종말의상상,2022/2 ~ 2027/2,대학(학부/서울),ok
H0002256,H0002256,서울 대학,CUL1194,지속가능성장과기업의ESG정책,2022/2 ~ 2027/2,대학(학부/서울),ok
H0002256,H0002256,서울 대학,CUL1195,"ESG와사회혁신,커뮤니케이션",2023/1 ~ 2027/2,대학(학부/서울),not_found
H0002256,H0002256,서울 대학,CUL1196,FutureTechLiteracy:꼭알아야할미래기술은무엇인가,2023/1 ~ 2027/2,대학(학부/서울),ok
H0002256,H0002256,서울 대학,CUL1197,뇌과학으로알아보는나의정신과마음,2023/1 ~ 2027/2,대학(학부/서울),ok
H0002256,H0002256,서울 대학,CUL1198,인공지능기술기반에너지관리시스템의이해,2023/1 ~ 2027/2,대학(학부/서울),ok
H0002256,H0002256,서울 대학,CUL1199,미국의문화와사회,2023/2 ~ 2027/2,대학(학부/서울),ok
H0002256,H0002256,서울 대학,CUL1200,20세기일본과21세기중국,2023/2 ~ 2027/2,대학(학부/서울),ok
H0002256,H0002256,서울 대학,CUL1201,의사소통과이미지메이킹론,2023/2 ~ 2027/2,대학(학부/서울),ok
H0002256,H0002256,서울 대학,CUL1202,뉴스포츠,2023/2 ~ 2027/2,대학(학부/서울),ok
H0002256,H0002256,서울 대학,CUL1203,효과적인영어어휘학습전략,2023/2 ~ 2027/2,대학(학부/서울),ok
H0002256,H0002256,서울 대학,CUL1204,학문적영어읽기:이해와해석,2023/2 ~ 2027/2,대학(학부/서울),ok
H0002256,H0002256,서울 대학,CUL1205,Art&Brain:뇌과학으로예술이해하기,2023/2 ~ 2027/2,대학(학부/서울),ok
H0002256,H0002256,서울 대학,CUL1206,기후환경에따른환경문제와융복합처리기술,2023/2 ~ 2027/2,대학(학부/서울),not_found
H0002256,H0002256,서울 대학,CUL1207,반도체의물리와화학,2023/2 ~ 2027/2,대학(학부/서울),not_found
H0002256,H0002256,서울 대학,CUL1208,기술시장데이터분석,2023/2 ~ 2026/1,대학(학부/서울),ok
H0002256,H0002256,서울 대학,CUL1209,기술전략과R&D기획,2023/2 ~ 2026/1,대학(학부/서울),ok
H0002256,H0002256,서울 대학,CUL1210,소통과갈등의이해,2024/1 ~ 2027/2,대학(학부/서울),ok
H0002256,H0002256,서울 대학,CUL1211,우리말어원의세계,2024/1 ~ 2027/2,대학(학부/서울),ok
H0002256,H0002256,서울 대학,CUL1212,MBTI유형에따른대화전략,2024/1 ~ 2027/2,대학(학부/서울),ok
H0002256,H0002256,서울 대학,CUL1213,직장인을위한프레젠테이션,2024/1 ~ 2027/2,대학(학부/서울),ok
H0002256,H0002256,서울 대학,CUL1214,스마트장치의이해,2024/1 ~ 2027/2,대학(학부/서울),ok
H0002256,H0002256,서울 대학,CUL1215,21세기뮤지컬과미래예술,2024/1 ~ 2027/2,대학(학부/서울),ok
H0002256,H0002256,서울 대학,CUL1216,호신술과자기방어,2024/1 ~ 2027/2,대학(학부/서울),ok
H0002256,H0002256,서울 대학,CUL1217,명화속에숨어있는심리학,2024/1 ~ 2027/2,대학(학부/서울),ok
H0002256,H0002256,서울 대학,CUL1218,인간발달담론,2024/1 ~ 2027/2,대학(학부/서울),ok
H0002256,H0002256,서울 대학,CUL1219,ESG의이론과실제,2024/1 ~ 2027/2,대학(학부/서울),ok
H0002256,H0002256,서울 대학,CUL1220,Ethics of Science and Technology,2024/1 ~ 2027/2,대학(학부/서울),ok
H0002256,H0002256,서울 대학,CUL1221,Fact versus Fiction: Media Literacy and Detecting Fake News,2024/1 ~ 2027/2,대학(학부/서울),ok
H0002256,H0002256,서울 대학,CUL1222,Neuromarketing & AI: Unlocking consumerinsights,2024/1 ~ 2027/2,대학(학부/서울),ok
H0002256,H0002256,서울 대학,CUL1223,과학과대중,2024/1 ~ 2027/2,대학(학부/서울),ok
H0002256,H0002256,서울 대학,CUL1224,과학의탈국가화,2024/1 ~ 2027/2,대학(학부/서울),ok
H0002256,H0002256,서울 대학,CUL1225,동양신화와문화콘텐츠스토리텔링,2024/1 ~ 2027/2,대학(학부/서울),ok
H0002256,H0002256,서울 대학,CUL1226,인문학도를위한창의적코딩,2024/1 ~ 2027/2,대학(학부/서울),ok
H0002256,H0002256,서울 대학,CUL1227,디지털교육과ODA,2024/1 ~ 2026/1,대학(학부/서울),ok
H0002256,H0002256,서울 대학,CUL1228,인문학도를위한컴퓨팅의시작,2024/2 ~ 2027/2,대학(학부/서울),ok
H0002256,H0002256,서울 대학,CUL1229,AI혁명:최첨단비즈니스전략마스터하기,2024/2 ~ 2027/2,대학(학부/서울),ok
H0002256,H0002256,서울 대학,CUL1230,교양풋살,2024/2 ~ 2027/2,대학(학부/서울),ok
H0002256,H0002256,서울 대학,CUL1231,데이터와법,2024/2 ~ 2027/2,대학(학부/서울),ok
H0002256,H0002256,서울 대학,CUL1232,"질병과장애,고통의음악학",2025/1 ~ 2027/2,대학(학부/서울),ok
H0002256,H0002256,서울 대학,CUL1233,로봇시대의논쟁,2025/1 ~ 2027/2,대학(학부/서울),ok
H0002256,H0002256,서울 대학,CUL1234,무용미학의언어와감각,2025/1 ~ 2027/2,대학(학부/서울),ok
H0002256,H0002256,서울 대학,CUL1235,아프리카창업아카데미,2025/1 ~ 2027/2,대학(학부/서울),ok
H0002256,H0002256,서울 대학,CUL1236,교양펜싱,2025/1 ~ 2027/2,대학(학부/서울),ok
H0002256,H0002256,서울 대학,CUL1237,인간다운생활과사회보장법,2025/1 ~ 2027/2,대학(학부/서울),ok
H0002256,H0002256,서울 대학,CUL1238,파워앱스를활용한현장프로세스디지털전환,2025/2 ~ 2027/2,대학(학부/서울),ok
H0002256,H0002256,서울 대학,CUL1239,딥러닝과생성형인공지능–딥러닝,2026/2 ~ 2027/2,대학(학부/서울),not_found
H0002256,H0002256,서울 대학,CUL1240,딥러닝과생성형인공지능-생성형인공지능,2026/2 ~ 2027/2,대학(학부/서울),not_found
H0002256,H0002256,서울 대학,CUL1241,모두를위한피지컬AI,2026/2 ~ 2027/2,대학(학부/서울),not_found
H0002256,H0002256,서울 대학,CUL1242,생성형AI와플랫폼을활용한산업문제해결,2026/2 ~ 2027/2,대학(학부/서울),not_found
H0002256,H0002256,서울 대학,CUL1243,현대소비생활과법,2026/2 ~ 2027/2,대학(학부/서울),not_found
H0002256,H0002256,서울 대학,CUL1244,AI시대새로배우는대화법,2026/2 ~ 2027/2,대학(학부/서울),not_found
H0002256,H0002256,서울 대학,CUL1245,인구로읽는미래사회,2026/2 ~ 2027/2,대학(학부/서울),not_found
H0002256,H0002256,서울 대학,CUL1246,고대이집트문명으로의초대,2026/2 ~ 2027/2,대학(학부/서울),not_found
H0002256,H0002256,서울 대학,CUL2000,사회학의이해,1997/1 ~ 2002/2,대학(학부/서울),ok
H0002256,H0002256,서울 대학,CUL2007,정보화사회,1997/1 ~ 2002/2,대학(학부/서울),ok
H0002256,H0002256,서울 대학,CUL2016,관광과지리,1997/1 ~ 2027/2,대학(학부/서울),ok
H0002256,H0002256,서울 대학,CUL2018,교육의이해,1997/1 ~ 2004/2,대학(학부/서울),ok
H0002256,H0002256,서울 대학,CUL2019,심리학의이해,1997/1 ~ 2027/2,대학(학부/서울),ok
H0002256,H0002256,서울 대학,CUL2022,말과현대생활,1997/1 ~ 2027/2,대학(학부/서울),ok
H0002256,H0002256,서울 대학,CUL2024,인간과생활환경,1997/1 ~ 2019/1,대학(학부/서울),ok
H0002256,H0002256,서울 대학,CUL2025,가족문제,1997/1 ~ 2027/2,대학(학부/서울),ok
H0002256,H0002256,서울 대학,CUL2026,패션과스타일커뮤니케이션,1997/1 ~ 2027/2,대학(학부/서울),ok
H0002256,H0002256,서울 대학,CUL2029,정치사상의이해,1997/1 ~ 2016/2,대학(학부/서울),ok
H0002256,H0002256,서울 대학,CUL2040,법과인권,1997/1 ~ 2027/2,대학(학부/서울),ok
H0002256,H0002256,서울 대학,CUL2041,법과의료,1997/1 ~ 2012/2,대학(학부/서울),ok
H0002256,H0002256,서울 대학,CUL2045,기업과경영의이해,1997/1 ~ 2017/2,대학(학부/서울),ok
H0002256,H0002256,서울 대학,CUL2046,기업정보의이해,1997/1 ~ 2017/2,대학(학부/서울),ok
H0002256,H0002256,서울 대학,CUL2053,현실경제의이해,1997/1 ~ 2024/2,대학(학부/서울),ok
H0002256,H0002256,서울 대학,CUL2061,물리현상의원리,1997/1 ~ 2013/2,대학(학부/서울),ok
H0002256,H0002256,서울 대학,CUL2075,지진과생활,1997/1 ~ 2027/2,대학(학부/서울),ok
H0002256,H0002256,서울 대학,CUL2080,피부건강과코디네이션,1997/1 ~ 2015/1,대학(학부/서울),ok
H0002256,H0002256,서울 대학,CUL2081,가족과건강,1997/1 ~ 2015/2,대학(학부/서울),ok
H0002256,H0002256,서울 대학,CUL2082,영양정보,1997/1 ~ 2015/2,대학(학부/서울),ok
H0002256,H0002256,서울 대학,CUL2084,체동학,1997/1 ~ 2027/2,대학(학부/서울),ok
H0002256,H0002256,서울 대학,CUL2090,스키,1997/1 ~ 2000/2,대학(학부/서울),ok
H0002256,H0002256,서울 대학,CUL2099,교양스키1,1997/1 ~ 2019/2,대학(학부/서울),ok
H0002256,H0002256,서울 대학,CUL3002,무용해부학,1997/1 ~ 2002/2,대학(학부/서울),ok
H0002256,H0002256,서울 대학,CUL3005,운동과다이어트,1997/1 ~ 2027/2,대학(학부/서울),ok
H0002256,H0002256,서울 대학,CUL3006,웨이트트레이닝,1997/1 ~ 2012/2,대학(학부/서울),ok
H0002256,H0002256,서울 대학,CUL3011,일반물리학및실험1,2007/1 ~ 2027/2,대학(학부/서울),ok
H0002256,H0002256,서울 대학,CUL3012,일반물리학및실험2,2007/1 ~ 2027/2,대학(학부/서울),ok
H0002256,H0002256,서울 대학,CUL3013,일반생물학및실험1,2009/1 ~ 2015/2,대학(학부/서울),ok
H0002256,H0002256,서울 대학,CUL3014,일반생물학및실험2,2009/1 ~ 2015/2,대학(학부/서울),ok
H0002256,H0002256,서울 대학,CUL3016,교양댄스스포츠,2009/1 ~ 2027/2,대학(학부/서울),ok
H0002256,H0002256,서울 대학,CUL3020,소시오드라마,2000/1 ~ 2015/1,대학(학부/서울),ok
H0002256,H0002256,서울 대학,CUL3034,생활속의의학,1999/1 ~ 2019/1,대학(학부/서울),ok
H0002256,H0002256,서울 대학,CUL3036,스크린영어,1999/1 ~ 2027/2,대학(학부/서울),ok
H0002256,H0002256,서울 대학,CUL3045,창의적시쓰기,1999/1 ~ 2015/2,대학(학부/서울),ok
H0002256,H0002256,서울 대학,CUL3050,음악창작과컴퓨터,1999/1 ~ 2014/2,대학(학부/서울),ok
H0002256,H0002256,서울 대학,CUL3052,교양골프1,1997/1 ~ 2019/2,대학(학부/서울),ok
H0002256,H0002256,서울 대학,CUL3065,독일가곡과시,1999/1 ~ 2027/2,대학(학부/서울),ok
H0002256,H0002256,서울 대학,CUL3084,영.미문화와영화,1999/1 ~ 2027/2,대학(학부/서울),ok
H0002256,H0002256,서울 대학,CUL3098,북한정치론,2000/1 ~ 2014/2,대학(학부/서울),ok
H0002256,H0002256,서울 대학,CUL3100,American Popular Music of the 20th Century : Cultural and Linguistic Significance,2014/2 ~ 2014/2,대학(학부/서울),not_found
H0002256,H0002256,서울 대학,CUL3101,Cultural and Ethnic Diversity In Korea,2014/2 ~ 2027/2,대학(학부/서울),ok
H0002256,H0002256,서울 대학,CUL3102,The Language of Cinema,2014/2 ~ 2027/2,대학(학부/서울),ok
H0002256,H0002256,서울 대학,CUL4000,서양미술의이해,2000/1 ~ 2013/2,대학(학부/서울),ok
H0002256,H0002256,서울 대학,CUL4005,삼국유사풀어읽기,2002/1 ~ 2015/1,대학(학부/서울),ok
H0002256,H0002256,서울 대학,CUL4016,유럽문학속의여성들,2008/1 ~ 2013/2,대학(학부/서울),ok
H0002256,H0002256,서울 대학,CUL4023,중국과남북한,2001/1 ~ 2014/2,대학(학부/서울),ok
H0002256,H0002256,서울 대학,CUL4026,동북아국제관계의이해,2001/1 ~ 2014/2,대학(학부/서울),ok
H0002256,H0002256,서울 대학,CUL4028,교양축구1,2001/1 ~ 2027/2,대학(학부/서울),ok
H0002256,H0002256,서울 대학,CUL4030,교양농구1,2001/1 ~ 2027/2,대학(학부/서울),ok
H0002256,H0002256,서울 대학,CUL4032,교양배구1,2001/1 ~ 2027/2,대학(학부/서울),ok
H0002256,H0002256,서울 대학,CUL4034,교양테니스1,2001/1 ~ 2027/2,대학(학부/서울),ok
H0002256,H0002256,서울 대학,CUL4036,교양탁구1,2001/1 ~ 2027/2,대학(학부/서울),ok
H0002256,H0002256,서울 대학,CUL4077,발달과부모교육,2002/1 ~ 2027/2,대학(학부/서울),ok
H0002256,H0002256,서울 대학,CUL4078,분노와자기관리,2002/1 ~ 2027/2,대학(학부/서울),ok
H0002256,H0002256,서울 대학,CUL4088,중국의역사와문화,2003/1 ~ 2027/2,대학(학부/서울),ok
H0002256,H0002256,서울 대학,CUL4089,중국근현대사,2003/1 ~ 2027/2,대학(학부/서울),ok
H0002256,H0002256,서울 대학,CUL5001,주거학개론,2003/1 ~ 2027/2,대학(학부/서울),ok
H0002256,H0002256,서울 대학,CUL5005,불교사상과인생,2003/1 ~ 2027/2,대학(학부/서울),ok
H0002256,H0002256,서울 대학,CUL5013,요가,2003/1 ~ 2027/2,대학(학부/서울),ok
H0002256,H0002256,서울 대학,CUL5018,라틴아메리카문화와예술,2004/1 ~ 2027/2,대학(학부/서울),ok
H0002256,H0002256,서울 대학,CUL5036,교양배드민턴,2009/1 ~ 2027/2,대학(학부/서울),ok
H0002256,H0002256,서울 대학,CUL5042,필수비즈니스한자,2005/1 ~ 2027/2,대학(학부/서울),ok
H0002256,H0002256,서울 대학,CUL5043,재미있는한자세계,2005/1 ~ 2027/2,대학(학부/서울),ok
H0002256,H0002256,서울 대학,CUL5047,노자와장자의철학이야기,2005/1 ~ 2027/2,대학(학부/서울),ok
H0002256,H0002256,서울 대학,CUL5053,SALT(기업실무능력과리더십),2007/1 ~ 2016/2,대학(학부/서울),ok
H0002256,H0002256,서울 대학,CUL5057,실용일어회화,2005/1 ~ 2027/2,대학(학부/서울),ok
H0002256,H0002256,서울 대학,CUL5064,디자인과생활,2005/1 ~ 2015/2,대학(학부/서울),ok
H0002256,H0002256,서울 대학,CUL5066,고전음악의이해,2005/1 ~ 2027/2,대학(학부/서울),ok
H0002256,H0002256,서울 대학,CUL5067,현대중국의시장과통상,2005/1 ~ 2027/2,대학(학부/서울),ok
H0002256,H0002256,서울 대학,CUL5070,조세법의이해,2006/1 ~ 2013/2,대학(학부/서울),ok
H0002256,H0002256,서울 대학,CUL6003,성인병과운동,2008/1 ~ 2027/2,대학(학부/서울),ok
H0002256,H0002256,서울 대학,CUL6004,직업진로와미래설계,2008/1 ~ 2027/2,대학(학부/서울),ok
H0002256,H0002256,서울 대학,CUL6008,문화인류학으로의여행,2009/1 ~ 2013/2,대학(학부/서울),ok
H0002256,H0002256,서울 대학,CUL6010,파워인재직무역량,2008/1 ~ 2027/2,대학(학부/서울),ok
H0002256,H0002256,서울 대학,CUL6011,글로벌기업직무역량과정,2008/1 ~ 2027/2,대학(학부/서울),ok
H0002256,H0002256,서울 대학,CUL6013,추리와논증,2009/1 ~ 2015/1,대학(학부/서울),ok
H0002256,H0002256,서울 대학,CUL6014,연극치료,2009/1 ~ 2027/2,대학(학부/서울),ok
H0002256,H0002256,서울 대학,CUL6017,외국인을위한한국의역사와문화,2009/1 ~ 2027/2,대학(학부/서울),ok
H0002256,H0002256,서울 대학,CUL6019,고전읽기,2009/1 ~ 2012/2,대학(학부/서울),ok
H0002256,H0002256,서울 대학,CUL6022,표현을통한자기계발,2009/1 ~ 2015/1,대학(학부/서울),ok
H0002256,H0002256,서울 대학,CUL6023,가곡감상과가창,2009/1 ~ 2013/2,대학(학부/서울),ok
H0002256,H0002256,서울 대학,CUL6025,생명공학의이해,2009/1 ~ 2027/2,대학(학부/서울),ok
H0002256,H0002256,서울 대학,CUL6026,생명과학입문,2009/1 ~ 2027/2,대학(학부/서울),ok
H0002256,H0002256,서울 대학,CUL6027,문화예술마케팅,2009/1 ~ 2015/1,대학(학부/서울),ok
H0002256,H0002256,서울 대학,CUL6029,세상을움직이는커뮤니케이션,2009/1 ~ 2015/1,대학(학부/서울),ok
H0002256,H0002256,서울 대학,CUL6031,세상으로걸어간과학기술자들,2009/1 ~ 2027/2,대학(학부/서울),ok
H0002256,H0002256,서울 대학,CUL6034,공학영어프레젠테이션,2009/1 ~ 2027/2,대학(학부/서울),ok
H0002256,H0002256,서울 대학,CUL6037,과학기술학의새로운지평,2009/1 ~ 2027/2,대학(학부/서울),ok
H0002256,H0002256,서울 대학,CUL6042,R&D전략과기술사업화,2009/1 ~ 2015/1,대학(학부/서울),ok
H0002256,H0002256,서울 대학,CUL6045,글로벌CEO의비전과전략,2009/1 ~ 2014/2,대학(학부/서울),ok
H0002256,H0002256,서울 대학,CUL6046,기술경영의이해,2009/1 ~ 2015/1,대학(학부/서울),ok
H0002256,H0002256,서울 대학,CUL6047,현대인의질병과식생활,2009/1 ~ 2015/1,대학(학부/서울),ok
H0002256,H0002256,서울 대학,CUL6048,식생활과안전,2009/1 ~ 2026/1,대학(학부/서울),ok
H0002256,H0002256,서울 대학,CUL6056,교양웨이트트레이닝,2009/1 ~ 2027/2,대학(학부/서울),ok
H0002256,H0002256,서울 대학,CUL6059,언어와논리,2009/1 ~ 2015/1,대학(학부/서울),ok
H0002256,H0002256,서울 대학,CUL6060,여성건강학,2009/1 ~ 2014/2,대학(학부/서울),ok
H0002256,H0002256,서울 대학,CUL6069,CEO세미나(혁신과변화),2011/1 ~ 2027/2,대학(학부/서울),ok
H0002256,H0002256,서울 대학,CUL6070,CEO특강-성공하는CEO의조건,2011/1 ~ 2016/2,대학(학부/서울),ok
H0002256,H0002256,서울 대학,CUL6075,아시아론,2009/1 ~ 2027/2,대학(학부/서울),ok
H0002256,H0002256,서울 대학,CUL6077,상상력을자극하는한자교실,2012/1 ~ 2027/2,대학(학부/서울),ok
H0002256,H0002256,서울 대학,CUL6078,미디어로세상읽기,2012/1 ~ 2027/2,대학(학부/서울),ok
H0002256,H0002256,서울 대학,CUL6079,분석과비판,2012/1 ~ 2027/2,대학(학부/서울),ok
H0002256,H0002256,서울 대학,CUL6080,문화혼융의시읽기,2012/1 ~ 2017/1,대학(학부/서울),ok
H0002256,H0002256,서울 대학,CUL6081,뉴벤처창업워크샵,2012/1 ~ 2014/2,대학(학부/서울),ok
H0002256,H0002256,서울 대학,CUL6082,특허정보를활용한창업전략,2012/1 ~ 2014/2,대학(학부/서울),ok
H0002256,H0002256,서울 대학,CUL6083,인간심리를바탕으로한합리적의사결정,2012/1 ~ 2015/2,대학(학부/서울),ok
H0002256,H0002256,서울 대학,CUL6084,생활속의심리학,2012/1 ~ 2022/1,대학(학부/서울),ok
H0002256,H0002256,서울 대학,CUL6085,패션아이콘으로문화읽기,2012/1 ~ 2025/1,대학(학부/서울),ok
H0002256,H0002256,서울 대학,CUL6086,인간과음악적상상력,2012/1 ~ 2027/2,대학(학부/서울),ok
H0002256,H0002256,서울 대학,CUL6091,고전과사상,2012/1 ~ 2027/2,대학(학부/서울),ok
H0002256,H0002256,서울 대학,CUL6092,20대의논어읽기,2012/1 ~ 2027/2,대학(학부/서울),ok
H0002256,H0002256,서울 대학,CUL6093,고전으로읽는정치,2012/1 ~ 2027/2,대학(학부/서울),ok
H0002256,H0002256,서울 대학,CUL6094,사마천과의대화,2013/1 ~ 2027/2,대학(학부/서울),ok
H0002256,H0002256,서울 대학,CUL6095,영화로읽는영미고전문학,2013/1 ~ 2019/1,대학(학부/서울),ok
H0002256,H0002256,서울 대학,CUL6096,영미고전산책,2013/1 ~ 2027/2,대학(학부/서울),ok
H0002256,H0002256,서울 대학,CUL6097,제왕학으로노자와한비자읽기,2013/1 ~ 2018/2,대학(학부/서울),ok
H0002256,H0002256,서울 대학,CUL6098,생명이란무엇인가?정신과물질,2013/1 ~ 2027/2,대학(학부/서울),ok
H0002256,H0002256,서울 대학,CUL6099,종의기원과진화,2013/1 ~ 2027/2,대학(학부/서울),ok
H0002256,H0002256,서울 대학,CUL6100,Capturing the Essence of Outliers: Exploring the Minds of Innovative Leaders,2015/2 ~ 2027/2,대학(학부/서울),ok
H0002256,H0002256,서울 대학,CUL6101,"Globalisation, Ethics and International Development",2015/2 ~ 2027/2,대학(학부/서울),ok
H0002256,H0002256,서울 대학,CUL6102,Science Fiction and Society,2015/2 ~ 2027/2,대학(학부/서울),ok
H0002256,H0002256,서울 대학,CUL6103,행복의사회학,2015/2 ~ 2017/2,대학(학부/서울),ok
H0002256,H0002256,서울 대학,CUL6104,수사학으로읽는미디어와대중문화,2015/2 ~ 2027/2,대학(학부/서울),ok
H0002256,H0002256,서울 대학,CUL6105,영화로읽는서양정치사상,2015/2 ~ 2019/1,대학(학부/서울),ok
H0002256,H0002256,서울 대학,CUL6106,융합캡스톤디자인과TRIZ-2,2015/2 ~ 2017/1,대학(학부/서울),ok
H0002256,H0002256,서울 대학,CUL6107,영성과음악,2015/2 ~ 2027/2,대학(학부/서울),ok
H0002256,H0002256,서울 대학,CUL6108,기업실무중심의식스시그마,2015/2 ~ 2027/2,대학(학부/서울),ok
H0002256,H0002256,서울 대학,CUL7000,정의란무엇인가?,2013/1 ~ 2027/2,대학(학부/서울),ok
H0002256,H0002256,서울 대학,CUL7001,예술을어떻게읽을것인가?,2013/1 ~ 2027/2,대학(학부/서울),ok
H0002256,H0002256,서울 대학,CUL7002,교양으로읽는삼국지,2013/1 ~ 2014/2,대학(학부/서울),ok
H0002256,H0002256,서울 대학,CUL7003,"희망과진실의서사학,동화읽기",2013/1 ~ 2014/2,대학(학부/서울),ok
H0002256,H0002256,서울 대학,CUL7004,그리스신화와함께읽는고전,2013/1 ~ 2014/2,대학(학부/서울),ok
H0002256,H0002256,서울 대학,CUL7005,사랑의문화정치학,2013/1 ~ 2014/2,대학(학부/서울),ok
H0002256,H0002256,서울 대학,CUL7006,성과인간,2013/1 ~ 2014/2,대학(학부/서울),ok
H0002256,H0002256,서울 대학,CUL7007,언어에매혹된철학,2013/1 ~ 2014/2,대학(학부/서울),ok
H0002256,H0002256,서울 대학,CUL7008,테러리즘의시대읽기,2013/1 ~ 2025/2,대학(학부/서울),ok
H0002256,H0002256,서울 대학,CUL7009,인문학과예술이본인간,2013/1 ~ 2027/2,대학(학부/서울),ok
H0002256,H0002256,서울 대학,CUL7010,세계화와한국사회,2013/1 ~ 2027/2,대학(학부/서울),ok
H0002256,H0002256,서울 대학,CUL7011,문화비즈니스와리더십,2013/1 ~ 2027/2,대학(학부/서울),ok
H0002256,H0002256,서울 대학,CUL7012,유럽문화와사회,2013/1 ~ 2014/2,대학(학부/서울),ok
H0002256,H0002256,서울 대학,CUL7013,조선의지식인들,2013/1 ~ 2016/2,대학(학부/서울),ok
H0002256,H0002256,서울 대학,CUL7014,철학으로읽는정의와민주주의,2013/1 ~ 2015/1,대학(학부/서울),ok
H0002256,H0002256,서울 대학,CUL7015,철학으로읽는근대유럽,2013/1 ~ 2015/1,대학(학부/서울),ok
H0002256,H0002256,서울 대학,CUL7016,영화의역사,2013/1 ~ 2027/2,대학(학부/서울),ok
H0002256,H0002256,서울 대학,CUL7017,연출적상상력과영미희곡,2013/1 ~ 2027/2,대학(학부/서울),ok
H0002256,H0002256,서울 대학,CUL7018,서양역사와문화,2013/1 ~ 2015/2,대학(학부/서울),ok
H0002256,H0002256,서울 대학,CUL7019,언어의철학,2013/1 ~ 2016/2,대학(학부/서울),ok
H0002256,H0002256,서울 대학,CUL7041,한양글로벌인재특강,2013/1 ~ 2024/2,대학(학부/서울),ok
H0002256,H0002256,서울 대학,CUL7042,두문화의인간학,2014/1 ~ 2027/2,대학(학부/서울),ok
H0002256,H0002256,서울 대학,CUL7043,기술시대의인간과윤리,2013/1 ~ 2027/2,대학(학부/서울),ok
H0002256,H0002256,서울 대학,CUL7045,문학과역사적상상력,2014/1 ~ 2027/2,대학(학부/서울),ok
H0002256,H0002256,서울 대학,CUL7046,채움과비움:나이듦의인문학적이해,2014/1 ~ 2027/2,대학(학부/서울),ok
H0002256,H0002256,서울 대학,CUL7047,옛소설과현대와의대화,2014/1 ~ 2027/2,대학(학부/서울),ok
H0002256,H0002256,서울 대학,CUL7048,하루키와함께읽는고전,2014/1 ~ 2027/2,대학(학부/서울),ok
H0002256,H0002256,서울 대학,CUL7100,"위기의시민정치:혐오,갈등,양극화",2022/2 ~ 2027/2,대학(학부/서울),ok
H0002256,H0002256,서울 대학,CUL7101,영화속인간발달,2022/2 ~ 2027/2,대학(학부/서울),ok
H0002256,H0002256,서울 대학,CUL7102,회사경영과주식거래의법적이해,2022/2 ~ 2027/2,대학(학부/서울),ok
H0002256,H0002256,서울 대학,CUL7103,금융상품과조세의이해,2022/2 ~ 2027/2,대학(학부/서울),ok
H0002256,H0002256,서울 대학,CUL7104,언어와미디어,2022/2 ~ 2027/2,대학(학부/서울),ok
H0002256,H0002256,서울 대학,CUL7105,전쟁과국가안보,2022/2 ~ 2027/2,대학(학부/서울),ok
H0002256,H0002256,서울 대학,CUL7106,글로벌지속가능소비와시장,2023/1 ~ 2027/2,대학(학부/서울),ok
H0002256,H0002256,서울 대학,CUL7107,일의세계와노동법,2023/1 ~ 2027/2,대학(학부/서울),ok
H0002256,H0002256,서울 대학,CUL7108,예술을통한마음챙김이해하기,2023/1 ~ 2025/1,대학(학부/서울),ok
H0002256,H0002256,서울 대학,CUL7109,노자와장자의인생수업,2023/1 ~ 2027/2,대학(학부/서울),ok
H0002256,H0002256,서울 대학,CUL7110,블랜디드온스테이지-뮤지컬제작프로젝트,2023/1 ~ 2027/2,대학(학부/서울),ok
H0002256,H0002256,서울 대학,CUL7111,실전취업전략최종완성,2023/1 ~ 2023/1,대학(학부/서울),not_found
H0002256,H0002256,서울 대학,CUL7112,융합과혁신캡스톤디자인,2023/1 ~ 2025/2,대학(학부/서울),not_found
H0002256,H0002256,서울 대학,CUL7113,ESG평가방법론,2023/1 ~ 2027/2,대학(학부/서울),ok
H0002256,H0002256,서울 대학,CUL7114,글로벌지속가능성마케팅,2023/1 ~ 2027/2,대학(학부/서울),ok
H0002256,H0002256,서울 대학,CUL7115,컬렉티브임팩트실습,2023/1 ~ 2027/2,대학(학부/서울),ok
H0002256,H0002256,서울 대학,CUL7116,Challenging Narratives: Rethinking the Stories We’re Told,2023/2 ~ 2027/2,대학(학부/서울),ok
H0002256,H0002256,서울 대학,CUL7117,글로벌혁신캡스톤디자인,2023/2 ~ 2025/2,대학(학부/서울),ok
H0002256,H0002256,서울 대학,CUL7118,관광혁신개발실습캡스톤디자인,2023/2 ~ 2025/2,대학(학부/서울),ok
H0002256,H0002256,서울 대학,CUL7119,강화학습및생성형AI를활용한IoT기술의이해,2024/1 ~ 2027/2,대학(학부/서울),ok
H0002256,H0002256,서울 대학,CUL7120,데이터드리븐경험디자인,2024/1 ~ 2027/2,대학(학부/서울),ok
H0002256,H0002256,서울 대학,CUL7121,디자인씽킹기반의사회문제해결캡스톤디자인,2024/2 ~ 2025/2,대학(학부/서울),ok
H0002256,H0002256,서울 대학,CYB0014,경영정보학개론,2020/1 ~ 2027/2,대학(학부/서울),ok
H0002256,H0002256,서울 대학,D-C4059,공연예술감상,2001/1 ~ 2015/2,대학(학부/서울),ok
H0002256,H0002256,서울 대학,DAN1037,필라테스,2008/1 ~ 2027/2,대학(학부/서울),ok
H0002256,H0002256,서울 대학,DEE2011,영어읽기의기초,1997/1 ~ 2002/2,대학(학부/서울),ok
H0002256,H0002256,서울 대학,DEE3002,언어와문화,1997/1 ~ 2019/1,대학(학부/서울),ok
H0002256,H0002256,서울 대학,DIS0001,Understanding Global Affairs,2006/1 ~ 2014/2,대학(학부/서울),ok
H0002256,H0002256,서울 대학,DIS0008,United States-Korea Relations From 1945,2006/1 ~ 2019/1,대학(학부/서울),ok
H0002256,H0002256,서울 대학,DIS0011,American History & Culture,2006/1 ~ 2019/1,대학(학부/서울),ok
H0002256,H0002256,서울 대학,DIS0013,Understanding International Business,2006/1 ~ 2015/1,대학(학부/서울),ok
H0002256,H0002256,서울 대학,DIS0014,Understanding International Law,2006/1 ~ 2013/2,대학(학부/서울),ok
H0002256,H0002256,서울 대학,DIS0016,Banking & Investment Practice,2006/1 ~ 2027/2,대학(학부/서울),ok
H0002256,H0002256,서울 대학,DIS0023,Understanding UN,2006/1 ~ 2013/2,대학(학부/서울),ok
H0002256,H0002256,서울 대학,DIS1008,Presentation  Skills,2007/1 ~ 2014/2,대학(학부/서울),ok
H0002256,H0002256,서울 대학,DIS3015,International accounting and finance,2008/1 ~ 2012/2,대학(학부/서울),ok
H0002256,H0002256,서울 대학,DIS3025,The Developments of Modern Diplomacy,2009/1 ~ 2018/2,대학(학부/서울),ok
H0002256,H0002256,서울 대학,ECO1006,미시경제원론,2001/1 ~ 2027/2,대학(학부/서울),ok
H0002256,H0002256,서울 대학,ECO1011,시장경제의이해,2005/1 ~ 2027/2,대학(학부/서울),ok
H0002256,H0002256,서울 대학,EDU1001,교육학개론,1993/1 ~ 2027/2,대학(학부/서울),ok
H0002256,H0002256,서울 대학,EDU1002,교육심리학,1993/1 ~ 2027/2,대학(학부/서울),ok
H0002256,H0002256,서울 대학,EDU1009,국제교육실습,2005/1 ~ 2027/2,대학(학부/서울),ok
H0002256,H0002256,서울 대학,EDU2003,교육사회학,1993/1 ~ 2027/2,대학(학부/서울),ok
H0002256,H0002256,서울 대학,EDU2014,교육철학및교육사,1993/1 ~ 2027/2,대학(학부/서울),ok
H0002256,H0002256,서울 대학,EDU2055,정신건강과적응,1993/1 ~ 2027/2,대학(학부/서울),ok
H0002256,H0002256,서울 대학,EDU2061,생활지도및상담,2009/1 ~ 2027/2,대학(학부/서울),ok
H0002256,H0002256,서울 대학,EDU2064,교육연구방법론,2009/1 ~ 2016/2,대학(학부/서울),ok
H0002256,H0002256,서울 대학,EDU2066,다문화교육의이론과실제,2009/1 ~ 2016/2,대학(학부/서울),ok
H0002256,H0002256,서울 대학,EDU3001,교육사,2000/1 ~ 2000/2,대학(학부/서울),ok
H0002256,H0002256,서울 대학,EDU3016,교육과정및평가,1993/1 ~ 2014/2,대학(학부/서울),ok
H0002256,H0002256,서울 대학,EDU3020,교육행정및경영,1993/1 ~ 2027/2,대학(학부/서울),ok
H0002256,H0002256,서울 대학,EDU3024,산업체현장실습,1997/1 ~ 2027/2,대학(학부/서울),ok
H0002256,H0002256,서울 대학,EDU3034,교직실무,2011/1 ~ 2027/2,대학(학부/서울),ok
H0002256,H0002256,서울 대학,EDU3036,디지털교육,2026/1 ~ 2027/2,대학(학부/서울),not_found
H0002256,H0002256,서울 대학,EDU3041,교육봉사활동1,2011/1 ~ 2027/2,대학(학부/서울),ok
H0002256,H0002256,서울 대학,EDU3042,교육봉사활동2,2011/1 ~ 2027/2,대학(학부/서울),ok
H0002256,H0002256,서울 대학,EDU3063,가정과교육론,2000/1 ~ 2004/2,대학(학부/서울),ok
H0002256,H0002256,서울 대학,EDU3071,특수교육학개론,2012/1 ~ 2027/2,대학(학부/서울),ok
H0002256,H0002256,서울 대학,EDU3078,교육과정론,2014/1 ~ 2027/2,대학(학부/서울),ok
H0002256,H0002256,서울 대학,EDU3079,교육평가론,2014/1 ~ 2027/2,대학(학부/서울),ok
H0002256,H0002256,서울 대학,EDU3080,학교폭력예방및학생의이해,2015/2 ~ 2027/2,대학(학부/서울),ok
H0002256,H0002256,서울 대학,EDU4003,교육실습,1993/1 ~ 2027/2,대학(학부/서울),ok
H0002256,H0002256,서울 대학,EDU4019,교육방법및공학,1993/1 ~ 2027/2,대학(학부/서울),ok
H0002256,H0002256,서울 대학,EDU4074,과학교육론,2003/1 ~ 2019/2,대학(학부/서울),ok
H0002256,H0002256,서울 대학,EDU4101,학기제교육실습,2023/2 ~ 2027/2,대학(학부/서울),ok
H0002256,H0002256,서울 대학,EGY1001,에너지과학과기술,2012/1 ~ 2012/2,대학(학부/서울),ok
H0002256,H0002256,서울 대학,ENE1004,컴퓨터구조,2000/1 ~ 2004/2,대학(학부/서울),ok
H0002256,H0002256,서울 대학,ENE4019,컴퓨터네트워크,1998/1 ~ 2004/2,대학(학부/서울),ok
H0002256,H0002256,서울 대학,ENG4017,실용영문법,2005/1 ~ 2027/2,대학(학부/서울),ok
H0002256,H0002256,서울 대학,FAE2004,서양미술사,1993/1 ~ 2004/2,대학(학부/서울),ok
H0002256,H0002256,서울 대학,FET1001,스마트에너지와지속가능한미래,2025/2 ~ 2027/2,대학(학부/서울),ok
H0002256,H0002256,서울 대학,FRE1055,기초프랑스어,2003/1 ~ 2027/2,대학(학부/서울),ok
H0002256,H0002256,서울 대학,FUT1001,아르테와테크네의만남,2017/1 ~ 2027/2,대학(학부/서울),ok
H0002256,H0002256,서울 대학,FUT1002,디지털스토리텔링의이해,2017/1 ~ 2027/2,대학(학부/서울),ok
H0002256,H0002256,서울 대학,FUT1003,엔지니어를위한영어의사소통,2017/1 ~ 2027/2,대학(학부/서울),ok
H0002256,H0002256,서울 대학,FUT1004,과학기술자의상상력과창의성,2017/1 ~ 2027/2,대학(학부/서울),ok
H0002256,H0002256,서울 대학,FUT1005,초학제시대의미래인문학,2017/1 ~ 2027/2,대학(학부/서울),ok
H0002256,H0002256,서울 대학,FUT1006,탈진실시대의언론텍스트읽기와쓰기,2017/1 ~ 2027/2,대학(학부/서울),ok
H0002256,H0002256,서울 대학,FUT1007,데이터과학트렌드,2017/1 ~ 2027/2,대학(학부/서울),ok
H0002256,H0002256,서울 대학,FUT1008,인문대생을위한창의적프로그래밍,2017/2 ~ 2027/2,대학(학부/서울),ok
H0002256,H0002256,서울 대학,FUT2001,가상/증강현실의예술,2017/1 ~ 2027/2,대학(학부/서울),ok
H0002256,H0002256,서울 대학,FUT2002,AI시대의상상력과디자인씽킹,2017/2 ~ 2027/2,대학(학부/서울),ok
H0002256,H0002256,서울 대학,FUT2003,디지털게임과현대사회,2017/2 ~ 2027/2,대학(학부/서울),ok
H0002256,H0002256,서울 대학,FUT2004,문화콘텐츠+나,2018/1 ~ 2027/2,대학(학부/서울),ok
H0002256,H0002256,서울 대학,FUT2005,공학영어읽기,2017/1 ~ 2027/2,대학(학부/서울),ok
H0002256,H0002256,서울 대학,FUT2006,엔지니어를위한영어프리젠테이션,2017/2 ~ 2027/2,대학(학부/서울),ok
H0002256,H0002256,서울 대학,FUT2007,테크노사이언스가만드는세상,2017/2 ~ 2027/2,대학(학부/서울),ok
H0002256,H0002256,서울 대학,FUT2008,지속가능한미래를위한과학기술정책,2018/1 ~ 2027/2,대학(학부/서울),ok
H0002256,H0002256,서울 대학,FUT2009,네트워크사회를위한미래인문학,2017/2 ~ 2027/2,대학(학부/서울),ok
H0002256,H0002256,서울 대학,FUT2010,은유와프레임전략,2017/1 ~ 2027/2,대학(학부/서울),ok
H0002256,H0002256,서울 대학,FUT2011,사회적상상력을여는소통과혁신의수사학,2017/2 ~ 2027/2,대학(학부/서울),ok
H0002256,H0002256,서울 대학,FUT2012,동서양사상을통해본정의,2017/1 ~ 2027/2,대학(학부/서울),ok
H0002256,H0002256,서울 대학,FUT2013,인문대생을위한트렌드프로그래밍,2017/1 ~ 2027/2,대학(학부/서울),ok
H0002256,H0002256,서울 대학,FUT2014,데이터시각화,2017/2 ~ 2027/2,대학(학부/서울),ok
H0002256,H0002256,서울 대학,FUT2015,"회복을위한인문학과다크리서치:불,전염병,멸종의어젠다읽기",2022/1 ~ 2027/2,대학(학부/서울),ok
H0002256,H0002256,서울 대학,FUT3001,아트테크놀로지캡스톤디자인,2017/1 ~ 2027/2,대학(학부/서울),ok
H0002256,H0002256,서울 대학,FUT3002,인문학으로예술읽기,2017/2 ~ 2027/2,대학(학부/서울),ok
H0002256,H0002256,서울 대학,FUT3003,마음을사로잡는정보스토리텔링,2017/2 ~ 2027/2,대학(학부/서울),ok
H0002256,H0002256,서울 대학,FUT3004,문화콘텐츠아나토미:비평이론과실제,2018/1 ~ 2027/2,대학(학부/서울),ok
H0002256,H0002256,서울 대학,FUT3005,엔지니어를위한실용영작문,2017/2 ~ 2027/2,대학(학부/서울),ok
H0002256,H0002256,서울 대학,FUT3006,엔지니어를위한학술영작문,2018/1 ~ 2027/2,대학(학부/서울),ok
H0002256,H0002256,서울 대학,FUT3007,역사를바꾼과학혁명,2017/1 ~ 2027/2,대학(학부/서울),ok
H0002256,H0002256,서울 대학,FUT3008,인류세시대를위한미래인문학,2017/2 ~ 2027/2,대학(학부/서울),ok
H0002256,H0002256,서울 대학,FUT3009,과학기술학의새로운지형도,2017/1 ~ 2027/2,대학(학부/서울),ok
H0002256,H0002256,서울 대학,FUT3010,"공정한시민을위한미디어리터러시:팩트,믿음,재미",2017/2 ~ 2027/2,대학(학부/서울),ok
H0002256,H0002256,서울 대학,FUT3011,품위있는사회와지속가능성을위한의제들,2018/1 ~ 2027/2,대학(학부/서울),ok
H0002256,H0002256,서울 대학,FUT3012,인문대생을위한객체지향프로그래밍,2018/1 ~ 2027/2,대학(학부/서울),ok
H0002256,H0002256,서울 대학,FUT3013,인문대생을위한앱프로그래밍,2018/2 ~ 2027/2,대학(학부/서울),ok
H0002256,H0002256,서울 대학,FUT4001,인문학으로기술읽기,2017/2 ~ 2027/2,대학(학부/서울),ok
H0002256,H0002256,서울 대학,FUT4002,공학영어캡스톤디자인,2023/2 ~ 2027/2,대학(학부/서울),ok
H0002256,H0002256,서울 대학,FUT4003,한국과학혁신의역사,2017/2 ~ 2027/2,대학(학부/서울),ok
H0002256,H0002256,서울 대학,FUT4006,게임프로그래밍을위한캡스톤디자인,2024/2 ~ 2027/2,대학(학부/서울),ok
H0002256,H0002256,서울 대학,FUT4007,인문학기반디지털콘텐츠구축을위한캡스톤디자인,2024/2 ~ 2027/2,대학(학부/서울),ok
H0002256,H0002256,서울 대학,GEN0036,통계학개론,2000/1 ~ 2004/2,대학(학부/서울),ok
H0002256,H0002256,서울 대학,GEN0039,심리학개론,1993/1 ~ 1996/2,대학(학부/서울),ok
H0002256,H0002256,서울 대학,GEN0041,현대사회와나의삶,1993/1 ~ 2027/2,대학(학부/서울),ok
H0002256,H0002256,서울 대학,GEN0059,경제원론1,1993/1 ~ 2017/2,대학(학부/서울),ok
H0002256,H0002256,서울 대학,GEN0068,일반화학1,1993/1 ~ 2009/2,대학(학부/서울),ok
H0002256,H0002256,서울 대학,GEN0069,일반화학2,1993/1 ~ 1996/2,대학(학부/서울),ok
H0002256,H0002256,서울 대학,GEN0074,일반생물학1,1993/1 ~ 2009/2,대학(학부/서울),ok
H0002256,H0002256,서울 대학,GEN0075,일반생물학2,1993/1 ~ 1996/2,대학(학부/서울),ok
H0002256,H0002256,서울 대학,GEN0076,일반생물학실험1,1993/1 ~ 2012/2,대학(학부/서울),ok
H0002256,H0002256,서울 대학,GEN0077,일반생물학실험2,1993/1 ~ 2012/2,대학(학부/서울),ok
H0002256,H0002256,서울 대학,GEN0087,정치학개론,1993/1 ~ 1996/2,대학(학부/서울),ok
H0002256,H0002256,서울 대학,GEN1031,공학도를위한창의적컴퓨팅,1993/1 ~ 2011/2,대학(학부/서울),ok
H0002256,H0002256,서울 대학,GEN1035,중급스페인어,1993/1 ~ 2027/2,대학(학부/서울),ok
H0002256,H0002256,서울 대학,GEN1040,초급독일어,1993/1 ~ 2027/2,대학(학부/서울),ok
H0002256,H0002256,서울 대학,GEN1043,중급중국어,1993/1 ~ 2027/2,대학(학부/서울),ok
H0002256,H0002256,서울 대학,GEN1073,관광과문화행동,1993/1 ~ 2014/2,대학(학부/서울),ok
H0002256,H0002256,서울 대학,GEN1076,여성학,1993/1 ~ 2027/2,대학(학부/서울),ok
H0002256,H0002256,서울 대학,GEN1078,문화론특강,1993/1 ~ 2027/2,대학(학부/서울),ok
H0002256,H0002256,서울 대학,GEN1082,고급영어회화,1993/1 ~ 2002/2,대학(학부/서울),ok
H0002256,H0002256,서울 대학,GEN1092,한국근현대사,1996/1 ~ 2027/2,대학(학부/서울),ok
H0002256,H0002256,서울 대학,GEN1100,공학도를위한창의적프로그래밍,2017/2 ~ 2027/2,대학(학부/서울),ok
H0002256,H0002256,서울 대학,GEN2026,논리학,1993/1 ~ 2002/2,대학(학부/서울),ok
H0002256,H0002256,서울 대학,GEN2034,기독교와현대사회1,1993/1 ~ 2015/2,대학(학부/서울),ok
H0002256,H0002256,서울 대학,GEN2035,기독교와현대사회2,1993/1 ~ 2015/1,대학(학부/서울),ok
H0002256,H0002256,서울 대학,GEN2052,미분적분학1,1993/1 ~ 2027/2,대학(학부/서울),ok
H0002256,H0002256,서울 대학,GEN2053,미분적분학2,1993/1 ~ 2027/2,대학(학부/서울),ok
H0002256,H0002256,서울 대학,GEN2055,생물학,1993/1 ~ 1996/2,대학(학부/서울),ok
H0002256,H0002256,서울 대학,GEN2076,무용의이해,1993/1 ~ 2027/2,대학(학부/서울),ok
H0002256,H0002256,서울 대학,GEN2078,연극의이해,1993/1 ~ 2027/2,대학(학부/서울),ok
H0002256,H0002256,서울 대학,GEN2079,영화의이해,1993/1 ~ 2027/2,대학(학부/서울),ok
H0002256,H0002256,서울 대학,GEN2081,미술의이해,1993/1 ~ 2015/2,대학(학부/서울),ok
H0002256,H0002256,서울 대학,GEN2082,미학의이해,1993/1 ~ 2015/2,대학(학부/서울),ok
H0002256,H0002256,서울 대학,GEN2094,초급일본어,2003/1 ~ 2027/2,대학(학부/서울),ok
H0002256,H0002256,서울 대학,GEN2095,중급일본어,2003/1 ~ 2027/2,대학(학부/서울),ok
H0002256,H0002256,서울 대학,GEN2100,기독교영성의 이해,2014/2 ~ 2015/2,대학(학부/서울),not_found
H0002256,H0002256,서울 대학,GEN2101,성의과학적이해,2015/1 ~ 2027/2,대학(학부/서울),ok
H0002256,H0002256,서울 대학,GEN3001,안보학(군사학),1993/1 ~ 2027/2,대학(학부/서울),ok
H0002256,H0002256,서울 대학,GEN3002,안전및조직관리사례연구(군사학),1993/1 ~ 2027/2,대학(학부/서울),ok
H0002256,H0002256,서울 대학,GEN3015,법학일반론,1993/1 ~ 1996/2,대학(학부/서울),ok
H0002256,H0002256,서울 대학,GEN3016,생활법률,1993/1 ~ 2027/2,대학(학부/서울),ok
H0002256,H0002256,서울 대학,GEN3032,기초물리학,2007/1 ~ 2027/2,대학(학부/서울),ok
H0002256,H0002256,서울 대학,GEN3033,기초화학,2007/1 ~ 2027/2,대학(학부/서울),ok
H0002256,H0002256,서울 대학,GEN3039,환타지소설과문화콘텐츠,2007/1 ~ 2015/1,대학(학부/서울),ok
H0002256,H0002256,서울 대학,GEN3041,초급중국어1,2009/1 ~ 2027/2,대학(학부/서울),ok
H0002256,H0002256,서울 대학,GEN3042,초급중국어2,2009/1 ~ 2027/2,대학(학부/서울),ok
H0002256,H0002256,서울 대학,GEN3052,환경공학,1993/1 ~ 1996/2,대학(학부/서울),ok
H0002256,H0002256,서울 대학,GEN3058,공업경제학,1993/1 ~ 1996/2,대학(학부/서울),ok
H0002256,H0002256,서울 대학,GEN3073,연주와비평1,1993/1 ~ 1996/2,대학(학부/서울),ok
H0002256,H0002256,서울 대학,GEN3074,연주와비평2,1993/1 ~ 2004/2,대학(학부/서울),ok
H0002256,H0002256,서울 대학,GEN3075,연주와비평3,1993/1 ~ 2000/2,대학(학부/서울),ok
H0002256,H0002256,서울 대학,GEN3076,연주와비평4,1993/1 ~ 1999/2,대학(학부/서울),ok
H0002256,H0002256,서울 대학,GEN3082,보건학,1993/1 ~ 1996/2,대학(학부/서울),not_found
H0002256,H0002256,서울 대학,GEN3083,영양과건강,1993/1 ~ 2002/2,대학(학부/서울),ok
H0002256,H0002256,서울 대학,GEN3086,구급법,1993/1 ~ 2027/2,대학(학부/서울),ok
H0002256,H0002256,서울 대학,GEN3093,벤처실전전략,2006/1 ~ 2015/1,대학(학부/서울),ok
H0002256,H0002256,서울 대학,GEN3095,Relational dialogue,2014/2 ~ 2014/2,대학(학부/서울),not_found
H0002256,H0002256,서울 대학,GEN3096,Modern Stress and You,2014/2 ~ 2027/2,대학(학부/서울),ok
H0002256,H0002256,서울 대학,GEN3097,디자인으로 세상읽기,2014/2 ~ 2027/2,대학(학부/서울),ok
H0002256,H0002256,서울 대학,GEN3098,알기쉬운경제원리,2017/1 ~ 2027/2,대학(학부/서울),ok
H0002256,H0002256,서울 대학,GEN4001,조직리더십(군사학),1993/1 ~ 2027/2,대학(학부/서울),ok
H0002256,H0002256,서울 대학,GEN4002,조직리더십사례연구(군사학),1993/1 ~ 2027/2,대학(학부/서울),ok
H0002256,H0002256,서울 대학,GEN4012,식생활문화,1993/1 ~ 2002/2,대학(학부/서울),ok
H0002256,H0002256,서울 대학,GEN4027,교육과사회,1993/1 ~ 2024/2,대학(학부/서울),ok
H0002256,H0002256,서울 대학,GEN4029,인간관계훈련,1993/1 ~ 2027/2,대학(학부/서울),ok
H0002256,H0002256,서울 대학,GEN4065,원자력과환경,1993/1 ~ 2004/2,대학(학부/서울),ok
H0002256,H0002256,서울 대학,GEN4066,기초수학,1993/1 ~ 2027/2,대학(학부/서울),ok
H0002256,H0002256,서울 대학,GEN4070,천체와우주,1993/1 ~ 2014/2,대학(학부/서울),ok
H0002256,H0002256,서울 대학,GEN4073,사람과유전자,1993/1 ~ 2027/2,대학(학부/서울),ok
H0002256,H0002256,서울 대학,GEN4075,미래지구환경과생태계,1993/1 ~ 2027/2,대학(학부/서울),ok
H0002256,H0002256,서울 대학,GEN4078,유엔과세계평화,1994/1 ~ 2015/2,대학(학부/서울),ok
H0002256,H0002256,서울 대학,GEN4079,사회봉사,1995/1 ~ 2027/2,대학(학부/서울),not_found
H0002256,H0002256,서울 대학,GEN4084,사회봉사리더십,1997/1 ~ 2027/2,대학(학부/서울),ok
H0002256,H0002256,서울 대학,GEN4088,결혼적응교육,2002/1 ~ 2015/2,대학(학부/서울),ok
H0002256,H0002256,서울 대학,GEN4091,과학기술의철학적이해,2004/1 ~ 2027/2,대학(학부/서울),ok
H0002256,H0002256,서울 대학,GEN4092,영어듣기의원리,2003/1 ~ 2027/2,대학(학부/서울),ok
H0002256,H0002256,서울 대학,GEN4093,영어읽기의원리,2003/1 ~ 2015/2,대학(학부/서울),ok
H0002256,H0002256,서울 대학,GEN4094,영문쓰기의원리,2003/1 ~ 2019/1,대학(학부/서울),ok
H0002256,H0002256,서울 대학,GEN4095,스노보드,2003/1 ~ 2019/2,대학(학부/서울),ok
H0002256,H0002256,서울 대학,GEN4100,융합캡스톤디자인과TRIZ1,2015/1 ~ 2027/2,대학(학부/서울),ok
H0002256,H0002256,서울 대학,GEN5010,지적재산법,2003/1 ~ 2027/2,대학(학부/서울),ok
H0002256,H0002256,서울 대학,GEN5014,기초스페인어,2003/1 ~ 2027/2,대학(학부/서울),ok
H0002256,H0002256,서울 대학,GEN5019,매경-한양CEO특강,2003/1 ~ 2025/2,대학(학부/서울),ok
H0002256,H0002256,서울 대학,GEN5028,민법의이해,2005/1 ~ 2027/2,대학(학부/서울),ok
H0002256,H0002256,서울 대학,GEN5047,관광과레저,2007/1 ~ 2027/2,대학(학부/서울),ok
H0002256,H0002256,서울 대학,GEN5048,호텔산업의이해,2007/1 ~ 2027/2,대학(학부/서울),ok
H0002256,H0002256,서울 대학,GEN5049,대중문화와패션,2005/1 ~ 2027/2,대학(학부/서울),ok
H0002256,H0002256,서울 대학,GEN5060,동양철학의이해,2005/1 ~ 2027/2,대학(학부/서울),ok
H0002256,H0002256,서울 대학,GEN5061,사랑의철학,2005/1 ~ 2027/2,대학(학부/서울),ok
H0002256,H0002256,서울 대학,GEN5069,중급프랑스어,2005/1 ~ 2027/2,대학(학부/서울),ok
H0002256,H0002256,서울 대학,GEN5072,영어연기개론,2005/1 ~ 2027/2,대학(학부/서울),ok
H0002256,H0002256,서울 대학,GEN5073,영어권생활문화와영어학습,2005/1 ~ 2027/2,대학(학부/서울),ok
H0002256,H0002256,서울 대학,GEN5083,세계화와법의이해,2007/1 ~ 2019/1,대학(학부/서울),ok
H0002256,H0002256,서울 대학,GEN5097,문화콘텐츠의비전과전략,2007/1 ~ 2018/2,대학(학부/서울),ok
H0002256,H0002256,서울 대학,GEN5099,국제비지니스윤리,2008/1 ~ 2027/2,대학(학부/서울),ok
H0002256,H0002256,서울 대학,GEN6006,특허법의이해,2005/1 ~ 2027/2,대학(학부/서울),ok
H0002256,H0002256,서울 대학,GEN6007,대중문화와법,2008/1 ~ 2027/2,대학(학부/서울),ok
H0002256,H0002256,서울 대학,GEN6023,상상과창조,2008/1 ~ 2027/2,대학(학부/서울),ok
H0002256,H0002256,서울 대학,GEN6024,젠더와미래사회,2008/1 ~ 2013/2,대학(학부/서울),ok
H0002256,H0002256,서울 대학,GEN6032,전문학술영어,2009/1 ~ 2027/2,대학(학부/서울),ok
H0002256,H0002256,서울 대학,GEN6044,한양사회봉사,2009/1 ~ 2014/2,대학(학부/서울),ok
H0002256,H0002256,서울 대학,GEN6045,기초학술영어,2009/1 ~ 2027/2,대학(학부/서울),ok
H0002256,H0002256,서울 대학,GEN6047,기업가를위한상법실무,2009/1 ~ 2015/1,대학(학부/서울),ok
H0002256,H0002256,서울 대학,GEN6048,세무및재무관리의기초,2009/1 ~ 2015/1,대학(학부/서울),ok
H0002256,H0002256,서울 대학,GEN6049,기업현장에서의실전마케팅,2009/1 ~ 2015/1,대학(학부/서울),ok
H0002256,H0002256,서울 대학,GEN6050,지구화와개발,2009/1 ~ 2022/1,대학(학부/서울),ok
H0002256,H0002256,서울 대학,GEN6058,혁신과잡종의과학사,2009/1 ~ 2027/2,대학(학부/서울),ok
H0002256,H0002256,서울 대학,GEN6060,경영원론,2009/1 ~ 2017/1,대학(학부/서울),ok
H0002256,H0002256,서울 대학,GEN6064,고급한국어,2009/1 ~ 2027/2,대학(학부/서울),ok
H0002256,H0002256,서울 대학,GEN6065,사회적기업가정신,2011/1 ~ 2027/2,대학(학부/서울),ok
H0002256,H0002256,서울 대학,GEN6066,생명과바다,2011/1 ~ 2027/2,대학(학부/서울),ok
H0002256,H0002256,서울 대학,GEN6068,세계빈곤과기아의정책,2011/1 ~ 2015/2,대학(학부/서울),ok
H0002256,H0002256,서울 대학,GEN6072,비즈니스모델혁신사례분석,2009/1 ~ 2015/1,대학(학부/서울),ok
H0002256,H0002256,서울 대학,GEN6073,기업가를위한국제통상실무,2009/1 ~ 2015/1,대학(학부/서울),ok
H0002256,H0002256,서울 대학,GEN6074,뇌과학의이해,2009/1 ~ 2027/2,대학(학부/서울),ok
H0002256,H0002256,서울 대학,GEN6075,인체탐험,2009/1 ~ 2021/2,대학(학부/서울),ok
H0002256,H0002256,서울 대학,GEN6084,인문학적건축학,2012/1 ~ 2027/2,대학(학부/서울),ok
H0002256,H0002256,서울 대학,GEN6085,상상력과과학기술,2012/1 ~ 2015/2,대학(학부/서울),ok
H0002256,H0002256,서울 대학,GEN6086,생활속의화학,2012/1 ~ 2027/2,대학(학부/서울),ok
H0002256,H0002256,서울 대학,GEN6087,생활속에서만나는생물학,2012/1 ~ 2027/2,대학(학부/서울),ok
H0002256,H0002256,서울 대학,GEN6088,생활속의마케팅,2012/1 ~ 2022/1,대학(학부/서울),ok
H0002256,H0002256,서울 대학,GEN6089,기초인체생리학,2012/1 ~ 2014/1,대학(학부/서울),ok
H0002256,H0002256,서울 대학,GEN6090,분자의학시대,2012/1 ~ 2015/2,대학(학부/서울),ok
H0002256,H0002256,서울 대학,GEN6091,소립자에서우주론까지,2012/1 ~ 2014/2,대학(학부/서울),ok
H0002256,H0002256,서울 대학,GEN6092,첨단기술을이끄는물리학,2012/1 ~ 2013/2,대학(학부/서울),ok
H0002256,H0002256,서울 대학,GEN6094,전공현장실습1,2017/1 ~ 2027/2,대학(학부/서울),ok
H0002256,H0002256,서울 대학,GEN6095,전공현장실습2,2017/1 ~ 2027/2,대학(학부/서울),ok
H0002256,H0002256,서울 대학,GEN7003,창의와소통,2012/1 ~ 2018/1,대학(학부/서울),ok
H0002256,H0002256,서울 대학,GEN7005,미래에너지혁명,2012/1 ~ 2015/2,대학(학부/서울),ok
H0002256,H0002256,서울 대학,GEN7006,인문계를위한수학,2013/1 ~ 2015/2,대학(학부/서울),ok
H0002256,H0002256,서울 대학,GEN7023,스포츠와사회적책임,2013/1 ~ 2027/2,대학(학부/서울),ok
H0002256,H0002256,서울 대학,GEN7024,비판적사고와창의적추론:현대적사고를위한툴,2013/1 ~ 2027/2,대학(학부/서울),ok
H0002256,H0002256,서울 대학,GEN7025,멀티미디어영작문,2013/1 ~ 2027/2,대학(학부/서울),ok
H0002256,H0002256,서울 대학,GEN7026,온라인영어프레젠테이션,2013/1 ~ 2018/1,대학(학부/서울),ok
H0002256,H0002256,서울 대학,GEN7027,취업영어커뮤니케이션,2013/1 ~ 2027/2,대학(학부/서울),ok
H0002256,H0002256,서울 대학,GEN7028,기업·공공부문커뮤니케이션실전,2013/1 ~ 2027/2,대학(학부/서울),ok
H0002256,H0002256,서울 대학,GEN7029,시나리오영작문,2013/1 ~ 2027/2,대학(학부/서울),ok
H0002256,H0002256,서울 대학,GEN7030,영어와남녀의사소통의차이,2013/1 ~ 2027/2,대학(학부/서울),ok
H0002256,H0002256,서울 대학,GEN7031,자원환경기술경영,2013/1 ~ 2015/2,대학(학부/서울),ok
H0002256,H0002256,서울 대학,GEN7032,정보혁명속의컴퓨터기술,2013/1 ~ 2015/2,대학(학부/서울),ok
H0002256,H0002256,서울 대학,GEN7033,비전공자를위한재무금융,2013/1 ~ 2027/2,대학(학부/서울),ok
H0002256,H0002256,서울 대학,GEN7034,초급독일어회화,2013/1 ~ 2027/2,대학(학부/서울),ok
H0002256,H0002256,서울 대학,GEN7035,비즈니스중국어회화,2013/1 ~ 2027/2,대학(학부/서울),ok
H0002256,H0002256,서울 대학,GEN7036,스페인어회화,2013/1 ~ 2017/2,대학(학부/서울),not_found
H0002256,H0002256,서울 대학,GEN7037,영문독해1(분석적글읽기),2013/1 ~ 2020/2,대학(학부/서울),ok
H0002256,H0002256,서울 대학,GEN7038,비판적글읽기,2013/1 ~ 2027/2,대학(학부/서울),ok
H0002256,H0002256,서울 대학,GEN7039,영어작문1(단문에세이),2013/1 ~ 2020/2,대학(학부/서울),ok
H0002256,H0002256,서울 대학,GEN7040,영어작문2(장문에세이),2013/1 ~ 2020/2,대학(학부/서울),ok
H0002256,H0002256,서울 대학,GEN7041,창의적글쓰기,2013/1 ~ 2027/2,대학(학부/서울),ok
H0002256,H0002256,서울 대학,GEN7042,영어작문4(비판적글쓰기),2013/1 ~ 2020/2,대학(학부/서울),ok
H0002256,H0002256,서울 대학,GEN7043,영어말하기및표현연습1(학술기초영어회화),2013/1 ~ 2027/2,대학(학부/서울),ok
H0002256,H0002256,서울 대학,GEN7044,영어말하기및표현연습2(영어노래분석과표현기법),2013/1 ~ 2027/2,대학(학부/서울),ok
H0002256,H0002256,서울 대학,GEN7045,생태친화적기업경영,2013/1 ~ 2027/2,대학(학부/서울),ok
H0002256,H0002256,서울 대학,GEN7046,기업경영과비즈니스전략,2013/1 ~ 2027/2,대학(학부/서울),ok
H0002256,H0002256,서울 대학,GEN7047,모바일시대의창업전략,2013/1 ~ 2014/2,대학(학부/서울),ok
H0002256,H0002256,서울 대학,GEN7048,지식융합과기업가정신,2013/1 ~ 2015/1,대학(학부/서울),ok
H0002256,H0002256,서울 대학,GEN8003,중급독일어회화,2013/1 ~ 2027/2,대학(학부/서울),ok
H0002256,H0002256,서울 대학,GEN8004,브리꼴뢰르-관계융합형인재,2013/1 ~ 2027/2,대학(학부/서울),ok
H0002256,H0002256,서울 대학,GEN8036,지속가능한개발을위한과학기술,2013/1 ~ 2027/2,대학(학부/서울),ok
H0002256,H0002256,서울 대학,GEN8039,과학자의리더십,2014/1 ~ 2027/2,대학(학부/서울),ok
H0002256,H0002256,서울 대학,GEN8040,생물학연대기,2013/1 ~ 2027/2,대학(학부/서울),ok
H0002256,H0002256,서울 대학,GEN8048,융합시대의경영트렌드,2014/1 ~ 2015/2,대학(학부/서울),ok
H0002256,H0002256,서울 대학,GEN8049,디지털시대보고서쓰기,2014/1 ~ 2027/2,대학(학부/서울),ok
H0002256,H0002256,서울 대학,GEN9001,Introductory Korean (Level 1),2017/2 ~ 2027/2,대학(학부/서울),ok
H0002256,H0002256,서울 대학,GEN9002,Introductory Korean (Level 2),2017/2 ~ 2027/2,대학(학부/서울),ok
H0002256,H0002256,서울 대학,GEN9003,Intensive Korean (Intro),2017/2 ~ 2027/2,대학(학부/서울),ok
H0002256,H0002256,서울 대학,GEN9004,Intensive Korean (Level 1),2017/2 ~ 2027/2,대학(학부/서울),ok
H0002256,H0002256,서울 대학,GEN9005,Intensive Korean (Level 2),2017/2 ~ 2027/2,대학(학부/서울),ok
H0002256,H0002256,서울 대학,GEN9006,Intensive Korean (Level 3),2017/2 ~ 2027/2,대학(학부/서울),ok
H0002256,H0002256,서울 대학,GEN9007,Intensive Korean (Level 4),2017/2 ~ 2027/2,대학(학부/서울),ok
H0002256,H0002256,서울 대학,GEN9008,Intensive Korean (Level 5),2017/2 ~ 2027/2,대학(학부/서울),ok
H0002256,H0002256,서울 대학,GEN9009,Intensive Korean (Level 6),2017/2 ~ 2027/2,대학(학부/서울),ok
H0002256,H0002256,서울 대학,GEN9027,Intensive Korean,2018/2 ~ 2027/2,대학(학부/서울),not_found
H0002256,H0002256,서울 대학,GEN9176,빅데이터와패션트렌드,2020/2 ~ 2027/2,대학(학부/서울),ok
H0002256,H0002256,서울 대학,GEN9177,4차산업혁명시대리더십트레이닝,2020/2 ~ 2027/2,대학(학부/서울),ok
H0002256,H0002256,서울 대학,GEN9178,트랜스미디어상호작용설계,2020/2 ~ 2027/2,대학(학부/서울),ok
H0002256,H0002256,서울 대학,GEN9180,4차산업혁명과환경기술,2020/2 ~ 2027/2,대학(학부/서울),ok
H0002256,H0002256,서울 대학,GEN9181,블록체인과미래사회비즈니스,2020/2 ~ 2021/1,대학(학부/서울),not_found
H0002256,H0002256,서울 대학,GER4069,독어회화입문,2001/1 ~ 2004/2,대학(학부/서울),ok
H0002256,H0002256,서울 대학,GER4070,독일문학읽기,2002/1 ~ 2027/2,대학(학부/서울),ok
H0002256,H0002256,서울 대학,H-P0007,해외석학세미나1,2009/1 ~ 2014/2,대학(학부/서울),ok
H0002256,H0002256,서울 대학,H-P0010,Honors Lab1,2009/1 ~ 2019/1,대학(학부/서울),ok
H0002256,H0002256,서울 대학,H-P0011,Honors Lab2,2012/1 ~ 2019/1,대학(학부/서울),ok
H0002256,H0002256,서울 대학,H-P0012,Honors Lab3,2012/1 ~ 2019/1,대학(학부/서울),ok
H0002256,H0002256,서울 대학,HYU0002,대학수학,2006/1 ~ 2006/2,대학(학부/서울),ok
H0002256,H0002256,서울 대학,IAI3001,인공지능핵심및응용,2025/2 ~ 2027/2,대학(학부/서울),not_found
H0002256,H0002256,서울 대학,IAI3002,중급산업AI프로젝트,2025/2 ~ 2027/2,대학(학부/서울),not_found
H0002256,H0002256,서울 대학,IAI3003,산업LLM이해및실습,2025/2 ~ 2027/2,대학(학부/서울),not_found
H0002256,H0002256,서울 대학,IAI3004,고급산업AI프로젝트,2025/2 ~ 2027/2,대학(학부/서울),not_found
H0002256,H0002256,서울 대학,IAI3005,산업AI해커톤1,2026/2 ~ 2027/2,대학(학부/서울),not_found
H0002256,H0002256,서울 대학,IAI3006,피지컬AI를위한데이터레이블링과모델구축,2026/1 ~ 2027/2,대학(학부/서울),not_found
H0002256,H0002256,서울 대학,IAI4001,클라우드데이터엔지니어링,2025/2 ~ 2027/2,대학(학부/서울),not_found
H0002256,H0002256,서울 대학,IAI4002,에이전트AI응용,2025/2 ~ 2027/2,대학(학부/서울),not_found
H0002256,H0002256,서울 대학,IAI4003,AI기반산업데이터분석실습,2025/2 ~ 2027/2,대학(학부/서울),not_found
H0002256,H0002256,서울 대학,IAI4004,산업데이터시각화와스토리텔링,2025/2 ~ 2027/2,대학(학부/서울),not_found
H0002256,H0002256,서울 대학,IAI4005,멀티모달AI기술과산업응용,2025/2 ~ 2027/2,대학(학부/서울),not_found
H0002256,H0002256,서울 대학,IAI4006,생성형모델컨텍스트설계,2025/2 ~ 2027/2,대학(학부/서울),not_found
H0002256,H0002256,서울 대학,IAI4007,AI를위한GPU병렬프로그래밍,2025/2 ~ 2027/2,대학(학부/서울),not_found
H0002256,H0002256,서울 대학,IAI4008,차량센서데이터융합AI,2025/2 ~ 2027/2,대학(학부/서울),not_found
H0002256,H0002256,서울 대학,IAI4009,자율주행AI해커톤,2025/2 ~ 2027/2,대학(학부/서울),not_found
H0002256,H0002256,서울 대학,IAI4010,디지털트윈기반차량용AI검증,2025/2 ~ 2027/2,대학(학부/서울),not_found
H0002256,H0002256,서울 대학,IAI4011,자율주행시뮬레이션구현원리,2025/2 ~ 2027/2,대학(학부/서울),not_found
H0002256,H0002256,서울 대학,IAI4012,AI의이해원리와딥러닝(IC-PBL),2026/1 ~ 2027/2,대학(학부/서울),not_found
H0002256,H0002256,서울 대학,IAI4013,AI를이용한3D자율주행,2026/1 ~ 2027/2,대학(학부/서울),not_found
H0002256,H0002256,서울 대학,IAI4014,FuriosaAINPU로끝내는멀티모달프로젝트,2026/1 ~ 2027/2,대학(학부/서울),not_found
H0002256,H0002256,서울 대학,IAI4015,생성형AI원리와응용(IC-PBL),2026/1 ~ 2027/2,대학(학부/서울),not_found
H0002256,H0002256,서울 대학,INO0001,유쾌한이노베이션,2003/1 ~ 2027/2,대학(학부/서울),ok
H0002256,H0002256,서울 대학,INV2001,국제개발협력의이해,2019/1 ~ 2026/1,대학(학부/서울),ok
H0002256,H0002256,서울 대학,INV2006,체인지메이커십,2019/1 ~ 2026/1,대학(학부/서울),ok
H0002256,H0002256,서울 대학,INV2009,사회혁신캡스톤디자인(Basic),2020/1 ~ 2026/1,대학(학부/서울),ok
H0002256,H0002256,서울 대학,INV2010,지속가능한도시와소셜리빙랩2,2020/2 ~ 2025/1,대학(학부/서울),ok
H0002256,H0002256,서울 대학,INV3003,체인지메이커액션러닝,2019/1 ~ 2027/2,대학(학부/서울),not_found
H0002256,H0002256,서울 대학,INV3005,체인지메이커액션러닝(일반선택),2020/1 ~ 2027/2,대학(학부/서울),not_found
H0002256,H0002256,서울 대학,INV3006,체인지메이커액션러닝(일반교양),2020/2 ~ 2027/2,대학(학부/서울),not_found
H0002256,H0002256,서울 대학,ISS1001,Beginning Korean Language,2011/1 ~ 2027/2,대학(학부/서울),not_found
H0002256,H0002256,서울 대학,ISS1002,Intermediate Korean Language,2011/1 ~ 2027/2,대학(학부/서울),not_found
H0002256,H0002256,서울 대학,ISS1003,Cross Cultural Documentary Research & Production in Korea,2011/1 ~ 2027/2,대학(학부/서울),not_found
H0002256,H0002256,서울 대학,ISS1004,Understanding a Visual Language in Media,2011/1 ~ 2027/2,대학(학부/서울),not_found
H0002256,H0002256,서울 대학,ISS1006,Seminar: Media Industry in Korea,2011/1 ~ 2027/2,대학(학부/서울),not_found
H0002256,H0002256,서울 대학,ISS1011,International Advertising and Communication,2012/1 ~ 2027/2,대학(학부/서울),not_found
H0002256,H0002256,서울 대학,ISS1012,Introduction to Art History,2012/1 ~ 2027/2,대학(학부/서울),not_found
H0002256,H0002256,서울 대학,ISS1013,Project Management,2012/1 ~ 2027/2,대학(학부/서울),not_found
H0002256,H0002256,서울 대학,ISS1014,Crisis Communication,2012/1 ~ 2027/2,대학(학부/서울),not_found
H0002256,H0002256,서울 대학,ISS1015,Introduction to World Literature,2012/1 ~ 2027/2,대학(학부/서울),not_found
H0002256,H0002256,서울 대학,ISS1017,Art of Self Defense (Taekwondo),2013/1 ~ 2027/2,대학(학부/서울),not_found
H0002256,H0002256,서울 대학,ISS1018,Communicating Through Technology,2013/1 ~ 2027/2,대학(학부/서울),not_found
H0002256,H0002256,서울 대학,ISS1019,Comparative Studies in Criminal Justice System,2013/1 ~ 2027/2,대학(학부/서울),not_found
H0002256,H0002256,서울 대학,ISS1020,Contemporary Art Globally,2013/1 ~ 2027/2,대학(학부/서울),not_found
H0002256,H0002256,서울 대학,ISS1021,Customer Relationship Management (CRM),2013/1 ~ 2027/2,대학(학부/서울),not_found
H0002256,H0002256,서울 대학,ISS1022,East Asian Linguistics,2013/1 ~ 2027/2,대학(학부/서울),not_found
H0002256,H0002256,서울 대학,ISS1023,Emerging Asian Markets and the Global Economic Crisis,2013/1 ~ 2027/2,대학(학부/서울),not_found
H0002256,H0002256,서울 대학,ISS1024,"Gender, Race, and Empire in Asia",2013/1 ~ 2027/2,대학(학부/서울),not_found
H0002256,H0002256,서울 대학,ISS1025,Health Equity & Determinants of Health,2013/1 ~ 2027/2,대학(학부/서울),not_found
H0002256,H0002256,서울 대학,ISS1026,Innovative ID Studio,2013/1 ~ 2027/2,대학(학부/서울),not_found
H0002256,H0002256,서울 대학,ISS1027,Strategic Communication Campaign,2013/1 ~ 2027/2,대학(학부/서울),not_found
H0002256,H0002256,서울 대학,ISS1028,Understanding Modern Business and Management,2013/1 ~ 2027/2,대학(학부/서울),not_found
H0002256,H0002256,서울 대학,ISS1029,Women and Politics,2013/1 ~ 2027/2,대학(학부/서울),not_found
H0002256,H0002256,서울 대학,ISS1031,Introduction to Rehabilitation,2013/1 ~ 2027/2,대학(학부/서울),not_found
H0002256,H0002256,서울 대학,ISS1032,Multicultural Counseling,2013/1 ~ 2027/2,대학(학부/서울),not_found
H0002256,H0002256,서울 대학,ISS1033,History of the Documentary,2013/1 ~ 2027/2,대학(학부/서울),not_found
H0002256,H0002256,서울 대학,ISS1034,Tourism and Recreation,2013/1 ~ 2027/2,대학(학부/서울),not_found
H0002256,H0002256,서울 대학,ISS1035,Contemporary Society and Philosophy,2013/1 ~ 2027/2,대학(학부/서울),not_found
H0002256,H0002256,서울 대학,ISS1036,Understanding U.S. History,2013/1 ~ 2015/2,대학(학부/서울),not_found
H0002256,H0002256,서울 대학,ISS1037,Business Calculus,2014/1 ~ 2027/2,대학(학부/서울),not_found
H0002256,H0002256,서울 대학,ISS1038,Data Science,2014/1 ~ 2027/2,대학(학부/서울),not_found
H0002256,H0002256,서울 대학,ISS1039,East Asian Politics,2014/1 ~ 2027/2,대학(학부/서울),not_found
H0002256,H0002256,서울 대학,ISS1040,"Empire, War and Memory",2014/1 ~ 2027/2,대학(학부/서울),not_found
H0002256,H0002256,서울 대학,ISS1041,Engineer and Society,2014/1 ~ 2027/2,대학(학부/서울),not_found
H0002256,H0002256,서울 대학,ISS1042,Entrepreneurship-Management and Human Development,2014/1 ~ 2027/2,대학(학부/서울),not_found
H0002256,H0002256,서울 대학,ISS1043,Health Equity,2014/1 ~ 2027/2,대학(학부/서울),not_found
H0002256,H0002256,서울 대학,ISS1044,Impact of Electromagnetic Radiation,2014/1 ~ 2027/2,대학(학부/서울),not_found
H0002256,H0002256,서울 대학,ISS1045,International Experiential Marketing,2014/1 ~ 2027/2,대학(학부/서울),not_found
H0002256,H0002256,서울 대학,ISS1046,"Language, Culture and Society in Korea",2014/1 ~ 2027/2,대학(학부/서울),not_found
H0002256,H0002256,서울 대학,ISS1047,Media Constructions,2014/1 ~ 2027/2,대학(학부/서울),not_found
H0002256,H0002256,서울 대학,ISS1048,Numerical Analysis,2014/1 ~ 2027/2,대학(학부/서울),not_found
H0002256,H0002256,서울 대학,ISS1049,Paperclay and Paperporcelain,2014/1 ~ 2027/2,대학(학부/서울),not_found
H0002256,H0002256,서울 대학,ISS1050,The History and Theory of Documentary,2014/1 ~ 2027/2,대학(학부/서울),not_found
H0002256,H0002256,서울 대학,ISS1051,Topics in Korean Arts and Society,2014/1 ~ 2027/2,대학(학부/서울),not_found
H0002256,H0002256,서울 대학,ISS1052,Visual Arts for Elementary Teachers,2014/1 ~ 2027/2,대학(학부/서울),not_found
H0002256,H0002256,서울 대학,ISS1053,Introduction to Education,2014/2 ~ 2027/2,대학(학부/서울),not_found
H0002256,H0002256,서울 대학,ISS1054,Marketing,2014/2 ~ 2027/2,대학(학부/서울),not_found
H0002256,H0002256,서울 대학,ISS1055,Introduction to Political Science,2014/2 ~ 2027/2,대학(학부/서울),not_found
H0002256,H0002256,서울 대학,ISS1056,Ceramic Art,2015/1 ~ 2027/2,대학(학부/서울),not_found
H0002256,H0002256,서울 대학,ISS1057,History of Graphic Design,2015/1 ~ 2027/2,대학(학부/서울),not_found
H0002256,H0002256,서울 대학,ISS1058,Korean Traditional Fan Dance,2015/1 ~ 2027/2,대학(학부/서울),not_found
H0002256,H0002256,서울 대학,ISS1059,Contemporary Environmental and Activist Media,2015/1 ~ 2027/2,대학(학부/서울),not_found
H0002256,H0002256,서울 대학,ISS1060,Photo and Video Journalism,2015/1 ~ 2027/2,대학(학부/서울),not_found
H0002256,H0002256,서울 대학,ISS1061,Art of Film,2015/1 ~ 2027/2,대학(학부/서울),not_found
H0002256,H0002256,서울 대학,ISS1062,"Housing, Family and Community",2015/1 ~ 2027/2,대학(학부/서울),not_found
H0002256,H0002256,서울 대학,ISS1063,Confucian Ethics,2015/1 ~ 2027/2,대학(학부/서울),not_found
H0002256,H0002256,서울 대학,ISS1064,Premodern Chinese Literature,2015/1 ~ 2027/2,대학(학부/서울),not_found
H0002256,H0002256,서울 대학,ISS1065,East Asian Linguistics,2015/1 ~ 2027/2,대학(학부/서울),not_found
H0002256,H0002256,서울 대학,ISS1066,Arab Spring Revolt,2015/1 ~ 2027/2,대학(학부/서울),not_found
H0002256,H0002256,서울 대학,ISS1067,Government and Politics of Middle East and North Africa,2015/1 ~ 2027/2,대학(학부/서울),not_found
H0002256,H0002256,서울 대학,ISS1068,Introduction to Korean Cinema,2015/1 ~ 2027/2,대학(학부/서울),not_found
H0002256,H0002256,서울 대학,ISS1069,Advanced Korean Language,2015/1 ~ 2027/2,대학(학부/서울),not_found
H0002256,H0002256,서울 대학,ISS1070,Adulthood and Aging in South Korea,2015/1 ~ 2027/2,대학(학부/서울),not_found
H0002256,H0002256,서울 대학,ISS1071,Introduction to Research Methods for Social Work,2015/1 ~ 2027/2,대학(학부/서울),not_found
H0002256,H0002256,서울 대학,ISS1072,Introduction to Social Work and Social Welfare,2015/1 ~ 2027/2,대학(학부/서울),not_found
H0002256,H0002256,서울 대학,ISS1073,Introduction to International Studies,2015/1 ~ 2027/2,대학(학부/서울),not_found
H0002256,H0002256,서울 대학,ISS1074,Introduction to International Relations,2015/1 ~ 2027/2,대학(학부/서울),not_found
H0002256,H0002256,서울 대학,ISS1075,Korean Traditional Mask Dance,2016/1 ~ 2027/2,대학(학부/서울),not_found
H0002256,H0002256,서울 대학,ISS1076,Digital Studio,2016/1 ~ 2027/2,대학(학부/서울),not_found
H0002256,H0002256,서울 대학,ISS1077,Korean Civilization,2016/1 ~ 2027/2,대학(학부/서울),not_found
H0002256,H0002256,서울 대학,ISS1078,Mind-body Health,2016/1 ~ 2027/2,대학(학부/서울),not_found
H0002256,H0002256,서울 대학,ISS1079,Architecture Design Studio: Reinterpreting the Korean Hanok,2016/1 ~ 2027/2,대학(학부/서울),not_found
H0002256,H0002256,서울 대학,ISS1080,Gender and Korean Society,2016/1 ~ 2027/2,대학(학부/서울),not_found
H0002256,H0002256,서울 대학,ISS1081,Korean Language 1 (Basic),2016/1 ~ 2027/2,대학(학부/서울),not_found
H0002256,H0002256,서울 대학,ISS1082,Korean Language 2 (Beginning),2016/1 ~ 2027/2,대학(학부/서울),not_found
H0002256,H0002256,서울 대학,ISS1083,Korean Language 3 (Intermediate),2016/1 ~ 2027/2,대학(학부/서울),not_found
H0002256,H0002256,서울 대학,ISS1084,Korean Language 4 (Intermediate),2016/1 ~ 2027/2,대학(학부/서울),not_found
H0002256,H0002256,서울 대학,ISS1085,Engineering Communication,2016/1 ~ 2027/2,대학(학부/서울),not_found
H0002256,H0002256,서울 대학,ISS1086,Asian Cinema,2017/1 ~ 2027/2,대학(학부/서울),not_found
H0002256,H0002256,서울 대학,ISS1087,Korean Beauty and Make-up,2017/1 ~ 2027/2,대학(학부/서울),not_found
H0002256,H0002256,서울 대학,ISS1088,Seminar:Fashion Design for Well-being,2017/1 ~ 2027/2,대학(학부/서울),not_found
H0002256,H0002256,서울 대학,ISS1089,Fundamentals of Business Start-Up,2017/1 ~ 2027/2,대학(학부/서울),not_found
H0002256,H0002256,서울 대학,ISS1090,Adulthood and Aging,2017/1 ~ 2027/2,대학(학부/서울),not_found
H0002256,H0002256,서울 대학,ISS1091,Investments,2017/1 ~ 2027/2,대학(학부/서울),not_found
H0002256,H0002256,서울 대학,ISS1092,Introduction to Computer Graphic,2017/1 ~ 2027/2,대학(학부/서울),not_found
H0002256,H0002256,서울 대학,ISS1093,Look around you:Language and City,2017/1 ~ 2027/2,대학(학부/서울),not_found
H0002256,H0002256,서울 대학,ISS1094,New Neighbors:Refugees and Immigrants,2017/1 ~ 2027/2,대학(학부/서울),not_found
H0002256,H0002256,서울 대학,ISS1095,Human Anatomy,2017/1 ~ 2027/2,대학(학부/서울),not_found
H0002256,H0002256,서울 대학,ISS1096,Principles of Nutrition,2017/1 ~ 2027/2,대학(학부/서울),not_found
H0002256,H0002256,서울 대학,ISS1097,Abnormal Psychology Across Cultures,2017/1 ~ 2027/2,대학(학부/서울),not_found
H0002256,H0002256,서울 대학,ISS1098,Multicultural Psychology,2017/1 ~ 2027/2,대학(학부/서울),not_found
H0002256,H0002256,서울 대학,ISS1099,Psychology of Women,2017/1 ~ 2027/2,대학(학부/서울),not_found
H0002256,H0002256,서울 대학,ISS1100,Operations Research,2017/1 ~ 2027/2,대학(학부/서울),not_found
H0002256,H0002256,서울 대학,ISS1101,Sociology of Religion,2017/1 ~ 2027/2,대학(학부/서울),not_found
H0002256,H0002256,서울 대학,ISS1102,International Organizations,2017/1 ~ 2027/2,대학(학부/서울),not_found
H0002256,H0002256,서울 대학,ISS1103,Numerical Methods for Engineers,2018/1 ~ 2027/2,대학(학부/서울),not_found
H0002256,H0002256,서울 대학,ISS1104,Design Thinking and Product Design Strategy,2018/1 ~ 2027/2,대학(학부/서울),not_found
H0002256,H0002256,서울 대학,ISS1105,Sustainable Business and Development,2018/1 ~ 2027/2,대학(학부/서울),not_found
H0002256,H0002256,서울 대학,ISS1106,International Social Entrepreneurship,2018/1 ~ 2027/2,대학(학부/서울),not_found
H0002256,H0002256,서울 대학,ISS1107,Global Entrepreneurship-Launch your Startup,2018/1 ~ 2027/2,대학(학부/서울),not_found
H0002256,H0002256,서울 대학,ISS1108,Communication & Negotiation Strategy,2018/1 ~ 2027/2,대학(학부/서울),not_found
H0002256,H0002256,서울 대학,ISS1109,International Journalism,2018/1 ~ 2027/2,대학(학부/서울),not_found
H0002256,H0002256,서울 대학,ISS1110,Art of Self Defense 2 (Taekwondo),2018/1 ~ 2027/2,대학(학부/서울),not_found
H0002256,H0002256,서울 대학,ISS1111,Intro to Mass Communication,2018/1 ~ 2027/2,대학(학부/서울),not_found
H0002256,H0002256,서울 대학,ISS1112,Documentary Research Methods,2018/1 ~ 2027/2,대학(학부/서울),not_found
H0002256,H0002256,서울 대학,ISS1113,Environmental Issues In Documentary Films,2018/1 ~ 2027/2,대학(학부/서울),not_found
H0002256,H0002256,서울 대학,ISS1114,Korean Pop Dance,2018/2 ~ 2027/2,대학(학부/서울),not_found
H0002256,H0002256,서울 대학,ISS1115,Korean Pop Vocal,2018/2 ~ 2027/2,대학(학부/서울),not_found
H0002256,H0002256,서울 대학,ISS1116,Epidemiology:Application to Public Health,2019/1 ~ 2027/2,대학(학부/서울),not_found
H0002256,H0002256,서울 대학,ISS1117,Research Project,2019/1 ~ 2027/2,대학(학부/서울),not_found
H0002256,H0002256,서울 대학,ISS1118,Consumer Psychology,2019/1 ~ 2027/2,대학(학부/서울),not_found
H0002256,H0002256,서울 대학,ISS1119,Psychology of Happiness,2019/1 ~ 2027/2,대학(학부/서울),not_found
H0002256,H0002256,서울 대학,ISS1120,Integrated Marketing Communications,2019/1 ~ 2027/2,대학(학부/서울),not_found
H0002256,H0002256,서울 대학,ISS1121,Introduction to Criminology,2019/1 ~ 2027/2,대학(학부/서울),not_found
H0002256,H0002256,서울 대학,ISS1122,International Criminal Justice System,2019/1 ~ 2027/2,대학(학부/서울),not_found
H0002256,H0002256,서울 대학,ISS1123,Civil Rights and Literature,2019/1 ~ 2027/2,대학(학부/서울),not_found
H0002256,H0002256,서울 대학,ISS1124,Literature and Film,2019/1 ~ 2027/2,대학(학부/서울),not_found
H0002256,H0002256,서울 대학,ISS1125,Microprocessor and IoT,2019/1 ~ 2027/2,대학(학부/서울),not_found
H0002256,H0002256,서울 대학,ISS1126,Human Development,2019/1 ~ 2027/2,대학(학부/서울),not_found
H0002256,H0002256,서울 대학,ISS1127,Healthy Life Skills,2019/1 ~ 2027/2,대학(학부/서울),not_found
H0002256,H0002256,서울 대학,ISS1128,Research Project,2019/1 ~ 2027/2,대학(학부/서울),not_found
H0002256,H0002256,서울 대학,ISS1129,Human Physiology,2019/1 ~ 2027/2,대학(학부/서울),not_found
H0002256,H0002256,서울 대학,ISS1130,Stem Cell and Regenerative Medicine,2019/1 ~ 2027/2,대학(학부/서울),not_found
H0002256,H0002256,서울 대학,ISS1131,Fluid Mechanics,2019/1 ~ 2027/2,대학(학부/서울),not_found
H0002256,H0002256,서울 대학,ISS1132,Ceramic Practice,2019/2 ~ 2027/2,대학(학부/서울),not_found
H0002256,H0002256,서울 대학,ISS1133,Communication Strategies and Tactics,2020/2 ~ 2027/2,대학(학부/서울),not_found
H0002256,H0002256,서울 대학,ISS1134,Korean Food and Culture,2020/2 ~ 2027/2,대학(학부/서울),not_found
H0002256,H0002256,서울 대학,ISS1135,Digital Consumer Behavior,2020/2 ~ 2027/2,대학(학부/서울),not_found
H0002256,H0002256,서울 대학,ISS1136,Python for Beginners,2020/2 ~ 2027/2,대학(학부/서울),not_found
H0002256,H0002256,서울 대학,ISS1137,Foundations on Data Science and Visualization,2020/2 ~ 2027/2,대학(학부/서울),not_found
H0002256,H0002256,서울 대학,ISS1138,The Rise of the Korean Wave,2020/2 ~ 2027/2,대학(학부/서울),not_found
H0002256,H0002256,서울 대학,ISS1139,Digital Media Storytelling,2020/2 ~ 2027/2,대학(학부/서울),not_found
H0002256,H0002256,서울 대학,ISS1140,Introduction to Power Electronics,2020/2 ~ 2027/2,대학(학부/서울),not_found
H0002256,H0002256,서울 대학,ISS1141,Transmedia Journalism,2020/2 ~ 2027/2,대학(학부/서울),not_found
H0002256,H0002256,서울 대학,ISS1142,AI and Finance,2020/2 ~ 2027/2,대학(학부/서울),not_found
H0002256,H0002256,서울 대학,ISS1143,Omnibus Lecture Series in STEM,2021/1 ~ 2027/2,대학(학부/서울),not_found
H0002256,H0002256,서울 대학,ISS1144,Introduction to Electronics,2021/1 ~ 2027/2,대학(학부/서울),not_found
H0002256,H0002256,서울 대학,ISS1145,Designing Sustainably,2021/1 ~ 2027/2,대학(학부/서울),not_found
H0002256,H0002256,서울 대학,ISS1146,Interior Urbanism,2021/1 ~ 2027/2,대학(학부/서울),not_found
H0002256,H0002256,서울 대학,ISS1147,Transformative Responsive Environments,2021/1 ~ 2027/2,대학(학부/서울),not_found
H0002256,H0002256,서울 대학,ISS1148,Understanding Collective Intelligence & Encyclopedic Writing through Editing Wikipedia,2021/1 ~ 2027/2,대학(학부/서울),not_found
H0002256,H0002256,서울 대학,ISS1149,Globalization and Society,2021/1 ~ 2027/2,대학(학부/서울),not_found
H0002256,H0002256,서울 대학,ISS1150,K-pop as Transnational Phenomenon,2021/1 ~ 2027/2,대학(학부/서울),not_found
H0002256,H0002256,서울 대학,ISS1151,Understanding Korea through Korean films,2021/1 ~ 2027/2,대학(학부/서울),not_found
H0002256,H0002256,서울 대학,ISS1152,Introduction to Managerial Accounting,2021/1 ~ 2027/2,대학(학부/서울),not_found
H0002256,H0002256,서울 대학,ISS1153,Statistics and Probability for Engineers,2021/1 ~ 2027/2,대학(학부/서울),not_found
H0002256,H0002256,서울 대학,ISS1154,Introduction to Cybersecurity,2021/1 ~ 2027/2,대학(학부/서울),not_found
H0002256,H0002256,서울 대학,ISS1155,Exploring Seoul: Geography of the City,2021/1 ~ 2027/2,대학(학부/서울),not_found
H0002256,H0002256,서울 대학,ISS1156,Geographies of Sustainable Agriculture,2021/1 ~ 2027/2,대학(학부/서울),not_found
H0002256,H0002256,서울 대학,ISS1157,Environmental Issues in Korean & North American Cinema,2021/1 ~ 2027/2,대학(학부/서울),not_found
H0002256,H0002256,서울 대학,ISS1158,Introduction to AI and Deep Learning Basics,2021/1 ~ 2027/2,대학(학부/서울),not_found
H0002256,H0002256,서울 대학,ISS1159,Brand Workshop,2022/1 ~ 2027/2,대학(학부/서울),not_found
H0002256,H0002256,서울 대학,ISS1160,XR Experience Design with Unity,2022/1 ~ 2027/2,대학(학부/서울),not_found
H0002256,H0002256,서울 대학,ISS1161,Introduction to Big Data Analysis,2022/1 ~ 2027/2,대학(학부/서울),not_found
H0002256,H0002256,서울 대학,ISS1162,Creative Programming,2022/1 ~ 2027/2,대학(학부/서울),not_found
H0002256,H0002256,서울 대학,ISS1163,Introduction to Acting,2022/1 ~ 2027/2,대학(학부/서울),not_found
H0002256,H0002256,서울 대학,ISS1164,AI Basics,2022/1 ~ 2027/2,대학(학부/서울),not_found
H0002256,H0002256,서울 대학,ISS1165,Computer Networks,2022/1 ~ 2027/2,대학(학부/서울),not_found
H0002256,H0002256,서울 대학,ISS1166,Understanding of Psychology,2022/1 ~ 2027/2,대학(학부/서울),not_found
H0002256,H0002256,서울 대학,ISS1167,Basic Korean (Level 1),2022/2 ~ 2027/2,대학(학부/서울),not_found
H0002256,H0002256,서울 대학,ISS1168,Basic Korean (Level 2),2022/2 ~ 2027/2,대학(학부/서울),not_found
H0002256,H0002256,서울 대학,ISS1169,Behavioral Insights for International Business,2022/2 ~ 2027/2,대학(학부/서울),not_found
H0002256,H0002256,서울 대학,ISS1170,International Marketing and Content Creation,2022/2 ~ 2027/2,대학(학부/서울),not_found
H0002256,H0002256,서울 대학,ISS1171,Introduction to Microelectronics,2023/1 ~ 2027/2,대학(학부/서울),not_found
H0002256,H0002256,서울 대학,ISS1172,General Physics 1,2023/1 ~ 2027/2,대학(학부/서울),not_found
H0002256,H0002256,서울 대학,ISS1173,General Physics 2,2023/1 ~ 2027/2,대학(학부/서울),not_found
H0002256,H0002256,서울 대학,ISS1174,Exploring Korean Entertainment Business,2023/1 ~ 2027/2,대학(학부/서울),not_found
H0002256,H0002256,서울 대학,ISS1175,Cultural Geography: Exploring Korea Through Film,2023/1 ~ 2027/2,대학(학부/서울),not_found
H0002256,H0002256,서울 대학,ISS1176,East Asian Political Economy,2023/1 ~ 2027/2,대학(학부/서울),not_found
H0002256,H0002256,서울 대학,ISS1177,Politics of Science and Technology,2023/1 ~ 2027/2,대학(학부/서울),not_found
H0002256,H0002256,서울 대학,ISS1178,Beginning Korean Language with K-Culture,2023/1 ~ 2027/2,대학(학부/서울),not_found
H0002256,H0002256,서울 대학,ISS1179,Intermediate Korean Language with K-Culture,2023/1 ~ 2027/2,대학(학부/서울),not_found
H0002256,H0002256,서울 대학,ISS1180,Financial Management and Decision-Making,2023/1 ~ 2027/2,대학(학부/서울),not_found
H0002256,H0002256,서울 대학,ISS1181,Exploring Statistical Analyses Using Korean Data,2023/1 ~ 2027/2,대학(학부/서울),not_found
H0002256,H0002256,서울 대학,ISS1182,Learning Korean Traditions and Culture with Folk Dance,2023/1 ~ 2027/2,대학(학부/서울),not_found
H0002256,H0002256,서울 대학,ISS1183,Investment in Advanced Economies,2023/1 ~ 2027/2,대학(학부/서울),not_found
H0002256,H0002256,서울 대학,ISS1184,Financial Management in Advanced Economies,2023/1 ~ 2027/2,대학(학부/서울),not_found
H0002256,H0002256,서울 대학,ISS1185,The Architectural Imagination,2023/1 ~ 2027/2,대학(학부/서울),not_found
H0002256,H0002256,서울 대학,ISS1186,"Managerial Accounting, Decision-Making Perspective",2023/1 ~ 2027/2,대학(학부/서울),not_found
H0002256,H0002256,서울 대학,ISS1187,East Asian Languages and Cultures,2023/2 ~ 2027/2,대학(학부/서울),not_found
H0002256,H0002256,서울 대학,ISS1188,Contemporary Society and Marketing,2023/2 ~ 2023/2,대학(학부/서울),not_found
H0002256,H0002256,서울 대학,ISS1189,Principles of Microconomics,2023/2 ~ 2027/2,대학(학부/서울),not_found
H0002256,H0002256,서울 대학,ISS1190,Exploring Pop Music,2024/1 ~ 2027/2,대학(학부/서울),not_found
H0002256,H0002256,서울 대학,ISS1191,Advertising & Promotion,2024/1 ~ 2027/2,대학(학부/서울),not_found
H0002256,H0002256,서울 대학,ISS1192,Interactive Media Performance,2024/1 ~ 2027/2,대학(학부/서울),not_found
H0002256,H0002256,서울 대학,ISS1193,Korean Traditional Sogo Dance,2024/1 ~ 2027/2,대학(학부/서울),not_found
H0002256,H0002256,서울 대학,ISS1194,Business Practice in the Asian Market,2024/1 ~ 2027/2,대학(학부/서울),not_found
H0002256,H0002256,서울 대학,ISS1195,Multimedia Marketing and Content Design,2024/1 ~ 2027/2,대학(학부/서울),not_found
H0002256,H0002256,서울 대학,ISS1196,"Health, Environment, Lifestyle and Preserve earth(HELP)",2024/1 ~ 2027/2,대학(학부/서울),not_found
H0002256,H0002256,서울 대학,ISS1197,Cross Cultural Communication,2024/1 ~ 2027/2,대학(학부/서울),not_found
H0002256,H0002256,서울 대학,ISS1198,Marketing for Engineers,2024/1 ~ 2027/2,대학(학부/서울),not_found
H0002256,H0002256,서울 대학,ISS1199,Korea and Japan in the World,2024/1 ~ 2027/2,대학(학부/서울),not_found
H0002256,H0002256,서울 대학,ISS1200,Korean Language and Creative Dance Workshop,2024/1 ~ 2027/2,대학(학부/서울),not_found
H0002256,H0002256,서울 대학,ISS1201,Mobile Storytelling and Social Media,2024/1 ~ 2027/2,대학(학부/서울),not_found
H0002256,H0002256,서울 대학,ISS1202,Creative Computing and Data with Python,2024/2 ~ 2027/2,대학(학부/서울),not_found
H0002256,H0002256,서울 대학,ISS1203,"Culture, Content, Creative Industry and Financial Strategies",2024/2 ~ 2027/2,대학(학부/서울),not_found
H0002256,H0002256,서울 대학,ISS1204,Designing the Future_Creativity with Generative AI,2024/2 ~ 2027/2,대학(학부/서울),not_found
H0002256,H0002256,서울 대학,ISS1205,Future Design & Technology,2024/2 ~ 2027/2,대학(학부/서울),not_found
H0002256,H0002256,서울 대학,ISS1206,Introduction to Behavioral Finance,2024/2 ~ 2027/2,대학(학부/서울),not_found
H0002256,H0002256,서울 대학,ISS1207,Introduction to Ethical Hacking,2024/2 ~ 2027/2,대학(학부/서울),not_found
H0002256,H0002256,서울 대학,ISS1208,Introduction to Korean Architecture and its urban forms,2024/2 ~ 2027/2,대학(학부/서울),not_found
H0002256,H0002256,서울 대학,ISS1209,Jiu-Jitsu and Self Defense,2024/2 ~ 2027/2,대학(학부/서울),not_found
H0002256,H0002256,서울 대학,ISS1210,Korean Dystopian Content : From Train to Busan to Parasite,2024/2 ~ 2027/2,대학(학부/서울),not_found
H0002256,H0002256,서울 대학,ISS1211,Korean Wave Deconstructed,2024/2 ~ 2027/2,대학(학부/서울),not_found
H0002256,H0002256,서울 대학,ISS1212,Nutrition and Disease Prevention,2024/2 ~ 2027/2,대학(학부/서울),not_found
H0002256,H0002256,서울 대학,ISS1213,Racket Sports,2024/2 ~ 2027/2,대학(학부/서울),not_found
H0002256,H0002256,서울 대학,ISS1214,SDGs to Social Innovation,2024/2 ~ 2027/2,대학(학부/서울),not_found
H0002256,H0002256,서울 대학,ISS1215,Visual Communication and Merchandising,2024/2 ~ 2027/2,대학(학부/서울),not_found
H0002256,H0002256,서울 대학,ISS1216,Visual Language of Korea,2024/2 ~ 2027/2,대학(학부/서울),not_found
H0002256,H0002256,서울 대학,ISS1217,Consumer Behaviour,2025/2 ~ 2027/2,대학(학부/서울),not_found
H0002256,H0002256,서울 대학,ISS1218,Creative Fashion Design with AI,2025/2 ~ 2027/2,대학(학부/서울),not_found
H0002256,H0002256,서울 대학,ISS1219,Digital Film and Video Editing,2025/2 ~ 2027/2,대학(학부/서울),not_found
H0002256,H0002256,서울 대학,ISS1220,Entrepreneurship,2025/2 ~ 2027/2,대학(학부/서울),not_found
H0002256,H0002256,서울 대학,ISS1221,Forecasting and Predictive Analytics,2025/2 ~ 2027/2,대학(학부/서울),not_found
H0002256,H0002256,서울 대학,ISS1222,Global English Communication: Real-World Fluency,2025/2 ~ 2027/2,대학(학부/서울),not_found
H0002256,H0002256,서울 대학,ISS1223,Innovation and Project Management,2025/2 ~ 2027/2,대학(학부/서울),not_found
H0002256,H0002256,서울 대학,ISS1224,Introduction to Semiconductor,2025/2 ~ 2027/2,대학(학부/서울),not_found
H0002256,H0002256,서울 대학,ISS1225,"K-Fashion, Creative Design",2025/2 ~ 2027/2,대학(학부/서울),not_found
H0002256,H0002256,서울 대학,ISS1226,Step by Step: Introduction to Line Dance,2025/2 ~ 2027/2,대학(학부/서울),not_found
H0002256,H0002256,서울 대학,ISS1227,Machine Learning for Business,2025/2 ~ 2027/2,대학(학부/서울),not_found
H0002256,H0002256,서울 대학,ISS1228,Marketing Analytics,2025/2 ~ 2027/2,대학(학부/서울),not_found
H0002256,H0002256,서울 대학,ISS1229,Marketing Research,2025/2 ~ 2027/2,대학(학부/서울),not_found
H0002256,H0002256,서울 대학,ISS1230,Outbreak,2025/2 ~ 2027/2,대학(학부/서울),not_found
H0002256,H0002256,서울 대학,ISS1231,R Programming,2025/2 ~ 2027/2,대학(학부/서울),not_found
H0002256,H0002256,서울 대학,ISS1232,Regression Analysis,2025/2 ~ 2027/2,대학(학부/서울),not_found
H0002256,H0002256,서울 대학,ISS1233,Social Psychology: K-Pop Edition,2025/2 ~ 2027/2,대학(학부/서울),not_found
H0002256,H0002256,서울 대학,ISS1234,South Korean Creative Industries,2025/2 ~ 2027/2,대학(학부/서울),not_found
H0002256,H0002256,서울 대학,ISS1235,Startup Strategy with Real Startups,2025/2 ~ 2027/2,대학(학부/서울),not_found
H0002256,H0002256,서울 대학,ISS1236,Introduction to Smart Manufacturing,2025/2 ~ 2027/2,대학(학부/서울),not_found
H0002256,H0002256,서울 대학,ISS1237,K-Culture Communication,2025/1 ~ 2027/2,대학(학부/서울),not_found
H0002256,H0002256,서울 대학,ISS1238,Sustainable Marketing,2025/1 ~ 2027/2,대학(학부/서울),not_found
H0002256,H0002256,서울 대학,ISS1239,AI and Society,2025/1 ~ 2027/2,대학(학부/서울),not_found
H0002256,H0002256,서울 대학,ISS1240,ESG Supply Chain Management,2025/2 ~ 2027/2,대학(학부/서울),not_found
H0002256,H0002256,서울 대학,ISS1241,From Microprocessor to Intelligent IoT,2025/2 ~ 2027/2,대학(학부/서울),not_found
H0002256,H0002256,서울 대학,ISS1242,Korean Goods Design with Hands-on Experience,2025/2 ~ 2027/2,대학(학부/서울),not_found
H0002256,H0002256,서울 대학,ISS1243,Art in Seoul: City as a Living Mutation,2025/2 ~ 2027/2,대학(학부/서울),not_found
H0002256,H0002256,서울 대학,ISS1244,From 8-Bit to Orchestra: The Art and Technology of Video Game Music,2025/2 ~ 2027/2,대학(학부/서울),not_found
H0002256,H0002256,서울 대학,ISS1245,Marketing Data Analytercy(Data Analytics + AI Literacy),2025/2 ~ 2027/2,대학(학부/서울),not_found
H0002256,H0002256,서울 대학,ISS1246,Korean Language and Culture within East Asia,2025/2 ~ 2027/2,대학(학부/서울),not_found
H0002256,H0002256,서울 대학,ISS1247,Basic Korean (Level 0 - Korean Alphabet),2025/2 ~ 2027/2,대학(학부/서울),not_found
H0002256,H0002256,서울 대학,ISS1248,Applied Bioinspiration and Biodesign,2026/1 ~ 2027/2,대학(학부/서울),not_found
H0002256,H0002256,서울 대학,ISS1249,Cultural Re-Engineering in South Korea,2026/1 ~ 2027/2,대학(학부/서울),not_found
H0002256,H0002256,서울 대학,ISS1250,Deep Learning and Visual Intelligence,2026/1 ~ 2027/2,대학(학부/서울),not_found
H0002256,H0002256,서울 대학,ISS1251,Financial Markets 101: From Fundamentals to Contemporary Issues,2026/1 ~ 2027/2,대학(학부/서울),not_found
H0002256,H0002256,서울 대학,ISS1252,"Globalisation, Citizenship & Ethics in the Age of AI",2026/1 ~ 2027/2,대학(학부/서울),not_found
H0002256,H0002256,서울 대학,ISS1253,Introduction to Finance,2026/1 ~ 2027/2,대학(학부/서울),not_found
H0002256,H0002256,서울 대학,ISS1254,Philosophy of Art and Film,2026/1 ~ 2027/2,대학(학부/서울),not_found
H0002256,H0002256,서울 대학,ISS1255,Photojournalism,2026/1 ~ 2027/2,대학(학부/서울),not_found
H0002256,H0002256,서울 대학,ISS1256,Statistics Foundation for AI,2026/1 ~ 2027/2,대학(학부/서울),not_found
H0002256,H0002256,서울 대학,ISS1257,"Strategic Personal Branding: Stories, Values, and Decisions",2026/1 ~ 2027/2,대학(학부/서울),not_found
H0002256,H0002256,서울 대학,ISS1258,Artistic Research on Culture and Nature in Korea,2026/1 ~ 2027/2,대학(학부/서울),not_found
H0002256,H0002256,서울 대학,ISS1259,"Society at a Crossroads: AI, Technology and You",2026/1 ~ 2027/2,대학(학부/서울),not_found
H0002256,H0002256,서울 대학,ISS1260,Introductory Korean (Level 3),2026/1 ~ 2027/2,대학(학부/서울),not_found
H0002256,H0002256,서울 대학,ISS1261,Basic Korean,2026/2 ~ 2027/2,대학(학부/서울),not_found
H0002256,H0002256,서울 대학,ISS4001,Cultural Perspectiveson Substance Abuse and Addictions,2014/1 ~ 2027/2,대학(학부/서울),not_found
H0002256,H0002256,서울 대학,JOB1001,현장실습(단기),2017/1 ~ 2027/2,대학(학부/서울),not_found
H0002256,H0002256,서울 대학,JOB1002,해외단기현장실습,2017/1 ~ 2027/2,대학(학부/서울),not_found
H0002256,H0002256,서울 대학,JOB1005,현장실습(단기)1,2021/2 ~ 2027/2,대학(학부/서울),not_found
H0002256,H0002256,서울 대학,JOB1006,현장실습(단기)2,2021/2 ~ 2027/2,대학(학부/서울),not_found
H0002256,H0002256,서울 대학,JOB2001,현장실습(전공핵심),2017/1 ~ 2027/2,대학(학부/서울),not_found
H0002256,H0002256,서울 대학,JOB2002,현장실습(전공심화),2017/1 ~ 2027/2,대학(학부/서울),not_found
H0002256,H0002256,서울 대학,JOB2003,현장실습(일반교양),2017/1 ~ 2027/2,대학(학부/서울),not_found
H0002256,H0002256,서울 대학,JOB2005,현장실습(일반선택),2017/1 ~ 2027/2,대학(학부/서울),not_found
H0002256,H0002256,서울 대학,JOB3001,현장실습(4+1),2017/1 ~ 2027/2,대학(학부/서울),not_found
H0002256,H0002256,서울 대학,JPS0001,Korean 1,2019/1 ~ 2027/2,대학(학부/서울),not_found
H0002256,H0002256,서울 대학,JPS0002,Korean 2,2019/1 ~ 2027/2,대학(학부/서울),not_found
H0002256,H0002256,서울 대학,JPS0003,Korean 3,2019/1 ~ 2027/2,대학(학부/서울),not_found
H0002256,H0002256,서울 대학,JPS0004,Korean 4,2019/1 ~ 2027/2,대학(학부/서울),not_found
H0002256,H0002256,서울 대학,JPS0005,Korean 5,2019/1 ~ 2027/2,대학(학부/서울),not_found
H0002256,H0002256,서울 대학,JPS0006,Korean 6,2019/1 ~ 2027/2,대학(학부/서울),not_found
H0002256,H0002256,서울 대학,JPS0007,Korean 7,2019/1 ~ 2027/2,대학(학부/서울),not_found
H0002256,H0002256,서울 대학,KLE2009,문학의이해,2003/1 ~ 2027/2,대학(학부/서울),ok
H0002256,H0002256,서울 대학,KOR2040,실용한문,2005/1 ~ 2015/1,대학(학부/서울),ok
H0002256,H0002256,서울 대학,KOR4056,소설과영화,2002/1 ~ 2027/2,대학(학부/서울),ok
H0002256,H0002256,서울 대학,KTM3044,국악전공실기6,1999/1 ~ 1999/2,대학(학부/서울),ok
H0002256,H0002256,서울 대학,LAW1003,소비자보호법,2005/1 ~ 2007/2,대학(학부/서울),ok
H0002256,H0002256,서울 대학,LAW2001,민법총칙,1999/1 ~ 2004/2,대학(학부/서울),ok
H0002256,H0002256,서울 대학,LAW3015,국제법,1999/1 ~ 2004/2,대학(학부/서울),ok
H0002256,H0002256,서울 대학,MAT2001,미분방정식1,1993/1 ~ 1996/2,대학(학부/서울),ok
H0002256,H0002256,서울 대학,MAT2002,미분방정식2,1993/1 ~ 1996/2,대학(학부/서울),ok
H0002256,H0002256,서울 대학,MAT2004,집합론,1993/1 ~ 1996/2,대학(학부/서울),ok
H0002256,H0002256,서울 대학,MEE4001,열전달,1999/1 ~ 2004/2,대학(학부/서울),ok
H0002256,H0002256,서울 대학,MOT0001,예술공학의이해,2017/2 ~ 2027/2,대학(학부/서울),not_found
H0002256,H0002256,서울 대학,MOT0002,특허와지식재산경영,2017/2 ~ 2027/2,대학(학부/서울),not_found
H0002256,H0002256,서울 대학,MOT0003,과학기술정책개론,2017/2 ~ 2027/2,대학(학부/서울),not_found
H0002256,H0002256,서울 대학,MOT0004,디자인과기술혁신,2017/2 ~ 2027/2,대학(학부/서울),not_found
H0002256,H0002256,서울 대학,MOT0005,기술경영공학의이해,2017/2 ~ 2027/2,대학(학부/서울),not_found
H0002256,H0002256,서울 대학,MOT0006,감성마케팅기술,2017/2 ~ 2020/2,대학(학부/서울),ok
H0002256,H0002256,서울 대학,NUR4014,노인간호학,1997/1 ~ 2000/2,대학(학부/서울),ok
H0002256,H0002256,서울 대학,OCH1004,관현악2,1999/1 ~ 1999/2,대학(학부/서울),ok
H0002256,H0002256,서울 대학,OCH1008,관현악전공실기2,1999/1 ~ 1999/2,대학(학부/서울),ok
H0002256,H0002256,서울 대학,OCH2016,관현악전공실기4,1999/1 ~ 1999/2,대학(학부/서울),ok
H0002256,H0002256,서울 대학,OCH4004,관악.현악합주6,1999/1 ~ 1999/2,대학(학부/서울),ok
H0002256,H0002256,서울 대학,PER2001,STS란무엇인가,2015/1 ~ 2026/1,대학(학부/서울),ok
H0002256,H0002256,서울 대학,PER2002,과학기술과문화,2015/1 ~ 2026/1,대학(학부/서울),ok
H0002256,H0002256,서울 대학,PER2003,현대과학기술의윤리적쟁점,2014/2 ~ 2026/1,대학(학부/서울),ok
H0002256,H0002256,서울 대학,PER2004,한국근현대과학기술사,2015/2 ~ 2026/1,대학(학부/서울),ok
H0002256,H0002256,서울 대학,PER2060,지능기술시대를위한과학철학,2016/2 ~ 2027/2,대학(학부/서울),ok
H0002256,H0002256,서울 대학,PER2061,"스마트시대의문자,구술,영상",2016/2 ~ 2027/2,대학(학부/서울),ok
H0002256,H0002256,서울 대학,PER2063,신화와원형의스토리텔링,2016/2 ~ 2027/2,대학(학부/서울),ok
H0002256,H0002256,서울 대학,PER3001,동양의과학기술사상,2015/1 ~ 2027/2,대학(학부/서울),ok
H0002256,H0002256,서울 대학,PER3002,과학기술커뮤니케이션,2015/1 ~ 2018/1,대학(학부/서울),ok
H0002256,H0002256,서울 대학,PER3003,STS특강,2015/2 ~ 2026/1,대학(학부/서울),ok
H0002256,H0002256,서울 대학,PER3004,현대과학기술정책의이해,2015/2 ~ 2026/1,대학(학부/서울),ok
H0002256,H0002256,서울 대학,PER3045,현대사회의갈등관리와인문학,2016/2 ~ 2027/2,대학(학부/서울),ok
H0002256,H0002256,서울 대학,PER4011,과학기술커뮤니케이터글쓰기,2016/1 ~ 2026/1,대학(학부/서울),ok
H0002256,H0002256,서울 대학,PER4012,과학기술커뮤니케이터실습,2015/2 ~ 2026/1,대학(학부/서울),ok
H0002256,H0002256,서울 대학,PHE2020,레크레이션,1997/1 ~ 2015/2,대학(학부/서울),ok
H0002256,H0002256,서울 대학,PHY2008,현대물리학,1993/1 ~ 1996/2,대학(학부/서울),ok
H0002256,H0002256,서울 대학,PHY2009,지구과학,1993/1 ~ 1996/2,대학(학부/서울),ok
H0002256,H0002256,서울 대학,PHY3030,열및통계물리학2,2000/1 ~ 2000/2,대학(학부/서울),ok
H0002256,H0002256,서울 대학,PNO1004,피아노전공실기2,1999/1 ~ 2004/2,대학(학부/서울),ok
H0002256,H0002256,서울 대학,PNO2006,피아노전공실기4,2001/1 ~ 2004/2,대학(학부/서울),ok
H0002256,H0002256,서울 대학,PSD1002,정치와사회,2016/2 ~ 2016/2,대학(학부/서울),ok
H0002256,H0002256,서울 대학,SBC0001,생활속의반도체,2024/2 ~ 2027/2,대학(학부/서울),ok
H0002256,H0002256,서울 대학,SBC0002,반도체8대공정개론,2024/2 ~ 2027/2,대학(학부/서울),ok
H0002256,H0002256,서울 대학,SBC0003,반도체공정과장비의이해,2024/2 ~ 2027/2,대학(학부/서울),ok
H0002256,H0002256,서울 대학,SBC0004,반도체공정응용,2024/2 ~ 2027/2,대학(학부/서울),ok
H0002256,H0002256,서울 대학,SBC0005,플라즈마장비,2024/2 ~ 2027/2,대학(학부/서울),ok
H0002256,H0002256,서울 대학,SBC0006,AI반도체응용기술,2025/1 ~ 2027/2,대학(학부/서울),ok
H0002256,H0002256,서울 대학,SBC0007,AI반도체집적화기술,2025/1 ~ 2027/2,대학(학부/서울),ok
H0002256,H0002256,서울 대학,SBC0008,반도체부품설계공학,2025/2 ~ 2027/2,대학(학부/서울),ok
H0002256,H0002256,서울 대학,SBC0009,AI반도체기술의이해,2026/2 ~ 2027/2,대학(학부/서울),not_found
H0002256,H0002256,서울 대학,SBC5001,차세대디스플레이,2024/2 ~ 2027/2,대학(학부/서울),not_found
H0002256,H0002256,서울 대학,SBC5002,나노소재의물성과산업응용,2024/2 ~ 2027/2,대학(학부/서울),not_found
H0002256,H0002256,서울 대학,SYB1050,희곡론,2000/1 ~ 2027/2,대학(학부/서울),ok
H0002256,H0002256,서울 대학,SYB1051,ASIC설계및연습,2000/1 ~ 2027/2,대학(학부/서울),ok
H0002256,H0002256,서울 대학,SYB1100,시사일본어,2014/1 ~ 2019/2,대학(학부/서울),ok
H0002256,H0002256,서울 대학,SYB1101,실용일본어작문,2014/1 ~ 2019/2,대학(학부/서울),ok
H0002256,H0002256,서울 대학,SYB1102,보건프로그램개발평가,2014/1 ~ 2019/2,대학(학부/서울),ok
H0002256,H0002256,서울 대학,SYB1103,질병및수술분류,2014/1 ~ 2019/2,대학(학부/서울),ok
H0002256,H0002256,서울 대학,SYB1104,전략정보의이해와활용,2014/1 ~ 2019/2,대학(학부/서울),ok
H0002256,H0002256,서울 대학,SYB1105,글로벌인적자원관리,2014/1 ~ 2019/2,대학(학부/서울),ok
H0002256,H0002256,서울 대학,SYB1106,경제학의이해,2014/1 ~ 2019/2,대학(학부/서울),not_found
H0002256,H0002256,서울 대학,SYB1107,정보엔터테인먼트산업론,2014/1 ~ 2019/2,대학(학부/서울),ok
H0002256,H0002256,서울 대학,SYB1108,상권조사및사업타당성분석,2014/1 ~ 2019/2,대학(학부/서울),ok
H0002256,H0002256,서울 대학,SYB1109,전시산업의이해,2014/1 ~ 2019/2,대학(학부/서울),ok
H0002256,H0002256,서울 대학,SYB1110,노인주거산업,2014/1 ~ 2019/2,대학(학부/서울),ok
H0002256,H0002256,서울 대학,SYB1111,실버산업조사방법론,2014/1 ~ 2019/2,대학(학부/서울),ok
H0002256,H0002256,서울 대학,SYB1112,산업디자인1,2014/1 ~ 2019/2,대학(학부/서울),ok
H0002256,H0002256,서울 대학,SYB1113,디자인매니지먼트,2014/1 ~ 2019/2,대학(학부/서울),ok
H0002256,H0002256,서울 대학,SYB1114,멀티미디어응용,2014/2 ~ 2019/2,대학(학부/서울),ok
H0002256,H0002256,서울 대학,SYB1115,통신망융합,2014/2 ~ 2019/2,대학(학부/서울),ok
H0002256,H0002256,서울 대학,SYB1116,집단미술치료,2014/2 ~ 2019/2,대학(학부/서울),ok
H0002256,H0002256,서울 대학,SYB1117,미디어일본어,2014/2 ~ 2019/2,대학(학부/서울),ok
H0002256,H0002256,서울 대학,SYB1118,한일통역입문,2014/2 ~ 2019/2,대학(학부/서울),ok
H0002256,H0002256,서울 대학,SYB1119,청소년문제,2014/2 ~ 2019/2,대학(학부/서울),ok
H0002256,H0002256,서울 대학,SYB1120,무역계약론,2014/2 ~ 2019/2,대학(학부/서울),ok
H0002256,H0002256,서울 대학,SYB1121,경제사의이해,2014/2 ~ 2019/2,대학(학부/서울),ok
H0002256,H0002256,서울 대학,SYB1122,방송영상문화론,2014/2 ~ 2019/2,대학(학부/서울),ok
H0002256,H0002256,서울 대학,SYB1123,방송미디어의이해,2014/2 ~ 2019/2,대학(학부/서울),ok
H0002256,H0002256,서울 대학,SYB1124,실버공학,2014/2 ~ 2019/2,대학(학부/서울),ok
H0002256,H0002256,서울 대학,SYB1125,IT융합공학개론,2015/1 ~ 2027/2,대학(학부/서울),ok
H0002256,H0002256,서울 대학,SYB1126,청소년문화,2015/1 ~ 2019/2,대학(학부/서울),ok
H0002256,H0002256,서울 대학,SYB1127,정보사회학입문,2015/2 ~ 2027/2,대학(학부/서울),ok
H0002256,H0002256,서울 대학,SYB1128,저작권과스마트폰의이해,2016/1 ~ 2027/2,대학(학부/서울),ok
H0002256,H0002256,서울 대학,SYB1130,국제사회복지론,2016/1 ~ 2019/2,대학(학부/서울),ok
H0002256,H0002256,서울 대학,SYB1131,무역금융론,2016/1 ~ 2019/2,대학(학부/서울),ok
H0002256,H0002256,서울 대학,SYB1132,글로벌시대의금융,2016/1 ~ 2019/2,대학(학부/서울),ok
H0002256,H0002256,서울 대학,SYB1133,고령사회와실버세대의이해,2016/1 ~ 2019/2,대학(학부/서울),ok
H0002256,H0002256,서울 대학,SYB1134,실버산업과기업공헌,2016/1 ~ 2019/2,대학(학부/서울),ok
H0002256,H0002256,서울 대학,SYB1135,공간디자인과마케팅,2016/1 ~ 2019/2,대학(학부/서울),ok
H0002256,H0002256,서울 대학,SYB1136,캐릭터디자인,2016/1 ~ 2019/2,대학(학부/서울),ok
H0002256,H0002256,서울 대학,SYB1137,해킹대응실무,2017/2 ~ 2019/2,대학(학부/서울),ok
H0002256,H0002256,서울 대학,SYB1138,장애의이해,2016/2 ~ 2019/2,대학(학부/서울),ok
H0002256,H0002256,서울 대학,SYB1139,사회서비스론,2016/2 ~ 2019/2,대학(학부/서울),ok
H0002256,H0002256,서울 대학,SYB1140,가족법,2016/2 ~ 2019/2,대학(학부/서울),ok
H0002256,H0002256,서울 대학,SYB1141,사업계획과창업실무,2016/2 ~ 2019/2,대학(학부/서울),ok
H0002256,H0002256,서울 대학,SYB1142,청소년미술치료,2017/2 ~ 2027/2,대학(학부/서울),ok
H0002256,H0002256,서울 대학,SYB1143,음악치료,2017/2 ~ 2019/2,대학(학부/서울),ok
H0002256,H0002256,서울 대학,SYB1144,도시공간구조론,2017/2 ~ 2019/2,대학(학부/서울),ok
H0002256,H0002256,서울 대학,SYB1145,중급일본어청취,2017/2 ~ 2019/2,대학(학부/서울),ok
H0002256,H0002256,서울 대학,SYB1146,메뉴관리론,2017/2 ~ 2019/2,대학(학부/서울),ok
H0002256,H0002256,서울 대학,SYB1147,Introduction to Korean,2017/2 ~ 2027/2,대학(학부/서울),ok
H0002256,H0002256,서울 대학,SYB1148,커피아카데미아,2018/1 ~ 2027/2,대학(학부/서울),ok
H0002256,H0002256,서울 대학,SYB1149,프레젠테이션기법,2018/1 ~ 2027/2,대학(학부/서울),ok
H0002256,H0002256,서울 대학,SYB1150,이상심리학,2018/1 ~ 2019/2,대학(학부/서울),ok
H0002256,H0002256,서울 대학,SYB1151,아동발달과병리,2018/1 ~ 2019/2,대학(학부/서울),ok
H0002256,H0002256,서울 대학,SYB1152,성인및노인미술치료,2018/1 ~ 2019/2,대학(학부/서울),ok
H0002256,H0002256,서울 대학,SYB1153,상담및심리치료,2018/1 ~ 2019/2,대학(학부/서울),ok
H0002256,H0002256,서울 대학,SYB1154,놀이지도,2018/1 ~ 2019/2,대학(학부/서울),ok
H0002256,H0002256,서울 대학,SYB1155,가족과문화,2018/1 ~ 2019/2,대학(학부/서울),ok
H0002256,H0002256,서울 대학,SYB1156,가족복지론,2018/1 ~ 2019/2,대학(학부/서울),ok
H0002256,H0002256,서울 대학,SYB1157,부동산투자론,2018/1 ~ 2019/2,대학(학부/서울),ok
H0002256,H0002256,서울 대학,SYB1158,민법총칙,2018/1 ~ 2019/2,대학(학부/서울),ok
H0002256,H0002256,서울 대학,SYB1159,생애재무관리론,2018/2 ~ 2019/2,대학(학부/서울),ok
H0002256,H0002256,서울 대학,SYB1160,창의력향상과비즈니스,2018/2 ~ 2027/2,대학(학부/서울),ok
H0002256,H0002256,서울 대학,SYB1161,자바프로젝트,2018/2 ~ 2019/2,대학(학부/서울),ok
H0002256,H0002256,서울 대학,SYB1162,웹기술,2018/2 ~ 2019/2,대학(학부/서울),ok
H0002256,H0002256,서울 대학,SYB1163,건축도시빅데이터,2018/2 ~ 2019/2,대학(학부/서울),ok
H0002256,H0002256,서울 대학,SYB1164,색채심리학,2018/2 ~ 2027/2,대학(학부/서울),ok
H0002256,H0002256,서울 대학,SYB1165,부동산공법,2018/2 ~ 2019/2,대학(학부/서울),ok
H0002256,H0002256,서울 대학,SYB1166,법정책론,2018/2 ~ 2027/2,대학(학부/서울),ok
H0002256,H0002256,서울 대학,SYB1167,브랜드경영전략,2018/2 ~ 2019/2,대학(학부/서울),ok
H0002256,H0002256,서울 대학,SYB1168,소셜미디어광고마케팅,2018/2 ~ 2019/2,대학(학부/서울),ok
H0002256,H0002256,서울 대학,SYB1169,여행안내,2018/2 ~ 2019/2,대학(학부/서울),ok
H0002256,H0002256,서울 대학,SYB1170,와인과소믈리에론,2018/2 ~ 2019/2,대학(학부/서울),ok
H0002256,H0002256,서울 대학,SYB1171,미술과정신병리,2019/1 ~ 2019/2,대학(학부/서울),ok
H0002256,H0002256,서울 대학,SYB1172,아동학개론,2019/1 ~ 2019/2,대학(학부/서울),ok
H0002256,H0002256,서울 대학,SYB1173,온라인마케팅,2019/1 ~ 2019/2,대학(학부/서울),ok
H0002256,H0002256,서울 대학,SYB1174,정서장애의이해와치료,2019/1 ~ 2019/2,대학(학부/서울),ok
H0002256,H0002256,서울 대학,SYB1175,상담사례연구,2019/1 ~ 2019/2,대학(학부/서울),ok
H0002256,H0002256,서울 대학,SYB1176,사회과학고전읽기,2019/2 ~ 2019/2,대학(학부/서울),ok
H0002256,H0002256,서울 대학,SYB1177,경영자료작성및활용,2019/2 ~ 2019/2,대학(학부/서울),ok
H0002256,H0002256,서울 대학,SYB1178,시사경제와금융지표,2019/2 ~ 2019/2,대학(학부/서울),ok
H0002256,H0002256,서울 대학,SYB1179,국제여행매너,2019/2 ~ 2019/2,대학(학부/서울),ok
H0002256,H0002256,서울 대학,SYB1180,심리측정및검사,2019/2 ~ 2019/2,대학(학부/서울),ok
H0002256,H0002256,서울 대학,SYB1181,사이버수사개론,2019/2 ~ 2019/2,대학(학부/서울),ok
H0002256,H0002256,서울 대학,SYB2037,현대생활과건강관리,2001/1 ~ 2027/2,대학(학부/서울),ok
H0002256,H0002256,서울 대학,SYB2039,회계와사회생활(이공회계),2001/1 ~ 2027/2,대학(학부/서울),ok
H0002256,H0002256,서울 대학,SYB2049,디지털신호처리,2001/1 ~ 2019/2,대학(학부/서울),ok
H0002256,H0002256,서울 대학,SYB2056,인공지능,2001/1 ~ 2019/2,대학(학부/서울),ok
H0002256,H0002256,서울 대학,SYB2089,미디어와사회,2001/1 ~ 2027/2,대학(학부/서울),ok
H0002256,H0002256,서울 대학,SYB2095,여성복지론,2002/1 ~ 2019/2,대학(학부/서울),ok
H0002256,H0002256,서울 대학,SYB2100,교육프로그램평가,2015/1 ~ 2019/2,대학(학부/서울),ok
H0002256,H0002256,서울 대학,SYB2101,계량경제학의기초,2015/1 ~ 2019/2,대학(학부/서울),ok
H0002256,H0002256,서울 대학,SYB2102,시스템해킹실무,2017/1 ~ 2019/2,대학(학부/서울),ok
H0002256,H0002256,서울 대학,SYB2103,정보검색과빅데이터,2017/1 ~ 2019/2,대학(학부/서울),ok
H0002256,H0002256,서울 대학,SYB2104,창의적미술치료,2017/1 ~ 2019/2,대학(학부/서울),ok
H0002256,H0002256,서울 대학,SYB2105,방과후아동지도론,2017/1 ~ 2019/2,대학(학부/서울),ok
H0002256,H0002256,서울 대학,SYB2106,시사영어청취,2017/1 ~ 2019/2,대학(학부/서울),ok
H0002256,H0002256,서울 대학,SYB2107,도시주택경제론,2017/1 ~ 2019/2,대학(학부/서울),ok
H0002256,H0002256,서울 대학,SYB2108,다문화사회복지론,2017/1 ~ 2019/2,대학(학부/서울),ok
H0002256,H0002256,서울 대학,SYB2109,IMC전략의이해,2017/1 ~ 2019/2,대학(학부/서울),ok
H0002256,H0002256,서울 대학,SYB2110,신상품마케팅,2017/1 ~ 2019/2,대학(학부/서울),ok
H0002256,H0002256,서울 대학,SYB2111,보도홍보실무론,2017/1 ~ 2019/2,대학(학부/서울),ok
H0002256,H0002256,서울 대학,SYB2112,여행상품개발,2017/1 ~ 2019/2,대학(학부/서울),ok
H0002256,H0002256,서울 대학,SYB2113,인터페이스디자인,2017/1 ~ 2019/2,대학(학부/서울),not_found
H0002256,H0002256,서울 대학,SYB3029,자료구조론,2001/1 ~ 2019/2,대학(학부/서울),ok
H0002256,H0002256,서울 대학,SYB3064,C프로그래밍,2002/1 ~ 2019/2,대학(학부/서울),not_found
H0002256,H0002256,서울 대학,SYB3067,데이터베이스론,2001/1 ~ 2027/2,대학(학부/서울),ok
H0002256,H0002256,서울 대학,SYB3094,디지털포토그래피,2002/1 ~ 2019/2,대학(학부/서울),ok
H0002256,H0002256,서울 대학,SYB3100,교수설계전략,2015/1 ~ 2019/2,대학(학부/서울),ok
H0002256,H0002256,서울 대학,SYB3101,의료정보관리학,2015/1 ~ 2019/2,대학(학부/서울),ok
H0002256,H0002256,서울 대학,SYB3102,국제시장조사론,2015/1 ~ 2019/2,대학(학부/서울),ok
H0002256,H0002256,서울 대학,SYB3103,사회복지상담의이론과실제,2015/1 ~ 2027/2,대학(학부/서울),ok
H0002256,H0002256,서울 대학,SYB4028,C프로그래밍1,2003/1 ~ 2019/2,대학(학부/서울),ok
H0002256,H0002256,서울 대학,SYB4032,교수매체의이해,2003/1 ~ 2019/2,대학(학부/서울),ok
H0002256,H0002256,서울 대학,SYB4034,웹기반시스템과S/W활용1,2003/1 ~ 2019/2,대학(학부/서울),ok
H0002256,H0002256,서울 대학,SYB4036,디지털조형연습1,2003/1 ~ 2027/2,대학(학부/서울),ok
H0002256,H0002256,서울 대학,SYB4037,생활속의디자인,2003/1 ~ 2019/2,대학(학부/서울),ok
H0002256,H0002256,서울 대학,SYB4062,ASIC설계및실습,2003/1 ~ 2027/2,대학(학부/서울),ok
H0002256,H0002256,서울 대학,SYB4063,C#프로그래밍,2003/1 ~ 2027/2,대학(학부/서울),ok
H0002256,H0002256,서울 대학,SYB4100,호텔관광외식상품기획,2015/1 ~ 2019/2,대학(학부/서울),ok
H0002256,H0002256,서울 대학,SYB4101,시니어비즈니스세미나,2015/1 ~ 2019/2,대학(학부/서울),ok
H0002256,H0002256,서울 대학,SYB4102,일한번역연습,2015/1 ~ 2019/2,대학(학부/서울),ok
H0002256,H0002256,서울 대학,SYB5004,C프로그래밍2,2003/1 ~ 2019/2,대학(학부/서울),ok
H0002256,H0002256,서울 대학,SYB5011,웹기반시스템과S/W 활용2,2003/1 ~ 2019/2,대학(학부/서울),ok
H0002256,H0002256,서울 대학,SYB5021,디지털조형연습2,2003/1 ~ 2019/2,대학(학부/서울),ok
H0002256,H0002256,서울 대학,SYB5026,3차원영상의기초,2003/1 ~ 2027/2,대학(학부/서울),ok
H0002256,H0002256,서울 대학,SYB5044,E-비즈니스개론,2003/1 ~ 2027/2,대학(학부/서울),not_found
H0002256,H0002256,서울 대학,SYB5051,교육용컨텐츠개발,2004/1 ~ 2019/2,대학(학부/서울),ok
H0002256,H0002256,서울 대학,SYB5064,자원봉사론,2004/1 ~ 2019/2,대학(학부/서울),ok
H0002256,H0002256,서울 대학,SYB5100,일본현대소설독해,2015/2 ~ 2019/2,대학(학부/서울),ok
H0002256,H0002256,서울 대학,SYB5101,현대일본의경제,2015/2 ~ 2019/2,대학(학부/서울),ok
H0002256,H0002256,서울 대학,SYB5102,부동산금융론,2015/2 ~ 2019/2,대학(학부/서울),ok
H0002256,H0002256,서울 대학,SYB5103,사례관리론,2015/2 ~ 2019/2,대학(학부/서울),not_found
H0002256,H0002256,서울 대학,SYB5104,조사방법론,2015/2 ~ 2019/2,대학(학부/서울),ok
H0002256,H0002256,서울 대학,SYB5105,비교의료제도론,2015/2 ~ 2019/2,대학(학부/서울),not_found
H0002256,H0002256,서울 대학,SYB5106,물권법론,2015/2 ~ 2019/2,대학(학부/서울),ok
H0002256,H0002256,서울 대학,SYB5107,시니어비즈니스컨설팅,2015/2 ~ 2019/2,대학(학부/서울),ok
H0002256,H0002256,서울 대학,SYB5108,노인문화프로그램개발,2015/2 ~ 2019/2,대학(학부/서울),ok
H0002256,H0002256,서울 대학,SYB5109,광고디자인,2015/2 ~ 2019/2,대학(학부/서울),ok
H0002256,H0002256,서울 대학,SYB5110,디자인기획2,2015/2 ~ 2019/2,대학(학부/서울),ok
H0002256,H0002256,서울 대학,SYB6003,CMOS회로설계1,2004/1 ~ 2027/2,대학(학부/서울),ok
H0002256,H0002256,서울 대학,SYB6050,3D입체영상기술,2005/1 ~ 2027/2,대학(학부/서울),ok
H0002256,H0002256,서울 대학,SYB6081,회로이론2,2005/1 ~ 2019/2,대학(학부/서울),ok
H0002256,H0002256,서울 대학,SYB6087,21세기리더십,2005/1 ~ 2019/2,대학(학부/서울),ok
H0002256,H0002256,서울 대학,SYB7052,공학영어2,2006/1 ~ 2019/2,대학(학부/서울),ok
H0002256,H0002256,서울 대학,SYB7063,풍수지리와생활공간,2006/1 ~ 2019/2,대학(학부/서울),ok
H0002256,H0002256,서울 대학,SYB7068,3D시네마의기초,2006/1 ~ 2027/2,대학(학부/서울),ok
H0002256,H0002256,서울 대학,SYB7080,21세기성공론,2007/1 ~ 2019/2,대학(학부/서울),ok
H0002256,H0002256,서울 대학,SYB8003,국제협상및로비론,2007/1 ~ 2019/2,대학(학부/서울),ok
H0002256,H0002256,서울 대학,SYB8009,디지털애니메이션,2007/1 ~ 2019/2,대학(학부/서울),ok
H0002256,H0002256,서울 대학,SYB8024,5.18과민주인권,2008/1 ~ 2027/2,대학(학부/서울),ok
H0002256,H0002256,서울 대학,SYB8025,6시그마경영,2008/1 ~ 2027/2,대학(학부/서울),ok
H0002256,H0002256,서울 대학,SYB8058,도시마케팅,2009/1 ~ 2019/2,대학(학부/서울),ok
H0002256,H0002256,서울 대학,SYB8060,영상처리특론,2009/1 ~ 2019/2,대학(학부/서울),ok
H0002256,H0002256,서울 대학,SYB8072,관광가이드일본어,2009/1 ~ 2019/2,대학(학부/서울),ok
H0002256,H0002256,서울 대학,SYB8080,박물관과교육,2009/1 ~ 2019/2,대학(학부/서울),ok
H0002256,H0002256,서울 대학,SYB8087,유아와멀티미디어,2009/1 ~ 2019/2,대학(학부/서울),ok
H0002256,H0002256,서울 대학,SYB8090,실버금융자산관리론,2009/1 ~ 2027/2,대학(학부/서울),ok
H0002256,H0002256,서울 대학,SYB8093,애니메이션무브먼트,2009/1 ~ 2019/2,대학(학부/서울),ok
H0002256,H0002256,서울 대학,SYB8094,관광정책론,2009/1 ~ 2019/2,대학(학부/서울),ok
H0002256,H0002256,서울 대학,SYB8096,제품디자인스튜디오,2009/1 ~ 2019/2,대학(학부/서울),ok
H0002256,H0002256,서울 대학,SYB8097,인터렉티브미디어디자인,2009/1 ~ 2019/2,대학(학부/서울),ok
H0002256,H0002256,서울 대학,SYB8098,1인미디어와융합콘텐츠,2012/1 ~ 2027/2,대학(학부/서울),ok
H0002256,H0002256,서울 대학,SYB8099,문화콘텐츠스토리텔링전략,2009/1 ~ 2027/2,대학(학부/서울),ok
H0002256,H0002256,서울 대학,SYB9000,외식프랜차이징,2009/1 ~ 2019/2,대학(학부/서울),ok
H0002256,H0002256,서울 대학,SYB9002,학습이론의이해와적용,2009/1 ~ 2019/2,대학(학부/서울),ok
H0002256,H0002256,서울 대학,SYB9003,다중지능교육의이론과실제,2009/1 ~ 2019/2,대학(학부/서울),ok
H0002256,H0002256,서울 대학,SYB9019,교육영상매체제작,2009/1 ~ 2019/2,대학(학부/서울),ok
H0002256,H0002256,서울 대학,SYB9023,서비스경영,2009/1 ~ 2019/2,대학(학부/서울),ok
H0002256,H0002256,서울 대학,SYB9024,광고와문화콘텐츠,2009/1 ~ 2019/2,대학(학부/서울),ok
H0002256,H0002256,서울 대학,SYB9026,글로벌스포츠관광,2009/1 ~ 2019/2,대학(학부/서울),ok
H0002256,H0002256,서울 대학,SYB9027,게임디자인스튜디오,2009/1 ~ 2019/2,대학(학부/서울),ok
H0002256,H0002256,서울 대학,SYB9030,그린IT의이해,2012/1 ~ 2027/2,대학(학부/서울),ok
H0002256,H0002256,서울 대학,SYB9031,문화기술과사회변동,2012/1 ~ 2027/2,대학(학부/서울),ok
H0002256,H0002256,서울 대학,SYB9032,문화콘텐츠마케팅전략의수립과집행,2012/1 ~ 2027/2,대학(학부/서울),ok
H0002256,H0002256,서울 대학,SYB9033,웰니스와삶의질,2012/1 ~ 2027/2,대학(학부/서울),ok
H0002256,H0002256,서울 대학,SYB9035,음식과세계문화,2012/1 ~ 2027/2,대학(학부/서울),ok
H0002256,H0002256,서울 대학,SYB9036,글로벌시대의예술과가치,2012/1 ~ 2027/2,대학(학부/서울),ok
H0002256,H0002256,서울 대학,SYB9037,고객관계관리,2012/1 ~ 2027/2,대학(학부/서울),ok
H0002256,H0002256,서울 대학,SYB9042,지적법규의이해,2012/1 ~ 2019/2,대학(학부/서울),ok
H0002256,H0002256,서울 대학,SYB9044,데이터베이스관리,2012/1 ~ 2019/2,대학(학부/서울),ok
H0002256,H0002256,서울 대학,SYB9046,세법,2012/1 ~ 2019/2,대학(학부/서울),ok
H0002256,H0002256,서울 대학,SYB9048,영상디자인론,2012/1 ~ 2019/2,대학(학부/서울),ok
H0002256,H0002256,서울 대학,SYB9050,모션그래픽스,2012/1 ~ 2019/2,대학(학부/서울),ok
H0002256,H0002256,서울 대학,SYB9052,노인요양산업개론,2012/1 ~ 2019/2,대학(학부/서울),ok
H0002256,H0002256,서울 대학,SYB9063,현대사회와미디어,2012/1 ~ 2027/2,대학(학부/서울),ok
H0002256,H0002256,서울 대학,SYB9064,현대노인과여가,2012/1 ~ 2019/2,대학(학부/서울),ok
H0002256,H0002256,서울 대학,SYB9068,지속가능발전교육,2013/1 ~ 2019/2,대학(학부/서울),ok
H0002256,H0002256,서울 대학,SYB9069,정보보안개론1,2013/1 ~ 2019/2,대학(학부/서울),ok
H0002256,H0002256,서울 대학,SYB9070,공학도를위한경영학원론,2013/1 ~ 2019/2,대학(학부/서울),ok
H0002256,H0002256,서울 대학,SYB9071,21세기기업의인재상,2013/1 ~ 2027/2,대학(학부/서울),ok
H0002256,H0002256,서울 대학,SYB9072,영어교육론,2013/1 ~ 2019/2,대학(학부/서울),ok
H0002256,H0002256,서울 대학,SYB9073,미술치료매체연구,2013/1 ~ 2019/2,대학(학부/서울),ok
H0002256,H0002256,서울 대학,SYB9074,일본어발음연습,2013/1 ~ 2019/2,대학(학부/서울),ok
H0002256,H0002256,서울 대학,SYB9075,보건교육학,2013/1 ~ 2019/2,대학(학부/서울),ok
H0002256,H0002256,서울 대학,SYB9076,e-비즈니스전략,2013/1 ~ 2019/2,대학(학부/서울),ok
H0002256,H0002256,서울 대학,SYB9077,재무회계,2013/1 ~ 2019/2,대학(학부/서울),ok
H0002256,H0002256,서울 대학,SYB9078,노인케어기술론,2013/1 ~ 2019/2,대학(학부/서울),ok
H0002256,H0002256,서울 대학,SYB9079,기초공간디자인,2013/1 ~ 2019/2,대학(학부/서울),ok
H0002256,H0002256,서울 대학,SYB9080,디자인조사방법,2013/1 ~ 2019/2,대학(학부/서울),ok
H0002256,H0002256,서울 대학,SYB9081,장애인복지론,2013/1 ~ 2019/2,대학(학부/서울),ok
H0002256,H0002256,서울 대학,SYB9082,색채심리와현대생활,2013/1 ~ 2027/2,대학(학부/서울),ok
H0002256,H0002256,서울 대학,SYB9083,알기쉬운녹색경영과CSR,2013/1 ~ 2019/2,대학(학부/서울),ok
H0002256,H0002256,서울 대학,SYB9084,교수설계모형연습,2013/1 ~ 2019/2,대학(학부/서울),ok
H0002256,H0002256,서울 대학,SYB9085,통번역의이론과실제,2013/1 ~ 2019/2,대학(학부/서울),ok
H0002256,H0002256,서울 대학,SYB9086,교과교재연구및지도법,2013/1 ~ 2019/2,대학(학부/서울),ok
H0002256,H0002256,서울 대학,SYB9087,미술치료표현기법,2013/1 ~ 2019/2,대학(학부/서울),ok
H0002256,H0002256,서울 대학,SYB9088,진로및직업상담,2013/1 ~ 2019/2,대학(학부/서울),ok
H0002256,H0002256,서울 대학,SYB9089,중급일본어강독,2013/1 ~ 2019/2,대학(학부/서울),ok
H0002256,H0002256,서울 대학,SYB9090,부동산세무실무,2013/1 ~ 2019/2,대학(학부/서울),ok
H0002256,H0002256,서울 대학,SYB9091,사회복지윤리와철학,2013/1 ~ 2019/2,대학(학부/서울),ok
H0002256,H0002256,서울 대학,SYB9092,국제재무관리및국제금융론,2013/1 ~ 2019/2,대학(학부/서울),ok
H0002256,H0002256,서울 대학,SYB9093,미디어커뮤니케이션과효과론,2013/1 ~ 2019/2,대학(학부/서울),ok
H0002256,H0002256,서울 대학,SYB9094,호텔외식회계,2013/1 ~ 2019/2,대학(학부/서울),ok
H0002256,H0002256,서울 대학,SYB9095,실버산업컨설팅,2013/1 ~ 2019/2,대학(학부/서울),ok
H0002256,H0002256,서울 대학,SYB9096,성공하는문화콘텐츠소재개발전략,2014/1 ~ 2027/2,대학(학부/서울),ok
H0002256,H0002256,서울 대학,SYB9097,수학과문화,2014/1 ~ 2027/2,대학(학부/서울),ok
H0002256,H0002256,서울 대학,SYB9098,생활속의계약과협상,2014/1 ~ 2027/2,대학(학부/서울),ok
H0002256,H0002256,서울 대학,SYB9099,전략적의사결정과문제해결,2014/1 ~ 2027/2,대학(학부/서울),ok
H0002256,H0002256,서울 대학,SYB9102,미래소비사회와상품,2018/2 ~ 2027/2,대학(학부/서울),ok
H0002256,H0002256,서울 대학,SYB9103,행복한금융생활,2018/2 ~ 2027/2,대학(학부/서울),ok
H0002256,H0002256,서울 대학,SYB9104,현대사회와신소재,2018/2 ~ 2027/2,대학(학부/서울),ok
H0002256,H0002256,서울 대학,SYB9105,4차산업혁명으로의항해,2018/2 ~ 2027/2,대학(학부/서울),ok
H0002256,H0002256,서울 대학,SYB9106,취업리더십1:성공DNA,2026/1 ~ 2027/2,대학(학부/서울),not_found
H0002256,H0002256,서울 대학,SYB9111,모두의스타트업코딩,2019/2 ~ 2027/2,대학(학부/서울),ok
H0002256,H0002256,서울 대학,SYB9112,"화폐와금융의과거,현재,그리고미래",2019/2 ~ 2027/2,대학(학부/서울),ok
H0002256,H0002256,서울 대학,SYB9113,외국인학생을위한실용한국어,2020/1 ~ 2027/2,대학(학부/서울),not_found
H0002256,H0002256,서울 대학,SYB9115,긍정컴퓨팅을통한인간과인공지능의공존,2020/1 ~ 2027/2,대학(학부/서울),not_found
H0002256,H0002256,서울 대학,SYB9116,일상생활과세금,2020/1 ~ 2027/2,대학(학부/서울),ok
H0002256,H0002256,서울 대학,SYB9117,파워포인트디자인,2020/1 ~ 2027/2,대학(학부/서울),ok
H0002256,H0002256,서울 대학,SYB9118,도시관광의이해,2020/1 ~ 2027/2,대학(학부/서울),ok
H0002256,H0002256,서울 대학,SYB9119,그림으로배우는사이버일본어,2020/1 ~ 2027/2,대학(학부/서울),ok
H0002256,H0002256,서울 대학,SYB9120,기초영어학습전략,2020/1 ~ 2027/2,대학(학부/서울),ok
H0002256,H0002256,서울 대학,SYB9121,외국문화와관광영어,2020/1 ~ 2027/2,대학(학부/서울),ok
H0002256,H0002256,서울 대학,SYB9122,공동주거관리론,2020/1 ~ 2027/2,대학(학부/서울),ok
H0002256,H0002256,서울 대학,SYB9123,크리에이터영상제작론,2020/1 ~ 2027/2,대학(학부/서울),ok
H0002256,H0002256,서울 대학,SYB9124,세계도시건축,2020/2 ~ 2027/2,대학(학부/서울),ok
H0002256,H0002256,서울 대학,SYB9125,사회복지실천과현장,2020/2 ~ 2027/2,대학(학부/서울),ok
H0002256,H0002256,서울 대학,SYB9127,글로벌영어의역사,2020/2 ~ 2027/2,대학(학부/서울),ok
H0002256,H0002256,서울 대학,SYB9128,비즈니스모델디자인과린스타트업활동,2020/2 ~ 2027/2,대학(학부/서울),ok
H0002256,H0002256,서울 대학,SYB9129,언어의품격:언어바르고품위있게사용하기,2025/2 ~ 2027/2,대학(학부/서울),not_found
H0002256,H0002256,서울 대학,SYB9130,빅데이터시대의ESG트렌드,2025/2 ~ 2027/2,대학(학부/서울),not_found
H0002256,H0002256,서울 대학,SYB9131,AI와첫만남-우린Data로말해,2026/1 ~ 2027/2,대학(학부/서울),ok
H0002256,H0002256,서울 대학,SYB9132,서비스기획실전:AI활용하기,2026/1 ~ 2027/2,대학(학부/서울),ok
H0002256,H0002256,서울 대학,SYB9133,나도콘텐츠크리에이터:AI로배우는창작,2026/1 ~ 2027/2,대학(학부/서울),ok
H0002256,H0002256,서울 대학,SYB9134,코딩없이배우는데이터분석실무:노코드AI,2026/1 ~ 2027/2,대학(학부/서울),ok
H0002256,H0002256,서울 대학,SYB9135,아이디어를현실로:바이브코딩,2026/1 ~ 2027/2,대학(학부/서울),ok
H0002256,H0002256,서울 대학,SYB9136,알고리즘및컴퓨터적사고,2026/1 ~ 2027/2,대학(학부/서울),not_found
H0002256,H0002256,서울 대학,SYB9137,통계적학습및인공지능,2026/1 ~ 2027/2,대학(학부/서울),ok
H0002256,H0002256,서울 대학,SYB9138,현실속의수학,2026/1 ~ 2027/2,대학(학부/서울),ok
H0002256,H0002256,서울 대학,SYB9139,전자기학과미래산업,2026/1 ~ 2027/2,대학(학부/서울),not_found
H0002256,H0002256,서울 대학,SYB9140,일상속의역학:힘과운동의비밀,2026/1 ~ 2027/2,대학(학부/서울),not_found
H0002256,H0002256,서울 대학,SYB9141,생화학으로읽는몸과세계,2026/1 ~ 2027/2,대학(학부/서울),not_found
H0002256,H0002256,서울 대학,SYB9142,"세상속의화학:물질,에너지,환경",2026/1 ~ 2027/2,대학(학부/서울),ok
H0002256,H0002256,서울 대학,SYB9145,"AI리터러시,아는것이힘이다",2026/2 ~ 2027/2,대학(학부/서울),not_found
H0002256,H0002256,서울 대학,SYB9146,AI활용의기초와윤리,2026/2 ~ 2027/2,대학(학부/서울),not_found
H0002256,H0002256,서울 대학,SYH0001,사랑의실천1(한양나눔),2008/1 ~ 2027/2,대학(학부/서울),ok
H0002256,H0002256,서울 대학,SYH0002,사랑의실천2(스마트커뮤니케이션),2008/1 ~ 2027/2,대학(학부/서울),not_found
H0002256,H0002256,서울 대학,SYH0003,사랑의실천3(기업가정신),2009/1 ~ 2027/2,대학(학부/서울),not_found
H0002256,H0002256,서울 대학,SYH0004,사랑의실천4(미래실용인재),2009/1 ~ 2027/2,대학(학부/서울),ok
H0002256,H0002256,서울 대학,TEA5001,국어교과교육론,2011/1 ~ 2014/2,대학(학부/서울),ok
H0002256,H0002256,서울 대학,TEA5002,중국어교과교육론,2011/1 ~ 2014/2,대학(학부/서울),ok
H0002256,H0002256,서울 대학,TEA5003,철학교과교육론,2011/1 ~ 2014/2,대학(학부/서울),ok
H0002256,H0002256,서울 대학,TEA5004,영어교과교육론,2011/1 ~ 2014/2,대학(학부/서울),ok
H0002256,H0002256,서울 대학,TEA5005,독일어교과교육론,2011/1 ~ 2014/2,대학(학부/서울),ok
H0002256,H0002256,서울 대학,TEA5006,역사교과교육론,2011/1 ~ 2014/2,대학(학부/서울),ok
H0002256,H0002256,서울 대학,TEA5007,연극영화교과교육론,2011/1 ~ 2014/2,대학(학부/서울),ok
H0002256,H0002256,서울 대학,TEA5008,공업교과교육론,2011/1 ~ 2014/2,대학(학부/서울),ok
H0002256,H0002256,서울 대학,TEA5009,수학교과교육론,2011/1 ~ 2014/2,대학(학부/서울),ok
H0002256,H0002256,서울 대학,TEA5010,물리교과교육론,2011/1 ~ 2014/2,대학(학부/서울),ok
H0002256,H0002256,서울 대학,TEA5011,화학교과교육론,2011/1 ~ 2014/2,대학(학부/서울),ok
H0002256,H0002256,서울 대학,TEA5012,생물교과교육론,2011/1 ~ 2014/2,대학(학부/서울),ok
H0002256,H0002256,서울 대학,TEA5013,일반사회교과교육론,2011/1 ~ 2014/2,대학(학부/서울),ok
H0002256,H0002256,서울 대학,TEA5014,상업교과교육론,2011/1 ~ 2014/2,대학(학부/서울),ok
H0002256,H0002256,서울 대학,TEA5015,가정교과교육론,2011/1 ~ 2014/2,대학(학부/서울),ok
H0002256,H0002256,서울 대학,TEA5016,음악교과교육론,2011/1 ~ 2014/2,대학(학부/서울),ok
H0002256,H0002256,서울 대학,TEA5017,체육교과교육론,2011/1 ~ 2014/2,대학(학부/서울),ok
H0002256,H0002256,서울 대학,TEA5020,관광교과교육론,2011/1 ~ 2014/2,대학(학부/서울),ok
H0002256,H0002256,서울 대학,TEA6001,국어교과교재연구및지도,2012/1 ~ 2015/2,대학(학부/서울),ok
H0002256,H0002256,서울 대학,TEA6003,철학교과교재연구및지도,2012/1 ~ 2015/2,대학(학부/서울),ok
H0002256,H0002256,서울 대학,TEA6006,역사교과교재연구및지도,2012/1 ~ 2015/2,대학(학부/서울),ok
H0002256,H0002256,서울 대학,TEA6007,연극영화교과교재연구및지도,2012/1 ~ 2015/2,대학(학부/서울),ok
H0002256,H0002256,서울 대학,TEA6008,공업교과교재연구및지도,2012/1 ~ 2015/2,대학(학부/서울),ok
H0002256,H0002256,서울 대학,TEA6009,수학교과교재연구및지도,2012/1 ~ 2015/2,대학(학부/서울),ok
H0002256,H0002256,서울 대학,TEA6013,일반사회교과교재연구및지도,2012/1 ~ 2015/2,대학(학부/서울),ok
H0002256,H0002256,서울 대학,TEA6014,상업교과교재연구및지도,2012/1 ~ 2015/2,대학(학부/서울),ok
H0002256,H0002256,서울 대학,TEA6015,가정교과교재연구및지도,2012/1 ~ 2015/2,대학(학부/서울),ok
H0002256,H0002256,서울 대학,TEA6016,음악교과교재연구및지도,2012/1 ~ 2015/2,대학(학부/서울),ok
H0002256,H0002256,서울 대학,TEA6017,체육교과교재연구및지도,2012/1 ~ 2015/2,대학(학부/서울),ok
H0002256,H0002256,서울 대학,TEA6020,관광교과교재연구및지도,2012/1 ~ 2015/2,대학(학부/서울),ok
H0002256,H0002256,서울 대학,URE3001,단지계획,2000/1 ~ 2004/2,대학(학부/서울),ok
H0002256,H0002256,서울 대학,VEN2001,창업기초:창업과기업가정신,2015/1 ~ 2027/2,대학(학부/서울),ok
H0002256,H0002256,서울 대학,VEN2002,창업실습:실전창업워크숍1,2015/1 ~ 2027/2,대학(학부/서울),ok
H0002256,H0002256,서울 대학,VEN2003,창업심화:스타트업 A to Z,2015/1 ~ 2027/2,대학(학부/서울),ok
H0002256,H0002256,서울 대학,VEN2005,창업기초:디자인씽킹,2015/2 ~ 2027/2,대학(학부/서울),ok
H0002256,H0002256,서울 대학,VEN2009,창업기초:스타트업기업가정신의이해와사례,2015/2 ~ 2027/2,대학(학부/서울),ok
H0002256,H0002256,서울 대학,VEN2011,Business Model Schema,2016/2 ~ 2022/1,대학(학부/서울),ok
H0002256,H0002256,서울 대학,VEN2012,스타트업트렌드1,2016/2 ~ 2027/2,대학(학부/서울),ok
H0002256,H0002256,서울 대학,VEN2013,스타트업트렌드2,2016/2 ~ 2027/2,대학(학부/서울),ok
H0002256,H0002256,서울 대학,VEN2014,창업기초:사회적기업가정신액션러닝,2016/2 ~ 2027/2,대학(학부/서울),ok
H0002256,H0002256,서울 대학,VEN2015,레드라이언을위한씽씽스타트업1,2017/2 ~ 2027/2,대학(학부/서울),ok
H0002256,H0002256,서울 대학,VEN2017,창업기초:사업기회의발견,2020/1 ~ 2027/2,대학(학부/서울),ok
H0002256,H0002256,서울 대학,VEN2018,창업심화:스타트업마케팅,2020/1 ~ 2027/2,대학(학부/서울),ok
H0002256,H0002256,서울 대학,VEN2021,세상을바꾸는스타트업이야기,2024/1 ~ 2025/2,대학(학부/서울),ok
H0002256,H0002256,서울 대학,VEN2031,미디어AI크리에이터창업의기초,2026/1 ~ 2027/2,대학(학부/서울),ok
H0002256,H0002256,서울 대학,VEN3001,창업심화:스타트업법률이슈,2015/2 ~ 2027/2,대학(학부/서울),ok
H0002256,H0002256,서울 대학,VEN3002,창업심화:스타트업특허,2015/2 ~ 2027/2,대학(학부/서울),ok
H0002256,H0002256,서울 대학,VEN3004,창업실습:협력적비즈니스모델의성공조건,2015/2 ~ 2027/2,대학(학부/서울),ok
H0002256,H0002256,서울 대학,VEN3005,창업실습:캠퍼스CEO,2015/2 ~ 2027/2,대학(학부/서울),ok
H0002256,H0002256,서울 대학,VEN3006,창업실습1,2015/2 ~ 2027/2,대학(학부/서울),ok
H0002256,H0002256,서울 대학,VEN3007,창업실습2,2016/1 ~ 2027/2,대학(학부/서울),ok
H0002256,H0002256,서울 대학,VEN3008,창업기초:글로벌스타트업멘토링,2016/1 ~ 2027/2,대학(학부/서울),ok
H0002256,H0002256,서울 대학,VEN3009,창업심화:스타트업투자유치전략,2016/1 ~ 2027/2,대학(학부/서울),ok
H0002256,H0002256,서울 대학,VEN3010,창업기초:3D프린팅이해와활용,2016/1 ~ 2027/2,대학(학부/서울),ok
H0002256,H0002256,서울 대학,VEN3011,창업기초:문화예술산업의이해,2016/1 ~ 2027/2,대학(학부/서울),ok
H0002256,H0002256,서울 대학,VEN3012,창업실습:3D프린팅스타트업,2016/2 ~ 2027/2,대학(학부/서울),ok
H0002256,H0002256,서울 대학,VEN3013,창업실습:도전크라우드펀딩,2017/2 ~ 2027/2,대학(학부/서울),ok
H0002256,H0002256,서울 대학,VEN3014,창업실습:스타트랙1,2019/1 ~ 2027/2,대학(학부/서울),ok
H0002256,H0002256,서울 대학,VEN3017,클라우드비즈니스모델,2021/1 ~ 2027/2,대학(학부/서울),ok
H0002256,H0002256,서울 대학,VEN3018,창업실무:고객데이터분석및활용기초,2022/1 ~ 2027/2,대학(학부/서울),ok
H0002256,H0002256,서울 대학,VEN3019,창업실무:쉽게배우는모바일앱개발,2022/1 ~ 2027/2,대학(학부/서울),ok
H0002256,H0002256,서울 대학,VEN3020,창업실무:모바일게임프로그래밍기초,2022/2 ~ 2027/2,대학(학부/서울),ok
H0002256,H0002256,서울 대학,VEN3021,창업실무:금융DT와핀테크SW기초,2022/2 ~ 2027/2,대학(학부/서울),ok
H0002256,H0002256,서울 대학,VEN3024,창업가정신과사회적혁신,2023/2 ~ 2027/2,대학(학부/서울),ok
H0002256,H0002256,서울 대학,VEN3025,창업실무:엔엘코드(No-LowCode)를활용한IT서비스기획,2024/1 ~ 2027/2,대학(학부/서울),ok
H0002256,H0002256,서울 대학,VEN4001,창업실습:캡스톤디자인,2015/2 ~ 2027/2,대학(학부/서울),ok
H0002256,H0002256,서울 대학,VEN4003,블록체인과비즈니스모델,2018/2 ~ 2027/2,대학(학부/서울),ok
H0002256,H0002256,서울 대학,VEN4006,창업심화:스타트업경영전략,2024/1 ~ 2027/2,대학(학부/서울),ok
H0002256,H0002256,서울 대학,VEN4007,창업실습:실전창업워크숍2,2026/2 ~ 2027/2,대학(학부/서울),not_found
H0002256,H0002256,서울 대학,VEN6001,스타트업토크콘서트,2015/2 ~ 2027/2,대학(학부/서울),ok
H0002256,H0002256,서울 대학,VOC1004,성악전공실기2,2000/1 ~ 2000/2,대학(학부/서울),ok
H0002256,H0002737,성악과,CMU1011,합창1,1989/1 ~ 2027/2,성악과(학부/서울),ok
H0002256,H0002737,성악과,CMU1012,합창2,1989/1 ~ 2027/2,성악과(학부/서울),ok
H0002256,H0002737,성악과,CMU1041,시창및청음1,1989/1 ~ 2027/2,성악과(학부/서울),ok
H0002256,H0002737,성악과,CMU1042,시창및청음2,1989/1 ~ 2027/2,성악과(학부/서울),ok
H0002256,H0002737,성악과,CMU2011,합창3,1990/1 ~ 2028/2,성악과(학부/서울),ok
H0002256,H0002737,성악과,CMU2012,합창4,1990/1 ~ 2028/2,성악과(학부/서울),ok
H0002256,H0002737,성악과,CMU2031,서양음악사1,1989/1 ~ 2016/2,성악과(학부/서울),ok
H0002256,H0002737,성악과,CMU2032,서양음악사2,1989/1 ~ 2016/2,성악과(학부/서울),ok
H0002256,H0002737,성악과,CMU2041,시창및청음3,1990/1 ~ 2028/2,성악과(학부/서울),ok
H0002256,H0002737,성악과,CMU2042,시창및청음4,1990/1 ~ 2028/2,성악과(학부/서울),ok
H0002256,H0002737,성악과,CMU3003,전공쏠페지오1,1991/1 ~ 2029/2,성악과(학부/서울),ok
H0002256,H0002737,성악과,CMU3004,전공쏠페지오2,1991/1 ~ 2029/2,성악과(학부/서울),ok
H0002256,H0002737,성악과,CMU3011,합창5,1991/1 ~ 2029/2,성악과(학부/서울),ok
H0002256,H0002737,성악과,CMU3012,합창6,1991/1 ~ 2029/2,성악과(학부/서울),ok
H0002256,H0002737,성악과,CMU3031,서양음악사3,1990/1 ~ 2017/2,성악과(학부/서울),ok
H0002256,H0002737,성악과,CMU3032,서양음악사4,1990/1 ~ 2017/2,성악과(학부/서울),ok
H0002256,H0002737,성악과,CMU4011,합창7,2010/1 ~ 2018/2,성악과(학부/서울),ok
H0002256,H0002737,성악과,CMU4012,합창8,2010/1 ~ 2018/2,성악과(학부/서울),ok
H0002256,H0002737,성악과,CMU4053,전공쏠페지오3,2012/1 ~ 2030/2,성악과(학부/서울),ok
H0002256,H0002737,성악과,CMU4054,전공쏠페지오4,2012/1 ~ 2030/2,성악과(학부/서울),ok
H0002256,H0002737,성악과,COP1006,화성학1,1989/1 ~ 1992/2,성악과(학부/서울),ok
H0002256,H0002737,성악과,COP1007,화성학2,1989/1 ~ 1992/2,성악과(학부/서울),ok
H0002256,H0002737,성악과,COP1051,건반화성1,1990/1 ~ 2005/2,성악과(학부/서울),ok
H0002256,H0002737,성악과,COP1052,건반화성2,1990/1 ~ 2005/2,성악과(학부/서울),ok
H0002256,H0002737,성악과,COP1063,음악이론1,2005/1 ~ 2027/2,성악과(학부/서울),ok
H0002256,H0002737,성악과,COP1064,음악이론2,2005/1 ~ 2027/2,성악과(학부/서울),ok
H0002256,H0002737,성악과,COP2001,대위법1,1989/1 ~ 1996/2,성악과(학부/서울),ok
H0002256,H0002737,성악과,COP2002,대위법2,1989/1 ~ 1996/2,성악과(학부/서울),ok
H0002256,H0002737,성악과,COP2003,악기론1,1997/1 ~ 2004/2,성악과(학부/서울),ok
H0002256,H0002737,성악과,COP2004,악기론2,1997/1 ~ 2004/2,성악과(학부/서울),ok
H0002256,H0002737,성악과,COP2037,음악이론3,2006/1 ~ 2028/2,성악과(학부/서울),ok
H0002256,H0002737,성악과,COP2038,음악이론4,2006/1 ~ 2028/2,성악과(학부/서울),ok
H0002256,H0002737,성악과,COP2049,피아노실습(건반화성)1,2014/1 ~ 2016/2,성악과(학부/서울),ok
H0002256,H0002737,성악과,COP2050,피아노실습(건반화성)2,2014/1 ~ 2016/2,성악과(학부/서울),ok
H0002256,H0002737,성악과,COP3004,대위법3,1990/1 ~ 1997/2,성악과(학부/서울),ok
H0002256,H0002737,성악과,COP3009,대위법4,1990/1 ~ 1997/2,성악과(학부/서울),ok
H0002256,H0002737,성악과,COP3061,연주와비평5,2007/1 ~ 2021/2,성악과(학부/서울),ok
H0002256,H0002737,성악과,COP3062,연주와비평6,2007/1 ~ 2021/2,성악과(학부/서울),ok
H0002256,H0002737,성악과,COP3076,연주를위한음악분석1,2015/1 ~ 2017/2,성악과(학부/서울),ok
H0002256,H0002737,성악과,COP3077,연주를위한음악분석2,2015/1 ~ 2017/2,성악과(학부/서울),ok
H0002256,H0002737,성악과,COP3078,음악회제작캡스톤디자인,2014/1 ~ 2017/2,성악과(학부/서울),ok
H0002256,H0002737,성악과,COP4043,중등음악교육실습1,2012/1 ~ 2018/2,성악과(학부/서울),ok
H0002256,H0002737,성악과,COP4044,중등음악교육실습2,2009/1 ~ 2018/2,성악과(학부/서울),ok
H0002256,H0002737,성악과,CUL0005,말과글,1997/1 ~ 2027/2,성악과(학부/서울),ok
H0002256,H0002737,성악과,CUL0011,창의적컴퓨팅,2017/1 ~ 2027/2,성악과(학부/서울),ok
H0002256,H0002737,성악과,CUL0202,문화기술인간,2025/1 ~ 2027/2,성악과(학부/서울),ok
H0002256,H0002737,성악과,CUL0204,통합사고와읽기의기술,2025/1 ~ 2027/2,성악과(학부/서울),ok
H0002256,H0002737,성악과,CUL0206,Personal Branding in Digital Markets,2026/1 ~ 2028/2,성악과(학부/서울),ok
H0002256,H0002737,성악과,CUL0208,스토리텔링의설계와전략,2026/1 ~ 2028/2,성악과(학부/서울),ok
H0002256,H0002737,성악과,CUL1122,창의적프로그래밍,2023/1 ~ 2028/2,성악과(학부/서울),ok
H0002256,H0002737,성악과,CUL1138,인공지능과기계학습,2023/1 ~ 2028/2,성악과(학부/서울),ok
H0002256,H0002737,성악과,GEN1040,초급독일어,1998/1 ~ 2005/2,성악과(학부/서울),ok
H0002256,H0002737,성악과,GEN3041,초급중국어1,2009/1 ~ 2012/2,성악과(학부/서울),ok
H0002256,H0002737,성악과,GEN3073,연주와비평1,1994/1 ~ 2027/2,성악과(학부/서울),ok
H0002256,H0002737,성악과,GEN3074,연주와비평2,1994/1 ~ 2027/2,성악과(학부/서울),ok
H0002256,H0002737,성악과,GEN3075,연주와비평3,1995/1 ~ 2028/2,성악과(학부/서울),ok
H0002256,H0002737,성악과,GEN3076,연주와비평4,1995/1 ~ 2028/2,성악과(학부/서울),ok
H0002256,H0002737,성악과,GEN4091,과학기술의철학적이해,2009/1 ~ 2027/2,성악과(학부/서울),ok
H0002256,H0002737,성악과,GEN5029,커리어개발Ⅰ:취.창업진로로드맵,2005/1 ~ 2027/2,성악과(학부/서울),ok
H0002256,H0002737,성악과,GEN5100,커리어개발Ⅱ:취.창업진로포트폴리오,2015/1 ~ 2029/2,성악과(학부/서울),ok
H0002256,H0002737,성악과,GEN6032,전문학술영어,2010/1 ~ 2028/2,성악과(학부/서울),ok
H0002256,H0002737,성악과,GEN6044,한양사회봉사,2009/1 ~ 2014/2,성악과(학부/서울),ok
H0002256,H0002737,성악과,KTM1001,국악개론1,1995/1 ~ 1998/2,성악과(학부/서울),ok
H0002256,H0002737,성악과,KTM1002,국악개론 2,1995/1 ~ 1998/2,성악과(학부/서울),ok
H0002256,H0002737,성악과,KTM1084,국악개론및감상1,2013/1 ~ 2015/2,성악과(학부/서울),ok
H0002256,H0002737,성악과,KTM1085,국악개론및감상2,2013/1 ~ 2015/2,성악과(학부/서울),ok
H0002256,H0002737,성악과,OCH4011,지휘법1,1991/1 ~ 1994/2,성악과(학부/서울),ok
H0002256,H0002737,성악과,OCH4012,지휘법2,1991/1 ~ 1994/2,성악과(학부/서울),ok
H0002256,H0002737,성악과,PBL4008,성악과캡스톤PBL,2019/1 ~ 2022/2,성악과(학부/서울),ok
H0002256,H0002737,성악과,SYH0001,사랑의실천1(한양나눔),2007/1 ~ 2027/2,성악과(학부/서울),ok
H0002256,H0002737,성악과,SYH0002,사랑의실천2(스마트커뮤니케이션),2008/1 ~ 2028/2,성악과(학부/서울),not_found
H0002256,H0002737,성악과,SYH0003,사랑의실천3(기업가정신),2011/1 ~ 2029/2,성악과(학부/서울),not_found
H0002256,H0002737,성악과,SYH0004,사랑의실천4(미래실용인재),2012/1 ~ 2030/2,성악과(학부/서울),ok
H0002256,H0002737,성악과,TEA3036,음악논리및논술,2015/1 ~ 2029/2,성악과(학부/서울),ok
H0002256,H0002737,성악과,TEA5016,음악교과교육론,2011/1 ~ 2029/2,성악과(학부/서울),ok
H0002256,H0002737,성악과,TEA6016,음악교과교재연구및지도,2012/1 ~ 2030/2,성악과(학부/서울),ok
H0002256,H0002737,성악과,VOC1003,성악전공실기1,1999/1 ~ 2027/2,성악과(학부/서울),ok
H0002256,H0002737,성악과,VOC1004,성악전공실기2,1999/1 ~ 2027/2,성악과(학부/서울),ok
H0002256,H0002737,성악과,VOC1005,독일어딕션1,2005/1 ~ 2016/2,성악과(학부/서울),ok
H0002256,H0002737,성악과,VOC1006,독일어딕션2,2005/1 ~ 2016/2,성악과(학부/서울),ok
H0002256,H0002737,성악과,VOC1009,이태리어딕션1,2013/1 ~ 2015/2,성악과(학부/서울),ok
H0002256,H0002737,성악과,VOC1010,이태리어딕션2,2013/1 ~ 2015/2,성악과(학부/서울),ok
H0002256,H0002737,성악과,VOC1011,딕션1,2016/1 ~ 2027/2,성악과(학부/서울),ok
H0002256,H0002737,성악과,VOC1012,피아노실습1,2016/1 ~ 2027/2,성악과(학부/서울),ok
H0002256,H0002737,성악과,VOC1013,딕션2,2016/1 ~ 2027/2,성악과(학부/서울),ok
H0002256,H0002737,성악과,VOC1014,피아노실습2,2016/1 ~ 2027/2,성악과(학부/서울),ok
H0002256,H0002737,성악과,VOC2059,성악전공실기3,1999/1 ~ 2028/2,성악과(학부/서울),ok
H0002256,H0002737,성악과,VOC2060,성악전공실기4,1999/1 ~ 2028/2,성악과(학부/서울),ok
H0002256,H0002737,성악과,VOC2067,무대연기법1,2014/1 ~ 2016/2,성악과(학부/서울),ok
H0002256,H0002737,성악과,VOC2068,무대연기법2,2014/1 ~ 2016/2,성악과(학부/서울),ok
H0002256,H0002737,성악과,VOC2069,피아노실습3,2017/1 ~ 2028/2,성악과(학부/서울),ok
H0002256,H0002737,성악과,VOC2070,딕션3,2017/1 ~ 2028/2,성악과(학부/서울),ok
H0002256,H0002737,성악과,VOC2071,무대예술1,2017/1 ~ 2028/2,성악과(학부/서울),ok
H0002256,H0002737,성악과,VOC2072,피아노실습4,2017/1 ~ 2028/2,성악과(학부/서울),ok
H0002256,H0002737,성악과,VOC2073,딕션4,2017/1 ~ 2028/2,성악과(학부/서울),ok
H0002256,H0002737,성악과,VOC2074,무대예술2,2017/1 ~ 2028/2,성악과(학부/서울),ok
H0002256,H0002737,성악과,VOC3033,성악전공실기5,1999/1 ~ 2029/2,성악과(학부/서울),ok
H0002256,H0002737,성악과,VOC3034,성악전공실기6,1999/1 ~ 2029/2,성악과(학부/서울),ok
H0002256,H0002737,성악과,VOC3040,프랑스어딕션1,2007/1 ~ 2017/2,성악과(학부/서울),ok
H0002256,H0002737,성악과,VOC3046,프랑스어딕션2,2007/1 ~ 2017/2,성악과(학부/서울),ok
H0002256,H0002737,성악과,VOC3048,예술가곡실습1,2015/1 ~ 2017/2,성악과(학부/서울),ok
H0002256,H0002737,성악과,VOC3049,오페라워크샵1,2015/1 ~ 2017/2,성악과(학부/서울),ok
H0002256,H0002737,성악과,VOC3050,예술가곡실습2,2015/1 ~ 2017/2,성악과(학부/서울),ok
H0002256,H0002737,성악과,VOC3051,오페라워크샵2,2015/1 ~ 2017/2,성악과(학부/서울),ok
H0002256,H0002737,성악과,VOC3052,딕션5,2018/1 ~ 2029/2,성악과(학부/서울),ok
H0002256,H0002737,성악과,VOC3053,가곡과앙상블1,2018/1 ~ 2029/2,성악과(학부/서울),ok
H0002256,H0002737,성악과,VOC3054,무대예술3,2018/1 ~ 2029/2,성악과(학부/서울),ok
H0002256,H0002737,성악과,VOC3055,딕션6,2018/1 ~ 2029/2,성악과(학부/서울),ok
H0002256,H0002737,성악과,VOC3056,가곡과앙상블2,2018/1 ~ 2029/2,성악과(학부/서울),ok
H0002256,H0002737,성악과,VOC3057,무대예술4,2018/1 ~ 2029/2,성악과(학부/서울),ok
H0002256,H0002737,성악과,VOC3058,연주기획과평론1,2022/1 ~ 2029/2,성악과(학부/서울),ok
H0002256,H0002737,성악과,VOC3059,연주기획과평론2,2022/1 ~ 2029/2,성악과(학부/서울),ok
H0002256,H0002737,성악과,VOC4001,성악앙상블1,1991/1 ~ 2018/2,성악과(학부/서울),ok
H0002256,H0002737,성악과,VOC4002,성악앙상블2,1991/1 ~ 2018/2,성악과(학부/서울),ok
H0002256,H0002737,성악과,VOC4008,성악문헌1,2014/1 ~ 2029/2,성악과(학부/서울),ok
H0002256,H0002737,성악과,VOC4009,성악문헌2,2014/1 ~ 2029/2,성악과(학부/서울),ok
H0002256,H0002737,성악과,VOC4021,한국가곡문헌1,1996/1 ~ 2030/2,성악과(학부/서울),ok
H0002256,H0002737,성악과,VOC4022,한국가곡문헌2,1996/1 ~ 2030/2,성악과(학부/서울),ok
H0002256,H0002737,성악과,VOC4027,성악전공실기7,1999/1 ~ 2030/2,성악과(학부/서울),ok
H0002256,H0002737,성악과,VOC4028,성악전공실기8,1999/1 ~ 2030/2,성악과(학부/서울),ok
H0002256,H0002737,성악과,VOC4029,영어딕션1,2008/1 ~ 2018/2,성악과(학부/서울),ok
H0002256,H0002737,성악과,VOC4043,영어딕션2,2008/1 ~ 2018/2,성악과(학부/서울),ok
H0002256,H0002737,성악과,VOC4052,예술경영및마케팅1,2016/1 ~ 2018/2,성악과(학부/서울),ok
H0002256,H0002737,성악과,VOC4053,예술가곡실습3,2016/1 ~ 2018/2,성악과(학부/서울),ok
H0002256,H0002737,성악과,VOC4054,오페라워크샵3,2016/1 ~ 2018/2,성악과(학부/서울),ok
H0002256,H0002737,성악과,VOC4055,예술경영및마케팅2,2016/1 ~ 2018/2,성악과(학부/서울),ok
H0002256,H0002737,성악과,VOC4056,예술가곡실습4,2016/1 ~ 2018/2,성악과(학부/서울),ok
H0002256,H0002737,성악과,VOC4057,오페라워크샵4,2016/1 ~ 2018/2,성악과(학부/서울),ok
H0002256,H0002737,성악과,VOC4058,성악마스터클래스1,2019/1 ~ 2022/2,성악과(학부/서울),ok
H0002256,H0002737,성악과,VOC4059,딕션7,2019/1 ~ 2030/2,성악과(학부/서울),ok
H0002256,H0002737,성악과,VOC4060,가곡과앙상블3,2019/1 ~ 2022/2,성악과(학부/서울),ok
H0002256,H0002737,성악과,VOC4061,무대예술5,2019/1 ~ 2030/2,성악과(학부/서울),ok
H0002256,H0002737,성악과,VOC4062,성악마스터클래스2,2019/1 ~ 2022/2,성악과(학부/서울),not_found
H0002256,H0002737,성악과,VOC4063,딕션8,2019/1 ~ 2030/2,성악과(학부/서울),ok
H0002256,H0002737,성악과,VOC4064,가곡과앙상블4,2019/1 ~ 2022/2,성악과(학부/서울),ok
H0002256,H0002737,성악과,VOC4065,무대예술6,2019/1 ~ 2030/2,성악과(학부/서울),ok
H0002256,H0002737,성악과,VOC4066,예술가곡1,2023/1 ~ 2030/2,성악과(학부/서울),ok
H0002256,H0002737,성악과,VOC4067,예술가곡2,2023/1 ~ 2030/2,성악과(학부/서울),ok
H0002256,H0002518,소프트웨어전공,COE1011,실용공학연구2,2018/2 ~ 2021/2,소프트웨어전공,ok
H0002256,H0002518,소프트웨어전공,COE1012,실용공학연구3,2019/1 ~ 2022/2,소프트웨어전공,ok
H0002256,H0002518,소프트웨어전공,COE1013,실용공학연구4,2018/2 ~ 2022/2,소프트웨어전공,ok
H0002256,H0002518,소프트웨어전공,COE3051,공업수학1,2017/1 ~ 2020/2,소프트웨어전공,ok
H0002256,H0002518,소프트웨어전공,CSE2010,자료구조론,2017/1 ~ 2020/2,소프트웨어전공,ok
H0002256,H0002518,소프트웨어전공,CSE4006,소프트웨어공학,2014/1 ~ 2021/2,소프트웨어전공,ok
H0002256,H0002518,소프트웨어전공,CSE4007,인공지능,2014/1 ~ 2021/2,소프트웨어전공,ok
H0002256,H0002518,소프트웨어전공,CSE4009,시스템프로그래밍,2017/1 ~ 2020/2,소프트웨어전공,ok
H0002256,H0002518,소프트웨어전공,CSE4020,컴퓨터그래픽스,2014/1 ~ 2021/2,소프트웨어전공,ok
H0002256,H0002518,소프트웨어전공,CUL0005,말과글,2012/1 ~ 2019/2,소프트웨어전공,ok
H0002256,H0002518,소프트웨어전공,CUL3011,일반물리학및실험1,2012/1 ~ 2019/2,소프트웨어전공,ok
H0002256,H0002518,소프트웨어전공,EIS1015,임베디드시스템설계,2015/1 ~ 2022/2,소프트웨어전공,ok
H0002256,H0002518,소프트웨어전공,ELE3021,운영체제,2018/1 ~ 2021/2,소프트웨어전공,ok
H0002256,H0002518,소프트웨어전공,ELE4029,컴파일러설계,2014/2 ~ 2021/2,소프트웨어전공,ok
H0002256,H0002518,소프트웨어전공,ENE4014,프로그래밍언어론,2014/1 ~ 2021/2,소프트웨어전공,ok
H0002256,H0002518,소프트웨어전공,ENE4019,컴퓨터네트워크,2013/1 ~ 2020/2,소프트웨어전공,ok
H0002256,H0002518,소프트웨어전공,ENE4041,마이크로프로세서응용,2017/1 ~ 2020/2,소프트웨어전공,ok
H0002256,H0002518,소프트웨어전공,GEN2026,논리학,2013/1 ~ 2015/2,소프트웨어전공,ok
H0002256,H0002518,소프트웨어전공,GEN2052,미분적분학1,2012/1 ~ 2019/2,소프트웨어전공,ok
H0002256,H0002518,소프트웨어전공,GEN2053,미분적분학2,2012/1 ~ 2019/2,소프트웨어전공,ok
H0002256,H0002518,소프트웨어전공,GEN4091,과학기술의철학적이해,2013/1 ~ 2019/2,소프트웨어전공,ok
H0002256,H0002518,소프트웨어전공,GEN5026,테크노경영학(스타트업종합설계),2012/1 ~ 2021/2,소프트웨어전공,ok
H0002256,H0002518,소프트웨어전공,GEN5029,커리어개발Ⅰ:취.창업진로로드맵,2012/1 ~ 2019/2,소프트웨어전공,ok
H0002256,H0002518,소프트웨어전공,GEN5100,커리어개발Ⅱ:취.창업진로포트폴리오,2015/1 ~ 2021/2,소프트웨어전공,ok
H0002256,H0002518,소프트웨어전공,GEN6006,특허법의이해,2013/1 ~ 2016/2,소프트웨어전공,ok
H0002256,H0002518,소프트웨어전공,GEN6032,전문학술영어,2012/1 ~ 2020/2,소프트웨어전공,ok
H0002256,H0002518,소프트웨어전공,GEN6044,한양사회봉사,2012/1 ~ 2014/2,소프트웨어전공,ok
H0002256,H0002518,소프트웨어전공,GEN6094,전공현장실습1,2014/1 ~ 2016/2,소프트웨어전공,ok
H0002256,H0002518,소프트웨어전공,GEN6095,전공현장실습2,2014/1 ~ 2016/2,소프트웨어전공,ok
H0002256,H0002518,소프트웨어전공,ITE1014,소프트웨어입문설계,2012/1 ~ 2019/2,소프트웨어전공,ok
H0002256,H0002518,소프트웨어전공,ITE1015,창의적소프트웨어프로그래밍,2012/1 ~ 2019/2,소프트웨어전공,ok
H0002256,H0002518,소프트웨어전공,ITE1016,전공멘토링1,2012/1 ~ 2022/2,소프트웨어전공,ok
H0002256,H0002518,소프트웨어전공,ITE1017,전공멘토링2,2012/1 ~ 2022/2,소프트웨어전공,ok
H0002256,H0002518,소프트웨어전공,ITE2015,디지털논리,2017/1 ~ 2020/2,소프트웨어전공,ok
H0002256,H0002518,소프트웨어전공,ITE2026,자료구조및알고리즘,2013/1 ~ 2020/2,소프트웨어전공,ok
H0002256,H0002518,소프트웨어전공,ITE2027,컴퓨터구성및어셈블리프로그래밍,2013/1 ~ 2020/2,소프트웨어전공,ok
H0002256,H0002518,소프트웨어전공,ITE2028,소프트웨어시스템설계,2013/1 ~ 2014/2,소프트웨어전공,ok
H0002256,H0002518,소프트웨어전공,ITE2029,전공멘토링3,2013/1 ~ 2014/2,소프트웨어전공,ok
H0002256,H0002518,소프트웨어전공,ITE2031,컴퓨터구조론,2013/1 ~ 2021/2,소프트웨어전공,ok
H0002256,H0002518,소프트웨어전공,ITE2032,운영체제및시스템프로그래밍,2013/1 ~ 2020/2,소프트웨어전공,ok
H0002256,H0002518,소프트웨어전공,ITE2034,데이터베이스모델링및응용,2013/1 ~ 2014/2,소프트웨어전공,ok
H0002256,H0002518,소프트웨어전공,ITE2035,소프트웨어인턴쉽1,2013/1 ~ 2022/2,소프트웨어전공,ok
H0002256,H0002518,소프트웨어전공,ITE2036,전공멘토링4,2013/1 ~ 2014/2,소프트웨어전공,ok
H0002256,H0002518,소프트웨어전공,ITE2037,객체지향시스템설계,2015/1 ~ 2020/2,소프트웨어전공,ok
H0002256,H0002518,소프트웨어전공,ITE2038,데이터베이스시스템및응용,2015/1 ~ 2020/2,소프트웨어전공,ok
H0002256,H0002518,소프트웨어전공,ITE2039,알고리즘및문제해결기법,2017/1 ~ 2020/2,소프트웨어전공,ok
H0002256,H0002518,소프트웨어전공,ITE2040,소프트웨어실무영어,2017/1 ~ 2020/2,소프트웨어전공,ok
H0002256,H0002518,소프트웨어전공,ITE3016,데이터베이스시스템,2014/1 ~ 2017/2,소프트웨어전공,ok
H0002256,H0002518,소프트웨어전공,ITE3061,계산이론및오토마타,2014/1 ~ 2021/2,소프트웨어전공,ok
H0002256,H0002518,소프트웨어전공,ITE3062,인간컴퓨터상호작용,2014/1 ~ 2022/2,소프트웨어전공,ok
H0002256,H0002518,소프트웨어전공,ITE3063,소프트웨어스튜디오1,2014/1 ~ 2021/2,소프트웨어전공,ok
H0002256,H0002518,소프트웨어전공,ITE3064,소프트웨어인턴쉽2,2014/1 ~ 2022/2,소프트웨어전공,ok
H0002256,H0002518,소프트웨어전공,ITE3068,소프트웨어스튜디오2,2014/1 ~ 2021/2,소프트웨어전공,ok
H0002256,H0002518,소프트웨어전공,ITE3071,데이터베이스관리시스템,2014/1 ~ 2017/2,소프트웨어전공,ok
H0002256,H0002518,소프트웨어전공,ITE3072,융합소프트웨어프로젝트,2015/1 ~ 2022/2,소프트웨어전공,ok
H0002256,H0002518,소프트웨어전공,ITE3073,컴퓨터알고리즘기초,2018/1 ~ 2021/2,소프트웨어전공,ok
H0002256,H0002518,소프트웨어전공,ITE3074,소프트웨어기술창업1,2017/1 ~ 2021/2,소프트웨어전공,ok
H0002256,H0002518,소프트웨어전공,ITE4004,네트워크프로토콜,2019/1 ~ 2022/2,소프트웨어전공,ok
H0002256,H0002518,소프트웨어전공,ITE4005,데이터사이언스,2015/1 ~ 2022/2,소프트웨어전공,ok
H0002256,H0002518,소프트웨어전공,ITE4006,분산컴퓨팅,2014/2 ~ 2022/2,소프트웨어전공,ok
H0002256,H0002518,소프트웨어전공,ITE4007,컴퓨터보안,2015/1 ~ 2021/2,소프트웨어전공,ok
H0002256,H0002518,소프트웨어전공,ITE4020,멀티미디어시스템,2015/1 ~ 2018/2,소프트웨어전공,ok
H0002256,H0002518,소프트웨어전공,ITE4043,인터넷보안,2015/1 ~ 2022/2,소프트웨어전공,ok
H0002256,H0002518,소프트웨어전공,ITE4052,컴퓨터비전,2015/1 ~ 2022/2,소프트웨어전공,ok
H0002256,H0002518,소프트웨어전공,ITE4053,딥러닝및응용,2014/2 ~ 2022/2,소프트웨어전공,ok
H0002256,H0002518,소프트웨어전공,ITE4054,캡스톤소프트웨어프로젝트1,2019/1 ~ 2022/2,소프트웨어전공,ok
H0002256,H0002518,소프트웨어전공,ITE4055,캡스톤소프트웨어프로젝트2,2019/1 ~ 2022/2,소프트웨어전공,ok
H0002256,H0002518,소프트웨어전공,ITE4064,전공멘토링7,2015/1 ~ 2018/2,소프트웨어전공,ok
H0002256,H0002518,소프트웨어전공,ITE4065,병렬프로그래밍,2015/1 ~ 2022/2,소프트웨어전공,ok
H0002256,H0002518,소프트웨어전공,ITE4066,클라우드컴퓨팅,2015/1 ~ 2022/2,소프트웨어전공,not_found
H0002256,H0002518,소프트웨어전공,ITE4072,전공멘토링8,2015/1 ~ 2018/2,소프트웨어전공,ok
H0002256,H0002518,소프트웨어전공,ITE4075,CSE융합세미나1,2015/1 ~ 2022/2,소프트웨어전공,ok
H0002256,H0002518,소프트웨어전공,ITE4076,CSE융합세미나2,2015/1 ~ 2022/2,소프트웨어전공,ok
H0002256,H0002518,소프트웨어전공,ITE4077,소프트웨어종합설계1,2015/1 ~ 2022/2,소프트웨어전공,ok
H0002256,H0002518,소프트웨어전공,ITE4078,소프트웨어종합설계2,2015/1 ~ 2022/2,소프트웨어전공,ok
H0002256,H0002518,소프트웨어전공,ITE4079,모바일시스템및프로그래밍,2015/1 ~ 2018/2,소프트웨어전공,not_found
H0002256,H0002518,소프트웨어전공,ITE4080,지능형생물정보학,2015/1 ~ 2022/2,소프트웨어전공,ok
H0002256,H0002518,소프트웨어전공,ITE4083,소프트웨어기술창업2,2017/1 ~ 2022/2,소프트웨어전공,ok
H0002256,H0002518,소프트웨어전공,MAT2003,선형대수,2013/1 ~ 2019/2,소프트웨어전공,ok
H0002256,H0002518,소프트웨어전공,MAT2017,확률통계론,2017/1 ~ 2020/2,소프트웨어전공,ok
H0002256,H0002518,소프트웨어전공,MAT2020,이산수학,2012/1 ~ 2019/2,소프트웨어전공,ok
H0002256,H0002518,소프트웨어전공,MAT3008,수치해석,2018/1 ~ 2021/2,소프트웨어전공,ok
H0002256,H0002518,소프트웨어전공,MAT4015,확률및통계,2012/1 ~ 2016/2,소프트웨어전공,ok
H0002256,H0002518,소프트웨어전공,PBL4001,컴퓨터소프트웨어캡스톤PBL,2018/2 ~ 2022/2,소프트웨어전공,ok
H0002256,H0002518,소프트웨어전공,SYH0001,사랑의실천1(한양나눔),2012/1 ~ 2019/2,소프트웨어전공,ok
H0002256,H0002518,소프트웨어전공,SYH0002,사랑의실천2(스마트커뮤니케이션),2013/1 ~ 2020/2,소프트웨어전공,not_found
H0002256,H0002518,소프트웨어전공,SYH0003,사랑의실천3(기업가정신),2014/1 ~ 2021/2,소프트웨어전공,not_found
H0002256,H0002518,소프트웨어전공,SYH0004,사랑의실천4(미래실용인재),2015/1 ~ 2022/2,소프트웨어전공,ok
H0002256,H0003560,수학과,CHM1005,일반화학및실험1,2013/1 ~ 2015/2,수학과,ok
H0002256,H0003560,수학과,CSE2008,전산수학,2014/1 ~ 2024/2,수학과,ok
H0002256,H0003560,수학과,CUL0005,말과글,2013/1 ~ 2027/2,수학과,ok
H0002256,H0003560,수학과,CUL0011,창의적컴퓨팅,2017/1 ~ 2027/2,수학과,ok
H0002256,H0003560,수학과,CUL0202,문화기술인간,2025/1 ~ 2027/2,수학과,ok
H0002256,H0003560,수학과,CUL0203,AI시대쓰기의힘,2025/1 ~ 2027/2,수학과,ok
H0002256,H0003560,수학과,CUL0205,Technology and AI: Utopia or Dystopia?,2026/1 ~ 2028/2,수학과,ok
H0002256,H0003560,수학과,CUL0208,스토리텔링의설계와전략,2026/1 ~ 2028/2,수학과,ok
H0002256,H0003560,수학과,CUL1122,창의적프로그래밍,2023/1 ~ 2028/2,수학과,ok
H0002256,H0003560,수학과,CUL1138,인공지능과기계학습,2023/1 ~ 2028/2,수학과,ok
H0002256,H0003560,수학과,CUL3011,일반물리학및실험1,2013/1 ~ 2027/2,수학과,ok
H0002256,H0003560,수학과,CUL3012,일반물리학및실험2,2013/1 ~ 2027/2,수학과,ok
H0002256,H0003560,수학과,GEN2052,미분적분학1,2013/1 ~ 2027/2,수학과,ok
H0002256,H0003560,수학과,GEN2053,미분적분학2,2013/1 ~ 2027/2,수학과,ok
H0002256,H0003560,수학과,GEN4091,과학기술의철학적이해,2013/1 ~ 2027/2,수학과,ok
H0002256,H0003560,수학과,GEN5029,커리어개발Ⅰ:취.창업진로로드맵,2013/1 ~ 2027/2,수학과,ok
H0002256,H0003560,수학과,GEN5100,커리어개발Ⅱ:취.창업진로포트폴리오,2015/1 ~ 2029/2,수학과,ok
H0002256,H0003560,수학과,GEN6032,전문학술영어,2014/1 ~ 2028/2,수학과,ok
H0002256,H0003560,수학과,GEN6044,한양사회봉사,2013/1 ~ 2014/2,수학과,ok
H0002256,H0003560,수학과,GEN6094,전공현장실습1,2015/1 ~ 2016/2,수학과,ok
H0002256,H0003560,수학과,GEN6095,전공현장실습2,2015/1 ~ 2016/2,수학과,ok
H0002256,H0003560,수학과,HYP1020,수학HY-UP(실용연구실습)1,2024/1 ~ 2029/2,수학과,ok
H0002256,H0003560,수학과,HYP2017,수학HY-UP(실용연구실습)2,2026/1 ~ 2029/2,수학과,not_found
H0002256,H0003560,수학과,ITE1009,C프로그래밍,2013/1 ~ 2027/2,수학과,ok
H0002256,H0003560,수학과,MAT1003,행렬과기하,2024/1 ~ 2027/2,수학과,ok
H0002256,H0003560,수학과,MAT2001,미분방정식1,2014/1 ~ 2016/2,수학과,ok
H0002256,H0003560,수학과,MAT2002,미분방정식2,2014/1 ~ 2016/2,수학과,ok
H0002256,H0003560,수학과,MAT2006,정수론,2017/1 ~ 2027/2,수학과,ok
H0002256,H0003560,수학과,MAT2009,미분방정식,2017/1 ~ 2028/2,수학과,ok
H0002256,H0003560,수학과,MAT2015,고등미적분학1,2014/1 ~ 2028/2,수학과,ok
H0002256,H0003560,수학과,MAT2016,고등미적분학2,2014/1 ~ 2028/2,수학과,ok
H0002256,H0003560,수학과,MAT2021,전산통계,2014/1 ~ 2024/2,수학과,ok
H0002256,H0003560,수학과,MAT2022,통계학의원리,2014/1 ~ 2028/2,수학과,ok
H0002256,H0003560,수학과,MAT2023,선형대수1,2014/1 ~ 2028/2,수학과,ok
H0002256,H0003560,수학과,MAT2024,선형대수2,2014/1 ~ 2028/2,수학과,ok
H0002256,H0003560,수학과,MAT2031,수학적알고리듬,2025/1 ~ 2028/2,수학과,ok
H0002256,H0003560,수학과,MAT2032,조합수학,2025/1 ~ 2028/2,수학과,ok
H0002256,H0003560,수학과,MAT2033,통계자료분석방법론,2025/1 ~ 2028/2,수학과,ok
H0002256,H0003560,수학과,MAT2034,계산수론,2025/1 ~ 2028/2,수학과,ok
H0002256,H0003560,수학과,MAT2066,해석학1,2015/1 ~ 2017/2,수학과,ok
H0002256,H0003560,수학과,MAT2067,해석학2,2015/1 ~ 2017/2,수학과,ok
H0002256,H0003560,수학과,MAT3001,현대대수1,2015/1 ~ 2029/2,수학과,ok
H0002256,H0003560,수학과,MAT3002,현대대수2,2015/1 ~ 2029/2,수학과,ok
H0002256,H0003560,수학과,MAT3004,위상수학1,2015/1 ~ 2029/2,수학과,ok
H0002256,H0003560,수학과,MAT3011,기하학,2016/1 ~ 2026/2,수학과,ok
H0002256,H0003560,수학과,MAT3018,수리계획법,2015/1 ~ 2025/2,수학과,ok
H0002256,H0003560,수학과,MAT3022,수리통계학1,2015/1 ~ 2029/2,수학과,ok
H0002256,H0003560,수학과,MAT3023,수리통계학2,2015/1 ~ 2029/2,수학과,ok
H0002256,H0003560,수학과,MAT3027,복소수해석학1,2015/1 ~ 2029/2,수학과,ok
H0002256,H0003560,수학과,MAT3028,복소수해석학2,2015/1 ~ 2029/2,수학과,ok
H0002256,H0003560,수학과,MAT3038,행렬계산론,2026/1 ~ 2029/2,수학과,ok
H0002256,H0003560,수학과,MAT3039,수치해석학,2026/1 ~ 2029/2,수학과,not_found
H0002256,H0003560,수학과,MAT3051,수치해석1,2015/1 ~ 2025/2,수학과,ok
H0002256,H0003560,수학과,MAT3052,수치해석2,2015/1 ~ 2025/2,수학과,ok
H0002256,H0003560,수학과,MAT3066,벡터해석학,2018/1 ~ 2029/2,수학과,ok
H0002256,H0003560,수학과,MAT3069,수학연구실현장실습3,2019/2 ~ 2025/2,수학과,ok
H0002256,H0003560,수학과,MAT4004,위상수학2,2015/1 ~ 2029/2,수학과,ok
H0002256,H0003560,수학과,MAT4005,미분기하,2015/1 ~ 2030/2,수학과,ok
H0002256,H0003560,수학과,MAT4008,추상대수학,2016/1 ~ 2018/2,수학과,ok
H0002256,H0003560,수학과,MAT4009,그래프론,2016/1 ~ 2026/2,수학과,ok
H0002256,H0003560,수학과,MAT4023,수학적모델링,2016/1 ~ 2026/2,수학과,ok
H0002256,H0003560,수학과,MAT4031,편미분방정식과응용,2016/1 ~ 2030/2,수학과,ok
H0002256,H0003560,수학과,MAT4032,푸리에해석과응용,2016/1 ~ 2018/2,수학과,ok
H0002256,H0003560,수학과,MAT4033,실변수함수론,2016/1 ~ 2030/2,수학과,ok
H0002256,H0003560,수학과,MAT4035,현대수학특강,2027/1 ~ 2030/2,수학과,not_found
H0002256,H0003560,수학과,MAT4036,응용수학특강,2027/1 ~ 2030/2,수학과,not_found
H0002256,H0003560,수학과,MAT4070,정수론1,2014/1 ~ 2016/2,수학과,ok
H0002256,H0003560,수학과,MAT4071,정수론2,2014/1 ~ 2016/2,수학과,ok
H0002256,H0003560,수학과,MAT4072,집합과논리,2014/1 ~ 2023/2,수학과,ok
H0002256,H0003560,수학과,MAT4073,확률론,2016/1 ~ 2030/2,수학과,ok
H0002256,H0003560,수학과,MAT4075,수학연구캡스톤디자인1,2016/1 ~ 2022/2,수학과,ok
H0002256,H0003560,수학과,MAT4076,수학연구캡스톤디자인2,2016/1 ~ 2022/2,수학과,not_found
H0002256,H0003560,수학과,MAT4084,금융통계방법론,2016/1 ~ 2018/2,수학과,ok
H0002256,H0003560,수학과,MAT4085,기하및위상특강,2016/1 ~ 2018/2,수학과,ok
H0002256,H0003560,수학과,MAT4092,암호론PBL,2023/1 ~ 2030/2,수학과,ok
H0002256,H0003560,수학과,PBL4012,수학캡스톤PBL,2019/2 ~ 2030/2,수학과,ok
H0002256,H0003560,수학과,SYH0001,사랑의실천1(한양나눔),2013/1 ~ 2027/2,수학과,ok
H0002256,H0003560,수학과,SYH0002,사랑의실천2(스마트커뮤니케이션),2014/1 ~ 2028/2,수학과,not_found
H0002256,H0003560,수학과,SYH0003,사랑의실천3(기업가정신),2015/1 ~ 2029/2,수학과,not_found
H0002256,H0003560,수학과,SYH0004,사랑의실천4(미래실용인재),2016/1 ~ 2030/2,수학과,ok
H0002256,H0003560,수학과,TEA3029,수학논리및논술,2015/1 ~ 2029/2,수학과,ok
H0002256,H0003560,수학과,TEA5009,수학교과교육론,2015/1 ~ 2029/2,수학과,ok
H0002256,H0003560,수학과,TEA6009,수학교과교재연구및지도,2016/1 ~ 2030/2,수학과,ok
H0002256,H0002725,수학교육과,CED1004,세계시민교육론,2016/1 ~ 2024/2,수학교육과,ok
H0002256,H0002725,수학교육과,CUL0005,말과글,2007/1 ~ 2027/2,수학교육과,ok
H0002256,H0002725,수학교육과,CUL0011,창의적컴퓨팅,2017/1 ~ 2027/2,수학교육과,ok
H0002256,H0002725,수학교육과,CUL0202,문화기술인간,2025/1 ~ 2027/2,수학교육과,ok
H0002256,H0002725,수학교육과,CUL0203,AI시대쓰기의힘,2025/1 ~ 2027/2,수학교육과,ok
H0002256,H0002725,수학교육과,CUL0205,Technology and AI: Utopia or Dystopia?,2026/1 ~ 2028/2,수학교육과,ok
H0002256,H0002725,수학교육과,CUL0209,"Wellness Web: Self, Society, and Beyond",2026/1 ~ 2028/2,수학교육과,ok
H0002256,H0002725,수학교육과,CUL1122,창의적프로그래밍,2023/1 ~ 2028/2,수학교육과,ok
H0002256,H0002725,수학교육과,CUL1138,인공지능과기계학습,2023/1 ~ 2028/2,수학교육과,ok
H0002256,H0002725,수학교육과,CUL2018,교육의이해,2007/1 ~ 2008/2,수학교육과,ok
H0002256,H0002725,수학교육과,EDU1001,교육학개론,2010/1 ~ 2027/2,수학교육과,ok
H0002256,H0002725,수학교육과,EDU1002,교육심리학,2007/1 ~ 2027/2,수학교육과,ok
H0002256,H0002725,수학교육과,EDU1010,다문화사회와교육,2009/1 ~ 2015/2,수학교육과,ok
H0002256,H0002725,수학교육과,EDU1011,AI시대의미래교육,2025/1 ~ 2027/2,수학교육과,ok
H0002256,H0002725,수학교육과,EDU2003,교육사회학,2007/1 ~ 2027/2,수학교육과,ok
H0002256,H0002725,수학교육과,EDU2014,교육철학및교육사,2007/1 ~ 2027/2,수학교육과,ok
H0002256,H0002725,수학교육과,EDU2061,생활지도및상담,2010/1 ~ 2028/2,수학교육과,ok
H0002256,H0002725,수학교육과,EDU2062,교육사회및평생교육,2009/1 ~ 2014/2,수학교육과,ok
H0002256,H0002725,수학교육과,EDU2064,교육연구방법론,2010/1 ~ 2014/2,수학교육과,ok
H0002256,H0002725,수학교육과,EDU2066,다문화교육의이론과실제,2010/1 ~ 2014/2,수학교육과,ok
H0002256,H0002725,수학교육과,EDU3016,교육과정및평가,2007/1 ~ 2014/2,수학교육과,ok
H0002256,H0002725,수학교육과,EDU3020,교육행정및경영,2008/1 ~ 2028/2,수학교육과,ok
H0002256,H0002725,수학교육과,EDU3034,교직실무,2011/1 ~ 2029/2,수학교육과,ok
H0002256,H0002725,수학교육과,EDU3036,디지털교육,2026/1 ~ 2029/2,수학교육과,not_found
H0002256,H0002725,수학교육과,EDU3041,교육봉사활동1,2011/1 ~ 2029/2,수학교육과,ok
H0002256,H0002725,수학교육과,EDU3042,교육봉사활동2,2011/1 ~ 2029/2,수학교육과,ok
H0002256,H0002725,수학교육과,EDU3071,특수교육학개론,2011/1 ~ 2029/2,수학교육과,ok
H0002256,H0002725,수학교육과,EDU3078,교육과정론,2015/1 ~ 2028/2,수학교육과,ok
H0002256,H0002725,수학교육과,EDU3079,교육평가론,2015/1 ~ 2028/2,수학교육과,ok
H0002256,H0002725,수학교육과,EDU3080,학교폭력예방및학생의이해,2015/1 ~ 2029/2,수학교육과,ok
H0002256,H0002725,수학교육과,EDU4003,교육실습,2010/1 ~ 2030/2,수학교육과,ok
H0002256,H0002725,수학교육과,EDU4019,교육방법및공학,2008/1 ~ 2028/2,수학교육과,ok
H0002256,H0002725,수학교육과,ELE3037,확률과통계,2009/1 ~ 2027/2,수학교육과,ok
H0002256,H0002725,수학교육과,GEN1031,공학도를위한창의적컴퓨팅,2007/1 ~ 2008/2,수학교육과,ok
H0002256,H0002725,수학교육과,GEN2052,미분적분학1,2007/1 ~ 2027/2,수학교육과,ok
H0002256,H0002725,수학교육과,GEN2053,미분적분학2,2007/1 ~ 2027/2,수학교육과,ok
H0002256,H0002725,수학교육과,GEN4091,과학기술의철학적이해,2007/1 ~ 2027/2,수학교육과,ok
H0002256,H0002725,수학교육과,GEN5029,커리어개발Ⅰ:취.창업진로로드맵,2007/1 ~ 2027/2,수학교육과,ok
H0002256,H0002725,수학교육과,GEN5100,커리어개발Ⅱ:취.창업진로포트폴리오,2015/1 ~ 2029/2,수학교육과,ok
H0002256,H0002725,수학교육과,GEN6032,전문학술영어,2010/1 ~ 2028/2,수학교육과,ok
H0002256,H0002725,수학교육과,GEN6044,한양사회봉사,2009/1 ~ 2014/2,수학교육과,ok
H0002256,H0002725,수학교육과,MAT2004,집합론,2007/1 ~ 2015/2,수학교육과,ok
H0002256,H0002725,수학교육과,MAT2006,정수론,2008/1 ~ 2027/2,수학교육과,ok
H0002256,H0002725,수학교육과,MAT2009,미분방정식,2008/1 ~ 2013/2,수학교육과,ok
H0002256,H0002725,수학교육과,MAT2020,이산수학,2010/1 ~ 2010/2,수학교육과,ok
H0002256,H0002725,수학교육과,MAT2023,선형대수1,2008/1 ~ 2028/2,수학교육과,ok
H0002256,H0002725,수학교육과,MAT2024,선형대수2,2008/1 ~ 2028/2,수학교육과,ok
H0002256,H0002725,수학교육과,MAT2066,해석학1,2008/1 ~ 2013/2,수학교육과,ok
H0002256,H0002725,수학교육과,MAT2067,해석학2,2008/1 ~ 2013/2,수학교육과,ok
H0002256,H0002725,수학교육과,MAT2068,수학사와수학교육사,2007/1 ~ 2027/2,수학교육과,ok
H0002256,H0002725,수학교육과,MAT2069,수학교육과컴퓨터,2008/1 ~ 2026/1,수학교육과,ok
H0002256,H0002725,수학교육과,MAT2072,해석학연습1,2014/1 ~ 2016/2,수학교육과,ok
H0002256,H0002725,수학교육과,MAT2073,해석학개론1,2014/1 ~ 2028/2,수학교육과,ok
H0002256,H0002725,수학교육과,MAT2074,미분기하학,2014/1 ~ 2017/2,수학교육과,ok
H0002256,H0002725,수학교육과,MAT2075,해석학연습2,2014/1 ~ 2016/2,수학교육과,ok
H0002256,H0002725,수학교육과,MAT2076,해석학개론2,2014/1 ~ 2028/2,수학교육과,ok
H0002256,H0002725,수학교육과,MAT3001,현대대수1,2009/1 ~ 2029/2,수학교육과,ok
H0002256,H0002725,수학교육과,MAT3002,현대대수2,2009/1 ~ 2029/2,수학교육과,ok
H0002256,H0002725,수학교육과,MAT3004,위상수학1,2009/1 ~ 2029/2,수학교육과,ok
H0002256,H0002725,수학교육과,MAT3008,수치해석,2009/1 ~ 2009/2,수학교육과,ok
H0002256,H0002725,수학교육과,MAT3024,기하학개론,2008/1 ~ 2017/2,수학교육과,ok
H0002256,H0002725,수학교육과,MAT3025,복소함수론1,2009/1 ~ 2029/2,수학교육과,ok
H0002256,H0002725,수학교육과,MAT3026,복소함수론2,2009/1 ~ 2030/2,수학교육과,ok
H0002256,H0002725,수학교육과,MAT3051,수치해석1,2010/1 ~ 2018/2,수학교육과,ok
H0002256,H0002725,수학교육과,MAT3052,수치해석2,2010/1 ~ 2018/2,수학교육과,ok
H0002256,H0002725,수학교육과,MAT3056,수학교육론,2008/1 ~ 2028/2,수학교육과,ok
H0002256,H0002725,수학교육과,MAT3057,수학교재연구및지도법,2009/1 ~ 2028/2,수학교육과,ok
H0002256,H0002725,수학교육과,MAT3058,수학교육과정과평가,2009/1 ~ 2029/2,수학교육과,ok
H0002256,H0002725,수학교육과,MAT3060,수학교육의다문화적이해,2009/1 ~ 2030/2,수학교육과,ok
H0002256,H0002725,수학교육과,MAT3062,현대대수연습1,2015/1 ~ 2017/2,수학교육과,ok
H0002256,H0002725,수학교육과,MAT3063,위상수학연습1,2015/1 ~ 2017/2,수학교육과,not_found
H0002256,H0002725,수학교육과,MAT3064,현대대수연습2,2015/1 ~ 2017/2,수학교육과,ok
H0002256,H0002725,수학교육과,MAT3065,위상수학연습2,2015/1 ~ 2017/2,수학교육과,ok
H0002256,H0002725,수학교육과,MAT3068,해석학개론3,2018/1 ~ 2029/2,수학교육과,ok
H0002256,H0002725,수학교육과,MAT3076,AI와공학도구를활용한수학수업,2026/2 ~ 2029/2,수학교육과,not_found
H0002256,H0002725,수학교육과,MAT4004,위상수학2,2008/1 ~ 2029/2,수학교육과,ok
H0002256,H0002725,수학교육과,MAT4031,편미분방정식과응용,2012/1 ~ 2015/2,수학교육과,ok
H0002256,H0002725,수학교육과,MAT4033,실변수함수론,2010/1 ~ 2015/2,수학교육과,ok
H0002256,H0002725,수학교육과,MAT4034,수학교육논술,2009/1 ~ 2029/2,수학교육과,ok
H0002256,H0002725,수학교육과,MAT4056,미분기하학1,2008/1 ~ 2028/2,수학교육과,ok
H0002256,H0002725,수학교육과,MAT4057,미분기하학2,2009/1 ~ 2028/2,수학교육과,ok
H0002256,H0002725,수학교육과,MAT4060,조합론,2010/1 ~ 2030/2,수학교육과,ok
H0002256,H0002725,수학교육과,MAT4061,수학교육특론,2010/1 ~ 2018/2,수학교육과,ok
H0002256,H0002725,수학교육과,MAT4063,대수학특론,2010/1 ~ 2030/2,수학교육과,ok
H0002256,H0002725,수학교육과,MAT4065,해석학특론,2010/1 ~ 2018/2,수학교육과,ok
H0002256,H0002725,수학교육과,MAT4066,기하위상특론,2010/1 ~ 2018/2,수학교육과,ok
H0002256,H0002725,수학교육과,MAT4073,확률론,2010/1 ~ 2018/2,수학교육과,ok
H0002256,H0002725,수학교육과,MAT4098,수학과현장수업연구,2024/2 ~ 2025/2,수학교육과,ok
H0002256,H0002725,수학교육과,SYH0001,사랑의실천1(한양나눔),2007/1 ~ 2027/2,수학교육과,ok
H0002256,H0002725,수학교육과,SYH0002,사랑의실천2(스마트커뮤니케이션),2008/1 ~ 2028/2,수학교육과,not_found
H0002256,H0002725,수학교육과,SYH0003,사랑의실천3(기업가정신),2011/1 ~ 2029/2,수학교육과,not_found
H0002256,H0002725,수학교육과,SYH0004,사랑의실천4(미래실용인재),2012/1 ~ 2030/2,수학교육과,ok
H0002256,H0002813,수행인문학부,PER0003,생각과논리,2010/1 ~ 2016/2,수행인문학부,ok
H0002256,H0002813,수행인문학부,PER0004,영어논리와표현,2010/1 ~ 2015/2,수행인문학부,ok
H0002256,H0004700,스포츠매니지먼트전공,CUL0005,말과글,2022/1 ~ 2027/2,스포츠매니지먼트전공,ok
H0002256,H0004700,스포츠매니지먼트전공,CUL0011,창의적컴퓨팅,2022/1 ~ 2027/2,스포츠매니지먼트전공,ok
H0002256,H0004700,스포츠매니지먼트전공,CUL0202,문화기술인간,2025/1 ~ 2027/2,스포츠매니지먼트전공,ok
H0002256,H0004700,스포츠매니지먼트전공,CUL0204,통합사고와읽기의기술,2025/1 ~ 2027/2,스포츠매니지먼트전공,ok
H0002256,H0004700,스포츠매니지먼트전공,CUL0206,Personal Branding in Digital Markets,2026/1 ~ 2028/2,스포츠매니지먼트전공,ok
H0002256,H0004700,스포츠매니지먼트전공,CUL0207,미래지능연결,2026/1 ~ 2028/2,스포츠매니지먼트전공,ok
H0002256,H0004700,스포츠매니지먼트전공,CUL1122,창의적프로그래밍,2023/1 ~ 2028/2,스포츠매니지먼트전공,ok
H0002256,H0004700,스포츠매니지먼트전공,CUL1138,인공지능과기계학습,2023/1 ~ 2028/2,스포츠매니지먼트전공,ok
H0002256,H0004700,스포츠매니지먼트전공,CUL3006,웨이트트레이닝,2024/1 ~ 2027/2,스포츠매니지먼트전공,ok
H0002256,H0004700,스포츠매니지먼트전공,DCE2018,운동생리1,2025/1 ~ 2028/2,스포츠매니지먼트전공,ok
H0002256,H0004700,스포츠매니지먼트전공,DCE4002,스포츠사회학,2022/1 ~ 2027/2,스포츠매니지먼트전공,ok
H0002256,H0004700,스포츠매니지먼트전공,DSI1006,스포츠와문화,2022/1 ~ 2027/2,스포츠매니지먼트전공,ok
H0002256,H0004700,스포츠매니지먼트전공,DSI1013,스포츠와4차산업,2023/1 ~ 2023/1,스포츠매니지먼트전공,ok
H0002256,H0004700,스포츠매니지먼트전공,DSI2003,스포츠전공실기1,2024/1 ~ 2030/2,스포츠매니지먼트전공,ok
H0002256,H0004700,스포츠매니지먼트전공,DSI2007,스포츠경영원론,2022/1 ~ 2027/2,스포츠매니지먼트전공,ok
H0002256,H0004700,스포츠매니지먼트전공,DSI2008,스포츠마케팅원론,2023/1 ~ 2028/2,스포츠매니지먼트전공,ok
H0002256,H0004700,스포츠매니지먼트전공,DSI2015,스포츠와미디어,2023/1 ~ 2028/2,스포츠매니지먼트전공,ok
H0002256,H0004700,스포츠매니지먼트전공,DSI2017,스포츠PR론,2023/1 ~ 2029/2,스포츠매니지먼트전공,ok
H0002256,H0004700,스포츠매니지먼트전공,DSI2018,스포츠시장트렌드분석,2024/1 ~ 2029/2,스포츠매니지먼트전공,ok
H0002256,H0004700,스포츠매니지먼트전공,DSI2020,스포츠세일즈전략,2023/1 ~ 2029/2,스포츠매니지먼트전공,ok
H0002256,H0004700,스포츠매니지먼트전공,DSI2021,스포츠상품기획,2025/1 ~ 2030/2,스포츠매니지먼트전공,ok
H0002256,H0004700,스포츠매니지먼트전공,DSI2024,스포츠광고실습,2024/1 ~ 2029/2,스포츠매니지먼트전공,ok
H0002256,H0004700,스포츠매니지먼트전공,DSI2025,e스포츠론,2022/1 ~ 2027/2,스포츠매니지먼트전공,ok
H0002256,H0004700,스포츠매니지먼트전공,DSI2026,스포츠산업현장투어,2025/1 ~ 2028/2,스포츠매니지먼트전공,not_found
H0002256,H0004700,스포츠매니지먼트전공,DSI3007,스포츠와법,2024/1 ~ 2029/2,스포츠매니지먼트전공,ok
H0002256,H0004700,스포츠매니지먼트전공,DSI3008,스포츠빅데이터분석,2025/1 ~ 2030/2,스포츠매니지먼트전공,ok
H0002256,H0004700,스포츠매니지먼트전공,DSI3011,스포츠마케팅조사방법론,2024/1 ~ 2029/2,스포츠매니지먼트전공,ok
H0002256,H0004700,스포츠매니지먼트전공,DSI3012,스포츠경제학,2022/1 ~ 2029/2,스포츠매니지먼트전공,ok
H0002256,H0004700,스포츠매니지먼트전공,DSI3013,스포츠재무론,2024/1 ~ 2029/2,스포츠매니지먼트전공,ok
H0002256,H0004700,스포츠매니지먼트전공,DSI3020,스포츠소비자행동론,2024/1 ~ 2029/2,스포츠매니지먼트전공,ok
H0002256,H0004700,스포츠매니지먼트전공,DSI3022,스포츠와베팅,2025/1 ~ 2026/2,스포츠매니지먼트전공,ok
H0002256,H0004700,스포츠매니지먼트전공,DSI3024,스포츠글로벌라이제이션,2025/1 ~ 2030/2,스포츠매니지먼트전공,ok
H0002256,H0004700,스포츠매니지먼트전공,DSI3027,축구문화산업론,2024/1 ~ 2029/2,스포츠매니지먼트전공,ok
H0002256,H0004700,스포츠매니지먼트전공,DSI3029,국제스포츠비즈니스전략,2023/1 ~ 2028/2,스포츠매니지먼트전공,ok
H0002256,H0004700,스포츠매니지먼트전공,DSI3030,스포츠공공정책론,2023/1 ~ 2028/2,스포츠매니지먼트전공,ok
H0002256,H0004700,스포츠매니지먼트전공,DSI3031,e스포츠비즈니스,2024/1 ~ 2029/2,스포츠매니지먼트전공,ok
H0002256,H0004700,스포츠매니지먼트전공,DSI4005,스포츠산업현장실습1,2025/1 ~ 2030/2,스포츠매니지먼트전공,ok
H0002256,H0004700,스포츠매니지먼트전공,DSI4006,스포츠산업현장실습2,2025/1 ~ 2030/2,스포츠매니지먼트전공,ok
H0002256,H0004700,스포츠매니지먼트전공,DSI4010,프로스포츠산업연구,2025/1 ~ 2030/2,스포츠매니지먼트전공,ok
H0002256,H0004700,스포츠매니지먼트전공,DSI4012,스포츠산업특강,2023/1 ~ 2029/2,스포츠매니지먼트전공,ok
H0002256,H0004700,스포츠매니지먼트전공,DSI4018,스포츠관광,2024/1 ~ 2025/2,스포츠매니지먼트전공,ok
H0002256,H0004700,스포츠매니지먼트전공,DSI4032,스포츠에이전트실무,2024/1 ~ 2029/2,스포츠매니지먼트전공,ok
H0002256,H0004700,스포츠매니지먼트전공,DSI4033,스포츠시설경영론,2023/1 ~ 2029/2,스포츠매니지먼트전공,ok
H0002256,H0004700,스포츠매니지먼트전공,GEN4091,과학기술의철학적이해,2022/1 ~ 2027/2,스포츠매니지먼트전공,ok
H0002256,H0004700,스포츠매니지먼트전공,GEN5029,커리어개발Ⅰ:취.창업진로로드맵,2022/1 ~ 2027/2,스포츠매니지먼트전공,ok
H0002256,H0004700,스포츠매니지먼트전공,GEN5100,커리어개발Ⅱ:취.창업진로포트폴리오,2024/1 ~ 2029/2,스포츠매니지먼트전공,ok
H0002256,H0004700,스포츠매니지먼트전공,GEN6032,전문학술영어,2023/1 ~ 2028/2,스포츠매니지먼트전공,ok
H0002256,H0004700,스포츠매니지먼트전공,PHE1002,체조,2025/1 ~ 2028/2,스포츠매니지먼트전공,ok
H0002256,H0004700,스포츠매니지먼트전공,PHE1041,스포츠개론,2024/1 ~ 2027/2,스포츠매니지먼트전공,ok
H0002256,H0004700,스포츠매니지먼트전공,PHE1044,그룹운동,2024/1 ~ 2027/2,스포츠매니지먼트전공,ok
H0002256,H0004700,스포츠매니지먼트전공,PHE1049,스포츠운동과학의기초,2024/1 ~ 2027/2,스포츠매니지먼트전공,ok
H0002256,H0004700,스포츠매니지먼트전공,PHE2017,육상,2024/1 ~ 2027/2,스포츠매니지먼트전공,ok
H0002256,H0004700,스포츠매니지먼트전공,PHE2104,축구,2025/1 ~ 2028/2,스포츠매니지먼트전공,ok
H0002256,H0004700,스포츠매니지먼트전공,PHE2116,뇌과학과운동,2025/1 ~ 2028/2,스포츠매니지먼트전공,ok
H0002256,H0004700,스포츠매니지먼트전공,PHE3122,체육시설안전관리,2025/1 ~ 2028/2,스포츠매니지먼트전공,ok
H0002256,H0004700,스포츠매니지먼트전공,PHE4072,스포츠창업론,2025/1 ~ 2030/2,스포츠매니지먼트전공,ok
H0002256,H0004700,스포츠매니지먼트전공,PHE4112,스포츠동작분석,2024/1 ~ 2027/2,스포츠매니지먼트전공,ok
H0002256,H0004700,스포츠매니지먼트전공,SYH0001,사랑의실천1(한양나눔),2022/1 ~ 2027/2,스포츠매니지먼트전공,ok
H0002256,H0004700,스포츠매니지먼트전공,SYH0002,사랑의실천2(스마트커뮤니케이션),2023/1 ~ 2028/2,스포츠매니지먼트전공,not_found
H0002256,H0004700,스포츠매니지먼트전공,SYH0003,사랑의실천3(기업가정신),2024/1 ~ 2029/2,스포츠매니지먼트전공,not_found
H0002256,H0004700,스포츠매니지먼트전공,SYH0004,사랑의실천4(미래실용인재),2025/1 ~ 2030/2,스포츠매니지먼트전공,ok
H0002256,H0004708,스포츠사이언스전공,CUL0005,말과글,2022/1 ~ 2027/2,스포츠사이언스전공,ok
H0002256,H0004708,스포츠사이언스전공,CUL0011,창의적컴퓨팅,2022/1 ~ 2027/2,스포츠사이언스전공,ok
H0002256,H0004708,스포츠사이언스전공,CUL0202,문화기술인간,2025/1 ~ 2027/2,스포츠사이언스전공,ok
H0002256,H0004708,스포츠사이언스전공,CUL0203,AI시대쓰기의힘,2025/1 ~ 2027/2,스포츠사이언스전공,ok
H0002256,H0004708,스포츠사이언스전공,CUL0205,Technology and AI: Utopia or Dystopia?,2026/1 ~ 2028/2,스포츠사이언스전공,ok
H0002256,H0004708,스포츠사이언스전공,CUL0209,"Wellness Web: Self, Society, and Beyond",2026/1 ~ 2028/2,스포츠사이언스전공,ok
H0002256,H0004708,스포츠사이언스전공,CUL1122,창의적프로그래밍,2023/1 ~ 2028/2,스포츠사이언스전공,ok
H0002256,H0004708,스포츠사이언스전공,CUL1138,인공지능과기계학습,2023/1 ~ 2028/2,스포츠사이언스전공,ok
H0002256,H0004708,스포츠사이언스전공,CUL2090,스키,2023/1 ~ 2029/2,스포츠사이언스전공,ok
H0002256,H0004708,스포츠사이언스전공,CUL3006,웨이트트레이닝,2022/1 ~ 2027/2,스포츠사이언스전공,ok
H0002256,H0004708,스포츠사이언스전공,DCE2005,수영,2022/1 ~ 2029/2,스포츠사이언스전공,ok
H0002256,H0004708,스포츠사이언스전공,DCE2016,건강교육,2024/1 ~ 2030/2,스포츠사이언스전공,ok
H0002256,H0004708,스포츠사이언스전공,DCE2018,운동생리1,2023/1 ~ 2028/2,스포츠사이언스전공,ok
H0002256,H0004708,스포츠사이언스전공,DCE2019,운동생리2,2023/1 ~ 2030/2,스포츠사이언스전공,ok
H0002256,H0004708,스포츠사이언스전공,DCE3002,스포츠심리,2022/1 ~ 2029/2,스포츠사이언스전공,ok
H0002256,H0004708,스포츠사이언스전공,DCE3005,트레이닝방법론,2024/1 ~ 2030/2,스포츠사이언스전공,ok
H0002256,H0004708,스포츠사이언스전공,DCE4002,스포츠사회학,2024/1 ~ 2027/2,스포츠사이언스전공,ok
H0002256,H0004708,스포츠사이언스전공,DCE4005,배드민턴,2024/1 ~ 2029/2,스포츠사이언스전공,ok
H0002256,H0004708,스포츠사이언스전공,DCE4027,운동처방,2024/1 ~ 2029/2,스포츠사이언스전공,ok
H0002256,H0004708,스포츠사이언스전공,DSI1006,스포츠와문화,2024/1 ~ 2027/2,스포츠사이언스전공,ok
H0002256,H0004708,스포츠사이언스전공,DSI2007,스포츠경영원론,2024/1 ~ 2027/2,스포츠사이언스전공,ok
H0002256,H0004708,스포츠사이언스전공,DSI2008,스포츠마케팅원론,2025/1 ~ 2028/2,스포츠사이언스전공,ok
H0002256,H0004708,스포츠사이언스전공,DSI2015,스포츠와미디어,2025/1 ~ 2028/2,스포츠사이언스전공,ok
H0002256,H0004708,스포츠사이언스전공,DSI2025,e스포츠론,2024/1 ~ 2027/2,스포츠사이언스전공,ok
H0002256,H0004708,스포츠사이언스전공,DSI2026,스포츠산업현장투어,2025/1 ~ 2025/1,스포츠사이언스전공,not_found
H0002256,H0004708,스포츠사이언스전공,DSI3029,국제스포츠비즈니스전략,2025/1 ~ 2028/2,스포츠사이언스전공,ok
H0002256,H0004708,스포츠사이언스전공,DSI3030,스포츠공공정책론,2025/1 ~ 2028/2,스포츠사이언스전공,ok
H0002256,H0004708,스포츠사이언스전공,GEN4091,과학기술의철학적이해,2022/1 ~ 2027/2,스포츠사이언스전공,ok
H0002256,H0004708,스포츠사이언스전공,GEN5029,커리어개발Ⅰ:취.창업진로로드맵,2022/1 ~ 2027/2,스포츠사이언스전공,ok
H0002256,H0004708,스포츠사이언스전공,GEN5100,커리어개발Ⅱ:취.창업진로포트폴리오,2024/1 ~ 2029/2,스포츠사이언스전공,ok
H0002256,H0004708,스포츠사이언스전공,GEN6032,전문학술영어,2023/1 ~ 2028/2,스포츠사이언스전공,ok
H0002256,H0004708,스포츠사이언스전공,HYP1004,스포츠사이언스HY-UP(실용연구실습)1,2024/1 ~ 2029/2,스포츠사이언스전공,ok
H0002256,H0004708,스포츠사이언스전공,HYP2003,스포츠사이언스HY-UP(실용연구실습)2,2024/1 ~ 2029/2,스포츠사이언스전공,ok
H0002256,H0004708,스포츠사이언스전공,HYP3004,스포츠사이언스HY-UP(실용연구실습)3,2024/1 ~ 2030/2,스포츠사이언스전공,ok
H0002256,H0004708,스포츠사이언스전공,HYP4003,스포츠사이언스HY-UP(실용연구실습)4,2024/1 ~ 2030/2,스포츠사이언스전공,ok
H0002256,H0004708,스포츠사이언스전공,PHE1002,체조,2023/1 ~ 2028/2,스포츠사이언스전공,ok
H0002256,H0004708,스포츠사이언스전공,PHE1036,인체해부학,2023/1 ~ 2029/2,스포츠사이언스전공,ok
H0002256,H0004708,스포츠사이언스전공,PHE1041,스포츠개론,2022/1 ~ 2027/2,스포츠사이언스전공,ok
H0002256,H0004708,스포츠사이언스전공,PHE1043,건강과질병의이해,2022/1 ~ 2023/1,스포츠사이언스전공,ok
H0002256,H0004708,스포츠사이언스전공,PHE1044,그룹운동,2022/1 ~ 2027/2,스포츠사이언스전공,ok
H0002256,H0004708,스포츠사이언스전공,PHE1045,기초실기1,2022/1 ~ 2023/2,스포츠사이언스전공,ok
H0002256,H0004708,스포츠사이언스전공,PHE1048,스포츠문화와역사,2022/1 ~ 2029/2,스포츠사이언스전공,ok
H0002256,H0004708,스포츠사이언스전공,PHE1049,스포츠운동과학의기초,2022/1 ~ 2027/2,스포츠사이언스전공,ok
H0002256,H0004708,스포츠사이언스전공,PHE1050,스포츠역학,2023/2 ~ 2029/2,스포츠사이언스전공,ok
H0002256,H0004708,스포츠사이언스전공,PHE2015,스포츠의학,2023/1 ~ 2029/2,스포츠사이언스전공,ok
H0002256,H0004708,스포츠사이언스전공,PHE2017,육상,2022/1 ~ 2027/2,스포츠사이언스전공,ok
H0002256,H0004708,스포츠사이언스전공,PHE2018,배구,2023/1 ~ 2029/2,스포츠사이언스전공,ok
H0002256,H0004708,스포츠사이언스전공,PHE2019,농구,2023/1 ~ 2030/2,스포츠사이언스전공,ok
H0002256,H0004708,스포츠사이언스전공,PHE2080,유도,2024/1 ~ 2029/2,스포츠사이언스전공,ok
H0002256,H0004708,스포츠사이언스전공,PHE2096,스포츠마사지,2023/1 ~ 2030/2,스포츠사이언스전공,ok
H0002256,H0004708,스포츠사이언스전공,PHE2100,스포츠윤리,2023/1 ~ 2030/2,스포츠사이언스전공,ok
H0002256,H0004708,스포츠사이언스전공,PHE2104,축구,2023/1 ~ 2028/2,스포츠사이언스전공,ok
H0002256,H0004708,스포츠사이언스전공,PHE2116,뇌과학과운동,2023/1 ~ 2028/2,스포츠사이언스전공,ok
H0002256,H0004708,스포츠사이언스전공,PHE3068,스포츠현장실습,2024/1 ~ 2029/2,스포츠사이언스전공,ok
H0002256,H0004708,스포츠사이언스전공,PHE3101,동계스포츠,2024/1 ~ 2030/2,스포츠사이언스전공,ok
H0002256,H0004708,스포츠사이언스전공,PHE3102,여가레크레이션,2025/1 ~ 2030/2,스포츠사이언스전공,ok
H0002256,H0004708,스포츠사이언스전공,PHE3115,스포츠IT이벤트,2024/1 ~ 2025/2,스포츠사이언스전공,ok
H0002256,H0004708,스포츠사이언스전공,PHE3120,버추얼피트니스,2024/1 ~ 2029/2,스포츠사이언스전공,ok
H0002256,H0004708,스포츠사이언스전공,PHE3121,스포츠재활의실제,2025/1 ~ 2026/2,스포츠사이언스전공,ok
H0002256,H0004708,스포츠사이언스전공,PHE3122,체육시설안전관리,2022/1 ~ 2028/2,스포츠사이언스전공,ok
H0002256,H0004708,스포츠사이언스전공,PHE3123,수상스포츠,2024/1 ~ 2025/2,스포츠사이언스전공,not_found
H0002256,H0004708,스포츠사이언스전공,PHE4006,테니스,2023/1 ~ 2029/2,스포츠사이언스전공,ok
H0002256,H0004708,스포츠사이언스전공,PHE4026,특수체육,2025/1 ~ 2030/2,스포츠사이언스전공,ok
H0002256,H0004708,스포츠사이언스전공,PHE4088,체육측정법,2023/1 ~ 2024/2,스포츠사이언스전공,ok
H0002256,H0004708,스포츠사이언스전공,PHE4112,스포츠동작분석,2023/2 ~ 2027/2,스포츠사이언스전공,ok
H0002256,H0004708,스포츠사이언스전공,PHE4113,스포츠와도핑,2027/1 ~ 2030/2,스포츠사이언스전공,not_found
H0002256,H0004708,스포츠사이언스전공,PHE5004,운동기능학,2022/1 ~ 2023/1,스포츠사이언스전공,ok
H0002256,H0004708,스포츠사이언스전공,PHE5010,스포츠교육학,2025/1 ~ 2030/2,스포츠사이언스전공,ok
H0002256,H0004708,스포츠사이언스전공,PHE5013,고령자운동과건강,2024/1 ~ 2029/2,스포츠사이언스전공,ok
H0002256,H0004708,스포츠사이언스전공,PHE5015,스포츠상해및재활,2024/1 ~ 2029/2,스포츠사이언스전공,ok
H0002256,H0004708,스포츠사이언스전공,PHE5021,스포츠통계학1,2024/1 ~ 2029/2,스포츠사이언스전공,ok
H0002256,H0004708,스포츠사이언스전공,PHE5022,스포츠통계학2,2024/1 ~ 2025/2,스포츠사이언스전공,ok
H0002256,H0004708,스포츠사이언스전공,PHE5033,스포츠영양학,2023/1 ~ 2030/2,스포츠사이언스전공,ok
H0002256,H0004708,스포츠사이언스전공,PHE5035,체육측정평가론,2023/1 ~ 2029/2,스포츠사이언스전공,ok
H0002256,H0004708,스포츠사이언스전공,PHE5037,체육학실험연구캡스톤디자인I,2025/1 ~ 2030/2,스포츠사이언스전공,ok
H0002256,H0004708,스포츠사이언스전공,PHE5038,체육학실험연구캡스톤디자인II,2025/1 ~ 2030/2,스포츠사이언스전공,ok
H0002256,H0004708,스포츠사이언스전공,PHE5040,태권도,2024/1 ~ 2030/2,스포츠사이언스전공,ok
H0002256,H0004708,스포츠사이언스전공,SYH0001,사랑의실천1(한양나눔),2022/1 ~ 2027/2,스포츠사이언스전공,ok
H0002256,H0004708,스포츠사이언스전공,SYH0002,사랑의실천2(스마트커뮤니케이션),2023/1 ~ 2028/2,스포츠사이언스전공,not_found
H0002256,H0004708,스포츠사이언스전공,SYH0003,사랑의실천3(기업가정신),2024/1 ~ 2029/2,스포츠사이언스전공,not_found
H0002256,H0004708,스포츠사이언스전공,SYH0004,사랑의실천4(미래실용인재),2025/1 ~ 2030/2,스포츠사이언스전공,ok
H0002256,H0004708,스포츠사이언스전공,TEA3037,체육논리및논술,2025/1 ~ 2030/2,스포츠사이언스전공,ok
H0002256,H0004708,스포츠사이언스전공,TEA5017,체육교과교육론,2024/1 ~ 2029/2,스포츠사이언스전공,ok
H0002256,H0004708,스포츠사이언스전공,TEA6017,체육교과교재연구및지도,2025/1 ~ 2030/2,스포츠사이언스전공,ok
H0002256,H0003588,스포츠산업학과,CUL0005,말과글,2013/1 ~ 2022/1,스포츠산업학과,ok
H0002256,H0003588,스포츠산업학과,CUL0011,창의적컴퓨팅,2017/1 ~ 2022/1,스포츠산업학과,ok
H0002256,H0003588,스포츠산업학과,CUL6019,고전읽기,2016/1 ~ 2016/2,스포츠산업학과,ok
H0002256,H0003588,스포츠산업학과,DCE3003,골프,2018/1 ~ 2020/1,스포츠산업학과,ok
H0002256,H0003588,스포츠산업학과,DCE4002,스포츠사회학,2013/1 ~ 2022/1,스포츠산업학과,ok
H0002256,H0003588,스포츠산업학과,DCE4028,스포츠행정관리,2013/1 ~ 2018/2,스포츠산업학과,ok
H0002256,H0003588,스포츠산업학과,DSI1001,휘트니스I,2013/1 ~ 2014/2,스포츠산업학과,ok
H0002256,H0003588,스포츠산업학과,DSI1002,휘트니스II,2013/1 ~ 2014/2,스포츠산업학과,ok
H0002256,H0003588,스포츠산업학과,DSI1006,스포츠와문화,2013/1 ~ 2022/1,스포츠산업학과,ok
H0002256,H0003588,스포츠산업학과,DSI1008,현대사회여가와스포츠,2013/1 ~ 2015/2,스포츠산업학과,ok
H0002256,H0003588,스포츠산업학과,DSI1009,관람스포츠산업의세계,2013/1 ~ 2014/2,스포츠산업학과,ok
H0002256,H0003588,스포츠산업학과,DSI1010,스포츠생산및소비의세계,2013/1 ~ 2014/2,스포츠산업학과,ok
H0002256,H0003588,스포츠산업학과,DSI1011,참여스포츠산업의세계,2013/1 ~ 2014/2,스포츠산업학과,ok
H0002256,H0003588,스포츠산업학과,DSI1012,스포츠디머스개론,2016/1 ~ 2019/2,스포츠산업학과,ok
H0002256,H0003588,스포츠산업학과,DSI1013,스포츠와4차산업,2020/1 ~ 2022/2,스포츠산업학과,ok
H0002256,H0003588,스포츠산업학과,DSI2001,레저기초실기1(하계스포츠),2013/1 ~ 2014/2,스포츠산업학과,ok
H0002256,H0003588,스포츠산업학과,DSI2002,레저기초실기2(스키),2013/1 ~ 2014/2,스포츠산업학과,ok
H0002256,H0003588,스포츠산업학과,DSI2003,스포츠전공실기1,2013/1 ~ 2025/2,스포츠산업학과,ok
H0002256,H0003588,스포츠산업학과,DSI2004,스포츠전공실기2,2013/1 ~ 2023/2,스포츠산업학과,ok
H0002256,H0003588,스포츠산업학과,DSI2005,스포츠심화실기1,2013/1 ~ 2014/2,스포츠산업학과,ok
H0002256,H0003588,스포츠산업학과,DSI2006,스포츠심화실기2,2013/1 ~ 2014/2,스포츠산업학과,not_found
H0002256,H0003588,스포츠산업학과,DSI2007,스포츠경영원론,2013/1 ~ 2022/1,스포츠산업학과,ok
H0002256,H0003588,스포츠산업학과,DSI2008,스포츠마케팅원론,2013/1 ~ 2022/1,스포츠산업학과,ok
H0002256,H0003588,스포츠산업학과,DSI2009,스포츠산업개론,2013/1 ~ 2019/2,스포츠산업학과,ok
H0002256,H0003588,스포츠산업학과,DSI2010,스포츠지도실기1,2013/1 ~ 2014/2,스포츠산업학과,ok
H0002256,H0003588,스포츠산업학과,DSI2011,스포츠지도실기2,2013/1 ~ 2014/2,스포츠산업학과,ok
H0002256,H0003588,스포츠산업학과,DSI2012,스포츠비즈니스기본영어1,2013/1 ~ 2021/1,스포츠산업학과,ok
H0002256,H0003588,스포츠산업학과,DSI2013,스포츠비즈니스기본영어2,2013/1 ~ 2016/2,스포츠산업학과,ok
H0002256,H0003588,스포츠산업학과,DSI2014,스포츠시설론,2013/1 ~ 2016/2,스포츠산업학과,ok
H0002256,H0003588,스포츠산업학과,DSI2015,스포츠와미디어,2013/1 ~ 2022/1,스포츠산업학과,ok
H0002256,H0003588,스포츠산업학과,DSI2016,스포츠산업조직관리,2013/1 ~ 2014/2,스포츠산업학과,ok
H0002256,H0003588,스포츠산업학과,DSI2017,스포츠PR론,2013/1 ~ 2022/1,스포츠산업학과,ok
H0002256,H0003588,스포츠산업학과,DSI2018,스포츠시장트렌드분석,2015/1 ~ 2025/2,스포츠산업학과,ok
H0002256,H0003588,스포츠산업학과,DSI2019,스포츠와산업디자인,2015/1 ~ 2020/2,스포츠산업학과,ok
H0002256,H0003588,스포츠산업학과,DSI2020,스포츠세일즈전략,2015/1 ~ 2022/2,스포츠산업학과,ok
H0002256,H0003588,스포츠산업학과,DSI2021,스포츠상품기획,2015/1 ~ 2024/2,스포츠산업학과,ok
H0002256,H0003588,스포츠산업학과,DSI2022,리테일마케팅,2017/1 ~ 2020/2,스포츠산업학과,ok
H0002256,H0003588,스포츠산업학과,DSI2023,스포츠미디어디자인,2017/1 ~ 2020/2,스포츠산업학과,ok
H0002256,H0003588,스포츠산업학과,DSI2024,스포츠광고실습,2019/2 ~ 2023/2,스포츠산업학과,ok
H0002256,H0003588,스포츠산업학과,DSI2025,e스포츠론,2020/1 ~ 2022/1,스포츠산업학과,ok
H0002256,H0003588,스포츠산업학과,DSI3001,레저기초실기3(하계스포츠),2013/1 ~ 2014/2,스포츠산업학과,ok
H0002256,H0003588,스포츠산업학과,DSI3002,레저기초실기4(스키),2013/1 ~ 2014/2,스포츠산업학과,ok
H0002256,H0003588,스포츠산업학과,DSI3007,스포츠와법,2013/1 ~ 2025/2,스포츠산업학과,ok
H0002256,H0003588,스포츠산업학과,DSI3008,스포츠빅데이터분석,2013/1 ~ 2026/2,스포츠산업학과,ok
H0002256,H0003588,스포츠산업학과,DSI3009,스포츠산업정보론,2013/1 ~ 2017/2,스포츠산업학과,ok
H0002256,H0003588,스포츠산업학과,DSI3011,스포츠마케팅조사방법론,2013/1 ~ 2025/2,스포츠산업학과,ok
H0002256,H0003588,스포츠산업학과,DSI3012,스포츠경제학,2013/1 ~ 2022/1,스포츠산업학과,ok
H0002256,H0003588,스포츠산업학과,DSI3013,스포츠재무론,2013/1 ~ 2023/2,스포츠산업학과,ok
H0002256,H0003588,스포츠산업학과,DSI3014,스포츠산업사,2013/1 ~ 2015/2,스포츠산업학과,ok
H0002256,H0003588,스포츠산업학과,DSI3017,스포츠비즈니스실무영어1,2013/1 ~ 2017/2,스포츠산업학과,ok
H0002256,H0003588,스포츠산업학과,DSI3018,스포츠비즈니스실무영어2,2013/1 ~ 2017/2,스포츠산업학과,ok
H0002256,H0003588,스포츠산업학과,DSI3019,스포츠이벤트기획론,2013/1 ~ 2017/2,스포츠산업학과,ok
H0002256,H0003588,스포츠산업학과,DSI3020,스포츠소비자행동론,2013/1 ~ 2023/2,스포츠산업학과,ok
H0002256,H0003588,스포츠산업학과,DSI3021,스포츠전공실기3,2013/1 ~ 2021/2,스포츠산업학과,ok
H0002256,H0003588,스포츠산업학과,DSI3022,스포츠와베팅,2013/1 ~ 2024/2,스포츠산업학과,ok
H0002256,H0003588,스포츠산업학과,DSI3023,스포츠전공실기4,2013/1 ~ 2021/2,스포츠산업학과,ok
H0002256,H0003588,스포츠산업학과,DSI3024,스포츠글로벌라이제이션,2013/1 ~ 2026/2,스포츠산업학과,ok
H0002256,H0003588,스포츠산업학과,DSI3026,중계권과스폰서십세일즈,2018/1 ~ 2021/2,스포츠산업학과,ok
H0002256,H0003588,스포츠산업학과,DSI3027,축구문화산업론,2018/1 ~ 2023/2,스포츠산업학과,ok
H0002256,H0003588,스포츠산업학과,DSI3028,스포츠방송산업론,2018/1 ~ 2023/2,스포츠산업학과,ok
H0002256,H0003588,스포츠산업학과,DSI3029,국제스포츠비즈니스전략,2018/1 ~ 2022/2,스포츠산업학과,ok
H0002256,H0003588,스포츠산업학과,DSI3030,스포츠공공정책론,2018/1 ~ 2022/2,스포츠산업학과,ok
H0002256,H0003588,스포츠산업학과,DSI3031,e스포츠비즈니스,2022/1 ~ 2025/2,스포츠산업학과,ok
H0002256,H0003588,스포츠산업학과,DSI4005,스포츠산업현장실습1,2013/1 ~ 2026/2,스포츠산업학과,ok
H0002256,H0003588,스포츠산업학과,DSI4006,스포츠산업현장실습2,2013/1 ~ 2024/2,스포츠산업학과,ok
H0002256,H0003588,스포츠산업학과,DSI4009,스포츠산업컨설팅,2013/1 ~ 2018/2,스포츠산업학과,ok
H0002256,H0003588,스포츠산업학과,DSI4010,프로스포츠산업연구,2013/1 ~ 2026/2,스포츠산업학과,ok
H0002256,H0003588,스포츠산업학과,DSI4011,스포츠디머스실무,2013/1 ~ 2022/2,스포츠산업학과,ok
H0002256,H0003588,스포츠산업학과,DSI4012,스포츠산업특강,2013/1 ~ 2022/1,스포츠산업학과,ok
H0002256,H0003588,스포츠산업학과,DSI4018,스포츠관광,2013/1 ~ 2022/2,스포츠산업학과,ok
H0002256,H0003588,스포츠산업학과,DSI4022,스포츠와국제관계,2013/1 ~ 2025/2,스포츠산업학과,ok
H0002256,H0003588,스포츠산업학과,DSI4023,휘트니스산업연구,2013/1 ~ 2018/2,스포츠산업학과,ok
H0002256,H0003588,스포츠산업학과,DSI4024,스포츠와사회문제,2016/1 ~ 2018/2,스포츠산업학과,ok
H0002256,H0003588,스포츠산업학과,DSI4025,스포츠산업신규사업개발,2016/1 ~ 2018/2,스포츠산업학과,ok
H0002256,H0003588,스포츠산업학과,DSI4026,스포츠실무프로젝트,2019/1 ~ 2022/2,스포츠산업학과,ok
H0002256,H0003588,스포츠산업학과,DSI4029,스포츠실무인턴십,2019/1 ~ 2022/2,스포츠산업학과,ok
H0002256,H0003588,스포츠산업학과,DSI4031,스포츠세일즈실습,2019/1 ~ 2022/2,스포츠산업학과,ok
H0002256,H0003588,스포츠산업학과,DSI4032,스포츠에이전트실무,2019/1 ~ 2023/2,스포츠산업학과,ok
H0002256,H0003588,스포츠산업학과,DSI4033,스포츠시설경영론,2019/1 ~ 2022/2,스포츠산업학과,ok
H0002256,H0003588,스포츠산업학과,DSI4034,스포츠이벤트경영론,2019/1 ~ 2022/2,스포츠산업학과,ok
H0002256,H0003588,스포츠산업학과,GEN4091,과학기술의철학적이해,2014/1 ~ 2022/1,스포츠산업학과,ok
H0002256,H0003588,스포츠산업학과,GEN5029,커리어개발Ⅰ:취.창업진로로드맵,2013/1 ~ 2022/1,스포츠산업학과,ok
H0002256,H0003588,스포츠산업학과,GEN5100,커리어개발Ⅱ:취.창업진로포트폴리오,2015/1 ~ 2023/2,스포츠산업학과,ok
H0002256,H0003588,스포츠산업학과,GEN6032,전문학술영어,2013/1 ~ 2022/2,스포츠산업학과,ok
H0002256,H0003588,스포츠산업학과,GEN6044,한양사회봉사,2013/1 ~ 2014/2,스포츠산업학과,ok
H0002256,H0003588,스포츠산업학과,GEN6094,전공현장실습1,2013/1 ~ 2021/2,스포츠산업학과,ok
H0002256,H0003588,스포츠산업학과,GEN6095,전공현장실습2,2013/1 ~ 2021/2,스포츠산업학과,ok
H0002256,H0003588,스포츠산업학과,PHE2029,스포츠심리학,2015/1 ~ 2015/2,스포츠산업학과,ok
H0002256,H0003588,스포츠산업학과,PHE4047,스포츠정책론,2013/1 ~ 2016/2,스포츠산업학과,ok
H0002256,H0003588,스포츠산업학과,PHE4072,스포츠창업론,2013/1 ~ 2024/2,스포츠산업학과,ok
H0002256,H0003588,스포츠산업학과,SYH0001,사랑의실천1(한양나눔),2013/1 ~ 2022/1,스포츠산업학과,ok
H0002256,H0003588,스포츠산업학과,SYH0002,사랑의실천2(스마트커뮤니케이션),2013/1 ~ 2022/2,스포츠산업학과,not_found
H0002256,H0003588,스포츠산업학과,SYH0003,사랑의실천3(기업가정신),2013/1 ~ 2023/2,스포츠산업학과,not_found
H0002256,H0003588,스포츠산업학과,SYH0004,사랑의실천4(미래실용인재),2013/1 ~ 2026/2,스포츠산업학과,ok
H0002256,H0003584,식품영양학과,CUL0005,말과글,2013/1 ~ 2027/2,식품영양학과,ok
H0002256,H0003584,식품영양학과,CUL0011,창의적컴퓨팅,2017/1 ~ 2027/2,식품영양학과,ok
H0002256,H0003584,식품영양학과,CUL0202,문화기술인간,2025/1 ~ 2027/2,식품영양학과,ok
H0002256,H0003584,식품영양학과,CUL0204,통합사고와읽기의기술,2025/1 ~ 2027/2,식품영양학과,ok
H0002256,H0003584,식품영양학과,CUL0206,Personal Branding in Digital Markets,2026/1 ~ 2028/2,식품영양학과,ok
H0002256,H0003584,식품영양학과,CUL0209,"Wellness Web: Self, Society, and Beyond",2026/1 ~ 2028/2,식품영양학과,ok
H0002256,H0003584,식품영양학과,CUL1122,창의적프로그래밍,2023/1 ~ 2028/2,식품영양학과,ok
H0002256,H0003584,식품영양학과,CUL1138,인공지능과기계학습,2023/1 ~ 2028/2,식품영양학과,ok
H0002256,H0003584,식품영양학과,F-N1003,기초영양학,2013/1 ~ 2028/2,식품영양학과,ok
H0002256,H0003584,식품영양학과,F-N1004,일반생물,2013/1 ~ 2027/2,식품영양학과,ok
H0002256,H0003584,식품영양학과,F-N1005,기초통계학,2013/1 ~ 2027/2,식품영양학과,ok
H0002256,H0003584,식품영양학과,F-N1006,생활일반화학,2016/1 ~ 2025/2,식품영양학과,ok
H0002256,H0003584,식품영양학과,F-N2001,생활유기화학,2013/1 ~ 2028/2,식품영양학과,ok
H0002256,H0003584,식품영양학과,F-N2002,식품미생물학실험,2013/1 ~ 2028/2,식품영양학과,ok
H0002256,H0003584,식품영양학과,F-N2006,영양생리학,2013/1 ~ 2028/2,식품영양학과,ok
H0002256,H0003584,식품영양학과,F-N2008,식품미생물학,2013/1 ~ 2028/2,식품영양학과,ok
H0002256,H0003584,식품영양학과,F-N2009,식품분석학,2013/1 ~ 2028/2,식품영양학과,ok
H0002256,H0003584,식품영양학과,F-N2010,식품분석학실험,2013/1 ~ 2026/1,식품영양학과,ok
H0002256,H0003584,식품영양학과,F-N2014,식품가공및저장학,2013/1 ~ 2029/2,식품영양학과,ok
H0002256,H0003584,식품영양학과,F-N2015,조리원리,2013/1 ~ 2028/2,식품영양학과,ok
H0002256,H0003584,식품영양학과,F-N2017,생활주기영양학,2013/1 ~ 2029/2,식품영양학과,ok
H0002256,H0003584,식품영양학과,F-N3002,생화학1,2013/1 ~ 2029/2,식품영양학과,ok
H0002256,H0003584,식품영양학과,F-N3003,생화학2,2013/1 ~ 2029/2,식품영양학과,ok
H0002256,H0003584,식품영양학과,F-N3011,임상영양학,2013/1 ~ 2029/2,식품영양학과,ok
H0002256,H0003584,식품영양학과,F-N3016,고급영양학실험,2013/1 ~ 2029/2,식품영양학과,ok
H0002256,H0003584,식품영양학과,F-N3018,실험조리,2013/1 ~ 2028/2,식품영양학과,ok
H0002256,H0003584,식품영양학과,F-N3019,고급영양학,2013/1 ~ 2029/2,식품영양학과,ok
H0002256,H0003584,식품영양학과,F-N3020,영양소대사,2013/1 ~ 2029/2,식품영양학과,ok
H0002256,H0003584,식품영양학과,F-N3023,임상영양학실험,2013/1 ~ 2029/2,식품영양학과,ok
H0002256,H0003584,식품영양학과,F-N3024,영양정보와인터넷,2013/1 ~ 2016/2,식품영양학과,ok
H0002256,H0003584,식품영양학과,F-N3025,식품위생학,2013/1 ~ 2029/2,식품영양학과,ok
H0002256,H0003584,식품영양학과,F-N3026,식품가공및저장학실험,2013/1 ~ 2029/2,식품영양학과,ok
H0002256,H0003584,식품영양학과,F-N3027,발효식품학,2013/1 ~ 2029/2,식품영양학과,ok
H0002256,H0003584,식품영양학과,F-N3028,식품위생관계법규,2013/1 ~ 2030/2,식품영양학과,ok
H0002256,H0003584,식품영양학과,F-N4001,식품화학,2013/1 ~ 2029/2,식품영양학과,ok
H0002256,H0003584,식품영양학과,F-N4002,영양교육,2013/1 ~ 2030/2,식품영양학과,ok
H0002256,H0003584,식품영양학과,F-N4015,영양판정,2013/1 ~ 2030/2,식품영양학과,ok
H0002256,H0003584,식품영양학과,F-N4018,영양사현장실습,2013/1 ~ 2030/2,식품영양학과,ok
H0002256,H0003584,식품영양학과,F-N4020,영양상담,2013/1 ~ 2018/2,식품영양학과,ok
H0002256,H0003584,식품영양학과,F-N4021,식품학,2013/1 ~ 2030/2,식품영양학과,ok
H0002256,H0003584,식품영양학과,F-N4022,급식경영학,2013/1 ~ 2030/2,식품영양학과,ok
H0002256,H0003584,식품영양학과,F-N4023,기능성식품과제품개발,2013/1 ~ 2030/2,식품영양학과,ok
H0002256,H0003584,식품영양학과,F-N4024,지역사회영양학,2013/1 ~ 2018/2,식품영양학과,ok
H0002256,H0003584,식품영양학과,F-N4025,공중보건학,2013/1 ~ 2018/2,식품영양학과,ok
H0002256,H0003584,식품영양학과,F-N4026,캡스톤디자인창의적연구설계,2013/1 ~ 2030/2,식품영양학과,ok
H0002256,H0003584,식품영양학과,GEN0068,일반화학1,2013/1 ~ 2015/2,식품영양학과,ok
H0002256,H0003584,식품영양학과,GEN0069,일반화학2,2013/1 ~ 2015/2,식품영양학과,ok
H0002256,H0003584,식품영양학과,GEN4012,식생활문화,2013/1 ~ 2030/2,식품영양학과,ok
H0002256,H0003584,식품영양학과,GEN4091,과학기술의철학적이해,2013/1 ~ 2027/2,식품영양학과,ok
H0002256,H0003584,식품영양학과,GEN5029,커리어개발Ⅰ:취.창업진로로드맵,2013/1 ~ 2027/2,식품영양학과,ok
H0002256,H0003584,식품영양학과,GEN5100,커리어개발Ⅱ:취.창업진로포트폴리오,2015/1 ~ 2029/2,식품영양학과,ok
H0002256,H0003584,식품영양학과,GEN6032,전문학술영어,2013/1 ~ 2028/2,식품영양학과,ok
H0002256,H0003584,식품영양학과,GEN6044,한양사회봉사,2013/1 ~ 2014/2,식품영양학과,ok
H0002256,H0003584,식품영양학과,HEC4015,식품독성학,2013/1 ~ 2029/2,식품영양학과,ok
H0002256,H0003584,식품영양학과,HOE4005,식생활관리,2013/1 ~ 2028/2,식품영양학과,ok
H0002256,H0003584,식품영양학과,SYH0001,사랑의실천1(한양나눔),2013/1 ~ 2027/2,식품영양학과,ok
H0002256,H0003584,식품영양학과,SYH0002,사랑의실천2(스마트커뮤니케이션),2013/1 ~ 2028/2,식품영양학과,not_found
H0002256,H0003584,식품영양학과,SYH0003,사랑의실천3(기업가정신),2013/1 ~ 2029/2,식품영양학과,not_found
H0002256,H0003584,식품영양학과,SYH0004,사랑의실천4(미래실용인재),2013/1 ~ 2030/2,식품영양학과,ok
H0002256,H0002581,신소재공학부,CHM1002,일반화학및실험2,2005/1 ~ 2027/2,신소재공학부,ok
H0002256,H0002581,신소재공학부,CHM1005,일반화학및실험1,2005/1 ~ 2027/2,신소재공학부,ok
H0002256,H0002581,신소재공학부,COE1011,실용공학연구2,2006/1 ~ 2006/2,신소재공학부,ok
H0002256,H0002581,신소재공학부,COE2022,공학입문설계,2010/1 ~ 2027/2,신소재공학부,ok
H0002256,H0002581,신소재공학부,COE3051,공업수학1,2006/1 ~ 2028/2,신소재공학부,ok
H0002256,H0002581,신소재공학부,COE3052,공업수학2,2006/1 ~ 2028/2,신소재공학부,ok
H0002256,H0002581,신소재공학부,COE3053,공업수학3,2011/1 ~ 2014/2,신소재공학부,ok
H0002256,H0002581,신소재공학부,CTE3003,세라믹공정,2007/1 ~ 2021/2,신소재공학부,ok
H0002256,H0002581,신소재공학부,CUL0005,말과글,2005/1 ~ 2027/2,신소재공학부,ok
H0002256,H0002581,신소재공학부,CUL0202,문화기술인간,2025/1 ~ 2027/2,신소재공학부,ok
H0002256,H0002581,신소재공학부,CUL0203,AI시대쓰기의힘,2025/1 ~ 2027/2,신소재공학부,ok
H0002256,H0002581,신소재공학부,CUL0206,Personal Branding in Digital Markets,2026/1 ~ 2028/2,신소재공학부,ok
H0002256,H0002581,신소재공학부,CUL0207,미래지능연결,2026/1 ~ 2028/2,신소재공학부,ok
H0002256,H0002581,신소재공학부,CUL1138,인공지능과기계학습,2023/1 ~ 2028/2,신소재공학부,ok
H0002256,H0002581,신소재공학부,CUL3011,일반물리학및실험1,2005/1 ~ 2027/2,신소재공학부,ok
H0002256,H0002581,신소재공학부,CUL3012,일반물리학및실험2,2005/1 ~ 2027/2,신소재공학부,ok
H0002256,H0002581,신소재공학부,DME2053,재료역학,2006/1 ~ 2024/2,신소재공학부,ok
H0002256,H0002581,신소재공학부,ENE4071,반도체공정,2008/1 ~ 2030/2,신소재공학부,ok
H0002256,H0002581,신소재공학부,GEN1031,공학도를위한창의적컴퓨팅,2005/1 ~ 2027/2,신소재공학부,ok
H0002256,H0002581,신소재공학부,GEN1100,공학도를위한창의적프로그래밍,2023/1 ~ 2028/2,신소재공학부,ok
H0002256,H0002581,신소재공학부,GEN2052,미분적분학1,2005/1 ~ 2027/2,신소재공학부,ok
H0002256,H0002581,신소재공학부,GEN2053,미분적분학2,2005/1 ~ 2027/2,신소재공학부,ok
H0002256,H0002581,신소재공학부,GEN3041,초급중국어1,2016/1 ~ 2027/2,신소재공학부,ok
H0002256,H0002581,신소재공학부,GEN3058,공업경제학,2007/1 ~ 2016/2,신소재공학부,ok
H0002256,H0002581,신소재공학부,GEN4091,과학기술의철학적이해,2005/1 ~ 2027/2,신소재공학부,ok
H0002256,H0002581,신소재공학부,GEN5026,테크노경영학(스타트업종합설계),2007/1 ~ 2029/2,신소재공학부,ok
H0002256,H0002581,신소재공학부,GEN5029,커리어개발Ⅰ:취.창업진로로드맵,2005/1 ~ 2027/2,신소재공학부,ok
H0002256,H0002581,신소재공학부,GEN5100,커리어개발Ⅱ:취.창업진로포트폴리오,2015/1 ~ 2029/2,신소재공학부,ok
H0002256,H0002581,신소재공학부,GEN6032,전문학술영어,2010/1 ~ 2028/2,신소재공학부,ok
H0002256,H0002581,신소재공학부,GEN6044,한양사회봉사,2009/1 ~ 2014/2,신소재공학부,ok
H0002256,H0002581,신소재공학부,GEN6094,전공현장실습1,2014/1 ~ 2016/2,신소재공학부,ok
H0002256,H0002581,신소재공학부,GEN6095,전공현장실습2,2013/1 ~ 2016/2,신소재공학부,ok
H0002256,H0002581,신소재공학부,HYP1025,신소재공학HY-UP(실용연구실습)1,2026/1 ~ 2029/2,신소재공학부,not_found
H0002256,H0002581,신소재공학부,HYP2023,신소재공학HY-UP(실용연구실습)2,2025/2 ~ 2029/2,신소재공학부,ok
H0002256,H0002581,신소재공학부,HYP3019,신소재공학HY-UP(실용연구실습)3,2026/1 ~ 2030/2,신소재공학부,ok
H0002256,H0002581,신소재공학부,HYP4018,신소재공학HY-UP(실용연구실습)4,2025/2 ~ 2030/2,신소재공학부,ok
H0002256,H0002581,신소재공학부,IME3002,상평형론,2007/1 ~ 2021/2,신소재공학부,ok
H0002256,H0002581,신소재공학부,IME4007,자성재료,2007/1 ~ 2029/2,신소재공학부,ok
H0002256,H0002581,신소재공학부,MAE2001,재료과학1,2006/1 ~ 2028/2,신소재공학부,ok
H0002256,H0002581,신소재공학부,MAE2002,재료과학2,2006/1 ~ 2028/2,신소재공학부,ok
H0002256,H0002581,신소재공학부,MAE2008,신소재공학요소설계1(URIP),2010/1 ~ 2024/2,신소재공학부,ok
H0002256,H0002581,신소재공학부,MAE2009,신소재공학요소설계2(URIP),2010/1 ~ 2024/2,신소재공학부,ok
H0002256,H0002581,신소재공학부,MAE2010,결정구조분석,2010/1 ~ 2028/2,신소재공학부,ok
H0002256,H0002581,신소재공학부,MAE2060,전산재료과학개론,2010/1 ~ 2029/2,신소재공학부,not_found
H0002256,H0002581,신소재공학부,MAE3019,전자소자재료1,2007/1 ~ 2029/2,신소재공학부,ok
H0002256,H0002581,신소재공학부,MAE3020,전자소자재료2,2007/1 ~ 2029/2,신소재공학부,ok
H0002256,H0002581,신소재공학부,MAE3022,재료의물리적해석1,2007/1 ~ 2029/2,신소재공학부,ok
H0002256,H0002581,신소재공학부,MAE3023,재료의물리적해석2,2007/1 ~ 2029/2,신소재공학부,ok
H0002256,H0002581,신소재공학부,MAE3024,스핀트로닉스개론,2007/1 ~ 2022/2,신소재공학부,ok
H0002256,H0002581,신소재공학부,MAE3025,나노소재기기분석,2007/1 ~ 2029/2,신소재공학부,ok
H0002256,H0002581,신소재공학부,MAE3026,고체이온공학,2007/1 ~ 2029/2,신소재공학부,ok
H0002256,H0002581,신소재공학부,MAE3027,신소재공학실험1,2011/1 ~ 2029/2,신소재공학부,ok
H0002256,H0002581,신소재공학부,MAE3028,신소재공학실험2,2011/1 ~ 2029/2,신소재공학부,ok
H0002256,H0002581,신소재공학부,MAE3029,재료의화학적해석,2011/1 ~ 2029/2,신소재공학부,ok
H0002256,H0002581,신소재공학부,MAE3059,세라믹재료,2011/1 ~ 2020/2,신소재공학부,ok
H0002256,H0002581,신소재공학부,MAE3061,재료특성론,2015/1 ~ 2017/2,신소재공학부,ok
H0002256,H0002581,신소재공학부,MAE3062,비즈니스창조공학,2015/1 ~ 2024/1,신소재공학부,ok
H0002256,H0002581,신소재공학부,MAE3063,세라믹재료및공정,2022/1 ~ 2029/2,신소재공학부,ok
H0002256,H0002581,신소재공학부,MAE3064,바이오신소재공학,2024/2 ~ 2028/2,신소재공학부,ok
H0002256,H0002581,신소재공학부,MAE3065,데이터의구조,2025/2 ~ 2029/2,신소재공학부,ok
H0002256,H0002581,신소재공학부,MAE4014,전기화학재료,2022/1 ~ 2029/2,신소재공학부,ok
H0002256,H0002581,신소재공학부,MAE4015,표면공학,2008/1 ~ 2018/2,신소재공학부,ok
H0002256,H0002581,신소재공학부,MAE4022,전지와부식,2008/1 ~ 2018/2,신소재공학부,ok
H0002256,H0002581,신소재공학부,MAE4025,포토닉스재료,2008/1 ~ 2018/2,신소재공학부,ok
H0002256,H0002581,신소재공학부,MAE4026,나노입자공학,2008/1 ~ 2030/2,신소재공학부,ok
H0002256,H0002581,신소재공학부,MAE4028,재료의기계적거동,2012/1 ~ 2029/2,신소재공학부,ok
H0002256,H0002581,신소재공학부,MAE4029,나노재료학,2011/1 ~ 2017/2,신소재공학부,ok
H0002256,H0002581,신소재공학부,MAE4030,첨단전자소자공학,2012/1 ~ 2018/2,신소재공학부,not_found
H0002256,H0002581,신소재공학부,MAE4031,반도체디스플레이개론,2012/1 ~ 2030/2,신소재공학부,ok
H0002256,H0002581,신소재공학부,MAE4032,바이오재료,2012/1 ~ 2018/2,신소재공학부,not_found
H0002256,H0002581,신소재공학부,MAE4033,재료의파괴와손상,2012/1 ~ 2022/2,신소재공학부,ok
H0002256,H0002581,신소재공학부,MAE4034,유기재료,2012/1 ~ 2029/2,신소재공학부,ok
H0002256,H0002581,신소재공학부,MAE4035,철강재료,2012/1 ~ 2024/1,신소재공학부,ok
H0002256,H0002581,신소재공학부,MAE4036,재료상변태,2012/1 ~ 2030/2,신소재공학부,ok
H0002256,H0002581,신소재공학부,MAE4059,생체모방재료,2009/1 ~ 2018/2,신소재공학부,ok
H0002256,H0002581,신소재공학부,MAE4060,미래기술과신소재,2011/1 ~ 2030/2,신소재공학부,ok
H0002256,H0002581,신소재공학부,MAE4061,미래기술과신소재2,2011/1 ~ 2025/2,신소재공학부,ok
H0002256,H0002581,신소재공학부,MAE4062,재료물성,2014/1 ~ 2026/2,신소재공학부,ok
H0002256,H0002581,신소재공학부,MAE4063,첨단구조재료의개발,2019/1 ~ 2030/2,신소재공학부,ok
H0002256,H0002581,신소재공학부,MAE4064,인공지능뉴로컴퓨팅,2019/1 ~ 2030/2,신소재공학부,ok
H0002256,H0002581,신소재공학부,MAE4065,전자소자및회로,2024/2 ~ 2029/2,신소재공학부,ok
H0002256,H0002581,신소재공학부,MAT2017,확률통계론,2006/1 ~ 2016/2,신소재공학부,ok
H0002256,H0002581,신소재공학부,MAT3008,수치해석,2006/1 ~ 2028/2,신소재공학부,ok
H0002256,H0002581,신소재공학부,MEE3012,열역학,2007/1 ~ 2010/2,신소재공학부,ok
H0002256,H0002581,신소재공학부,MGE3003,금속재료,2007/1 ~ 2029/2,신소재공학부,ok
H0002256,H0002581,신소재공학부,MMS2006,재료열역학1,2010/1 ~ 2028/2,신소재공학부,ok
H0002256,H0002581,신소재공학부,MMS3015,재료열역학2,2010/1 ~ 2028/2,신소재공학부,ok
H0002256,H0002581,신소재공학부,MSE4003,신소재공학종합설계1(URIP),2008/1 ~ 2030/2,신소재공학부,ok
H0002256,H0002581,신소재공학부,MSE4004,신소재공학종합설계2(URIP),2009/1 ~ 2030/2,신소재공학부,ok
H0002256,H0002581,신소재공학부,MTE3002,경량재료,2007/1 ~ 2021/2,신소재공학부,ok
H0002256,H0002581,신소재공학부,MTE3004,X-선회절및응용,2007/1 ~ 2029/2,신소재공학부,ok
H0002256,H0002581,신소재공학부,MTE4004,박막공학,2008/1 ~ 2029/2,신소재공학부,ok
H0002256,H0002581,신소재공학부,PHY2008,현대물리학,2006/1 ~ 2028/2,신소재공학부,ok
H0002256,H0002581,신소재공학부,PHY4007,고체물리학,2007/1 ~ 2030/2,신소재공학부,ok
H0002256,H0002581,신소재공학부,PHY4060,양자광학,2006/1 ~ 2009/2,신소재공학부,ok
H0002256,H0002581,신소재공학부,SYH0001,사랑의실천1(한양나눔),2007/1 ~ 2027/2,신소재공학부,ok
H0002256,H0002581,신소재공학부,SYH0002,사랑의실천2(스마트커뮤니케이션),2008/1 ~ 2028/2,신소재공학부,not_found
H0002256,H0002581,신소재공학부,SYH0003,사랑의실천3(기업가정신),2011/1 ~ 2029/2,신소재공학부,not_found
H0002256,H0002581,신소재공학부,SYH0004,사랑의실천4(미래실용인재),2012/1 ~ 2030/2,신소재공학부,ok
H0002256,H0002581,신소재공학부,TEA3028,공업논리및논술,2011/1 ~ 2017/2,신소재공학부,ok
H0002256,H0002581,신소재공학부,TEA5008,공업교과교육론,2011/1 ~ 2017/2,신소재공학부,ok
H0002256,H0002581,신소재공학부,TEA6008,공업교과교재연구및지도,2012/1 ~ 2017/2,신소재공학부,ok
H0002256,H0003585,실내건축디자인학과,CUL0005,말과글,2013/1 ~ 2027/2,실내건축디자인학과,ok
H0002256,H0003585,실내건축디자인학과,CUL0011,창의적컴퓨팅,2016/1 ~ 2027/2,실내건축디자인학과,ok
H0002256,H0003585,실내건축디자인학과,CUL0202,문화기술인간,2025/1 ~ 2027/2,실내건축디자인학과,ok
H0002256,H0003585,실내건축디자인학과,CUL0203,AI시대쓰기의힘,2025/1 ~ 2027/2,실내건축디자인학과,ok
H0002256,H0003585,실내건축디자인학과,CUL0205,Technology and AI: Utopia or Dystopia?,2026/1 ~ 2028/2,실내건축디자인학과,ok
H0002256,H0003585,실내건축디자인학과,CUL0208,스토리텔링의설계와전략,2026/1 ~ 2028/2,실내건축디자인학과,ok
H0002256,H0003585,실내건축디자인학과,CUL1122,창의적프로그래밍,2023/1 ~ 2028/2,실내건축디자인학과,ok
H0002256,H0003585,실내건축디자인학과,CUL1138,인공지능과기계학습,2023/1 ~ 2028/2,실내건축디자인학과,ok
H0002256,H0003585,실내건축디자인학과,GEN4091,과학기술의철학적이해,2013/1 ~ 2027/2,실내건축디자인학과,ok
H0002256,H0003585,실내건축디자인학과,GEN5029,커리어개발Ⅰ:취.창업진로로드맵,2013/1 ~ 2027/2,실내건축디자인학과,ok
H0002256,H0003585,실내건축디자인학과,GEN5100,커리어개발Ⅱ:취.창업진로포트폴리오,2015/1 ~ 2029/2,실내건축디자인학과,ok
H0002256,H0003585,실내건축디자인학과,GEN6032,전문학술영어,2013/1 ~ 2028/2,실내건축디자인학과,ok
H0002256,H0003585,실내건축디자인학과,GEN6044,한양사회봉사,2013/1 ~ 2014/2,실내건축디자인학과,ok
H0002256,H0003585,실내건축디자인학과,GEN6094,전공현장실습1,2013/1 ~ 2016/2,실내건축디자인학과,ok
H0002256,H0003585,실내건축디자인학과,GEN6095,전공현장실습2,2013/1 ~ 2016/2,실내건축디자인학과,ok
H0002256,H0003585,실내건축디자인학과,HEC1002,주거학,2013/1 ~ 2016/2,실내건축디자인학과,ok
H0002256,H0003585,실내건축디자인학과,HEC2005,공간조명과색채,2013/1 ~ 2028/2,실내건축디자인학과,ok
H0002256,H0003585,실내건축디자인학과,HEC2006,공간과사진,2013/1 ~ 2016/2,실내건축디자인학과,ok
H0002256,H0003585,실내건축디자인학과,HEC3004,환경행태심리론,2013/1 ~ 2030/2,실내건축디자인학과,ok
H0002256,H0003585,실내건축디자인학과,HEC3007,드로잉과AI시각화,2013/1 ~ 2028/2,실내건축디자인학과,ok
H0002256,H0003585,실내건축디자인학과,HEC3010,공간심리학,2013/1 ~ 2018/2,실내건축디자인학과,ok
H0002256,H0003585,실내건축디자인학과,HEC3011,가구디자인,2013/1 ~ 2017/2,실내건축디자인학과,ok
H0002256,H0003585,실내건축디자인학과,HEC3017,조명디자인1,2013/1 ~ 2014/2,실내건축디자인학과,ok
H0002256,H0003585,실내건축디자인학과,HEC4008,디자인마케팅,2013/1 ~ 2015/2,실내건축디자인학과,ok
H0002256,H0003585,실내건축디자인학과,HEC4009,포트폴리오,2013/1 ~ 2018/2,실내건축디자인학과,ok
H0002256,H0003585,실내건축디자인학과,HOM1004,기초조형2,2013/1 ~ 2025/2,실내건축디자인학과,ok
H0002256,H0003585,실내건축디자인학과,HOM1005,실내건축제도,2013/1 ~ 2025/2,실내건축디자인학과,ok
H0002256,H0003585,실내건축디자인학과,HOM1006,건축3D모델링1,2013/1 ~ 2028/2,실내건축디자인학과,ok
H0002256,H0003585,실내건축디자인학과,HOM1007,공간기초스튜디오,2013/1 ~ 2027/2,실내건축디자인학과,ok
H0002256,H0003585,실내건축디자인학과,HOM1008,실내건축디자인론,2013/1 ~ 2028/2,실내건축디자인학과,ok
H0002256,H0003585,실내건축디자인학과,HOM1009,공간과문화컨텐츠,2016/1 ~ 2025/2,실내건축디자인학과,ok
H0002256,H0003585,실내건축디자인학과,HOM2021,공간디자인스튜디오1,2014/1 ~ 2028/2,실내건축디자인학과,ok
H0002256,H0003585,실내건축디자인학과,HOM2022,동서양건축양식사,2014/1 ~ 2022/2,실내건축디자인학과,ok
H0002256,H0003585,실내건축디자인학과,HOM2023,기초조형,2014/1 ~ 2027/2,실내건축디자인학과,ok
H0002256,H0003585,실내건축디자인학과,HOM2024,공간디자인스튜디오2,2014/1 ~ 2028/2,실내건축디자인학과,ok
H0002256,H0003585,실내건축디자인학과,HOM2025,실내계획론,2014/1 ~ 2028/2,실내건축디자인학과,ok
H0002256,H0003585,실내건축디자인학과,HOM2026,실내건축재료및구조학,2014/1 ~ 2018/2,실내건축디자인학과,ok
H0002256,H0003585,실내건축디자인학과,HOM2027,건축3D모델링2,2014/1 ~ 2028/2,실내건축디자인학과,ok
H0002256,H0003585,실내건축디자인학과,HOM2028,근거기반디자인,2022/2 ~ 2026/1,실내건축디자인학과,ok
H0002256,H0003585,실내건축디자인학과,HOM2029,공간사용자경험,2026/2 ~ 2028/2,실내건축디자인학과,not_found
H0002256,H0003585,실내건축디자인학과,HOM3030,디자인경영과캡스톤디자인,2013/1 ~ 2029/2,실내건축디자인학과,ok
H0002256,H0003585,실내건축디자인학과,HOM3031,실내건축스튜디오1,2015/1 ~ 2029/2,실내건축디자인학과,ok
H0002256,H0003585,실내건축디자인학과,HOM3032,실내조명디자인,2015/1 ~ 2017/2,실내건축디자인학과,ok
H0002256,H0003585,실내건축디자인학과,HOM3033,실내건축구조학,2015/1 ~ 2017/2,실내건축디자인학과,ok
H0002256,H0003585,실내건축디자인학과,HOM3034,디지털디자인과BIM,2015/1 ~ 2029/2,실내건축디자인학과,ok
H0002256,H0003585,실내건축디자인학과,HOM3035,실내디자인경영,2015/1 ~ 2022/2,실내건축디자인학과,not_found
H0002256,H0003585,실내건축디자인학과,HOM3036,현대실내건축사,2015/1 ~ 2029/2,실내건축디자인학과,ok
H0002256,H0003585,실내건축디자인학과,HOM3037,디지털디자인2,2015/1 ~ 2017/2,실내건축디자인학과,ok
H0002256,H0003585,실내건축디자인학과,HOM3038,설비및법규,2015/1 ~ 2029/2,실내건축디자인학과,ok
H0002256,H0003585,실내건축디자인학과,HOM3039,실내건축스튜디오2,2015/1 ~ 2029/2,실내건축디자인학과,ok
H0002256,H0003585,실내건축디자인학과,HOM3040,실내건축캡스톤디자인1,2013/1 ~ 2017/2,실내건축디자인학과,ok
H0002256,H0003585,실내건축디자인학과,HOM3041,피지컬컴퓨팅개론,2018/1 ~ 2029/2,실내건축디자인학과,ok
H0002256,H0003585,실내건축디자인학과,HOM3042,가구디자인과디지털패브리케이션,2018/1 ~ 2029/2,실내건축디자인학과,ok
H0002256,H0003585,실내건축디자인학과,HOM3043,디지털미디어와디자인,2019/1 ~ 2029/2,실내건축디자인학과,ok
H0002256,H0003585,실내건축디자인학과,HOM4017,실내건축시공구조및디테일,2013/1 ~ 2030/2,실내건축디자인학과,ok
H0002256,H0003585,실내건축디자인학과,HOM4021,졸업작품캡스톤디자인1,2013/1 ~ 2030/2,실내건축디자인학과,ok
H0002256,H0003585,실내건축디자인학과,HOM4022,졸업작품캡스톤디자인2,2013/1 ~ 2030/2,실내건축디자인학과,ok
H0002256,H0003585,실내건축디자인학과,HOM4023,환경캡스톤디자인1,2013/1 ~ 2019/2,실내건축디자인학과,ok
H0002256,H0003585,실내건축디자인학과,HOM4024,환경캡스톤디자인2,2013/1 ~ 2019/2,실내건축디자인학과,ok
H0002256,H0003585,실내건축디자인학과,HOM4025,디자인컴퓨팅,2016/1 ~ 2030/2,실내건축디자인학과,ok
H0002256,H0003585,실내건축디자인학과,HOM4026,실내건축비평,2016/1 ~ 2018/2,실내건축디자인학과,ok
H0002256,H0003585,실내건축디자인학과,HOM4027,현대실내공간론,2016/1 ~ 2022/2,실내건축디자인학과,not_found
H0002256,H0003585,실내건축디자인학과,HOM4028,디자인연구,2016/1 ~ 2018/2,실내건축디자인학과,ok
H0002256,H0003585,실내건축디자인학과,HOM4029,FM과디자인,2016/1 ~ 2018/2,실내건축디자인학과,ok
H0002256,H0003585,실내건축디자인학과,HOM4030,유니버설디자인,2016/1 ~ 2018/2,실내건축디자인학과,ok
H0002256,H0003585,실내건축디자인학과,HOM4031,실내건축캡스톤디자인2,2013/1 ~ 2018/2,실내건축디자인학과,ok
H0002256,H0003585,실내건축디자인학과,HOM4032,FM리서치프로젝트,2019/1 ~ 2026/2,실내건축디자인학과,ok
H0002256,H0003585,실내건축디자인학과,HOM4033,FM과공간,2019/1 ~ 2026/2,실내건축디자인학과,ok
H0002256,H0003585,실내건축디자인학과,HOM4034,디자인리서치방법론,2019/1 ~ 2030/2,실내건축디자인학과,ok
H0002256,H0003585,실내건축디자인학과,HOM4035,VR/AR디자인,2020/1 ~ 2026/2,실내건축디자인학과,ok
H0002256,H0003585,실내건축디자인학과,HOM4036,실무다큐멘테이션,2020/1 ~ 2030/2,실내건축디자인학과,ok
H0002256,H0003585,실내건축디자인학과,HOM4037,디자인데이터분석,2022/2 ~ 2030/2,실내건축디자인학과,ok
H0002256,H0003585,실내건축디자인학과,HOM4038,디자인아카데믹라이팅,2023/1 ~ 2030/2,실내건축디자인학과,not_found
H0002256,H0003585,실내건축디자인학과,HOM4039,실내공간재료학,2023/1 ~ 2029/2,실내건축디자인학과,ok
H0002256,H0003585,실내건축디자인학과,HOM4040,디자인연구,2023/1 ~ 2030/2,실내건축디자인학과,ok
H0002256,H0003585,실내건축디자인학과,HOM4041,AIxDesign리서치,2026/2 ~ 2030/2,실내건축디자인학과,not_found
H0002256,H0003585,실내건축디자인학과,SYH0001,사랑의실천1(한양나눔),2013/1 ~ 2027/2,실내건축디자인학과,ok
H0002256,H0003585,실내건축디자인학과,SYH0002,사랑의실천2(스마트커뮤니케이션),2013/1 ~ 2028/2,실내건축디자인학과,not_found
H0002256,H0003585,실내건축디자인학과,SYH0003,사랑의실천3(기업가정신),2013/1 ~ 2029/2,실내건축디자인학과,not_found
H0002256,H0003585,실내건축디자인학과,SYH0004,사랑의실천4(미래실용인재),2013/1 ~ 2030/2,실내건축디자인학과,ok
H0002256,H0004471,심리뇌과학과,COE3051,공업수학1,2022/1 ~ 2024/2,심리뇌과학과,ok
H0002256,H0004471,심리뇌과학과,CSE2010,자료구조론,2022/1 ~ 2024/2,심리뇌과학과,ok
H0002256,H0004471,심리뇌과학과,CSE4007,인공지능,2023/1 ~ 2025/2,심리뇌과학과,ok
H0002256,H0004471,심리뇌과학과,CSE4055,지능형로보틱스,2023/1 ~ 2025/2,심리뇌과학과,ok
H0002256,H0004471,심리뇌과학과,CUL0005,말과글,2021/1 ~ 2023/2,심리뇌과학과,ok
H0002256,H0004471,심리뇌과학과,GEN2052,미분적분학1,2021/1 ~ 2023/2,심리뇌과학과,ok
H0002256,H0004471,심리뇌과학과,GEN2053,미분적분학2,2021/1 ~ 2023/2,심리뇌과학과,ok
H0002256,H0004471,심리뇌과학과,GEN4091,과학기술의철학적이해,2021/1 ~ 2023/2,심리뇌과학과,ok
H0002256,H0004471,심리뇌과학과,GEN5029,커리어개발Ⅰ:취.창업진로로드맵,2021/1 ~ 2023/2,심리뇌과학과,ok
H0002256,H0004471,심리뇌과학과,GEN5100,커리어개발Ⅱ:취.창업진로포트폴리오,2023/1 ~ 2025/2,심리뇌과학과,ok
H0002256,H0004471,심리뇌과학과,ITE1014,소프트웨어입문설계,2021/1 ~ 2023/2,심리뇌과학과,ok
H0002256,H0004471,심리뇌과학과,ITE1015,창의적소프트웨어프로그래밍,2021/1 ~ 2023/2,심리뇌과학과,ok
H0002256,H0004471,심리뇌과학과,ITE2037,객체지향시스템설계,2022/1 ~ 2024/2,심리뇌과학과,ok
H0002256,H0004471,심리뇌과학과,ITE2038,데이터베이스시스템및응용,2022/1 ~ 2024/2,심리뇌과학과,ok
H0002256,H0004471,심리뇌과학과,ITE2039,알고리즘및문제해결기법,2022/1 ~ 2024/2,심리뇌과학과,ok
H0002256,H0004471,심리뇌과학과,ITE3062,인간컴퓨터상호작용,2023/1 ~ 2025/2,심리뇌과학과,ok
H0002256,H0004471,심리뇌과학과,ITE4052,컴퓨터비전,2023/1 ~ 2025/2,심리뇌과학과,ok
H0002256,H0004471,심리뇌과학과,ITE4053,딥러닝및응용,2024/1 ~ 2026/2,심리뇌과학과,ok
H0002256,H0004471,심리뇌과학과,ITE4080,지능형생물정보학,2024/1 ~ 2026/2,심리뇌과학과,ok
H0002256,H0004471,심리뇌과학과,MAT2003,선형대수,2021/1 ~ 2023/2,심리뇌과학과,ok
H0002256,H0004471,심리뇌과학과,MAT2017,확률통계론,2022/1 ~ 2024/2,심리뇌과학과,ok
H0002256,H0004471,심리뇌과학과,MAT2020,이산수학,2021/1 ~ 2023/2,심리뇌과학과,ok
H0002256,H0004471,심리뇌과학과,SOI1003,데이터사이언스기초,2021/1 ~ 2023/2,심리뇌과학과,ok
H0002256,H0004471,심리뇌과학과,SOI1008,데이터사이언스프로젝트,2021/1 ~ 2023/2,심리뇌과학과,ok
H0002256,H0004471,심리뇌과학과,SOI1009,머신러닝1,2022/1 ~ 2024/2,심리뇌과학과,ok
H0002256,H0004471,심리뇌과학과,SOI1010,머신러닝2,2022/1 ~ 2024/2,심리뇌과학과,ok
H0002256,H0004471,심리뇌과학과,SOI2002,인공지능베이지안이론,2023/1 ~ 2025/2,심리뇌과학과,not_found
H0002256,H0004471,심리뇌과학과,SOI2007,인지신경과학,2022/1 ~ 2024/2,심리뇌과학과,ok
H0002256,H0004471,심리뇌과학과,SOI3006,계산인지과학,2023/1 ~ 2025/2,심리뇌과학과,ok
H0002256,H0004471,심리뇌과학과,SOI3007,인지과학연구방법론2,2023/1 ~ 2025/2,심리뇌과학과,ok
H0002256,H0004471,심리뇌과학과,SOI3008,인지행동모델링,2023/1 ~ 2025/2,심리뇌과학과,ok
H0002256,H0004471,심리뇌과학과,SOI3009,강화학습이론및응용,2023/1 ~ 2025/2,심리뇌과학과,not_found
H0002256,H0004471,심리뇌과학과,SOI4003,인공지능졸업프로젝트,2024/1 ~ 2026/2,심리뇌과학과,not_found
H0002256,H0004471,심리뇌과학과,SOI4004,뉴로이미징,2024/1 ~ 2026/2,심리뇌과학과,ok
H0002256,H0004471,심리뇌과학과,SOI4005,글로벌인턴십,2024/1 ~ 2026/2,심리뇌과학과,ok
H0002256,H0004471,심리뇌과학과,SYH0001,사랑의실천1(한양나눔),2021/1 ~ 2023/2,심리뇌과학과,ok
H0002256,H0004471,심리뇌과학과,SYH0002,사랑의실천2(스마트커뮤니케이션),2022/1 ~ 2024/2,심리뇌과학과,not_found
H0002256,H0004471,심리뇌과학과,SYH0003,사랑의실천3(기업가정신),2023/1 ~ 2025/2,심리뇌과학과,not_found
H0002256,H0004471,심리뇌과학과,SYH0004,사랑의실천4(미래실용인재),2024/1 ~ 2026/2,심리뇌과학과,ok
H0002256,H0004743,심리뇌과학전공,COE3051,공업수학1,2022/1 ~ 2022/2,심리뇌과학전공,ok
H0002256,H0004743,심리뇌과학전공,CSE2010,자료구조론,2022/1 ~ 2022/2,심리뇌과학전공,ok
H0002256,H0004743,심리뇌과학전공,CSE4007,인공지능,2023/1 ~ 2029/2,심리뇌과학전공,ok
H0002256,H0004743,심리뇌과학전공,CSE4055,지능형로보틱스,2023/1 ~ 2029/2,심리뇌과학전공,ok
H0002256,H0004743,심리뇌과학전공,ECE3008,신호와시스템,2022/1 ~ 2024/2,심리뇌과학전공,ok
H0002256,H0004743,심리뇌과학전공,GEN5100,커리어개발Ⅱ:취.창업진로포트폴리오,2023/1 ~ 2029/2,심리뇌과학전공,ok
H0002256,H0004743,심리뇌과학전공,GEN6032,전문학술영어,2023/1 ~ 2024/2,심리뇌과학전공,ok
H0002256,H0004743,심리뇌과학전공,HYP1011,심리뇌과학HY-UP(실용연구실습)1,2026/1 ~ 2029/2,심리뇌과학전공,ok
H0002256,H0004743,심리뇌과학전공,HYP2009,심리뇌과학HY-UP(실용연구실습)2,2026/1 ~ 2029/2,심리뇌과학전공,not_found
H0002256,H0004743,심리뇌과학전공,ITE2037,객체지향시스템설계,2022/1 ~ 2022/2,심리뇌과학전공,ok
H0002256,H0004743,심리뇌과학전공,ITE2038,데이터베이스시스템및응용,2022/1 ~ 2022/2,심리뇌과학전공,ok
H0002256,H0004743,심리뇌과학전공,ITE2039,알고리즘및문제해결기법,2022/1 ~ 2022/2,심리뇌과학전공,ok
H0002256,H0004743,심리뇌과학전공,ITE3062,인간컴퓨터상호작용,2023/1 ~ 2029/2,심리뇌과학전공,ok
H0002256,H0004743,심리뇌과학전공,ITE4052,컴퓨터비전,2023/1 ~ 2029/2,심리뇌과학전공,ok
H0002256,H0004743,심리뇌과학전공,ITE4053,딥러닝및응용,2024/1 ~ 2030/2,심리뇌과학전공,ok
H0002256,H0004743,심리뇌과학전공,ITE4080,지능형생물정보학,2024/1 ~ 2030/2,심리뇌과학전공,ok
H0002256,H0004743,심리뇌과학전공,MAT2017,확률통계론,2022/1 ~ 2022/2,심리뇌과학전공,ok
H0002256,H0004743,심리뇌과학전공,SOI1009,머신러닝1,2022/1 ~ 2022/2,심리뇌과학전공,ok
H0002256,H0004743,심리뇌과학전공,SOI1010,머신러닝2,2022/1 ~ 2022/2,심리뇌과학전공,ok
H0002256,H0004743,심리뇌과학전공,SOI2002,인공지능베이지안이론,2023/1 ~ 2029/2,심리뇌과학전공,not_found
H0002256,H0004743,심리뇌과학전공,SOI2007,인지신경과학,2022/1 ~ 2022/2,심리뇌과학전공,ok
H0002256,H0004743,심리뇌과학전공,SOI3006,계산인지과학,2023/1 ~ 2029/2,심리뇌과학전공,ok
H0002256,H0004743,심리뇌과학전공,SOI3007,인지과학연구방법론2,2023/1 ~ 2029/2,심리뇌과학전공,ok
H0002256,H0004743,심리뇌과학전공,SOI3008,인지행동모델링,2023/1 ~ 2029/2,심리뇌과학전공,ok
H0002256,H0004743,심리뇌과학전공,SOI3009,강화학습이론및응용,2023/1 ~ 2029/2,심리뇌과학전공,not_found
H0002256,H0004743,심리뇌과학전공,SOI3013,심리뇌과학연구실현장실습1,2023/2 ~ 2025/2,심리뇌과학전공,ok
H0002256,H0004743,심리뇌과학전공,SOI3014,심리뇌과학연구실현장실습2,2023/2 ~ 2025/2,심리뇌과학전공,ok
H0002256,H0004743,심리뇌과학전공,SOI3016,인지과학연구방법론1,2026/2 ~ 2029/2,심리뇌과학전공,not_found
H0002256,H0004743,심리뇌과학전공,SOI4003,인공지능졸업프로젝트,2024/1 ~ 2026/2,심리뇌과학전공,not_found
H0002256,H0004743,심리뇌과학전공,SOI4004,뉴로이미징,2024/1 ~ 2029/2,심리뇌과학전공,ok
H0002256,H0004743,심리뇌과학전공,SOI4005,글로벌인턴십,2023/1 ~ 2029/2,심리뇌과학전공,ok
H0002256,H0004743,심리뇌과학전공,SOI4006,인공지능프로젝트1(캡스톤디자인),2023/2 ~ 2030/2,심리뇌과학전공,ok
H0002256,H0004743,심리뇌과학전공,SOI4007,인공지능프로젝트2(캡스톤디자인),2023/2 ~ 2030/2,심리뇌과학전공,ok
H0002256,H0004743,심리뇌과학전공,SOI4012,비정형데이터분석,2024/2 ~ 2029/2,심리뇌과학전공,ok
H0002256,H0004743,심리뇌과학전공,SOI4013,시계열데이터분석및실습,2024/2 ~ 2029/2,심리뇌과학전공,ok
H0002256,H0004743,심리뇌과학전공,SOI4014,데이터사이언스산업트랜드,2024/2 ~ 2030/2,심리뇌과학전공,not_found
H0002256,H0004743,심리뇌과학전공,SOI4015,마인드풀니스와테크놀로지,2024/2 ~ 2030/2,심리뇌과학전공,ok
H0002256,H0004743,심리뇌과학전공,SOI4016,데이터사이언스세미나1,2027/1 ~ 2030/2,심리뇌과학전공,not_found
H0002256,H0004743,심리뇌과학전공,SOI4017,데이터사이언스세미나2,2026/2 ~ 2030/2,심리뇌과학전공,not_found
H0002256,H0004743,심리뇌과학전공,SOI4018,사회신경과학,2026/2 ~ 2029/2,심리뇌과학전공,not_found
H0002256,H0004743,심리뇌과학전공,SYH0002,사랑의실천2(스마트커뮤니케이션),2022/1 ~ 2022/2,심리뇌과학전공,not_found
H0002256,H0004743,심리뇌과학전공,SYH0003,사랑의실천3(기업가정신),2023/1 ~ 2029/2,심리뇌과학전공,not_found
H0002256,H0004743,심리뇌과학전공,SYH0004,사랑의실천4(미래실용인재),2024/1 ~ 2030/2,심리뇌과학전공,ok
H0002256,H0002530,에너지공학과,CHE1015,기능성고분자,2013/1 ~ 2015/2,에너지공학과,ok
H0002256,H0002530,에너지공학과,CHE2001,공업물리화학1,2011/1 ~ 2028/2,에너지공학과,ok
H0002256,H0002530,에너지공학과,CHE2002,공업물리화학2,2011/1 ~ 2028/2,에너지공학과,ok
H0002256,H0002530,에너지공학과,CHE3009,반응공학,2012/1 ~ 2028/2,에너지공학과,ok
H0002256,H0002530,에너지공학과,CHM1002,일반화학및실험2,2010/1 ~ 2027/2,에너지공학과,ok
H0002256,H0002530,에너지공학과,CHM1005,일반화학및실험1,2010/1 ~ 2027/2,에너지공학과,ok
H0002256,H0002530,에너지공학과,CHM3007,고분자화학,2012/1 ~ 2029/2,에너지공학과,ok
H0002256,H0002530,에너지공학과,CHM4001,기기분석,2018/2 ~ 2029/2,에너지공학과,ok
H0002256,H0002530,에너지공학과,CHM4013,고분자물성,2012/1 ~ 2029/2,에너지공학과,ok
H0002256,H0002530,에너지공학과,CHM4063,무기소재화학,2012/1 ~ 2029/2,에너지공학과,ok
H0002256,H0002530,에너지공학과,CHM4084,전지공학,2013/1 ~ 2022/2,에너지공학과,ok
H0002256,H0002530,에너지공학과,CME4001,에너지소재,2013/1 ~ 2015/2,에너지공학과,ok
H0002256,H0002530,에너지공학과,COE1010,실용공학연구1,2018/2 ~ 2025/2,에너지공학과,ok
H0002256,H0002530,에너지공학과,COE1011,실용공학연구2,2018/2 ~ 2025/2,에너지공학과,ok
H0002256,H0002530,에너지공학과,COE1012,실용공학연구3,2019/1 ~ 2026/2,에너지공학과,ok
H0002256,H0002530,에너지공학과,COE1013,실용공학연구4,2019/1 ~ 2026/2,에너지공학과,ok
H0002256,H0002530,에너지공학과,COE2022,공학입문설계,2017/1 ~ 2027/2,에너지공학과,ok
H0002256,H0002530,에너지공학과,COE3051,공업수학1,2011/1 ~ 2028/2,에너지공학과,ok
H0002256,H0002530,에너지공학과,COE3052,공업수학2,2011/1 ~ 2028/2,에너지공학과,ok
H0002256,H0002530,에너지공학과,COE3053,공업수학3,2012/1 ~ 2014/2,에너지공학과,ok
H0002256,H0002530,에너지공학과,CUL0005,말과글,2010/1 ~ 2027/2,에너지공학과,ok
H0002256,H0002530,에너지공학과,CUL0201,상상과학성찰,2025/1 ~ 2027/2,에너지공학과,ok
H0002256,H0002530,에너지공학과,CUL0203,AI시대쓰기의힘,2025/1 ~ 2027/2,에너지공학과,ok
H0002256,H0002530,에너지공학과,CUL0205,Technology and AI: Utopia or Dystopia?,2026/1 ~ 2028/2,에너지공학과,ok
H0002256,H0002530,에너지공학과,CUL0208,스토리텔링의설계와전략,2026/1 ~ 2028/2,에너지공학과,ok
H0002256,H0002530,에너지공학과,CUL1138,인공지능과기계학습,2023/1 ~ 2028/2,에너지공학과,ok
H0002256,H0002530,에너지공학과,CUL3011,일반물리학및실험1,2010/1 ~ 2027/2,에너지공학과,ok
H0002256,H0002530,에너지공학과,CUL3012,일반물리학및실험2,2010/1 ~ 2027/2,에너지공학과,ok
H0002256,H0002530,에너지공학과,EGY1001,에너지과학과기술,2010/1 ~ 2028/2,에너지공학과,ok
H0002256,H0002530,에너지공학과,EGY2001,공학기초양론,2011/1 ~ 2025/2,에너지공학과,ok
H0002256,H0002530,에너지공학과,EGY3001,재료물성학,2012/1 ~ 2029/2,에너지공학과,ok
H0002256,H0002530,에너지공학과,EGY3002,에너지공학실험1,2012/1 ~ 2029/2,에너지공학과,ok
H0002256,H0002530,에너지공학과,EGY3003,에너지기기분석,2012/1 ~ 2017/2,에너지공학과,ok
H0002256,H0002530,에너지공학과,EGY3004,에너지공학실험2,2012/1 ~ 2029/2,에너지공학과,ok
H0002256,H0002530,에너지공학과,EGY3005,에너지열역학,2012/1 ~ 2029/2,에너지공학과,ok
H0002256,H0002530,에너지공학과,EGY3006,전달현상론1,2012/1 ~ 2029/2,에너지공학과,ok
H0002256,H0002530,에너지공학과,EGY3007,전달현상론2,2015/1 ~ 2029/2,에너지공학과,ok
H0002256,H0002530,에너지공학과,EGY3008,배터리특론,2018/2 ~ 2029/2,에너지공학과,ok
H0002256,H0002530,에너지공학과,EGY4001,에너지소재공정,2013/1 ~ 2018/2,에너지공학과,not_found
H0002256,H0002530,에너지공학과,EGY4005,에너지공학종합설계1,2013/1 ~ 2030/2,에너지공학과,ok
H0002256,H0002530,에너지공학과,EGY4012,에너지기술정책,2013/1 ~ 2030/2,에너지공학과,ok
H0002256,H0002530,에너지공학과,EGY4013,에너지공학종합설계2,2013/1 ~ 2030/2,에너지공학과,ok
H0002256,H0002530,에너지공학과,EGY4014,에너지나노과학,2013/1 ~ 2029/2,에너지공학과,ok
H0002256,H0002530,에너지공학과,EGY4015,에너지변환저장소재,2013/1 ~ 2030/2,에너지공학과,ok
H0002256,H0002530,에너지공학과,EGY4016,나노바이오에너지소재,2013/1 ~ 2026/2,에너지공학과,ok
H0002256,H0002530,에너지공학과,EGY4017,에너지유기재료,2016/1 ~ 2018/2,에너지공학과,ok
H0002256,H0002530,에너지공학과,EGY4018,에너지환경기술,2013/1 ~ 2030/2,에너지공학과,ok
H0002256,H0002530,에너지공학과,EGY4020,무기화학,2018/2 ~ 2030/2,에너지공학과,ok
H0002256,H0002530,에너지공학과,EGY4021,에너지소자공정,2019/2 ~ 2030/2,에너지공학과,ok
H0002256,H0002530,에너지공학과,EGY4022,이차전지기초설계,2023/2 ~ 2029/2,에너지공학과,ok
H0002256,H0002530,에너지공학과,EGY4023,이차전지실습1,2024/1 ~ 2030/2,에너지공학과,ok
H0002256,H0002530,에너지공학과,EGY4024,물화학,2024/2 ~ 2029/2,에너지공학과,ok
H0002256,H0002530,에너지공학과,GEN1031,공학도를위한창의적컴퓨팅,2010/1 ~ 2027/2,에너지공학과,ok
H0002256,H0002530,에너지공학과,GEN1100,공학도를위한창의적프로그래밍,2023/1 ~ 2028/2,에너지공학과,ok
H0002256,H0002530,에너지공학과,GEN2052,미분적분학1,2010/1 ~ 2027/2,에너지공학과,ok
H0002256,H0002530,에너지공학과,GEN2053,미분적분학2,2010/1 ~ 2027/2,에너지공학과,ok
H0002256,H0002530,에너지공학과,GEN4091,과학기술의철학적이해,2010/1 ~ 2027/2,에너지공학과,ok
H0002256,H0002530,에너지공학과,GEN5026,테크노경영학(스타트업종합설계),2012/1 ~ 2029/2,에너지공학과,ok
H0002256,H0002530,에너지공학과,GEN5029,커리어개발Ⅰ:취.창업진로로드맵,2010/1 ~ 2027/2,에너지공학과,ok
H0002256,H0002530,에너지공학과,GEN5100,커리어개발Ⅱ:취.창업진로포트폴리오,2015/1 ~ 2029/2,에너지공학과,ok
H0002256,H0002530,에너지공학과,GEN6032,전문학술영어,2011/1 ~ 2028/2,에너지공학과,ok
H0002256,H0002530,에너지공학과,GEN6044,한양사회봉사,2010/1 ~ 2014/2,에너지공학과,ok
H0002256,H0002530,에너지공학과,GEN6094,전공현장실습1,2014/1 ~ 2021/2,에너지공학과,ok
H0002256,H0002530,에너지공학과,GEN6095,전공현장실습2,2013/1 ~ 2016/2,에너지공학과,ok
H0002256,H0002530,에너지공학과,HYP1015,에너지공학HY-UP(실용연구실습)1,2026/1 ~ 2029/2,에너지공학과,not_found
H0002256,H0002530,에너지공학과,HYP2013,에너지공학HY-UP(실용연구실습)2,2026/1 ~ 2029/2,에너지공학과,not_found
H0002256,H0002530,에너지공학과,HYP3013,에너지공학HY-UP(실용연구실습)3,2027/1 ~ 2030/2,에너지공학과,not_found
H0002256,H0002530,에너지공학과,HYP4011,에너지공학HY-UP(실용연구실습)4,2027/1 ~ 2030/2,에너지공학과,not_found
H0002256,H0002530,에너지공학과,ICH2001,공업유기화학1,2011/1 ~ 2028/2,에너지공학과,ok
H0002256,H0002530,에너지공학과,ICH2002,공업유기화학2,2011/1 ~ 2028/2,에너지공학과,ok
H0002256,H0002530,에너지공학과,ICH4002,전기화학,2012/1 ~ 2029/2,에너지공학과,ok
H0002256,H0002530,에너지공학과,MAE2001,재료과학1,2011/1 ~ 2028/2,에너지공학과,ok
H0002256,H0002530,에너지공학과,MAE2002,재료과학2,2011/1 ~ 2028/2,에너지공학과,ok
H0002256,H0002530,에너지공학과,MAE4026,나노입자공학,2013/1 ~ 2015/2,에너지공학과,ok
H0002256,H0002530,에너지공학과,MAT2017,확률통계론,2011/1 ~ 2016/2,에너지공학과,ok
H0002256,H0002530,에너지공학과,MAT3008,수치해석,2011/1 ~ 2025/2,에너지공학과,ok
H0002256,H0002530,에너지공학과,MTE4004,박막공학,2013/1 ~ 2015/2,에너지공학과,ok
H0002256,H0002530,에너지공학과,PBL4025,에너지공학캡스톤PBL,2022/1 ~ 2030/2,에너지공학과,ok
H0002256,H0002530,에너지공학과,PHY2008,현대물리학,2011/1 ~ 2025/2,에너지공학과,ok
H0002256,H0002530,에너지공학과,PHY4007,고체물리학,2013/1 ~ 2015/2,에너지공학과,ok
H0002256,H0002530,에너지공학과,SYH0001,사랑의실천1(한양나눔),2010/1 ~ 2027/2,에너지공학과,ok
H0002256,H0002530,에너지공학과,SYH0002,사랑의실천2(스마트커뮤니케이션),2011/1 ~ 2028/2,에너지공학과,not_found
H0002256,H0002530,에너지공학과,SYH0003,사랑의실천3(기업가정신),2012/1 ~ 2029/2,에너지공학과,not_found
H0002256,H0002530,에너지공학과,SYH0004,사랑의실천4(미래실용인재),2013/1 ~ 2030/2,에너지공학과,ok
H0002256,H0003589,연극영화학과,CUL0005,말과글,2011/1 ~ 2027/2,연극영화학과,ok
H0002256,H0003589,연극영화학과,CUL0011,창의적컴퓨팅,2017/1 ~ 2027/2,연극영화학과,ok
H0002256,H0003589,연극영화학과,CUL0202,문화기술인간,2025/1 ~ 2027/2,연극영화학과,ok
H0002256,H0003589,연극영화학과,CUL0203,AI시대쓰기의힘,2025/1 ~ 2027/2,연극영화학과,ok
H0002256,H0003589,연극영화학과,CUL0205,Technology and AI: Utopia or Dystopia?,2026/1 ~ 2028/2,연극영화학과,ok
H0002256,H0003589,연극영화학과,CUL0208,스토리텔링의설계와전략,2026/1 ~ 2028/2,연극영화학과,ok
H0002256,H0003589,연극영화학과,CUL1122,창의적프로그래밍,2023/1 ~ 2028/2,연극영화학과,ok
H0002256,H0003589,연극영화학과,CUL1138,인공지능과기계학습,2023/1 ~ 2028/2,연극영화학과,ok
H0002256,H0003589,연극영화학과,D-C1002,연극개론,2011/1 ~ 2015/2,연극영화학과,ok
H0002256,H0003589,연극영화학과,D-C1005,기초연기,2011/1 ~ 2015/2,연극영화학과,ok
H0002256,H0003589,연극영화학과,D-C1012,영화편집,2011/1 ~ 2028/2,연극영화학과,ok
H0002256,H0003589,연극영화학과,D-C1014,디지털영화제작1,2011/1 ~ 2019/2,연극영화학과,ok
H0002256,H0003589,연극영화학과,D-C1015,사운드몽타주이론과실습,2013/1 ~ 2020/2,연극영화학과,ok
H0002256,H0003589,연극영화학과,D-C1016,초급영화제작워크숍,2013/1 ~ 2028/2,연극영화학과,ok
H0002256,H0003589,연극영화학과,D-C1017,호흡과발성1,2011/1 ~ 2015/2,연극영화학과,ok
H0002256,H0003589,연극영화학과,D-C1018,연극제작준비실습1,2011/1 ~ 2015/2,연극영화학과,ok
H0002256,H0003589,연극영화학과,D-C1019,연극제작준비실습2,2011/1 ~ 2015/2,연극영화학과,ok
H0002256,H0003589,연극영화학과,D-C1021,시나리오이론,2011/1 ~ 2016/2,연극영화학과,ok
H0002256,H0003589,연극영화학과,D-C1022,스토리텔링의기초,2013/1 ~ 2027/2,연극영화학과,ok
H0002256,H0003589,연극영화학과,D-C1023,영화학입문,2013/1 ~ 2027/2,연극영화학과,ok
H0002256,H0003589,연극영화학과,D-C1024,예술철학과사상사,2013/1 ~ 2028/2,연극영화학과,ok
H0002256,H0003589,연극영화학과,D-C1025,디자인실습,2016/1 ~ 2027/2,연극영화학과,ok
H0002256,H0003589,연극영화학과,D-C1026,배우와연출을위한연출실습1,2016/1 ~ 2027/2,연극영화학과,ok
H0002256,H0003589,연극영화학과,D-C1027,액팅테크닉1,2016/1 ~ 2027/2,연극영화학과,ok
H0002256,H0003589,연극영화학과,D-C1028,희곡개론,2016/1 ~ 2027/2,연극영화학과,ok
H0002256,H0003589,연극영화학과,D-C1029,공연개론,2016/1 ~ 2027/2,연극영화학과,ok
H0002256,H0003589,연극영화학과,D-C1030,무대제작실습,2016/1 ~ 2027/2,연극영화학과,ok
H0002256,H0003589,연극영화학과,D-C1031,배우와연출을위한연출실습2,2016/1 ~ 2027/2,연극영화학과,ok
H0002256,H0003589,연극영화학과,D-C1032,상상과표현기법1,2016/1 ~ 2027/2,연극영화학과,ok
H0002256,H0003589,연극영화학과,D-C1033,4차산업기술과창의적예술공간,2019/2 ~ 2028/2,연극영화학과,ok
H0002256,H0003589,연극영화학과,D-C1034,뉴미디어랩,2020/1 ~ 2027/2,연극영화학과,ok
H0002256,H0003589,연극영화학과,D-C1035,영화제작의기초,2020/1 ~ 2027/2,연극영화학과,ok
H0002256,H0003589,연극영화학과,D-C1036,인터미디어스테이지콘텐츠개발랩,2020/2 ~ 2028/2,연극영화학과,ok
H0002256,H0003589,연극영화학과,D-C2004,연극연출론,2013/1 ~ 2017/2,연극영화학과,ok
H0002256,H0003589,연극영화학과,D-C2008,분장실습,2013/1 ~ 2016/2,연극영화학과,ok
H0002256,H0003589,연극영화학과,D-C2028,작품분석,2013/1 ~ 2016/2,연극영화학과,ok
H0002256,H0003589,연극영화학과,D-C2030,중급연기,2013/1 ~ 2016/2,연극영화학과,ok
H0002256,H0003589,연극영화학과,D-C2031,영화촬영실습,2021/1 ~ 2028/2,연극영화학과,ok
H0002256,H0003589,연극영화학과,D-C2032,영화촬영이론과실습,2017/1 ~ 2020/2,연극영화학과,ok
H0002256,H0003589,연극영화학과,D-C2033,무대기술,2011/1 ~ 2015/2,연극영화학과,ok
H0002256,H0003589,연극영화학과,D-C2035,세계영화사1,2013/1 ~ 2020/2,연극영화학과,ok
H0002256,H0003589,연극영화학과,D-C2041,연극제작실습1,2013/1 ~ 2028/2,연극영화학과,ok
H0002256,H0003589,연극영화학과,D-C2042,연극제작실습2,2013/1 ~ 2029/2,연극영화학과,ok
H0002256,H0003589,연극영화학과,D-C2044,무대디자인1,2013/1 ~ 2016/2,연극영화학과,ok
H0002256,H0003589,연극영화학과,D-C2045,무대디자인2,2013/1 ~ 2016/2,연극영화학과,ok
H0002256,H0003589,연극영화학과,D-C2046,호흡과발성2,2013/1 ~ 2016/2,연극영화학과,ok
H0002256,H0003589,연극영화학과,D-C2062,영화제작1,2013/1 ~ 2020/2,연극영화학과,ok
H0002256,H0003589,연극영화학과,D-C2063,한국영화사1,2013/1 ~ 2020/2,연극영화학과,ok
H0002256,H0003589,연극영화학과,D-C2073,영화촬영이론과실습1,2013/1 ~ 2015/2,연극영화학과,ok
H0002256,H0003589,연극영화학과,D-C2074,영화촬영이론과실습2,2013/1 ~ 2017/2,연극영화학과,ok
H0002256,H0003589,연극영화학과,D-C2075,시나리오창작,2013/1 ~ 2028/2,연극영화학과,ok
H0002256,H0003589,연극영화학과,D-C2080,무대의상제작실습,2013/1 ~ 2016/2,연극영화학과,ok
H0002256,H0003589,연극영화학과,D-C2082,다큐멘터리영화역사,2014/1 ~ 2027/2,연극영화학과,ok
H0002256,H0003589,연극영화학과,D-C2083,영화연기와연출,2014/1 ~ 2029/2,연극영화학과,ok
H0002256,H0003589,연극영화학과,D-C2084,기획경영1,2014/1 ~ 2016/2,연극영화학과,ok
H0002256,H0003589,연극영화학과,D-C2085,기획경영2,2014/1 ~ 2016/2,연극영화학과,ok
H0002256,H0003589,연극영화학과,D-C2086,대본창작1,2017/1 ~ 2028/2,연극영화학과,ok
H0002256,H0003589,연극영화학과,D-C2087,액팅테크닉2,2017/1 ~ 2028/2,연극영화학과,ok
H0002256,H0003589,연극영화학과,D-C2088,연출과디자인세미나1,2017/1 ~ 2028/2,연극영화학과,ok
H0002256,H0003589,연극영화학과,D-C2089,이미지미학,2017/1 ~ 2028/2,연극영화학과,ok
H0002256,H0003589,연극영화학과,D-C2090,대본창작2,2017/1 ~ 2020/2,연극영화학과,ok
H0002256,H0003589,연극영화학과,D-C2091,연출과디자인세미나2,2017/1 ~ 2028/2,연극영화학과,ok
H0002256,H0003589,연극영화학과,D-C2092,상상과표현기법2,2017/1 ~ 2028/2,연극영화학과,ok
H0002256,H0003589,연극영화학과,D-C2093,뮤지컬액팅테크닉1,2021/1 ~ 2028/2,연극영화학과,ok
H0002256,H0003589,연극영화학과,D-C2094,연극사세미나,2021/1 ~ 2028/2,연극영화학과,ok
H0002256,H0003589,연극영화학과,D-C2095,세계영화역사,2021/1 ~ 2028/2,연극영화학과,ok
H0002256,H0003589,연극영화학과,D-C2096,한국영화역사,2021/1 ~ 2028/2,연극영화학과,ok
H0002256,H0003589,연극영화학과,D-C2097,논픽션영상제작워크숍,2021/1 ~ 2028/2,연극영화학과,ok
H0002256,H0003589,연극영화학과,D-C2098,융합공연스튜디오,2020/2 ~ 2028/2,연극영화학과,ok
H0002256,H0003589,연극영화학과,D-C3005,영화미학,2013/1 ~ 2016/2,연극영화학과,ok
H0002256,H0003589,연극영화학과,D-C3018,고급연기1,2013/1 ~ 2017/2,연극영화학과,ok
H0002256,H0003589,연극영화학과,D-C3019,고급연기2,2013/1 ~ 2017/2,연극영화학과,ok
H0002256,H0003589,연극영화학과,D-C3029,세계영화사2,2013/1 ~ 2021/2,연극영화학과,ok
H0002256,H0003589,연극영화학과,D-C3031,서양연극사1,2013/1 ~ 2017/2,연극영화학과,ok
H0002256,H0003589,연극영화학과,D-C3035,서양연극사2,2013/1 ~ 2017/2,연극영화학과,ok
H0002256,H0003589,연극영화학과,D-C3043,연극제작실습3,2013/1 ~ 2021/2,연극영화학과,ok
H0002256,H0003589,연극영화학과,D-C3044,연극제작실습4,2013/1 ~ 2021/2,연극영화학과,ok
H0002256,H0003589,연극영화학과,D-C3046,움직임1,2013/1 ~ 2017/2,연극영화학과,ok
H0002256,H0003589,연극영화학과,D-C3047,움직임2,2013/1 ~ 2017/2,연극영화학과,ok
H0002256,H0003589,연극영화학과,D-C3049,한국영화사2,2013/1 ~ 2020/2,연극영화학과,ok
H0002256,H0003589,연극영화학과,D-C3050,중급영화제작워크숍1,2013/1 ~ 2029/2,연극영화학과,ok
H0002256,H0003589,연극영화학과,D-C3051,중급영화제작워크숍2,2013/1 ~ 2029/2,연극영화학과,ok
H0002256,H0003589,연극영화학과,D-C3052,전통극제작실습,2013/1 ~ 2017/2,연극영화학과,ok
H0002256,H0003589,연극영화학과,D-C3053,연극연출론2,2013/1 ~ 2017/2,연극영화학과,ok
H0002256,H0003589,연극영화학과,D-C3075,무대음향제작실습,2013/1 ~ 2015/2,연극영화학과,ok
H0002256,H0003589,연극영화학과,D-C3078,영화분석과비평이론,2015/1 ~ 2029/2,연극영화학과,ok
H0002256,H0003589,연극영화학과,D-C3079,영화포스트프로덕션,2015/1 ~ 2015/2,연극영화학과,ok
H0002256,H0003589,연극영화학과,D-C3080,현대예술과영상미디어,2015/1 ~ 2017/2,연극영화학과,ok
H0002256,H0003589,연극영화학과,D-C3081,문화이론연구,2015/1 ~ 2029/2,연극영화학과,ok
H0002256,H0003589,연극영화학과,D-C3082,영화감독연구,2015/1 ~ 2029/2,연극영화학과,ok
H0002256,H0003589,연극영화학과,D-C3083,영화사운드제작,2015/1 ~ 2015/2,연극영화학과,ok
H0002256,H0003589,연극영화학과,D-C3084,연극영화제작실습캡스톤디자인1,2013/1 ~ 2017/2,연극영화학과,ok
H0002256,H0003589,연극영화학과,D-C3085,연극영화제작실습캡스톤디자인2,2013/1 ~ 2017/2,연극영화학과,ok
H0002256,H0003589,연극영화학과,D-C3086,공동창작1,2018/1 ~ 2029/2,연극영화학과,ok
H0002256,H0003589,연극영화학과,D-C3087,액팅테크닉3,2018/1 ~ 2029/2,연극영화학과,ok
H0002256,H0003589,연극영화학과,D-C3088,연출과디자인세미나3,2018/1 ~ 2029/2,연극영화학과,ok
H0002256,H0003589,연극영화학과,D-C3089,공동창작2,2018/1 ~ 2029/2,연극영화학과,ok
H0002256,H0003589,연극영화학과,D-C3090,연출과디자인세미나4,2018/1 ~ 2029/2,연극영화학과,ok
H0002256,H0003589,연극영화학과,D-C3091,상상과표현기법3,2018/1 ~ 2029/2,연극영화학과,ok
H0002256,H0003589,연극영화학과,D-C3092,무대의상제작실습2,2016/1 ~ 2017/2,연극영화학과,ok
H0002256,H0003589,연극영화학과,D-C3093,영화프로듀싱1,2016/1 ~ 2017/2,연극영화학과,ok
H0002256,H0003589,연극영화학과,D-C3094,영화프로듀싱2,2016/1 ~ 2017/2,연극영화학과,ok
H0002256,H0003589,연극영화학과,D-C3095,뮤지컬액팅테크닉2,2022/1 ~ 2029/2,연극영화학과,ok
H0002256,H0003589,연극영화학과,D-C3096,영화와예술의상호매체성,2022/1 ~ 2029/2,연극영화학과,ok
H0002256,H0003589,연극영화학과,D-C3097,장편시나리오의이해,2022/1 ~ 2029/2,연극영화학과,ok
H0002256,H0003589,연극영화학과,D-C3098,뉴미디어콘텐츠액팅&디렉팅실습,2022/2 ~ 2029/2,연극영화학과,ok
H0002256,H0003589,연극영화학과,D-C4019,교육연극론,2013/1 ~ 2016/2,연극영화학과,ok
H0002256,H0003589,연극영화학과,D-C4031,영상산업과경영론,2013/1 ~ 2018/2,연극영화학과,ok
H0002256,H0003589,연극영화학과,D-C4032,현대영화세미나,2013/1 ~ 2018/2,연극영화학과,ok
H0002256,H0003589,연극영화학과,D-C4034,연극제작실습5,2013/1 ~ 2022/2,연극영화학과,ok
H0002256,H0003589,연극영화학과,D-C4035,연극제작실습6,2013/1 ~ 2022/2,연극영화학과,ok
H0002256,H0003589,연극영화학과,D-C4036,고급연기3,2013/1 ~ 2018/2,연극영화학과,ok
H0002256,H0003589,연극영화학과,D-C4038,영화제작4,2013/1 ~ 2018/2,연극영화학과,ok
H0002256,H0003589,연극영화학과,D-C4039,영화제작5,2013/1 ~ 2018/2,연극영화학과,ok
H0002256,H0003589,연극영화학과,D-C4077,현대사회의쟁점과영화창작,2016/1 ~ 2030/2,연극영화학과,ok
H0002256,H0003589,연극영화학과,D-C4080,액팅테크닉4,2019/1 ~ 2030/2,연극영화학과,ok
H0002256,H0003589,연극영화학과,D-C4081,연출과디자인세미나5,2019/1 ~ 2030/2,연극영화학과,ok
H0002256,H0003589,연극영화학과,D-C4082,고급영화제작워크숍1,2019/1 ~ 2030/2,연극영화학과,ok
H0002256,H0003589,연극영화학과,D-C4083,연출과디자인세미나6,2019/1 ~ 2030/2,연극영화학과,ok
H0002256,H0003589,연극영화학과,D-C4084,캡스톤디자인(창작희곡콘텐츠개발),2019/1 ~ 2030/2,연극영화학과,ok
H0002256,H0003589,연극영화학과,D-C4085,고급영화제작워크숍2,2019/1 ~ 2030/2,연극영화학과,ok
H0002256,H0003589,연극영화학과,D-C4086,희곡작법,2016/1 ~ 2018/2,연극영화학과,ok
H0002256,H0003589,연극영화학과,D-C4087,뮤지컬액팅테크닉3,2023/1 ~ 2030/2,연극영화학과,ok
H0002256,H0003589,연극영화학과,D-C4088,영상미디어산업연구,2023/1 ~ 2030/2,연극영화학과,ok
H0002256,H0003589,연극영화학과,D-C4089,뉴미디어융합공연제작실습,2021/1 ~ 2029/2,연극영화학과,ok
H0002256,H0003589,연극영화학과,D-C4090,뉴미디어와이머시브씨어터,2021/1 ~ 2028/2,연극영화학과,ok
H0002256,H0003589,연극영화학과,D-C4091,블랜디드온씨어터,2023/1 ~ 2030/2,연극영화학과,ok
H0002256,H0003589,연극영화학과,D-C4092,인공지능융합공연창작,2024/2 ~ 2027/2,연극영화학과,ok
H0002256,H0003589,연극영화학과,GEN4091,과학기술의철학적이해,2011/1 ~ 2027/2,연극영화학과,ok
H0002256,H0003589,연극영화학과,GEN5029,커리어개발Ⅰ:취.창업진로로드맵,2011/1 ~ 2027/2,연극영화학과,ok
H0002256,H0003589,연극영화학과,GEN5100,커리어개발Ⅱ:취.창업진로포트폴리오,2015/1 ~ 2029/2,연극영화학과,ok
H0002256,H0003589,연극영화학과,GEN6032,전문학술영어,2013/1 ~ 2028/2,연극영화학과,ok
H0002256,H0003589,연극영화학과,GEN6044,한양사회봉사,2011/1 ~ 2014/2,연극영화학과,ok
H0002256,H0003589,연극영화학과,GEN6094,전공현장실습1,2013/1 ~ 2016/2,연극영화학과,ok
H0002256,H0003589,연극영화학과,GEN6095,전공현장실습2,2013/1 ~ 2016/2,연극영화학과,ok
H0002256,H0003589,연극영화학과,HEC3017,조명디자인1,2013/1 ~ 2016/2,연극영화학과,ok
H0002256,H0003589,연극영화학과,HEC3022,조명디자인2,2013/1 ~ 2016/2,연극영화학과,ok
H0002256,H0003589,연극영화학과,PBL4002,연극영화캡스톤PBL,2018/2 ~ 2030/2,연극영화학과,ok
H0002256,H0003589,연극영화학과,SYH0001,사랑의실천1(한양나눔),2011/1 ~ 2027/2,연극영화학과,ok
H0002256,H0003589,연극영화학과,SYH0002,사랑의실천2(스마트커뮤니케이션),2013/1 ~ 2028/2,연극영화학과,not_found
H0002256,H0003589,연극영화학과,SYH0003,사랑의실천3(기업가정신),2013/1 ~ 2029/2,연극영화학과,not_found
H0002256,H0003589,연극영화학과,SYH0004,사랑의실천4(미래실용인재),2013/1 ~ 2030/2,연극영화학과,ok
H0002256,H0003589,연극영화학과,TEA3027,연극영화논리및논술,2013/1 ~ 2029/2,연극영화학과,ok
H0002256,H0003589,연극영화학과,TEA5007,연극영화교과교육론,2013/1 ~ 2029/2,연극영화학과,ok
H0002256,H0003589,연극영화학과,TEA6007,연극영화교과교재연구및지도,2013/1 ~ 2030/2,연극영화학과,ok
H0002256,H0003589,연극영화학과,VOC2055,가창1,2013/1 ~ 2016/2,연극영화학과,ok
H0002256,H0003589,연극영화학과,VOC2056,가창2,2013/1 ~ 2016/2,연극영화학과,ok
H0002256,H0002720,영어교육과,CED1004,세계시민교육론,2016/1 ~ 2024/2,영어교육과(학부/서울),ok
H0002256,H0002720,영어교육과,CUL0005,말과글,1997/1 ~ 2027/2,영어교육과(학부/서울),ok
H0002256,H0002720,영어교육과,CUL0011,창의적컴퓨팅,2017/1 ~ 2027/2,영어교육과(학부/서울),ok
H0002256,H0002720,영어교육과,CUL0202,문화기술인간,2025/1 ~ 2027/2,영어교육과(학부/서울),ok
H0002256,H0002720,영어교육과,CUL0204,통합사고와읽기의기술,2025/1 ~ 2027/2,영어교육과(학부/서울),ok
H0002256,H0002720,영어교육과,CUL0205,Technology and AI: Utopia or Dystopia?,2026/1 ~ 2028/2,영어교육과(학부/서울),ok
H0002256,H0002720,영어교육과,CUL0208,스토리텔링의설계와전략,2026/1 ~ 2028/2,영어교육과(학부/서울),ok
H0002256,H0002720,영어교육과,CUL1122,창의적프로그래밍,2023/1 ~ 2028/2,영어교육과(학부/서울),ok
H0002256,H0002720,영어교육과,CUL1138,인공지능과기계학습,2023/1 ~ 2028/2,영어교육과(학부/서울),ok
H0002256,H0002720,영어교육과,CUL2018,교육의이해,1997/1 ~ 2008/2,영어교육과(학부/서울),ok
H0002256,H0002720,영어교육과,DEE1007,영어의사소통의기초,2003/1 ~ 2027/2,영어교육과(학부/서울),ok
H0002256,H0002720,영어교육과,DEE1015,영어쓰기의기초,2009/1 ~ 2027/2,영어교육과(학부/서울),ok
H0002256,H0002720,영어교육과,DEE1016,학교문법,2009/1 ~ 2027/2,영어교육과(학부/서울),ok
H0002256,H0002720,영어교육과,DEE2011,영어읽기의기초,1994/1 ~ 2027/2,영어교육과(학부/서울),ok
H0002256,H0002720,영어교육과,DEE2015,영어음성학연구,1998/1 ~ 2027/2,영어교육과(학부/서울),ok
H0002256,H0002720,영어교육과,DEE2016,영어읽기연습,1998/1 ~ 2016/2,영어교육과(학부/서울),ok
H0002256,H0002720,영어교육과,DEE2020,영어쓰기연습,1998/1 ~ 2028/2,영어교육과(학부/서울),ok
H0002256,H0002720,영어교육과,DEE2023,영어교육현장연구,1998/1 ~ 2018/2,영어교육과(학부/서울),ok
H0002256,H0002720,영어교육과,DEE2030,영어학과영어교육,2002/1 ~ 2027/2,영어교육과(학부/서울),ok
H0002256,H0002720,영어교육과,DEE2032,영문학과영어교육,2006/1 ~ 2028/2,영어교육과(학부/서울),ok
H0002256,H0002720,영어교육과,DEE2033,영어음운론연구,2010/1 ~ 2028/2,영어교육과(학부/서울),ok
H0002256,H0002720,영어교육과,DEE2034,학교문법2,2010/1 ~ 2016/2,영어교육과(학부/서울),ok
H0002256,H0002720,영어교육과,DEE2035,다문화사회의영어교육,2010/1 ~ 2026/1,영어교육과(학부/서울),ok
H0002256,H0002720,영어교육과,DEE2036,글로벌영어커뮤니케이션,2010/1 ~ 2028/2,영어교육과(학부/서울),ok
H0002256,H0002720,영어교육과,DEE2043,영어교육학개론,2014/1 ~ 2028/2,영어교육과(학부/서울),ok
H0002256,H0002720,영어교육과,DEE2044,영어활동실습1,2014/1 ~ 2016/2,영어교육과(학부/서울),ok
H0002256,H0002720,영어교육과,DEE2045,영국문학과영어교육1,2014/1 ~ 2016/2,영어교육과(학부/서울),ok
H0002256,H0002720,영어교육과,DEE2046,영어활동실습2,2014/1 ~ 2016/2,영어교육과(학부/서울),ok
H0002256,H0002720,영어교육과,DEE2053,글로벌시대의문화적감수성,2026/2 ~ 2028/2,영어교육과(학부/서울),not_found
H0002256,H0002720,영어교육과,DEE3011,영어통사론,1995/1 ~ 2029/2,영어교육과(학부/서울),ok
H0002256,H0002720,영어교육과,DEE3018,영어과교육론,1995/1 ~ 2028/2,영어교육과(학부/서울),ok
H0002256,H0002720,영어교육과,DEE3021,영어교육과테크놀로지,1999/1 ~ 2026/1,영어교육과(학부/서울),ok
H0002256,H0002720,영어교육과,DEE3022,영어교수의원리,1999/1 ~ 2028/2,영어교육과(학부/서울),ok
H0002256,H0002720,영어교육과,DEE3035,영어변천사,2003/1 ~ 2022/2,영어교육과(학부/서울),ok
H0002256,H0002720,영어교육과,DEE3042,영어습득론,2007/1 ~ 2029/2,영어교육과(학부/서울),ok
H0002256,H0002720,영어교육과,DEE3045,영어읽기지도,2011/1 ~ 2017/2,영어교육과(학부/서울),ok
H0002256,H0002720,영어교육과,DEE3046,영어쓰기지도,2011/1 ~ 2017/2,영어교육과(학부/서울),ok
H0002256,H0002720,영어교육과,DEE3047,다문화사회와영어,2011/1 ~ 2017/2,영어교육과(학부/서울),ok
H0002256,H0002720,영어교육과,DEE3048,세계의영어,2011/1 ~ 2017/2,영어교육과(학부/서울),ok
H0002256,H0002720,영어교육과,DEE3049,영국문학과영어교육2,2015/1 ~ 2017/2,영어교육과(학부/서울),ok
H0002256,H0002720,영어교육과,DEE3050,영어교수의실제,2015/1 ~ 2026/1,영어교육과(학부/서울),ok
H0002256,H0002720,영어교육과,DEE3051,미국문학과영어교육,2015/1 ~ 2017/2,영어교육과(학부/서울),ok
H0002256,H0002720,영어교육과,DEE3052,사회언어학과영어교육,2015/1 ~ 2029/2,영어교육과(학부/서울),ok
H0002256,H0002720,영어교육과,DEE3053,영어리터러시,2018/1 ~ 2029/2,영어교육과(학부/서울),ok
H0002256,H0002720,영어교육과,DEE3054,영어구문연구,2026/1 ~ 2029/2,영어교육과(학부/서울),not_found
H0002256,H0002720,영어교육과,DEE3055,영어연극과글로벌역량,2026/2 ~ 2029/2,영어교육과(학부/서울),not_found
H0002256,H0002720,영어교육과,DEE3056,AI활용영어텍스트분석,2026/2 ~ 2029/2,영어교육과(학부/서울),not_found
H0002256,H0002720,영어교육과,DEE3057,시네마휴머니즘,2026/2 ~ 2029/2,영어교육과(학부/서울),not_found
H0002256,H0002720,영어교육과,DEE4007,영어교육특강,2004/1 ~ 2030/2,영어교육과(학부/서울),ok
H0002256,H0002720,영어교육과,DEE4031,영어과교육과정과교재연구,2004/1 ~ 2029/2,영어교육과(학부/서울),ok
H0002256,H0002720,영어교육과,DEE4032,영어평가의실제,2004/1 ~ 2030/2,영어교육과(학부/서울),ok
H0002256,H0002720,영어교육과,DEE4033,교실영어연습,2004/1 ~ 2030/2,영어교육과(학부/서울),ok
H0002256,H0002720,영어교육과,DEE4039,영어커뮤니케이션지도,2012/1 ~ 2018/2,영어교육과(학부/서울),ok
H0002256,H0002720,영어교육과,DEE4040,AI와영어논리논술,2012/1 ~ 2029/2,영어교육과(학부/서울),ok
H0002256,H0002720,영어교육과,DEE4044,영어교수법특강,2016/1 ~ 2018/2,영어교육과(학부/서울),ok
H0002256,H0002720,영어교육과,DEE4045,영어교과교실수업연구,2023/2 ~ 2025/2,영어교육과(학부/서울),ok
H0002256,H0002720,영어교육과,DEE4047,영미고전과삶의가치,2027/1 ~ 2030/2,영어교육과(학부/서울),not_found
H0002256,H0002720,영어교육과,EDU1001,교육학개론,1989/1 ~ 2027/2,영어교육과(학부/서울),ok
H0002256,H0002720,영어교육과,EDU1002,교육심리학,1989/1 ~ 2027/2,영어교육과(학부/서울),ok
H0002256,H0002720,영어교육과,EDU1010,다문화사회와교육,2009/1 ~ 2015/2,영어교육과(학부/서울),ok
H0002256,H0002720,영어교육과,EDU1011,AI시대의미래교육,2025/1 ~ 2027/2,영어교육과(학부/서울),ok
H0002256,H0002720,영어교육과,EDU2003,교육사회학,1990/1 ~ 2027/2,영어교육과(학부/서울),ok
H0002256,H0002720,영어교육과,EDU2004,교육철학,1991/1 ~ 1994/2,영어교육과(학부/서울),ok
H0002256,H0002720,영어교육과,EDU2006,교육공학,1991/1 ~ 1994/2,영어교육과(학부/서울),ok
H0002256,H0002720,영어교육과,EDU2014,교육철학및교육사,1994/1 ~ 2027/2,영어교육과(학부/서울),ok
H0002256,H0002720,영어교육과,EDU2054,교사론,1996/1 ~ 1999/2,영어교육과(학부/서울),ok
H0002256,H0002720,영어교육과,EDU2061,생활지도및상담,2010/1 ~ 2028/2,영어교육과(학부/서울),ok
H0002256,H0002720,영어교육과,EDU2062,교육사회및평생교육,2009/1 ~ 2014/2,영어교육과(학부/서울),ok
H0002256,H0002720,영어교육과,EDU2064,교육연구방법론,2010/1 ~ 2014/2,영어교육과(학부/서울),ok
H0002256,H0002720,영어교육과,EDU2066,다문화교육의이론과실제,2010/1 ~ 2014/2,영어교육과(학부/서울),ok
H0002256,H0002720,영어교육과,EDU3001,교육사,1990/1 ~ 1993/2,영어교육과(학부/서울),ok
H0002256,H0002720,영어교육과,EDU3004,교육행정및정책,1992/1 ~ 1995/2,영어교육과(학부/서울),ok
H0002256,H0002720,영어교육과,EDU3016,교육과정및평가,1990/1 ~ 2014/2,영어교육과(학부/서울),ok
H0002256,H0002720,영어교육과,EDU3020,교육행정및경영,1996/1 ~ 2028/2,영어교육과(학부/서울),ok
H0002256,H0002720,영어교육과,EDU3034,교직실무,2011/1 ~ 2029/2,영어교육과(학부/서울),ok
H0002256,H0002720,영어교육과,EDU3036,디지털교육,2026/1 ~ 2029/2,영어교육과(학부/서울),not_found
H0002256,H0002720,영어교육과,EDU3041,교육봉사활동1,2011/1 ~ 2029/2,영어교육과(학부/서울),ok
H0002256,H0002720,영어교육과,EDU3042,교육봉사활동2,2011/1 ~ 2029/2,영어교육과(학부/서울),ok
H0002256,H0002720,영어교육과,EDU3071,특수교육학개론,2011/1 ~ 2029/2,영어교육과(학부/서울),ok
H0002256,H0002720,영어교육과,EDU3078,교육과정론,2015/1 ~ 2028/2,영어교육과(학부/서울),ok
H0002256,H0002720,영어교육과,EDU3079,교육평가론,2015/1 ~ 2028/2,영어교육과(학부/서울),ok
H0002256,H0002720,영어교육과,EDU3080,학교폭력예방및학생의이해,2015/1 ~ 2029/2,영어교육과(학부/서울),ok
H0002256,H0002720,영어교육과,EDU4003,교육실습,1992/1 ~ 2030/2,영어교육과(학부/서울),ok
H0002256,H0002720,영어교육과,EDU4019,교육방법및공학,1995/1 ~ 2028/2,영어교육과(학부/서울),ok
H0002256,H0002720,영어교육과,ENG2063,영어음성학,1993/1 ~ 2001/2,영어교육과(학부/서울),ok
H0002256,H0002720,영어교육과,ENG4004,고급영어리터러시,2008/1 ~ 2030/2,영어교육과(학부/서울),ok
H0002256,H0002720,영어교육과,ENG4007,영어학특강,1996/1 ~ 2030/2,영어교육과(학부/서울),ok
H0002256,H0002720,영어교육과,ENG4013,영어회화연습,1999/1 ~ 2017/2,영어교육과(학부/서울),ok
H0002256,H0002720,영어교육과,GEN4091,과학기술의철학적이해,2009/1 ~ 2027/2,영어교육과(학부/서울),ok
H0002256,H0002720,영어교육과,GEN5029,커리어개발Ⅰ:취.창업진로로드맵,2005/1 ~ 2027/2,영어교육과(학부/서울),ok
H0002256,H0002720,영어교육과,GEN5100,커리어개발Ⅱ:취.창업진로포트폴리오,2015/1 ~ 2029/2,영어교육과(학부/서울),ok
H0002256,H0002720,영어교육과,GEN6032,전문학술영어,2010/1 ~ 2028/2,영어교육과(학부/서울),ok
H0002256,H0002720,영어교육과,GEN6044,한양사회봉사,2009/1 ~ 2014/2,영어교육과(학부/서울),ok
H0002256,H0002720,영어교육과,KLE1005,현대교육과한문,2005/1 ~ 2015/2,영어교육과(학부/서울),ok
H0002256,H0002720,영어교육과,SYH0001,사랑의실천1(한양나눔),2007/1 ~ 2027/2,영어교육과(학부/서울),ok
H0002256,H0002720,영어교육과,SYH0002,사랑의실천2(스마트커뮤니케이션),2008/1 ~ 2028/2,영어교육과(학부/서울),not_found
H0002256,H0002720,영어교육과,SYH0003,사랑의실천3(기업가정신),2011/1 ~ 2029/2,영어교육과(학부/서울),not_found
H0002256,H0002720,영어교육과,SYH0004,사랑의실천4(미래실용인재),2012/1 ~ 2030/2,영어교육과(학부/서울),ok
H0002256,H0002800,영어영문학과,CUL0005,말과글,2002/1 ~ 2027/2,영어영문학(학부/서울),ok
H0002256,H0002800,영어영문학과,CUL0011,창의적컴퓨팅,2016/1 ~ 2027/2,영어영문학(학부/서울),ok
H0002256,H0002800,영어영문학과,CUL0202,문화기술인간,2025/1 ~ 2027/2,영어영문학(학부/서울),ok
H0002256,H0002800,영어영문학과,CUL0204,통합사고와읽기의기술,2025/1 ~ 2027/2,영어영문학(학부/서울),ok
H0002256,H0002800,영어영문학과,CUL0205,Technology and AI: Utopia or Dystopia?,2026/1 ~ 2028/2,영어영문학(학부/서울),ok
H0002256,H0002800,영어영문학과,CUL0209,"Wellness Web: Self, Society, and Beyond",2026/1 ~ 2028/2,영어영문학(학부/서울),ok
H0002256,H0002800,영어영문학과,CUL1122,창의적프로그래밍,2021/1 ~ 2027/2,영어영문학(학부/서울),ok
H0002256,H0002800,영어영문학과,CUL1138,인공지능과기계학습,2019/1 ~ 2028/2,영어영문학(학부/서울),ok
H0002256,H0002800,영어영문학과,DEE2030,영어학과영어교육,2007/1 ~ 2009/2,영어영문학(학부/서울),ok
H0002256,H0002800,영어영문학과,DEE3011,영어통사론,2007/1 ~ 2009/2,영어영문학(학부/서울),ok
H0002256,H0002800,영어영문학과,ENG1063,영어능력평가와연습,2008/1 ~ 2015/2,영어영문학(학부/서울),ok
H0002256,H0002800,영어영문학과,ENG1065,영문학고전감상,2013/1 ~ 2015/2,영어영문학(학부/서울),ok
H0002256,H0002800,영어영문학과,ENG1066,영어어법연습,2016/1 ~ 2027/2,영어영문학(학부/서울),ok
H0002256,H0002800,영어영문학과,ENG1067,영어읽기와토론,2016/1 ~ 2029/2,영어영문학(학부/서울),ok
H0002256,H0002800,영어영문학과,ENG1068,영어읽기와토론2,2016/1 ~ 2025/2,영어영문학(학부/서울),ok
H0002256,H0002800,영어영문학과,ENG1069,영미문학읽기,2016/1 ~ 2028/2,영어영문학(학부/서울),ok
H0002256,H0002800,영어영문학과,ENG1070,영어연극캡스톤디자인,2018/1 ~ 2019/2,영어영문학(학부/서울),ok
H0002256,H0002800,영어영문학과,ENG1071,영어연극공연캡스톤디자인,2020/1 ~ 2023/2,영어영문학(학부/서울),ok
H0002256,H0002800,영어영문학과,ENG1072,영어연극이론과실습캡스톤디자인,2025/1 ~ 2026/1,영어영문학(학부/서울),ok
H0002256,H0002800,영어영문학과,ENG2005,영어음운론,1992/1 ~ 2028/2,영어영문학(학부/서울),ok
H0002256,H0002800,영어영문학과,ENG2033,미국역사와문학,2006/1 ~ 2028/2,영어영문학(학부/서울),ok
H0002256,H0002800,영어영문학과,ENG2038,영국역사와문학,2008/1 ~ 2028/2,영어영문학(학부/서울),ok
H0002256,H0002800,영어영문학과,ENG2063,영어음성학,1989/1 ~ 2028/2,영어영문학(학부/서울),ok
H0002256,H0002800,영어영문학과,ENG2073,드라마:문학텍스트와공연문화,2006/1 ~ 2028/2,영어영문학(학부/서울),ok
H0002256,H0002800,영어영문학과,ENG2074,21세기드라마,2006/1 ~ 2029/2,영어영문학(학부/서울),ok
H0002256,H0002800,영어영문학과,ENG2075,소설과역사,2006/1 ~ 2028/2,영어영문학(학부/서울),ok
H0002256,H0002800,영어영문학과,ENG2076,영어상호작용커뮤니케이션,2006/1 ~ 2028/2,영어영문학(학부/서울),ok
H0002256,H0002800,영어영문학과,ENG2079,언어습득과영어학,2006/1 ~ 2029/2,영어영문학(학부/서울),ok
H0002256,H0002800,영어영문학과,ENG2085,영어말하기와의사소통능력1,2014/1 ~ 2016/2,영어영문학(학부/서울),ok
H0002256,H0002800,영어영문학과,ENG2086,비판적영어쓰기,2014/1 ~ 2029/2,영어영문학(학부/서울),ok
H0002256,H0002800,영어영문학과,ENG2087,영어말하기와의사소통능력2,2014/1 ~ 2016/2,영어영문학(학부/서울),ok
H0002256,H0002800,영어영문학과,ENG2088,영어연습,2013/1 ~ 2015/2,영어영문학(학부/서울),ok
H0002256,H0002800,영어영문학과,ENG2090,영어말하기와의사소통능력,2017/1 ~ 2025/2,영어영문학(학부/서울),ok
H0002256,H0002800,영어영문학과,ENG2091,영미미디어문화,2017/1 ~ 2017/2,영어영문학(학부/서울),ok
H0002256,H0002800,영어영문학과,ENG2092,글로벌영어,2017/1 ~ 2025/2,영어영문학(학부/서울),ok
H0002256,H0002800,영어영문학과,ENG2094,연극심화이해와실제캡스톤,2026/2 ~ 2028/2,영어영문학(학부/서울),not_found
H0002256,H0002800,영어영문학과,ENG3002,17.18세기영시,2006/1 ~ 2016/2,영어영문학(학부/서울),ok
H0002256,H0002800,영어영문학과,ENG3007,영어학개론,1990/1 ~ 2027/2,영어영문학(학부/서울),ok
H0002256,H0002800,영어영문학과,ENG3012,세익스피어,2009/1 ~ 2017/2,영어영문학(학부/서울),ok
H0002256,H0002800,영어영문학과,ENG3054,영미단편소설,1990/1 ~ 2028/2,영어영문학(학부/서울),ok
H0002256,H0002800,영어영문학과,ENG3071,영어권문학,2007/1 ~ 2017/2,영어영문학(학부/서울),ok
H0002256,H0002800,영어영문학과,ENG3073,현대문학,2007/1 ~ 2029/2,영어영문학(학부/서울),ok
H0002256,H0002800,영어영문학과,ENG3074,영미문화와언어,2007/1 ~ 2030/2,영어영문학(학부/서울),ok
H0002256,H0002800,영어영문학과,ENG3075,현대영미시와유럽사,2007/1 ~ 2017/2,영어영문학(학부/서울),ok
H0002256,H0002800,영어영문학과,ENG3080,현대영미문학,2007/1 ~ 2017/2,영어영문학(학부/서울),ok
H0002256,H0002800,영어영문학과,ENG3081,실험영어음성학,2009/1 ~ 2017/2,영어영문학(학부/서울),ok
H0002256,H0002800,영어영문학과,ENG3082,영어구문론,2010/1 ~ 2028/2,영어영문학(학부/서울),ok
H0002256,H0002800,영어영문학과,ENG3083,제2언어습득과인공지능,2010/1 ~ 2029/2,영어영문학(학부/서울),ok
H0002256,H0002800,영어영문학과,ENG3084,문학분석입문,2010/1 ~ 2017/2,영어영문학(학부/서울),ok
H0002256,H0002800,영어영문학과,ENG3090,젠더와영미문학,2015/1 ~ 2017/2,영어영문학(학부/서울),ok
H0002256,H0002800,영어영문학과,ENG3091,영어쓰기캡스톤디자인,2015/1 ~ 2030/2,영어영문학(학부/서울),ok
H0002256,H0002800,영어영문학과,ENG3092,영어말하기와의사소통능력3,2015/1 ~ 2017/2,영어영문학(학부/서울),ok
H0002256,H0002800,영어영문학과,ENG3093,비판적영어쓰기3,2015/1 ~ 2017/2,영어영문학(학부/서울),ok
H0002256,H0002800,영어영문학과,ENG3094,실험언어학,2015/1 ~ 2017/2,영어영문학(학부/서울),not_found
H0002256,H0002800,영어영문학과,ENG3099,영어담화의이해와분석,2018/1 ~ 2029/2,영어영문학(학부/서울),ok
H0002256,H0002800,영어영문학과,ENG3100,미국과세계경제,2016/2 ~ 2023/1,영어영문학(학부/서울),ok
H0002256,H0002800,영어영문학과,ENG3101,영미통상실무,2016/2 ~ 2021/2,영어영문학(학부/서울),ok
H0002256,H0002800,영어영문학과,ENG3102,영어권문학과사회,2018/1 ~ 2029/2,영어영문학(학부/서울),ok
H0002256,H0002800,영어영문학과,ENG3103,영미정치사상과문학,2019/1 ~ 2021/2,영어영문학(학부/서울),not_found
H0002256,H0002800,영어영문학과,ENG3104,언어와뇌,2018/1 ~ 2029/2,영어영문학(학부/서울),ok
H0002256,H0002800,영어영문학과,ENG4013,영어회화연습,1992/1 ~ 1995/2,영어영문학(학부/서울),ok
H0002256,H0002800,영어영문학과,ENG4015,영어의미론,1996/1 ~ 2018/2,영어영문학(학부/서울),ok
H0002256,H0002800,영어영문학과,ENG4019,르네상스영희곡,2009/1 ~ 2018/2,영어영문학(학부/서울),ok
H0002256,H0002800,영어영문학과,ENG4029,영국사회와문화,2007/1 ~ 2017/2,영어영문학(학부/서울),ok
H0002256,H0002800,영어영문학과,ENG4075,언어심리와영어학,2007/1 ~ 2029/2,영어영문학(학부/서울),ok
H0002256,H0002800,영어영문학과,ENG4076,영미과학소설읽기,2008/1 ~ 2018/2,영어영문학(학부/서울),ok
H0002256,H0002800,영어영문학과,ENG4077,미국문화와미디어,2008/1 ~ 2018/2,영어영문학(학부/서울),ok
H0002256,H0002800,영어영문학과,ENG4078,영어어휘연습과커뮤니케이션,2008/1 ~ 2018/2,영어영문학(학부/서울),ok
H0002256,H0002800,영어영문학과,ENG4079,시사영어듣기와커뮤니케이션,2008/1 ~ 2018/2,영어영문학(학부/서울),ok
H0002256,H0002800,영어영문학과,ENG4085,영국역사와영어발달,2012/1 ~ 2029/2,영어영문학(학부/서울),ok
H0002256,H0002800,영어영문학과,ENG4087,현대문학이론입문,2011/1 ~ 2021/2,영어영문학(학부/서울),ok
H0002256,H0002800,영어영문학과,ENG4088,영어논문작성캡스톤디자인1,2012/1 ~ 2018/2,영어영문학(학부/서울),ok
H0002256,H0002800,영어영문학과,ENG4089,영어논문작성캡스톤디자인2,2012/1 ~ 2018/2,영어영문학(학부/서울),ok
H0002256,H0002800,영어영문학과,ENG4092,영미지역캡스톤디자인,2016/2 ~ 2021/2,영어영문학(학부/서울),ok
H0002256,H0002800,영어영문학과,ENG4093,현대영미역사와시,2018/1 ~ 2029/2,영어영문학(학부/서울),ok
H0002256,H0002800,영어영문학과,ENG4095,셰익스피어,2019/1 ~ 2030/2,영어영문학(학부/서울),ok
H0002256,H0002800,영어영문학과,ENG4096,과학과영미소설,2023/1 ~ 2030/2,영어영문학(학부/서울),ok
H0002256,H0002800,영어영문학과,ENG4097,언어학과언어장애,2023/2 ~ 2030/2,영어영문학(학부/서울),ok
H0002256,H0002800,영어영문학과,ENG4098,담화및멀티모달분석,2025/1 ~ 2030/2,영어영문학(학부/서울),ok
H0002256,H0002800,영어영문학과,GEN0039,심리학개론,1989/1 ~ 1992/2,영어영문학(학부/서울),ok
H0002256,H0002800,영어영문학과,GEN3041,초급중국어1,2009/1 ~ 2023/2,영어영문학(학부/서울),ok
H0002256,H0002800,영어영문학과,GEN4091,과학기술의철학적이해,2008/1 ~ 2027/2,영어영문학(학부/서울),ok
H0002256,H0002800,영어영문학과,GEN5029,커리어개발Ⅰ:취.창업진로로드맵,2008/1 ~ 2027/2,영어영문학(학부/서울),ok
H0002256,H0002800,영어영문학과,GEN5100,커리어개발Ⅱ:취.창업진로포트폴리오,2015/1 ~ 2029/2,영어영문학(학부/서울),ok
H0002256,H0002800,영어영문학과,GEN6032,전문학술영어,2010/1 ~ 2028/2,영어영문학(학부/서울),ok
H0002256,H0002800,영어영문학과,GEN6044,한양사회봉사,2009/1 ~ 2014/2,영어영문학(학부/서울),ok
H0002256,H0002800,영어영문학과,GEN6094,전공현장실습1,2012/1 ~ 2016/2,영어영문학(학부/서울),ok
H0002256,H0002800,영어영문학과,GEN6095,전공현장실습2,2012/1 ~ 2016/2,영어영문학(학부/서울),ok
H0002256,H0002800,영어영문학과,HYP2024,영어영문학HY-UP(실용연구실습)2,2026/2 ~ 2029/2,영어영문학(학부/서울),not_found
H0002256,H0002800,영어영문학과,HYR0009,영어영문학HY-UROP(실용연구심화),2026/2 ~ 2030/2,영어영문학(학부/서울),not_found
H0002256,H0002800,영어영문학과,PBL4018,영어영문캡스톤PBL,2023/1 ~ 2030/2,영어영문학(학부/서울),ok
H0002256,H0002800,영어영문학과,PER1001,수행인문학논술,2010/1 ~ 2015/2,영어영문학(학부/서울),ok
H0002256,H0002800,영어영문학과,SYH0001,사랑의실천1(한양나눔),2008/1 ~ 2027/2,영어영문학(학부/서울),ok
H0002256,H0002800,영어영문학과,SYH0002,사랑의실천2(스마트커뮤니케이션),2008/1 ~ 2028/2,영어영문학(학부/서울),not_found
H0002256,H0002800,영어영문학과,SYH0003,사랑의실천3(기업가정신),2011/1 ~ 2029/2,영어영문학(학부/서울),not_found
H0002256,H0002800,영어영문학과,SYH0004,사랑의실천4(미래실용인재),2012/1 ~ 2030/2,영어영문학(학부/서울),ok
H0002256,H0002800,영어영문학과,TEA3044,외국어논리및논술,2015/2 ~ 2029/2,영어영문학(학부/서울),ok
H0002256,H0002800,영어영문학과,TEA5004,영어교과교육론,2011/1 ~ 2015/1,영어영문학(학부/서울),ok
H0002256,H0002800,영어영문학과,TEA5022,외국어교과교육론,2015/2 ~ 2029/2,영어영문학(학부/서울),ok
H0002256,H0002800,영어영문학과,TEA6021,외국어교과교재연구및지도,2016/1 ~ 2030/2,영어영문학(학부/서울),ok
H0002256,H0002939,영어커뮤니케이션전공,ENG2089,비판적생각과영어쓰기1,2017/1 ~ 2020/2,영어커뮤니케이션전공,not_found
H0002256,H0002939,영어커뮤니케이션전공,ENG3097,비판적생각과영어쓰기2,2018/1 ~ 2021/2,영어커뮤니케이션전공,not_found
H0002256,H0002939,영어커뮤니케이션전공,ENG4081,영한대조와전환,2007/1 ~ 2017/2,영어커뮤니케이션전공,ok
H0002256,H0002939,영어커뮤니케이션전공,ENG4082,국제회의및협상영어,2011/1 ~ 2022/2,영어커뮤니케이션전공,ok
H0002256,H0002939,영어커뮤니케이션전공,ENG4090,영어읽기와토론3,2019/1 ~ 2022/2,영어커뮤니케이션전공,not_found
H0002256,H0002939,영어커뮤니케이션전공,ENG4091,비판적생각과영어쓰기3,2018/1 ~ 2021/2,영어커뮤니케이션전공,not_found
H0002256,H0002939,영어커뮤니케이션전공,INT3052,무역영어,2010/1 ~ 2021/2,영어커뮤니케이션전공,ok
H0002256,H0002939,영어커뮤니케이션전공,PER2015,영어커뮤니케이션기초,2009/1 ~ 2020/2,영어커뮤니케이션전공,ok
H0002256,H0002939,영어커뮤니케이션전공,PER2016,영어커뮤니케이션연습,2009/1 ~ 2020/2,영어커뮤니케이션전공,ok
H0002256,H0002939,영어커뮤니케이션전공,PER2024,CRITICAL READING,2014/1 ~ 2016/2,영어커뮤니케이션전공,ok
H0002256,H0002939,영어커뮤니케이션전공,PER2027,GLOBAL SOCIETY AND LANGUAGE,2018/1 ~ 2021/2,영어커뮤니케이션전공,ok
H0002256,H0002939,영어커뮤니케이션전공,PER2033,GLOBAL BUSINESS COMMUNICATION,2014/1 ~ 2020/2,영어커뮤니케이션전공,ok
H0002256,H0002939,영어커뮤니케이션전공,PER2048,멀티미디어활용영어학습기초,2017/1 ~ 2020/2,영어커뮤니케이션전공,ok
H0002256,H0002939,영어커뮤니케이션전공,PER2050,멀티미디어활용영어학습응용,2017/1 ~ 2020/2,영어커뮤니케이션전공,ok
H0002256,H0002939,영어커뮤니케이션전공,PER2051,Cultural Crossings in the Global Age,2018/1 ~ 2021/2,영어커뮤니케이션전공,ok
H0002256,H0002939,영어커뮤니케이션전공,PER3013,영어통역기초,2007/1 ~ 2017/2,영어커뮤니케이션전공,ok
H0002256,H0002939,영어커뮤니케이션전공,PER3014,영어통역연습,2007/1 ~ 2017/2,영어커뮤니케이션전공,ok
H0002256,H0002939,영어커뮤니케이션전공,PER3047,영어능력평가기초,2017/1 ~ 2021/2,영어커뮤니케이션전공,ok
H0002256,H0002939,영어커뮤니케이션전공,PER3048,영어능력평가응용,2017/1 ~ 2021/2,영어커뮤니케이션전공,ok
H0002256,H0002939,영어커뮤니케이션전공,PER4019,DEBATES IN CULTURAL DISCOURSES: PROS AND CONS,2019/1 ~ 2022/2,영어커뮤니케이션전공,ok
H0002256,H0002939,영어커뮤니케이션전공,PER4022,비즈니스영어포트폴리오,2012/1 ~ 2022/2,영어커뮤니케이션전공,ok
H0002256,H0004361,예술융합소프트웨어 융합전공,ATC0001,HCI와아트테크놀로지디자인씽킹,2014/2 ~ 2028/2,예술융합소프트웨어 융합전공,ok
H0002256,H0004361,예술융합소프트웨어 융합전공,ATC0002,사운드스케이프캡스톤디자인,2014/2 ~ 2028/2,예술융합소프트웨어 융합전공,ok
H0002256,H0004361,예술융합소프트웨어 융합전공,ATC0003,아트테크놀로지PBL캡스톤디자인,2014/2 ~ 2028/2,예술융합소프트웨어 융합전공,ok
H0002256,H0004361,예술융합소프트웨어 융합전공,ATC0004,아트앤테크놀로지그래픽스,2014/2 ~ 2028/2,예술융합소프트웨어 융합전공,ok
H0002256,H0004361,예술융합소프트웨어 융합전공,ATC0005,가상/증강현실캡스톤디자인,2015/2 ~ 2029/2,예술융합소프트웨어 융합전공,ok
H0002256,H0004361,예술융합소프트웨어 융합전공,ATC0006,아트테크놀로지비주얼컴퓨팅,2015/2 ~ 2028/2,예술융합소프트웨어 융합전공,ok
H0002256,H0004361,예술융합소프트웨어 융합전공,ATC0007,아트테크놀로지사운드컴퓨팅,2014/2 ~ 2028/2,예술융합소프트웨어 융합전공,ok
H0002256,H0004361,예술융합소프트웨어 융합전공,ATC0009,과학적일러스트레이션디자인,2014/2 ~ 2028/2,예술융합소프트웨어 융합전공,ok
H0002256,H0004361,예술융합소프트웨어 융합전공,MOT0001,예술공학의이해,2014/2 ~ 2028/2,예술융합소프트웨어 융합전공,not_found
H0002256,H0004361,예술융합소프트웨어 융합전공,MOT0006,감성마케팅기술,2014/2 ~ 2028/2,예술융합소프트웨어 융합전공,ok
H0002256,H0002558,원자력공학과,CHE2001,공업물리화학1,1990/1 ~ 1993/2,원자력공학과(학부/서울),ok
H0002256,H0002558,원자력공학과,CHE2002,공업물리화학2,1990/1 ~ 1993/2,원자력공학과(학부/서울),ok
H0002256,H0002558,원자력공학과,CHE2011,공업물리화학,1994/1 ~ 1997/2,원자력공학과(학부/서울),ok
H0002256,H0002558,원자력공학과,CHE3014,응용열역학,2011/1 ~ 2029/2,원자력공학과(학부/서울),ok
H0002256,H0002558,원자력공학과,CHM1002,일반화학및실험2,1997/1 ~ 2027/2,원자력공학과(학부/서울),ok
H0002256,H0002558,원자력공학과,CHM1005,일반화학및실험1,1997/1 ~ 2027/2,원자력공학과(학부/서울),ok
H0002256,H0002558,원자력공학과,COE1010,실용공학연구1,1998/1 ~ 2025/2,원자력공학과(학부/서울),ok
H0002256,H0002558,원자력공학과,COE1011,실용공학연구2,1998/1 ~ 2025/2,원자력공학과(학부/서울),ok
H0002256,H0002558,원자력공학과,COE1012,실용공학연구3,1998/1 ~ 2026/2,원자력공학과(학부/서울),ok
H0002256,H0002558,원자력공학과,COE1013,실용공학연구4,1998/1 ~ 2026/2,원자력공학과(학부/서울),ok
H0002256,H0002558,원자력공학과,COE1014,실용공학연구5,1998/1 ~ 2001/2,원자력공학과(학부/서울),ok
H0002256,H0002558,원자력공학과,COE1015,실용공학연구6,1998/1 ~ 2001/2,원자력공학과(학부/서울),ok
H0002256,H0002558,원자력공학과,COE2022,공학입문설계,2010/1 ~ 2027/2,원자력공학과(학부/서울),ok
H0002256,H0002558,원자력공학과,COE3001,공업수학,1991/1 ~ 1994/2,원자력공학과(학부/서울),ok
H0002256,H0002558,원자력공학과,COE3051,공업수학1,1994/1 ~ 2028/2,원자력공학과(학부/서울),ok
H0002256,H0002558,원자력공학과,COE3052,공업수학2,1994/1 ~ 2028/2,원자력공학과(학부/서울),ok
H0002256,H0002558,원자력공학과,COE3053,공업수학3,1995/1 ~ 2021/2,원자력공학과(학부/서울),ok
H0002256,H0002558,원자력공학과,CUL0005,말과글,1997/1 ~ 2027/2,원자력공학과(학부/서울),ok
H0002256,H0002558,원자력공학과,CUL0011,창의적컴퓨팅,1997/1 ~ 1998/2,원자력공학과(학부/서울),ok
H0002256,H0002558,원자력공학과,CUL0201,상상과학성찰,2025/1 ~ 2027/2,원자력공학과(학부/서울),ok
H0002256,H0002558,원자력공학과,CUL0204,통합사고와읽기의기술,2025/1 ~ 2027/2,원자력공학과(학부/서울),ok
H0002256,H0002558,원자력공학과,CUL0205,Technology and AI: Utopia or Dystopia?,2026/1 ~ 2028/2,원자력공학과(학부/서울),ok
H0002256,H0002558,원자력공학과,CUL0208,스토리텔링의설계와전략,2026/1 ~ 2028/2,원자력공학과(학부/서울),ok
H0002256,H0002558,원자력공학과,CUL1138,인공지능과기계학습,2023/1 ~ 2028/2,원자력공학과(학부/서울),ok
H0002256,H0002558,원자력공학과,CUL3011,일반물리학및실험1,1997/1 ~ 2027/2,원자력공학과(학부/서울),ok
H0002256,H0002558,원자력공학과,CUL3012,일반물리학및실험2,1997/1 ~ 2027/2,원자력공학과(학부/서울),ok
H0002256,H0002558,원자력공학과,GEN0068,일반화학1,1989/1 ~ 1996/2,원자력공학과(학부/서울),ok
H0002256,H0002558,원자력공학과,GEN0069,일반화학2,1989/1 ~ 1996/2,원자력공학과(학부/서울),ok
H0002256,H0002558,원자력공학과,GEN1002,전공영어,1990/1 ~ 1993/2,원자력공학과(학부/서울),ok
H0002256,H0002558,원자력공학과,GEN1031,공학도를위한창의적컴퓨팅,1993/1 ~ 2027/2,원자력공학과(학부/서울),ok
H0002256,H0002558,원자력공학과,GEN1100,공학도를위한창의적프로그래밍,2023/1 ~ 2028/2,원자력공학과(학부/서울),ok
H0002256,H0002558,원자력공학과,GEN2052,미분적분학1,1993/1 ~ 2027/2,원자력공학과(학부/서울),ok
H0002256,H0002558,원자력공학과,GEN2053,미분적분학2,1993/1 ~ 2027/2,원자력공학과(학부/서울),ok
H0002256,H0002558,원자력공학과,GEN3058,공업경제학,2012/1 ~ 2018/2,원자력공학과(학부/서울),ok
H0002256,H0002558,원자력공학과,GEN4065,원자력과환경,2009/1 ~ 2015/2,원자력공학과(학부/서울),ok
H0002256,H0002558,원자력공학과,GEN4091,과학기술의철학적이해,2009/1 ~ 2027/2,원자력공학과(학부/서울),ok
H0002256,H0002558,원자력공학과,GEN5026,테크노경영학(스타트업종합설계),2011/1 ~ 2029/2,원자력공학과(학부/서울),ok
H0002256,H0002558,원자력공학과,GEN5029,커리어개발Ⅰ:취.창업진로로드맵,2009/1 ~ 2027/2,원자력공학과(학부/서울),ok
H0002256,H0002558,원자력공학과,GEN5100,커리어개발Ⅱ:취.창업진로포트폴리오,2015/1 ~ 2029/2,원자력공학과(학부/서울),ok
H0002256,H0002558,원자력공학과,GEN6032,전문학술영어,2010/1 ~ 2028/2,원자력공학과(학부/서울),ok
H0002256,H0002558,원자력공학과,GEN6044,한양사회봉사,2009/1 ~ 2014/2,원자력공학과(학부/서울),ok
H0002256,H0002558,원자력공학과,GEN6094,전공현장실습1,2014/1 ~ 2016/2,원자력공학과(학부/서울),ok
H0002256,H0002558,원자력공학과,GEN6095,전공현장실습2,2013/1 ~ 2016/2,원자력공학과(학부/서울),ok
H0002256,H0002558,원자력공학과,HYP1001,원자력공학HY-UP(실용연구실습)1,2026/1 ~ 2029/2,원자력공학과(학부/서울),not_found
H0002256,H0002558,원자력공학과,HYP2014,원자력공학HY-UP(실용연구실습)2,2026/1 ~ 2029/2,원자력공학과(학부/서울),not_found
H0002256,H0002558,원자력공학과,HYP3014,원자력공학HY-UP(실용연구실습)3,2027/1 ~ 2030/2,원자력공학과(학부/서울),not_found
H0002256,H0002558,원자력공학과,HYP4012,원자력공학HY-UP(실용연구실습)4,2027/1 ~ 2030/2,원자력공학과(학부/서울),not_found
H0002256,H0002558,원자력공학과,HYR0003,원자력공학HY-UROP(실용연구심화),2027/1 ~ 2030/2,원자력공학과(학부/서울),not_found
H0002256,H0002558,원자력공학과,INE4056,신뢰성공학,2011/1 ~ 2029/2,원자력공학과(학부/서울),ok
H0002256,H0002558,원자력공학과,MAT2017,확률통계론,2010/1 ~ 2028/2,원자력공학과(학부/서울),ok
H0002256,H0002558,원자력공학과,MAT3008,수치해석,2010/1 ~ 2028/2,원자력공학과(학부/서울),ok
H0002256,H0002558,원자력공학과,MEE3007,유체역학,1991/1 ~ 1994/2,원자력공학과(학부/서울),ok
H0002256,H0002558,원자력공학과,NUE1002,원자력과AI입문,2025/2 ~ 2027/2,원자력공학과(학부/서울),ok
H0002256,H0002558,원자력공학과,NUE2007,핵공학개론,2010/1 ~ 2028/2,원자력공학과(학부/서울),ok
H0002256,H0002558,원자력공학과,NUE2008,응용핵물리,2010/1 ~ 2028/2,원자력공학과(학부/서울),ok
H0002256,H0002558,원자력공학과,NUE2010,원자로공학,2010/1 ~ 2025/2,원자력공학과(학부/서울),ok
H0002256,H0002558,원자력공학과,NUE2012,기초핵공학실험,2011/1 ~ 2023/1,원자력공학과(학부/서울),ok
H0002256,H0002558,원자력공학과,NUE2055,응용재료공학,1995/1 ~ 2029/2,원자력공학과(학부/서울),ok
H0002256,H0002558,원자력공학과,NUE2057,핵계측신호처리,2010/1 ~ 2029/2,원자력공학과(학부/서울),ok
H0002256,H0002558,원자력공학과,NUE2058,응용핵물리기초,2014/1 ~ 2016/2,원자력공학과(학부/서울),ok
H0002256,H0002558,원자력공학과,NUE2059,기초열전달,2017/1 ~ 2025/1,원자력공학과(학부/서울),ok
H0002256,H0002558,원자력공학과,NUE3004,방사선계측,1995/1 ~ 2028/2,원자력공학과(학부/서울),ok
H0002256,H0002558,원자력공학과,NUE3018,원자력정책,1991/1 ~ 2018/2,원자력공학과(학부/서울),ok
H0002256,H0002558,원자력공학과,NUE3025,원자로재료공학,2016/1 ~ 2030/2,원자력공학과(학부/서울),ok
H0002256,H0002558,원자력공학과,NUE3031,방사선응용기술,2012/1 ~ 2018/2,원자력공학과(학부/서울),ok
H0002256,H0002558,원자력공학과,NUE3033,의료방사선응용공학,2012/1 ~ 2030/2,원자력공학과(학부/서울),ok
H0002256,H0002558,원자력공학과,NUE3035,방사선차폐설계,2011/1 ~ 2021/2,원자력공학과(학부/서울),ok
H0002256,H0002558,원자력공학과,NUE3037,원자로이론,2011/1 ~ 2029/2,원자력공학과(학부/서울),ok
H0002256,H0002558,원자력공학과,NUE3038,방사선량과생물학적영향,2011/1 ~ 2028/2,원자력공학과(학부/서울),ok
H0002256,H0002558,원자력공학과,NUE3040,방사선계측응용실습,2011/1 ~ 2029/2,원자력공학과(학부/서울),ok
H0002256,H0002558,원자력공학과,NUE3061,운동량및열전달,2011/1 ~ 2029/2,원자력공학과(학부/서울),ok
H0002256,H0002558,원자력공학과,NUE3062,방사선상호작용,2010/1 ~ 2025/2,원자력공학과(학부/서울),ok
H0002256,H0002558,원자력공학과,NUE3064,원자로안전공학기초,2015/1 ~ 2016/2,원자력공학과(학부/서울),not_found
H0002256,H0002558,원자력공학과,NUE3065,핵융합플라즈마입문,2018/2 ~ 2029/2,원자력공학과(학부/서울),ok
H0002256,H0002558,원자력공학과,NUE3066,원자력화학,2023/2 ~ 2029/2,원자력공학과(학부/서울),ok
H0002256,H0002558,원자력공학과,NUE4010,원자로설계,1992/1 ~ 2018/2,원자력공학과(학부/서울),ok
H0002256,H0002558,원자력공학과,NUE4011,원자로안전공학,1992/1 ~ 2026/2,원자력공학과(학부/서울),ok
H0002256,H0002558,원자력공학과,NUE4014,원자로열수력학,1992/1 ~ 2029/2,원자력공학과(학부/서울),ok
H0002256,H0002558,원자력공학과,NUE4024,원자로실험,1998/1 ~ 2026/2,원자력공학과(학부/서울),ok
H0002256,H0002558,원자력공학과,NUE4031,방사선안전평가,2012/1 ~ 2022/2,원자력공학과(학부/서울),not_found
H0002256,H0002558,원자력공학과,NUE4034,원자력시설해체와방사성폐기물관리,2012/1 ~ 2026/2,원자력공학과(학부/서울),ok
H0002256,H0002558,원자력공학과,NUE4037,원자로물리,2012/1 ~ 2029/2,원자력공학과(학부/서울),ok
H0002256,H0002558,원자력공학과,NUE4040,방사선영상,2012/1 ~ 2018/2,원자력공학과(학부/서울),ok
H0002256,H0002558,원자력공학과,NUE4054,방사선장치설계,2012/1 ~ 2030/2,원자력공학과(학부/서울),ok
H0002256,H0002558,원자력공학과,NUE4055,핵융합과플라즈마공학,2012/1 ~ 2022/2,원자력공학과(학부/서울),ok
H0002256,H0002558,원자력공학과,NUE4056,원자력공학종합설계1,2012/1 ~ 2018/2,원자력공학과(학부/서울),ok
H0002256,H0002558,원자력공학과,NUE4057,원자력공학종합설계2,2012/1 ~ 2018/2,원자력공학과(학부/서울),ok
H0002256,H0002558,원자력공학과,NUE4058,원자력에너지응용열계통설계,2012/1 ~ 2022/2,원자력공학과(학부/서울),ok
H0002256,H0002558,원자력공학과,NUE4059,응용열수력실험,2013/1 ~ 2030/2,원자력공학과(학부/서울),ok
H0002256,H0002558,원자력공학과,NUE4060,안전공학기초및원자력안전법,2019/1 ~ 2030/2,원자력공학과(학부/서울),ok
H0002256,H0002558,원자력공학과,NUE4062,원자력공학종합설계,2019/1 ~ 2030/2,원자력공학과(학부/서울),ok
H0002256,H0002558,원자력공학과,NUE4064,핵융합발전소설계,2019/1 ~ 2030/2,원자력공학과(학부/서울),ok
H0002256,H0002558,원자력공학과,NUE4065,원자력재료부식및전기화학,2020/2 ~ 2030/2,원자력공학과(학부/서울),ok
H0002256,H0002558,원자력공학과,NUE4066,확률론적리스크평가,2022/1 ~ 2030/2,원자력공학과(학부/서울),not_found
H0002256,H0002558,원자력공학과,NUE4067,소형모듈원자로안전해석,2023/1 ~ 2029/2,원자력공학과(학부/서울),ok
H0002256,H0002558,원자력공학과,NUE4068,핵연료주기공학,2023/2 ~ 2030/2,원자력공학과(학부/서울),ok
H0002256,H0002558,원자력공학과,PBL4024,원자력공학캡스톤PBL,2022/1 ~ 2030/2,원자력공학과(학부/서울),ok
H0002256,H0002558,원자력공학과,PHY3005,전자기학1,1990/1 ~ 1999/2,원자력공학과(학부/서울),ok
H0002256,H0002558,원자력공학과,PHY3006,전자기학2,1990/1 ~ 1999/2,원자력공학과(학부/서울),ok
H0002256,H0002558,원자력공학과,PHY4014,플라즈마물리학,1992/1 ~ 1995/2,원자력공학과(학부/서울),ok
H0002256,H0002558,원자력공학과,SYH0001,사랑의실천1(한양나눔),2009/1 ~ 2027/2,원자력공학과(학부/서울),ok
H0002256,H0002558,원자력공학과,SYH0002,사랑의실천2(스마트커뮤니케이션),2010/1 ~ 2028/2,원자력공학과(학부/서울),not_found
H0002256,H0002558,원자력공학과,SYH0003,사랑의실천3(기업가정신),2011/1 ~ 2029/2,원자력공학과(학부/서울),not_found
H0002256,H0002558,원자력공학과,SYH0004,사랑의실천4(미래실용인재),2012/1 ~ 2030/2,원자력공학과(학부/서울),ok
H0002256,H0002525,유기나노공학과,CHE2001,공업물리화학1,2012/1 ~ 2028/2,유기나노공학과,ok
H0002256,H0002525,유기나노공학과,CHE2002,공업물리화학2,2012/1 ~ 2028/2,유기나노공학과,ok
H0002256,H0002525,유기나노공학과,CHE3019,공업유기화학실험,2012/1 ~ 2028/2,유기나노공학과,ok
H0002256,H0002525,유기나노공학과,CHM1002,일반화학및실험2,2011/1 ~ 2027/2,유기나노공학과,ok
H0002256,H0002525,유기나노공학과,CHM1005,일반화학및실험1,2011/1 ~ 2027/2,유기나노공학과,ok
H0002256,H0002525,유기나노공학과,CHM3007,고분자화학,2013/1 ~ 2029/2,유기나노공학과,ok
H0002256,H0002525,유기나노공학과,CHM4001,기기분석,2012/1 ~ 2029/2,유기나노공학과,ok
H0002256,H0002525,유기나노공학과,CHM4013,고분자물성,2013/1 ~ 2029/2,유기나노공학과,ok
H0002256,H0002525,유기나노공학과,COE1004,재료과학개론,2021/1 ~ 2028/2,유기나노공학과,ok
H0002256,H0002525,유기나노공학과,COE1010,실용공학연구1,2021/1 ~ 2025/2,유기나노공학과,ok
H0002256,H0002525,유기나노공학과,COE1011,실용공학연구2,2021/1 ~ 2025/2,유기나노공학과,ok
H0002256,H0002525,유기나노공학과,COE2022,공학입문설계,2011/1 ~ 2027/2,유기나노공학과,ok
H0002256,H0002525,유기나노공학과,COE3051,공업수학1,2012/1 ~ 2028/2,유기나노공학과,ok
H0002256,H0002525,유기나노공학과,COE3052,공업수학2,2012/1 ~ 2028/2,유기나노공학과,ok
H0002256,H0002525,유기나노공학과,COE3053,공업수학3,2013/1 ~ 2017/2,유기나노공학과,ok
H0002256,H0002525,유기나노공학과,CTE3013,표면및계면화학,2013/1 ~ 2029/2,유기나노공학과,ok
H0002256,H0002525,유기나노공학과,CUL0005,말과글,2011/1 ~ 2027/2,유기나노공학과,ok
H0002256,H0002525,유기나노공학과,CUL0201,상상과학성찰,2025/1 ~ 2027/2,유기나노공학과,ok
H0002256,H0002525,유기나노공학과,CUL0203,AI시대쓰기의힘,2025/1 ~ 2027/2,유기나노공학과,ok
H0002256,H0002525,유기나노공학과,CUL0205,Technology and AI: Utopia or Dystopia?,2026/1 ~ 2028/2,유기나노공학과,ok
H0002256,H0002525,유기나노공학과,CUL0208,스토리텔링의설계와전략,2026/1 ~ 2028/2,유기나노공학과,ok
H0002256,H0002525,유기나노공학과,CUL1138,인공지능과기계학습,2023/1 ~ 2028/2,유기나노공학과,ok
H0002256,H0002525,유기나노공학과,CUL3011,일반물리학및실험1,2011/1 ~ 2027/2,유기나노공학과,ok
H0002256,H0002525,유기나노공학과,CUL3012,일반물리학및실험2,2011/1 ~ 2027/2,유기나노공학과,ok
H0002256,H0002525,유기나노공학과,ENE4028,반도체공학,2022/1 ~ 2029/2,유기나노공학과,ok
H0002256,H0002525,유기나노공학과,GEN1031,공학도를위한창의적컴퓨팅,2011/1 ~ 2027/2,유기나노공학과,ok
H0002256,H0002525,유기나노공학과,GEN1100,공학도를위한창의적프로그래밍,2023/1 ~ 2028/2,유기나노공학과,ok
H0002256,H0002525,유기나노공학과,GEN2052,미분적분학1,2011/1 ~ 2027/2,유기나노공학과,ok
H0002256,H0002525,유기나노공학과,GEN2053,미분적분학2,2011/1 ~ 2027/2,유기나노공학과,ok
H0002256,H0002525,유기나노공학과,GEN3058,공업경제학,2012/1 ~ 2016/2,유기나노공학과,ok
H0002256,H0002525,유기나노공학과,GEN4091,과학기술의철학적이해,2011/1 ~ 2027/2,유기나노공학과,ok
H0002256,H0002525,유기나노공학과,GEN5026,테크노경영학(스타트업종합설계),2013/1 ~ 2029/2,유기나노공학과,ok
H0002256,H0002525,유기나노공학과,GEN5029,커리어개발Ⅰ:취.창업진로로드맵,2011/1 ~ 2027/2,유기나노공학과,ok
H0002256,H0002525,유기나노공학과,GEN5100,커리어개발Ⅱ:취.창업진로포트폴리오,2015/1 ~ 2029/2,유기나노공학과,ok
H0002256,H0002525,유기나노공학과,GEN6032,전문학술영어,2012/1 ~ 2028/2,유기나노공학과,ok
H0002256,H0002525,유기나노공학과,GEN6044,한양사회봉사,2011/1 ~ 2014/2,유기나노공학과,ok
H0002256,H0002525,유기나노공학과,GEN6095,전공현장실습2,2013/1 ~ 2016/2,유기나노공학과,ok
H0002256,H0002525,유기나노공학과,HYP1017,유기나노공학HY-UP(실용연구실습)1,2026/1 ~ 2029/2,유기나노공학과,ok
H0002256,H0002525,유기나노공학과,HYP2015,유기나노공학HY-UP(실용연구실습)2,2026/1 ~ 2029/2,유기나노공학과,not_found
H0002256,H0002525,유기나노공학과,ICH2001,공업유기화학1,2012/1 ~ 2028/2,유기나노공학과,ok
H0002256,H0002525,유기나노공학과,ICH2002,공업유기화학2,2012/1 ~ 2028/2,유기나노공학과,ok
H0002256,H0002525,유기나노공학과,ICH4022,고분자재료,2013/1 ~ 2029/2,유기나노공학과,ok
H0002256,H0002525,유기나노공학과,ICH4024,전자재료디바이스,2014/1 ~ 2029/2,유기나노공학과,ok
H0002256,H0002525,유기나노공학과,ICH4025,고분자물리,2013/1 ~ 2017/2,유기나노공학과,ok
H0002256,H0002525,유기나노공학과,MAT2017,확률통계론,2012/1 ~ 2024/2,유기나노공학과,ok
H0002256,H0002525,유기나노공학과,MOL1001,고분자물성실험,2013/1 ~ 2023/2,유기나노공학과,ok
H0002256,H0002525,유기나노공학과,MOL3003,천연고분자재료,2013/1 ~ 2024/1,유기나노공학과,ok
H0002256,H0002525,유기나노공학과,MOL4002,고분자구조실험,2014/1 ~ 2026/2,유기나노공학과,not_found
H0002256,H0002525,유기나노공학과,ONE1001,재료과학과인공지능,2011/1 ~ 2028/2,유기나노공학과,ok
H0002256,H0002525,유기나노공학과,ONE1002,나노공정공학,2012/1 ~ 2029/2,유기나노공학과,ok
H0002256,H0002525,유기나노공학과,ONE2001,유기나노공학설계1(URIP),2012/1 ~ 2020/2,유기나노공학과,ok
H0002256,H0002525,유기나노공학과,ONE2002,유기나노공학설계2(URIP),2013/1 ~ 2021/2,유기나노공학과,ok
H0002256,H0002525,유기나노공학과,ONE3001,유기광학소재실험,2013/1 ~ 2030/2,유기나노공학과,ok
H0002256,H0002525,유기나노공학과,ONE3003,유기광학소재화학개론,2013/1 ~ 2017/2,유기나노공학과,ok
H0002256,H0002525,유기나노공학과,ONE3005,유기나노재료역학,2013/1 ~ 2022/2,유기나노공학과,ok
H0002256,H0002525,유기나노공학과,ONE3006,양자화학개론,2013/1 ~ 2025/2,유기나노공학과,ok
H0002256,H0002525,유기나노공학과,ONE3007,고분자화학실험,2013/1 ~ 2023/2,유기나노공학과,ok
H0002256,H0002525,유기나노공학과,ONE3008,연성소재,2015/1 ~ 2017/2,유기나노공학과,not_found
H0002256,H0002525,유기나노공학과,ONE3010,유기나노기기분석실험,2022/1 ~ 2029/2,유기나노공학과,ok
H0002256,H0002525,유기나노공학과,ONE4001,디스플레이유기광학소재응용,2014/1 ~ 2018/2,유기나노공학과,not_found
H0002256,H0002525,유기나노공학과,ONE4002,스마트유기나노소재,2014/1 ~ 2026/2,유기나노공학과,not_found
H0002256,H0002525,유기나노공학과,ONE4003,유기나노공학종합설계1,2014/1 ~ 2030/2,유기나노공학과,ok
H0002256,H0002525,유기나노공학과,ONE4004,유기나노공학종합설계2,2014/1 ~ 2030/2,유기나노공학과,ok
H0002256,H0002525,유기나노공학과,ONE4005,전공세미나(유기나노공학)URIP,2014/1 ~ 2030/2,유기나노공학과,ok
H0002256,H0002525,유기나노공학과,ONE4006,바이오응용나노공학,2014/1 ~ 2022/2,유기나노공학과,ok
H0002256,H0002525,유기나노공학과,ONE4007,고분자가공학,2014/1 ~ 2030/2,유기나노공학과,ok
H0002256,H0002525,유기나노공학과,ONE4008,나노분석,2014/1 ~ 2022/2,유기나노공학과,ok
H0002256,H0002525,유기나노공학과,ONE4009,유기나노복합체,2014/1 ~ 2018/2,유기나노공학과,not_found
H0002256,H0002525,유기나노공학과,ONE4010,유기나노재료고기능화및실험,2014/1 ~ 2018/2,유기나노공학과,not_found
H0002256,H0002525,유기나노공학과,ONE4011,유기전자소재나노공정,2014/1 ~ 2019/1,유기나노공학과,ok
H0002256,H0002525,유기나노공학과,ONE4012,유무기나노혼성공학,2014/1 ~ 2018/2,유기나노공학과,not_found
H0002256,H0002525,유기나노공학과,ONE4013,고분자혼성공학,2016/1 ~ 2021/2,유기나노공학과,ok
H0002256,H0002525,유기나노공학과,ONE4014,유기광학소재,2019/1 ~ 2030/2,유기나노공학과,not_found
H0002256,H0002525,유기나노공학과,ONE4015,AI융합분자시뮬레이션,2019/1 ~ 2029/2,유기나노공학과,ok
H0002256,H0002525,유기나노공학과,ONE4016,전자재료디바이스실험,2023/1 ~ 2023/2,유기나노공학과,not_found
H0002256,H0002525,유기나노공학과,ONE4017,유기나노공학세미나1,2023/1 ~ 2030/2,유기나노공학과,ok
H0002256,H0002525,유기나노공학과,ONE4018,유기나노공학실험2,2024/2 ~ 2030/2,유기나노공학과,ok
H0002256,H0002525,유기나노공학과,ONE4019,에너지공학,2024/2 ~ 2030/2,유기나노공학과,not_found
H0002256,H0002525,유기나노공학과,ONE4020,유기나노공학실험1,2025/1 ~ 2030/2,유기나노공학과,ok
H0002256,H0002525,유기나노공학과,SYH0001,사랑의실천1(한양나눔),2011/1 ~ 2027/2,유기나노공학과,ok
H0002256,H0002525,유기나노공학과,SYH0002,사랑의실천2(스마트커뮤니케이션),2012/1 ~ 2028/2,유기나노공학과,not_found
H0002256,H0002525,유기나노공학과,SYH0003,사랑의실천3(기업가정신),2013/1 ~ 2029/2,유기나노공학과,not_found
H0002256,H0002525,유기나노공학과,SYH0004,사랑의실천4(미래실용인재),2014/1 ~ 2030/2,유기나노공학과,ok
H0002256,H0002525,유기나노공학과,TEA3028,공업논리및논술,2013/1 ~ 2024/1,유기나노공학과,ok
H0002256,H0002525,유기나노공학과,TXE3016,유기광학분자설계,2013/1 ~ 2029/2,유기나노공학과,ok
H0002256,H0002525,유기나노공학과,TXE4019,재료유변학,2014/1 ~ 2030/2,유기나노공학과,ok
H0002256,H0002525,유기나노공학과,TXE4065,고분자구조,2014/1 ~ 2018/2,유기나노공학과,ok
H0002256,H0002525,유기나노공학과,TXE4066,고분자합성,2013/1 ~ 2025/2,유기나노공학과,ok
H0002256,H0002575,융합전자공학부,APA4055,인공지능개론,2019/1 ~ 2030/2,융합전자공학부,ok
H0002256,H0002575,융합전자공학부,BIO3038,생물공학,2010/1 ~ 2015/2,융합전자공학부,ok
H0002256,H0002575,융합전자공학부,COE1010,실용공학연구1,2012/1 ~ 2018/1,융합전자공학부,ok
H0002256,H0002575,융합전자공학부,COE1011,실용공학연구2,2012/1 ~ 2018/1,융합전자공학부,ok
H0002256,H0002575,융합전자공학부,COE2022,공학입문설계,2010/1 ~ 2023/2,융합전자공학부,ok
H0002256,H0002575,융합전자공학부,COE3051,공업수학1,2011/1 ~ 2028/2,융합전자공학부,ok
H0002256,H0002575,융합전자공학부,COE3052,공업수학2,2011/1 ~ 2028/2,융합전자공학부,ok
H0002256,H0002575,융합전자공학부,COM2018,객체지향프로그래밍,2014/1 ~ 2028/2,융합전자공학부,ok
H0002256,H0002575,융합전자공학부,CSE2010,자료구조론,2011/1 ~ 2028/2,융합전자공학부,ok
H0002256,H0002575,융합전자공학부,CSE2011,마이크로프로세서,2011/1 ~ 2028/2,융합전자공학부,ok
H0002256,H0002575,융합전자공학부,CUL0005,말과글,2010/1 ~ 2027/2,융합전자공학부,ok
H0002256,H0002575,융합전자공학부,CUL0201,상상과학성찰,2025/1 ~ 2027/2,융합전자공학부,ok
H0002256,H0002575,융합전자공학부,CUL0203,AI시대쓰기의힘,2025/1 ~ 2027/2,융합전자공학부,ok
H0002256,H0002575,융합전자공학부,CUL0205,Technology and AI: Utopia or Dystopia?,2025/1 ~ 2027/2,융합전자공학부,ok
H0002256,H0002575,융합전자공학부,CUL0207,미래지능연결,2026/1 ~ 2028/2,융합전자공학부,ok
H0002256,H0002575,융합전자공학부,ECC1004,회로이론1,2011/1 ~ 2025/2,융합전자공학부,ok
H0002256,H0002575,융합전자공학부,ECC1006,회로이론2,2011/1 ~ 2025/2,융합전자공학부,ok
H0002256,H0002575,융합전자공학부,ECE3004,응용전자기학및실험,2013/1 ~ 2029/2,융합전자공학부,ok
H0002256,H0002575,융합전자공학부,ECE3008,신호와시스템,2011/1 ~ 2028/2,융합전자공학부,ok
H0002256,H0002575,융합전자공학부,ECE4014,정보이론입문,2013/1 ~ 2030/2,융합전자공학부,ok
H0002256,H0002575,융합전자공학부,ECE4024,광전자공학,2012/1 ~ 2029/2,융합전자공학부,ok
H0002256,H0002575,융합전자공학부,ECE4058,디지털통신,2013/1 ~ 2030/2,융합전자공학부,ok
H0002256,H0002575,융합전자공학부,ECN1001,디지털논리설계,2010/1 ~ 2028/2,융합전자공학부,ok
H0002256,H0002575,융합전자공학부,ECN4004,무선통신공학,2013/1 ~ 2030/2,융합전자공학부,ok
H0002256,H0002575,융합전자공학부,ECR2001,확률변수론,2011/1 ~ 2016/2,융합전자공학부,ok
H0002256,H0002575,융합전자공학부,ECR4003,영상처리,2013/1 ~ 2030/2,융합전자공학부,ok
H0002256,H0002575,융합전자공학부,EIS1015,임베디드시스템설계,2013/1 ~ 2029/2,융합전자공학부,ok
H0002256,H0002575,융합전자공학부,ELE1003,전기회로이론,2026/1 ~ 2028/2,융합전자공학부,ok
H0002256,H0002575,융합전자공학부,ELE1008,C프로그래밍기법,2010/1 ~ 2015/2,융합전자공학부,ok
H0002256,H0002575,융합전자공학부,ELE1010,일반전자물리1,2016/1 ~ 2027/2,융합전자공학부,ok
H0002256,H0002575,융합전자공학부,ELE1011,일반전자물리2,2016/1 ~ 2027/2,융합전자공학부,ok
H0002256,H0002575,융합전자공학부,ELE3021,운영체제,2012/1 ~ 2029/2,융합전자공학부,ok
H0002256,H0002575,융합전자공학부,ELE3039,알고리즘,2012/1 ~ 2029/2,융합전자공학부,ok
H0002256,H0002575,융합전자공학부,ELE3040,모빌리티기술기초및산업동향,2024/2 ~ 2029/2,융합전자공학부,ok
H0002256,H0002575,융합전자공학부,ELE3067,집적회로소자,2012/1 ~ 2029/2,융합전자공학부,ok
H0002256,H0002575,융합전자공학부,ELE3074,전자회로1,2012/1 ~ 2029/2,융합전자공학부,ok
H0002256,H0002575,융합전자공학부,ELE3075,전자회로2,2012/1 ~ 2029/2,융합전자공학부,ok
H0002256,H0002575,융합전자공학부,ELE3076,디지털신호처리1,2012/1 ~ 2029/2,융합전자공학부,ok
H0002256,H0002575,융합전자공학부,ELE3077,디지털신호처리2,2012/1 ~ 2029/2,융합전자공학부,ok
H0002256,H0002575,융합전자공학부,ELE3079,제어시스템개론,2012/1 ~ 2029/2,융합전자공학부,ok
H0002256,H0002575,융합전자공학부,ELE3080,디스플레이설계및공정,2012/1 ~ 2030/2,융합전자공학부,ok
H0002256,H0002575,융합전자공학부,ELE3081,VLSI공학,2012/1 ~ 2029/2,융합전자공학부,ok
H0002256,H0002575,융합전자공학부,ELE3083,융합전자실용공학연구1,2018/2 ~ 2025/2,융합전자공학부,ok
H0002256,H0002575,융합전자공학부,ELE3084,융합전자실용공학연구2,2018/2 ~ 2025/2,융합전자공학부,ok
H0002256,H0002575,융합전자공학부,ELE3085,머신러닝개론,2022/1 ~ 2023/2,융합전자공학부,not_found
H0002256,H0002575,융합전자공학부,ELE4031,통신시스템,2012/1 ~ 2029/2,융합전자공학부,ok
H0002256,H0002575,융합전자공학부,ELE4033,마이크로파회로설계,2012/1 ~ 2029/2,융합전자공학부,ok
H0002256,H0002575,융합전자공학부,ELE4077,고체전자물리개론,2011/1 ~ 2028/2,융합전자공학부,ok
H0002256,H0002575,융합전자공학부,ELE4083,정보디스플레이공학개론,2012/1 ~ 2029/2,융합전자공학부,ok
H0002256,H0002575,융합전자공학부,ELE4084,디스플레이구동회로,2013/1 ~ 2030/2,융합전자공학부,ok
H0002256,H0002575,융합전자공학부,ELE4089,바이오전자공학개론,2013/1 ~ 2018/2,융합전자공학부,ok
H0002256,H0002575,융합전자공학부,ELE4090,자동차IT개론,2013/1 ~ 2018/2,융합전자공학부,ok
H0002256,H0002575,융합전자공학부,ELE4091,그린IT개론,2013/1 ~ 2018/2,융합전자공학부,ok
H0002256,H0002575,융합전자공학부,ELE4092,컴퓨터비전개론,2013/1 ~ 2030/2,융합전자공학부,ok
H0002256,H0002575,융합전자공학부,ELE4094,이동통신단말시스템설계,2013/1 ~ 2026/2,융합전자공학부,ok
H0002256,H0002575,융합전자공학부,ELE4096,고급자동차IT공학,2013/1 ~ 2018/2,융합전자공학부,ok
H0002256,H0002575,융합전자공학부,ELE4100,무선네트워크,2014/1 ~ 2030/2,융합전자공학부,ok
H0002256,H0002575,융합전자공학부,ELE4102,전파시스템,2019/1 ~ 2030/2,융합전자공학부,ok
H0002256,H0002575,융합전자공학부,ELE4103,인공지능플랫폼기초및실습,2023/1 ~ 2030/2,융합전자공학부,ok
H0002256,H0002575,융합전자공학부,ELE4105,캡스톤디자인:디지털설계,2022/2 ~ 2030/2,융합전자공학부,ok
H0002256,H0002575,융합전자공학부,ELE4106,캡스톤디자인:아날로그설계,2022/2 ~ 2030/2,융합전자공학부,ok
H0002256,H0002575,융합전자공학부,ELE4107,캡스톤디자인:반도체소자,2022/2 ~ 2030/2,융합전자공학부,ok
H0002256,H0002575,융합전자공학부,ELE5000,융합전자공학종합설계1,2013/1 ~ 2030/2,융합전자공학부,ok
H0002256,H0002575,융합전자공학부,ELE5001,융합전자공학종합설계2,2013/1 ~ 2030/2,융합전자공학부,ok
H0002256,H0002575,융합전자공학부,ELE5002,융합전자설계입문,2013/1 ~ 2028/2,융합전자공학부,ok
H0002256,H0002575,융합전자공학부,ENE1004,컴퓨터구조,2012/1 ~ 2029/2,융합전자공학부,ok
H0002256,H0002575,융합전자공학부,ENE2006,반도체회로공정,2013/1 ~ 2030/2,융합전자공학부,ok
H0002256,H0002575,융합전자공학부,ENE4019,컴퓨터네트워크,2012/1 ~ 2029/2,융합전자공학부,ok
H0002256,H0002575,융합전자공학부,ENE4029,반도체소자,2011/1 ~ 2028/2,융합전자공학부,ok
H0002256,H0002575,융합전자공학부,ENE4039,아날로그회로설계,2013/1 ~ 2030/2,융합전자공학부,ok
H0002256,H0002575,융합전자공학부,EWE4023,광통신,2013/1 ~ 2022/2,융합전자공학부,not_found
H0002256,H0002575,융합전자공학부,GEN0072,일반화학및실험,2016/1 ~ 2027/2,융합전자공학부,ok
H0002256,H0002575,융합전자공학부,GEN1012,일반화학,2010/1 ~ 2015/2,융합전자공학부,ok
H0002256,H0002575,융합전자공학부,GEN1014,일반물리학,2010/1 ~ 2015/2,융합전자공학부,ok
H0002256,H0002575,융합전자공학부,GEN1031,공학도를위한창의적컴퓨팅,2016/1 ~ 2027/2,융합전자공학부,ok
H0002256,H0002575,융합전자공학부,GEN2052,미분적분학1,2010/1 ~ 2027/2,융합전자공학부,ok
H0002256,H0002575,융합전자공학부,GEN2053,미분적분학2,2010/1 ~ 2027/2,융합전자공학부,ok
H0002256,H0002575,융합전자공학부,GEN3058,공업경제학,2013/1 ~ 2018/2,융합전자공학부,ok
H0002256,H0002575,융합전자공학부,GEN4091,과학기술의철학적이해,2010/1 ~ 2027/2,융합전자공학부,ok
H0002256,H0002575,융합전자공학부,GEN5026,테크노경영학(스타트업종합설계),2012/1 ~ 2029/2,융합전자공학부,ok
H0002256,H0002575,융합전자공학부,GEN5029,커리어개발Ⅰ:취.창업진로로드맵,2010/1 ~ 2027/2,융합전자공학부,ok
H0002256,H0002575,융합전자공학부,GEN5100,커리어개발Ⅱ:취.창업진로포트폴리오,2015/1 ~ 2029/2,융합전자공학부,ok
H0002256,H0002575,융합전자공학부,GEN6032,전문학술영어,2010/1 ~ 2027/2,융합전자공학부,ok
H0002256,H0002575,융합전자공학부,GEN6044,한양사회봉사,2010/1 ~ 2014/2,융합전자공학부,ok
H0002256,H0002575,융합전자공학부,GEN6061,특허실무,2013/1 ~ 2018/2,융합전자공학부,not_found
H0002256,H0002575,융합전자공학부,GEN6094,전공현장실습1,2014/1 ~ 2016/2,융합전자공학부,ok
H0002256,H0002575,융합전자공학부,GEN6095,전공현장실습2,2013/1 ~ 2016/2,융합전자공학부,ok
H0002256,H0002575,융합전자공학부,HYP1018,융합전자공학HY-UP(실용연구실습)1,2026/1 ~ 2029/2,융합전자공학부,not_found
H0002256,H0002575,융합전자공학부,HYP2016,융합전자공학HY-UP(실용연구실습)2,2026/1 ~ 2029/2,융합전자공학부,not_found
H0002256,H0002575,융합전자공학부,ITE3013,랜덤프로세스,2012/1 ~ 2029/2,융합전자공학부,ok
H0002256,H0002575,융합전자공학부,ITE4003,SOC설계,2013/1 ~ 2030/2,융합전자공학부,ok
H0002256,H0002575,융합전자공학부,MAT2003,선형대수,2012/1 ~ 2028/2,융합전자공학부,ok
H0002256,H0002575,융합전자공학부,MAT2017,확률통계론,2016/1 ~ 2028/2,융합전자공학부,ok
H0002256,H0002575,융합전자공학부,MAT3008,수치해석,2012/1 ~ 2025/2,융합전자공학부,ok
H0002256,H0002575,융합전자공학부,PBL4009,융합전자공학캡스톤PBL,2019/2 ~ 2030/2,융합전자공학부,ok
H0002256,H0002575,융합전자공학부,PHY2008,현대물리학,2010/1 ~ 2025/2,융합전자공학부,ok
H0002256,H0002575,융합전자공학부,PHY2013,전자기학,2011/1 ~ 2028/2,융합전자공학부,ok
H0002256,H0002575,융합전자공학부,PHY2014,전자장,2011/1 ~ 2028/2,융합전자공학부,ok
H0002256,H0002575,융합전자공학부,SYH0001,사랑의실천1(한양나눔),2011/1 ~ 2027/2,융합전자공학부,ok
H0002256,H0002575,융합전자공학부,SYH0002,사랑의실천2(스마트커뮤니케이션),2011/1 ~ 2028/2,융합전자공학부,not_found
H0002256,H0002575,융합전자공학부,SYH0003,사랑의실천3(기업가정신),2012/1 ~ 2029/2,융합전자공학부,not_found
H0002256,H0002575,융합전자공학부,SYH0004,사랑의실천4(미래실용인재),2013/1 ~ 2030/2,융합전자공학부,ok
H0002256,H0002575,융합전자공학부,TEA3028,공업논리및논술,2012/1 ~ 2014/2,융합전자공학부,ok
H0002256,H0002575,융합전자공학부,TEA5008,공업교과교육론,2011/1 ~ 2014/2,융합전자공학부,ok
H0002256,H0002575,융합전자공학부,TEA6008,공업교과교재연구및지도,2012/1 ~ 2015/2,융합전자공학부,ok
H0002256,H0002722,응용미술교육과,APA1001,기초디자인1,1989/1 ~ 2027/2,응용미술교육과(학부/서울),ok
H0002256,H0002722,응용미술교육과,APA1002,기초디자인2,1989/1 ~ 2021/2,응용미술교육과(학부/서울),ok
H0002256,H0002722,응용미술교육과,APA1011,기초회화,2005/1 ~ 2027/2,응용미술교육과(학부/서울),ok
H0002256,H0002722,응용미술교육과,APA1012,미술교육학원론1,2005/1 ~ 2027/2,응용미술교육과(학부/서울),ok
H0002256,H0002722,응용미술교육과,APA1014,서양미술사1,2010/1 ~ 2016/2,응용미술교육과(학부/서울),ok
H0002256,H0002722,응용미술교육과,APA1015,드로잉,2009/1 ~ 2027/2,응용미술교육과(학부/서울),ok
H0002256,H0002722,응용미술교육과,APA1016,타이포그래피,2013/1 ~ 2015/2,응용미술교육과(학부/서울),ok
H0002256,H0002722,응용미술교육과,APA2021,가상공간연구,2002/1 ~ 2029/2,응용미술교육과(학부/서울),ok
H0002256,H0002722,응용미술교육과,APA2023,미술치료법,2002/1 ~ 2016/2,응용미술교육과(학부/서울),ok
H0002256,H0002722,응용미술교육과,APA2024,영어프리젠테이션,2002/1 ~ 2016/2,응용미술교육과(학부/서울),ok
H0002256,H0002722,응용미술교육과,APA2026,게임환경연구2,2002/1 ~ 2017/2,응용미술교육과(학부/서울),ok
H0002256,H0002722,응용미술교육과,APA2030,문화예술콘텐츠,2010/1 ~ 2030/2,응용미술교육과(학부/서울),ok
H0002256,H0002722,응용미술교육과,APA2031,서양미술사2,2010/1 ~ 2029/2,응용미술교육과(학부/서울),ok
H0002256,H0002722,응용미술교육과,APA2032,섬유공예,2010/1 ~ 2016/2,응용미술교육과(학부/서울),ok
H0002256,H0002722,응용미술교육과,APA2033,환경도자,2010/1 ~ 2018/1,응용미술교육과(학부/서울),ok
H0002256,H0002722,응용미술교육과,APA2034,2D컴퓨터그래픽,2010/1 ~ 2027/2,응용미술교육과(학부/서울),ok
H0002256,H0002722,응용미술교육과,APA2035,입체오브제,2010/1 ~ 2020/2,응용미술교육과(학부/서울),ok
H0002256,H0002722,응용미술교육과,APA2036,경험디자인,2025/1 ~ 2028/2,응용미술교육과(학부/서울),ok
H0002256,H0002722,응용미술교육과,APA2056,미술교육원강,2006/1 ~ 2018/2,응용미술교육과(학부/서울),ok
H0002256,H0002722,응용미술교육과,APA2057,캐릭터도자,2006/1 ~ 2016/2,응용미술교육과(학부/서울),ok
H0002256,H0002722,응용미술교육과,APA2058,미술교육학원론2,2006/1 ~ 2028/2,응용미술교육과(학부/서울),ok
H0002256,H0002722,응용미술교육과,APA2059,문화예술콘텐츠2,2010/1 ~ 2017/2,응용미술교육과(학부/서울),ok
H0002256,H0002722,응용미술교육과,APA2060,캡스톤디자인미술교육,2012/1 ~ 2030/2,응용미술교육과(학부/서울),ok
H0002256,H0002722,응용미술교육과,APA2061,다문화미술교육,2010/1 ~ 2016/2,응용미술교육과(학부/서울),ok
H0002256,H0002722,응용미술교육과,APA2090,글로벌디자인실습,2018/2 ~ 2029/2,응용미술교육과(학부/서울),ok
H0002256,H0002722,응용미술교육과,APA2091,인터렉티브디자인,2021/1 ~ 2030/2,응용미술교육과(학부/서울),ok
H0002256,H0002722,응용미술교육과,APA2092,전시디자인,2021/1 ~ 2029/2,응용미술교육과(학부/서울),ok
H0002256,H0002722,응용미술교육과,APA3005,시각디자인1,1990/1 ~ 2028/2,응용미술교육과(학부/서울),ok
H0002256,H0002722,응용미술교육과,APA3006,시각디자인2,1990/1 ~ 2028/2,응용미술교육과(학부/서울),ok
H0002256,H0002722,응용미술교육과,APA3020,미술과교육론,1995/1 ~ 2029/2,응용미술교육과(학부/서울),ok
H0002256,H0002722,응용미술교육과,APA3021,미술과교재연구,1995/1 ~ 2029/2,응용미술교육과(학부/서울),ok
H0002256,H0002722,응용미술교육과,APA3024,웹디자인1,2003/1 ~ 2020/2,응용미술교육과(학부/서울),ok
H0002256,H0002722,응용미술교육과,APA3028,디지털일러스트레이션,2003/1 ~ 2017/2,응용미술교육과(학부/서울),ok
H0002256,H0002722,응용미술교육과,APA3029,웹디자인2,2003/1 ~ 2020/2,응용미술교육과(학부/서울),ok
H0002256,H0002722,응용미술교육과,APA3036,애니메이션,2011/1 ~ 2021/2,응용미술교육과(학부/서울),ok
H0002256,H0002722,응용미술교육과,APA3038,3D컴퓨터그래픽,2011/1 ~ 2029/2,응용미술교육과(학부/서울),ok
H0002256,H0002722,응용미술교육과,APA3039,동양미술사,2011/1 ~ 2030/2,응용미술교육과(학부/서울),ok
H0002256,H0002722,응용미술교육과,APA3053,도자공예연구,2003/1 ~ 2021/2,응용미술교육과(학부/서울),ok
H0002256,H0002722,응용미술교육과,APA3060,영상미디어제작,2007/1 ~ 2018/2,응용미술교육과(학부/서울),ok
H0002256,H0002722,응용미술교육과,APA3061,산업도자공예,2007/1 ~ 2017/2,응용미술교육과(학부/서울),ok
H0002256,H0002722,응용미술교육과,APA3062,멀티미디어미술교육,2007/1 ~ 2016/2,응용미술교육과(학부/서울),ok
H0002256,H0002722,응용미술교육과,APA3063,캡스톤디자인뉴미디어,2011/1 ~ 2029/2,응용미술교육과(학부/서울),ok
H0002256,H0002722,응용미술교육과,APA3064,미디어인터렉션디자인,2011/1 ~ 2030/2,응용미술교육과(학부/서울),ok
H0002256,H0002722,응용미술교육과,APA3065,디자인스튜디오,2011/1 ~ 2028/2,응용미술교육과(학부/서울),ok
H0002256,H0002722,응용미술교육과,APA3114,소셜디자인,2022/1 ~ 2029/2,응용미술교육과(학부/서울),ok
H0002256,H0002722,응용미술교육과,APA4023,포트폴리오작품제작,2004/1 ~ 2030/2,응용미술교육과(학부/서울),ok
H0002256,H0002722,응용미술교육과,APA4025,디자인포트폴리오실무,2004/1 ~ 2030/2,응용미술교육과(학부/서울),ok
H0002256,H0002722,응용미술교육과,APA4026,포트폴리오제작2,2004/1 ~ 2018/2,응용미술교육과(학부/서울),ok
H0002256,H0002722,응용미술교육과,APA4027,클레이메이션,2011/1 ~ 2017/2,응용미술교육과(학부/서울),ok
H0002256,H0002722,응용미술교육과,APA4028,미술과논리및논술,2012/1 ~ 2030/2,응용미술교육과(학부/서울),ok
H0002256,H0002722,응용미술교육과,APA4057,도예실기,2005/1 ~ 2029/2,응용미술교육과(학부/서울),ok
H0002256,H0002722,응용미술교육과,APA4058,도예실기2,2005/1 ~ 2022/2,응용미술교육과(학부/서울),ok
H0002256,H0002722,응용미술교육과,APA4090,3D시뮬레이션,2015/1 ~ 2026/2,응용미술교육과(학부/서울),ok
H0002256,H0002722,응용미술교육과,APA4091,캡스톤디자인산학협력,2016/1 ~ 2029/2,응용미술교육과(학부/서울),ok
H0002256,H0002722,응용미술교육과,APA4108,사회문제해결을위한Hands-onExperienceDesign,2021/2 ~ 2030/2,응용미술교육과(학부/서울),ok
H0002256,H0002722,응용미술교육과,APA4110,미술과현장수업연구,2024/2 ~ 2026/2,응용미술교육과(학부/서울),ok
H0002256,H0002722,응용미술교육과,CED1004,세계시민교육론,2016/1 ~ 2024/2,응용미술교육과(학부/서울),ok
H0002256,H0002722,응용미술교육과,CUL0005,말과글,1997/1 ~ 2027/2,응용미술교육과(학부/서울),ok
H0002256,H0002722,응용미술교육과,CUL0011,창의적컴퓨팅,2017/1 ~ 2027/2,응용미술교육과(학부/서울),ok
H0002256,H0002722,응용미술교육과,CUL0202,문화기술인간,2025/1 ~ 2027/2,응용미술교육과(학부/서울),ok
H0002256,H0002722,응용미술교육과,CUL0203,AI시대쓰기의힘,2025/1 ~ 2027/2,응용미술교육과(학부/서울),ok
H0002256,H0002722,응용미술교육과,CUL0206,Personal Branding in Digital Markets,2026/1 ~ 2028/2,응용미술교육과(학부/서울),ok
H0002256,H0002722,응용미술교육과,CUL0208,스토리텔링의설계와전략,2026/1 ~ 2028/2,응용미술교육과(학부/서울),ok
H0002256,H0002722,응용미술교육과,CUL1122,창의적프로그래밍,2023/1 ~ 2028/2,응용미술교육과(학부/서울),ok
H0002256,H0002722,응용미술교육과,CUL1138,인공지능과기계학습,2023/1 ~ 2028/2,응용미술교육과(학부/서울),ok
H0002256,H0002722,응용미술교육과,CUL2007,정보화사회,1997/1 ~ 2002/2,응용미술교육과(학부/서울),ok
H0002256,H0002722,응용미술교육과,CUL2018,교육의이해,1997/1 ~ 2008/2,응용미술교육과(학부/서울),ok
H0002256,H0002722,응용미술교육과,EDU1001,교육학개론,1989/1 ~ 2027/2,응용미술교육과(학부/서울),ok
H0002256,H0002722,응용미술교육과,EDU1002,교육심리학,1989/1 ~ 2027/2,응용미술교육과(학부/서울),ok
H0002256,H0002722,응용미술교육과,EDU1010,다문화사회와교육,2009/1 ~ 2015/2,응용미술교육과(학부/서울),ok
H0002256,H0002722,응용미술교육과,EDU1011,AI시대의미래교육,2025/1 ~ 2027/2,응용미술교육과(학부/서울),ok
H0002256,H0002722,응용미술교육과,EDU2003,교육사회학,1990/1 ~ 2027/2,응용미술교육과(학부/서울),ok
H0002256,H0002722,응용미술교육과,EDU2004,교육철학,1991/1 ~ 1994/2,응용미술교육과(학부/서울),ok
H0002256,H0002722,응용미술교육과,EDU2006,교육공학,1991/1 ~ 1994/2,응용미술교육과(학부/서울),ok
H0002256,H0002722,응용미술교육과,EDU2014,교육철학및교육사,1994/1 ~ 2027/2,응용미술교육과(학부/서울),ok
H0002256,H0002722,응용미술교육과,EDU2054,교사론,1996/1 ~ 1999/2,응용미술교육과(학부/서울),ok
H0002256,H0002722,응용미술교육과,EDU2061,생활지도및상담,2010/1 ~ 2028/2,응용미술교육과(학부/서울),ok
H0002256,H0002722,응용미술교육과,EDU2062,교육사회및평생교육,2009/1 ~ 2014/2,응용미술교육과(학부/서울),ok
H0002256,H0002722,응용미술교육과,EDU2064,교육연구방법론,2010/1 ~ 2014/2,응용미술교육과(학부/서울),ok
H0002256,H0002722,응용미술교육과,EDU2066,다문화교육의이론과실제,2010/1 ~ 2014/2,응용미술교육과(학부/서울),ok
H0002256,H0002722,응용미술교육과,EDU3001,교육사,1990/1 ~ 1993/2,응용미술교육과(학부/서울),ok
H0002256,H0002722,응용미술교육과,EDU3004,교육행정및정책,1992/1 ~ 1995/2,응용미술교육과(학부/서울),ok
H0002256,H0002722,응용미술교육과,EDU3016,교육과정및평가,1990/1 ~ 2014/2,응용미술교육과(학부/서울),ok
H0002256,H0002722,응용미술교육과,EDU3020,교육행정및경영,1996/1 ~ 2028/2,응용미술교육과(학부/서울),ok
H0002256,H0002722,응용미술교육과,EDU3034,교직실무,2011/1 ~ 2029/2,응용미술교육과(학부/서울),ok
H0002256,H0002722,응용미술교육과,EDU3036,디지털교육,2026/1 ~ 2029/2,응용미술교육과(학부/서울),not_found
H0002256,H0002722,응용미술교육과,EDU3041,교육봉사활동1,2011/1 ~ 2029/2,응용미술교육과(학부/서울),ok
H0002256,H0002722,응용미술교육과,EDU3042,교육봉사활동2,2011/1 ~ 2029/2,응용미술교육과(학부/서울),ok
H0002256,H0002722,응용미술교육과,EDU3071,특수교육학개론,2011/1 ~ 2029/2,응용미술교육과(학부/서울),ok
H0002256,H0002722,응용미술교육과,EDU3078,교육과정론,2015/1 ~ 2028/2,응용미술교육과(학부/서울),ok
H0002256,H0002722,응용미술교육과,EDU3079,교육평가론,2015/1 ~ 2028/2,응용미술교육과(학부/서울),ok
H0002256,H0002722,응용미술교육과,EDU3080,학교폭력예방및학생의이해,2015/1 ~ 2029/2,응용미술교육과(학부/서울),ok
H0002256,H0002722,응용미술교육과,EDU4003,교육실습,1992/1 ~ 2030/2,응용미술교육과(학부/서울),ok
H0002256,H0002722,응용미술교육과,EDU4019,교육방법및공학,1995/1 ~ 2028/2,응용미술교육과(학부/서울),ok
H0002256,H0002722,응용미술교육과,FAE2004,서양미술사,1990/1 ~ 2028/2,응용미술교육과(학부/서울),ok
H0002256,H0002722,응용미술교육과,FAE2007,입체구성,1989/1 ~ 2027/2,응용미술교육과(학부/서울),ok
H0002256,H0002722,응용미술교육과,FAE4014,현대미술사,2008/1 ~ 2018/2,응용미술교육과(학부/서울),ok
H0002256,H0002722,응용미술교육과,GEN1002,전공영어,1990/1 ~ 2001/2,응용미술교육과(학부/서울),ok
H0002256,H0002722,응용미술교육과,GEN4091,과학기술의철학적이해,2005/1 ~ 2027/2,응용미술교육과(학부/서울),ok
H0002256,H0002722,응용미술교육과,GEN5029,커리어개발Ⅰ:취.창업진로로드맵,2005/1 ~ 2027/2,응용미술교육과(학부/서울),ok
H0002256,H0002722,응용미술교육과,GEN5100,커리어개발Ⅱ:취.창업진로포트폴리오,2015/1 ~ 2029/2,응용미술교육과(학부/서울),ok
H0002256,H0002722,응용미술교육과,GEN6032,전문학술영어,2010/1 ~ 2028/2,응용미술교육과(학부/서울),ok
H0002256,H0002722,응용미술교육과,GEN6044,한양사회봉사,2009/1 ~ 2014/2,응용미술교육과(학부/서울),ok
H0002256,H0002722,응용미술교육과,I-D2004,포토그래피,1990/1 ~ 2028/2,응용미술교육과(학부/서울),ok
H0002256,H0002722,응용미술교육과,I-D3001,디자인사,2008/1 ~ 2017/2,응용미술교육과(학부/서울),ok
H0002256,H0002722,응용미술교육과,I-D3011,환경디자인1,1996/1 ~ 2021/2,응용미술교육과(학부/서울),ok
H0002256,H0002722,응용미술교육과,I-D3012,환경디자인2,1996/1 ~ 2018/2,응용미술교육과(학부/서울),ok
H0002256,H0002722,응용미술교육과,I-D3015,일러스트레이션1,1999/1 ~ 2028/2,응용미술교육과(학부/서울),ok
H0002256,H0002722,응용미술교육과,I-D3016,일러스트레이션2,1999/1 ~ 2016/2,응용미술교육과(학부/서울),ok
H0002256,H0002722,응용미술교육과,I-D4025,영상디자인1,2000/1 ~ 2028/2,응용미술교육과(학부/서울),ok
H0002256,H0002722,응용미술교육과,I-D4026,영상디자인2,2000/1 ~ 2017/2,응용미술교육과(학부/서울),ok
H0002256,H0002722,응용미술교육과,KLE1005,현대교육과한문,2005/1 ~ 2015/2,응용미술교육과(학부/서울),ok
H0002256,H0002722,응용미술교육과,PBL4011,응용미술교육캡스톤PBL,2019/2 ~ 2030/2,응용미술교육과(학부/서울),ok
H0002256,H0002722,응용미술교육과,SYH0001,사랑의실천1(한양나눔),2007/1 ~ 2027/2,응용미술교육과(학부/서울),ok
H0002256,H0002722,응용미술교육과,SYH0002,사랑의실천2(스마트커뮤니케이션),2008/1 ~ 2028/2,응용미술교육과(학부/서울),not_found
H0002256,H0002722,응용미술교육과,SYH0003,사랑의실천3(기업가정신),2011/1 ~ 2029/2,응용미술교육과(학부/서울),not_found
H0002256,H0002722,응용미술교육과,SYH0004,사랑의실천4(미래실용인재),2012/1 ~ 2030/2,응용미술교육과(학부/서울),ok
H0002256,H0003960,응용시스템전공,APS2001,확률및통계1,2014/1 ~ 2028/2,응용시스템전공,ok
H0002256,H0003960,응용시스템전공,APS2002,기술경영입문,2014/1 ~ 2028/2,응용시스템전공,ok
H0002256,H0003960,응용시스템전공,APS2003,경제성공학론,2014/1 ~ 2028/2,응용시스템전공,ok
H0002256,H0003960,응용시스템전공,APS2004,인간심리와경험,2014/1 ~ 2016/2,응용시스템전공,ok
H0002256,H0003960,응용시스템전공,APS2005,확률및통계2,2014/1 ~ 2028/2,응용시스템전공,ok
H0002256,H0003960,응용시스템전공,APS2006,공업경제학2,2014/1 ~ 2020/2,응용시스템전공,ok
H0002256,H0003960,응용시스템전공,APS2007,정보시각화,2014/1 ~ 2016/2,응용시스템전공,ok
H0002256,H0003960,응용시스템전공,APS2008,경제학개론,2015/2 ~ 2028/2,응용시스템전공,ok
H0002256,H0003960,응용시스템전공,APS2009,마케팅입문,2015/2 ~ 2020/2,응용시스템전공,ok
H0002256,H0003960,응용시스템전공,APS2010,사회기술시스템,2018/2 ~ 2028/2,응용시스템전공,not_found
H0002256,H0003960,응용시스템전공,APS2011,마케팅원리,2025/1 ~ 2028/2,응용시스템전공,not_found
H0002256,H0003960,응용시스템전공,APS3001,수리최적화,2015/1 ~ 2029/2,응용시스템전공,ok
H0002256,H0003960,응용시스템전공,APS3002,생산운영관리론,2015/1 ~ 2029/2,응용시스템전공,ok
H0002256,H0003960,응용시스템전공,APS3003,디자인혁신경영,2015/1 ~ 2017/2,응용시스템전공,ok
H0002256,H0003960,응용시스템전공,APS3004,데이터마이닝1,2015/1 ~ 2017/2,응용시스템전공,not_found
H0002256,H0003960,응용시스템전공,APS3005,기술혁신전략,2015/1 ~ 2028/2,응용시스템전공,ok
H0002256,H0003960,응용시스템전공,APS3007,시계열및인공지능예측,2015/1 ~ 2029/2,응용시스템전공,ok
H0002256,H0003960,응용시스템전공,APS3008,생산운영관리2,2015/1 ~ 2021/2,응용시스템전공,not_found
H0002256,H0003960,응용시스템전공,APS3009,인간중심디자인,2015/1 ~ 2017/2,응용시스템전공,not_found
H0002256,H0003960,응용시스템전공,APS3010,데이터마이닝2,2015/1 ~ 2017/2,응용시스템전공,not_found
H0002256,H0003960,응용시스템전공,APS3011,회계학원론,2016/1 ~ 2028/2,응용시스템전공,ok
H0002256,H0003960,응용시스템전공,APS3013,서비스경영,2015/1 ~ 2030/2,응용시스템전공,ok
H0002256,H0003960,응용시스템전공,APS3014,프로세스매니지먼트,2015/1 ~ 2021/2,응용시스템전공,ok
H0002256,H0003960,응용시스템전공,APS3015,품질경영,2015/1 ~ 2030/2,응용시스템전공,ok
H0002256,H0003960,응용시스템전공,APS3016,전략경영,2015/2 ~ 2029/2,응용시스템전공,ok
H0002256,H0003960,응용시스템전공,APS3017,e-비즈니스,2015/2 ~ 2021/2,응용시스템전공,ok
H0002256,H0003960,응용시스템전공,APS3019,하이테크마케팅,2016/1 ~ 2029/2,응용시스템전공,ok
H0002256,H0003960,응용시스템전공,APS3020,사이버물리시스템(캡스톤디자인),2019/1 ~ 2021/2,응용시스템전공,ok
H0002256,H0003960,응용시스템전공,APS3021,기술사업화,2022/1 ~ 2029/2,응용시스템전공,ok
H0002256,H0003960,응용시스템전공,APS3022,지속가능경영시스템,2023/2 ~ 2029/2,응용시스템전공,not_found
H0002256,H0003960,응용시스템전공,APS3023,기술금융,2026/1 ~ 2029/2,응용시스템전공,not_found
H0002256,H0003960,응용시스템전공,APS4001,실험및시험방법론,2016/1 ~ 2022/2,응용시스템전공,not_found
H0002256,H0003960,응용시스템전공,APS4002,공급망관리,2016/1 ~ 2029/2,응용시스템전공,not_found
H0002256,H0003960,응용시스템전공,APS4003,ERP실무,2016/1 ~ 2022/2,응용시스템전공,not_found
H0002256,H0003960,응용시스템전공,APS4004,컴퓨터통합제조,2016/1 ~ 2018/2,응용시스템전공,not_found
H0002256,H0003960,응용시스템전공,APS4005,산업융합세미나,2016/1 ~ 2026/2,응용시스템전공,not_found
H0002256,H0003960,응용시스템전공,APS4006,경영공학창의설계,2016/1 ~ 2030/2,응용시스템전공,ok
H0002256,H0003960,응용시스템전공,APS4007,실험및시험방법론2,2016/1 ~ 2018/2,응용시스템전공,not_found
H0002256,H0003960,응용시스템전공,APS4008,프로젝트관리론,2016/1 ~ 2030/2,응용시스템전공,not_found
H0002256,H0003960,응용시스템전공,APS4011,응용시스템세미나2,2016/1 ~ 2018/2,응용시스템전공,not_found
H0002256,H0003960,응용시스템전공,APS4012,경영공학종합설계,2016/1 ~ 2030/2,응용시스템전공,not_found
H0002256,H0003960,응용시스템전공,APS4013,의사결정론,2016/1 ~ 2022/2,응용시스템전공,not_found
H0002256,H0003960,응용시스템전공,APS4014,경영시뮬레이션,2016/1 ~ 2022/2,응용시스템전공,not_found
H0002256,H0003960,응용시스템전공,APS4015,제조혁신,2016/1 ~ 2022/2,응용시스템전공,not_found
H0002256,H0003960,응용시스템전공,APS4016,사회혁신의이해,2018/1 ~ 2026/2,응용시스템전공,ok
H0002256,H0003960,응용시스템전공,APS4017,하이브리드프로토타이핑,2018/1 ~ 2022/2,응용시스템전공,not_found
H0002256,H0003960,응용시스템전공,APS4019,글로벌혁신시스템,2019/1 ~ 2029/2,응용시스템전공,not_found
H0002256,H0003960,응용시스템전공,APS4020,지식재산경영,2023/1 ~ 2029/2,응용시스템전공,ok
H0002256,H0003960,응용시스템전공,APS4021,산업문제해결컨설팅,2022/1 ~ 2030/2,응용시스템전공,not_found
H0002256,H0003960,응용시스템전공,APS4022,비즈니스모델디자인,2023/1 ~ 2030/2,응용시스템전공,ok
H0002256,H0003960,응용시스템전공,BUS2055,경영정보시스템,2016/1 ~ 2017/2,응용시스템전공,not_found
H0002256,H0003960,응용시스템전공,CSE3010,데이터베이스,2016/1 ~ 2018/2,응용시스템전공,not_found
H0002256,H0003960,응용시스템전공,CUL1138,인공지능과기계학습,2023/1 ~ 2028/2,응용시스템전공,ok
H0002256,H0003960,응용시스템전공,GEN1100,공학도를위한창의적프로그래밍,2023/1 ~ 2028/2,응용시스템전공,ok
H0002256,H0003960,응용시스템전공,GEN5026,테크노경영학(스타트업종합설계),2014/1 ~ 2016/1,응용시스템전공,ok
H0002256,H0003960,응용시스템전공,GEN5100,커리어개발Ⅱ:취.창업진로포트폴리오,2015/1 ~ 2029/2,응용시스템전공,ok
H0002256,H0003960,응용시스템전공,I-D3027,제품디자인,2016/1 ~ 2018/2,응용시스템전공,not_found
H0002256,H0003960,응용시스템전공,IDC2001,경영학입문,2016/1 ~ 2028/2,응용시스템전공,ok
H0002256,H0003960,응용시스템전공,IDC2002,정보융합심리학,2017/1 ~ 2018/1,응용시스템전공,not_found
H0002256,H0003960,응용시스템전공,IDC4001,CEO특강,2016/1 ~ 2022/2,응용시스템전공,not_found
H0002256,H0003960,응용시스템전공,INE4004,실험계획법,2018/1 ~ 2022/2,응용시스템전공,ok
H0002256,H0003960,응용시스템전공,INE4005,작업관리,2014/1 ~ 2020/2,응용시스템전공,ok
H0002256,H0003960,응용시스템전공,INE4023,물류관리,2018/1 ~ 2021/2,응용시스템전공,ok
H0002256,H0003960,응용시스템전공,ITC3001,고객경험관리,2021/1 ~ 2029/2,응용시스템전공,not_found
H0002256,H0003960,응용시스템전공,ITC4001,기업가정신과창업,2016/1 ~ 2026/2,응용시스템전공,not_found
H0002256,H0003960,응용시스템전공,ITC4008,지식공학,2016/1 ~ 2018/2,응용시스템전공,not_found
H0002256,H0003960,응용시스템전공,ITC4011,산업사물인터넷(캡스톤디자인),2022/1 ~ 2025/2,응용시스템전공,not_found
H0002256,H0003960,응용시스템전공,ITE4012,신제품개발,2015/1 ~ 2030/2,응용시스템전공,ok
H0002256,H0003960,응용시스템전공,ITE4018,시스템분석및설계,2016/1 ~ 2018/2,응용시스템전공,not_found
H0002256,H0003960,응용시스템전공,SYH0002,사랑의실천2(스마트커뮤니케이션),2014/1 ~ 2028/2,응용시스템전공,not_found
H0002256,H0003960,응용시스템전공,SYH0003,사랑의실천3(기업가정신),2015/1 ~ 2029/2,응용시스템전공,not_found
H0002256,H0003960,응용시스템전공,SYH0004,사랑의실천4(미래실용인재),2016/1 ~ 2030/2,응용시스템전공,ok
H0002256,H0003579,응용시스템학과,APS1001,시스템공학개론,2013/1 ~ 2015/2,응용시스템학과,ok
H0002256,H0003579,응용시스템학과,APS1002,대학수학,2013/1 ~ 2015/2,응용시스템학과,ok
H0002256,H0003579,응용시스템학과,APS1003,논리적사고와말하기,2013/1 ~ 2015/2,응용시스템학과,ok
H0002256,H0003579,응용시스템학과,APS1004,학술기초영어회화,2013/1 ~ 2015/2,응용시스템학과,ok
H0002256,H0003579,응용시스템학과,APS1005,대학수학2,2013/1 ~ 2015/2,응용시스템학과,ok
H0002256,H0003579,응용시스템학과,APS1006,창조적사고와글쓰기,2013/1 ~ 2015/2,응용시스템학과,ok
H0002256,H0003579,응용시스템학과,APS1007,영어토론과발표,2013/1 ~ 2015/2,응용시스템학과,ok
H0002256,H0003579,응용시스템학과,APS1008,과학기술의철학적탐색,2013/1 ~ 2015/2,응용시스템학과,ok
H0002256,H0003579,응용시스템학과,APS2001,확률및통계1,2014/1 ~ 2016/2,응용시스템학과,ok
H0002256,H0003579,응용시스템학과,APS2002,기술경영입문,2014/1 ~ 2016/2,응용시스템학과,ok
H0002256,H0003579,응용시스템학과,APS2003,경제성공학론,2014/1 ~ 2016/2,응용시스템학과,ok
H0002256,H0003579,응용시스템학과,APS2004,인간심리와경험,2014/1 ~ 2016/2,응용시스템학과,ok
H0002256,H0003579,응용시스템학과,APS2005,확률및통계2,2014/1 ~ 2016/2,응용시스템학과,ok
H0002256,H0003579,응용시스템학과,APS2006,공업경제학2,2014/1 ~ 2016/2,응용시스템학과,ok
H0002256,H0003579,응용시스템학과,APS2007,정보시각화,2014/1 ~ 2016/2,응용시스템학과,ok
H0002256,H0003579,응용시스템학과,APS2008,경제학개론,2015/2 ~ 2016/2,응용시스템학과,ok
H0002256,H0003579,응용시스템학과,APS2009,마케팅입문,2015/2 ~ 2016/2,응용시스템학과,ok
H0002256,H0003579,응용시스템학과,APS3001,수리최적화,2015/1 ~ 2017/2,응용시스템학과,ok
H0002256,H0003579,응용시스템학과,APS3002,생산운영관리론,2015/1 ~ 2017/2,응용시스템학과,ok
H0002256,H0003579,응용시스템학과,APS3003,디자인혁신경영,2015/1 ~ 2017/2,응용시스템학과,ok
H0002256,H0003579,응용시스템학과,APS3004,데이터마이닝1,2015/1 ~ 2017/2,응용시스템학과,not_found
H0002256,H0003579,응용시스템학과,APS3005,기술혁신전략,2015/1 ~ 2017/2,응용시스템학과,ok
H0002256,H0003579,응용시스템학과,APS3007,시계열및인공지능예측,2015/1 ~ 2017/2,응용시스템학과,ok
H0002256,H0003579,응용시스템학과,APS3008,생산운영관리2,2015/1 ~ 2017/2,응용시스템학과,not_found
H0002256,H0003579,응용시스템학과,APS3009,인간중심디자인,2015/1 ~ 2017/2,응용시스템학과,not_found
H0002256,H0003579,응용시스템학과,APS3010,데이터마이닝2,2015/1 ~ 2017/2,응용시스템학과,not_found
H0002256,H0003579,응용시스템학과,APS3011,회계학원론,2015/1 ~ 2017/2,응용시스템학과,ok
H0002256,H0003579,응용시스템학과,APS3013,서비스경영,2015/1 ~ 2017/2,응용시스템학과,ok
H0002256,H0003579,응용시스템학과,APS3014,프로세스매니지먼트,2015/1 ~ 2017/2,응용시스템학과,ok
H0002256,H0003579,응용시스템학과,APS3015,품질경영,2015/1 ~ 2017/2,응용시스템학과,ok
H0002256,H0003579,응용시스템학과,APS3016,전략경영,2015/2 ~ 2017/2,응용시스템학과,ok
H0002256,H0003579,응용시스템학과,APS3017,e-비즈니스,2015/2 ~ 2017/2,응용시스템학과,ok
H0002256,H0003579,응용시스템학과,APS4001,실험및시험방법론,2016/1 ~ 2018/2,응용시스템학과,not_found
H0002256,H0003579,응용시스템학과,APS4002,공급망관리,2016/1 ~ 2018/2,응용시스템학과,not_found
H0002256,H0003579,응용시스템학과,APS4003,ERP실무,2016/1 ~ 2018/2,응용시스템학과,not_found
H0002256,H0003579,응용시스템학과,APS4004,컴퓨터통합제조,2016/1 ~ 2018/2,응용시스템학과,not_found
H0002256,H0003579,응용시스템학과,APS4005,산업융합세미나,2016/1 ~ 2018/2,응용시스템학과,not_found
H0002256,H0003579,응용시스템학과,APS4006,경영공학창의설계,2016/1 ~ 2018/2,응용시스템학과,ok
H0002256,H0003579,응용시스템학과,APS4007,실험및시험방법론2,2016/1 ~ 2018/2,응용시스템학과,not_found
H0002256,H0003579,응용시스템학과,APS4008,프로젝트관리론,2016/1 ~ 2018/2,응용시스템학과,not_found
H0002256,H0003579,응용시스템학과,APS4011,응용시스템세미나2,2016/1 ~ 2018/2,응용시스템학과,not_found
H0002256,H0003579,응용시스템학과,APS4012,경영공학종합설계,2016/1 ~ 2018/2,응용시스템학과,not_found
H0002256,H0003579,응용시스템학과,APS4013,의사결정론,2016/1 ~ 2018/2,응용시스템학과,not_found
H0002256,H0003579,응용시스템학과,BUS4005,경영정보시스템,2016/1 ~ 2018/2,응용시스템학과,ok
H0002256,H0003579,응용시스템학과,CSE3010,데이터베이스,2016/1 ~ 2018/2,응용시스템학과,not_found
H0002256,H0003579,응용시스템학과,GEN1031,공학도를위한창의적컴퓨팅,2013/1 ~ 2015/2,응용시스템학과,ok
H0002256,H0003579,응용시스템학과,GEN5026,테크노경영학(스타트업종합설계),2014/1 ~ 2016/2,응용시스템학과,ok
H0002256,H0003579,응용시스템학과,GEN5029,커리어개발Ⅰ:취.창업진로로드맵,2013/1 ~ 2015/2,응용시스템학과,ok
H0002256,H0003579,응용시스템학과,GEN5100,커리어개발Ⅱ:취.창업진로포트폴리오,2015/1 ~ 2017/2,응용시스템학과,ok
H0002256,H0003579,응용시스템학과,INE4005,작업관리,2014/1 ~ 2016/2,응용시스템학과,ok
H0002256,H0003579,응용시스템학과,ITE4012,신제품개발,2015/1 ~ 2017/2,응용시스템학과,ok
H0002256,H0003579,응용시스템학과,ITE4018,시스템분석및설계,2016/1 ~ 2018/2,응용시스템학과,not_found
H0002256,H0003579,응용시스템학과,SYH0001,사랑의실천1(한양나눔),2013/1 ~ 2015/2,응용시스템학과,ok
H0002256,H0003579,응용시스템학과,SYH0002,사랑의실천2(스마트커뮤니케이션),2014/1 ~ 2016/2,응용시스템학과,not_found
H0002256,H0003579,응용시스템학과,SYH0003,사랑의실천3(기업가정신),2015/1 ~ 2017/2,응용시스템학과,not_found
H0002256,H0003579,응용시스템학과,SYH0004,사랑의실천4(미래실용인재),2016/1 ~ 2018/2,응용시스템학과,ok
H0002256,H0003583,의류학과,C-T1005,패션과색채,2013/1 ~ 2025/2,의류학과,ok
H0002256,H0003583,의류학과,C-T2013,패션디자인드로잉,2013/1 ~ 2028/2,의류학과,ok
H0002256,H0003583,의류학과,C-T2014,패션드로잉2,2013/1 ~ 2016/2,의류학과,ok
H0002256,H0003583,의류학과,C-T2020,패턴메이킹,2013/1 ~ 2028/2,의류학과,ok
H0002256,H0003583,의류학과,C-T2021,의복재료,2013/1 ~ 2028/2,의류학과,ok
H0002256,H0003583,의류학과,C-T2022,염색가공과신소재,2013/1 ~ 2028/2,의류학과,ok
H0002256,H0003583,의류학과,C-T2023,디자인문화와패션,2013/1 ~ 2028/2,의류학과,ok
H0002256,H0003583,의류학과,C-T2024,패턴메이킹2,2013/1 ~ 2016/2,의류학과,ok
H0002256,H0003583,의류학과,C-T2025,기초의복구성,2013/1 ~ 2028/2,의류학과,ok
H0002256,H0003583,의류학과,C-T2026,의류학전공용어,2013/1 ~ 2016/2,의류학과,ok
H0002256,H0003583,의류학과,C-T3001,서양복식사,2013/1 ~ 2028/2,의류학과,ok
H0002256,H0003583,의류학과,C-T3025,한국복식사,2013/1 ~ 2017/2,의류학과,ok
H0002256,H0003583,의류학과,C-T3027,의복구성,2013/1 ~ 2029/2,의류학과,ok
H0002256,H0003583,의류학과,C-T3028,의복제작실무,2013/1 ~ 2021/2,의류학과,ok
H0002256,H0003583,의류학과,C-T3029,드레이핑,2013/1 ~ 2028/2,의류학과,ok
H0002256,H0003583,의류학과,C-T3030,드레이핑2,2013/1 ~ 2017/2,의류학과,ok
H0002256,H0003583,의류학과,C-T3033,한국전통복식,2013/1 ~ 2029/2,의류학과,ok
H0002256,H0003583,의류학과,C-T3034,패션디자인스튜디오,2013/1 ~ 2029/2,의류학과,ok
H0002256,H0003583,의류학과,C-T3035,의류소재기획,2013/1 ~ 2029/2,의류학과,ok
H0002256,H0003583,의류학과,C-T3036,패션디자인스튜디오2,2013/1 ~ 2029/2,의류학과,ok
H0002256,H0003583,의류학과,C-T3037,패션사회심리,2013/1 ~ 2028/2,의류학과,ok
H0002256,H0003583,의류학과,C-T3038,의류산업세미나,2013/1 ~ 2026/2,의류학과,ok
H0002256,H0003583,의류학과,C-T3041,남성복구성,2013/1 ~ 2017/2,의류학과,ok
H0002256,H0003583,의류학과,C-T3043,의류캡스톤디자인,2013/1 ~ 2022/2,의류학과,ok
H0002256,H0003583,의류학과,C-T3044,테크니컬디자인,2015/1 ~ 2029/2,의류학과,ok
H0002256,H0003583,의류학과,C-T3045,디지털패션콘텐츠개발,2019/2 ~ 2029/2,의류학과,ok
H0002256,H0003583,의류학과,C-T3046,버츄얼패션콘텐츠개발,2020/1 ~ 2030/2,의류학과,ok
H0002256,H0003583,의류학과,C-T3047,의류학과연구실현장실습1,2021/1 ~ 2025/2,의류학과,ok
H0002256,H0003583,의류학과,C-T3048,지능형텍스타일소재,2022/1 ~ 2029/2,의류학과,ok
H0002256,H0003583,의류학과,C-T3049,스마트휴먼테크의류,2022/1 ~ 2029/2,의류학과,ok
H0002256,H0003583,의류학과,C-T3050,패션리테일어낼리틱스,2021/2 ~ 2029/2,의류학과,ok
H0002256,H0003583,의류학과,C-T3051,비주얼커뮤니케이션&머천다이징,2022/1 ~ 2029/2,의류학과,ok
H0002256,H0003583,의류학과,C-T4024,패션마케팅과브랜딩,2013/1 ~ 2028/2,의류학과,ok
H0002256,H0003583,의류학과,C-T4025,의복과환경,2013/1 ~ 2030/2,의류학과,ok
H0002256,H0003583,의류학과,C-T4031,패션문화데이터마이닝연구(종합설계),2013/1 ~ 2030/2,의류학과,ok
H0002256,H0003583,의류학과,C-T4032,캡스톤디자인스튜디오,2013/1 ~ 2030/2,의류학과,ok
H0002256,H0003583,의류학과,C-T4033,패션유통론,2013/1 ~ 2029/2,의류학과,ok
H0002256,H0003583,의류학과,C-T4034,의류제품분석및평가,2013/1 ~ 2029/2,의류학과,ok
H0002256,H0003583,의류학과,C-T4035,의류업체인턴쉽,2013/1 ~ 2022/2,의류학과,ok
H0002256,H0003583,의류학과,C-T4036,글로벌패션산업,2013/1 ~ 2029/2,의류학과,ok
H0002256,H0003583,의류학과,C-T4037,패션과미디어,2016/2 ~ 2030/2,의류학과,ok
H0002256,H0003583,의류학과,C-T4038,의류프로젝트,2016/1 ~ 2026/2,의류학과,ok
H0002256,H0003583,의류학과,C-T4039,패션과테크놀로지,2019/2 ~ 2025/2,의류학과,not_found
H0002256,H0003583,의류학과,C-T4040,패션창업,2016/2 ~ 2022/2,의류학과,ok
H0002256,H0003583,의류학과,C-T4042,의류학과연구실현장실습4,2021/2 ~ 2026/2,의류학과,ok
H0002256,H0003583,의류학과,C-T4043,패션미디어와스토리텔링,2026/1 ~ 2030/2,의류학과,ok
H0002256,H0003583,의류학과,C-T4044,패션스마트팩토리인공지능,2027/1 ~ 2030/2,의류학과,not_found
H0002256,H0003583,의류학과,CUL0005,말과글,2013/1 ~ 2027/2,의류학과,ok
H0002256,H0003583,의류학과,CUL0011,창의적컴퓨팅,2017/1 ~ 2027/2,의류학과,ok
H0002256,H0003583,의류학과,CUL0202,문화기술인간,2025/1 ~ 2027/2,의류학과,ok
H0002256,H0003583,의류학과,CUL0204,통합사고와읽기의기술,2025/1 ~ 2027/2,의류학과,ok
H0002256,H0003583,의류학과,CUL0206,Personal Branding in Digital Markets,2026/1 ~ 2028/2,의류학과,ok
H0002256,H0003583,의류학과,CUL0208,스토리텔링의설계와전략,2026/1 ~ 2028/2,의류학과,ok
H0002256,H0003583,의류학과,CUL1122,창의적프로그래밍,2023/1 ~ 2028/2,의류학과,ok
H0002256,H0003583,의류학과,CUL1138,인공지능과기계학습,2023/1 ~ 2028/2,의류학과,ok
H0002256,H0003583,의류학과,EDU3063,가정과교육론,2013/1 ~ 2022/2,의류학과,ok
H0002256,H0003583,의류학과,GEN3041,초급중국어1,2016/1 ~ 2027/2,의류학과,ok
H0002256,H0003583,의류학과,GEN4091,과학기술의철학적이해,2013/1 ~ 2027/2,의류학과,ok
H0002256,H0003583,의류학과,GEN5029,커리어개발Ⅰ:취.창업진로로드맵,2013/1 ~ 2027/2,의류학과,ok
H0002256,H0003583,의류학과,GEN5100,커리어개발Ⅱ:취.창업진로포트폴리오,2015/1 ~ 2029/2,의류학과,ok
H0002256,H0003583,의류학과,GEN6032,전문학술영어,2013/1 ~ 2028/2,의류학과,ok
H0002256,H0003583,의류학과,GEN6044,한양사회봉사,2013/1 ~ 2014/2,의류학과,ok
H0002256,H0003583,의류학과,GEN6094,전공현장실습1,2013/1 ~ 2016/2,의류학과,ok
H0002256,H0003583,의류학과,GEN6095,전공현장실습2,2013/1 ~ 2016/2,의류학과,ok
H0002256,H0003583,의류학과,HEC1006,패션과사회,2013/1 ~ 2027/2,의류학과,ok
H0002256,H0003583,의류학과,HEC2012,패션비지니스,2013/1 ~ 2027/2,의류학과,ok
H0002256,H0003583,의류학과,HEC3019,패션CAD,2013/1 ~ 2028/2,의류학과,ok
H0002256,H0003583,의류학과,HEC3020,패션디자인상품기획,2013/1 ~ 2029/2,의류학과,ok
H0002256,H0003583,의류학과,HYP4008,의류학HY-UP(실용연구실습)4,2027/1 ~ 2030/2,의류학과,not_found
H0002256,H0003583,의류학과,PBL4020,의류캡스톤PBL,2021/1 ~ 2030/2,의류학과,ok
H0002256,H0003583,의류학과,SYH0001,사랑의실천1(한양나눔),2013/1 ~ 2027/2,의류학과,ok
H0002256,H0003583,의류학과,SYH0002,사랑의실천2(스마트커뮤니케이션),2013/1 ~ 2028/2,의류학과,not_found
H0002256,H0003583,의류학과,SYH0003,사랑의실천3(기업가정신),2013/1 ~ 2029/2,의류학과,not_found
H0002256,H0003583,의류학과,SYH0004,사랑의실천4(미래실용인재),2013/1 ~ 2030/2,의류학과,ok
H0002256,H0003583,의류학과,TEA3035,가정논리및논술,2013/1 ~ 2029/2,의류학과,ok
H0002256,H0003583,의류학과,TEA5015,가정교과교육론,2013/1 ~ 2029/2,의류학과,ok
H0002256,H0003583,의류학과,TEA6015,가정교과교재연구및지도,2013/1 ~ 2030/2,의류학과,ok
H0002256,H0002599,의예과,BIO2016,세포생물학1,1990/1 ~ 2020/2,의예과(학부/서울),ok
H0002256,H0002599,의예과,BIO2017,세포생물학2,1990/1 ~ 2020/2,의예과(학부/서울),ok
H0002256,H0002599,의예과,BIO2022,세포생물학,2002/1 ~ 2027/2,의예과(학부/서울),ok
H0002256,H0002599,의예과,BIO2023,비교해부학,1990/1 ~ 2017/1,의예과(학부/서울),ok
H0002256,H0002599,의예과,BIO2025,세포생물학실험,1990/1 ~ 1993/2,의예과(학부/서울),ok
H0002256,H0002599,의예과,BNG3005,기초신경과학,2021/1 ~ 2028/2,의예과(학부/서울),ok
H0002256,H0002599,의예과,CHM1002,일반화학및실험2,1997/1 ~ 2004/2,의예과(학부/서울),ok
H0002256,H0002599,의예과,CHM1003,일반화학,2005/1 ~ 2027/2,의예과(학부/서울),ok
H0002256,H0002599,의예과,CHM1005,일반화학및실험1,1997/1 ~ 2004/2,의예과(학부/서울),ok
H0002256,H0002599,의예과,CHM2001,물리화학1,1994/1 ~ 1997/2,의예과(학부/서울),ok
H0002256,H0002599,의예과,CHM2002,물리화학2,1994/1 ~ 1997/2,의예과(학부/서울),ok
H0002256,H0002599,의예과,CHM2003,유기화학1,1990/1 ~ 2005/2,의예과(학부/서울),ok
H0002256,H0002599,의예과,CHM2004,유기화학2,1990/1 ~ 2005/2,의예과(학부/서울),ok
H0002256,H0002599,의예과,CHM2013,유기화학실험1,1990/1 ~ 1997/2,의예과(학부/서울),ok
H0002256,H0002599,의예과,CHM2014,유기화학실험2,1990/1 ~ 1997/2,의예과(학부/서울),ok
H0002256,H0002599,의예과,CHM4037,의약화학,2006/1 ~ 2028/2,의예과(학부/서울),ok
H0002256,H0002599,의예과,CUL0005,말과글,1997/1 ~ 2027/2,의예과(학부/서울),ok
H0002256,H0002599,의예과,CUL0202,문화기술인간,2025/1 ~ 2027/2,의예과(학부/서울),ok
H0002256,H0002599,의예과,CUL0203,AI시대쓰기의힘,2025/1 ~ 2027/2,의예과(학부/서울),ok
H0002256,H0002599,의예과,CUL0205,Technology and AI: Utopia or Dystopia?,2026/1 ~ 2028/2,의예과(학부/서울),ok
H0002256,H0002599,의예과,CUL0208,스토리텔링의설계와전략,2026/1 ~ 2028/2,의예과(학부/서울),ok
H0002256,H0002599,의예과,CUL3011,일반물리학및실험1,1997/1 ~ 2004/2,의예과(학부/서울),ok
H0002256,H0002599,의예과,CUL3012,일반물리학및실험2,1997/1 ~ 2004/2,의예과(학부/서울),ok
H0002256,H0002599,의예과,CUL3013,일반생물학및실험1,1997/1 ~ 2019/2,의예과(학부/서울),ok
H0002256,H0002599,의예과,CUL3014,일반생물학및실험2,1997/1 ~ 2019/2,의예과(학부/서울),ok
H0002256,H0002599,의예과,CUL3034,생활속의의학,2002/1 ~ 2002/2,의예과(학부/서울),ok
H0002256,H0002599,의예과,DBC3011,생물리학,1998/1 ~ 2027/2,의예과(학부/서울),ok
H0002256,H0002599,의예과,EDU1004,교육공학개론,2006/1 ~ 2017/2,의예과(학부/서울),ok
H0002256,H0002599,의예과,GEN0036,통계학개론,2010/1 ~ 2028/2,의예과(학부/서울),ok
H0002256,H0002599,의예과,GEN0068,일반화학1,1989/1 ~ 1996/2,의예과(학부/서울),ok
H0002256,H0002599,의예과,GEN0069,일반화학2,1989/1 ~ 1996/2,의예과(학부/서울),ok
H0002256,H0002599,의예과,GEN0074,일반생물학1,1989/1 ~ 1996/2,의예과(학부/서울),ok
H0002256,H0002599,의예과,GEN0075,일반생물학2,1989/1 ~ 1996/2,의예과(학부/서울),ok
H0002256,H0002599,의예과,GEN0076,일반생물학실험1,1989/1 ~ 1996/2,의예과(학부/서울),ok
H0002256,H0002599,의예과,GEN0077,일반생물학실험2,1989/1 ~ 1996/2,의예과(학부/서울),ok
H0002256,H0002599,의예과,GEN1014,일반물리학,2005/1 ~ 2027/2,의예과(학부/서울),ok
H0002256,H0002599,의예과,GEN1016,일반생물학,2020/1 ~ 2027/2,의예과(학부/서울),ok
H0002256,H0002599,의예과,GEN1082,고급영어회화,1998/1 ~ 2019/2,의예과(학부/서울),ok
H0002256,H0002599,의예과,GEN2052,미분적분학1,1993/1 ~ 1996/2,의예과(학부/서울),ok
H0002256,H0002599,의예과,GEN2053,미분적분학2,1993/1 ~ 1996/2,의예과(학부/서울),ok
H0002256,H0002599,의예과,GEN4079,사회봉사,2005/1 ~ 2005/2,의예과(학부/서울),not_found
H0002256,H0002599,의예과,GEN4091,과학기술의철학적이해,2004/1 ~ 2027/2,의예과(학부/서울),ok
H0002256,H0002599,의예과,GEN5029,커리어개발Ⅰ:취.창업진로로드맵,2009/1 ~ 2027/2,의예과(학부/서울),ok
H0002256,H0002599,의예과,GEN6032,전문학술영어,2010/1 ~ 2028/2,의예과(학부/서울),ok
H0002256,H0002599,의예과,GEN6044,한양사회봉사,2009/1 ~ 2014/2,의예과(학부/서울),ok
H0002256,H0002599,의예과,MED1030,유전학및실습,1998/1 ~ 2016/2,의예과(학부/서울),ok
H0002256,H0002599,의예과,MED1033,의학영양학,2002/1 ~ 2017/1,의예과(학부/서울),ok
H0002256,H0002599,의예과,MED2010,유전학,1990/1 ~ 2028/2,의예과(학부/서울),ok
H0002256,H0002599,의예과,MED2065,한의학개론1,2003/1 ~ 2017/2,의예과(학부/서울),ok
H0002256,H0002599,의예과,PHY2008,현대물리학,1990/1 ~ 1997/2,의예과(학부/서울),ok
H0002256,H0002599,의예과,PRE1003,복지사회의이해,1998/1 ~ 2017/1,의예과(학부/서울),ok
H0002256,H0002599,의예과,PRE1004,의학실무영어,2000/1 ~ 2019/2,의예과(학부/서울),ok
H0002256,H0002599,의예과,PRE1005,의학개론,2003/1 ~ 2017/2,의예과(학부/서울),ok
H0002256,H0002599,의예과,PRE1006,기초영어,2003/1 ~ 2019/2,의예과(학부/서울),ok
H0002256,H0002599,의예과,PRE1011,비교해부학및실습,2005/1 ~ 2017/1,의예과(학부/서울),ok
H0002256,H0002599,의예과,PRE1012,생명과윤리,2005/1 ~ 2017/1,의예과(학부/서울),ok
H0002256,H0002599,의예과,PRE1013,의료정보학및실습,2005/1 ~ 2017/1,의예과(학부/서울),ok
H0002256,H0002599,의예과,PRE1015,인간심리학,2005/1 ~ 2027/2,의예과(학부/서울),ok
H0002256,H0002599,의예과,PRE1016,문화와비평,2012/1 ~ 2023/2,의예과(학부/서울),ok
H0002256,H0002599,의예과,PRE1017,의료기기의이해,2013/1 ~ 2027/2,의예과(학부/서울),ok
H0002256,H0002599,의예과,PRE1018,사람.의료.사회1-1,2017/1 ~ 2027/2,의예과(학부/서울),ok
H0002256,H0002599,의예과,PRE1019,사람.의료.사회1-2,2017/2 ~ 2027/2,의예과(학부/서울),ok
H0002256,H0002599,의예과,PRE1020,의공학입문,2017/2 ~ 2019/2,의예과(학부/서울),ok
H0002256,H0002599,의예과,PRE1021,유기화학,2020/1 ~ 2027/2,의예과(학부/서울),ok
H0002256,H0002599,의예과,PRE1022,의과학기초실습,2020/1 ~ 2027/2,의예과(학부/서울),ok
H0002256,H0002599,의예과,PRE1023,인체영양학개론,2020/2 ~ 2027/2,의예과(학부/서울),ok
H0002256,H0002599,의예과,PRE1024,의료데이터사이언스입문,2024/1 ~ 2027/2,의예과(학부/서울),ok
H0002256,H0002599,의예과,PRE2012,사회와의료,2009/1 ~ 2017/1,의예과(학부/서울),ok
H0002256,H0002599,의예과,PRE2013,의학용어학1,2010/1 ~ 2027/2,의예과(학부/서울),ok
H0002256,H0002599,의예과,PRE2014,인체구조기능학,2010/1 ~ 2017/2,의예과(학부/서울),ok
H0002256,H0002599,의예과,PRE2016,의학용어학2,2011/1 ~ 2028/2,의예과(학부/서울),ok
H0002256,H0002599,의예과,PRE2017,올바른건강관리,2014/1 ~ 2017/2,의예과(학부/서울),ok
H0002256,H0002599,의예과,PRE2018,사람.의료.사회3,2018/1 ~ 2020/2,의예과(학부/서울),ok
H0002256,H0002599,의예과,PRE2019,의학개론(사람.의료.사회4),2018/1 ~ 2020/2,의예과(학부/서울),ok
H0002256,H0002599,의예과,PRE2020,행동의학,2018/1 ~ 2028/2,의예과(학부/서울),ok
H0002256,H0002599,의예과,PRE2021,의약화학1,2018/1 ~ 2020/2,의예과(학부/서울),ok
H0002256,H0002599,의예과,PRE2022,의약화학2,2018/1 ~ 2020/2,의예과(학부/서울),ok
H0002256,H0002599,의예과,PRE2023,사람.의료.사회5,2018/1 ~ 2020/2,의예과(학부/서울),ok
H0002256,H0002599,의예과,PRE2024,인체기능입문1,2018/1 ~ 2020/2,의예과(학부/서울),ok
H0002256,H0002599,의예과,PRE2025,인체기능입문2,2018/1 ~ 2020/2,의예과(학부/서울),ok
H0002256,H0002599,의예과,PRE2026,인체기능입문3,2018/1 ~ 2020/2,의예과(학부/서울),ok
H0002256,H0002599,의예과,PRE2027,사람.의료.사회2-1A,2021/1 ~ 2028/2,의예과(학부/서울),ok
H0002256,H0002599,의예과,PRE2028,사람.의료.사회2-1B,2021/1 ~ 2028/2,의예과(학부/서울),ok
H0002256,H0002599,의예과,PRE2029,임상정보시스템과의료의미래,2021/1 ~ 2024/2,의예과(학부/서울),ok
H0002256,H0002599,의예과,PRE2030,의과학기초연구,2021/1 ~ 2028/2,의예과(학부/서울),ok
H0002256,H0002599,의예과,PRE2031,사람.의료.사회2-2,2021/1 ~ 2028/2,의예과(학부/서울),ok
H0002256,H0002599,의예과,PRE2032,죽은자의이야기,2021/1 ~ 2028/2,의예과(학부/서울),ok
H0002256,H0002599,의예과,PRE2033,의학생화학입문,2021/1 ~ 2028/2,의예과(학부/서울),ok
H0002256,H0002599,의예과,PRE2034,의학생리학입문,2021/1 ~ 2028/2,의예과(학부/서울),ok
H0002256,H0002599,의예과,PRE2035,인간지능과인공지능의의학적이해,2020/1 ~ 2024/2,의예과(학부/서울),ok
H0002256,H0002599,의예과,PRE2036,인구집단과건강,2021/1 ~ 2028/2,의예과(학부/서울),ok
H0002256,H0002599,의예과,PRE2037,의료데이터사이언스응용,2025/1 ~ 2028/2,의예과(학부/서울),ok
H0002256,H0002599,의예과,PRE2038,의료데이터사이언스통섭,2025/1 ~ 2028/2,의예과(학부/서울),not_found
H0002256,H0002599,의예과,PRE2039,의공학융합연구특론,2026/2 ~ 2028/2,의예과(학부/서울),not_found
H0002256,H0002599,의예과,PRE2040,융합연구프로젝트1,2026/2 ~ 2027/2,의예과(학부/서울),not_found
H0002256,H0002599,의예과,PRE2041,융합연구프로젝트2,2026/2 ~ 2028/2,의예과(학부/서울),not_found
H0002256,H0002599,의예과,SYH0001,사랑의실천1(한양나눔),2007/1 ~ 2027/2,의예과(학부/서울),ok
H0002256,H0002599,의예과,SYH0002,사랑의실천2(스마트커뮤니케이션),2008/1 ~ 2028/2,의예과(학부/서울),not_found
H0002256,H0002601,의학과,MED1012,생리학및실습,1997/1 ~ 2008/2,의학과(학부/서울),ok
H0002256,H0002601,의학과,MED1013,미생물학및실습,1997/1 ~ 2008/2,의학과(학부/서울),ok
H0002256,H0002601,의학과,MED1014,생화학및실습,1997/1 ~ 2008/2,의학과(학부/서울),ok
H0002256,H0002601,의학과,MED1015,약리학및실습,1997/1 ~ 2008/2,의학과(학부/서울),ok
H0002256,H0002601,의학과,MED1031,해부학및실습,1997/1 ~ 2008/2,의학과(학부/서울),ok
H0002256,H0002601,의학과,MED1037,인체의구조,2009/1 ~ 2027/2,의학과(학부/서울),ok
H0002256,H0002601,의학과,MED1038,의학생화학,2009/1 ~ 2027/2,의학과(학부/서울),ok
H0002256,H0002601,의학과,MED1039,면역학총론,2009/1 ~ 2027/2,의학과(학부/서울),ok
H0002256,H0002601,의학과,MED1040,병리학총론및실습,2009/1 ~ 2027/2,의학과(학부/서울),ok
H0002256,H0002601,의학과,MED1041,의학미생물학,2009/1 ~ 2027/2,의학과(학부/서울),ok
H0002256,H0002601,의학과,MED1042,약리학개론,2009/1 ~ 2027/2,의학과(학부/서울),ok
H0002256,H0002601,의학과,MED1043,예방의학및실습,2009/1 ~ 2027/2,의학과(학부/서울),ok
H0002256,H0002601,의학과,MED1044,의학생리학,2009/1 ~ 2027/2,의학과(학부/서울),ok
H0002256,H0002601,의학과,MED1045,임상의학입문,2009/1 ~ 2027/2,의학과(학부/서울),ok
H0002256,H0002601,의학과,MED1046,근골격학,2009/1 ~ 2027/2,의학과(학부/서울),ok
H0002256,H0002601,의학과,MED1047,감각계,2009/1 ~ 2027/2,의학과(학부/서울),ok
H0002256,H0002601,의학과,MED1048,정신과행동,2009/1 ~ 2027/2,의학과(학부/서울),ok
H0002256,H0002601,의학과,MED1049,환자.의사.사회1-2,2009/1 ~ 2027/2,의학과(학부/서울),ok
H0002256,H0002601,의학과,MED1050,신경학,2009/1 ~ 2027/2,의학과(학부/서울),ok
H0002256,H0002601,의학과,MED1051,의학연구프로젝트1,2020/2 ~ 2027/2,의학과(학부/서울),ok
H0002256,H0002601,의학과,MED1052,초급문제중심학습,2020/2 ~ 2027/2,의학과(학부/서울),ok
H0002256,H0002601,의학과,MED2008,기생충학및실습,1990/1 ~ 2027/2,의학과(학부/서울),ok
H0002256,H0002601,의학과,MED2010,유전학,1990/1 ~ 1997/2,의학과(학부/서울),ok
H0002256,H0002601,의학과,MED2051,제1시기종합평가,1998/1 ~ 2027/2,의학과(학부/서울),ok
H0002256,H0002601,의학과,MED2078,심혈관학,2010/1 ~ 2028/2,의학과(학부/서울),ok
H0002256,H0002601,의학과,MED2079,호흡기학,2010/1 ~ 2028/2,의학과(학부/서울),ok
H0002256,H0002601,의학과,MED2080,신장과요로,2010/1 ~ 2028/2,의학과(학부/서울),ok
H0002256,H0002601,의학과,MED2081,소화기학,2010/1 ~ 2028/2,의학과(학부/서울),ok
H0002256,H0002601,의학과,MED2082,내분비대사,2010/1 ~ 2028/2,의학과(학부/서울),ok
H0002256,H0002601,의학과,MED2083,생식의학,2010/1 ~ 2028/2,의학과(학부/서울),ok
H0002256,H0002601,의학과,MED2084,환자.의사.사회2-1,2010/1 ~ 2028/2,의학과(학부/서울),ok
H0002256,H0002601,의학과,MED2085,면역,2010/1 ~ 2028/2,의학과(학부/서울),ok
H0002256,H0002601,의학과,MED2086,감염,2010/1 ~ 2028/2,의학과(학부/서울),ok
H0002256,H0002601,의학과,MED2087,혈액과종양,2010/1 ~ 2028/2,의학과(학부/서울),ok
H0002256,H0002601,의학과,MED2088,직업병및손상,2010/1 ~ 2028/2,의학과(학부/서울),ok
H0002256,H0002601,의학과,MED2089,출생과성장,2010/1 ~ 2028/2,의학과(학부/서울),ok
H0002256,H0002601,의학과,MED2090,노화,2010/1 ~ 2028/2,의학과(학부/서울),ok
H0002256,H0002601,의학과,MED2092,환자.의사.사회2-2,2010/1 ~ 2028/2,의학과(학부/서울),ok
H0002256,H0002601,의학과,MED2093,제2시기종합평가,2015/1 ~ 2028/2,의학과(학부/서울),ok
H0002256,H0002601,의학과,MED2094,의학연구프로젝트2,2021/2 ~ 2028/2,의학과(학부/서울),ok
H0002256,H0002601,의학과,MED2095,중급문제중심학습,2021/1 ~ 2028/2,의학과(학부/서울),ok
H0002256,H0002601,의학과,MED2096,고급문제중심학습,2020/2 ~ 2028/2,의학과(학부/서울),ok
H0002256,H0002601,의학과,MED2097,환자.의사.사회1-1,2024/1 ~ 2027/2,의학과(학부/서울),ok
H0002256,H0002601,의학과,MED3054,정형외과학및임상실습,1995/1 ~ 2029/2,의학과(학부/서울),ok
H0002256,H0002601,의학과,MED3055,신경외과학및임상실습,1995/1 ~ 2030/2,의학과(학부/서울),ok
H0002256,H0002601,의학과,MED3056,흉부외과학및임상실습,1995/1 ~ 2030/2,의학과(학부/서울),ok
H0002256,H0002601,의학과,MED3057,성형외과학및임상실습,1995/1 ~ 2030/2,의학과(학부/서울),ok
H0002256,H0002601,의학과,MED3058,안과학및임상실습,1995/1 ~ 2030/2,의학과(학부/서울),ok
H0002256,H0002601,의학과,MED3059,이비인후과학및임상실습,1995/1 ~ 2030/2,의학과(학부/서울),ok
H0002256,H0002601,의학과,MED3060,피부과학및임상실습,1995/1 ~ 2030/2,의학과(학부/서울),ok
H0002256,H0002601,의학과,MED3061,비뇨의학및임상실습,1995/1 ~ 2030/2,의학과(학부/서울),ok
H0002256,H0002601,의학과,MED3065,신경과학및임상실습,1995/1 ~ 2029/2,의학과(학부/서울),ok
H0002256,H0002601,의학과,MED3066,재활의학및임상실습,1995/1 ~ 2030/2,의학과(학부/서울),ok
H0002256,H0002601,의학과,MED3067,가정의학및임상실습,1995/1 ~ 2030/2,의학과(학부/서울),ok
H0002256,H0002601,의학과,MED3068,방사선종양학및임상실습,1995/1 ~ 2030/2,의학과(학부/서울),ok
H0002256,H0002601,의학과,MED3075,임상종합강의,2000/1 ~ 2030/2,의학과(학부/서울),ok
H0002256,H0002601,의학과,MED3085,진단검사의학및임상실습,2003/1 ~ 2029/2,의학과(학부/서울),ok
H0002256,H0002601,의학과,MED3090,내과학및임상실습,2007/1 ~ 2029/2,의학과(학부/서울),ok
H0002256,H0002601,의학과,MED3091,정신건강의학및임상실습,2007/1 ~ 2029/2,의학과(학부/서울),ok
H0002256,H0002601,의학과,MED3092,외과학및임상실습,2007/1 ~ 2029/2,의학과(학부/서울),ok
H0002256,H0002601,의학과,MED3093,소아청소년과학및임상실습,2007/1 ~ 2029/2,의학과(학부/서울),ok
H0002256,H0002601,의학과,MED3094,산부인과학및임상실습,2007/1 ~ 2029/2,의학과(학부/서울),ok
H0002256,H0002601,의학과,MED3095,환자.의사.사회4-1,2011/1 ~ 2030/2,의학과(학부/서울),ok
H0002256,H0002601,의학과,MED3097,종합선택실습1,2011/1 ~ 2029/2,의학과(학부/서울),ok
H0002256,H0002601,의학과,MED3099,기본임상술기1,2012/1 ~ 2025/2,의학과(학부/서울),ok
H0002256,H0002601,의학과,MED3100,환자.의사.사회3-1,2014/1 ~ 2029/2,의학과(학부/서울),ok
H0002256,H0002601,의학과,MED3101,의학연구프로젝트3,2026/2 ~ 2029/2,의학과(학부/서울),not_found
H0002256,H0002601,의학과,MED3102,기초의학실습캠프,2026/2 ~ 2027/2,의학과(학부/서울),not_found
H0002256,H0002601,의학과,MED4080,지역사회의학임상실습,1996/1 ~ 2030/2,의학과(학부/서울),ok
H0002256,H0002601,의학과,MED4081,임상종합평가,1996/1 ~ 2029/2,의학과(학부/서울),ok
H0002256,H0002601,의학과,MED4093,마취통증의학및임상실습,2003/1 ~ 2030/2,의학과(학부/서울),ok
H0002256,H0002601,의학과,MED4094,응급의학및임상실습,2008/1 ~ 2030/2,의학과(학부/서울),ok
H0002256,H0002601,의학과,MED4095,핵의학및임상실습,2008/1 ~ 2030/2,의학과(학부/서울),ok
H0002256,H0002601,의학과,MED4096,진료수행평가CPX,2005/1 ~ 2030/2,의학과(학부/서울),ok
H0002256,H0002601,의학과,MED4097,직업환경의학및임상실습,2008/1 ~ 2030/2,의학과(학부/서울),ok
H0002256,H0002601,의학과,MED4099,영상의학및임상실습,2011/1 ~ 2029/2,의학과(학부/서울),ok
H0002256,H0002601,의학과,MED4100,의학연구프로젝트4,2026/2 ~ 2030/2,의학과(학부/서울),not_found
H0002256,H0002601,의학과,MED5042,임상종합평가1,2012/1 ~ 2030/2,의학과(학부/서울),ok
H0002256,H0002601,의학과,MED5043,종합선택실습2,2012/1 ~ 2030/2,의학과(학부/서울),ok
H0002256,H0002601,의학과,MED5044,종합선택실습3,2012/1 ~ 2030/2,의학과(학부/서울),ok
H0002256,H0002601,의학과,MED5045,임상종합평가2,2012/1 ~ 2030/2,의학과(학부/서울),ok
H0002256,H0002601,의학과,MED5046,병리학및임상실습,2012/1 ~ 2030/2,의학과(학부/서울),ok
H0002256,H0002601,의학과,MED5047,임상수기평가,2012/1 ~ 2030/2,의학과(학부/서울),ok
H0002256,H0002601,의학과,NUR3032,간호이슈와비평적사고,1999/1 ~ 2002/2,의학과(학부/서울),ok
H0002256,H0004254,인문공공행정전공,FUT2015,"회복을위한인문학과다크리서치:불,전염병,멸종의어젠다읽기",2021/1 ~ 2029/2,인문공공행정전공,ok
H0002256,H0004254,인문공공행정전공,FUT3010,"공정한시민을위한미디어리터러시:팩트,믿음,재미",2011/1 ~ 2029/2,인문공공행정전공,ok
H0002256,H0004254,인문공공행정전공,FUT3011,품위있는사회와지속가능성을위한의제들,2011/1 ~ 2029/2,인문공공행정전공,ok
H0002256,H0004254,인문공공행정전공,FUT4004,Lego-H인문캡스톤디자인1:현장전문가리더십특강,2012/1 ~ 2030/2,인문공공행정전공,not_found
H0002256,H0004254,인문공공행정전공,FUT4005,Lego-H인문캡스톤디자인2:현장커뮤니케이션및과제,2012/1 ~ 2030/2,인문공공행정전공,not_found
H0002256,H0004253,인문소프트웨어융합전공,AIX0002,AI+X:인공지능,2020/1 ~ 2029/2,인문소프트웨어융합전공,ok
H0002256,H0004253,인문소프트웨어융합전공,AIX0003,AI+X:딥러닝,2020/1 ~ 2029/2,인문소프트웨어융합전공,ok
H0002256,H0004253,인문소프트웨어융합전공,AIX0004,AI+X:R-Py컴퓨팅,2020/1 ~ 2029/2,인문소프트웨어융합전공,ok
H0002256,H0004253,인문소프트웨어융합전공,AIX0005,AI+X:머신러닝,2020/1 ~ 2029/2,인문소프트웨어융합전공,ok
H0002256,H0004253,인문소프트웨어융합전공,FUT1007,데이터과학트렌드,2009/1 ~ 2027/2,인문소프트웨어융합전공,ok
H0002256,H0004253,인문소프트웨어융합전공,FUT1008,인문대생을위한창의적프로그래밍,2009/1 ~ 2027/2,인문소프트웨어융합전공,ok
H0002256,H0004253,인문소프트웨어융합전공,FUT2013,인문대생을위한트렌드프로그래밍,2010/1 ~ 2028/2,인문소프트웨어융합전공,ok
H0002256,H0004253,인문소프트웨어융합전공,FUT3012,인문대생을위한객체지향프로그래밍,2011/1 ~ 2029/2,인문소프트웨어융합전공,ok
H0002256,H0004253,인문소프트웨어융합전공,FUT3013,인문대생을위한앱프로그래밍,2011/1 ~ 2029/2,인문소프트웨어융합전공,ok
H0002256,H0004253,인문소프트웨어융합전공,FUT4006,게임프로그래밍을위한캡스톤디자인,2012/1 ~ 2030/2,인문소프트웨어융합전공,ok
H0002256,H0004253,인문소프트웨어융합전공,FUT4007,인문학기반디지털콘텐츠구축을위한캡스톤디자인,2012/1 ~ 2030/2,인문소프트웨어융합전공,ok
H0002256,H0004237,자동차-SW융합전공,ITE4081,지능제어SW,2016/1 ~ 2026/2,자동차-SW융합전공,not_found
H0002256,H0004237,자동차-SW융합전공,ITE4082,차량임베디드시스템설계기초,2016/1 ~ 2022/2,자동차-SW융합전공,not_found
H0002256,H0002560,자원환경공학과,CHE3007,환경화학,2023/2 ~ 2025/2,자원환경공학과(학부/서울),ok
H0002256,H0002560,자원환경공학과,CHM1002,일반화학및실험2,2009/1 ~ 2027/2,자원환경공학과(학부/서울),ok
H0002256,H0002560,자원환경공학과,CHM1005,일반화학및실험1,2009/1 ~ 2027/2,자원환경공학과(학부/서울),ok
H0002256,H0002560,자원환경공학과,COE1010,실용공학연구1,2011/1 ~ 2017/2,자원환경공학과(학부/서울),ok
H0002256,H0002560,자원환경공학과,COE1011,실용공학연구2,2011/1 ~ 2014/2,자원환경공학과(학부/서울),ok
H0002256,H0002560,자원환경공학과,COE1012,실용공학연구3,1998/1 ~ 2018/2,자원환경공학과(학부/서울),ok
H0002256,H0002560,자원환경공학과,COE1013,실용공학연구4,1998/1 ~ 2018/2,자원환경공학과(학부/서울),ok
H0002256,H0002560,자원환경공학과,COE1014,실용공학연구5,1999/1 ~ 1999/2,자원환경공학과(학부/서울),ok
H0002256,H0002560,자원환경공학과,COE1015,실용공학연구6,1999/1 ~ 1999/2,자원환경공학과(학부/서울),ok
H0002256,H0002560,자원환경공학과,COE2003,정역학,1993/1 ~ 1996/2,자원환경공학과(학부/서울),ok
H0002256,H0002560,자원환경공학과,COE2004,동역학,1994/1 ~ 1997/2,자원환경공학과(학부/서울),ok
H0002256,H0002560,자원환경공학과,COE2022,공학입문설계,2010/1 ~ 2027/2,자원환경공학과(학부/서울),ok
H0002256,H0002560,자원환경공학과,COE3051,공업수학1,1994/1 ~ 2028/2,자원환경공학과(학부/서울),ok
H0002256,H0002560,자원환경공학과,COE3052,공업수학2,1994/1 ~ 2028/2,자원환경공학과(학부/서울),ok
H0002256,H0002560,자원환경공학과,COE3053,공업수학3,1995/1 ~ 1998/2,자원환경공학과(학부/서울),ok
H0002256,H0002560,자원환경공학과,CUL0005,말과글,2009/1 ~ 2027/2,자원환경공학과(학부/서울),ok
H0002256,H0002560,자원환경공학과,CUL0202,문화기술인간,2025/1 ~ 2027/2,자원환경공학과(학부/서울),ok
H0002256,H0002560,자원환경공학과,CUL0203,AI시대쓰기의힘,2025/1 ~ 2027/2,자원환경공학과(학부/서울),ok
H0002256,H0002560,자원환경공학과,CUL0205,Technology and AI: Utopia or Dystopia?,2026/1 ~ 2028/2,자원환경공학과(학부/서울),ok
H0002256,H0002560,자원환경공학과,CUL0208,스토리텔링의설계와전략,2026/1 ~ 2028/2,자원환경공학과(학부/서울),ok
H0002256,H0002560,자원환경공학과,CUL1138,인공지능과기계학습,2023/1 ~ 2028/2,자원환경공학과(학부/서울),ok
H0002256,H0002560,자원환경공학과,CUL3011,일반물리학및실험1,2009/1 ~ 2027/2,자원환경공학과(학부/서울),ok
H0002256,H0002560,자원환경공학과,CUL3012,일반물리학및실험2,2009/1 ~ 2027/2,자원환경공학과(학부/서울),ok
H0002256,H0002560,자원환경공학과,DME2053,재료역학,2010/1 ~ 2016/2,자원환경공학과(학부/서울),ok
H0002256,H0002560,자원환경공학과,GEN0068,일반화학1,1993/1 ~ 1996/2,자원환경공학과(학부/서울),ok
H0002256,H0002560,자원환경공학과,GEN0069,일반화학2,1993/1 ~ 1996/2,자원환경공학과(학부/서울),ok
H0002256,H0002560,자원환경공학과,GEN1031,공학도를위한창의적컴퓨팅,1993/1 ~ 2027/2,자원환경공학과(학부/서울),ok
H0002256,H0002560,자원환경공학과,GEN1100,공학도를위한창의적프로그래밍,2023/1 ~ 2028/2,자원환경공학과(학부/서울),ok
H0002256,H0002560,자원환경공학과,GEN2052,미분적분학1,1993/1 ~ 2027/2,자원환경공학과(학부/서울),ok
H0002256,H0002560,자원환경공학과,GEN2053,미분적분학2,1993/1 ~ 2027/2,자원환경공학과(학부/서울),ok
H0002256,H0002560,자원환경공학과,GEN4091,과학기술의철학적이해,2009/1 ~ 2027/2,자원환경공학과(학부/서울),ok
H0002256,H0002560,자원환경공학과,GEN5026,테크노경영학(스타트업종합설계),2011/1 ~ 2029/2,자원환경공학과(학부/서울),ok
H0002256,H0002560,자원환경공학과,GEN5029,커리어개발Ⅰ:취.창업진로로드맵,2009/1 ~ 2027/2,자원환경공학과(학부/서울),ok
H0002256,H0002560,자원환경공학과,GEN5100,커리어개발Ⅱ:취.창업진로포트폴리오,2015/1 ~ 2029/2,자원환경공학과(학부/서울),ok
H0002256,H0002560,자원환경공학과,GEN6032,전문학술영어,2010/1 ~ 2028/2,자원환경공학과(학부/서울),ok
H0002256,H0002560,자원환경공학과,GEN6044,한양사회봉사,2009/1 ~ 2014/2,자원환경공학과(학부/서울),ok
H0002256,H0002560,자원환경공학과,GEN6094,전공현장실습1,2014/1 ~ 2016/2,자원환경공학과(학부/서울),ok
H0002256,H0002560,자원환경공학과,GEN6095,전공현장실습2,2013/1 ~ 2016/2,자원환경공학과(학부/서울),ok
H0002256,H0002560,자원환경공학과,MAT2017,확률통계론,2010/1 ~ 2016/2,자원환경공학과(학부/서울),ok
H0002256,H0002560,자원환경공학과,MAT3008,수치해석,2011/1 ~ 2029/2,자원환경공학과(학부/서울),ok
H0002256,H0002560,자원환경공학과,MME1002,지구과학개론,2009/1 ~ 2024/2,자원환경공학과(학부/서울),ok
H0002256,H0002560,자원환경공학과,MME2006,광상학,2010/1 ~ 2023/1,자원환경공학과(학부/서울),ok
H0002256,H0002560,자원환경공학과,MME2007,친환경에너지공학개론,2010/1 ~ 2028/2,자원환경공학과(학부/서울),ok
H0002256,H0002560,자원환경공학과,MME2009,석유천연가스공학,2010/1 ~ 2028/2,자원환경공학과(학부/서울),ok
H0002256,H0002560,자원환경공학과,MME2012,미립자공학개론,2010/1 ~ 2016/2,자원환경공학과(학부/서울),ok
H0002256,H0002560,자원환경공학과,MME2018,석유지질학,2010/1 ~ 2024/2,자원환경공학과(학부/서울),ok
H0002256,H0002560,자원환경공학과,MME2019,에너지자원지질,2025/1 ~ 2028/2,자원환경공학과(학부/서울),ok
H0002256,H0002560,자원환경공학과,MME2053,자원경제원론,2011/1 ~ 2028/2,자원환경공학과(학부/서울),ok
H0002256,H0002560,자원환경공학과,MME2054,탄성파탐사의원리,2017/1 ~ 2028/2,자원환경공학과(학부/서울),ok
H0002256,H0002560,자원환경공학과,MME2055,분리공학개론,2017/1 ~ 2025/2,자원환경공학과(학부/서울),ok
H0002256,H0002560,자원환경공학과,MME2056,토양지하수오염복원학,2017/1 ~ 2018/2,자원환경공학과(학부/서울),not_found
H0002256,H0002560,자원환경공학과,MME3016,자원경제성평가,1994/1 ~ 2030/2,자원환경공학과(학부/서울),ok
H0002256,H0002560,자원환경공학과,MME3019,중력및자력탐사,1995/1 ~ 2016/2,자원환경공학과(학부/서울),ok
H0002256,H0002560,자원환경공학과,MME3022,탄성파탐사,1995/1 ~ 2016/2,자원환경공학과(학부/서울),ok
H0002256,H0002560,자원환경공학과,MME3026,암반공학,2017/1 ~ 2028/2,자원환경공학과(학부/서울),ok
H0002256,H0002560,자원환경공학과,MME3030,석유공학실험및설계,2011/1 ~ 2029/2,자원환경공학과(학부/서울),ok
H0002256,H0002560,자원환경공학과,MME3031,암반공학응용,2011/1 ~ 2017/2,자원환경공학과(학부/서울),ok
H0002256,H0002560,자원환경공학과,MME3032,암반공학실험및설계,2011/1 ~ 2029/2,자원환경공학과(학부/서울),ok
H0002256,H0002560,자원환경공학과,MME3033,자원지질실습,2011/1 ~ 2025/2,자원환경공학과(학부/서울),ok
H0002256,H0002560,자원환경공학과,MME3035,자원환경기기분석,2025/1 ~ 2028/2,자원환경공학과(학부/서울),ok
H0002256,H0002560,자원환경공학과,MME3036,환경기초화학,2026/1 ~ 2029/2,자원환경공학과(학부/서울),not_found
H0002256,H0002560,자원환경공학과,MME3058,발파굴착공학,2011/1 ~ 2017/2,자원환경공학과(학부/서울),ok
H0002256,H0002560,자원환경공학과,MME3059,물리탐사실험및설계,2011/1 ~ 2029/2,자원환경공학과(학부/서울),ok
H0002256,H0002560,자원환경공학과,MME3060,자원환경공정실험,2011/1 ~ 2017/2,자원환경공학과(학부/서울),ok
H0002256,H0002560,자원환경공학과,MME3061,제련공학개론,2011/1 ~ 2017/2,자원환경공학과(학부/서울),ok
H0002256,H0002560,자원환경공학과,MME3062,자원시장분석론,2011/1 ~ 2029/2,자원환경공학과(학부/서울),ok
H0002256,H0002560,자원환경공학과,MME3063,시추공학,2011/1 ~ 2029/2,자원환경공학과(학부/서울),ok
H0002256,H0002560,자원환경공학과,MME3064,석유공학수학,2015/1 ~ 2021/2,자원환경공학과(학부/서울),ok
H0002256,H0002560,자원환경공학과,MME3065,토양오염학,2015/1 ~ 2017/2,자원환경공학과(학부/서울),ok
H0002256,H0002560,자원환경공학과,MME3066,토목환경물리탐사,2018/1 ~ 2029/2,자원환경공학과(학부/서울),ok
H0002256,H0002560,자원환경공학과,MME3067,자원처리실험및설계,2018/1 ~ 2029/2,자원환경공학과(학부/서울),ok
H0002256,H0002560,자원환경공학과,MME3068,이산화탄소지중저장설계,2020/1 ~ 2029/2,자원환경공학과(학부/서울),ok
H0002256,H0002560,자원환경공학과,MME4003,암석역학,2010/1 ~ 2028/2,자원환경공학과(학부/서울),ok
H0002256,H0002560,자원환경공학과,MME4008,석유생산공학,2012/1 ~ 2029/2,자원환경공학과(학부/서울),ok
H0002256,H0002560,자원환경공학과,MME4014,지하수공학,1996/1 ~ 1999/2,자원환경공학과(학부/서울),ok
H0002256,H0002560,자원환경공학과,MME4022,전기전자탐사,1996/1 ~ 2017/2,자원환경공학과(학부/서울),ok
H0002256,H0002560,자원환경공학과,MME4028,물리검층,1996/1 ~ 2018/2,자원환경공학과(학부/서울),ok
H0002256,H0002560,자원환경공학과,MME4033,구조지질공학,2012/1 ~ 2018/2,자원환경공학과(학부/서울),ok
H0002256,H0002560,자원환경공학과,MME4039,응용지구화학,2011/1 ~ 2026/2,자원환경공학과(학부/서울),ok
H0002256,H0002560,자원환경공학과,MME4040,광해관리및설계,2012/1 ~ 2018/2,자원환경공학과(학부/서울),ok
H0002256,H0002560,자원환경공학과,MME4056,터널지하공간설계공학,2012/1 ~ 2018/2,자원환경공학과(학부/서울),ok
H0002256,H0002560,자원환경공학과,MME4059,미래에너지자원공학,2012/1 ~ 2026/2,자원환경공학과(학부/서울),ok
H0002256,H0002560,자원환경공학과,MME4061,탐사자료처리설계,2011/1 ~ 2017/2,자원환경공학과(학부/서울),ok
H0002256,H0002560,자원환경공학과,MME4062,자원환경공학종합설계,2012/1 ~ 2030/2,자원환경공학과(학부/서울),ok
H0002256,H0002560,자원환경공학과,MME4064,나노재료와자원환경,2012/1 ~ 2018/2,자원환경공학과(학부/서울),not_found
H0002256,H0002560,자원환경공학과,MME4065,도시광산개발,2012/1 ~ 2018/2,자원환경공학과(학부/서울),ok
H0002256,H0002560,자원환경공학과,MME4066,자원물질전달학,2015/1 ~ 2018/2,자원환경공학과(학부/서울),ok
H0002256,H0002560,자원환경공학과,MME4068,순환자원공학,2019/1 ~ 2030/2,자원환경공학과(학부/서울),ok
H0002256,H0002560,자원환경공학과,MME4069,물리검층의이해,2019/1 ~ 2030/2,자원환경공학과(학부/서울),ok
H0002256,H0002560,자원환경공학과,MME4070,친환경에너지공학,2019/1 ~ 2026/2,자원환경공학과(학부/서울),ok
H0002256,H0002560,자원환경공학과,MME4071,스마트지하공간및자원개발,2019/1 ~ 2030/2,자원환경공학과(학부/서울),ok
H0002256,H0002560,자원환경공학과,MME4072,폐기물에너지전환공학,2023/2 ~ 2029/2,자원환경공학과(학부/서울),ok
H0002256,H0002560,자원환경공학과,MME4073,폐기물처리,2023/2 ~ 2030/2,자원환경공학과(학부/서울),ok
H0002256,H0002560,자원환경공학과,MPE2001,지구환경공학개론,1994/1 ~ 2027/2,자원환경공학과(학부/서울),ok
H0002256,H0002560,자원환경공학과,MPE2005,자원처리공학,1995/1 ~ 2029/2,자원환경공학과(학부/서울),ok
H0002256,H0002560,자원환경공학과,MPE2007,자원경제및정책,2012/1 ~ 2018/2,자원환경공학과(학부/서울),ok
H0002256,H0002560,자원환경공학과,MPE2008,토양환경,2025/1 ~ 2028/2,자원환경공학과(학부/서울),ok
H0002256,H0002560,자원환경공학과,MPE3003,저류층지구역학기초,1995/1 ~ 2030/2,자원환경공학과(학부/서울),ok
H0002256,H0002560,자원환경공학과,MPE4005,자원개발공학,1996/1 ~ 2018/2,자원환경공학과(학부/서울),ok
H0002256,H0002560,자원환경공학과,SYH0001,사랑의실천1(한양나눔),2009/1 ~ 2027/2,자원환경공학과(학부/서울),ok
H0002256,H0002560,자원환경공학과,SYH0002,사랑의실천2(스마트커뮤니케이션),2010/1 ~ 2028/2,자원환경공학과(학부/서울),not_found
H0002256,H0002560,자원환경공학과,SYH0003,사랑의실천3(기업가정신),2011/1 ~ 2029/2,자원환경공학과(학부/서울),not_found
H0002256,H0002560,자원환경공학과,SYH0004,사랑의실천4(미래실용인재),2012/1 ~ 2030/2,자원환경공학과(학부/서울),ok
H0002256,H0002738,작곡과,CMU1011,합창1,1989/1 ~ 2014/2,작곡과(학부/서울),ok
H0002256,H0002738,작곡과,CMU1012,합창2,1989/1 ~ 2014/2,작곡과(학부/서울),ok
H0002256,H0002738,작곡과,CMU1041,시창및청음1,1989/1 ~ 2027/2,작곡과(학부/서울),ok
H0002256,H0002738,작곡과,CMU1042,시창및청음2,1989/1 ~ 2027/2,작곡과(학부/서울),ok
H0002256,H0002738,작곡과,CMU2011,합창3,1990/1 ~ 2005/2,작곡과(학부/서울),ok
H0002256,H0002738,작곡과,CMU2012,합창4,1990/1 ~ 2005/2,작곡과(학부/서울),ok
H0002256,H0002738,작곡과,CMU2031,서양음악사1,1989/1 ~ 2028/2,작곡과(학부/서울),ok
H0002256,H0002738,작곡과,CMU2032,서양음악사2,1989/1 ~ 2028/2,작곡과(학부/서울),ok
H0002256,H0002738,작곡과,CMU2041,시창및청음3,1990/1 ~ 2028/2,작곡과(학부/서울),ok
H0002256,H0002738,작곡과,CMU2042,시창및청음4,1990/1 ~ 2028/2,작곡과(학부/서울),ok
H0002256,H0002738,작곡과,CMU3003,전공쏠페지오1,1991/1 ~ 1998/2,작곡과(학부/서울),ok
H0002256,H0002738,작곡과,CMU3004,전공쏠페지오2,1991/1 ~ 1998/2,작곡과(학부/서울),ok
H0002256,H0002738,작곡과,CMU3007,연주매체특강B,2003/1 ~ 2029/2,작곡과(학부/서울),ok
H0002256,H0002738,작곡과,CMU3011,합창5,2015/1 ~ 2017/2,작곡과(학부/서울),ok
H0002256,H0002738,작곡과,CMU3012,합창6,2015/1 ~ 2017/2,작곡과(학부/서울),ok
H0002256,H0002738,작곡과,CMU3031,서양음악사3,1990/1 ~ 2029/2,작곡과(학부/서울),ok
H0002256,H0002738,작곡과,CMU3032,서양음악사4,1990/1 ~ 2029/2,작곡과(학부/서울),ok
H0002256,H0002738,작곡과,COP1006,화성학1,1989/1 ~ 2023/2,작곡과(학부/서울),ok
H0002256,H0002738,작곡과,COP1007,화성학2,1989/1 ~ 2023/2,작곡과(학부/서울),ok
H0002256,H0002738,작곡과,COP1012,선법대위,2024/1 ~ 2027/2,작곡과(학부/서울),ok
H0002256,H0002738,작곡과,COP1013,음악소리의기초,2024/1 ~ 2027/2,작곡과(학부/서울),ok
H0002256,H0002738,작곡과,COP1014,후기낭만화성,2024/1 ~ 2027/2,작곡과(학부/서울),ok
H0002256,H0002738,작곡과,COP1015,푸가,2024/1 ~ 2027/2,작곡과(학부/서울),ok
H0002256,H0002738,작곡과,COP1016,악기의이론과실제,2024/1 ~ 2027/2,작곡과(학부/서울),ok
H0002256,H0002738,작곡과,COP1017,고급화성,2024/1 ~ 2027/2,작곡과(학부/서울),ok
H0002256,H0002738,작곡과,COP1018,현대음악감상,2024/1 ~ 2027/2,작곡과(학부/서울),ok
H0002256,H0002738,작곡과,COP1051,건반화성1,1989/1 ~ 2015/2,작곡과(학부/서울),ok
H0002256,H0002738,작곡과,COP1052,건반화성2,1989/1 ~ 2015/2,작곡과(학부/서울),ok
H0002256,H0002738,작곡과,COP1057,음악문헌1,1997/1 ~ 2015/2,작곡과(학부/서울),ok
H0002256,H0002738,작곡과,COP1058,음악문헌2,1997/1 ~ 2015/2,작곡과(학부/서울),ok
H0002256,H0002738,작곡과,COP1059,작곡전공실기1,1999/1 ~ 2027/2,작곡과(학부/서울),ok
H0002256,H0002738,작곡과,COP1060,작곡전공실기2,1999/1 ~ 2027/2,작곡과(학부/서울),ok
H0002256,H0002738,작곡과,COP1067,기악실습1,2005/1 ~ 2016/2,작곡과(학부/서울),ok
H0002256,H0002738,작곡과,COP1068,기악실습2,2005/1 ~ 2016/2,작곡과(학부/서울),ok
H0002256,H0002738,작곡과,COP1069,건반화성,2016/1 ~ 2019/2,작곡과(학부/서울),ok
H0002256,H0002738,작곡과,COP1070,미디어와음악,2020/1 ~ 2027/2,작곡과(학부/서울),ok
H0002256,H0002738,작곡과,COP2001,대위법1,1989/1 ~ 2023/2,작곡과(학부/서울),ok
H0002256,H0002738,작곡과,COP2002,대위법2,1989/1 ~ 2023/2,작곡과(학부/서울),ok
H0002256,H0002738,작곡과,COP2003,악기론1,1990/1 ~ 2023/2,작곡과(학부/서울),ok
H0002256,H0002738,작곡과,COP2004,악기론2,1990/1 ~ 2023/2,작곡과(학부/서울),ok
H0002256,H0002738,작곡과,COP2031,음악이론특강1,2000/1 ~ 2022/2,작곡과(학부/서울),ok
H0002256,H0002738,작곡과,COP2032,음악이론특강2,2000/1 ~ 2022/2,작곡과(학부/서울),ok
H0002256,H0002738,작곡과,COP2033,작곡전공실기3,1999/1 ~ 2028/2,작곡과(학부/서울),ok
H0002256,H0002738,작곡과,COP2034,작곡전공실기4,1999/1 ~ 2028/2,작곡과(학부/서울),ok
H0002256,H0002738,작곡과,COP2041,기악실습3,2006/1 ~ 2017/2,작곡과(학부/서울),ok
H0002256,H0002738,작곡과,COP2042,국악기실습1,2006/1 ~ 2017/2,작곡과(학부/서울),ok
H0002256,H0002738,작곡과,COP2043,음악학개론1,2006/1 ~ 2021/2,작곡과(학부/서울),ok
H0002256,H0002738,작곡과,COP2044,기악실습4,2006/1 ~ 2017/2,작곡과(학부/서울),ok
H0002256,H0002738,작곡과,COP2045,국악기실습2,2006/1 ~ 2017/2,작곡과(학부/서울),ok
H0002256,H0002738,작곡과,COP2046,음악학개론2,2006/1 ~ 2021/2,작곡과(학부/서울),ok
H0002256,H0002738,작곡과,COP2047,후기낭만화성1,2014/1 ~ 2020/2,작곡과(학부/서울),ok
H0002256,H0002738,작곡과,COP2048,후기낭만화성2,2014/1 ~ 2020/2,작곡과(학부/서울),ok
H0002256,H0002738,작곡과,COP2051,기악및국악기실습1,2017/1 ~ 2028/2,작곡과(학부/서울),ok
H0002256,H0002738,작곡과,COP2052,기악및국악기실습2,2017/1 ~ 2028/2,작곡과(학부/서울),ok
H0002256,H0002738,작곡과,COP3004,대위법3,1990/1 ~ 2016/2,작곡과(학부/서울),ok
H0002256,H0002738,작곡과,COP3005,관현악법1,1991/1 ~ 2028/2,작곡과(학부/서울),ok
H0002256,H0002738,작곡과,COP3006,관현악법2,1991/1 ~ 2028/2,작곡과(학부/서울),ok
H0002256,H0002738,작곡과,COP3009,대위법4,1990/1 ~ 2016/2,작곡과(학부/서울),ok
H0002256,H0002738,작곡과,COP3017,20세기음악1,1991/1 ~ 2028/2,작곡과(학부/서울),ok
H0002256,H0002738,작곡과,COP3018,20세기음악2,1991/1 ~ 2028/2,작곡과(학부/서울),ok
H0002256,H0002738,작곡과,COP3025,전자음악입문,2026/1 ~ 2029/2,작곡과(학부/서울),ok
H0002256,H0002738,작곡과,COP3026,전자음악프로젝트,2026/1 ~ 2029/2,작곡과(학부/서울),not_found
H0002256,H0002738,작곡과,COP3053,전자음악1,1999/1 ~ 2025/2,작곡과(학부/서울),ok
H0002256,H0002738,작곡과,COP3054,전자음악2,1999/1 ~ 2025/2,작곡과(학부/서울),ok
H0002256,H0002738,작곡과,COP3055,전자음악3,2000/1 ~ 2017/2,작곡과(학부/서울),ok
H0002256,H0002738,작곡과,COP3056,전자음악4,2000/1 ~ 2017/2,작곡과(학부/서울),ok
H0002256,H0002738,작곡과,COP3057,작곡전공실기5,1999/1 ~ 2029/2,작곡과(학부/서울),ok
H0002256,H0002738,작곡과,COP3058,작곡전공실기6,1999/1 ~ 2029/2,작곡과(학부/서울),ok
H0002256,H0002738,작곡과,COP3061,연주와비평5,2007/1 ~ 2029/2,작곡과(학부/서울),ok
H0002256,H0002738,작곡과,COP3062,연주와비평6,2007/1 ~ 2029/2,작곡과(학부/서울),ok
H0002256,H0002738,작곡과,COP3065,연주매체특강1,2007/1 ~ 2017/2,작곡과(학부/서울),ok
H0002256,H0002738,작곡과,COP3066,국악기실습3,2007/1 ~ 2018/2,작곡과(학부/서울),ok
H0002256,H0002738,작곡과,COP3067,음악형식과분석1,2007/1 ~ 2028/2,작곡과(학부/서울),ok
H0002256,H0002738,작곡과,COP3068,국악기실습4,2007/1 ~ 2018/2,작곡과(학부/서울),ok
H0002256,H0002738,작곡과,COP3071,음악형식과분석2,2007/1 ~ 2028/2,작곡과(학부/서울),ok
H0002256,H0002738,작곡과,COP3072,이론전공세미나1,2015/1 ~ 2017/2,작곡과(학부/서울),not_found
H0002256,H0002738,작곡과,COP3073,전자음악작곡실기1,2015/1 ~ 2017/2,작곡과(학부/서울),not_found
H0002256,H0002738,작곡과,COP3074,이론전공세미나2,2015/1 ~ 2017/2,작곡과(학부/서울),not_found
H0002256,H0002738,작곡과,COP3075,전자음악작곡실기2,2015/1 ~ 2017/2,작곡과(학부/서울),not_found
H0002256,H0002738,작곡과,COP3078,음악회제작캡스톤디자인,2014/1 ~ 2017/2,작곡과(학부/서울),ok
H0002256,H0002738,작곡과,COP3079,기악및국악기실습3,2018/1 ~ 2029/2,작곡과(학부/서울),ok
H0002256,H0002738,작곡과,COP3080,기악및국악기실습4,2018/1 ~ 2029/2,작곡과(학부/서울),ok
H0002256,H0002738,작곡과,COP3081,20세기대위법,2018/2 ~ 2025/2,작곡과(학부/서울),ok
H0002256,H0002738,작곡과,COP3082,관현악워크샵,2018/2 ~ 2021/2,작곡과(학부/서울),ok
H0002256,H0002738,작곡과,COP3083,관현악워크샾1,2020/1 ~ 2029/2,작곡과(학부/서울),ok
H0002256,H0002738,작곡과,COP3084,관현악워크샾2,2020/1 ~ 2029/2,작곡과(학부/서울),ok
H0002256,H0002738,작곡과,COP3085,리허설테크닉1,2026/1 ~ 2029/2,작곡과(학부/서울),ok
H0002256,H0002738,작곡과,COP3086,리허설테크닉2,2026/1 ~ 2029/2,작곡과(학부/서울),not_found
H0002256,H0002738,작곡과,COP3087,연주매체특강A,2026/1 ~ 2028/2,작곡과(학부/서울),not_found
H0002256,H0002738,작곡과,COP4003,관현악법3,1992/1 ~ 2017/2,작곡과(학부/서울),ok
H0002256,H0002738,작곡과,COP4004,관현악법4,1992/1 ~ 2017/2,작곡과(학부/서울),ok
H0002256,H0002738,작곡과,COP4009,음악사특강1,1992/1 ~ 2018/2,작곡과(학부/서울),ok
H0002256,H0002738,작곡과,COP4010,음악사특강2,1992/1 ~ 2018/2,작곡과(학부/서울),ok
H0002256,H0002738,작곡과,COP4015,20세기음악3,1992/1 ~ 2029/2,작곡과(학부/서울),ok
H0002256,H0002738,작곡과,COP4016,20세기음악4,1992/1 ~ 2025/2,작곡과(학부/서울),ok
H0002256,H0002738,작곡과,COP4025,음악학개론,2018/1 ~ 2028/2,작곡과(학부/서울),ok
H0002256,H0002738,작곡과,COP4029,작곡전공실기7,1999/1 ~ 2030/2,작곡과(학부/서울),ok
H0002256,H0002738,작곡과,COP4030,작곡전공실기8,1999/1 ~ 2030/2,작곡과(학부/서울),ok
H0002256,H0002738,작곡과,COP4031,작곡워크샵1,2004/1 ~ 2026/2,작곡과(학부/서울),ok
H0002256,H0002738,작곡과,COP4032,작곡워크샵2,2004/1 ~ 2026/2,작곡과(학부/서울),ok
H0002256,H0002738,작곡과,COP4043,중등음악교육실습1,2012/1 ~ 2018/2,작곡과(학부/서울),ok
H0002256,H0002738,작곡과,COP4044,중등음악교육실습2,2009/1 ~ 2018/2,작곡과(학부/서울),ok
H0002256,H0002738,작곡과,COP4045,포스트프로덕션1,2012/1 ~ 2026/2,작곡과(학부/서울),ok
H0002256,H0002738,작곡과,COP4046,포스트프로덕션2,2012/1 ~ 2026/2,작곡과(학부/서울),ok
H0002256,H0002738,작곡과,COP4049,국악작곡기법1,2016/1 ~ 2026/2,작곡과(학부/서울),ok
H0002256,H0002738,작곡과,COP4050,미디어음악실습,2016/1 ~ 2018/2,작곡과(학부/서울),ok
H0002256,H0002738,작곡과,COP4052,이론전공세미나3,2016/1 ~ 2018/2,작곡과(학부/서울),not_found
H0002256,H0002738,작곡과,COP4053,이론전공세미나4,2016/1 ~ 2018/2,작곡과(학부/서울),not_found
H0002256,H0002738,작곡과,COP4055,국악작곡기법2,2016/1 ~ 2026/2,작곡과(학부/서울),ok
H0002256,H0002738,작곡과,COP4056,극과음악워크샵,2016/1 ~ 2030/2,작곡과(학부/서울),ok
H0002256,H0002738,작곡과,COP4057,미디어음악실습1,2019/1 ~ 2030/2,작곡과(학부/서울),ok
H0002256,H0002738,작곡과,COP4058,미디어음악실습2,2019/1 ~ 2030/2,작곡과(학부/서울),ok
H0002256,H0002738,작곡과,COP4059,4차산업혁명과음악,2018/2 ~ 2030/2,작곡과(학부/서울),ok
H0002256,H0002738,작곡과,COP4060,음악치료입문,2019/1 ~ 2026/2,작곡과(학부/서울),ok
H0002256,H0002738,작곡과,COP4061,건반화성Ⅰ,2023/1 ~ 2030/2,작곡과(학부/서울),ok
H0002256,H0002738,작곡과,COP4062,건반화성Ⅱ,2023/2 ~ 2030/2,작곡과(학부/서울),ok
H0002256,H0002738,작곡과,COP4063,동시대음악,2026/1 ~ 2029/2,작곡과(학부/서울),not_found
H0002256,H0002738,작곡과,COP4064,음악과사회,2027/1 ~ 2030/2,작곡과(학부/서울),not_found
H0002256,H0002738,작곡과,COP4065,작곡과캡스톤,2027/1 ~ 2030/2,작곡과(학부/서울),not_found
H0002256,H0002738,작곡과,COP4066,오디오프로덕션1,2027/1 ~ 2030/2,작곡과(학부/서울),not_found
H0002256,H0002738,작곡과,COP4067,오디오프로덕션2,2027/1 ~ 2030/2,작곡과(학부/서울),not_found
H0002256,H0002738,작곡과,COP4068,연주와비평7,2027/1 ~ 2030/2,작곡과(학부/서울),not_found
H0002256,H0002738,작곡과,COP4069,연주와비평8,2027/1 ~ 2030/2,작곡과(학부/서울),not_found
H0002256,H0002738,작곡과,CUL0005,말과글,1997/1 ~ 2027/2,작곡과(학부/서울),ok
H0002256,H0002738,작곡과,CUL0011,창의적컴퓨팅,2017/1 ~ 2027/2,작곡과(학부/서울),ok
H0002256,H0002738,작곡과,CUL0202,문화기술인간,2025/1 ~ 2027/2,작곡과(학부/서울),ok
H0002256,H0002738,작곡과,CUL0204,통합사고와읽기의기술,2025/1 ~ 2027/2,작곡과(학부/서울),ok
H0002256,H0002738,작곡과,CUL0206,Personal Branding in Digital Markets,2026/1 ~ 2028/2,작곡과(학부/서울),ok
H0002256,H0002738,작곡과,CUL0208,스토리텔링의설계와전략,2026/1 ~ 2028/2,작곡과(학부/서울),ok
H0002256,H0002738,작곡과,CUL1122,창의적프로그래밍,2023/1 ~ 2028/2,작곡과(학부/서울),ok
H0002256,H0002738,작곡과,CUL1138,인공지능과기계학습,2023/1 ~ 2028/2,작곡과(학부/서울),ok
H0002256,H0002738,작곡과,EDU4091,학생상담과생활지도,2015/1 ~ 2017/2,작곡과(학부/서울),ok
H0002256,H0002738,작곡과,GEN3073,연주와비평1,1994/1 ~ 2027/2,작곡과(학부/서울),ok
H0002256,H0002738,작곡과,GEN3074,연주와비평2,1994/1 ~ 2027/2,작곡과(학부/서울),ok
H0002256,H0002738,작곡과,GEN3075,연주와비평3,1995/1 ~ 2028/2,작곡과(학부/서울),ok
H0002256,H0002738,작곡과,GEN3076,연주와비평4,1995/1 ~ 2028/2,작곡과(학부/서울),ok
H0002256,H0002738,작곡과,GEN4091,과학기술의철학적이해,2009/1 ~ 2027/2,작곡과(학부/서울),ok
H0002256,H0002738,작곡과,GEN5029,커리어개발Ⅰ:취.창업진로로드맵,2005/1 ~ 2027/2,작곡과(학부/서울),ok
H0002256,H0002738,작곡과,GEN5100,커리어개발Ⅱ:취.창업진로포트폴리오,2015/1 ~ 2029/2,작곡과(학부/서울),ok
H0002256,H0002738,작곡과,GEN6032,전문학술영어,2010/1 ~ 2028/2,작곡과(학부/서울),ok
H0002256,H0002738,작곡과,GEN6044,한양사회봉사,2009/1 ~ 2014/2,작곡과(학부/서울),ok
H0002256,H0002738,작곡과,KTM1084,국악개론및감상1,2013/1 ~ 2015/2,작곡과(학부/서울),ok
H0002256,H0002738,작곡과,KTM1085,국악개론및감상2,2013/1 ~ 2015/2,작곡과(학부/서울),ok
H0002256,H0002738,작곡과,OCH2005,특수악기1,1989/1 ~ 1992/2,작곡과(학부/서울),ok
H0002256,H0002738,작곡과,OCH2006,특수악기2,1989/1 ~ 1992/2,작곡과(학부/서울),ok
H0002256,H0002738,작곡과,OCH3015,특수악기3,1990/1 ~ 1993/2,작곡과(학부/서울),ok
H0002256,H0002738,작곡과,OCH3016,특수악기4,1990/1 ~ 1993/2,작곡과(학부/서울),ok
H0002256,H0002738,작곡과,OCH4011,지휘법1,1991/1 ~ 1999/2,작곡과(학부/서울),ok
H0002256,H0002738,작곡과,OCH4012,지휘법2,1991/1 ~ 1999/2,작곡과(학부/서울),ok
H0002256,H0002738,작곡과,PHL1004,철학과문화유산,2016/1 ~ 2018/2,작곡과(학부/서울),ok
H0002256,H0002738,작곡과,PPL2019,행정법학1,2016/1 ~ 2018/2,작곡과(학부/서울),ok
H0002256,H0002738,작곡과,PPL2024,행정법학2,2016/1 ~ 2018/2,작곡과(학부/서울),ok
H0002256,H0002738,작곡과,PRE2017,올바른건강관리,2016/1 ~ 2018/2,작곡과(학부/서울),ok
H0002256,H0002738,작곡과,SYH0001,사랑의실천1(한양나눔),2007/1 ~ 2027/2,작곡과(학부/서울),ok
H0002256,H0002738,작곡과,SYH0002,사랑의실천2(스마트커뮤니케이션),2008/1 ~ 2028/2,작곡과(학부/서울),not_found
H0002256,H0002738,작곡과,SYH0003,사랑의실천3(기업가정신),2011/1 ~ 2029/2,작곡과(학부/서울),not_found
H0002256,H0002738,작곡과,SYH0004,사랑의실천4(미래실용인재),2012/1 ~ 2030/2,작곡과(학부/서울),ok
H0002256,H0002738,작곡과,TEA3036,음악논리및논술,2015/1 ~ 2029/2,작곡과(학부/서울),ok
H0002256,H0002738,작곡과,TEA5016,음악교과교육론,2011/1 ~ 2029/2,작곡과(학부/서울),ok
H0002256,H0002738,작곡과,TEA6016,음악교과교재연구및지도,2012/1 ~ 2030/2,작곡과(학부/서울),ok
H0002256,H0002738,작곡과,VOC4052,예술경영및마케팅1,2016/1 ~ 2018/2,작곡과(학부/서울),ok
H0002256,H0002738,작곡과,VOC4055,예술경영및마케팅2,2016/1 ~ 2018/2,작곡과(학부/서울),ok
H0002256,H0002574,전기·생체공학부,CHM1002,일반화학및실험2,2009/1 ~ 2015/2,전기·생체공학부(학부/서울),ok
H0002256,H0002574,전기·생체공학부,CHM1005,일반화학및실험1,2009/1 ~ 2015/2,전기·생체공학부(학부/서울),ok
H0002256,H0002574,전기·생체공학부,COE2022,공학입문설계,2010/1 ~ 2021/1,전기·생체공학부(학부/서울),ok
H0002256,H0002574,전기·생체공학부,CUL0005,말과글,2009/1 ~ 2021/1,전기·생체공학부(학부/서울),ok
H0002256,H0002574,전기·생체공학부,CUL3011,일반물리학및실험1,2009/1 ~ 2021/1,전기·생체공학부(학부/서울),ok
H0002256,H0002574,전기·생체공학부,CUL3012,일반물리학및실험2,2009/1 ~ 2021/2,전기·생체공학부(학부/서울),ok
H0002256,H0002574,전기·생체공학부,EBE1001,전기-생체공학입문,2009/1 ~ 2015/2,전기·생체공학부(학부/서울),ok
H0002256,H0002574,전기·생체공학부,ECN1001,디지털논리설계,2013/1 ~ 2015/2,전기·생체공학부(학부/서울),ok
H0002256,H0002574,전기·생체공학부,GEN0072,일반화학및실험,2016/1 ~ 2021/1,전기·생체공학부(학부/서울),ok
H0002256,H0002574,전기·생체공학부,GEN1031,공학도를위한창의적컴퓨팅,2009/1 ~ 2021/2,전기·생체공학부(학부/서울),ok
H0002256,H0002574,전기·생체공학부,GEN2052,미분적분학1,2009/1 ~ 2021/1,전기·생체공학부(학부/서울),ok
H0002256,H0002574,전기·생체공학부,GEN2053,미분적분학2,2009/1 ~ 2021/2,전기·생체공학부(학부/서울),ok
H0002256,H0002574,전기·생체공학부,GEN3041,초급중국어1,2016/1 ~ 2019/2,전기·생체공학부(학부/서울),ok
H0002256,H0002574,전기·생체공학부,GEN4091,과학기술의철학적이해,2009/1 ~ 2021/2,전기·생체공학부(학부/서울),ok
H0002256,H0002574,전기·생체공학부,GEN5026,테크노경영학(스타트업종합설계),2016/1 ~ 2016/2,전기·생체공학부(학부/서울),ok
H0002256,H0002574,전기·생체공학부,GEN5029,커리어개발Ⅰ:취.창업진로로드맵,2009/1 ~ 2021/1,전기·생체공학부(학부/서울),ok
H0002256,H0002574,전기·생체공학부,GEN6044,한양사회봉사,2009/1 ~ 2014/2,전기·생체공학부(학부/서울),ok
H0002256,H0002574,전기·생체공학부,SYH0001,사랑의실천1(한양나눔),2009/1 ~ 2021/1,전기·생체공학부(학부/서울),ok
H0002256,H0002520,전기공학전공,COE2022,공학입문설계,2022/1 ~ 2025/2,전기공학전공(학부/서울),ok
H0002256,H0002520,전기공학전공,COE3051,공업수학1,2010/1 ~ 2028/2,전기공학전공(학부/서울),ok
H0002256,H0002520,전기공학전공,COE3052,공업수학2,2010/1 ~ 2028/2,전기공학전공(학부/서울),ok
H0002256,H0002520,전기공학전공,CSE2011,마이크로프로세서,2011/1 ~ 2014/2,전기공학전공(학부/서울),ok
H0002256,H0002520,전기공학전공,CUL0005,말과글,2022/1 ~ 2027/2,전기공학전공(학부/서울),ok
H0002256,H0002520,전기공학전공,CUL0201,상상과학성찰,2025/1 ~ 2027/2,전기공학전공(학부/서울),ok
H0002256,H0002520,전기공학전공,CUL0203,AI시대쓰기의힘,2025/1 ~ 2027/2,전기공학전공(학부/서울),ok
H0002256,H0002520,전기공학전공,CUL0206,Personal Branding in Digital Markets,2026/1 ~ 2028/2,전기공학전공(학부/서울),ok
H0002256,H0002520,전기공학전공,CUL0207,미래지능연결,2026/1 ~ 2028/2,전기공학전공(학부/서울),ok
H0002256,H0002520,전기공학전공,CUL1138,인공지능과기계학습,2023/1 ~ 2028/2,전기공학전공(학부/서울),ok
H0002256,H0002520,전기공학전공,CUL3011,일반물리학및실험1,2022/1 ~ 2027/2,전기공학전공(학부/서울),ok
H0002256,H0002520,전기공학전공,CUL3012,일반물리학및실험2,2022/1 ~ 2027/2,전기공학전공(학부/서울),ok
H0002256,H0002520,전기공학전공,DME3003,시스템해석,2011/1 ~ 2029/2,전기공학전공(학부/서울),ok
H0002256,H0002520,전기공학전공,ECC1010,전자회로1,2010/1 ~ 2016/2,전기공학전공(학부/서울),ok
H0002256,H0002520,전기공학전공,ECC3003,전력공학,2011/1 ~ 2029/2,전기공학전공(학부/서울),ok
H0002256,H0002520,전기공학전공,ECE3008,신호와시스템,2010/1 ~ 2028/2,전기공학전공(학부/서울),ok
H0002256,H0002520,전기공학전공,ECL1001,디지털로직,2024/1 ~ 2025/2,전기공학전공(학부/서울),ok
H0002256,H0002520,전기공학전공,ECL3001,전기제어실험1,2011/1 ~ 2017/2,전기공학전공(학부/서울),ok
H0002256,H0002520,전기공학전공,ECL3002,전기제어실험2,2011/1 ~ 2017/2,전기공학전공(학부/서울),ok
H0002256,H0002520,전기공학전공,ECL3005,임베디드제어시스템,2011/1 ~ 2016/2,전기공학전공(학부/서울),ok
H0002256,H0002520,전기공학전공,ECL3006,플라즈마공학1,2011/1 ~ 2017/2,전기공학전공(학부/서울),ok
H0002256,H0002520,전기공학전공,ECL3007,플라즈마공학2,2011/1 ~ 2017/2,전기공학전공(학부/서울),ok
H0002256,H0002520,전기공학전공,ECL3010,전기기초실험3,2018/1 ~ 2019/1,전기공학전공(학부/서울),not_found
H0002256,H0002520,전기공학전공,ECL3011,전력전자,2018/1 ~ 2029/2,전기공학전공(학부/서울),ok
H0002256,H0002520,전기공학전공,ECL3012,전력시스템경제,2025/1 ~ 2029/2,전기공학전공(학부/서울),ok
H0002256,H0002520,전기공학전공,ECL3013,인공지능이해,2025/2 ~ 2029/2,전기공학전공(학부/서울),ok
H0002256,H0002520,전기공학전공,ECL4007,신재생분산전원,2012/1 ~ 2030/2,전기공학전공(학부/서울),ok
H0002256,H0002520,전기공학전공,ECL4009,피드백시스템,2012/1 ~ 2018/2,전기공학전공(학부/서울),ok
H0002256,H0002520,전기공학전공,ECL4010,차량전자제어,2012/1 ~ 2030/2,전기공학전공(학부/서울),ok
H0002256,H0002520,전기공학전공,ECL4011,전동력제어,2012/1 ~ 2018/2,전기공학전공(학부/서울),ok
H0002256,H0002520,전기공학전공,ECL4012,전기공학종합설계1,2012/1 ~ 2030/2,전기공학전공(학부/서울),ok
H0002256,H0002520,전기공학전공,ECL4013,전기공학종합설계2,2012/1 ~ 2030/2,전기공학전공(학부/서울),ok
H0002256,H0002520,전기공학전공,ECL4014,산업플라즈마공학,2012/1 ~ 2030/2,전기공학전공(학부/서울),ok
H0002256,H0002520,전기공학전공,ECL4015,전력변환응용,2012/1 ~ 2030/2,전기공학전공(학부/서울),ok
H0002256,H0002520,전기공학전공,ECL4017,플라즈마전자공학,2012/1 ~ 2029/2,전기공학전공(학부/서울),ok
H0002256,H0002520,전기공학전공,ECL4018,반도체플라즈마,2012/1 ~ 2030/2,전기공학전공(학부/서울),ok
H0002256,H0002520,전기공학전공,ECL4019,지능형자동차제어시스템,2015/1 ~ 2030/2,전기공학전공(학부/서울),ok
H0002256,H0002520,전기공학전공,ECL4020,에너지하베스팅,2019/1 ~ 2026/2,전기공학전공(학부/서울),not_found
H0002256,H0002520,전기공학전공,ECL4021,전기공학연구실현장실습1,2019/1 ~ 2026/2,전기공학전공(학부/서울),ok
H0002256,H0002520,전기공학전공,ECL4022,최적화개론,2021/1 ~ 2030/2,전기공학전공(학부/서울),ok
H0002256,H0002520,전기공학전공,ECL4023,산업플라즈마입자시뮬레이션,2027/1 ~ 2030/2,전기공학전공(학부/서울),not_found
H0002256,H0002520,전기공학전공,ECL4024,전기공학종합설계,2026/1 ~ 2030/2,전기공학전공(학부/서울),ok
H0002256,H0002520,전기공학전공,ECN1001,디지털논리설계,2010/1 ~ 2013/2,전기공학전공(학부/서울),ok
H0002256,H0002520,전기공학전공,ECR4004,현대제어이론,2012/1 ~ 2030/2,전기공학전공(학부/서울),ok
H0002256,H0002520,전기공학전공,ELE2001,회로이론,2010/1 ~ 2028/2,전기공학전공(학부/서울),ok
H0002256,H0002520,전기공학전공,ELE2002,회로망이론,2010/1 ~ 2028/2,전기공학전공(학부/서울),ok
H0002256,H0002520,전기공학전공,ELE2051,전기기초실험1,2010/1 ~ 2028/2,전기공학전공(학부/서울),ok
H0002256,H0002520,전기공학전공,ELE2052,전기기초실험2,2010/1 ~ 2020/2,전기공학전공(학부/서울),ok
H0002256,H0002520,전기공학전공,ELE3004,제어공학,2011/1 ~ 2029/2,전기공학전공(학부/서울),ok
H0002256,H0002520,전기공학전공,ELE3013,전기기기,2012/1 ~ 2029/2,전기공학전공(학부/서울),ok
H0002256,H0002520,전기공학전공,ELE4004,에너지변환공학,2012/1 ~ 2030/2,전기공학전공(학부/서울),ok
H0002256,H0002520,전기공학전공,ELE4005,전력전자공학,2012/1 ~ 2017/2,전기공학전공(학부/서울),ok
H0002256,H0002520,전기공학전공,ELE4011,전기응용실험1,2012/1 ~ 2018/2,전기공학전공(학부/서울),not_found
H0002256,H0002520,전기공학전공,ELE4012,전기응용실험2,2012/1 ~ 2018/2,전기공학전공(학부/서울),not_found
H0002256,H0002520,전기공학전공,ELE4019,전력시스템공학,2011/1 ~ 2029/2,전기공학전공(학부/서울),ok
H0002256,H0002520,전기공학전공,ELE4025,펄스파워공학,2011/1 ~ 2029/2,전기공학전공(학부/서울),ok
H0002256,H0002520,전기공학전공,ELE4037,디지털신호처리응용,2015/1 ~ 2017/2,전기공학전공(학부/서울),ok
H0002256,H0002520,전기공학전공,ELE4073,전기물성1,2010/1 ~ 2025/2,전기공학전공(학부/서울),ok
H0002256,H0002520,전기공학전공,ELE4074,전기물성2,2011/1 ~ 2029/2,전기공학전공(학부/서울),ok
H0002256,H0002520,전기공학전공,ENE2001,기초전자공학,2010/1 ~ 2016/2,전기공학전공(학부/서울),ok
H0002256,H0002520,전기공학전공,ENE3001,전자회로,2017/1 ~ 2028/2,전기공학전공(학부/서울),ok
H0002256,H0002520,전기공학전공,ENE3002,전자회로2,2011/1 ~ 2017/2,전기공학전공(학부/서울),ok
H0002256,H0002520,전기공학전공,ENE4015,신호처리,2011/1 ~ 2029/2,전기공학전공(학부/서울),ok
H0002256,H0002520,전기공학전공,ENE4029,반도체소자,2025/1 ~ 2028/2,전기공학전공(학부/서울),ok
H0002256,H0002520,전기공학전공,FET3001,차세대전력전자및전기기기,2022/1 ~ 2029/2,전기공학전공(학부/서울),ok
H0002256,H0002520,전기공학전공,FET3002,AI기반에너지관리,2022/1 ~ 2029/2,전기공학전공(학부/서울),ok
H0002256,H0002520,전기공학전공,FET4001,에너지신산업이슈연구,2021/2 ~ 2030/2,전기공학전공(학부/서울),ok
H0002256,H0002520,전기공학전공,FET4002,스마트그리드,2022/1 ~ 2030/2,전기공학전공(학부/서울),ok
H0002256,H0002520,전기공학전공,FET4003,플라즈마에너지공학,2023/1 ~ 2030/2,전기공학전공(학부/서울),ok
H0002256,H0002520,전기공학전공,FET4004,광전에너지변환소자,2025/2 ~ 2030/2,전기공학전공(학부/서울),ok
H0002256,H0002520,전기공학전공,GEN0072,일반화학및실험,2022/1 ~ 2025/2,전기공학전공(학부/서울),ok
H0002256,H0002520,전기공학전공,GEN1031,공학도를위한창의적컴퓨팅,2022/1 ~ 2027/2,전기공학전공(학부/서울),ok
H0002256,H0002520,전기공학전공,GEN1100,공학도를위한창의적프로그래밍,2023/1 ~ 2028/2,전기공학전공(학부/서울),ok
H0002256,H0002520,전기공학전공,GEN2052,미분적분학1,2022/1 ~ 2027/2,전기공학전공(학부/서울),ok
H0002256,H0002520,전기공학전공,GEN2053,미분적분학2,2022/1 ~ 2027/2,전기공학전공(학부/서울),ok
H0002256,H0002520,전기공학전공,GEN4091,과학기술의철학적이해,2022/1 ~ 2027/2,전기공학전공(학부/서울),ok
H0002256,H0002520,전기공학전공,GEN5026,테크노경영학(스타트업종합설계),2011/1 ~ 2029/2,전기공학전공(학부/서울),ok
H0002256,H0002520,전기공학전공,GEN5029,커리어개발Ⅰ:취.창업진로로드맵,2022/1 ~ 2027/2,전기공학전공(학부/서울),ok
H0002256,H0002520,전기공학전공,GEN5100,커리어개발Ⅱ:취.창업진로포트폴리오,2015/1 ~ 2029/2,전기공학전공(학부/서울),ok
H0002256,H0002520,전기공학전공,GEN6032,전문학술영어,2010/1 ~ 2028/2,전기공학전공(학부/서울),ok
H0002256,H0002520,전기공학전공,GEN6094,전공현장실습1,2014/1 ~ 2016/2,전기공학전공(학부/서울),ok
H0002256,H0002520,전기공학전공,GEN6095,전공현장실습2,2013/1 ~ 2016/2,전기공학전공(학부/서울),ok
H0002256,H0002520,전기공학전공,HYP1023,전기공학HY-UP(실용연구실습)1,2026/1 ~ 2029/2,전기공학전공(학부/서울),ok
H0002256,H0002520,전기공학전공,HYP2021,전기공학HY-UP(실용연구실습)2,2026/1 ~ 2029/2,전기공학전공(학부/서울),not_found
H0002256,H0002520,전기공학전공,HYP3002,전기공학HY-UP(실용연구실습)3,2027/1 ~ 2030/2,전기공학전공(학부/서울),not_found
H0002256,H0002520,전기공학전공,HYP4016,전기공학HY-UP(실용연구실습)4,2027/1 ~ 2030/2,전기공학전공(학부/서울),not_found
H0002256,H0002520,전기공학전공,MAT2003,선형대수,2011/1 ~ 2029/2,전기공학전공(학부/서울),ok
H0002256,H0002520,전기공학전공,MAT2017,확률통계론,2010/1 ~ 2028/2,전기공학전공(학부/서울),ok
H0002256,H0002520,전기공학전공,MAT3008,수치해석,2011/1 ~ 2029/2,전기공학전공(학부/서울),ok
H0002256,H0002520,전기공학전공,MEE4011,계측공학,2010/1 ~ 2013/2,전기공학전공(학부/서울),ok
H0002256,H0002520,전기공학전공,NUE4030,플라즈마공학입문,2019/1 ~ 2030/2,전기공학전공(학부/서울),ok
H0002256,H0002520,전기공학전공,PBL4007,전기공학전공캡스톤PBL,2019/1 ~ 2030/2,전기공학전공(학부/서울),ok
H0002256,H0002520,전기공학전공,PHY2008,현대물리학,2010/1 ~ 2025/2,전기공학전공(학부/서울),ok
H0002256,H0002520,전기공학전공,PHY2013,전자기학,2010/1 ~ 2028/2,전기공학전공(학부/서울),ok
H0002256,H0002520,전기공학전공,PHY2014,전자장,2010/1 ~ 2028/2,전기공학전공(학부/서울),ok
H0002256,H0002520,전기공학전공,SYH0001,사랑의실천1(한양나눔),2022/1 ~ 2027/2,전기공학전공(학부/서울),ok
H0002256,H0002520,전기공학전공,SYH0002,사랑의실천2(스마트커뮤니케이션),2010/1 ~ 2028/2,전기공학전공(학부/서울),not_found
H0002256,H0002520,전기공학전공,SYH0003,사랑의실천3(기업가정신),2011/1 ~ 2029/2,전기공학전공(학부/서울),not_found
H0002256,H0002520,전기공학전공,SYH0004,사랑의실천4(미래실용인재),2012/1 ~ 2030/2,전기공학전공(학부/서울),ok
H0002256,H0002520,전기공학전공,TEA3028,공업논리및논술,2011/1 ~ 2017/2,전기공학전공(학부/서울),ok
H0002256,H0002520,전기공학전공,TEA5008,공업교과교육론,2011/1 ~ 2017/2,전기공학전공(학부/서울),ok
H0002256,H0002520,전기공학전공,TEA6008,공업교과교재연구및지도,2012/1 ~ 2018/2,전기공학전공(학부/서울),ok
H0002256,H0005008,정보공학전공,APS2001,확률및통계1,2021/1 ~ 2028/2,정보공학전공,ok
H0002256,H0005240,정보공학전공,APS2001,확률및통계1,2021/1 ~ 2028/2,정보공학전공,ok
H0002256,H0005008,정보공학전공,APS2004,인간심리와경험,2021/1 ~ 2028/2,정보공학전공,ok
H0002256,H0005240,정보공학전공,APS2004,인간심리와경험,2021/1 ~ 2028/2,정보공학전공,ok
H0002256,H0005008,정보공학전공,APS2005,확률및통계2,2021/1 ~ 2028/2,정보공학전공,ok
H0002256,H0005240,정보공학전공,APS2005,확률및통계2,2021/1 ~ 2028/2,정보공학전공,ok
H0002256,H0005008,정보공학전공,APS2007,정보시각화,2021/1 ~ 2024/2,정보공학전공,ok
H0002256,H0005240,정보공학전공,APS2007,정보시각화,2021/1 ~ 2024/2,정보공학전공,ok
H0002256,H0005008,정보공학전공,APS3001,수리최적화,2026/1 ~ 2029/2,정보공학전공,ok
H0002256,H0005240,정보공학전공,APS3001,수리최적화,2026/1 ~ 2029/2,정보공학전공,ok
H0002256,H0005008,정보공학전공,APS3003,디자인혁신경영,2022/1 ~ 2030/2,정보공학전공,ok
H0002256,H0005240,정보공학전공,APS3003,디자인혁신경영,2022/1 ~ 2030/2,정보공학전공,ok
H0002256,H0005008,정보공학전공,APS3009,인간중심디자인,2022/1 ~ 2025/2,정보공학전공,not_found
H0002256,H0005240,정보공학전공,APS3009,인간중심디자인,2022/1 ~ 2025/2,정보공학전공,not_found
H0002256,H0005008,정보공학전공,APS3014,프로세스매니지먼트,2022/1 ~ 2029/2,정보공학전공,ok
H0002256,H0005240,정보공학전공,APS3014,프로세스매니지먼트,2022/1 ~ 2029/2,정보공학전공,ok
H0002256,H0005008,정보공학전공,APS3017,e-비즈니스,2022/1 ~ 2025/2,정보공학전공,ok
H0002256,H0005240,정보공학전공,APS3017,e-비즈니스,2022/1 ~ 2025/2,정보공학전공,ok
H0002256,H0005008,정보공학전공,APS3020,사이버물리시스템(캡스톤디자인),2023/1 ~ 2030/2,정보공학전공,ok
H0002256,H0005240,정보공학전공,APS3020,사이버물리시스템(캡스톤디자인),2023/1 ~ 2030/2,정보공학전공,ok
H0002256,H0005008,정보공학전공,CSE3010,데이터베이스,2022/1 ~ 2025/2,정보공학전공,not_found
H0002256,H0005240,정보공학전공,CSE3010,데이터베이스,2022/1 ~ 2025/2,정보공학전공,not_found
H0002256,H0005008,정보공학전공,CSE4006,소프트웨어공학,2022/1 ~ 2029/2,정보공학전공,ok
H0002256,H0005240,정보공학전공,CSE4006,소프트웨어공학,2022/1 ~ 2029/2,정보공학전공,ok
H0002256,H0005008,정보공학전공,CUL1138,인공지능과기계학습,2023/1 ~ 2028/2,정보공학전공,ok
H0002256,H0005240,정보공학전공,CUL1138,인공지능과기계학습,2023/1 ~ 2028/2,정보공학전공,ok
H0002256,H0005008,정보공학전공,FUT2014,데이터시각화,2022/1 ~ 2029/2,정보공학전공,ok
H0002256,H0005240,정보공학전공,FUT2014,데이터시각화,2022/1 ~ 2029/2,정보공학전공,ok
H0002256,H0005008,정보공학전공,GEN1100,공학도를위한창의적프로그래밍,2023/1 ~ 2028/2,정보공학전공,ok
H0002256,H0005240,정보공학전공,GEN1100,공학도를위한창의적프로그래밍,2023/1 ~ 2028/2,정보공학전공,ok
H0002256,H0005008,정보공학전공,GEN5100,커리어개발Ⅱ:취.창업진로포트폴리오,2022/1 ~ 2029/2,정보공학전공,ok
H0002256,H0005240,정보공학전공,GEN5100,커리어개발Ⅱ:취.창업진로포트폴리오,2022/1 ~ 2029/2,정보공학전공,ok
H0002256,H0005008,정보공학전공,IDC2001,경영학입문,2021/1 ~ 2028/2,정보공학전공,ok
H0002256,H0005240,정보공학전공,IDC2001,경영학입문,2021/1 ~ 2028/2,정보공학전공,ok
H0002256,H0005008,정보공학전공,INE4004,실험계획법,2023/1 ~ 2030/2,정보공학전공,ok
H0002256,H0005240,정보공학전공,INE4004,실험계획법,2023/1 ~ 2030/2,정보공학전공,ok
H0002256,H0005008,정보공학전공,INE5006,데이터마이닝,2022/1 ~ 2029/2,정보공학전공,ok
H0002256,H0005240,정보공학전공,INE5006,데이터마이닝,2022/1 ~ 2029/2,정보공학전공,ok
H0002256,H0005008,정보공학전공,ITC2001,파이썬데이터분석,2021/1 ~ 2028/2,정보공학전공,not_found
H0002256,H0005240,정보공학전공,ITC2001,파이썬데이터분석,2021/1 ~ 2028/2,정보공학전공,not_found
H0002256,H0005008,정보공학전공,ITC2002,디지털기술과경영,2025/1 ~ 2028/2,정보공학전공,not_found
H0002256,H0005240,정보공학전공,ITC2002,디지털기술과경영,2025/1 ~ 2028/2,정보공학전공,not_found
H0002256,H0005008,정보공학전공,ITC2003,데이터구조입문,2021/1 ~ 2028/2,정보공학전공,ok
H0002256,H0005240,정보공학전공,ITC2003,데이터구조입문,2021/1 ~ 2028/2,정보공학전공,ok
H0002256,H0005008,정보공학전공,ITC2005,컴퓨터그래픽스디자인,2021/1 ~ 2024/2,정보공학전공,not_found
H0002256,H0005240,정보공학전공,ITC2005,컴퓨터그래픽스디자인,2021/1 ~ 2024/2,정보공학전공,not_found
H0002256,H0005008,정보공학전공,ITC3009,텍스트마이닝,2022/1 ~ 2029/2,정보공학전공,ok
H0002256,H0005240,정보공학전공,ITC3009,텍스트마이닝,2022/1 ~ 2029/2,정보공학전공,ok
H0002256,H0005008,정보공학전공,ITC3010,모바일앱프로그래밍,2021/1 ~ 2028/2,정보공학전공,not_found
H0002256,H0005240,정보공학전공,ITC3010,모바일앱프로그래밍,2021/1 ~ 2028/2,정보공학전공,not_found
H0002256,H0005008,정보공학전공,ITC3012,UI/UX입문,2022/1 ~ 2025/2,정보공학전공,not_found
H0002256,H0005240,정보공학전공,ITC3012,UI/UX입문,2022/1 ~ 2025/2,정보공학전공,not_found
H0002256,H0005008,정보공학전공,ITC3013,해석가능인공지능,2022/2 ~ 2029/2,정보공학전공,not_found
H0002256,H0005240,정보공학전공,ITC3013,해석가능인공지능,2022/2 ~ 2029/2,정보공학전공,not_found
H0002256,H0005008,정보공학전공,ITC3014,경험서비스디자인,2025/1 ~ 2028/2,정보공학전공,not_found
H0002256,H0005240,정보공학전공,ITC3014,경험서비스디자인,2025/1 ~ 2028/2,정보공학전공,not_found
H0002256,H0005008,정보공학전공,ITC3015,데이터베이스이론과응용,2026/1 ~ 2029/2,정보공학전공,not_found
H0002256,H0005240,정보공학전공,ITC3015,데이터베이스이론과응용,2026/1 ~ 2029/2,정보공학전공,not_found
H0002256,H0005008,정보공학전공,ITC3016,객체지향컴퓨팅,2026/1 ~ 2029/2,정보공학전공,not_found
H0002256,H0005240,정보공학전공,ITC3016,객체지향컴퓨팅,2026/1 ~ 2029/2,정보공학전공,not_found
H0002256,H0005008,정보공학전공,ITC3017,경험평가방법론,2026/1 ~ 2029/2,정보공학전공,not_found
H0002256,H0005240,정보공학전공,ITC3017,경험평가방법론,2026/1 ~ 2029/2,정보공학전공,not_found
H0002256,H0005008,정보공학전공,ITC3018,데이터기반경험서비스설계,2026/1 ~ 2029/2,정보공학전공,not_found
H0002256,H0005240,정보공학전공,ITC3018,데이터기반경험서비스설계,2026/1 ~ 2029/2,정보공학전공,not_found
H0002256,H0005008,정보공학전공,ITC4006,정보공학창의설계,2023/1 ~ 2030/2,정보공학전공,ok
H0002256,H0005240,정보공학전공,ITC4006,정보공학창의설계,2023/1 ~ 2030/2,정보공학전공,ok
H0002256,H0005008,정보공학전공,ITC4007,정보공학종합설계,2023/1 ~ 2030/2,정보공학전공,not_found
H0002256,H0005240,정보공학전공,ITC4007,정보공학종합설계,2023/1 ~ 2030/2,정보공학전공,not_found
H0002256,H0005008,정보공학전공,ITC4008,지식공학,2023/1 ~ 2030/2,정보공학전공,not_found
H0002256,H0005240,정보공학전공,ITC4008,지식공학,2023/1 ~ 2030/2,정보공학전공,not_found
H0002256,H0005008,정보공학전공,ITC4009,인공지능1,2023/1 ~ 2030/2,정보공학전공,ok
H0002256,H0005240,정보공학전공,ITC4009,인공지능1,2023/1 ~ 2030/2,정보공학전공,ok
H0002256,H0005008,정보공학전공,ITC4010,인공지능2,2023/1 ~ 2030/2,정보공학전공,not_found
H0002256,H0005240,정보공학전공,ITC4010,인공지능2,2023/1 ~ 2030/2,정보공학전공,not_found
H0002256,H0005008,정보공학전공,ITC4012,사운드스케이프디자인,2022/1 ~ 2024/2,정보공학전공,not_found
H0002256,H0005240,정보공학전공,ITC4012,사운드스케이프디자인,2022/1 ~ 2024/2,정보공학전공,not_found
H0002256,H0005008,정보공학전공,ITC4013,디지털콘텐츠개발,2023/1 ~ 2025/1,정보공학전공,not_found
H0002256,H0005240,정보공학전공,ITC4013,디지털콘텐츠개발,2023/1 ~ 2025/1,정보공학전공,not_found
H0002256,H0005008,정보공학전공,ITC4014,인간-인공지능협업제품서비스설계,2022/1 ~ 2029/2,정보공학전공,not_found
H0002256,H0005240,정보공학전공,ITC4014,인간-인공지능협업제품서비스설계,2022/1 ~ 2029/2,정보공학전공,not_found
H0002256,H0005008,정보공학전공,ITE4046,웹프로그래밍,2021/1 ~ 2028/2,정보공학전공,ok
H0002256,H0005240,정보공학전공,ITE4046,웹프로그래밍,2021/1 ~ 2028/2,정보공학전공,ok
H0002256,H0005008,정보공학전공,SYH0002,사랑의실천2(스마트커뮤니케이션),2021/1 ~ 2028/2,정보공학전공,not_found
H0002256,H0005240,정보공학전공,SYH0002,사랑의실천2(스마트커뮤니케이션),2021/1 ~ 2028/2,정보공학전공,not_found
H0002256,H0005008,정보공학전공,SYH0003,사랑의실천3(기업가정신),2022/1 ~ 2029/2,정보공학전공,not_found
H0002256,H0005240,정보공학전공,SYH0003,사랑의실천3(기업가정신),2022/1 ~ 2029/2,정보공학전공,not_found
H0002256,H0005008,정보공학전공,SYH0004,사랑의실천4(미래실용인재),2023/1 ~ 2030/2,정보공학전공,ok
H0002256,H0005240,정보공학전공,SYH0004,사랑의실천4(미래실용인재),2023/1 ~ 2030/2,정보공학전공,ok
H0002256,H0002867,정보시스템학과,ACC2056,회계학,2009/1 ~ 2028/2,정보시스템학과(학과/서울),ok
H0002256,H0002867,정보시스템학과,APA2054,데이터구조,2009/1 ~ 2028/2,정보시스템학과(학과/서울),ok
H0002256,H0002867,정보시스템학과,BUS3002,재무관리,2010/1 ~ 2028/2,정보시스템학과(학과/서울),ok
H0002256,H0002867,정보시스템학과,BUS3009,국제경영,2011/1 ~ 2021/2,정보시스템학과(학과/서울),ok
H0002256,H0002867,정보시스템학과,BUS4041,창업론,2012/1 ~ 2030/2,정보시스템학과(학과/서울),ok
H0002256,H0002867,정보시스템학과,COE2022,공학입문설계,2017/1 ~ 2025/2,정보시스템학과(학과/서울),ok
H0002256,H0002867,정보시스템학과,CSE1002,전산학개론,2009/1 ~ 2027/2,정보시스템학과(학과/서울),ok
H0002256,H0002867,정보시스템학과,CSE3004,오퍼레이팅시스템,2010/1 ~ 2028/2,정보시스템학과(학과/서울),ok
H0002256,H0002867,정보시스템학과,CSE4006,소프트웨어공학,2011/1 ~ 2029/2,정보시스템학과(학과/서울),ok
H0002256,H0002867,정보시스템학과,CUL0005,말과글,2009/1 ~ 2027/2,정보시스템학과(학과/서울),ok
H0002256,H0002867,정보시스템학과,CUL0201,상상과학성찰,2025/1 ~ 2027/2,정보시스템학과(학과/서울),ok
H0002256,H0002867,정보시스템학과,CUL0203,AI시대쓰기의힘,2025/1 ~ 2027/2,정보시스템학과(학과/서울),ok
H0002256,H0002867,정보시스템학과,CUL0205,Technology and AI: Utopia or Dystopia?,2026/1 ~ 2028/2,정보시스템학과(학과/서울),ok
H0002256,H0002867,정보시스템학과,CUL0207,미래지능연결,2026/1 ~ 2028/2,정보시스템학과(학과/서울),ok
H0002256,H0002867,정보시스템학과,CUL1138,인공지능과기계학습,2023/1 ~ 2028/2,정보시스템학과(학과/서울),ok
H0002256,H0002867,정보시스템학과,ELE3019,컴퓨터구조1,2010/1 ~ 2028/2,정보시스템학과(학과/서울),ok
H0002256,H0002867,정보시스템학과,ELE3020,컴퓨터구조2,2010/1 ~ 2028/2,정보시스템학과(학과/서울),ok
H0002256,H0002867,정보시스템학과,ENE4014,프로그래밍언어론,2011/1 ~ 2029/2,정보시스템학과(학과/서울),ok
H0002256,H0002867,정보시스템학과,ENE4019,컴퓨터네트워크,2011/1 ~ 2029/2,정보시스템학과(학과/서울),ok
H0002256,H0002867,정보시스템학과,GEN0044,경영학원론,2009/1 ~ 2028/2,정보시스템학과(학과/서울),ok
H0002256,H0002867,정보시스템학과,GEN1031,공학도를위한창의적컴퓨팅,2016/1 ~ 2023/2,정보시스템학과(학과/서울),ok
H0002256,H0002867,정보시스템학과,GEN1100,공학도를위한창의적프로그래밍,2023/1 ~ 2024/2,정보시스템학과(학과/서울),ok
H0002256,H0002867,정보시스템학과,GEN4091,과학기술의철학적이해,2009/1 ~ 2027/2,정보시스템학과(학과/서울),ok
H0002256,H0002867,정보시스템학과,GEN5026,테크노경영학(스타트업종합설계),2018/1 ~ 2029/2,정보시스템학과(학과/서울),ok
H0002256,H0002867,정보시스템학과,GEN5029,커리어개발Ⅰ:취.창업진로로드맵,2009/1 ~ 2027/2,정보시스템학과(학과/서울),ok
H0002256,H0002867,정보시스템학과,GEN5100,커리어개발Ⅱ:취.창업진로포트폴리오,2015/1 ~ 2029/2,정보시스템학과(학과/서울),ok
H0002256,H0002867,정보시스템학과,GEN6032,전문학술영어,2010/1 ~ 2028/2,정보시스템학과(학과/서울),ok
H0002256,H0002867,정보시스템학과,GEN6044,한양사회봉사,2009/1 ~ 2014/2,정보시스템학과(학과/서울),ok
H0002256,H0002867,정보시스템학과,GEN6094,전공현장실습1,2014/1 ~ 2016/2,정보시스템학과(학과/서울),ok
H0002256,H0002867,정보시스템학과,GEN6095,전공현장실습2,2014/1 ~ 2016/2,정보시스템학과(학과/서울),ok
H0002256,H0002867,정보시스템학과,HYP1002,정보시스템HY-UP(실용연구실습)1,2026/1 ~ 2029/2,정보시스템학과(학과/서울),ok
H0002256,H0002867,정보시스템학과,HYP2002,정보시스템HY-UP(실용연구실습)2,2026/1 ~ 2029/2,정보시스템학과(학과/서울),not_found
H0002256,H0002867,정보시스템학과,HYP3003,정보시스템HY-UP(실용연구실습)3,2027/1 ~ 2030/2,정보시스템학과(학과/서울),not_found
H0002256,H0002867,정보시스템학과,HYP4002,정보시스템HY-UP(실용연구실습)4,2027/1 ~ 2030/2,정보시스템학과(학과/서울),not_found
H0002256,H0002867,정보시스템학과,HYR0004,정보시스템HY-UROP(실용연구심화),2027/1 ~ 2030/2,정보시스템학과(학과/서울),not_found
H0002256,H0002867,정보시스템학과,HYU0002,대학수학,2009/1 ~ 2015/2,정보시스템학과(학과/서울),ok
H0002256,H0002867,정보시스템학과,I-D3018,마케팅개론,2010/1 ~ 2028/2,정보시스템학과(학과/서울),ok
H0002256,H0002867,정보시스템학과,ITE1009,C프로그래밍,2009/1 ~ 2028/2,정보시스템학과(학과/서울),ok
H0002256,H0002867,정보시스템학과,ITE1010,C++프로그래밍,2009/1 ~ 2028/2,정보시스템학과(학과/서울),ok
H0002256,H0002867,정보시스템학과,ITE1012,정보시스템개론,2009/1 ~ 2027/2,정보시스템학과(학과/서울),ok
H0002256,H0002867,정보시스템학과,ITE2020,웹시스템프로그래밍1,2010/1 ~ 2025/2,정보시스템학과(학과/서울),ok
H0002256,H0002867,정보시스템학과,ITE2021,웹시스템프로그래밍2,2010/1 ~ 2025/2,정보시스템학과(학과/서울),ok
H0002256,H0002867,정보시스템학과,ITE2023,알고리즘분석,2010/1 ~ 2028/2,정보시스템학과(학과/서울),ok
H0002256,H0002867,정보시스템학과,ITE2024,정보시스템분석,2010/1 ~ 2028/2,정보시스템학과(학과/서울),ok
H0002256,H0002867,정보시스템학과,ITE2025,전자정부시스템,2009/1 ~ 2016/2,정보시스템학과(학과/서울),ok
H0002256,H0002867,정보시스템학과,ITE2030,정보시스템설계,2010/1 ~ 2028/2,정보시스템학과(학과/서울),ok
H0002256,H0002867,정보시스템학과,ITE3009,의사결정시스템,2011/1 ~ 2017/2,정보시스템학과(학과/서울),ok
H0002256,H0002867,정보시스템학과,ITE3016,데이터베이스시스템,2009/1 ~ 2029/2,정보시스템학과(학과/서울),ok
H0002256,H0002867,정보시스템학과,ITE3023,e-business컴퓨팅,2011/1 ~ 2017/2,정보시스템학과(학과/서울),ok
H0002256,H0002867,정보시스템학과,ITE3025,기술인텔리전스,2026/1 ~ 2029/2,정보시스템학과(학과/서울),not_found
H0002256,H0002867,정보시스템학과,ITE3026,전사적애플리케이션,2026/1 ~ 2029/2,정보시스템학과(학과/서울),ok
H0002256,H0002867,정보시스템학과,ITE3031,시스템소프트웨어론,2011/1 ~ 2029/2,정보시스템학과(학과/서울),ok
H0002256,H0002867,정보시스템학과,ITE3032,객체지향프로그래밍-JAVA,2011/1 ~ 2028/2,정보시스템학과(학과/서울),ok
H0002256,H0002867,정보시스템학과,ITE3035,ERP시스템,2011/1 ~ 2029/2,정보시스템학과(학과/서울),ok
H0002256,H0002867,정보시스템학과,ITE3050,통신망이론,2011/1 ~ 2025/2,정보시스템학과(학과/서울),ok
H0002256,H0002867,정보시스템학과,ITE3051,인공지능및응용,2011/1 ~ 2029/2,정보시스템학과(학과/서울),ok
H0002256,H0002867,정보시스템학과,ITE3075,기술분석과전략,2018/2 ~ 2022/1,정보시스템학과(학과/서울),ok
H0002256,H0002867,정보시스템학과,ITE4023,정보보호,2012/1 ~ 2030/2,정보시스템학과(학과/서울),ok
H0002256,H0002867,정보시스템학과,ITE4031,전자상거래이론,2012/1 ~ 2030/2,정보시스템학과(학과/서울),ok
H0002256,H0002867,정보시스템학과,ITE4035,시스템감리론,2011/1 ~ 2029/2,정보시스템학과(학과/서울),ok
H0002256,H0002867,정보시스템학과,ITE4037,시스템플래닝실습,2012/1 ~ 2030/2,정보시스템학과(학과/서울),ok
H0002256,H0002867,정보시스템학과,ITE4047,정보시스템정책,2012/1 ~ 2018/2,정보시스템학과(학과/서울),ok
H0002256,H0002867,정보시스템학과,ITE4048,IT프로젝트관리론,2012/1 ~ 2030/2,정보시스템학과(학과/서울),ok
H0002256,H0002867,정보시스템학과,ITE4049,블록체인개론,2012/1 ~ 2030/2,정보시스템학과(학과/서울),ok
H0002256,H0002867,정보시스템학과,ITE4050,IT와경영전략,2012/1 ~ 2029/2,정보시스템학과(학과/서울),ok
H0002256,H0002867,정보시스템학과,ITE4059,삼성SDS글로벌인턴십과정,2012/1 ~ 2021/2,정보시스템학과(학과/서울),ok
H0002256,H0002867,정보시스템학과,ITE4084,정보시스템학종합설계1,2019/1 ~ 2030/2,정보시스템학과(학과/서울),ok
H0002256,H0002867,정보시스템학과,ITE4085,정보시스템학종합설계2,2018/2 ~ 2030/2,정보시스템학과(학과/서울),ok
H0002256,H0002867,정보시스템학과,ITE4086,비즈니스인텔리전스와인공지능의실재,2025/1 ~ 2029/2,정보시스템학과(학과/서울),ok
H0002256,H0002867,정보시스템학과,ITE4087,데이터사이언스기반의사결정지원,2025/2 ~ 2030/2,정보시스템학과(학과/서울),ok
H0002256,H0002867,정보시스템학과,ITE4088,정보시스템학종합설계,2026/1 ~ 2030/2,정보시스템학과(학과/서울),ok
H0002256,H0002867,정보시스템학과,MAT4015,확률및통계,2009/1 ~ 2029/2,정보시스템학과(학과/서울),ok
H0002256,H0002867,정보시스템학과,PAD3003,조직론,2010/1 ~ 2028/2,정보시스템학과(학과/서울),ok
H0002256,H0002867,정보시스템학과,SYH0001,사랑의실천1(한양나눔),2009/1 ~ 2027/2,정보시스템학과(학과/서울),ok
H0002256,H0002867,정보시스템학과,SYH0002,사랑의실천2(스마트커뮤니케이션),2010/1 ~ 2028/2,정보시스템학과(학과/서울),not_found
H0002256,H0002867,정보시스템학과,SYH0003,사랑의실천3(기업가정신),2011/1 ~ 2029/2,정보시스템학과(학과/서울),not_found
H0002256,H0002867,정보시스템학과,SYH0004,사랑의실천4(미래실용인재),2012/1 ~ 2030/2,정보시스템학과(학과/서울),ok
H0002256,H0003959,정보융합전공,APS2001,확률및통계1,2017/1 ~ 2028/2,정보융합전공,ok
H0002256,H0003959,정보융합전공,APS2004,인간심리와경험,2017/1 ~ 2028/2,정보융합전공,ok
H0002256,H0003959,정보융합전공,APS2005,확률및통계2,2017/1 ~ 2028/2,정보융합전공,ok
H0002256,H0003959,정보융합전공,APS2007,정보시각화,2017/1 ~ 2024/2,정보융합전공,ok
H0002256,H0003959,정보융합전공,APS2009,마케팅입문,2017/1 ~ 2020/2,정보융합전공,ok
H0002256,H0003959,정보융합전공,APS2010,사회기술시스템,2018/2 ~ 2020/2,정보융합전공,not_found
H0002256,H0003959,정보융합전공,APS3001,수리최적화,2026/1 ~ 2029/2,정보융합전공,ok
H0002256,H0003959,정보융합전공,APS3003,디자인혁신경영,2018/1 ~ 2030/2,정보융합전공,ok
H0002256,H0003959,정보융합전공,APS3004,데이터마이닝1,2018/1 ~ 2021/2,정보융합전공,not_found
H0002256,H0003959,정보융합전공,APS3009,인간중심디자인,2018/1 ~ 2025/2,정보융합전공,not_found
H0002256,H0003959,정보융합전공,APS3010,데이터마이닝2,2018/1 ~ 2021/2,정보융합전공,not_found
H0002256,H0003959,정보융합전공,APS3011,회계학원론,2017/1 ~ 2020/2,정보융합전공,ok
H0002256,H0003959,정보융합전공,APS3014,프로세스매니지먼트,2022/1 ~ 2029/2,정보융합전공,ok
H0002256,H0003959,정보융합전공,APS3017,e-비즈니스,2022/1 ~ 2025/2,정보융합전공,ok
H0002256,H0003959,정보융합전공,APS3020,사이버물리시스템(캡스톤디자인),2023/1 ~ 2030/2,정보융합전공,ok
H0002256,H0003959,정보융합전공,APS4008,프로젝트관리론,2019/1 ~ 2022/2,정보융합전공,not_found
H0002256,H0003959,정보융합전공,APS4016,사회혁신의이해,2019/1 ~ 2022/2,정보융합전공,ok
H0002256,H0003959,정보융합전공,BUS2011,경영통계학,2017/1 ~ 2020/2,정보융합전공,not_found
H0002256,H0003959,정보융합전공,BUS4005,경영정보시스템,2018/1 ~ 2021/2,정보융합전공,ok
H0002256,H0003959,정보융합전공,CSE3010,데이터베이스,2019/1 ~ 2025/2,정보융합전공,not_found
H0002256,H0003959,정보융합전공,CSE4006,소프트웨어공학,2019/2 ~ 2029/2,정보융합전공,ok
H0002256,H0003959,정보융합전공,CUL1138,인공지능과기계학습,2023/1 ~ 2028/2,정보융합전공,ok
H0002256,H0003959,정보융합전공,FUT2014,데이터시각화,2018/1 ~ 2029/2,정보융합전공,ok
H0002256,H0003959,정보융합전공,GEN1100,공학도를위한창의적프로그래밍,2023/1 ~ 2028/2,정보융합전공,ok
H0002256,H0003959,정보융합전공,GEN5100,커리어개발Ⅱ:취.창업진로포트폴리오,2018/1 ~ 2029/2,정보융합전공,ok
H0002256,H0003959,정보융합전공,I-D3027,제품디자인,2019/1 ~ 2022/2,정보융합전공,not_found
H0002256,H0003959,정보융합전공,IDC2001,경영학입문,2017/1 ~ 2028/2,정보융합전공,ok
H0002256,H0003959,정보융합전공,IDC2002,정보융합심리학,2017/1 ~ 2018/1,정보융합전공,not_found
H0002256,H0003959,정보융합전공,IDC4001,CEO특강,2019/1 ~ 2022/2,정보융합전공,not_found
H0002256,H0003959,정보융합전공,INE4004,실험계획법,2023/1 ~ 2030/2,정보융합전공,ok
H0002256,H0003959,정보융합전공,INE5006,데이터마이닝,2018/1 ~ 2029/2,정보융합전공,ok
H0002256,H0003959,정보융합전공,ITC2001,파이썬데이터분석,2017/1 ~ 2028/2,정보융합전공,not_found
H0002256,H0003959,정보융합전공,ITC2002,디지털기술과경영,2025/1 ~ 2028/2,정보융합전공,not_found
H0002256,H0003959,정보융합전공,ITC2003,데이터구조입문,2017/1 ~ 2028/2,정보융합전공,ok
H0002256,H0003959,정보융합전공,ITC2005,컴퓨터그래픽스디자인,2017/1 ~ 2024/2,정보융합전공,not_found
H0002256,H0003959,정보융합전공,ITC3001,고객경험관리,2018/1 ~ 2021/2,정보융합전공,not_found
H0002256,H0003959,정보융합전공,ITC3008,정보검색및추출,2018/1 ~ 2018/2,정보융합전공,not_found
H0002256,H0003959,정보융합전공,ITC3009,텍스트마이닝,2018/1 ~ 2029/2,정보융합전공,ok
H0002256,H0003959,정보융합전공,ITC3010,모바일앱프로그래밍,2018/1 ~ 2028/2,정보융합전공,not_found
H0002256,H0003959,정보융합전공,ITC3011,서비스UX디자인,2018/1 ~ 2021/2,정보융합전공,not_found
H0002256,H0003959,정보융합전공,ITC3012,UI/UX입문,2022/1 ~ 2025/2,정보융합전공,not_found
H0002256,H0003959,정보융합전공,ITC3013,해석가능인공지능,2022/2 ~ 2029/2,정보융합전공,not_found
H0002256,H0003959,정보융합전공,ITC3014,경험서비스디자인,2025/1 ~ 2028/2,정보융합전공,not_found
H0002256,H0003959,정보융합전공,ITC3015,데이터베이스이론과응용,2026/1 ~ 2029/2,정보융합전공,not_found
H0002256,H0003959,정보융합전공,ITC3016,객체지향컴퓨팅,2026/1 ~ 2029/2,정보융합전공,not_found
H0002256,H0003959,정보융합전공,ITC3017,경험평가방법론,2026/1 ~ 2029/2,정보융합전공,not_found
H0002256,H0003959,정보융합전공,ITC3018,데이터기반경험서비스설계,2026/1 ~ 2029/2,정보융합전공,not_found
H0002256,H0003959,정보융합전공,ITC4001,기업가정신과창업,2019/1 ~ 2022/2,정보융합전공,not_found
H0002256,H0003959,정보융합전공,ITC4005,정보융합세미나,2019/1 ~ 2022/2,정보융합전공,not_found
H0002256,H0003959,정보융합전공,ITC4006,정보공학창의설계,2019/1 ~ 2030/2,정보융합전공,ok
H0002256,H0003959,정보융합전공,ITC4007,정보공학종합설계,2019/1 ~ 2030/2,정보융합전공,not_found
H0002256,H0003959,정보융합전공,ITC4008,지식공학,2019/1 ~ 2030/2,정보융합전공,not_found
H0002256,H0003959,정보융합전공,ITC4009,인공지능1,2019/1 ~ 2030/2,정보융합전공,ok
H0002256,H0003959,정보융합전공,ITC4010,인공지능2,2019/1 ~ 2030/2,정보융합전공,not_found
H0002256,H0003959,정보융합전공,ITC4011,산업사물인터넷(캡스톤디자인),2019/1 ~ 2022/2,정보융합전공,not_found
H0002256,H0003959,정보융합전공,ITC4012,사운드스케이프디자인,2019/2 ~ 2022/2,정보융합전공,not_found
H0002256,H0003959,정보융합전공,ITC4013,디지털콘텐츠개발,2020/1 ~ 2025/2,정보융합전공,not_found
H0002256,H0003959,정보융합전공,ITC4014,인간-인공지능협업제품서비스설계,2022/1 ~ 2025/2,정보융합전공,not_found
H0002256,H0003959,정보융합전공,ITE4018,시스템분석및설계,2018/1 ~ 2019/1,정보융합전공,not_found
H0002256,H0003959,정보융합전공,ITE4046,웹프로그래밍,2018/1 ~ 2028/2,정보융합전공,ok
H0002256,H0003959,정보융합전공,SYH0002,사랑의실천2(스마트커뮤니케이션),2017/1 ~ 2028/2,정보융합전공,not_found
H0002256,H0003959,정보융합전공,SYH0003,사랑의실천3(기업가정신),2018/1 ~ 2029/2,정보융합전공,not_found
H0002256,H0003959,정보융합전공,SYH0004,사랑의실천4(미래실용인재),2019/1 ~ 2030/2,정보융합전공,ok
H0002256,H0002983,정책학과,CUL0005,말과글,2009/1 ~ 2027/2,정책학과,ok
H0002256,H0002983,정책학과,CUL0011,창의적컴퓨팅,2017/1 ~ 2027/2,정책학과,ok
H0002256,H0002983,정책학과,CUL0201,상상과학성찰,2025/1 ~ 2027/2,정책학과,ok
H0002256,H0002983,정책학과,CUL0204,통합사고와읽기의기술,2025/1 ~ 2027/2,정책학과,ok
H0002256,H0002983,정책학과,CUL0206,Personal Branding in Digital Markets,2026/1 ~ 2028/2,정책학과,ok
H0002256,H0002983,정책학과,CUL0208,스토리텔링의설계와전략,2026/1 ~ 2028/2,정책학과,ok
H0002256,H0002983,정책학과,CUL1122,창의적프로그래밍,2023/1 ~ 2028/2,정책학과,ok
H0002256,H0002983,정책학과,CUL1138,인공지능과기계학습,2023/1 ~ 2028/2,정책학과,ok
H0002256,H0002983,정책학과,ECO1001,경제학입문,2011/1 ~ 2012/2,정책학과,ok
H0002256,H0002983,정책학과,ECO1002,경제수학,2013/1 ~ 2022/2,정책학과,ok
H0002256,H0002983,정책학과,ECO2016,미시경제학1,2017/1 ~ 2028/2,정책학과,ok
H0002256,H0002983,정책학과,ECO2037,거시경제학2,2017/1 ~ 2028/2,정책학과,ok
H0002256,H0002983,정책학과,ECO2038,미시경제학2,2017/1 ~ 2028/2,정책학과,ok
H0002256,H0002983,정책학과,ECO2063,거시경제학1,2017/1 ~ 2028/2,정책학과,ok
H0002256,H0002983,정책학과,ECO3002,재정학,2015/1 ~ 2029/2,정책학과,ok
H0002256,H0002983,정책학과,GEN4091,과학기술의철학적이해,2009/1 ~ 2027/2,정책학과,ok
H0002256,H0002983,정책학과,GEN5029,커리어개발Ⅰ:취.창업진로로드맵,2009/1 ~ 2027/2,정책학과,ok
H0002256,H0002983,정책학과,GEN5100,커리어개발Ⅱ:취.창업진로포트폴리오,2015/1 ~ 2029/2,정책학과,ok
H0002256,H0002983,정책학과,GEN6032,전문학술영어,2010/1 ~ 2028/2,정책학과,ok
H0002256,H0002983,정책학과,GEN6044,한양사회봉사,2009/1 ~ 2014/2,정책학과,ok
H0002256,H0002983,정책학과,GEN6094,전공현장실습1,2012/1 ~ 2014/2,정책학과,ok
H0002256,H0002983,정책학과,GEN6095,전공현장실습2,2012/1 ~ 2014/2,정책학과,ok
H0002256,H0002983,정책학과,PAD1054,행정학의탐색,2011/1 ~ 2012/2,정책학과,ok
H0002256,H0002983,정책학과,PAD3004,정책학개론,2017/1 ~ 2028/2,정책학과,ok
H0002256,H0002983,정책학과,PBL4017,정책연구캡스톤PBL,2020/2 ~ 2030/2,정책학과,ok
H0002256,H0002983,정책학과,PPL1001,논리적사고,2009/1 ~ 2027/2,정책학과,ok
H0002256,H0002983,정책학과,PPL1002,글쓰기의기초,2009/1 ~ 2015/2,정책학과,ok
H0002256,H0002983,정책학과,PPL1003,법과사회,2009/1 ~ 2027/2,정책학과,ok
H0002256,H0002983,정책학과,PPL1004,영문강독1,2009/1 ~ 2015/2,정책학과,ok
H0002256,H0002983,정책학과,PPL1005,사회윤리사상사,2009/1 ~ 2027/2,정책학과,ok
H0002256,H0002983,정책학과,PPL1006,서구문명사,2009/1 ~ 2015/2,정책학과,ok
H0002256,H0002983,정책학과,PPL1007,비판적사고,2009/1 ~ 2027/2,정책학과,ok
H0002256,H0002983,정책학과,PPL1011,근대사상의전개,2010/1 ~ 2028/2,정책학과,ok
H0002256,H0002983,정책학과,PPL1012,문학과문화읽기,2009/1 ~ 2015/2,정책학과,ok
H0002256,H0002983,정책학과,PPL1013,행정학원론,2013/1 ~ 2015/2,정책학과,ok
H0002256,H0002983,정책학과,PPL1014,경제학원론1,2013/1 ~ 2015/2,정책학과,ok
H0002256,H0002983,정책학과,PPL1015,회의영어,2013/1 ~ 2015/2,정책학과,ok
H0002256,H0002983,정책학과,PPL1016,정치학원론,2013/1 ~ 2027/2,정책학과,ok
H0002256,H0002983,정책학과,PPL1017,경제학원론2,2013/1 ~ 2015/2,정책학과,ok
H0002256,H0002983,정책학과,PPL1018,민사법1,2013/1 ~ 2027/2,정책학과,ok
H0002256,H0002983,정책학과,PPL1019,헌법학1,2013/1 ~ 2021/2,정책학과,ok
H0002256,H0002983,정책학과,PPL1020,헌법학개론,2016/1 ~ 2019/2,정책학과,ok
H0002256,H0002983,정책학과,PPL1021,헌법과기본권,2020/1 ~ 2027/2,정책학과,ok
H0002256,H0002983,정책학과,PPL2001,논증의해부,2012/1 ~ 2018/2,정책학과,ok
H0002256,H0002983,정책학과,PPL2005,경제원론,2009/1 ~ 2027/2,정책학과,ok
H0002256,H0002983,정책학과,PPL2006,과학기술철학특강,2012/1 ~ 2018/2,정책학과,ok
H0002256,H0002983,정책학과,PPL2007,동양의지혜,2010/1 ~ 2016/2,정책학과,ok
H0002256,H0002983,정책학과,PPL2008,문학과사회,2012/1 ~ 2018/2,정책학과,ok
H0002256,H0002983,정책학과,PPL2010,현대정치학이론,2010/1 ~ 2029/2,정책학과,ok
H0002256,H0002983,정책학과,PPL2011,행정학개론,2010/1 ~ 2027/2,정책학과,ok
H0002256,H0002983,정책학과,PPL2012,설득적글쓰기,2011/1 ~ 2017/2,정책학과,ok
H0002256,H0002983,정책학과,PPL2013,현대사상의주요흐름,2011/1 ~ 2029/2,정책학과,ok
H0002256,H0002983,정책학과,PPL2016,통계와자료해석,2010/1 ~ 2016/2,정책학과,ok
H0002256,H0002983,정책학과,PPL2017,정치사상사,2010/1 ~ 2016/2,정책학과,ok
H0002256,H0002983,정책학과,PPL2018,조사방법론,2010/1 ~ 2028/2,정책학과,ok
H0002256,H0002983,정책학과,PPL2019,행정법학1,2014/1 ~ 2028/2,정책학과,ok
H0002256,H0002983,정책학과,PPL2020,토론영어,2014/1 ~ 2016/2,정책학과,ok
H0002256,H0002983,정책학과,PPL2021,한국사이해,2014/1 ~ 2016/2,정책학과,ok
H0002256,H0002983,정책학과,PPL2022,민사법2,2014/1 ~ 2029/2,정책학과,ok
H0002256,H0002983,정책학과,PPL2023,재무행정,2014/1 ~ 2016/2,정책학과,ok
H0002256,H0002983,정책학과,PPL2024,행정법학2,2014/1 ~ 2028/2,정책학과,ok
H0002256,H0002983,정책학과,PPL2025,형사법1,2014/1 ~ 2016/2,정책학과,ok
H0002256,H0002983,정책학과,PPL2026,인사및조직행정,2014/1 ~ 2016/2,정책학과,ok
H0002256,H0002983,정책학과,PPL2027,형법학1,2017/1 ~ 2028/2,정책학과,ok
H0002256,H0002983,정책학과,PPL3002,미시경제학,2010/1 ~ 2016/2,정책학과,ok
H0002256,H0002983,정책학과,PPL3009,추리의기법,2010/1 ~ 2028/2,정책학과,ok
H0002256,H0002983,정책학과,PPL3012,거시경제학,2010/1 ~ 2016/2,정책학과,ok
H0002256,H0002983,정책학과,PPL3013,도시및지방행정론,2011/1 ~ 2017/2,정책학과,ok
H0002256,H0002983,정책학과,PPL3014,사회학의쟁점과이론,2011/1 ~ 2017/2,정책학과,ok
H0002256,H0002983,정책학과,PPL3016,비교정치론,2011/1 ~ 2029/2,정책학과,ok
H0002256,H0002983,정책학과,PPL3017,국제경제학,2011/1 ~ 2029/2,정책학과,ok
H0002256,H0002983,정책학과,PPL3020,국제정치학,2011/1 ~ 2021/2,정책학과,ok
H0002256,H0002983,정책학과,PPL3021,경제정책,2011/1 ~ 2018/2,정책학과,ok
H0002256,H0002983,정책학과,PPL3022,상사법1,2015/1 ~ 2017/2,정책학과,ok
H0002256,H0002983,정책학과,PPL3023,정책학,2015/1 ~ 2017/2,정책학과,ok
H0002256,H0002983,정책학과,PPL3024,고전의이해,2015/1 ~ 2017/2,정책학과,ok
H0002256,H0002983,정책학과,PPL3025,헌법학2,2015/1 ~ 2021/2,정책학과,ok
H0002256,H0002983,정책학과,PPL3026,행정법학3,2015/1 ~ 2029/2,정책학과,ok
H0002256,H0002983,정책학과,PPL3027,상사법2,2015/1 ~ 2017/2,정책학과,ok
H0002256,H0002983,정책학과,PPL3028,상법학,2018/1 ~ 2029/2,정책학과,ok
H0002256,H0002983,정책학과,PPL3029,사회철학의이해,2022/1 ~ 2029/2,정책학과,ok
H0002256,H0002983,정책학과,PPL3030,헌법과국가,2022/1 ~ 2028/2,정책학과,ok
H0002256,H0002983,정책학과,PPL3031,헌법과공공정책,2022/1 ~ 2029/2,정책학과,ok
H0002256,H0002983,정책학과,PPL3032,정책분석통계,2022/1 ~ 2029/2,정책학과,ok
H0002256,H0002983,정책학과,PPL4002,추리와문제해결,2011/1 ~ 2029/2,정책학과,ok
H0002256,H0002983,정책학과,PPL4013,언론자유론,2012/1 ~ 2018/2,정책학과,ok
H0002256,H0002983,정책학과,PPL4016,현대사회의윤리적쟁점들,2012/1 ~ 2030/2,정책학과,ok
H0002256,H0002983,정책학과,PPL4018,한국경제론,2012/1 ~ 2030/2,정책학과,ok
H0002256,H0002983,정책학과,PPL4019,심리학과인지과학,2012/1 ~ 2018/2,정책학과,ok
H0002256,H0002983,정책학과,PPL4021,창의적문제해결캡스톤디자인,2012/1 ~ 2025/2,정책학과,ok
H0002256,H0002983,정책학과,PPL4022,졸업논문작성캡스톤디자인,2012/1 ~ 2018/2,정책학과,ok
H0002256,H0002983,정책학과,PPL4023,민사법3,2016/1 ~ 2029/2,정책학과,ok
H0002256,H0002983,정책학과,PPL4024,형사법2,2016/1 ~ 2018/2,정책학과,ok
H0002256,H0002983,정책학과,PPL4025,한국정치학,2016/1 ~ 2030/2,정책학과,ok
H0002256,H0002983,정책학과,PPL4026,민사법4,2016/1 ~ 2018/2,정책학과,ok
H0002256,H0002983,정책학과,PPL4027,과학기술철학,2019/1 ~ 2022/2,정책학과,ok
H0002256,H0002983,정책학과,PPL4028,민사소송론,2019/1 ~ 2030/2,정책학과,ok
H0002256,H0002983,정책학과,PPL4029,형사소송론,2019/1 ~ 2030/2,정책학과,ok
H0002256,H0002983,정책학과,PPL4030,공공정책의계량경제학,2019/1 ~ 2030/2,정책학과,ok
H0002256,H0002983,정책학과,PPL4031,과학철학의주요쟁점,2023/1 ~ 2030/2,정책학과,ok
H0002256,H0002983,정책학과,PPL4032,형법학2,2023/1 ~ 2030/2,정책학과,ok
H0002256,H0002983,정책학과,PSD3015,정치경제론,2016/1 ~ 2030/2,정책학과,ok
H0002256,H0002983,정책학과,SYH0001,사랑의실천1(한양나눔),2009/1 ~ 2027/2,정책학과,ok
H0002256,H0002983,정책학과,SYH0002,사랑의실천2(스마트커뮤니케이션),2010/1 ~ 2028/2,정책학과,not_found
H0002256,H0002983,정책학과,SYH0003,사랑의실천3(기업가정신),2011/1 ~ 2029/2,정책학과,not_found
H0002256,H0002983,정책학과,SYH0004,사랑의실천4(미래실용인재),2012/1 ~ 2030/2,정책학과,ok
H0002256,H0003663,정치외교학과,CUL0005,말과글,2014/1 ~ 2027/2,정치외교학과,ok
H0002256,H0003663,정치외교학과,CUL0011,창의적컴퓨팅,2016/1 ~ 2027/2,정치외교학과,ok
H0002256,H0003663,정치외교학과,CUL0202,문화기술인간,2025/1 ~ 2027/2,정치외교학과,ok
H0002256,H0003663,정치외교학과,CUL0204,통합사고와읽기의기술,2025/1 ~ 2027/2,정치외교학과,ok
H0002256,H0003663,정치외교학과,CUL0205,Technology and AI: Utopia or Dystopia?,2026/1 ~ 2028/2,정치외교학과,ok
H0002256,H0003663,정치외교학과,CUL0207,미래지능연결,2026/1 ~ 2028/2,정치외교학과,ok
H0002256,H0003663,정치외교학과,CUL1122,창의적프로그래밍,2023/1 ~ 2028/2,정치외교학과,ok
H0002256,H0003663,정치외교학과,CUL1138,인공지능과기계학습,2023/1 ~ 2028/2,정치외교학과,ok
H0002256,H0003663,정치외교학과,GEN0087,정치학개론,2014/1 ~ 2027/2,정치외교학과,ok
H0002256,H0003663,정치외교학과,GEN4091,과학기술의철학적이해,2014/1 ~ 2027/2,정치외교학과,ok
H0002256,H0003663,정치외교학과,GEN5029,커리어개발Ⅰ:취.창업진로로드맵,2014/1 ~ 2027/2,정치외교학과,ok
H0002256,H0003663,정치외교학과,GEN5100,커리어개발Ⅱ:취.창업진로포트폴리오,2015/1 ~ 2029/2,정치외교학과,ok
H0002256,H0003663,정치외교학과,GEN6032,전문학술영어,2014/1 ~ 2028/2,정치외교학과,ok
H0002256,H0003663,정치외교학과,GEN6044,한양사회봉사,2014/1 ~ 2014/2,정치외교학과,ok
H0002256,H0003663,정치외교학과,GEN6094,전공현장실습1,2012/1 ~ 2016/2,정치외교학과,ok
H0002256,H0003663,정치외교학과,GEN6095,전공현장실습2,2012/1 ~ 2016/2,정치외교학과,ok
H0002256,H0003663,정치외교학과,LAW3015,국제법,2012/1 ~ 2030/2,정치외교학과,ok
H0002256,H0003663,정치외교학과,LAW3024,법과정치,2011/1 ~ 2029/2,정치외교학과,ok
H0002256,H0003663,정치외교학과,PAD3062,정치와행정,2014/1 ~ 2016/2,정치외교학과,ok
H0002256,H0003663,정치외교학과,PER2026,KOREA IN GLOBAL CONTEXT,2014/1 ~ 2028/2,정치외교학과,ok
H0002256,H0003663,정치외교학과,PER3032,GLOBAL POLITICS AND ECONOMY,2012/1 ~ 2017/2,정치외교학과,ok
H0002256,H0003663,정치외교학과,PSD1002,정치와사회,2014/1 ~ 2015/2,정치외교학과,ok
H0002256,H0003663,정치외교학과,PSD1004,국제정치학입문,2014/1 ~ 2027/2,정치외교학과,ok
H0002256,H0003663,정치외교학과,PSD1005,외교정책의이해,2014/1 ~ 2028/2,정치외교학과,ok
H0002256,H0003663,정치외교학과,PSD1006,정치와이념,2014/1 ~ 2016/2,정치외교학과,ok
H0002256,H0003663,정치외교학과,PSD2002,비교정치론,2014/1 ~ 2028/2,정치외교학과,ok
H0002256,H0003663,정치외교학과,PSD2010,한국정치외교사,2014/1 ~ 2028/2,정치외교학과,ok
H0002256,H0003663,정치외교학과,PSD2014,유럽정치론,2014/1 ~ 2028/2,정치외교학과,ok
H0002256,H0003663,정치외교학과,PSD2015,미국정치론,2011/1 ~ 2029/2,정치외교학과,ok
H0002256,H0003663,정치외교학과,PSD2020,통일문제연구,2011/1 ~ 2029/2,정치외교학과,ok
H0002256,H0003663,정치외교학과,PSD2022,동북아국제관계,2014/1 ~ 2028/2,정치외교학과,ok
H0002256,H0003663,정치외교학과,PSD2052,국제정치사,2014/1 ~ 2029/2,정치외교학과,ok
H0002256,H0003663,정치외교학과,PSD2054,서양정치사상,2014/1 ~ 2029/2,정치외교학과,ok
H0002256,H0003663,정치외교학과,PSD3003,한국정치론,2011/1 ~ 2029/2,정치외교학과,ok
H0002256,H0003663,정치외교학과,PSD3009,동양정치사상,2011/1 ~ 2017/2,정치외교학과,ok
H0002256,H0003663,정치외교학과,PSD3011,정치사회학,2012/1 ~ 2018/2,정치외교학과,ok
H0002256,H0003663,정치외교학과,PSD3019,국제협상론,2011/1 ~ 2030/2,정치외교학과,ok
H0002256,H0003663,정치외교학과,PSD3020,현대정치학이론,2012/1 ~ 2018/2,정치외교학과,ok
H0002256,H0003663,정치외교학과,PSD3021,정당과선거,2012/1 ~ 2028/2,정치외교학과,ok
H0002256,H0003663,정치외교학과,PSD3022,국제관계이론,2014/1 ~ 2029/2,정치외교학과,ok
H0002256,H0003663,정치외교학과,PSD3023,국제제도와협력,2011/1 ~ 2017/2,정치외교학과,ok
H0002256,H0003663,정치외교학과,PSD3024,국가정보론,2011/1 ~ 2017/2,정치외교학과,ok
H0002256,H0003663,정치외교학과,PSD3054,비교정치경제론,2011/1 ~ 2028/2,정치외교학과,ok
H0002256,H0003663,정치외교학과,PSD3056,시민사회와사회운동,2011/1 ~ 2029/2,정치외교학과,ok
H0002256,H0003663,정치외교학과,PSD3057,국제개발협력과아프리카,2012/1 ~ 2029/2,정치외교학과,ok
H0002256,H0003663,정치외교학과,PSD3058,평화와안보,2014/1 ~ 2028/2,정치외교학과,ok
H0002256,H0003663,정치외교학과,PSD3059,국가발전론,2015/1 ~ 2029/2,정치외교학과,ok
H0002256,H0003663,정치외교학과,PSD4005,외교정책론,2016/1 ~ 2018/2,정치외교학과,ok
H0002256,H0003663,정치외교학과,PSD4006,정치학방법론,2011/1 ~ 2028/2,정치외교학과,ok
H0002256,H0003663,정치외교학과,PSD4014,한국정치사상,2012/1 ~ 2018/2,정치외교학과,ok
H0002256,H0003663,정치외교학과,PSD4016,중국의정치,2012/1 ~ 2030/2,정치외교학과,ok
H0002256,H0003663,정치외교학과,PSD4017,일본정치론,2014/1 ~ 2028/2,정치외교학과,ok
H0002256,H0003663,정치외교학과,PSD4019,국제정치경제론,2012/1 ~ 2029/2,정치외교학과,ok
H0002256,H0003663,정치외교학과,PSD4020,러시아정치론,2012/1 ~ 2030/2,정치외교학과,ok
H0002256,H0003663,정치외교학과,PSD4021,정치권력과리더쉽,2014/1 ~ 2016/2,정치외교학과,ok
H0002256,H0003663,정치외교학과,PSD4024,21세기국제환경과국제관계,2011/1 ~ 2029/2,정치외교학과,ok
H0002256,H0003663,정치외교학과,PSD4025,북한의정치와사회,2011/1 ~ 2028/2,정치외교학과,ok
H0002256,H0003663,정치외교학과,PSD4026,정보화사회의정치,2011/1 ~ 2017/2,정치외교학과,ok
H0002256,H0003663,정치외교학과,PSD4027,세계화와법,2012/1 ~ 2026/2,정치외교학과,ok
H0002256,H0003663,정치외교학과,PSD4028,독재정치,2027/1 ~ 2030/2,정치외교학과,not_found
H0002256,H0003663,정치외교학과,PSD4052,국제분쟁론,2012/1 ~ 2018/2,정치외교학과,ok
H0002256,H0003663,정치외교학과,PSD4054,국가위기관리론,2012/1 ~ 2018/2,정치외교학과,ok
H0002256,H0003663,정치외교학과,PSD4056,국제개발협력의거버넌스,2012/1 ~ 2029/2,정치외교학과,ok
H0002256,H0003663,정치외교학과,PSD4057,아프리카와지역통합,2015/1 ~ 2030/2,정치외교학과,ok
H0002256,H0003663,정치외교학과,SYH0001,사랑의실천1(한양나눔),2014/1 ~ 2027/2,정치외교학과,ok
H0002256,H0003663,정치외교학과,SYH0002,사랑의실천2(스마트커뮤니케이션),2014/1 ~ 2028/2,정치외교학과,not_found
H0002256,H0003663,정치외교학과,SYH0003,사랑의실천3(기업가정신),2011/1 ~ 2029/2,정치외교학과,not_found
H0002256,H0003663,정치외교학과,SYH0004,사랑의실천4(미래실용인재),2012/1 ~ 2030/2,정치외교학과,ok
H0002256,H0003663,정치외교학과,TEA3033,일반사회논리및논술,2011/1 ~ 2029/2,정치외교학과,ok
H0002256,H0003663,정치외교학과,TEA5013,일반사회교과교육론,2011/1 ~ 2029/2,정치외교학과,ok
H0002256,H0003663,정치외교학과,TEA6013,일반사회교과교재연구및지도,2012/1 ~ 2030/2,정치외교학과,ok
H0002256,H0002835,정치외교학전공,GEN6032,전문학술영어,2010/1 ~ 2013/2,정치외교학전공(학부/서울),ok
H0002256,H0002835,정치외교학전공,GEN6094,전공현장실습1,2012/1 ~ 2013/2,정치외교학전공(학부/서울),ok
H0002256,H0002835,정치외교학전공,GEN6095,전공현장실습2,2012/1 ~ 2013/2,정치외교학전공(학부/서울),ok
H0002256,H0002835,정치외교학전공,LAW3015,국제법,1999/1 ~ 2013/2,정치외교학전공(학부/서울),ok
H0002256,H0002835,정치외교학전공,LAW3024,법과정치,2008/1 ~ 2013/2,정치외교학전공(학부/서울),ok
H0002256,H0002835,정치외교학전공,PAD3062,정치와행정,2010/1 ~ 2013/2,정치외교학전공(학부/서울),ok
H0002256,H0002835,정치외교학전공,PER2026,KOREA IN GLOBAL CONTEXT,2012/1 ~ 2013/2,정치외교학전공(학부/서울),ok
H0002256,H0002835,정치외교학전공,PER3032,GLOBAL POLITICS AND ECONOMY,2012/1 ~ 2013/2,정치외교학전공(학부/서울),ok
H0002256,H0002835,정치외교학전공,PSD2002,비교정치론,1998/1 ~ 2013/2,정치외교학전공(학부/서울),ok
H0002256,H0002835,정치외교학전공,PSD2010,한국정치외교사,1998/1 ~ 2013/2,정치외교학전공(학부/서울),ok
H0002256,H0002835,정치외교학전공,PSD2014,유럽정치론,1998/1 ~ 2013/2,정치외교학전공(학부/서울),ok
H0002256,H0002835,정치외교학전공,PSD2015,미국정치론,1998/1 ~ 2013/2,정치외교학전공(학부/서울),ok
H0002256,H0002835,정치외교학전공,PSD2020,통일문제연구,2002/1 ~ 2013/2,정치외교학전공(학부/서울),ok
H0002256,H0002835,정치외교학전공,PSD2022,동북아국제관계,2002/1 ~ 2013/2,정치외교학전공(학부/서울),ok
H0002256,H0002835,정치외교학전공,PSD2052,국제정치사,2006/1 ~ 2013/2,정치외교학전공(학부/서울),ok
H0002256,H0002835,정치외교학전공,PSD2054,서양정치사상,2014/1 ~ 2013/2,정치외교학전공(학부/서울),ok
H0002256,H0002835,정치외교학전공,PSD3003,한국정치론,1999/1 ~ 2013/2,정치외교학전공(학부/서울),ok
H0002256,H0002835,정치외교학전공,PSD3009,동양정치사상,1999/1 ~ 2013/2,정치외교학전공(학부/서울),ok
H0002256,H0002835,정치외교학전공,PSD3011,정치사회학,2000/1 ~ 2013/2,정치외교학전공(학부/서울),ok
H0002256,H0002835,정치외교학전공,PSD3019,국제협상론,1999/1 ~ 2013/2,정치외교학전공(학부/서울),ok
H0002256,H0002835,정치외교학전공,PSD3020,현대정치학이론,2000/1 ~ 2013/2,정치외교학전공(학부/서울),ok
H0002256,H0002835,정치외교학전공,PSD3021,정당과선거,2003/1 ~ 2013/2,정치외교학전공(학부/서울),ok
H0002256,H0002835,정치외교학전공,PSD3022,국제관계이론,2003/1 ~ 2013/2,정치외교학전공(학부/서울),ok
H0002256,H0002835,정치외교학전공,PSD3023,국제제도와협력,2003/1 ~ 2013/2,정치외교학전공(학부/서울),ok
H0002256,H0002835,정치외교학전공,PSD3024,국가정보론,2009/1 ~ 2013/2,정치외교학전공(학부/서울),ok
H0002256,H0002835,정치외교학전공,PSD3054,비교정치경제론,2007/1 ~ 2013/2,정치외교학전공(학부/서울),ok
H0002256,H0002835,정치외교학전공,PSD3056,시민사회와사회운동,2007/1 ~ 2013/2,정치외교학전공(학부/서울),ok
H0002256,H0002835,정치외교학전공,PSD3057,국제개발협력과아프리카,2012/1 ~ 2013/2,정치외교학전공(학부/서울),ok
H0002256,H0002835,정치외교학전공,PSD4005,외교정책론,2000/1 ~ 2013/2,정치외교학전공(학부/서울),ok
H0002256,H0002835,정치외교학전공,PSD4006,정치학방법론,2003/1 ~ 2013/2,정치외교학전공(학부/서울),ok
H0002256,H0002835,정치외교학전공,PSD4014,한국정치사상,2000/1 ~ 2013/2,정치외교학전공(학부/서울),ok
H0002256,H0002835,정치외교학전공,PSD4016,중국의정치,2000/1 ~ 2013/2,정치외교학전공(학부/서울),ok
H0002256,H0002835,정치외교학전공,PSD4017,일본정치론,1999/1 ~ 2013/2,정치외교학전공(학부/서울),ok
H0002256,H0002835,정치외교학전공,PSD4019,국제정치경제론,2000/1 ~ 2013/2,정치외교학전공(학부/서울),ok
H0002256,H0002835,정치외교학전공,PSD4020,러시아정치론,2000/1 ~ 2013/2,정치외교학전공(학부/서울),ok
H0002256,H0002835,정치외교학전공,PSD4021,정치권력과리더쉽,2000/1 ~ 2013/2,정치외교학전공(학부/서울),ok
H0002256,H0002835,정치외교학전공,PSD4024,21세기국제환경과국제관계,2000/1 ~ 2013/2,정치외교학전공(학부/서울),ok
H0002256,H0002835,정치외교학전공,PSD4025,북한의정치와사회,2004/1 ~ 2013/2,정치외교학전공(학부/서울),ok
H0002256,H0002835,정치외교학전공,PSD4026,정보화사회의정치,2004/1 ~ 2013/2,정치외교학전공(학부/서울),ok
H0002256,H0002835,정치외교학전공,PSD4027,세계화와법,2009/1 ~ 2013/2,정치외교학전공(학부/서울),ok
H0002256,H0002835,정치외교학전공,PSD4052,국제분쟁론,2008/1 ~ 2013/2,정치외교학전공(학부/서울),ok
H0002256,H0002835,정치외교학전공,PSD4054,국가위기관리론,2012/1 ~ 2013/2,정치외교학전공(학부/서울),ok
H0002256,H0002835,정치외교학전공,PSD4056,국제개발협력의거버넌스,2012/1 ~ 2013/2,정치외교학전공(학부/서울),ok
H0002256,H0002835,정치외교학전공,SYH0002,사랑의실천2(스마트커뮤니케이션),2008/1 ~ 2013/2,정치외교학전공(학부/서울),not_found
H0002256,H0002835,정치외교학전공,SYH0003,사랑의실천3(기업가정신),2011/1 ~ 2013/2,정치외교학전공(학부/서울),not_found
H0002256,H0002835,정치외교학전공,SYH0004,사랑의실천4(미래실용인재),2012/1 ~ 2013/2,정치외교학전공(학부/서울),ok
H0002256,H0002835,정치외교학전공,TEA3033,일반사회논리및논술,2011/1 ~ 2013/2,정치외교학전공(학부/서울),ok
H0002256,H0002835,정치외교학전공,TEA5013,일반사회교과교육론,2011/1 ~ 2013/2,정치외교학전공(학부/서울),ok
H0002256,H0002835,정치외교학전공,TEA6013,일반사회교과교재연구및지도,2012/1 ~ 2013/2,정치외교학전공(학부/서울),ok
H0002256,H0002950,중국경제통상전공,BUS1061,회계의이해,2017/1 ~ 2026/1,중국경제통상전공,ok
H0002256,H0002950,중국경제통상전공,CEC0001,중국경제론,2006/1 ~ 2028/2,중국경제통상전공,ok
H0002256,H0002950,중국경제통상전공,CEC0002,현대중국사회의이해,2006/1 ~ 2028/2,중국경제통상전공,ok
H0002256,H0002950,중국경제통상전공,CEC0003,중국경제통상법,2006/1 ~ 2023/1,중국경제통상전공,ok
H0002256,H0002950,중국경제통상전공,CEC0006,중국지적재산법,2007/1 ~ 2021/2,중국경제통상전공,ok
H0002256,H0002950,중국경제통상전공,CEC0007,중국세무회계,2007/1 ~ 2021/2,중국경제통상전공,ok
H0002256,H0002950,중국경제통상전공,CEC0008,중국의권력구조와정부조직,2006/1 ~ 2028/2,중국경제통상전공,ok
H0002256,H0002950,중국경제통상전공,CEC0009,중국금융시장의이해,2006/1 ~ 2028/2,중국경제통상전공,ok
H0002256,H0002950,중국경제통상전공,CEC0012,중국통상실무,2009/1 ~ 2029/2,중국경제통상전공,ok
H0002256,H0002950,중국경제통상전공,CEC0013,무역중국어,2009/1 ~ 2029/2,중국경제통상전공,ok
H0002256,H0002950,중국경제통상전공,CEC0014,중국지역경제의이해,2018/1 ~ 2029/2,중국경제통상전공,ok
H0002256,H0002950,중국경제통상전공,CEC0015,4차산업혁명과중국혁신기업,2021/1 ~ 2023/1,중국경제통상전공,ok
H0002256,H0002950,중국경제통상전공,CEC0016,중국문화콘텐츠의이해,2020/2 ~ 2028/2,중국경제통상전공,ok
H0002256,H0002950,중국경제통상전공,CEC0017,중국전통인재론과리더십,2020/2 ~ 2029/2,중국경제통상전공,ok
H0002256,H0002950,중국경제통상전공,CEC0018,중국외교정책론,2020/2 ~ 2029/2,중국경제통상전공,ok
H0002256,H0002950,중국경제통상전공,CEC0019,영상으로이해하는중국사회문화,2021/1 ~ 2029/2,중국경제통상전공,ok
H0002256,H0002950,중국경제통상전공,CEC0020,중국기업의이해,2021/2 ~ 2029/2,중국경제통상전공,ok
H0002256,H0002950,중국경제통상전공,CEC2001,거시경제학입문,2023/2 ~ 2028/2,중국경제통상전공,ok
H0002256,H0002950,중국경제통상전공,CEC2002,미시경제학입문,2023/2 ~ 2028/2,중국경제통상전공,ok
H0002256,H0002950,중국경제통상전공,CEC3000,중국기업의이해2,2022/1 ~ 2029/2,중국경제통상전공,ok
H0002256,H0002950,중국경제통상전공,CEC3001,중국사회현안세미나,2023/2 ~ 2029/2,중국경제통상전공,ok
H0002256,H0002950,중국경제통상전공,CEC4001,중국산업론,2023/2 ~ 2029/2,중국경제통상전공,ok
H0002256,H0002950,중국경제통상전공,CEC4002,AI시대중국의경제정책,2026/2 ~ 2029/2,중국경제통상전공,not_found
H0002256,H0002950,중국경제통상전공,CHI1003,중국문화개설,2011/1 ~ 2017/2,중국경제통상전공,ok
H0002256,H0002950,중국경제통상전공,CHI2060,중국의언어와문화,2011/1 ~ 2029/2,중국경제통상전공,ok
H0002256,H0002950,중국경제통상전공,CUL2046,기업정보의이해,2002/1 ~ 2016/2,중국경제통상전공,ok
H0002256,H0002950,중국경제통상전공,ECO1001,경제학입문,2002/1 ~ 2023/1,중국경제통상전공,ok
H0002256,H0002950,중국경제통상전공,ECO3047,국제무역과통상정책,2006/1 ~ 2028/2,중국경제통상전공,ok
H0002256,H0002950,중국경제통상전공,GEN0059,경제원론1,2002/1 ~ 2016/2,중국경제통상전공,ok
H0002256,H0002950,중국경제통상전공,GEN3041,초급중국어1,2010/1 ~ 2028/2,중국경제통상전공,ok
H0002256,H0002940,중국어커뮤니케이션전공,CHI4054,중한대조와전환,2007/1 ~ 2016/2,중국어커뮤니케이션전공,ok
H0002256,H0002940,중국어커뮤니케이션전공,PER2011,통번역입문,2007/1 ~ 2016/2,중국어커뮤니케이션전공,ok
H0002256,H0002940,중국어커뮤니케이션전공,PER2012,한국어의이해와활용,2007/1 ~ 2016/2,중국어커뮤니케이션전공,ok
H0002256,H0002940,중국어커뮤니케이션전공,PER2013,커뮤니케이션입문,2007/1 ~ 2016/2,중국어커뮤니케이션전공,ok
H0002256,H0002940,중국어커뮤니케이션전공,PER2017,중국어커뮤니케이션기초,2009/1 ~ 2016/2,중국어커뮤니케이션전공,not_found
H0002256,H0002940,중국어커뮤니케이션전공,PER2018,중국어커뮤니케이션연습,2009/1 ~ 2016/2,중국어커뮤니케이션전공,not_found
H0002256,H0002940,중국어커뮤니케이션전공,PER3011,중국어통역기초,2007/1 ~ 2017/2,중국어커뮤니케이션전공,ok
H0002256,H0002940,중국어커뮤니케이션전공,PER4005,통역프랙티컴,2008/1 ~ 2018/2,중국어커뮤니케이션전공,ok
H0002256,H0002940,중국어커뮤니케이션전공,PER4006,외국어커뮤니케이션과언어습득,2008/1 ~ 2017/2,중국어커뮤니케이션전공,ok
H0002256,H0002940,중국어커뮤니케이션전공,PER4007,무역통상중국어,2008/1 ~ 2018/2,중국어커뮤니케이션전공,ok
H0002256,H0002940,중국어커뮤니케이션전공,PER4008,중국의비즈니스문화,2010/1 ~ 2018/2,중국어커뮤니케이션전공,ok
H0002256,H0002809,중어중문학과,CHI1003,중국문화개설,1989/1 ~ 2016/2,중어중문학(학부/서울),ok
H0002256,H0002809,중어중문학과,CHI1034,현대중국의정치경제,2008/1 ~ 2019/2,중어중문학(학부/서울),ok
H0002256,H0002809,중어중문학과,CHI1035,중국어입문2,2008/1 ~ 2027/2,중어중문학(학부/서울),ok
H0002256,H0002809,중어중문학과,CHI1037,중국어입문1,2008/1 ~ 2027/2,중어중문학(학부/서울),ok
H0002256,H0002809,중어중문학과,CHI1038,중국어듣기와말하기,2008/1 ~ 2015/2,중어중문학(학부/서울),ok
H0002256,H0002809,중어중문학과,CHI1039,중국어읽기와쓰기,2008/1 ~ 2015/2,중어중문학(학부/서울),ok
H0002256,H0002809,중어중문학과,CHI1046,한자한문의이해,2016/1 ~ 2025/2,중어중문학(학부/서울),ok
H0002256,H0002809,중어중문학과,CHI1047,중국어학산책,2016/1 ~ 2023/2,중어중문학(학부/서울),ok
H0002256,H0002809,중어중문학과,CHI1052,중국의역사와사상,2020/1 ~ 2028/2,중어중문학(학부/서울),ok
H0002256,H0002809,중어중문학과,CHI2045,현대중국어법,2006/1 ~ 2013/2,중어중문학(학부/서울),ok
H0002256,H0002809,중어중문학과,CHI2046,중국고대문학의이해,2006/1 ~ 2028/2,중어중문학(학부/서울),ok
H0002256,H0002809,중어중문학과,CHI2048,사마천의사기와현대사회,2006/1 ~ 2028/2,중어중문학(학부/서울),ok
H0002256,H0002809,중어중문학과,CHI2049,중국근대문학의이해,2007/1 ~ 2028/2,중어중문학(학부/서울),ok
H0002256,H0002809,중어중문학과,CHI2053,중국문화입문,2006/1 ~ 2028/2,중어중문학(학부/서울),ok
H0002256,H0002809,중어중문학과,CHI2054,중급중국어1,2006/1 ~ 2028/2,중어중문학(학부/서울),ok
H0002256,H0002809,중어중문학과,CHI2055,실용중국어회화1,2006/1 ~ 2028/2,중어중문학(학부/서울),ok
H0002256,H0002809,중어중문학과,CHI2056,중국어작문2,2006/1 ~ 2025/2,중어중문학(학부/서울),ok
H0002256,H0002809,중어중문학과,CHI2057,중급중국어2,2006/1 ~ 2028/2,중어중문학(학부/서울),ok
H0002256,H0002809,중어중문학과,CHI2058,실용중국어회화2,2006/1 ~ 2028/2,중어중문학(학부/서울),ok
H0002256,H0002809,중어중문학과,CHI2059,현대중국어독해,2006/1 ~ 2030/2,중어중문학(학부/서울),ok
H0002256,H0002809,중어중문학과,CHI2060,중국의언어와문화,2006/1 ~ 2024/2,중어중문학(학부/서울),ok
H0002256,H0002809,중어중문학과,CHI2065,현대중국어문법,2014/1 ~ 2029/2,중어중문학(학부/서울),ok
H0002256,H0002809,중어중문학과,CHI2066,중국고전읽기,2014/1 ~ 2029/2,중어중문학(학부/서울),ok
H0002256,H0002809,중어중문학과,CHI2073,중국어음성학,2024/1 ~ 2028/2,중어중문학(학부/서울),ok
H0002256,H0002809,중어중문학과,CHI2074,중국어통사론,2025/1 ~ 2030/2,중어중문학(학부/서울),not_found
H0002256,H0002809,중어중문학과,CHI3019,중급중국어회화,1991/1 ~ 2017/2,중어중문학(학부/서울),ok
H0002256,H0002809,중어중문학과,CHI3027,고급중국어회화,1991/1 ~ 2017/2,중어중문학(학부/서울),ok
H0002256,H0002809,중어중문학과,CHI3031,중국어학의이해,2007/1 ~ 2029/2,중어중문학(학부/서울),ok
H0002256,H0002809,중어중문학과,CHI3033,한자의이해,2007/1 ~ 2029/2,중어중문학(학부/서울),ok
H0002256,H0002809,중어중문학과,CHI3054,현대중국의문학과사회문화,2008/1 ~ 2029/2,중어중문학(학부/서울),ok
H0002256,H0002809,중어중문학과,CHI3056,중국시가감상,2007/1 ~ 2021/2,중어중문학(학부/서울),ok
H0002256,H0002809,중어중문학과,CHI3057,중국민간가요와대중문화,2007/1 ~ 2017/2,중어중문학(학부/서울),ok
H0002256,H0002809,중어중문학과,CHI3058,중국소설의세계,2007/1 ~ 2029/2,중어중문학(학부/서울),ok
H0002256,H0002809,중어중문학과,CHI3059,당송시가감상,2007/1 ~ 2029/2,중어중문학(학부/서울),ok
H0002256,H0002809,중어중문학과,CHI3061,고급중국어1,2007/1 ~ 2029/2,중어중문학(학부/서울),ok
H0002256,H0002809,중어중문학과,CHI3063,고급중국어2,2007/1 ~ 2029/2,중어중문학(학부/서울),ok
H0002256,H0002809,중어중문학과,CHI3064,중국음운의세계,2007/1 ~ 2025/2,중어중문학(학부/서울),ok
H0002256,H0002809,중어중문학과,CHI3068,사기강독,2011/1 ~ 2017/2,중어중문학(학부/서울),ok
H0002256,H0002809,중어중문학과,CHI3071,중국어연극제작실습,2012/1 ~ 2029/2,중어중문학(학부/서울),ok
H0002256,H0002809,중어중문학과,CHI3079,중국민간가요,2022/1 ~ 2029/2,중어중문학(학부/서울),ok
H0002256,H0002809,중어중문학과,CHI3081,한자의세계와한중한자어비교,2024/2 ~ 2029/2,중어중문학(학부/서울),ok
H0002256,H0002809,중어중문학과,CHI4038,명시문으로이해하는중국문화,2008/1 ~ 2022/2,중어중문학(학부/서울),ok
H0002256,H0002809,중어중문학과,CHI4039,경서의이해,2008/1 ~ 2016/1,중어중문학(학부/서울),ok
H0002256,H0002809,중어중문학과,CHI4041,중국현대문학감상,2007/1 ~ 2030/2,중어중문학(학부/서울),ok
H0002256,H0002809,중어중문학과,CHI4042,중국문학비평의이해,2008/1 ~ 2016/1,중어중문학(학부/서울),ok
H0002256,H0002809,중어중문학과,CHI4043,제자백가의이해,2008/1 ~ 2030/2,중어중문학(학부/서울),ok
H0002256,H0002809,중어중문학과,CHI4047,실무중국어,2008/1 ~ 2025/2,중어중문학(학부/서울),ok
H0002256,H0002809,중어중문학과,CHI4048,중국소설감상,2008/1 ~ 2018/2,중어중문학(학부/서울),ok
H0002256,H0002809,중어중문학과,CHI4050,중국공연예술과미디어문화,2008/1 ~ 2029/2,중어중문학(학부/서울),ok
H0002256,H0002809,중어중문학과,CHI4052,중국어의사소통연습,2008/1 ~ 2016/1,중어중문학(학부/서울),ok
H0002256,H0002809,중어중문학과,CHI4053,시사중국어듣기연습,2008/1 ~ 2018/2,중어중문학(학부/서울),ok
H0002256,H0002809,중어중문학과,CHI4056,중국전문가캡스톤디자인,2012/1 ~ 2016/1,중어중문학(학부/서울),ok
H0002256,H0002809,중어중문학과,CHI4058,한중언어비교와브랜드네이밍,2016/1 ~ 2030/2,중어중문학(학부/서울),ok
H0002256,H0002809,중어중문학과,CHI4059,중국의지역별상인과비즈니스문화,2016/2 ~ 2022/2,중어중문학(학부/서울),ok
H0002256,H0002809,중어중문학과,CHI4060,중국마케팅론,2016/2 ~ 2022/2,중어중문학(학부/서울),ok
H0002256,H0002809,중어중문학과,CHI4062,중국도시발전과지역문화의이해,2016/2 ~ 2030/2,중어중문학(학부/서울),ok
H0002256,H0002809,중어중문학과,CHI4064,중국비즈니스및창업캡스톤디자인,2016/2 ~ 2022/2,중어중문학(학부/서울),ok
H0002256,H0002809,중어중문학과,CHI4066,언어데이터의정량분석,2026/1 ~ 2029/2,중어중문학(학부/서울),not_found
H0002256,H0002809,중어중문학과,CHI4069,중국미디어문화의이해,2026/1 ~ 2029/2,중어중문학(학부/서울),not_found
H0002256,H0002809,중어중문학과,CUL0005,말과글,2008/1 ~ 2027/2,중어중문학(학부/서울),ok
H0002256,H0002809,중어중문학과,CUL0011,창의적컴퓨팅,2017/1 ~ 2027/2,중어중문학(학부/서울),ok
H0002256,H0002809,중어중문학과,CUL0202,문화기술인간,2025/1 ~ 2027/2,중어중문학(학부/서울),ok
H0002256,H0002809,중어중문학과,CUL0204,통합사고와읽기의기술,2025/1 ~ 2027/2,중어중문학(학부/서울),ok
H0002256,H0002809,중어중문학과,CUL0206,Personal Branding in Digital Markets,2026/1 ~ 2028/2,중어중문학(학부/서울),ok
H0002256,H0002809,중어중문학과,CUL0208,스토리텔링의설계와전략,2026/1 ~ 2028/2,중어중문학(학부/서울),ok
H0002256,H0002809,중어중문학과,CUL1122,창의적프로그래밍,2021/1 ~ 2028/2,중어중문학(학부/서울),ok
H0002256,H0002809,중어중문학과,CUL1138,인공지능과기계학습,2019/1 ~ 2028/2,중어중문학(학부/서울),ok
H0002256,H0002809,중어중문학과,ENG1063,영어능력평가와연습,2010/1 ~ 2015/2,중어중문학(학부/서울),ok
H0002256,H0002809,중어중문학과,GEN0039,심리학개론,1989/1 ~ 1992/2,중어중문학(학부/서울),ok
H0002256,H0002809,중어중문학과,GEN1043,중급중국어,1993/1 ~ 1996/2,중어중문학(학부/서울),ok
H0002256,H0002809,중어중문학과,GEN3041,초급중국어1,2009/1 ~ 2012/2,중어중문학(학부/서울),ok
H0002256,H0002809,중어중문학과,GEN4091,과학기술의철학적이해,2008/1 ~ 2027/2,중어중문학(학부/서울),ok
H0002256,H0002809,중어중문학과,GEN5029,커리어개발Ⅰ:취.창업진로로드맵,2008/1 ~ 2027/2,중어중문학(학부/서울),ok
H0002256,H0002809,중어중문학과,GEN5100,커리어개발Ⅱ:취.창업진로포트폴리오,2015/1 ~ 2029/2,중어중문학(학부/서울),ok
H0002256,H0002809,중어중문학과,GEN6032,전문학술영어,2010/1 ~ 2028/2,중어중문학(학부/서울),ok
H0002256,H0002809,중어중문학과,GEN6044,한양사회봉사,2009/1 ~ 2014/2,중어중문학(학부/서울),ok
H0002256,H0002809,중어중문학과,GEN6094,전공현장실습1,2012/1 ~ 2016/2,중어중문학(학부/서울),ok
H0002256,H0002809,중어중문학과,GEN6095,전공현장실습2,2012/1 ~ 2016/2,중어중문학(학부/서울),ok
H0002256,H0002809,중어중문학과,HYP1024,중어중문학HY-UP(실용연구실습)1,2026/1 ~ 2029/2,중어중문학(학부/서울),not_found
H0002256,H0002809,중어중문학과,HYP2022,중어중문학HY-UP(실용연구실습)2,2025/2 ~ 2029/2,중어중문학(학부/서울),not_found
H0002256,H0002809,중어중문학과,HYP3018,중어중문학HY-UP(실용연구실습)3,2026/1 ~ 2030/2,중어중문학(학부/서울),not_found
H0002256,H0002809,중어중문학과,HYP4017,중어중문학HY-UP(실용연구실습)4,2025/2 ~ 2030/2,중어중문학(학부/서울),not_found
H0002256,H0002809,중어중문학과,HYR0008,중어중문학HY-UROP(실용연구심화),2025/2 ~ 2030/2,중어중문학(학부/서울),ok
H0002256,H0002809,중어중문학과,PER1001,수행인문학논술,2010/1 ~ 2015/2,중어중문학(학부/서울),ok
H0002256,H0002809,중어중문학과,SYH0001,사랑의실천1(한양나눔),2008/1 ~ 2027/2,중어중문학(학부/서울),ok
H0002256,H0002809,중어중문학과,SYH0002,사랑의실천2(스마트커뮤니케이션),2008/1 ~ 2028/2,중어중문학(학부/서울),not_found
H0002256,H0002809,중어중문학과,SYH0003,사랑의실천3(기업가정신),2011/1 ~ 2029/2,중어중문학(학부/서울),not_found
H0002256,H0002809,중어중문학과,SYH0004,사랑의실천4(미래실용인재),2012/1 ~ 2030/2,중어중문학(학부/서울),ok
H0002256,H0002809,중어중문학과,TEA3022,중국어논리및논술,2011/1 ~ 2015/1,중어중문학(학부/서울),ok
H0002256,H0002809,중어중문학과,TEA3044,외국어논리및논술,2015/2 ~ 2029/2,중어중문학(학부/서울),ok
H0002256,H0002809,중어중문학과,TEA5002,중국어교과교육론,2011/1 ~ 2015/1,중어중문학(학부/서울),ok
H0002256,H0002809,중어중문학과,TEA5022,외국어교과교육론,2015/2 ~ 2029/2,중어중문학(학부/서울),ok
H0002256,H0002809,중어중문학과,TEA6021,외국어교과교재연구및지도,2016/1 ~ 2030/2,중어중문학(학부/서울),ok
H0002256,H0003878,창업융합전공,CUL1156,4차산업혁명과창업,2021/1 ~ 2028/2,창업융합전공,ok
H0002256,H0003878,창업융합전공,GEN5010,지적재산법,2021/1 ~ 2028/2,창업융합전공,ok
H0002256,H0003878,창업융합전공,JOB5001,단기창업현장실습,2015/1 ~ 2029/2,창업융합전공,not_found
H0002256,H0003878,창업융합전공,JOB6001,창업현장실습(전공핵심),2017/1 ~ 2029/2,창업융합전공,not_found
H0002256,H0003878,창업융합전공,JOB6002,창업현장실습(전공심화),2017/1 ~ 2029/2,창업융합전공,not_found
H0002256,H0003878,창업융합전공,JOB6003,창업현장실습(일반교양),2017/1 ~ 2019/2,창업융합전공,not_found
H0002256,H0003878,창업융합전공,JOB6005,창업현장실습(일반선택),2017/1 ~ 2029/2,창업융합전공,not_found
H0002256,H0003878,창업융합전공,VEN2001,창업기초:창업과기업가정신,2015/1 ~ 2028/2,창업융합전공,ok
H0002256,H0003878,창업융합전공,VEN2002,창업실습:실전창업워크숍1,2015/1 ~ 2030/2,창업융합전공,ok
H0002256,H0003878,창업융합전공,VEN2003,창업심화:스타트업 A to Z,2015/1 ~ 2029/2,창업융합전공,ok
H0002256,H0003878,창업융합전공,VEN2004,창업기초:창업아이디어기획,2015/1 ~ 2016/2,창업융합전공,not_found
H0002256,H0003878,창업융합전공,VEN2005,창업기초:디자인씽킹,2015/2 ~ 2028/2,창업융합전공,ok
H0002256,H0003878,창업융합전공,VEN2009,창업기초:스타트업기업가정신의이해와사례,2015/2 ~ 2028/2,창업융합전공,ok
H0002256,H0003878,창업융합전공,VEN2011,Business Model Schema,2016/2 ~ 2022/1,창업융합전공,ok
H0002256,H0003878,창업융합전공,VEN2012,스타트업트렌드1,2016/2 ~ 2022/1,창업융합전공,ok
H0002256,H0003878,창업융합전공,VEN2013,스타트업트렌드2,2016/2 ~ 2022/1,창업융합전공,ok
H0002256,H0003878,창업융합전공,VEN2014,창업기초:사회적기업가정신액션러닝,2016/2 ~ 2028/2,창업융합전공,ok
H0002256,H0003878,창업융합전공,VEN2015,레드라이언을위한씽씽스타트업1,2017/2 ~ 2025/2,창업융합전공,ok
H0002256,H0003878,창업융합전공,VEN2017,창업기초:사업기회의발견,2020/1 ~ 2028/2,창업융합전공,ok
H0002256,H0003878,창업융합전공,VEN2018,창업심화:스타트업마케팅,2020/1 ~ 2029/2,창업융합전공,ok
H0002256,H0003878,창업융합전공,VEN2021,세상을바꾸는스타트업이야기,2024/1 ~ 2025/2,창업융합전공,ok
H0002256,H0003878,창업융합전공,VEN2031,미디어AI크리에이터창업의기초,2026/1 ~ 2028/2,창업융합전공,ok
H0002256,H0003878,창업융합전공,VEN3001,창업심화:스타트업법률이슈,2015/1 ~ 2029/2,창업융합전공,ok
H0002256,H0003878,창업융합전공,VEN3002,창업심화:스타트업특허,2015/1 ~ 2029/2,창업융합전공,ok
H0002256,H0003878,창업융합전공,VEN3003,창업심화:사회적기업과창업,2015/1 ~ 2020/2,창업융합전공,not_found
H0002256,H0003878,창업융합전공,VEN3004,창업실습:협력적비즈니스모델의성공조건,2015/1 ~ 2022/1,창업융합전공,ok
H0002256,H0003878,창업융합전공,VEN3005,창업실습:캠퍼스CEO,2015/2 ~ 2029/2,창업융합전공,ok
H0002256,H0003878,창업융합전공,VEN3006,창업실습1,2015/2 ~ 2029/2,창업융합전공,ok
H0002256,H0003878,창업융합전공,VEN3007,창업실습2,2016/1 ~ 2030/2,창업융합전공,ok
H0002256,H0003878,창업융합전공,VEN3008,창업기초:글로벌스타트업멘토링,2016/1 ~ 2028/2,창업융합전공,ok
H0002256,H0003878,창업융합전공,VEN3009,창업심화:스타트업투자유치전략,2016/1 ~ 2029/2,창업융합전공,ok
H0002256,H0003878,창업융합전공,VEN3010,창업기초:3D프린팅이해와활용,2016/1 ~ 2022/2,창업융합전공,ok
H0002256,H0003878,창업융합전공,VEN3011,창업기초:문화예술산업의이해,2016/1 ~ 2028/2,창업융합전공,ok
H0002256,H0003878,창업융합전공,VEN3012,창업실습:3D프린팅스타트업,2016/2 ~ 2025/2,창업융합전공,ok
H0002256,H0003878,창업융합전공,VEN3013,창업실습:도전크라우드펀딩,2017/2 ~ 2025/2,창업융합전공,ok
H0002256,H0003878,창업융합전공,VEN3014,창업실습:스타트랙1,2019/1 ~ 2029/2,창업융합전공,ok
H0002256,H0003878,창업융합전공,VEN3017,클라우드비즈니스모델,2021/1 ~ 2029/2,창업융합전공,ok
H0002256,H0003878,창업융합전공,VEN3018,창업실무:고객데이터분석및활용기초,2022/1 ~ 2029/2,창업융합전공,ok
H0002256,H0003878,창업융합전공,VEN3019,창업실무:쉽게배우는모바일앱개발,2022/1 ~ 2029/2,창업융합전공,ok
H0002256,H0003878,창업융합전공,VEN3020,창업실무:모바일게임프로그래밍기초,2022/1 ~ 2029/2,창업융합전공,ok
H0002256,H0003878,창업융합전공,VEN3021,창업실무:금융DT와핀테크SW기초,2022/1 ~ 2029/2,창업융합전공,ok
H0002256,H0003878,창업융합전공,VEN3024,창업가정신과사회적혁신,2023/2 ~ 2028/2,창업융합전공,ok
H0002256,H0003878,창업융합전공,VEN3025,창업실무:엔엘코드(No-LowCode)를활용한IT서비스기획,2024/1 ~ 2029/2,창업융합전공,ok
H0002256,H0003878,창업융합전공,VEN4001,창업실습:캡스톤디자인,2015/2 ~ 2030/2,창업융합전공,ok
H0002256,H0003878,창업융합전공,VEN4002,창업실습:강소기업필드스터디,2016/1 ~ 2018/2,창업융합전공,not_found
H0002256,H0003878,창업융합전공,VEN4003,블록체인과비즈니스모델,2018/2 ~ 2029/2,창업융합전공,ok
H0002256,H0003878,창업융합전공,VEN4006,창업심화:스타트업경영전략,2024/1 ~ 2029/2,창업융합전공,ok
H0002256,H0003878,창업융합전공,VEN4007,창업실습:실전창업워크숍2,2026/2 ~ 2030/2,창업융합전공,not_found
H0002256,H0003878,창업융합전공,VEN6001,스타트업토크콘서트,2017/1 ~ 2028/2,창업융합전공,ok
H0002256,H0003877,창업융합학과,CUL0135,글로벌기업가정신,2021/1 ~ 2024/2,창업융합학과,ok
H0002256,H0002815,철학과,CUL0005,말과글,2008/1 ~ 2027/2,철학(학부/서울),ok
H0002256,H0002815,철학과,CUL0011,창의적컴퓨팅,2017/1 ~ 2027/2,철학(학부/서울),ok
H0002256,H0002815,철학과,CUL0201,상상과학성찰,2025/1 ~ 2027/2,철학(학부/서울),ok
H0002256,H0002815,철학과,CUL0203,AI시대쓰기의힘,2025/1 ~ 2027/2,철학(학부/서울),ok
H0002256,H0002815,철학과,CUL0205,Technology and AI: Utopia or Dystopia?,2026/1 ~ 2028/2,철학(학부/서울),ok
H0002256,H0002815,철학과,CUL0207,미래지능연결,2026/1 ~ 2028/2,철학(학부/서울),ok
H0002256,H0002815,철학과,CUL1122,창의적프로그래밍,2021/1 ~ 2028/2,철학(학부/서울),ok
H0002256,H0002815,철학과,CUL1138,인공지능과기계학습,2019/1 ~ 2028/2,철학(학부/서울),ok
H0002256,H0002815,철학과,GEN0039,심리학개론,1989/1 ~ 1992/2,철학(학부/서울),ok
H0002256,H0002815,철학과,GEN1056,인간과역사,2008/1 ~ 2014/2,철학(학부/서울),ok
H0002256,H0002815,철학과,GEN3041,초급중국어1,2009/1 ~ 2012/2,철학(학부/서울),ok
H0002256,H0002815,철학과,GEN4091,과학기술의철학적이해,2008/1 ~ 2027/2,철학(학부/서울),ok
H0002256,H0002815,철학과,GEN5029,커리어개발Ⅰ:취.창업진로로드맵,2008/1 ~ 2027/2,철학(학부/서울),ok
H0002256,H0002815,철학과,GEN5100,커리어개발Ⅱ:취.창업진로포트폴리오,2015/1 ~ 2029/2,철학(학부/서울),ok
H0002256,H0002815,철학과,GEN6032,전문학술영어,2010/1 ~ 2028/2,철학(학부/서울),ok
H0002256,H0002815,철학과,GEN6044,한양사회봉사,2009/1 ~ 2014/2,철학(학부/서울),ok
H0002256,H0002815,철학과,GEN6094,전공현장실습1,2012/1 ~ 2016/2,철학(학부/서울),ok
H0002256,H0002815,철학과,GEN6095,전공현장실습2,2012/1 ~ 2016/2,철학(학부/서울),ok
H0002256,H0002815,철학과,LAW4005,법철학,2019/1 ~ 2030/2,철학(학부/서울),ok
H0002256,H0002815,철학과,PER1001,수행인문학논술,2010/1 ~ 2015/2,철학(학부/서울),ok
H0002256,H0002815,철학과,PHL1002,철학명저읽기1,2013/1 ~ 2015/2,철학(학부/서울),ok
H0002256,H0002815,철학과,PHL1003,철학명저읽기2,2013/1 ~ 2015/2,철학(학부/서울),ok
H0002256,H0002815,철학과,PHL1004,철학과문화유산,2013/1 ~ 2014/2,철학(학부/서울),ok
H0002256,H0002815,철학과,PHL1005,서양철학사,2016/1 ~ 2025/2,철학(학부/서울),ok
H0002256,H0002815,철학과,PHL1006,철학명저읽기,2016/1 ~ 2027/2,철학(학부/서울),ok
H0002256,H0002815,철학과,PHL1011,철학의개념,2009/1 ~ 2015/2,철학(학부/서울),ok
H0002256,H0002815,철학과,PHL1012,철학의역사,2009/1 ~ 2015/2,철학(학부/서울),ok
H0002256,H0002815,철학과,PHL1051,윤리학,1994/1 ~ 2028/2,철학(학부/서울),ok
H0002256,H0002815,철학과,PHL2009,형이상학,1990/1 ~ 2029/2,철학(학부/서울),ok
H0002256,H0002815,철학과,PHL2017,예술철학,2016/1 ~ 2018/2,철학(학부/서울),ok
H0002256,H0002815,철학과,PHL2021,기호논리학,1994/1 ~ 2027/2,철학(학부/서울),ok
H0002256,H0002815,철학과,PHL2034,중국철학사,2006/1 ~ 2028/2,철학(학부/서울),ok
H0002256,H0002815,철학과,PHL2035,현대유럽철학,2006/1 ~ 2030/2,철학(학부/서울),ok
H0002256,H0002815,철학과,PHL2038,서양근대철학사,2006/1 ~ 2029/2,철학(학부/서울),ok
H0002256,H0002815,철학과,PHL2039,서양고대철학사,2006/1 ~ 2028/2,철학(학부/서울),ok
H0002256,H0002815,철학과,PHL2040,현대유럽인의사유방식,2006/1 ~ 2022/2,철학(학부/서울),ok
H0002256,H0002815,철학과,PHL2041,물질과마음철학,2006/1 ~ 2029/2,철학(학부/서울),ok
H0002256,H0002815,철학과,PHL2042,중국정치철학,2014/1 ~ 2030/2,철학(학부/서울),ok
H0002256,H0002815,철학과,PHL3005,인식론,1991/1 ~ 2029/2,철학(학부/서울),ok
H0002256,H0002815,철학과,PHL3024,한국철학사,1991/1 ~ 2028/2,철학(학부/서울),ok
H0002256,H0002815,철학과,PHL3054,독일관념론,2015/1 ~ 2017/2,철학(학부/서울),ok
H0002256,H0002815,철학과,PHL3056,도가도교철학,2007/1 ~ 2028/2,철학(학부/서울),ok
H0002256,H0002815,철학과,PHL3063,기술철학,2007/1 ~ 2029/2,철학(학부/서울),ok
H0002256,H0002815,철학과,PHL3065,한국성리학,2015/1 ~ 2028/2,철학(학부/서울),ok
H0002256,H0002815,철학과,PHL3066,유가철학,2015/1 ~ 2029/2,철학(학부/서울),ok
H0002256,H0002815,철학과,PHL3067,독일현대철학,2015/1 ~ 2017/2,철학(학부/서울),ok
H0002256,H0002815,철학과,PHL3068,한국실학,2015/1 ~ 2029/2,철학(학부/서울),ok
H0002256,H0002815,철학과,PHL3069,현대영미철학,2018/1 ~ 2029/2,철학(학부/서울),ok
H0002256,H0002815,철학과,PHL4005,과학철학,1992/1 ~ 2028/2,철학(학부/서울),ok
H0002256,H0002815,철학과,PHL4007,사회철학,1992/1 ~ 2018/2,철학(학부/서울),ok
H0002256,H0002815,철학과,PHL4036,불교철학,2008/1 ~ 2029/2,철학(학부/서울),ok
H0002256,H0002815,철학과,PHL4042,한국전통과학기술사상,2008/1 ~ 2018/2,철학(학부/서울),ok
H0002256,H0002815,철학과,PHL4045,철학과사회캡스톤디자인,2012/1 ~ 2030/2,철학(학부/서울),ok
H0002256,H0002815,철학과,PHL4046,철학과사회실습,2012/1 ~ 2022/2,철학(학부/서울),ok
H0002256,H0002815,철학과,PHL4047,글로벌시대의한자문화와사상,2016/1 ~ 2030/2,철학(학부/서울),ok
H0002256,H0002815,철학과,PHL4048,현대중국철학,2016/1 ~ 2029/2,철학(학부/서울),ok
H0002256,H0002815,철학과,PHL4049,서양철학의논쟁들,2016/1 ~ 2018/2,철학(학부/서울),ok
H0002256,H0002815,철학과,PHL4050,프랑스현대철학,2016/1 ~ 2018/2,철학(학부/서울),ok
H0002256,H0002815,철학과,PHL4051,영미현대철학,2016/1 ~ 2018/2,철학(학부/서울),ok
H0002256,H0002815,철학과,PHL4053,현대예술철학,2019/1 ~ 2030/2,철학(학부/서울),ok
H0002256,H0002815,철학과,PHL4054,현대사회철학,2019/1 ~ 2030/2,철학(학부/서울),ok
H0002256,H0002815,철학과,SYH0001,사랑의실천1(한양나눔),2008/1 ~ 2027/2,철학(학부/서울),ok
H0002256,H0002815,철학과,SYH0002,사랑의실천2(스마트커뮤니케이션),2008/1 ~ 2028/2,철학(학부/서울),not_found
H0002256,H0002815,철학과,SYH0003,사랑의실천3(기업가정신),2011/1 ~ 2029/2,철학(학부/서울),not_found
H0002256,H0002815,철학과,SYH0004,사랑의실천4(미래실용인재),2012/1 ~ 2030/2,철학(학부/서울),ok
H0002256,H0002815,철학과,TEA3023,철학논리및논술,2011/1 ~ 2029/2,철학(학부/서울),ok
H0002256,H0002815,철학과,TEA5003,철학교과교육론,2011/1 ~ 2029/2,철학(학부/서울),ok
H0002256,H0002815,철학과,TEA6003,철학교과교재연구및지도,2012/1 ~ 2030/2,철학(학부/서울),ok
H0002256,H0003587,체육학과,CHM4006,생화학,2013/1 ~ 2016/2,체육학과,ok
H0002256,H0003587,체육학과,CUL0005,말과글,2009/1 ~ 2022/2,체육학과,ok
H0002256,H0003587,체육학과,CUL0011,창의적컴퓨팅,2017/1 ~ 2022/1,체육학과,ok
H0002256,H0003587,체육학과,CUL2084,체동학,2013/1 ~ 2022/2,체육학과,ok
H0002256,H0003587,체육학과,CUL2090,스키,2017/1 ~ 2022/2,체육학과,ok
H0002256,H0003587,체육학과,CUL3006,웨이트트레이닝,2016/1 ~ 2022/1,체육학과,ok
H0002256,H0003587,체육학과,DCE2005,수영,2016/1 ~ 2022/1,체육학과,ok
H0002256,H0003587,체육학과,DCE2016,건강교육,2015/1 ~ 2023/2,체육학과,ok
H0002256,H0003587,체육학과,DCE2018,운동생리1,2013/1 ~ 2022/1,체육학과,ok
H0002256,H0003587,체육학과,DCE2019,운동생리2,2013/1 ~ 2022/2,체육학과,ok
H0002256,H0003587,체육학과,DCE3002,스포츠심리,2009/1 ~ 2022/1,체육학과,ok
H0002256,H0003587,체육학과,DCE3003,골프,2019/1 ~ 2020/1,체육학과,ok
H0002256,H0003587,체육학과,DCE3005,트레이닝방법론,2013/1 ~ 2025/2,체육학과,ok
H0002256,H0003587,체육학과,DCE3030,운동학습및제어,2018/1 ~ 2021/2,체육학과,ok
H0002256,H0003587,체육학과,DCE4002,스포츠사회학,2013/1 ~ 2018/2,체육학과,ok
H0002256,H0003587,체육학과,DCE4005,배드민턴,2018/1 ~ 2025/2,체육학과,ok
H0002256,H0003587,체육학과,DCE4027,운동처방,2013/1 ~ 2025/2,체육학과,ok
H0002256,H0003587,체육학과,GEN3041,초급중국어1,2009/1 ~ 2012/2,체육학과,ok
H0002256,H0003587,체육학과,GEN4091,과학기술의철학적이해,2014/1 ~ 2022/1,체육학과,ok
H0002256,H0003587,체육학과,GEN5029,커리어개발Ⅰ:취.창업진로로드맵,2009/1 ~ 2022/1,체육학과,ok
H0002256,H0003587,체육학과,GEN5091,생활영어회화1,2013/1 ~ 2016/2,체육학과,ok
H0002256,H0003587,체육학과,GEN5092,생활영어회화2,2013/1 ~ 2016/2,체육학과,ok
H0002256,H0003587,체육학과,GEN5093,생활영어회화3,2013/1 ~ 2017/2,체육학과,ok
H0002256,H0003587,체육학과,GEN5094,생활영어회화4,2013/1 ~ 2017/2,체육학과,ok
H0002256,H0003587,체육학과,GEN5095,생활영어회화5,2013/1 ~ 2018/2,체육학과,ok
H0002256,H0003587,체육학과,GEN5096,생활영어회화6,2013/1 ~ 2018/2,체육학과,ok
H0002256,H0003587,체육학과,GEN5100,커리어개발Ⅱ:취.창업진로포트폴리오,2015/1 ~ 2023/2,체육학과,ok
H0002256,H0003587,체육학과,GEN6032,전문학술영어,2013/1 ~ 2022/2,체육학과,ok
H0002256,H0003587,체육학과,GEN6044,한양사회봉사,2009/1 ~ 2014/2,체육학과,ok
H0002256,H0003587,체육학과,HYP3004,스포츠사이언스HY-UP(실용연구실습)3,2024/1 ~ 2026/2,체육학과,ok
H0002256,H0003587,체육학과,HYP4003,스포츠사이언스HY-UP(실용연구실습)4,2024/1 ~ 2026/2,체육학과,ok
H0002256,H0003587,체육학과,PHE1002,체조,2017/1 ~ 2022/1,체육학과,ok
H0002256,H0003587,체육학과,PHE1005,기초체력1,2009/1 ~ 2015/2,체육학과,ok
H0002256,H0003587,체육학과,PHE1006,기초체력2,2009/1 ~ 2015/2,체육학과,ok
H0002256,H0003587,체육학과,PHE1036,인체해부학,2009/1 ~ 2022/1,체육학과,ok
H0002256,H0003587,체육학과,PHE1038,인체생리학,2009/1 ~ 2015/2,체육학과,ok
H0002256,H0003587,체육학과,PHE1041,스포츠개론,2010/1 ~ 2022/1,체육학과,ok
H0002256,H0003587,체육학과,PHE1042,스포츠생물학,2011/1 ~ 2019/2,체육학과,ok
H0002256,H0003587,체육학과,PHE1043,건강과질병의이해,2016/1 ~ 2022/1,체육학과,ok
H0002256,H0003587,체육학과,PHE1044,그룹운동,2016/1 ~ 2022/1,체육학과,ok
H0002256,H0003587,체육학과,PHE1045,기초실기1,2016/1 ~ 2021/1,체육학과,ok
H0002256,H0003587,체육학과,PHE1047,기초실기2,2016/1 ~ 2022/1,체육학과,ok
H0002256,H0003587,체육학과,PHE1048,스포츠문화와역사,2020/1 ~ 2022/1,체육학과,ok
H0002256,H0003587,체육학과,PHE1049,스포츠운동과학의기초,2020/1 ~ 2022/1,체육학과,ok
H0002256,H0003587,체육학과,PHE2011,체육사,2013/1 ~ 2022/2,체육학과,ok
H0002256,H0003587,체육학과,PHE2015,스포츠의학,2013/1 ~ 2022/2,체육학과,ok
H0002256,H0003587,체육학과,PHE2017,육상,2016/1 ~ 2022/1,체육학과,ok
H0002256,H0003587,체육학과,PHE2018,배구,2017/1 ~ 2022/1,체육학과,ok
H0002256,H0003587,체육학과,PHE2019,농구,2017/1 ~ 2022/2,체육학과,ok
H0002256,H0003587,체육학과,PHE2020,레크레이션,2015/1 ~ 2017/2,체육학과,ok
H0002256,H0003587,체육학과,PHE2026,야영훈련,2018/1 ~ 2019/1,체육학과,not_found
H0002256,H0003587,체육학과,PHE2061,생활체육론,2014/1 ~ 2016/2,체육학과,ok
H0002256,H0003587,체육학과,PHE2080,유도,2018/1 ~ 2023/2,체육학과,ok
H0002256,H0003587,체육학과,PHE2083,전공심화실기1,2013/1 ~ 2017/2,체육학과,ok
H0002256,H0003587,체육학과,PHE2088,전공심화실기2,2013/1 ~ 2016/2,체육학과,ok
H0002256,H0003587,체육학과,PHE2096,스포츠마사지,2013/1 ~ 2022/2,체육학과,ok
H0002256,H0003587,체육학과,PHE2100,스포츠윤리,2017/1 ~ 2022/1,체육학과,ok
H0002256,H0003587,체육학과,PHE2101,기초실기3,2017/1 ~ 2021/1,체육학과,ok
H0002256,H0003587,체육학과,PHE2102,해양훈련,2017/1 ~ 2019/1,체육학과,ok
H0002256,H0003587,체육학과,PHE2103,기초실기4,2017/1 ~ 2022/1,체육학과,ok
H0002256,H0003587,체육학과,PHE2104,축구,2017/1 ~ 2022/2,체육학과,ok
H0002256,H0003587,체육학과,PHE2116,뇌과학과운동,2021/1 ~ 2022/2,체육학과,ok
H0002256,H0003587,체육학과,PHE3024,스포츠영양학개론,2013/1 ~ 2016/2,체육학과,ok
H0002256,H0003587,체육학과,PHE3068,스포츠현장실습,2013/1 ~ 2023/2,체육학과,ok
H0002256,H0003587,체육학과,PHE3095,전공심화실기3,2013/1 ~ 2016/2,체육학과,ok
H0002256,H0003587,체육학과,PHE3100,기초실기5,2018/1 ~ 2023/2,체육학과,ok
H0002256,H0003587,체육학과,PHE3101,동계스포츠,2018/1 ~ 2023/2,체육학과,ok
H0002256,H0003587,체육학과,PHE3102,여가레크레이션,2018/1 ~ 2024/2,체육학과,ok
H0002256,H0003587,체육학과,PHE3115,스포츠IT이벤트,2019/2 ~ 2023/1,체육학과,ok
H0002256,H0003587,체육학과,PHE3120,버추얼피트니스,2022/1 ~ 2025/2,체육학과,ok
H0002256,H0003587,체육학과,PHE3121,스포츠재활의실제,2023/1 ~ 2026/2,체육학과,ok
H0002256,H0003587,체육학과,PHE3122,체육시설안전관리,2022/1 ~ 2023/2,체육학과,ok
H0002256,H0003587,체육학과,PHE3123,수상스포츠,2022/1 ~ 2022/2,체육학과,not_found
H0002256,H0003587,체육학과,PHE4006,테니스,2017/1 ~ 2022/1,체육학과,ok
H0002256,H0003587,체육학과,PHE4026,특수체육,2013/1 ~ 2026/2,체육학과,ok
H0002256,H0003587,체육학과,PHE4068,전공심화실기5,2015/1 ~ 2017/2,체육학과,ok
H0002256,H0003587,체육학과,PHE4074,전공심화실기6,2016/1 ~ 2018/2,체육학과,ok
H0002256,H0003587,체육학과,PHE4081,전공심화실기4,2013/1 ~ 2017/2,체육학과,ok
H0002256,H0003587,체육학과,PHE4085,건강학개론,2009/1 ~ 2015/2,체육학과,ok
H0002256,H0003587,체육학과,PHE4086,스포츠와인체기능학,2009/1 ~ 2019/2,체육학과,ok
H0002256,H0003587,체육학과,PHE4087,기능학실험법,2009/1 ~ 2015/2,체육학과,ok
H0002256,H0003587,체육학과,PHE4088,체육측정법,2013/1 ~ 2022/2,체육학과,ok
H0002256,H0003587,체육학과,PHE4089,기초기능학,2013/1 ~ 2016/2,체육학과,ok
H0002256,H0003587,체육학과,PHE4091,전공지도실기1,2013/1 ~ 2016/2,체육학과,ok
H0002256,H0003587,체육학과,PHE4092,해부기능학,2014/1 ~ 2016/2,체육학과,not_found
H0002256,H0003587,체육학과,PHE4094,전공지도실기2,2013/1 ~ 2016/2,체육학과,ok
H0002256,H0003587,체육학과,PHE4095,기초생화학,2013/1 ~ 2016/2,체육학과,ok
H0002256,H0003587,체육학과,PHE4112,스포츠동작분석,2023/2 ~ 2025/2,체육학과,ok
H0002256,H0003587,체육학과,PHE5004,운동기능학,2013/1 ~ 2022/1,체육학과,ok
H0002256,H0003587,체육학과,PHE5006,체육학실험법,2013/1 ~ 2018/2,체육학과,ok
H0002256,H0003587,체육학과,PHE5010,스포츠교육학,2013/1 ~ 2024/2,체육학과,ok
H0002256,H0003587,체육학과,PHE5011,응급처치와테이핑,2013/1 ~ 2022/2,체육학과,ok
H0002256,H0003587,체육학과,PHE5013,고령자운동과건강,2013/1 ~ 2023/2,체육학과,ok
H0002256,H0003587,체육학과,PHE5014,운동부하검사및심전도,2013/1 ~ 2018/2,체육학과,ok
H0002256,H0003587,체육학과,PHE5015,스포츠상해및재활,2013/1 ~ 2023/2,체육학과,ok
H0002256,H0003587,체육학과,PHE5016,전공지도실기3,2013/1 ~ 2017/2,체육학과,ok
H0002256,H0003587,체육학과,PHE5017,전공지도실기4,2013/1 ~ 2018/2,체육학과,ok
H0002256,H0003587,체육학과,PHE5021,스포츠통계학1,2013/1 ~ 2025/2,체육학과,ok
H0002256,H0003587,체육학과,PHE5022,스포츠통계학2,2013/1 ~ 2022/2,체육학과,ok
H0002256,H0003587,체육학과,PHE5029,운동발달장애론,2013/1 ~ 2017/2,체육학과,ok
H0002256,H0003587,체육학과,PHE5030,운동학습및심리,2013/1 ~ 2017/2,체육학과,ok
H0002256,H0003587,체육학과,PHE5031,운동제어및심리,2013/1 ~ 2017/2,체육학과,ok
H0002256,H0003587,체육학과,PHE5032,체력관리학,2013/1 ~ 2017/2,체육학과,ok
H0002256,H0003587,체육학과,PHE5033,스포츠영양학,2013/1 ~ 2022/1,체육학과,ok
H0002256,H0003587,체육학과,PHE5034,스포츠유전학,2013/1 ~ 2022/2,체육학과,ok
H0002256,H0003587,체육학과,PHE5035,체육측정평가론,2013/1 ~ 2022/2,체육학과,ok
H0002256,H0003587,체육학과,PHE5036,체육학연구방법론,2013/1 ~ 2024/2,체육학과,ok
H0002256,H0003587,체육학과,PHE5037,체육학실험연구캡스톤디자인I,2013/1 ~ 2026/2,체육학과,ok
H0002256,H0003587,체육학과,PHE5038,체육학실험연구캡스톤디자인II,2013/1 ~ 2024/2,체육학과,ok
H0002256,H0003587,체육학과,PHE5040,태권도,2018/1 ~ 2025/2,체육학과,ok
H0002256,H0003587,체육학과,PHE5041,전공기초실기(테니스),2014/1 ~ 2016/2,체육학과,ok
H0002256,H0003587,체육학과,PHE5042,전공기초실기(해양훈련),2014/1 ~ 2016/2,체육학과,ok
H0002256,H0003587,체육학과,PHE5043,전공기초실기(배구),2014/1 ~ 2016/2,체육학과,ok
H0002256,H0003587,체육학과,PHE5044,전공기초실기(농구),2015/1 ~ 2017/2,체육학과,ok
H0002256,H0003587,체육학과,PHE5045,전공기초실기(축구),2015/1 ~ 2017/2,체육학과,ok
H0002256,H0003587,체육학과,PHE5046,전공기초실기(골프),2016/1 ~ 2018/2,체육학과,ok
H0002256,H0003587,체육학과,SYH0001,사랑의실천1(한양나눔),2009/1 ~ 2022/1,체육학과,ok
H0002256,H0003587,체육학과,SYH0002,사랑의실천2(스마트커뮤니케이션),2013/1 ~ 2022/2,체육학과,not_found
H0002256,H0003587,체육학과,SYH0003,사랑의실천3(기업가정신),2013/1 ~ 2023/2,체육학과,not_found
H0002256,H0003587,체육학과,SYH0004,사랑의실천4(미래실용인재),2013/1 ~ 2026/2,체육학과,ok
H0002256,H0003587,체육학과,TEA3037,체육논리및논술,2013/1 ~ 2024/2,체육학과,ok
H0002256,H0003587,체육학과,TEA5017,체육교과교육론,2013/1 ~ 2025/2,체육학과,ok
H0002256,H0003587,체육학과,TEA6017,체육교과교재연구및지도,2013/1 ~ 2026/2,체육학과,ok
H0002256,H0004134,컴퓨터소프트웨어학부,COE1010,실용공학연구1,2018/2 ~ 2025/2,컴퓨터소프트웨어학부,ok
H0002256,H0004134,컴퓨터소프트웨어학부,COE1011,실용공학연구2,2018/2 ~ 2025/2,컴퓨터소프트웨어학부,ok
H0002256,H0004134,컴퓨터소프트웨어학부,COE1012,실용공학연구3,2019/1 ~ 2026/2,컴퓨터소프트웨어학부,ok
H0002256,H0004134,컴퓨터소프트웨어학부,COE1013,실용공학연구4,2019/1 ~ 2026/2,컴퓨터소프트웨어학부,ok
H0002256,H0004134,컴퓨터소프트웨어학부,CSE2010,자료구조론,2017/1 ~ 2028/2,컴퓨터소프트웨어학부,ok
H0002256,H0004134,컴퓨터소프트웨어학부,CSE3037,기계학습알고리즘,2022/1 ~ 2030/2,컴퓨터소프트웨어학부,ok
H0002256,H0004134,컴퓨터소프트웨어학부,CSE4006,소프트웨어공학,2018/1 ~ 2029/2,컴퓨터소프트웨어학부,ok
H0002256,H0004134,컴퓨터소프트웨어학부,CSE4007,인공지능,2018/1 ~ 2029/2,컴퓨터소프트웨어학부,ok
H0002256,H0004134,컴퓨터소프트웨어학부,CSE4009,시스템프로그래밍,2017/1 ~ 2028/2,컴퓨터소프트웨어학부,ok
H0002256,H0004134,컴퓨터소프트웨어학부,CSE4020,컴퓨터그래픽스,2018/1 ~ 2029/2,컴퓨터소프트웨어학부,ok
H0002256,H0004134,컴퓨터소프트웨어학부,CSE4055,지능형로보틱스,2023/1 ~ 2026/2,컴퓨터소프트웨어학부,ok
H0002256,H0004134,컴퓨터소프트웨어학부,CSE4056,딥러닝시스템,2023/1 ~ 2026/2,컴퓨터소프트웨어학부,not_found
H0002256,H0004134,컴퓨터소프트웨어학부,CSE4057,자연어처리론,2023/1 ~ 2030/2,컴퓨터소프트웨어학부,ok
H0002256,H0004134,컴퓨터소프트웨어학부,CUL0005,말과글,2017/1 ~ 2027/2,컴퓨터소프트웨어학부,ok
H0002256,H0004134,컴퓨터소프트웨어학부,CUL0202,문화기술인간,2025/1 ~ 2027/2,컴퓨터소프트웨어학부,ok
H0002256,H0004134,컴퓨터소프트웨어학부,CUL0204,통합사고와읽기의기술,2025/1 ~ 2027/2,컴퓨터소프트웨어학부,ok
H0002256,H0004134,컴퓨터소프트웨어학부,CUL0205,Technology and AI: Utopia or Dystopia?,2026/1 ~ 2028/2,컴퓨터소프트웨어학부,ok
H0002256,H0004134,컴퓨터소프트웨어학부,CUL0208,스토리텔링의설계와전략,2026/1 ~ 2028/2,컴퓨터소프트웨어학부,ok
H0002256,H0004134,컴퓨터소프트웨어학부,CUL3011,일반물리학및실험1,2017/1 ~ 2027/2,컴퓨터소프트웨어학부,ok
H0002256,H0004134,컴퓨터소프트웨어학부,ECN4003,기계학습이론,2022/1 ~ 2029/2,컴퓨터소프트웨어학부,ok
H0002256,H0004134,컴퓨터소프트웨어학부,EIS1015,임베디드시스템설계,2019/1 ~ 2030/2,컴퓨터소프트웨어학부,ok
H0002256,H0004134,컴퓨터소프트웨어학부,ELE3021,운영체제,2018/1 ~ 2029/2,컴퓨터소프트웨어학부,ok
H0002256,H0004134,컴퓨터소프트웨어학부,ELE4029,컴파일러설계,2018/1 ~ 2029/2,컴퓨터소프트웨어학부,ok
H0002256,H0004134,컴퓨터소프트웨어학부,ENE4014,프로그래밍언어론,2018/1 ~ 2029/2,컴퓨터소프트웨어학부,ok
H0002256,H0004134,컴퓨터소프트웨어학부,ENE4019,컴퓨터네트워크,2017/1 ~ 2029/2,컴퓨터소프트웨어학부,ok
H0002256,H0004134,컴퓨터소프트웨어학부,ENE4041,마이크로프로세서응용,2017/1 ~ 2028/2,컴퓨터소프트웨어학부,ok
H0002256,H0004134,컴퓨터소프트웨어학부,GEN1031,공학도를위한창의적컴퓨팅,2026/1 ~ 2027/2,컴퓨터소프트웨어학부,ok
H0002256,H0004134,컴퓨터소프트웨어학부,GEN2052,미분적분학1,2017/1 ~ 2027/2,컴퓨터소프트웨어학부,ok
H0002256,H0004134,컴퓨터소프트웨어학부,GEN2053,미분적분학2,2017/1 ~ 2027/2,컴퓨터소프트웨어학부,ok
H0002256,H0004134,컴퓨터소프트웨어학부,GEN4091,과학기술의철학적이해,2017/1 ~ 2027/2,컴퓨터소프트웨어학부,ok
H0002256,H0004134,컴퓨터소프트웨어학부,GEN5026,테크노경영학(스타트업종합설계),2018/1 ~ 2029/2,컴퓨터소프트웨어학부,ok
H0002256,H0004134,컴퓨터소프트웨어학부,GEN5029,커리어개발Ⅰ:취.창업진로로드맵,2017/1 ~ 2027/2,컴퓨터소프트웨어학부,ok
H0002256,H0004134,컴퓨터소프트웨어학부,GEN5100,커리어개발Ⅱ:취.창업진로포트폴리오,2018/1 ~ 2029/2,컴퓨터소프트웨어학부,ok
H0002256,H0004134,컴퓨터소프트웨어학부,GEN6032,전문학술영어,2017/1 ~ 2028/2,컴퓨터소프트웨어학부,ok
H0002256,H0004134,컴퓨터소프트웨어학부,HYP1019,컴퓨터소프트웨어HY-UP(실용연구실습)1,2026/1 ~ 2029/2,컴퓨터소프트웨어학부,ok
H0002256,H0004134,컴퓨터소프트웨어학부,HYP2018,컴퓨터소프트웨어HY-UP(실용연구실습)2,2026/1 ~ 2029/2,컴퓨터소프트웨어학부,not_found
H0002256,H0004134,컴퓨터소프트웨어학부,HYP3015,컴퓨터소프트웨어HY-UP(실용연구실습)3,2027/1 ~ 2030/2,컴퓨터소프트웨어학부,not_found
H0002256,H0004134,컴퓨터소프트웨어학부,HYP4013,컴퓨터소프트웨어HY-UP(실용연구실습)4,2027/1 ~ 2030/2,컴퓨터소프트웨어학부,not_found
H0002256,H0004134,컴퓨터소프트웨어학부,ITE1014,소프트웨어입문설계,2017/1 ~ 2025/2,컴퓨터소프트웨어학부,ok
H0002256,H0004134,컴퓨터소프트웨어학부,ITE1015,창의적소프트웨어프로그래밍,2017/1 ~ 2027/2,컴퓨터소프트웨어학부,ok
H0002256,H0004134,컴퓨터소프트웨어학부,ITE1016,전공멘토링1,2019/1 ~ 2030/2,컴퓨터소프트웨어학부,ok
H0002256,H0004134,컴퓨터소프트웨어학부,ITE1017,전공멘토링2,2019/1 ~ 2030/2,컴퓨터소프트웨어학부,ok
H0002256,H0004134,컴퓨터소프트웨어학부,ITE2015,디지털논리,2017/1 ~ 2028/2,컴퓨터소프트웨어학부,ok
H0002256,H0004134,컴퓨터소프트웨어학부,ITE2031,컴퓨터구조론,2018/1 ~ 2029/2,컴퓨터소프트웨어학부,ok
H0002256,H0004134,컴퓨터소프트웨어학부,ITE2035,소프트웨어인턴쉽1,2019/1 ~ 2026/2,컴퓨터소프트웨어학부,ok
H0002256,H0004134,컴퓨터소프트웨어학부,ITE2037,객체지향시스템설계,2017/1 ~ 2028/2,컴퓨터소프트웨어학부,ok
H0002256,H0004134,컴퓨터소프트웨어학부,ITE2038,데이터베이스시스템및응용,2017/1 ~ 2029/2,컴퓨터소프트웨어학부,ok
H0002256,H0004134,컴퓨터소프트웨어학부,ITE2039,알고리즘및문제해결기법,2017/1 ~ 2028/2,컴퓨터소프트웨어학부,ok
H0002256,H0004134,컴퓨터소프트웨어학부,ITE2040,소프트웨어실무영어,2017/1 ~ 2023/1,컴퓨터소프트웨어학부,ok
H0002256,H0004134,컴퓨터소프트웨어학부,ITE3061,계산이론및오토마타,2018/1 ~ 2028/2,컴퓨터소프트웨어학부,ok
H0002256,H0004134,컴퓨터소프트웨어학부,ITE3062,인간컴퓨터상호작용,2019/1 ~ 2030/2,컴퓨터소프트웨어학부,ok
H0002256,H0004134,컴퓨터소프트웨어학부,ITE3063,소프트웨어스튜디오1,2018/1 ~ 2029/2,컴퓨터소프트웨어학부,ok
H0002256,H0004134,컴퓨터소프트웨어학부,ITE3064,소프트웨어인턴쉽2,2019/1 ~ 2026/2,컴퓨터소프트웨어학부,ok
H0002256,H0004134,컴퓨터소프트웨어학부,ITE3068,소프트웨어스튜디오2,2018/1 ~ 2029/2,컴퓨터소프트웨어학부,ok
H0002256,H0004134,컴퓨터소프트웨어학부,ITE3073,컴퓨터알고리즘기초,2018/1 ~ 2021/2,컴퓨터소프트웨어학부,ok
H0002256,H0004134,컴퓨터소프트웨어학부,ITE3074,소프트웨어기술창업1,2018/1 ~ 2029/2,컴퓨터소프트웨어학부,ok
H0002256,H0004134,컴퓨터소프트웨어학부,ITE4004,네트워크프로토콜,2019/1 ~ 2030/2,컴퓨터소프트웨어학부,ok
H0002256,H0004134,컴퓨터소프트웨어학부,ITE4005,데이터사이언스,2019/1 ~ 2030/2,컴퓨터소프트웨어학부,ok
H0002256,H0004134,컴퓨터소프트웨어학부,ITE4006,분산컴퓨팅,2019/1 ~ 2030/2,컴퓨터소프트웨어학부,ok
H0002256,H0004134,컴퓨터소프트웨어학부,ITE4007,컴퓨터보안,2018/1 ~ 2029/2,컴퓨터소프트웨어학부,ok
H0002256,H0004134,컴퓨터소프트웨어학부,ITE4052,컴퓨터비전,2019/1 ~ 2030/2,컴퓨터소프트웨어학부,ok
H0002256,H0004134,컴퓨터소프트웨어학부,ITE4053,딥러닝및응용,2019/1 ~ 2030/2,컴퓨터소프트웨어학부,ok
H0002256,H0004134,컴퓨터소프트웨어학부,ITE4054,캡스톤소프트웨어프로젝트1,2019/1 ~ 2030/2,컴퓨터소프트웨어학부,ok
H0002256,H0004134,컴퓨터소프트웨어학부,ITE4055,캡스톤소프트웨어프로젝트2,2019/1 ~ 2030/2,컴퓨터소프트웨어학부,ok
H0002256,H0004134,컴퓨터소프트웨어학부,ITE4065,병렬프로그래밍,2019/1 ~ 2030/2,컴퓨터소프트웨어학부,ok
H0002256,H0004134,컴퓨터소프트웨어학부,ITE4075,CSE융합세미나1,2019/1 ~ 2030/2,컴퓨터소프트웨어학부,ok
H0002256,H0004134,컴퓨터소프트웨어학부,ITE4076,CSE융합세미나2,2019/1 ~ 2030/2,컴퓨터소프트웨어학부,ok
H0002256,H0004134,컴퓨터소프트웨어학부,ITE4080,지능형생물정보학,2019/1 ~ 2030/2,컴퓨터소프트웨어학부,ok
H0002256,H0004134,컴퓨터소프트웨어학부,ITE4083,소프트웨어기술창업2,2019/1 ~ 2030/2,컴퓨터소프트웨어학부,ok
H0002256,H0004134,컴퓨터소프트웨어학부,MAT2003,선형대수,2017/1 ~ 2028/2,컴퓨터소프트웨어학부,ok
H0002256,H0004134,컴퓨터소프트웨어학부,MAT2017,확률통계론,2017/1 ~ 2028/2,컴퓨터소프트웨어학부,ok
H0002256,H0004134,컴퓨터소프트웨어학부,MAT2020,이산수학,2017/1 ~ 2027/2,컴퓨터소프트웨어학부,ok
H0002256,H0004134,컴퓨터소프트웨어학부,MAT3008,수치해석,2018/1 ~ 2028/2,컴퓨터소프트웨어학부,ok
H0002256,H0004134,컴퓨터소프트웨어학부,PBL4001,컴퓨터소프트웨어캡스톤PBL,2019/1 ~ 2030/2,컴퓨터소프트웨어학부,ok
H0002256,H0004134,컴퓨터소프트웨어학부,SYH0001,사랑의실천1(한양나눔),2017/1 ~ 2027/2,컴퓨터소프트웨어학부,ok
H0002256,H0004134,컴퓨터소프트웨어학부,SYH0002,사랑의실천2(스마트커뮤니케이션),2017/1 ~ 2028/2,컴퓨터소프트웨어학부,not_found
H0002256,H0004134,컴퓨터소프트웨어학부,SYH0003,사랑의실천3(기업가정신),2018/1 ~ 2029/2,컴퓨터소프트웨어학부,not_found
H0002256,H0004134,컴퓨터소프트웨어학부,SYH0004,사랑의실천4(미래실용인재),2019/1 ~ 2030/2,컴퓨터소프트웨어학부,ok
H0002256,H0002519,컴퓨터전공,COE1011,실용공학연구2,2018/2 ~ 2021/2,컴퓨터전공,ok
H0002256,H0002519,컴퓨터전공,COE1012,실용공학연구3,2019/1 ~ 2022/2,컴퓨터전공,ok
H0002256,H0002519,컴퓨터전공,COE1013,실용공학연구4,2018/2 ~ 2022/2,컴퓨터전공,ok
H0002256,H0002519,컴퓨터전공,COE2022,공학입문설계,2012/1 ~ 2015/2,컴퓨터전공,ok
H0002256,H0002519,컴퓨터전공,COE3001,공업수학,2013/1 ~ 2016/2,컴퓨터전공,ok
H0002256,H0002519,컴퓨터전공,COE3051,공업수학1,2017/1 ~ 2020/2,컴퓨터전공,ok
H0002256,H0002519,컴퓨터전공,COM2018,객체지향프로그래밍,2013/1 ~ 2014/2,컴퓨터전공,ok
H0002256,H0002519,컴퓨터전공,CSE2010,자료구조론,2013/1 ~ 2020/2,컴퓨터전공,ok
H0002256,H0002519,컴퓨터전공,CSE4006,소프트웨어공학,2014/1 ~ 2021/2,컴퓨터전공,ok
H0002256,H0002519,컴퓨터전공,CSE4007,인공지능,2015/1 ~ 2021/2,컴퓨터전공,ok
H0002256,H0002519,컴퓨터전공,CSE4009,시스템프로그래밍,2013/1 ~ 2020/2,컴퓨터전공,ok
H0002256,H0002519,컴퓨터전공,CSE4020,컴퓨터그래픽스,2015/1 ~ 2021/2,컴퓨터전공,ok
H0002256,H0002519,컴퓨터전공,CUL0005,말과글,2012/1 ~ 2019/2,컴퓨터전공,ok
H0002256,H0002519,컴퓨터전공,CUL3011,일반물리학및실험1,2012/1 ~ 2019/2,컴퓨터전공,ok
H0002256,H0002519,컴퓨터전공,CUL3012,일반물리학및실험2,2012/1 ~ 2015/2,컴퓨터전공,ok
H0002256,H0002519,컴퓨터전공,ECE3008,신호와시스템,2013/1 ~ 2016/2,컴퓨터전공,ok
H0002256,H0002519,컴퓨터전공,EIS1015,임베디드시스템설계,2015/1 ~ 2022/2,컴퓨터전공,ok
H0002256,H0002519,컴퓨터전공,ELE3019,컴퓨터구조1,2014/1 ~ 2017/2,컴퓨터전공,ok
H0002256,H0002519,컴퓨터전공,ELE3020,컴퓨터구조2,2014/1 ~ 2017/2,컴퓨터전공,ok
H0002256,H0002519,컴퓨터전공,ELE3021,운영체제,2014/1 ~ 2021/2,컴퓨터전공,ok
H0002256,H0002519,컴퓨터전공,ELE4029,컴파일러설계,2014/1 ~ 2021/2,컴퓨터전공,ok
H0002256,H0002519,컴퓨터전공,ENE2008,컴퓨터알고리즘,2013/1 ~ 2014/2,컴퓨터전공,ok
H0002256,H0002519,컴퓨터전공,ENE3001,전자회로,2014/1 ~ 2017/2,컴퓨터전공,ok
H0002256,H0002519,컴퓨터전공,ENE4014,프로그래밍언어론,2014/1 ~ 2021/2,컴퓨터전공,ok
H0002256,H0002519,컴퓨터전공,ENE4019,컴퓨터네트워크,2014/1 ~ 2021/2,컴퓨터전공,ok
H0002256,H0002519,컴퓨터전공,ENE4041,마이크로프로세서응용,2013/1 ~ 2020/2,컴퓨터전공,ok
H0002256,H0002519,컴퓨터전공,GEN2052,미분적분학1,2012/1 ~ 2019/2,컴퓨터전공,ok
H0002256,H0002519,컴퓨터전공,GEN2053,미분적분학2,2012/1 ~ 2019/2,컴퓨터전공,ok
H0002256,H0002519,컴퓨터전공,GEN2055,생물학,2012/1 ~ 2015/2,컴퓨터전공,ok
H0002256,H0002519,컴퓨터전공,GEN4091,과학기술의철학적이해,2013/1 ~ 2019/2,컴퓨터전공,ok
H0002256,H0002519,컴퓨터전공,GEN4094,영문쓰기의원리,2009/1 ~ 2009/2,컴퓨터전공,ok
H0002256,H0002519,컴퓨터전공,GEN5026,테크노경영학(스타트업종합설계),2012/1 ~ 2021/2,컴퓨터전공,ok
H0002256,H0002519,컴퓨터전공,GEN5029,커리어개발Ⅰ:취.창업진로로드맵,2012/1 ~ 2019/2,컴퓨터전공,ok
H0002256,H0002519,컴퓨터전공,GEN5100,커리어개발Ⅱ:취.창업진로포트폴리오,2015/1 ~ 2021/2,컴퓨터전공,ok
H0002256,H0002519,컴퓨터전공,GEN6006,특허법의이해,2014/1 ~ 2017/2,컴퓨터전공,ok
H0002256,H0002519,컴퓨터전공,GEN6032,전문학술영어,2013/1 ~ 2020/2,컴퓨터전공,ok
H0002256,H0002519,컴퓨터전공,GEN6044,한양사회봉사,2012/1 ~ 2014/2,컴퓨터전공,ok
H0002256,H0002519,컴퓨터전공,GEN6094,전공현장실습1,2014/1 ~ 2016/2,컴퓨터전공,ok
H0002256,H0002519,컴퓨터전공,GEN6095,전공현장실습2,2014/1 ~ 2016/2,컴퓨터전공,ok
H0002256,H0002519,컴퓨터전공,ITE1009,C프로그래밍,2009/1 ~ 2015/2,컴퓨터전공,ok
H0002256,H0002519,컴퓨터전공,ITE1013,컴퓨터개론및실습,2009/1 ~ 2015/2,컴퓨터전공,ok
H0002256,H0002519,컴퓨터전공,ITE1014,소프트웨어입문설계,2012/1 ~ 2019/2,컴퓨터전공,ok
H0002256,H0002519,컴퓨터전공,ITE1015,창의적소프트웨어프로그래밍,2012/1 ~ 2019/2,컴퓨터전공,ok
H0002256,H0002519,컴퓨터전공,ITE1016,전공멘토링1,2015/1 ~ 2022/2,컴퓨터전공,ok
H0002256,H0002519,컴퓨터전공,ITE1017,전공멘토링2,2015/1 ~ 2022/2,컴퓨터전공,ok
H0002256,H0002519,컴퓨터전공,ITE2011,파일처리,2014/1 ~ 2021/2,컴퓨터전공,ok
H0002256,H0002519,컴퓨터전공,ITE2014,회로이론및실험,2013/1 ~ 2014/2,컴퓨터전공,ok
H0002256,H0002519,컴퓨터전공,ITE2015,디지털논리,2013/1 ~ 2020/2,컴퓨터전공,ok
H0002256,H0002519,컴퓨터전공,ITE2031,컴퓨터구조론,2018/1 ~ 2021/2,컴퓨터전공,ok
H0002256,H0002519,컴퓨터전공,ITE2035,소프트웨어인턴쉽1,2017/1 ~ 2022/2,컴퓨터전공,ok
H0002256,H0002519,컴퓨터전공,ITE2037,객체지향시스템설계,2015/1 ~ 2020/2,컴퓨터전공,ok
H0002256,H0002519,컴퓨터전공,ITE2038,데이터베이스시스템및응용,2015/1 ~ 2021/2,컴퓨터전공,ok
H0002256,H0002519,컴퓨터전공,ITE2039,알고리즘및문제해결기법,2015/1 ~ 2020/2,컴퓨터전공,ok
H0002256,H0002519,컴퓨터전공,ITE2040,소프트웨어실무영어,2017/1 ~ 2020/2,컴퓨터전공,ok
H0002256,H0002519,컴퓨터전공,ITE3003,데이터통신,2014/1 ~ 2021/2,컴퓨터전공,ok
H0002256,H0002519,컴퓨터전공,ITE3016,데이터베이스시스템,2014/1 ~ 2017/2,컴퓨터전공,ok
H0002256,H0002519,컴퓨터전공,ITE3061,계산이론및오토마타,2014/1 ~ 2021/2,컴퓨터전공,ok
H0002256,H0002519,컴퓨터전공,ITE3062,인간컴퓨터상호작용,2015/1 ~ 2022/2,컴퓨터전공,ok
H0002256,H0002519,컴퓨터전공,ITE3063,소프트웨어스튜디오1,2017/1 ~ 2021/2,컴퓨터전공,ok
H0002256,H0002519,컴퓨터전공,ITE3064,소프트웨어인턴쉽2,2017/1 ~ 2022/2,컴퓨터전공,ok
H0002256,H0002519,컴퓨터전공,ITE3068,소프트웨어스튜디오2,2017/1 ~ 2021/2,컴퓨터전공,ok
H0002256,H0002519,컴퓨터전공,ITE3072,융합소프트웨어프로젝트,2015/1 ~ 2022/2,컴퓨터전공,ok
H0002256,H0002519,컴퓨터전공,ITE3073,컴퓨터알고리즘기초,2018/1 ~ 2021/2,컴퓨터전공,ok
H0002256,H0002519,컴퓨터전공,ITE3074,소프트웨어기술창업1,2017/1 ~ 2021/2,컴퓨터전공,ok
H0002256,H0002519,컴퓨터전공,ITE4003,SOC설계,2015/1 ~ 2018/2,컴퓨터전공,ok
H0002256,H0002519,컴퓨터전공,ITE4004,네트워크프로토콜,2019/1 ~ 2022/2,컴퓨터전공,ok
H0002256,H0002519,컴퓨터전공,ITE4005,데이터사이언스,2015/1 ~ 2022/2,컴퓨터전공,ok
H0002256,H0002519,컴퓨터전공,ITE4006,분산컴퓨팅,2015/1 ~ 2022/2,컴퓨터전공,ok
H0002256,H0002519,컴퓨터전공,ITE4007,컴퓨터보안,2015/1 ~ 2021/2,컴퓨터전공,ok
H0002256,H0002519,컴퓨터전공,ITE4020,멀티미디어시스템,2015/1 ~ 2022/2,컴퓨터전공,ok
H0002256,H0002519,컴퓨터전공,ITE4043,인터넷보안,2015/1 ~ 2018/2,컴퓨터전공,ok
H0002256,H0002519,컴퓨터전공,ITE4051,무선통신네트워크,2015/1 ~ 2022/2,컴퓨터전공,ok
H0002256,H0002519,컴퓨터전공,ITE4052,컴퓨터비전,2015/1 ~ 2022/2,컴퓨터전공,ok
H0002256,H0002519,컴퓨터전공,ITE4053,딥러닝및응용,2015/1 ~ 2022/2,컴퓨터전공,ok
H0002256,H0002519,컴퓨터전공,ITE4054,캡스톤소프트웨어프로젝트1,2015/1 ~ 2022/2,컴퓨터전공,ok
H0002256,H0002519,컴퓨터전공,ITE4055,캡스톤소프트웨어프로젝트2,2015/1 ~ 2022/2,컴퓨터전공,ok
H0002256,H0002519,컴퓨터전공,ITE4065,병렬프로그래밍,2015/1 ~ 2022/2,컴퓨터전공,ok
H0002256,H0002519,컴퓨터전공,ITE4075,CSE융합세미나1,2015/1 ~ 2022/2,컴퓨터전공,ok
H0002256,H0002519,컴퓨터전공,ITE4076,CSE융합세미나2,2015/1 ~ 2022/2,컴퓨터전공,ok
H0002256,H0002519,컴퓨터전공,ITE4080,지능형생물정보학,2015/1 ~ 2022/2,컴퓨터전공,ok
H0002256,H0002519,컴퓨터전공,ITE4083,소프트웨어기술창업2,2017/1 ~ 2022/2,컴퓨터전공,ok
H0002256,H0002519,컴퓨터전공,MAT2003,선형대수,2013/1 ~ 2019/2,컴퓨터전공,ok
H0002256,H0002519,컴퓨터전공,MAT2017,확률통계론,2017/1 ~ 2020/2,컴퓨터전공,ok
H0002256,H0002519,컴퓨터전공,MAT2020,이산수학,2012/1 ~ 2019/2,컴퓨터전공,ok
H0002256,H0002519,컴퓨터전공,MAT3008,수치해석,2014/1 ~ 2021/2,컴퓨터전공,ok
H0002256,H0002519,컴퓨터전공,MAT4015,확률및통계,2013/1 ~ 2016/2,컴퓨터전공,ok
H0002256,H0002519,컴퓨터전공,PBL4001,컴퓨터소프트웨어캡스톤PBL,2018/2 ~ 2022/2,컴퓨터전공,ok
H0002256,H0002519,컴퓨터전공,SYH0001,사랑의실천1(한양나눔),2012/1 ~ 2019/2,컴퓨터전공,ok
H0002256,H0002519,컴퓨터전공,SYH0002,사랑의실천2(스마트커뮤니케이션),2013/1 ~ 2020/2,컴퓨터전공,not_found
H0002256,H0002519,컴퓨터전공,SYH0003,사랑의실천3(기업가정신),2014/1 ~ 2021/2,컴퓨터전공,not_found
H0002256,H0002519,컴퓨터전공,SYH0004,사랑의실천4(미래실용인재),2015/1 ~ 2022/2,컴퓨터전공,ok
H0002256,H0002942,통상한국어커뮤니케이션전공,PER2022,시장경제의이해,2010/1 ~ 2020/2,통상한국어커뮤니케이션전공,ok
H0002256,H0002942,통상한국어커뮤니케이션전공,PER2023,한국기업의이해,2010/1 ~ 2021/2,통상한국어커뮤니케이션전공,ok
H0002256,H0002942,통상한국어커뮤니케이션전공,PER3020,미디어로보는한국경제,2011/1 ~ 2021/2,통상한국어커뮤니케이션전공,ok
H0002256,H0002942,통상한국어커뮤니케이션전공,PER3021,비즈니스한국어작문,2011/1 ~ 2021/2,통상한국어커뮤니케이션전공,ok
H0002256,H0002942,통상한국어커뮤니케이션전공,PER3024,한국경제개발과근대화,2011/1 ~ 2021/2,통상한국어커뮤니케이션전공,ok
H0002256,H0002942,통상한국어커뮤니케이션전공,PER3025,한국어프레젠테이션,2011/1 ~ 2021/2,통상한국어커뮤니케이션전공,ok
H0002256,H0002942,통상한국어커뮤니케이션전공,PER3026,동아시아경제,2011/1 ~ 2021/2,통상한국어커뮤니케이션전공,ok
H0002256,H0002942,통상한국어커뮤니케이션전공,PER3040,경제와사회,2015/1 ~ 2021/2,통상한국어커뮤니케이션전공,ok
H0002256,H0002942,통상한국어커뮤니케이션전공,PER4015,한국드라마와화용론,2012/1 ~ 2022/2,통상한국어커뮤니케이션전공,ok
H0002256,H0002942,통상한국어커뮤니케이션전공,SYG0001,글로컬국제경영,2010/1 ~ 2020/2,통상한국어커뮤니케이션전공,ok
H0002256,H0002942,통상한국어커뮤니케이션전공,SYG0002,직업과인력관리,2010/1 ~ 2020/2,통상한국어커뮤니케이션전공,ok
H0002256,H0002942,통상한국어커뮤니케이션전공,SYG0003,경제와경영,2010/1 ~ 2020/2,통상한국어커뮤니케이션전공,ok
H0002256,H0002942,통상한국어커뮤니케이션전공,SYG0006,국제통상과마케팅,2012/1 ~ 2022/2,통상한국어커뮤니케이션전공,ok
H0002256,H0002895,파이낸스경영학과,ACC3001,원가회계,2010/1 ~ 2030/2,파이낸스경영학과(학과/서울/경영),ok
H0002256,H0002895,파이낸스경영학과,ACC3002,회계감사,2011/1 ~ 2017/2,파이낸스경영학과(학과/서울/경영),ok
H0002256,H0002895,파이낸스경영학과,ACC3003,관리회계,2010/1 ~ 2016/2,파이낸스경영학과(학과/서울/경영),ok
H0002256,H0002895,파이낸스경영학과,ACC3004,세무회계,2011/1 ~ 2017/2,파이낸스경영학과(학과/서울/경영),ok
H0002256,H0002895,파이낸스경영학과,ACC4001,고급회계,2011/1 ~ 2017/2,파이낸스경영학과(학과/서울/경영),ok
H0002256,H0002895,파이낸스경영학과,BUS1003,재무회계1,2010/1 ~ 2028/2,파이낸스경영학과(학과/서울/경영),ok
H0002256,H0002895,파이낸스경영학과,BUS1004,재무회계2,2010/1 ~ 2029/2,파이낸스경영학과(학과/서울/경영),ok
H0002256,H0002895,파이낸스경영학과,BUS1013,금융시장의이해,2009/1 ~ 2028/2,파이낸스경영학과(학과/서울/경영),ok
H0002256,H0002895,파이낸스경영학과,BUS1055,기초재무관리,2013/1 ~ 2015/2,파이낸스경영학과(학과/서울/경영),ok
H0002256,H0002895,파이낸스경영학과,BUS1056,기초투자론,2013/1 ~ 2015/2,파이낸스경영학과(학과/서울/경영),ok
H0002256,H0002895,파이낸스경영학과,BUS1057,커리어디자인1,2013/1 ~ 2027/2,파이낸스경영학과(학과/서울/경영),ok
H0002256,H0002895,파이낸스경영학과,BUS1058,커리어디자인2,2013/1 ~ 2015/2,파이낸스경영학과(학과/서울/경영),ok
H0002256,H0002895,파이낸스경영학과,BUS1059,경영의이해,2016/1 ~ 2027/2,파이낸스경영학과(학과/서울/경영),ok
H0002256,H0002895,파이낸스경영학과,BUS1060,경제의이해,2016/1 ~ 2027/2,파이낸스경영학과(학과/서울/경영),ok
H0002256,H0002895,파이낸스경영학과,BUS1061,회계의이해,2016/1 ~ 2027/2,파이낸스경영학과(학과/서울/경영),ok
H0002256,H0002895,파이낸스경영학과,BUS1062,경영통계응용,2016/1 ~ 2019/2,파이낸스경영학과(학과/서울/경영),ok
H0002256,H0002895,파이낸스경영학과,BUS1063,금융수리통계,2020/1 ~ 2028/2,파이낸스경영학과(학과/서울/경영),ok
H0002256,H0002895,파이낸스경영학과,BUS2003,마케팅관리,2010/1 ~ 2028/2,파이낸스경영학과(학과/서울/경영),ok
H0002256,H0002895,파이낸스경영학과,BUS2022,재무제표분석,2012/1 ~ 2018/2,파이낸스경영학과(학과/서울/경영),ok
H0002256,H0002895,파이낸스경영학과,BUS2034,오퍼레이션관리,2011/1 ~ 2017/2,파이낸스경영학과(학과/서울/경영),ok
H0002256,H0002895,파이낸스경영학과,BUS2063,세법개론,2011/1 ~ 2017/2,파이낸스경영학과(학과/서울/경영),ok
H0002256,H0002895,파이낸스경영학과,BUS2065,기초경영통계,2010/1 ~ 2016/2,파이낸스경영학과(학과/서울/경영),ok
H0002256,H0002895,파이낸스경영학과,BUS2066,고급경영통계,2010/1 ~ 2016/2,파이낸스경영학과(학과/서울/경영),ok
H0002256,H0002895,파이낸스경영학과,BUS2067,글로벌금융커뮤니케이션,2011/1 ~ 2016/2,파이낸스경영학과(학과/서울/경영),ok
H0002256,H0002895,파이낸스경영학과,BUS2072,미시경제이론,2017/1 ~ 2028/2,파이낸스경영학과(학과/서울/경영),ok
H0002256,H0002895,파이낸스경영학과,BUS2073,거시경제이론,2017/1 ~ 2028/2,파이낸스경영학과(학과/서울/경영),ok
H0002256,H0002895,파이낸스경영학과,BUS3002,재무관리,2010/1 ~ 2028/2,파이낸스경영학과(학과/서울/경영),ok
H0002256,H0002895,파이낸스경영학과,BUS3003,조직행동,2010/1 ~ 2028/2,파이낸스경영학과(학과/서울/경영),ok
H0002256,H0002895,파이낸스경영학과,BUS3009,국제경영,2011/1 ~ 2017/2,파이낸스경영학과(학과/서울/경영),ok
H0002256,H0002895,파이낸스경영학과,BUS3020,외환관리론,2012/1 ~ 2018/2,파이낸스경영학과(학과/서울/경영),ok
H0002256,H0002895,파이낸스경영학과,BUS3022,국제재무론,2012/1 ~ 2021/2,파이낸스경영학과(학과/서울/경영),ok
H0002256,H0002895,파이낸스경영학과,BUS3023,파생증권론,2011/1 ~ 2029/2,파이낸스경영학과(학과/서울/경영),ok
H0002256,H0002895,파이낸스경영학과,BUS3082,기초금융데이터분석,2011/1 ~ 2029/2,파이낸스경영학과(학과/서울/경영),ok
H0002256,H0002895,파이낸스경영학과,BUS3083,대체투자론,2011/1 ~ 2030/2,파이낸스경영학과(학과/서울/경영),ok
H0002256,H0002895,파이낸스경영학과,BUS3084,채권금융론,2011/1 ~ 2029/2,파이낸스경영학과(학과/서울/경영),ok
H0002256,H0002895,파이낸스경영학과,BUS3085,마이크로파이낸스와소사업경영,2011/1 ~ 2017/2,파이낸스경영학과(학과/서울/경영),ok
H0002256,H0002895,파이낸스경영학과,BUS3089,비즈니스데이터분석,2011/1 ~ 2025/2,파이낸스경영학과(학과/서울/경영),ok
H0002256,H0002895,파이낸스경영학과,BUS3095,재무사례연구,2012/1 ~ 2030/2,파이낸스경영학과(학과/서울/경영),ok
H0002256,H0002895,파이낸스경영학과,BUS3096,국제투자론,2012/1 ~ 2017/2,파이낸스경영학과(학과/서울/경영),ok
H0002256,H0002895,파이낸스경영학과,BUS3097,보험재무,2012/1 ~ 2017/2,파이낸스경영학과(학과/서울/경영),ok
H0002256,H0002895,파이낸스경영학과,BUS3101,재무금융시계열분석,2018/1 ~ 2029/2,파이낸스경영학과(학과/서울/경영),ok
H0002256,H0002895,파이낸스경영학과,BUS3104,기업가치평가,2018/1 ~ 2029/2,파이낸스경영학과(학과/서울/경영),ok
H0002256,H0002895,파이낸스경영학과,BUS3105,시장미시구조,2018/1 ~ 2029/2,파이낸스경영학과(학과/서울/경영),ok
H0002256,H0002895,파이낸스경영학과,BUS3110,변동성투자전략,2018/1 ~ 2026/2,파이낸스경영학과(학과/서울/경영),ok
H0002256,H0002895,파이낸스경영학과,BUS3111,경영대연구실현장실습1,2018/2 ~ 2025/2,파이낸스경영학과(학과/서울/경영),not_found
H0002256,H0002895,파이낸스경영학과,BUS3112,경영대연구실현장실습2,2018/2 ~ 2025/2,파이낸스경영학과(학과/서울/경영),ok
H0002256,H0002895,파이낸스경영학과,BUS3116,고급금융데이터분석,2022/1 ~ 2029/2,파이낸스경영학과(학과/서울/경영),ok
H0002256,H0002895,파이낸스경영학과,BUS4003,투자론,2011/1 ~ 2028/2,파이낸스경영학과(학과/서울/경영),ok
H0002256,H0002895,파이낸스경영학과,BUS4005,경영정보시스템,2012/1 ~ 2029/2,파이낸스경영학과(학과/서울/경영),ok
H0002256,H0002895,파이낸스경영학과,BUS4007,경영학특강,2019/1 ~ 2030/2,파이낸스경영학과(학과/서울/경영),ok
H0002256,H0002895,파이낸스경영학과,BUS4009,금융기관론,2012/1 ~ 2029/2,파이낸스경영학과(학과/서울/경영),ok
H0002256,H0002895,파이낸스경영학과,BUS4012,기업재무론,2011/1 ~ 2029/2,파이낸스경영학과(학과/서울/경영),ok
H0002256,H0002895,파이낸스경영학과,BUS4019,전략경영론,2012/1 ~ 2030/2,파이낸스경영학과(학과/서울/경영),ok
H0002256,H0002895,파이낸스경영학과,BUS4037,금융공학,2012/1 ~ 2022/2,파이낸스경영학과(학과/서울/경영),ok
H0002256,H0002895,파이낸스경영학과,BUS4081,금융윤리,2012/1 ~ 2030/2,파이낸스경영학과(학과/서울/경영),ok
H0002256,H0002895,파이낸스경영학과,BUS4100,학부연구학점,2014/1 ~ 2030/2,파이낸스경영학과(학과/서울/경영),ok
H0002256,H0002895,파이낸스경영학과,BUS4109,경영대연구실현장실습3,2019/1 ~ 2026/2,파이낸스경영학과(학과/서울/경영),ok
H0002256,H0002895,파이낸스경영학과,BUS4110,경영대연구실현장실습4,2018/2 ~ 2026/2,파이낸스경영학과(학과/서울/경영),ok
H0002256,H0002895,파이낸스경영학과,BUS4111,보험과위험관리,2023/1 ~ 2030/2,파이낸스경영학과(학과/서울/경영),ok
H0002256,H0002895,파이낸스경영학과,BUS4113,비즈니스프로젝트학기,2021/2 ~ 2030/2,파이낸스경영학과(학과/서울/경영),ok
H0002256,H0002895,파이낸스경영학과,BUS4115,인공지능금융투자와데이터,2023/1 ~ 2023/1,파이낸스경영학과(학과/서울/경영),not_found
H0002256,H0002895,파이낸스경영학과,BUS5002,개인자산관리론,2012/1 ~ 2018/2,파이낸스경영학과(학과/서울/경영),ok
H0002256,H0002895,파이낸스경영학과,BUS5003,금융공학실습,2012/1 ~ 2018/2,파이낸스경영학과(학과/서울/경영),ok
H0002256,H0002895,파이낸스경영학과,BUS5004,위험관리,2012/1 ~ 2017/2,파이낸스경영학과(학과/서울/경영),ok
H0002256,H0002895,파이낸스경영학과,BUS5005,행동재무론,2012/1 ~ 2030/2,파이낸스경영학과(학과/서울/경영),ok
H0002256,H0002895,파이낸스경영학과,BUS5007,고급투자론,2012/1 ~ 2029/2,파이낸스경영학과(학과/서울/경영),ok
H0002256,H0002895,파이낸스경영학과,BUS5015,시사재무금융,2016/1 ~ 2018/2,파이낸스경영학과(학과/서울/경영),ok
H0002256,H0002895,파이낸스경영학과,CUL0005,말과글,2009/1 ~ 2027/2,파이낸스경영학과(학과/서울/경영),ok
H0002256,H0002895,파이낸스경영학과,CUL0011,창의적컴퓨팅,2017/1 ~ 2027/2,파이낸스경영학과(학과/서울/경영),ok
H0002256,H0002895,파이낸스경영학과,CUL0202,문화기술인간,2025/1 ~ 2027/2,파이낸스경영학과(학과/서울/경영),ok
H0002256,H0002895,파이낸스경영학과,CUL0203,AI시대쓰기의힘,2025/1 ~ 2027/2,파이낸스경영학과(학과/서울/경영),ok
H0002256,H0002895,파이낸스경영학과,CUL0206,Personal Branding in Digital Markets,2026/1 ~ 2028/2,파이낸스경영학과(학과/서울/경영),ok
H0002256,H0002895,파이낸스경영학과,CUL0208,스토리텔링의설계와전략,2026/1 ~ 2028/2,파이낸스경영학과(학과/서울/경영),ok
H0002256,H0002895,파이낸스경영학과,CUL1122,창의적프로그래밍,2023/1 ~ 2028/2,파이낸스경영학과(학과/서울/경영),ok
H0002256,H0002895,파이낸스경영학과,CUL1138,인공지능과기계학습,2023/1 ~ 2028/2,파이낸스경영학과(학과/서울/경영),ok
H0002256,H0002895,파이낸스경영학과,CUL2045,기업과경영의이해,2009/1 ~ 2015/2,파이낸스경영학과(학과/서울/경영),ok
H0002256,H0002895,파이낸스경영학과,CUL2046,기업정보의이해,2009/1 ~ 2015/2,파이낸스경영학과(학과/서울/경영),ok
H0002256,H0002895,파이낸스경영학과,ECO1007,수리경제입문,2009/1 ~ 2027/2,파이낸스경영학과(학과/서울/경영),ok
H0002256,H0002895,파이낸스경영학과,ECO2001,거시경제원론,2010/1 ~ 2016/2,파이낸스경영학과(학과/서울/경영),ok
H0002256,H0002895,파이낸스경영학과,ECO2003,미시경제1,2010/1 ~ 2016/2,파이낸스경영학과(학과/서울/경영),ok
H0002256,H0002895,파이낸스경영학과,ECO2061,재무금융시계열예측,2011/1 ~ 2017/2,파이낸스경영학과(학과/서울/경영),ok
H0002256,H0002895,파이낸스경영학과,ECO3007,계량경제,2011/1 ~ 2014/2,파이낸스경영학과(학과/서울/경영),ok
H0002256,H0002895,파이낸스경영학과,GEN0059,경제원론1,2009/1 ~ 2015/2,파이낸스경영학과(학과/서울/경영),ok
H0002256,H0002895,파이낸스경영학과,GEN3041,초급중국어1,2009/1 ~ 2012/2,파이낸스경영학과(학과/서울/경영),ok
H0002256,H0002895,파이낸스경영학과,GEN4091,과학기술의철학적이해,2014/1 ~ 2027/2,파이낸스경영학과(학과/서울/경영),ok
H0002256,H0002895,파이낸스경영학과,GEN5029,커리어개발Ⅰ:취.창업진로로드맵,2009/1 ~ 2012/2,파이낸스경영학과(학과/서울/경영),ok
H0002256,H0002895,파이낸스경영학과,GEN5100,커리어개발Ⅱ:취.창업진로포트폴리오,2015/1 ~ 2029/2,파이낸스경영학과(학과/서울/경영),ok
H0002256,H0002895,파이낸스경영학과,GEN6032,전문학술영어,2010/1 ~ 2028/2,파이낸스경영학과(학과/서울/경영),ok
H0002256,H0002895,파이낸스경영학과,GEN6044,한양사회봉사,2009/1 ~ 2014/2,파이낸스경영학과(학과/서울/경영),ok
H0002256,H0002895,파이낸스경영학과,GEN6094,전공현장실습1,2012/1 ~ 2016/2,파이낸스경영학과(학과/서울/경영),ok
H0002256,H0002895,파이낸스경영학과,GEN6095,전공현장실습2,2012/1 ~ 2016/2,파이낸스경영학과(학과/서울/경영),ok
H0002256,H0002895,파이낸스경영학과,HYP1007,경영학HY-UP(실용연구실습)1,2026/1 ~ 2029/2,파이낸스경영학과(학과/서울/경영),not_found
H0002256,H0002895,파이낸스경영학과,HYP2006,경영학HY-UP(실용연구실습)2,2026/1 ~ 2029/2,파이낸스경영학과(학과/서울/경영),not_found
H0002256,H0002895,파이낸스경영학과,HYP3007,경영학HY-UP(실용연구실습)3,2027/1 ~ 2030/2,파이낸스경영학과(학과/서울/경영),not_found
H0002256,H0002895,파이낸스경영학과,HYP4006,경영학HY-UP(실용연구실습)4,2027/1 ~ 2030/2,파이낸스경영학과(학과/서울/경영),not_found
H0002256,H0002895,파이낸스경영학과,PBL4005,경영대학캡스톤PBL,2018/2 ~ 2030/2,파이낸스경영학과(학과/서울/경영),ok
H0002256,H0002895,파이낸스경영학과,SYH0001,사랑의실천1(한양나눔),2009/1 ~ 2027/2,파이낸스경영학과(학과/서울/경영),ok
H0002256,H0002895,파이낸스경영학과,SYH0002,사랑의실천2(스마트커뮤니케이션),2010/1 ~ 2028/2,파이낸스경영학과(학과/서울/경영),not_found
H0002256,H0002895,파이낸스경영학과,SYH0003,사랑의실천3(기업가정신),2011/1 ~ 2029/2,파이낸스경영학과(학과/서울/경영),not_found
H0002256,H0002895,파이낸스경영학과,SYH0004,사랑의실천4(미래실용인재),2012/1 ~ 2030/2,파이낸스경영학과(학과/서울/경영),ok
H0002256,H0002739,피아노과,CMU1011,합창1,1989/1 ~ 2027/2,피아노과(학부/서울),ok
H0002256,H0002739,피아노과,CMU1012,합창2,1989/1 ~ 2027/2,피아노과(학부/서울),ok
H0002256,H0002739,피아노과,CMU1041,시창및청음1,1989/1 ~ 2027/2,피아노과(학부/서울),ok
H0002256,H0002739,피아노과,CMU1042,시창및청음2,1989/1 ~ 2027/2,피아노과(학부/서울),ok
H0002256,H0002739,피아노과,CMU2011,합창3,1990/1 ~ 2005/2,피아노과(학부/서울),ok
H0002256,H0002739,피아노과,CMU2012,합창4,1990/1 ~ 2005/2,피아노과(학부/서울),ok
H0002256,H0002739,피아노과,CMU2031,서양음악사1,1989/1 ~ 2028/2,피아노과(학부/서울),ok
H0002256,H0002739,피아노과,CMU2032,서양음악사2,1989/1 ~ 2028/2,피아노과(학부/서울),ok
H0002256,H0002739,피아노과,CMU2041,시창및청음3,1990/1 ~ 2028/2,피아노과(학부/서울),ok
H0002256,H0002739,피아노과,CMU2042,시창및청음4,1990/1 ~ 2028/2,피아노과(학부/서울),ok
H0002256,H0002739,피아노과,CMU3003,전공쏠페지오1,1991/1 ~ 1998/2,피아노과(학부/서울),ok
H0002256,H0002739,피아노과,CMU3004,전공쏠페지오2,1991/1 ~ 1998/2,피아노과(학부/서울),ok
H0002256,H0002739,피아노과,CMU3031,서양음악사3,1990/1 ~ 2017/2,피아노과(학부/서울),ok
H0002256,H0002739,피아노과,CMU3032,서양음악사4,1990/1 ~ 2017/2,피아노과(학부/서울),ok
H0002256,H0002739,피아노과,COP1006,화성학1,1989/1 ~ 1996/2,피아노과(학부/서울),ok
H0002256,H0002739,피아노과,COP1007,화성학2,1989/1 ~ 1996/2,피아노과(학부/서울),ok
H0002256,H0002739,피아노과,COP1051,건반화성1,1989/1 ~ 2029/2,피아노과(학부/서울),ok
H0002256,H0002739,피아노과,COP1052,건반화성2,1989/1 ~ 2029/2,피아노과(학부/서울),ok
H0002256,H0002739,피아노과,COP1063,음악이론1,2005/1 ~ 2027/2,피아노과(학부/서울),ok
H0002256,H0002739,피아노과,COP1064,음악이론2,2005/1 ~ 2027/2,피아노과(학부/서울),ok
H0002256,H0002739,피아노과,COP1065,현대음악연주1,2008/1 ~ 2015/2,피아노과(학부/서울),ok
H0002256,H0002739,피아노과,COP1066,현대음악연주2,2008/1 ~ 2015/2,피아노과(학부/서울),ok
H0002256,H0002739,피아노과,COP2001,대위법1,1989/1 ~ 1996/2,피아노과(학부/서울),ok
H0002256,H0002739,피아노과,COP2002,대위법2,1989/1 ~ 1996/2,피아노과(학부/서울),ok
H0002256,H0002739,피아노과,COP2003,악기론1,1995/1 ~ 2004/2,피아노과(학부/서울),ok
H0002256,H0002739,피아노과,COP2004,악기론2,1995/1 ~ 2004/2,피아노과(학부/서울),ok
H0002256,H0002739,피아노과,COP2037,음악이론3,2006/1 ~ 2028/2,피아노과(학부/서울),ok
H0002256,H0002739,피아노과,COP2038,음악이론4,2006/1 ~ 2028/2,피아노과(학부/서울),ok
H0002256,H0002739,피아노과,COP3004,대위법3,1990/1 ~ 1997/2,피아노과(학부/서울),ok
H0002256,H0002739,피아노과,COP3009,대위법4,1990/1 ~ 1997/2,피아노과(학부/서울),ok
H0002256,H0002739,피아노과,COP3061,연주와비평5,2007/1 ~ 2029/2,피아노과(학부/서울),ok
H0002256,H0002739,피아노과,COP3062,연주와비평6,2007/1 ~ 2029/2,피아노과(학부/서울),ok
H0002256,H0002739,피아노과,COP3076,연주를위한음악분석1,2015/1 ~ 2029/2,피아노과(학부/서울),ok
H0002256,H0002739,피아노과,COP3077,연주를위한음악분석2,2015/1 ~ 2029/2,피아노과(학부/서울),ok
H0002256,H0002739,피아노과,COP3078,음악회제작캡스톤디자인,2014/1 ~ 2017/2,피아노과(학부/서울),ok
H0002256,H0002739,피아노과,COP4025,음악학개론,2000/1 ~ 2007/2,피아노과(학부/서울),ok
H0002256,H0002739,피아노과,COP4043,중등음악교육실습1,2012/1 ~ 2030/2,피아노과(학부/서울),ok
H0002256,H0002739,피아노과,COP4044,중등음악교육실습2,2009/1 ~ 2030/2,피아노과(학부/서울),ok
H0002256,H0002739,피아노과,CUL0005,말과글,1997/1 ~ 2027/2,피아노과(학부/서울),ok
H0002256,H0002739,피아노과,CUL0011,창의적컴퓨팅,2017/1 ~ 2027/2,피아노과(학부/서울),ok
H0002256,H0002739,피아노과,CUL0201,상상과학성찰,2025/1 ~ 2027/2,피아노과(학부/서울),ok
H0002256,H0002739,피아노과,CUL0203,AI시대쓰기의힘,2025/1 ~ 2027/2,피아노과(학부/서울),ok
H0002256,H0002739,피아노과,CUL0206,Personal Branding in Digital Markets,2026/1 ~ 2028/2,피아노과(학부/서울),ok
H0002256,H0002739,피아노과,CUL0208,스토리텔링의설계와전략,2026/1 ~ 2028/2,피아노과(학부/서울),ok
H0002256,H0002739,피아노과,CUL1122,창의적프로그래밍,2023/1 ~ 2028/2,피아노과(학부/서울),ok
H0002256,H0002739,피아노과,CUL1138,인공지능과기계학습,2023/1 ~ 2028/2,피아노과(학부/서울),ok
H0002256,H0002739,피아노과,GEN3073,연주와비평1,1994/1 ~ 2027/2,피아노과(학부/서울),ok
H0002256,H0002739,피아노과,GEN3074,연주와비평2,1994/1 ~ 2027/2,피아노과(학부/서울),ok
H0002256,H0002739,피아노과,GEN3075,연주와비평3,1995/1 ~ 2028/2,피아노과(학부/서울),ok
H0002256,H0002739,피아노과,GEN3076,연주와비평4,1995/1 ~ 2028/2,피아노과(학부/서울),ok
H0002256,H0002739,피아노과,GEN4091,과학기술의철학적이해,2009/1 ~ 2027/2,피아노과(학부/서울),ok
H0002256,H0002739,피아노과,GEN5029,커리어개발Ⅰ:취.창업진로로드맵,2005/1 ~ 2027/2,피아노과(학부/서울),ok
H0002256,H0002739,피아노과,GEN5100,커리어개발Ⅱ:취.창업진로포트폴리오,2015/1 ~ 2029/2,피아노과(학부/서울),ok
H0002256,H0002739,피아노과,GEN6032,전문학술영어,2010/1 ~ 2028/2,피아노과(학부/서울),ok
H0002256,H0002739,피아노과,GEN6044,한양사회봉사,2009/1 ~ 2014/2,피아노과(학부/서울),ok
H0002256,H0002739,피아노과,KTM1001,국악개론1,1989/1 ~ 2004/2,피아노과(학부/서울),ok
H0002256,H0002739,피아노과,KTM1002,국악개론 2,1989/1 ~ 2004/2,피아노과(학부/서울),ok
H0002256,H0002739,피아노과,KTM1084,국악개론및감상1,2013/1 ~ 2027/2,피아노과(학부/서울),ok
H0002256,H0002739,피아노과,KTM1085,국악개론및감상2,2013/1 ~ 2027/2,피아노과(학부/서울),ok
H0002256,H0002739,피아노과,OCH2005,특수악기1,2007/1 ~ 2029/2,피아노과(학부/서울),ok
H0002256,H0002739,피아노과,OCH2006,특수악기2,2007/1 ~ 2029/2,피아노과(학부/서울),ok
H0002256,H0002739,피아노과,OCH3015,특수악기3,2008/1 ~ 2018/2,피아노과(학부/서울),ok
H0002256,H0002739,피아노과,OCH3016,특수악기4,2008/1 ~ 2018/2,피아노과(학부/서울),ok
H0002256,H0002739,피아노과,OCH3032,기악앙상블1,2007/1 ~ 2029/2,피아노과(학부/서울),ok
H0002256,H0002739,피아노과,OCH3033,기악앙상블2,2007/1 ~ 2029/2,피아노과(학부/서울),ok
H0002256,H0002739,피아노과,OCH4027,기악앙상블3,2008/1 ~ 2030/2,피아노과(학부/서울),ok
H0002256,H0002739,피아노과,OCH4028,기악앙상블4,2008/1 ~ 2030/2,피아노과(학부/서울),ok
H0002256,H0002739,피아노과,PBL4003,피아노과캡스톤PBL,2018/2 ~ 2030/2,피아노과(학부/서울),ok
H0002256,H0002739,피아노과,PNO1003,피아노전공실기1,1999/1 ~ 2027/2,피아노과(학부/서울),ok
H0002256,H0002739,피아노과,PNO1004,피아노전공실기2,1999/1 ~ 2027/2,피아노과(학부/서울),ok
H0002256,H0002739,피아노과,PNO2005,피아노전공실기3,1999/1 ~ 2028/2,피아노과(학부/서울),ok
H0002256,H0002739,피아노과,PNO2006,피아노전공실기4,1999/1 ~ 2028/2,피아노과(학부/서울),ok
H0002256,H0002739,피아노과,PNO2007,피아노반주법1,2006/1 ~ 2028/2,피아노과(학부/서울),ok
H0002256,H0002739,피아노과,PNO2009,피아노반주법2,2006/1 ~ 2028/2,피아노과(학부/서울),ok
H0002256,H0002739,피아노과,PNO3019,피아노전공실기5,1999/1 ~ 2029/2,피아노과(학부/서울),ok
H0002256,H0002739,피아노과,PNO3020,피아노전공실기6,1999/1 ~ 2029/2,피아노과(학부/서울),ok
H0002256,H0002739,피아노과,PNO3024,피아노반주법3,2007/1 ~ 2017/2,피아노과(학부/서울),ok
H0002256,H0002739,피아노과,PNO3028,피아노반주법4,2007/1 ~ 2017/2,피아노과(학부/서울),ok
H0002256,H0002739,피아노과,PNO3033,피아노앙상블1,2011/1 ~ 2027/2,피아노과(학부/서울),ok
H0002256,H0002739,피아노과,PNO3034,피아노앙상블2,2011/1 ~ 2028/2,피아노과(학부/서울),ok
H0002256,H0002739,피아노과,PNO3037,Bach건반음악의이해,2015/1 ~ 2017/2,피아노과(학부/서울),ok
H0002256,H0002739,피아노과,PNO3038,베토벤피아노소나타,2015/1 ~ 2017/2,피아노과(학부/서울),ok
H0002256,H0002739,피아노과,PNO3039,피아노앙상블3,2018/1 ~ 2029/2,피아노과(학부/서울),ok
H0002256,H0002739,피아노과,PNO3040,피아노구조와관리,2019/1 ~ 2030/2,피아노과(학부/서울),ok
H0002256,H0002739,피아노과,PNO3041,문화예술교육입문,2022/1 ~ 2029/2,피아노과(학부/서울),ok
H0002256,H0002739,피아노과,PNO3042,음악교육론,2022/1 ~ 2029/2,피아노과(학부/서울),ok
H0002256,H0002739,피아노과,PNO3043,음악교수학습방법,2022/1 ~ 2029/2,피아노과(학부/서울),ok
H0002256,H0002739,피아노과,PNO3044,음악교육프로그램개발,2022/1 ~ 2029/2,피아노과(학부/서울),ok
H0002256,H0002739,피아노과,PNO3045,문화예술교육현장실습과이해,2022/1 ~ 2029/2,피아노과(학부/서울),ok
H0002256,H0002739,피아노과,PNO4003,피아노문헌1,1992/1 ~ 2027/2,피아노과(학부/서울),ok
H0002256,H0002739,피아노과,PNO4004,피아노문헌2,1992/1 ~ 2027/2,피아노과(학부/서울),ok
H0002256,H0002739,피아노과,PNO4008,피아노교수법1,1996/1 ~ 2029/2,피아노과(학부/서울),ok
H0002256,H0002739,피아노과,PNO4009,피아노교수법2,1996/1 ~ 2029/2,피아노과(학부/서울),ok
H0002256,H0002739,피아노과,PNO4025,피아노전공실기7,1999/1 ~ 2030/2,피아노과(학부/서울),ok
H0002256,H0002739,피아노과,PNO4026,피아노전공실기8,1999/1 ~ 2030/2,피아노과(학부/서울),ok
H0002256,H0002739,피아노과,PNO4027,피아노문헌3,2004/1 ~ 2028/2,피아노과(학부/서울),ok
H0002256,H0002739,피아노과,PNO4028,피아노문헌4,2004/1 ~ 2028/2,피아노과(학부/서울),ok
H0002256,H0002739,피아노과,PNO4030,협주곡실습1,2008/1 ~ 2018/2,피아노과(학부/서울),ok
H0002256,H0002739,피아노과,PNO4033,협주곡실습2,2008/1 ~ 2018/2,피아노과(학부/서울),ok
H0002256,H0002739,피아노과,PNO4034,피아노음악형식과분석1,2016/1 ~ 2018/2,피아노과(학부/서울),ok
H0002256,H0002739,피아노과,PNO4035,낭만주의피아노음악,2016/1 ~ 2018/2,피아노과(학부/서울),not_found
H0002256,H0002739,피아노과,PNO4036,인상주의와20세기초피아노음악,2016/1 ~ 2018/2,피아노과(학부/서울),ok
H0002256,H0002739,피아노과,PNO4037,20세기피아노음악,2016/1 ~ 2018/2,피아노과(학부/서울),ok
H0002256,H0002739,피아노과,PNO4038,피아노음악형식과분석2,2016/1 ~ 2018/2,피아노과(학부/서울),ok
H0002256,H0002739,피아노과,PNO4039,예술경영및마케팅3,2019/1 ~ 2026/2,피아노과(학부/서울),ok
H0002256,H0002739,피아노과,PNO4040,피아노협주곡문헌,2019/1 ~ 2030/2,피아노과(학부/서울),ok
H0002256,H0002739,피아노과,PNO4041,예술경영및마케팅4,2019/1 ~ 2026/2,피아노과(학부/서울),ok
H0002256,H0002739,피아노과,PNO4042,피아노테크닉의이해와적용,2023/1 ~ 2030/2,피아노과(학부/서울),ok
H0002256,H0002739,피아노과,SYH0001,사랑의실천1(한양나눔),2007/1 ~ 2027/2,피아노과(학부/서울),ok
H0002256,H0002739,피아노과,SYH0002,사랑의실천2(스마트커뮤니케이션),2008/1 ~ 2028/2,피아노과(학부/서울),not_found
H0002256,H0002739,피아노과,SYH0003,사랑의실천3(기업가정신),2011/1 ~ 2029/2,피아노과(학부/서울),not_found
H0002256,H0002739,피아노과,SYH0004,사랑의실천4(미래실용인재),2012/1 ~ 2030/2,피아노과(학부/서울),ok
H0002256,H0002739,피아노과,TEA3036,음악논리및논술,2015/1 ~ 2029/2,피아노과(학부/서울),ok
H0002256,H0002739,피아노과,TEA5016,음악교과교육론,2011/1 ~ 2029/2,피아노과(학부/서울),ok
H0002256,H0002739,피아노과,TEA6016,음악교과교재연구및지도,2012/1 ~ 2030/2,피아노과(학부/서울),ok
H0002256,H0002739,피아노과,VOC1007,가창과반주실습1,2009/1 ~ 2015/2,피아노과(학부/서울),ok
H0002256,H0002739,피아노과,VOC1008,가창과반주실습2,2009/1 ~ 2015/2,피아노과(학부/서울),ok
H0002256,H0002739,피아노과,VOC2055,가창1,1991/1 ~ 2008/2,피아노과(학부/서울),ok
H0002256,H0002739,피아노과,VOC2056,가창2,1991/1 ~ 2008/2,피아노과(학부/서울),ok
H0002256,H0002739,피아노과,VOC4052,예술경영및마케팅1,2016/1 ~ 2029/2,피아노과(학부/서울),ok
H0002256,H0002739,피아노과,VOC4055,예술경영및마케팅2,2016/1 ~ 2029/2,피아노과(학부/서울),ok
H0002256,H0005006,한양인터칼리지학부,BNG2002,생체신호처리,2027/2 ~ 2029/2,한양인터칼리지학부,ok
H0002256,H0005245,한양인터칼리지학부,BNG2002,생체신호처리,2027/2 ~ 2029/2,한양인터칼리지학부,ok
H0002256,H0005006,한양인터칼리지학부,BNG3002,기초면역학,2026/1 ~ 2028/2,한양인터칼리지학부,ok
H0002256,H0005245,한양인터칼리지학부,BNG3002,기초면역학,2026/1 ~ 2028/2,한양인터칼리지학부,ok
H0002256,H0005006,한양인터칼리지학부,CHM4006,생화학,2026/1 ~ 2028/2,한양인터칼리지학부,ok
H0002256,H0005245,한양인터칼리지학부,CHM4006,생화학,2026/1 ~ 2028/2,한양인터칼리지학부,ok
H0002256,H0005006,한양인터칼리지학부,CIN4005,최적화이론,2027/1 ~ 2029/2,한양인터칼리지학부,not_found
H0002256,H0005245,한양인터칼리지학부,CIN4005,최적화이론,2027/1 ~ 2029/2,한양인터칼리지학부,not_found
H0002256,H0005006,한양인터칼리지학부,CUL1209,기술전략과R&D기획,2027/1 ~ 2029/2,한양인터칼리지학부,ok
H0002256,H0005245,한양인터칼리지학부,CUL1209,기술전략과R&D기획,2027/1 ~ 2029/2,한양인터칼리지학부,ok
H0002256,H0005006,한양인터칼리지학부,GEN5100,커리어개발Ⅱ:취.창업진로포트폴리오,2027/1 ~ 2029/2,한양인터칼리지학부,ok
H0002256,H0005245,한양인터칼리지학부,GEN5100,커리어개발Ⅱ:취.창업진로포트폴리오,2027/1 ~ 2029/2,한양인터칼리지학부,ok
H0002256,H0005006,한양인터칼리지학부,HIC0001,Mindshift Bootcamp for Leading the World,2025/1 ~ 2027/2,한양인터칼리지학부,ok
H0002256,H0005245,한양인터칼리지학부,HIC0001,Mindshift Bootcamp for Leading the World,2025/1 ~ 2027/2,한양인터칼리지학부,ok
H0002256,H0005006,한양인터칼리지학부,HIC0002,SPARK,2025/1 ~ 2027/2,한양인터칼리지학부,ok
H0002256,H0005245,한양인터칼리지학부,HIC0002,SPARK,2025/1 ~ 2027/2,한양인터칼리지학부,ok
H0002256,H0005006,한양인터칼리지학부,HIC1001,Systems Thinking and Design Thinking,2025/1 ~ 2027/2,한양인터칼리지학부,ok
H0002256,H0005245,한양인터칼리지학부,HIC1001,Systems Thinking and Design Thinking,2025/1 ~ 2027/2,한양인터칼리지학부,ok
H0002256,H0005006,한양인터칼리지학부,HIC1002,Make Core,2025/1 ~ 2025/2,한양인터칼리지학부,not_found
H0002256,H0005245,한양인터칼리지학부,HIC1002,Make Core,2025/1 ~ 2025/2,한양인터칼리지학부,not_found
H0002256,H0005006,한양인터칼리지학부,HIC1003,Life Project,2025/1 ~ 2027/2,한양인터칼리지학부,not_found
H0002256,H0005245,한양인터칼리지학부,HIC1003,Life Project,2025/1 ~ 2027/2,한양인터칼리지학부,not_found
H0002256,H0005006,한양인터칼리지학부,HIC1004,Unified Systems Science,2025/1 ~ 2027/2,한양인터칼리지학부,not_found
H0002256,H0005245,한양인터칼리지학부,HIC1004,Unified Systems Science,2025/1 ~ 2027/2,한양인터칼리지학부,not_found
H0002256,H0005006,한양인터칼리지학부,HIC1005,Mathematical Thinking,2025/1 ~ 2027/2,한양인터칼리지학부,not_found
H0002256,H0005245,한양인터칼리지학부,HIC1005,Mathematical Thinking,2025/1 ~ 2027/2,한양인터칼리지학부,not_found
H0002256,H0005006,한양인터칼리지학부,HIC1006,"Algorithmic, Computational, and Data Thinking",2025/1 ~ 2027/2,한양인터칼리지학부,not_found
H0002256,H0005245,한양인터칼리지학부,HIC1006,"Algorithmic, Computational, and Data Thinking",2025/1 ~ 2027/2,한양인터칼리지학부,not_found
H0002256,H0005006,한양인터칼리지학부,HIC1007,Global Critical Anthropology,2025/1 ~ 2027/2,한양인터칼리지학부,not_found
H0002256,H0005245,한양인터칼리지학부,HIC1007,Global Critical Anthropology,2025/1 ~ 2027/2,한양인터칼리지학부,not_found
H0002256,H0005006,한양인터칼리지학부,HIC1008,Global Research Immersion,2025/1 ~ 2027/2,한양인터칼리지학부,not_found
H0002256,H0005245,한양인터칼리지학부,HIC1008,Global Research Immersion,2025/1 ~ 2027/2,한양인터칼리지학부,not_found
H0002256,H0005006,한양인터칼리지학부,HIC1009,Unified Systems Science_StreamⅠ,2025/2 ~ 2027/2,한양인터칼리지학부,not_found
H0002256,H0005245,한양인터칼리지학부,HIC1009,Unified Systems Science_StreamⅠ,2025/2 ~ 2027/2,한양인터칼리지학부,not_found
H0002256,H0005006,한양인터칼리지학부,HIC1010,Unified Systems Science_StreamⅡ,2025/2 ~ 2027/2,한양인터칼리지학부,not_found
H0002256,H0005245,한양인터칼리지학부,HIC1010,Unified Systems Science_StreamⅡ,2025/2 ~ 2027/2,한양인터칼리지학부,not_found
H0002256,H0005006,한양인터칼리지학부,HIC1011,Unified Systems Science_Lab(Biochem),2025/2 ~ 2027/2,한양인터칼리지학부,not_found
H0002256,H0005245,한양인터칼리지학부,HIC1011,Unified Systems Science_Lab(Biochem),2025/2 ~ 2027/2,한양인터칼리지학부,not_found
H0002256,H0005006,한양인터칼리지학부,HIC1012,Unified Systems Science_Lab(Physics),2025/2 ~ 2027/2,한양인터칼리지학부,not_found
H0002256,H0005245,한양인터칼리지학부,HIC1012,Unified Systems Science_Lab(Physics),2025/2 ~ 2027/2,한양인터칼리지학부,not_found
H0002256,H0005006,한양인터칼리지학부,HIC1013,Scientific Entrepreneurship,2026/1 ~ 2027/2,한양인터칼리지학부,ok
H0002256,H0005245,한양인터칼리지학부,HIC1013,Scientific Entrepreneurship,2026/1 ~ 2027/2,한양인터칼리지학부,ok
H0002256,H0005006,한양인터칼리지학부,HIC2001,기술경영에센셜,2026/1 ~ 2028/2,한양인터칼리지학부,ok
H0002256,H0005245,한양인터칼리지학부,HIC2001,기술경영에센셜,2026/1 ~ 2028/2,한양인터칼리지학부,ok
H0002256,H0005006,한양인터칼리지학부,HIC2002,기초반도체물리,2026/1 ~ 2028/2,한양인터칼리지학부,ok
H0002256,H0005245,한양인터칼리지학부,HIC2002,기초반도체물리,2026/1 ~ 2028/2,한양인터칼리지학부,ok
H0002256,H0005006,한양인터칼리지학부,HIC2003,뇌의구조와기능,2026/1 ~ 2028/2,한양인터칼리지학부,ok
H0002256,H0005245,한양인터칼리지학부,HIC2003,뇌의구조와기능,2026/1 ~ 2028/2,한양인터칼리지학부,ok
H0002256,H0005006,한양인터칼리지학부,HIC2004,디자인과혁신심리학,2026/1 ~ 2028/2,한양인터칼리지학부,not_found
H0002256,H0005245,한양인터칼리지학부,HIC2004,디자인과혁신심리학,2026/1 ~ 2028/2,한양인터칼리지학부,not_found
H0002256,H0005006,한양인터칼리지학부,HIC2005,마인드이론과fMRI,2026/1 ~ 2028/2,한양인터칼리지학부,not_found
H0002256,H0005245,한양인터칼리지학부,HIC2005,마인드이론과fMRI,2026/1 ~ 2028/2,한양인터칼리지학부,not_found
H0002256,H0005006,한양인터칼리지학부,HIC2006,머신러닝기초와응용,2026/1 ~ 2028/2,한양인터칼리지학부,not_found
H0002256,H0005245,한양인터칼리지학부,HIC2006,머신러닝기초와응용,2026/1 ~ 2028/2,한양인터칼리지학부,not_found
H0002256,H0005006,한양인터칼리지학부,HIC2007,미래사회와우주자원개발,2026/1 ~ 2028/2,한양인터칼리지학부,not_found
H0002256,H0005245,한양인터칼리지학부,HIC2007,미래사회와우주자원개발,2026/1 ~ 2028/2,한양인터칼리지학부,not_found
H0002256,H0005006,한양인터칼리지학부,HIC2008,반도체및재료과학입문,2026/1 ~ 2028/2,한양인터칼리지학부,not_found
H0002256,H0005245,한양인터칼리지학부,HIC2008,반도체및재료과학입문,2026/1 ~ 2028/2,한양인터칼리지학부,not_found
H0002256,H0005006,한양인터칼리지학부,HIC2009,반도체전자기학1,2026/1 ~ 2028/2,한양인터칼리지학부,ok
H0002256,H0005245,한양인터칼리지학부,HIC2009,반도체전자기학1,2026/1 ~ 2028/2,한양인터칼리지학부,ok
H0002256,H0005006,한양인터칼리지학부,HIC2010,반도체전자기학2,2026/1 ~ 2028/2,한양인터칼리지학부,not_found
H0002256,H0005245,한양인터칼리지학부,HIC2010,반도체전자기학2,2026/1 ~ 2028/2,한양인터칼리지학부,not_found
H0002256,H0005006,한양인터칼리지학부,HIC2011,법의기초적이해,2026/1 ~ 2028/2,한양인터칼리지학부,not_found
H0002256,H0005245,한양인터칼리지학부,HIC2011,법의기초적이해,2026/1 ~ 2028/2,한양인터칼리지학부,not_found
H0002256,H0005006,한양인터칼리지학부,HIC2012,보건학의이해,2026/1 ~ 2028/2,한양인터칼리지학부,not_found
H0002256,H0005245,한양인터칼리지학부,HIC2012,보건학의이해,2026/1 ~ 2028/2,한양인터칼리지학부,not_found
H0002256,H0005006,한양인터칼리지학부,HIC2013,빅데이터분석의학통계,2026/1 ~ 2029/2,한양인터칼리지학부,not_found
H0002256,H0005245,한양인터칼리지학부,HIC2013,빅데이터분석의학통계,2026/1 ~ 2029/2,한양인터칼리지학부,not_found
H0002256,H0005006,한양인터칼리지학부,HIC2014,생체신호센서,2026/1 ~ 2028/2,한양인터칼리지학부,not_found
H0002256,H0005245,한양인터칼리지학부,HIC2014,생체신호센서,2026/1 ~ 2028/2,한양인터칼리지학부,not_found
H0002256,H0005006,한양인터칼리지학부,HIC2015,융합생명과학,2026/1 ~ 2028/2,한양인터칼리지학부,ok
H0002256,H0005245,한양인터칼리지학부,HIC2015,융합생명과학,2026/1 ~ 2028/2,한양인터칼리지학부,ok
H0002256,H0005006,한양인터칼리지학부,HIC2016,융합약리학개론,2026/1 ~ 2028/2,한양인터칼리지학부,not_found
H0002256,H0005245,한양인터칼리지학부,HIC2016,융합약리학개론,2026/1 ~ 2028/2,한양인터칼리지학부,not_found
H0002256,H0005006,한양인터칼리지학부,HIC2017,융합의과학개론,2026/1 ~ 2028/2,한양인터칼리지학부,not_found
H0002256,H0005245,한양인터칼리지학부,HIC2017,융합의과학개론,2026/1 ~ 2028/2,한양인터칼리지학부,not_found
H0002256,H0005006,한양인터칼리지학부,HIC2018,의료데이타사이언스,2026/1 ~ 2028/2,한양인터칼리지학부,not_found
H0002256,H0005245,한양인터칼리지학부,HIC2018,의료데이타사이언스,2026/1 ~ 2028/2,한양인터칼리지학부,not_found
H0002256,H0005006,한양인터칼리지학부,HIC2019,인지과학개론,2026/1 ~ 2028/2,한양인터칼리지학부,ok
H0002256,H0005245,한양인터칼리지학부,HIC2019,인지과학개론,2026/1 ~ 2028/2,한양인터칼리지학부,ok
H0002256,H0005006,한양인터칼리지학부,HIC2020,인지과학의영상데이터분석,2026/1 ~ 2028/2,한양인터칼리지학부,ok
H0002256,H0005245,한양인터칼리지학부,HIC2020,인지과학의영상데이터분석,2026/1 ~ 2028/2,한양인터칼리지학부,ok
H0002256,H0005006,한양인터칼리지학부,HIC2021,인지적왜곡과인지치료,2026/1 ~ 2028/2,한양인터칼리지학부,not_found
H0002256,H0005245,한양인터칼리지학부,HIC2021,인지적왜곡과인지치료,2026/1 ~ 2028/2,한양인터칼리지학부,not_found
H0002256,H0005006,한양인터칼리지학부,HIC2022,CrossDisciplinary Project,2026/1 ~ 2028/2,한양인터칼리지학부,not_found
H0002256,H0005245,한양인터칼리지학부,HIC2022,CrossDisciplinary Project,2026/1 ~ 2028/2,한양인터칼리지학부,not_found
H0002256,H0005006,한양인터칼리지학부,HIC2023,임팩트스타트업과퓨처메이커십,2026/1 ~ 2028/2,한양인터칼리지학부,ok
H0002256,H0005245,한양인터칼리지학부,HIC2023,임팩트스타트업과퓨처메이커십,2026/1 ~ 2028/2,한양인터칼리지학부,ok
H0002256,H0005006,한양인터칼리지학부,HIC2024,지속가능경영과ESG,2026/1 ~ 2028/2,한양인터칼리지학부,not_found
H0002256,H0005245,한양인터칼리지학부,HIC2024,지속가능경영과ESG,2026/1 ~ 2028/2,한양인터칼리지학부,not_found
H0002256,H0005006,한양인터칼리지학부,HIC2025,혁신가와기업가정신,2026/1 ~ 2028/2,한양인터칼리지학부,not_found
H0002256,H0005245,한양인터칼리지학부,HIC2025,혁신가와기업가정신,2026/1 ~ 2028/2,한양인터칼리지학부,not_found
H0002256,H0005006,한양인터칼리지학부,HIC2026,확률과통계의기초,2026/1 ~ 2028/2,한양인터칼리지학부,ok
H0002256,H0005245,한양인터칼리지학부,HIC2026,확률과통계의기초,2026/1 ~ 2028/2,한양인터칼리지학부,ok
H0002256,H0005006,한양인터칼리지학부,HIC2027,휴먼컴퓨터인터페이스,2027/1 ~ 2029/2,한양인터칼리지학부,not_found
H0002256,H0005245,한양인터칼리지학부,HIC2027,휴먼컴퓨터인터페이스,2027/1 ~ 2029/2,한양인터칼리지학부,not_found
H0002256,H0005006,한양인터칼리지학부,HIC2028,신경융합과학,2026/1 ~ 2028/2,한양인터칼리지학부,not_found
H0002256,H0005245,한양인터칼리지학부,HIC2028,신경융합과학,2026/1 ~ 2028/2,한양인터칼리지학부,not_found
H0002256,H0005006,한양인터칼리지학부,HIC2029,인공지능의활용,2026/1 ~ 2028/2,한양인터칼리지학부,not_found
H0002256,H0005245,한양인터칼리지학부,HIC2029,인공지능의활용,2026/1 ~ 2028/2,한양인터칼리지학부,not_found
H0002256,H0005006,한양인터칼리지학부,HIC3001,4차산업혁명시대의노동과법,2027/1 ~ 2029/2,한양인터칼리지학부,not_found
H0002256,H0005245,한양인터칼리지학부,HIC3001,4차산업혁명시대의노동과법,2027/1 ~ 2029/2,한양인터칼리지학부,not_found
H0002256,H0005006,한양인터칼리지학부,HIC3002,감각증강과융합인지과학,2027/1 ~ 2029/2,한양인터칼리지학부,not_found
H0002256,H0005245,한양인터칼리지학부,HIC3002,감각증강과융합인지과학,2027/1 ~ 2029/2,한양인터칼리지학부,not_found
H0002256,H0005006,한양인터칼리지학부,HIC3003,기반시설모니터링,2027/1 ~ 2029/2,한양인터칼리지학부,not_found
H0002256,H0005245,한양인터칼리지학부,HIC3003,기반시설모니터링,2027/1 ~ 2029/2,한양인터칼리지학부,not_found
H0002256,H0005006,한양인터칼리지학부,HIC3004,기후변화와클라이밋파이낸스,2027/1 ~ 2029/2,한양인터칼리지학부,not_found
H0002256,H0005245,한양인터칼리지학부,HIC3004,기후변화와클라이밋파이낸스,2027/1 ~ 2029/2,한양인터칼리지학부,not_found
H0002256,H0005006,한양인터칼리지학부,HIC3005,뇌와감각인지의응용,2027/1 ~ 2029/2,한양인터칼리지학부,not_found
H0002256,H0005245,한양인터칼리지학부,HIC3005,뇌와감각인지의응용,2027/1 ~ 2029/2,한양인터칼리지학부,not_found
H0002256,H0005006,한양인터칼리지학부,HIC3006,대전환의시대와변화의법,2027/1 ~ 2029/2,한양인터칼리지학부,not_found
H0002256,H0005245,한양인터칼리지학부,HIC3006,대전환의시대와변화의법,2027/1 ~ 2029/2,한양인터칼리지학부,not_found
H0002256,H0005006,한양인터칼리지학부,HIC3007,딥러닝과인공지능활용,2027/1 ~ 2029/2,한양인터칼리지학부,not_found
H0002256,H0005245,한양인터칼리지학부,HIC3007,딥러닝과인공지능활용,2027/1 ~ 2029/2,한양인터칼리지학부,not_found
H0002256,H0005006,한양인터칼리지학부,HIC3008,메이크어드밴스드,2027/1 ~ 2029/2,한양인터칼리지학부,not_found
H0002256,H0005245,한양인터칼리지학부,HIC3008,메이크어드밴스드,2027/1 ~ 2029/2,한양인터칼리지학부,not_found
H0002256,H0005006,한양인터칼리지학부,HIC3009,반도체고체물리학개론,2027/1 ~ 2029/2,한양인터칼리지학부,not_found
H0002256,H0005245,한양인터칼리지학부,HIC3009,반도체고체물리학개론,2027/1 ~ 2029/2,한양인터칼리지학부,not_found
H0002256,H0005006,한양인터칼리지학부,HIC3010,반도체를위한AI와머신러닝활용,2027/1 ~ 2029/2,한양인터칼리지학부,not_found
H0002256,H0005245,한양인터칼리지학부,HIC3010,반도체를위한AI와머신러닝활용,2027/1 ~ 2029/2,한양인터칼리지학부,not_found
H0002256,H0005006,한양인터칼리지학부,HIC3011,반도체소자공정,2027/1 ~ 2029/2,한양인터칼리지학부,not_found
H0002256,H0005245,한양인터칼리지학부,HIC3011,반도체소자공정,2027/1 ~ 2029/2,한양인터칼리지학부,not_found
H0002256,H0005006,한양인터칼리지학부,HIC3012,반도체소자및분석,2027/1 ~ 2029/2,한양인터칼리지학부,not_found
H0002256,H0005245,한양인터칼리지학부,HIC3012,반도체소자및분석,2027/1 ~ 2029/2,한양인터칼리지학부,not_found
H0002256,H0005006,한양인터칼리지학부,HIC3013,반도체소재응용및특성분석,2027/1 ~ 2029/2,한양인터칼리지학부,not_found
H0002256,H0005245,한양인터칼리지학부,HIC3013,반도체소재응용및특성분석,2027/1 ~ 2029/2,한양인터칼리지학부,not_found
H0002256,H0005006,한양인터칼리지학부,HIC3014,반도체제조및공정제어,2027/1 ~ 2029/2,한양인터칼리지학부,not_found
H0002256,H0005245,한양인터칼리지학부,HIC3014,반도체제조및공정제어,2027/1 ~ 2029/2,한양인터칼리지학부,not_found
H0002256,H0005006,한양인터칼리지학부,HIC3015,"보건경제학과정책결정,의료미디어",2027/1 ~ 2029/2,한양인터칼리지학부,not_found
H0002256,H0005245,한양인터칼리지학부,HIC3015,"보건경제학과정책결정,의료미디어",2027/1 ~ 2029/2,한양인터칼리지학부,not_found
H0002256,H0005006,한양인터칼리지학부,HIC3016,보건의료빅데이터연구,2027/1 ~ 2029/2,한양인터칼리지학부,not_found
H0002256,H0005245,한양인터칼리지학부,HIC3016,보건의료빅데이터연구,2027/1 ~ 2029/2,한양인터칼리지학부,not_found
H0002256,H0005006,한양인터칼리지학부,HIC3017,브랜드전략과마케팅,2027/1 ~ 2029/2,한양인터칼리지학부,not_found
H0002256,H0005245,한양인터칼리지학부,HIC3017,브랜드전략과마케팅,2027/1 ~ 2029/2,한양인터칼리지학부,not_found
H0002256,H0005006,한양인터칼리지학부,HIC3018,비즈니스데이터스토리텔링,2027/1 ~ 2029/2,한양인터칼리지학부,not_found
H0002256,H0005245,한양인터칼리지학부,HIC3018,비즈니스데이터스토리텔링,2027/1 ~ 2029/2,한양인터칼리지학부,not_found
H0002256,H0005006,한양인터칼리지학부,HIC3019,사회인프라경제성분석,2027/1 ~ 2029/2,한양인터칼리지학부,not_found
H0002256,H0005245,한양인터칼리지학부,HIC3019,사회인프라경제성분석,2027/1 ~ 2029/2,한양인터칼리지학부,not_found
H0002256,H0005006,한양인터칼리지학부,HIC3020,생체에너지소자,2027/1 ~ 2029/2,한양인터칼리지학부,not_found
H0002256,H0005245,한양인터칼리지학부,HIC3020,생체에너지소자,2027/1 ~ 2029/2,한양인터칼리지학부,not_found
H0002256,H0005006,한양인터칼리지학부,HIC3021,생체영상공학,2027/1 ~ 2029/2,한양인터칼리지학부,not_found
H0002256,H0005245,한양인터칼리지학부,HIC3021,생체영상공학,2027/1 ~ 2029/2,한양인터칼리지학부,not_found
H0002256,H0005006,한양인터칼리지학부,HIC3022,스타트업런치패드,2027/1 ~ 2029/2,한양인터칼리지학부,not_found
H0002256,H0005245,한양인터칼리지학부,HIC3022,스타트업런치패드,2027/1 ~ 2029/2,한양인터칼리지학부,not_found
H0002256,H0005006,한양인터칼리지학부,HIC3023,신경과학과학습설계,2026/1 ~ 2029/2,한양인터칼리지학부,not_found
H0002256,H0005245,한양인터칼리지학부,HIC3023,신경과학과학습설계,2026/1 ~ 2029/2,한양인터칼리지학부,not_found
H0002256,H0005006,한양인터칼리지학부,HIC3024,의학연구의설계와이해,2027/1 ~ 2029/2,한양인터칼리지학부,not_found
H0002256,H0005245,한양인터칼리지학부,HIC3024,의학연구의설계와이해,2027/1 ~ 2029/2,한양인터칼리지학부,not_found
H0002256,H0005006,한양인터칼리지학부,HIC3025,인지계산,2027/1 ~ 2029/2,한양인터칼리지학부,not_found
H0002256,H0005245,한양인터칼리지학부,HIC3025,인지계산,2027/1 ~ 2029/2,한양인터칼리지학부,not_found
H0002256,H0005006,한양인터칼리지학부,HIC3026,인지발달과신경과학,2027/1 ~ 2029/2,한양인터칼리지학부,not_found
H0002256,H0005245,한양인터칼리지학부,HIC3026,인지발달과신경과학,2027/1 ~ 2029/2,한양인터칼리지학부,not_found
H0002256,H0005006,한양인터칼리지학부,HIC3027,InterDisciplinary Project,2027/1 ~ 2029/2,한양인터칼리지학부,not_found
H0002256,H0005245,한양인터칼리지학부,HIC3027,InterDisciplinary Project,2027/1 ~ 2029/2,한양인터칼리지학부,not_found
H0002256,H0005006,한양인터칼리지학부,HIC3028,임상신경과학,2027/1 ~ 2029/2,한양인터칼리지학부,not_found
H0002256,H0005245,한양인터칼리지학부,HIC3028,임상신경과학,2027/1 ~ 2029/2,한양인터칼리지학부,not_found
H0002256,H0005006,한양인터칼리지학부,HIC3029,임상질환학,2027/1 ~ 2029/2,한양인터칼리지학부,not_found
H0002256,H0005245,한양인터칼리지학부,HIC3029,임상질환학,2027/1 ~ 2029/2,한양인터칼리지학부,not_found
H0002256,H0005006,한양인터칼리지학부,HIC3030,임팩트비즈니스와임팩트이코노미,2027/1 ~ 2029/2,한양인터칼리지학부,not_found
H0002256,H0005245,한양인터칼리지학부,HIC3030,임팩트비즈니스와임팩트이코노미,2027/1 ~ 2029/2,한양인터칼리지학부,not_found
H0002256,H0005006,한양인터칼리지학부,HIC3031,제품-서비스경험디자인,2026/1 ~ 2028/2,한양인터칼리지학부,ok
H0002256,H0005245,한양인터칼리지학부,HIC3031,제품-서비스경험디자인,2026/1 ~ 2028/2,한양인터칼리지학부,ok
H0002256,H0005006,한양인터칼리지학부,HIC3032,지식재산과사업화전략,2027/1 ~ 2029/2,한양인터칼리지학부,not_found
H0002256,H0005245,한양인터칼리지학부,HIC3032,지식재산과사업화전략,2027/1 ~ 2029/2,한양인터칼리지학부,not_found
H0002256,H0005006,한양인터칼리지학부,HIC3033,혁신애널리틱스,2027/1 ~ 2029/2,한양인터칼리지학부,not_found
H0002256,H0005245,한양인터칼리지학부,HIC3033,혁신애널리틱스,2027/1 ~ 2029/2,한양인터칼리지학부,not_found
H0002256,H0005006,한양인터칼리지학부,HIC3034,의학종양학,2027/1 ~ 2029/2,한양인터칼리지학부,not_found
H0002256,H0005245,한양인터칼리지학부,HIC3034,의학종양학,2027/1 ~ 2029/2,한양인터칼리지학부,not_found
H0002256,H0005006,한양인터칼리지학부,HIC3035,줄기세포학,2027/1 ~ 2029/2,한양인터칼리지학부,not_found
H0002256,H0005245,한양인터칼리지학부,HIC3035,줄기세포학,2027/1 ~ 2029/2,한양인터칼리지학부,not_found
H0002256,H0005006,한양인터칼리지학부,HIC4001,AI융합인지임상,2028/1 ~ 2030/2,한양인터칼리지학부,not_found
H0002256,H0005245,한양인터칼리지학부,HIC4001,AI융합인지임상,2028/1 ~ 2030/2,한양인터칼리지학부,not_found
H0002256,H0005006,한양인터칼리지학부,HIC4002,HCI인지융합설계,2028/1 ~ 2030/2,한양인터칼리지학부,not_found
H0002256,H0005245,한양인터칼리지학부,HIC4002,HCI인지융합설계,2028/1 ~ 2030/2,한양인터칼리지학부,not_found
H0002256,H0005006,한양인터칼리지학부,HIC4003,계산인지와행동분석,2028/1 ~ 2030/2,한양인터칼리지학부,not_found
H0002256,H0005245,한양인터칼리지학부,HIC4003,계산인지와행동분석,2028/1 ~ 2030/2,한양인터칼리지학부,not_found
H0002256,H0005006,한양인터칼리지학부,HIC4004,국가발전의원리,2028/1 ~ 2030/2,한양인터칼리지학부,not_found
H0002256,H0005245,한양인터칼리지학부,HIC4004,국가발전의원리,2028/1 ~ 2030/2,한양인터칼리지학부,not_found
H0002256,H0005006,한양인터칼리지학부,HIC4005,뇌신경공학,2028/1 ~ 2030/2,한양인터칼리지학부,not_found
H0002256,H0005245,한양인터칼리지학부,HIC4005,뇌신경공학,2028/1 ~ 2030/2,한양인터칼리지학부,not_found
H0002256,H0005006,한양인터칼리지학부,HIC4006,딥테크혁신경영,2028/1 ~ 2030/2,한양인터칼리지학부,not_found
H0002256,H0005245,한양인터칼리지학부,HIC4006,딥테크혁신경영,2028/1 ~ 2030/2,한양인터칼리지학부,not_found
H0002256,H0005006,한양인터칼리지학부,HIC4007,로컬리즘과리빙랩,2026/1 ~ 2030/2,한양인터칼리지학부,not_found
H0002256,H0005245,한양인터칼리지학부,HIC4007,로컬리즘과리빙랩,2026/1 ~ 2030/2,한양인터칼리지학부,not_found
H0002256,H0005006,한양인터칼리지학부,HIC4008,리걸디자인,2027/1 ~ 2029/2,한양인터칼리지학부,not_found
H0002256,H0005245,한양인터칼리지학부,HIC4008,리걸디자인,2027/1 ~ 2029/2,한양인터칼리지학부,not_found
H0002256,H0005006,한양인터칼리지학부,HIC4009,마음과기계:AI기반인지시스템의미래,2028/1 ~ 2030/2,한양인터칼리지학부,not_found
H0002256,H0005245,한양인터칼리지학부,HIC4009,마음과기계:AI기반인지시스템의미래,2028/1 ~ 2030/2,한양인터칼리지학부,not_found
H0002256,H0005006,한양인터칼리지학부,HIC4010,바이오인공장기,2028/1 ~ 2030/2,한양인터칼리지학부,not_found
H0002256,H0005245,한양인터칼리지학부,HIC4010,바이오인공장기,2028/1 ~ 2030/2,한양인터칼리지학부,not_found
H0002256,H0005006,한양인터칼리지학부,HIC4011,반도체결함제어및활용,2028/1 ~ 2030/2,한양인터칼리지학부,not_found
H0002256,H0005245,한양인터칼리지학부,HIC4011,반도체결함제어및활용,2028/1 ~ 2030/2,한양인터칼리지학부,not_found
H0002256,H0005006,한양인터칼리지학부,HIC4012,반도체의현재와미래,2028/1 ~ 2030/2,한양인터칼리지학부,not_found
H0002256,H0005245,한양인터칼리지학부,HIC4012,반도체의현재와미래,2028/1 ~ 2030/2,한양인터칼리지학부,not_found
H0002256,H0005006,한양인터칼리지학부,HIC4013,반도체패키징,2028/1 ~ 2030/2,한양인터칼리지학부,not_found
H0002256,H0005245,한양인터칼리지학부,HIC4013,반도체패키징,2028/1 ~ 2030/2,한양인터칼리지학부,not_found
H0002256,H0005006,한양인터칼리지학부,HIC4014,반도체한계극복,2028/1 ~ 2030/2,한양인터칼리지학부,not_found
H0002256,H0005245,한양인터칼리지학부,HIC4014,반도체한계극복,2028/1 ~ 2030/2,한양인터칼리지학부,not_found
H0002256,H0005006,한양인터칼리지학부,HIC4015,보건의료정책인턴쉽,2028/1 ~ 2030/2,한양인터칼리지학부,not_found
H0002256,H0005245,한양인터칼리지학부,HIC4015,보건의료정책인턴쉽,2028/1 ~ 2030/2,한양인터칼리지학부,not_found
H0002256,H0005006,한양인터칼리지학부,HIC4016,생물수학,2028/1 ~ 2030/2,한양인터칼리지학부,not_found
H0002256,H0005245,한양인터칼리지학부,HIC4016,생물수학,2028/1 ~ 2030/2,한양인터칼리지학부,not_found
H0002256,H0005006,한양인터칼리지학부,HIC4017,스타트업파이낸싱과투자,2028/1 ~ 2030/2,한양인터칼리지학부,not_found
H0002256,H0005245,한양인터칼리지학부,HIC4017,스타트업파이낸싱과투자,2028/1 ~ 2030/2,한양인터칼리지학부,not_found
H0002256,H0005006,한양인터칼리지학부,HIC4018,오픈이노베이션과크로스섹터파트너십,2026/1 ~ 2030/2,한양인터칼리지학부,not_found
H0002256,H0005245,한양인터칼리지학부,HIC4018,오픈이노베이션과크로스섹터파트너십,2026/1 ~ 2030/2,한양인터칼리지학부,not_found
H0002256,H0005006,한양인터칼리지학부,HIC4019,의학영상시스템,2028/1 ~ 2030/2,한양인터칼리지학부,not_found
H0002256,H0005245,한양인터칼리지학부,HIC4019,의학영상시스템,2028/1 ~ 2030/2,한양인터칼리지학부,not_found
H0002256,H0005006,한양인터칼리지학부,HIC4020,인간답게사는법,2028/1 ~ 2030/2,한양인터칼리지학부,not_found
H0002256,H0005245,한양인터칼리지학부,HIC4020,인간답게사는법,2028/1 ~ 2030/2,한양인터칼리지학부,not_found
H0002256,H0005006,한양인터칼리지학부,HIC4021,인지과학과AI융합:인지편향과AI윤리,2027/1 ~ 2029/2,한양인터칼리지학부,not_found
H0002256,H0005245,한양인터칼리지학부,HIC4021,인지과학과AI융합:인지편향과AI윤리,2027/1 ~ 2029/2,한양인터칼리지학부,not_found
H0002256,H0005006,한양인터칼리지학부,HIC4022,TransDisciplinary Project,2028/1 ~ 2030/2,한양인터칼리지학부,not_found
H0002256,H0005245,한양인터칼리지학부,HIC4022,TransDisciplinary Project,2028/1 ~ 2030/2,한양인터칼리지학부,not_found
H0002256,H0005006,한양인터칼리지학부,HIC4023,임상유전체학,2028/1 ~ 2030/2,한양인터칼리지학부,not_found
H0002256,H0005245,한양인터칼리지학부,HIC4023,임상유전체학,2028/1 ~ 2030/2,한양인터칼리지학부,not_found
H0002256,H0005006,한양인터칼리지학부,HIC4024,집단과심리치료,2027/1 ~ 2029/2,한양인터칼리지학부,not_found
H0002256,H0005245,한양인터칼리지학부,HIC4024,집단과심리치료,2027/1 ~ 2029/2,한양인터칼리지학부,not_found
H0002256,H0005006,한양인터칼리지학부,HIC4025,차세대유연전자소자,2028/1 ~ 2030/2,한양인터칼리지학부,not_found
H0002256,H0005245,한양인터칼리지학부,HIC4025,차세대유연전자소자,2028/1 ~ 2030/2,한양인터칼리지학부,not_found
H0002256,H0005006,한양인터칼리지학부,HIC4026,헬스케어소프트웨어설계및실습,2028/1 ~ 2030/2,한양인터칼리지학부,not_found
H0002256,H0005245,한양인터칼리지학부,HIC4026,헬스케어소프트웨어설계및실습,2028/1 ~ 2030/2,한양인터칼리지학부,not_found
H0002256,H0005006,한양인터칼리지학부,HIC4027,환경과건강,2028/1 ~ 2030/2,한양인터칼리지학부,not_found
H0002256,H0005245,한양인터칼리지학부,HIC4027,환경과건강,2028/1 ~ 2030/2,한양인터칼리지학부,not_found
H0002256,H0005006,한양인터칼리지학부,IEN1002,선형대수학,2026/1 ~ 2028/2,한양인터칼리지학부,ok
H0002256,H0005245,한양인터칼리지학부,IEN1002,선형대수학,2026/1 ~ 2028/2,한양인터칼리지학부,ok
H0002256,H0005006,한양인터칼리지학부,INE5006,데이터마이닝,2027/1 ~ 2029/2,한양인터칼리지학부,ok
H0002256,H0005245,한양인터칼리지학부,INE5006,데이터마이닝,2027/1 ~ 2029/2,한양인터칼리지학부,ok
H0002256,H0005006,한양인터칼리지학부,INV2012,지속가능한사회와건강,2027/1 ~ 2029/2,한양인터칼리지학부,ok
H0002256,H0005245,한양인터칼리지학부,INV2012,지속가능한사회와건강,2027/1 ~ 2029/2,한양인터칼리지학부,ok
H0002256,H0005006,한양인터칼리지학부,MAT3008,수치해석,2027/1 ~ 2029/2,한양인터칼리지학부,ok
H0002256,H0005245,한양인터칼리지학부,MAT3008,수치해석,2027/1 ~ 2029/2,한양인터칼리지학부,ok
H0002256,H0005006,한양인터칼리지학부,PHA2031,해부생리학,2026/1 ~ 2028/2,한양인터칼리지학부,ok
H0002256,H0005245,한양인터칼리지학부,PHA2031,해부생리학,2026/1 ~ 2028/2,한양인터칼리지학부,ok
H0002256,H0005006,한양인터칼리지학부,PRE1015,인간심리학,2026/1 ~ 2028/2,한양인터칼리지학부,ok
H0002256,H0005245,한양인터칼리지학부,PRE1015,인간심리학,2026/1 ~ 2028/2,한양인터칼리지학부,ok
H0002256,H0005006,한양인터칼리지학부,ROB2003,전기전자회로,2026/1 ~ 2028/2,한양인터칼리지학부,not_found
H0002256,H0005245,한양인터칼리지학부,ROB2003,전기전자회로,2026/1 ~ 2028/2,한양인터칼리지학부,not_found
H0002256,H0005006,한양인터칼리지학부,SMC1006,공학프로그래밍기초,2026/1 ~ 2028/2,한양인터칼리지학부,ok
H0002256,H0005245,한양인터칼리지학부,SMC1006,공학프로그래밍기초,2026/1 ~ 2028/2,한양인터칼리지학부,ok
H0002256,H0005006,한양인터칼리지학부,SYH0001,사랑의실천1(한양나눔),2025/1 ~ 2027/2,한양인터칼리지학부,ok
H0002256,H0005245,한양인터칼리지학부,SYH0001,사랑의실천1(한양나눔),2025/1 ~ 2027/2,한양인터칼리지학부,ok
H0002256,H0005006,한양인터칼리지학부,SYH0002,사랑의실천2(스마트커뮤니케이션),2026/1 ~ 2028/2,한양인터칼리지학부,not_found
H0002256,H0005245,한양인터칼리지학부,SYH0002,사랑의실천2(스마트커뮤니케이션),2026/1 ~ 2028/2,한양인터칼리지학부,not_found
H0002256,H0005006,한양인터칼리지학부,SYH0003,사랑의실천3(기업가정신),2027/1 ~ 2029/2,한양인터칼리지학부,not_found
H0002256,H0005245,한양인터칼리지학부,SYH0003,사랑의실천3(기업가정신),2027/1 ~ 2029/2,한양인터칼리지학부,not_found
H0002256,H0005006,한양인터칼리지학부,SYH0004,사랑의실천4(미래실용인재),2028/1 ~ 2030/2,한양인터칼리지학부,ok
H0002256,H0005245,한양인터칼리지학부,SYH0004,사랑의실천4(미래실용인재),2028/1 ~ 2030/2,한양인터칼리지학부,ok
H0002256,H0003725,한중통번역전공,KOR2068,한국어의사소통,2017/1 ~ 2020/2,한중통번역전공,ok
H0002256,H0003725,한중통번역전공,KOR4066,무역한국어,2019/1 ~ 2022/2,한중통번역전공,ok
H0002256,H0003725,한중통번역전공,PER2019,한국어작문,2019/1 ~ 2022/2,한중통번역전공,ok
H0002256,H0003725,한중통번역전공,PER2021,한국사회와문화,2017/1 ~ 2020/2,한중통번역전공,ok
H0002256,H0003725,한중통번역전공,PER2037,한류와한국대중문화,2017/1 ~ 2020/2,한중통번역전공,ok
H0002256,H0003725,한중통번역전공,PER2038,한중커뮤니케이션기초,2014/1 ~ 2017/2,한중통번역전공,ok
H0002256,H0003725,한중통번역전공,PER2039,한중커뮤니케이션연습,2014/1 ~ 2016/1,한중통번역전공,ok
H0002256,H0003725,한중통번역전공,PER2054,한중커뮤니케이션기초1,2017/1 ~ 2020/2,한중통번역전공,not_found
H0002256,H0003725,한중통번역전공,PER2055,중국어통역기초1,2017/1 ~ 2020/2,한중통번역전공,not_found
H0002256,H0003725,한중통번역전공,PER2056,한국어통역기초1,2017/1 ~ 2020/2,한중통번역전공,not_found
H0002256,H0003725,한중통번역전공,PER2057,중국어통역기초2,2017/1 ~ 2020/2,한중통번역전공,ok
H0002256,H0003725,한중통번역전공,PER2058,한국어통역기초2,2017/1 ~ 2020/2,한중통번역전공,ok
H0002256,H0003725,한중통번역전공,PER2059,한중커뮤니케이션기초2,2017/1 ~ 2020/2,한중통번역전공,ok
H0002256,H0003725,한중통번역전공,PER3041,외국인을위한한국문화원형,2018/1 ~ 2021/2,한중통번역전공,ok
H0002256,H0003725,한중통번역전공,PER3043,한중드라마번역,2014/1 ~ 2017/2,한중통번역전공,ok
H0002256,H0003725,한중통번역전공,PER3044,한중프레젠테이션,2014/1 ~ 2021/2,한중통번역전공,ok
H0002256,H0003725,한중통번역전공,PER3055,중국어번역기초1,2018/1 ~ 2021/2,한중통번역전공,not_found
H0002256,H0003725,한중통번역전공,PER3056,한국어번역기초1,2018/1 ~ 2021/2,한중통번역전공,not_found
H0002256,H0003725,한중통번역전공,PER3057,중국어번역기초2,2018/1 ~ 2021/2,한중통번역전공,not_found
H0002256,H0003725,한중통번역전공,PER3058,한국어번역기초2,2018/1 ~ 2021/2,한중통번역전공,not_found
H0002256,H0003725,한중통번역전공,PER3059,한중프레젠테이션2,2018/1 ~ 2021/2,한중통번역전공,not_found
H0002256,H0003725,한중통번역전공,PER4010,한국어텍스트의이해,2019/1 ~ 2022/2,한중통번역전공,ok
H0002256,H0003725,한중통번역전공,PER4025,한중비즈니스문화,2014/1 ~ 2022/2,한중통번역전공,ok
H0002256,H0003725,한중통번역전공,PER4033,한중통번역연습,2019/1 ~ 2022/2,한중통번역전공,not_found
H0002256,H0003725,한중통번역전공,PER4034,중한통번역연습,2019/1 ~ 2022/2,한중통번역전공,not_found
H0002256,H0003666,행정학과,CUL0005,말과글,2014/1 ~ 2027/2,행정학과,ok
H0002256,H0003666,행정학과,CUL0011,창의적컴퓨팅,2016/1 ~ 2027/2,행정학과,ok
H0002256,H0003666,행정학과,CUL0202,문화기술인간,2025/1 ~ 2027/2,행정학과,ok
H0002256,H0003666,행정학과,CUL0203,AI시대쓰기의힘,2025/1 ~ 2027/2,행정학과,ok
H0002256,H0003666,행정학과,CUL0205,Technology and AI: Utopia or Dystopia?,2026/1 ~ 2028/2,행정학과,ok
H0002256,H0003666,행정학과,CUL0208,스토리텔링의설계와전략,2026/1 ~ 2028/2,행정학과,ok
H0002256,H0003666,행정학과,CUL1122,창의적프로그래밍,2023/1 ~ 2028/2,행정학과,ok
H0002256,H0003666,행정학과,CUL1138,인공지능과기계학습,2023/1 ~ 2028/2,행정학과,ok
H0002256,H0003666,행정학과,CUL2004,사회학에의초대,2014/1 ~ 2015/2,행정학과,ok
H0002256,H0003666,행정학과,ECO2028,거시경제1:국민소득과물가,2011/1 ~ 2017/2,행정학과,ok
H0002256,H0003666,행정학과,ECO2029,미시경제1:소비자와기업,2011/1 ~ 2017/2,행정학과,ok
H0002256,H0003666,행정학과,GEN0043,경제원론,2014/1 ~ 2015/2,행정학과,ok
H0002256,H0003666,행정학과,GEN4091,과학기술의철학적이해,2014/1 ~ 2027/2,행정학과,ok
H0002256,H0003666,행정학과,GEN5029,커리어개발Ⅰ:취.창업진로로드맵,2014/1 ~ 2027/2,행정학과,ok
H0002256,H0003666,행정학과,GEN5100,커리어개발Ⅱ:취.창업진로포트폴리오,2015/1 ~ 2029/2,행정학과,ok
H0002256,H0003666,행정학과,GEN6032,전문학술영어,2014/1 ~ 2028/2,행정학과,ok
H0002256,H0003666,행정학과,GEN6044,한양사회봉사,2014/1 ~ 2014/2,행정학과,ok
H0002256,H0003666,행정학과,GEN6094,전공현장실습1,2012/1 ~ 2016/2,행정학과,ok
H0002256,H0003666,행정학과,GEN6095,전공현장실습2,2012/1 ~ 2016/2,행정학과,ok
H0002256,H0003666,행정학과,LAW1059,법학개론,2014/1 ~ 2015/2,행정학과,ok
H0002256,H0003666,행정학과,PAD1053,행정학의이해,2014/1 ~ 2015/2,행정학과,ok
H0002256,H0003666,행정학과,PAD1054,행정학의탐색,2014/1 ~ 2015/2,행정학과,ok
H0002256,H0003666,행정학과,PAD1055,심리학입문,2014/1 ~ 2015/2,행정학과,ok
H0002256,H0003666,행정학과,PAD1056,통계학의기초,2014/1 ~ 2015/2,행정학과,ok
H0002256,H0003666,행정학과,PAD2001,한국행정론,2011/1 ~ 2017/2,행정학과,ok
H0002256,H0003666,행정학과,PAD2002,행정조사방법론,2014/1 ~ 2016/2,행정학과,ok
H0002256,H0003666,행정학과,PAD2017,경제분석,2014/1 ~ 2028/2,행정학과,ok
H0002256,H0003666,행정학과,PAD2020,행정학의이론,2014/1 ~ 2028/2,행정학과,ok
H0002256,H0003666,행정학과,PAD2021,행정연구캡스톤디자인,2014/1 ~ 2029/2,행정학과,ok
H0002256,H0003666,행정학과,PAD2055,행정계량분석,2014/1 ~ 2028/2,행정학과,ok
H0002256,H0003666,행정학과,PAD2056,지방자치론,2014/1 ~ 2028/2,행정학과,ok
H0002256,H0003666,행정학과,PAD2057,비교지방정부론,2014/1 ~ 2016/2,행정학과,ok
H0002256,H0003666,행정학과,PAD2058,행정법Ⅰ,2014/1 ~ 2016/2,행정학과,ok
H0002256,H0003666,행정학과,PAD2059,공공투자론,2011/1 ~ 2017/2,행정학과,ok
H0002256,H0003666,행정학과,PAD2060,행정학의핵심주제,2014/1 ~ 2028/2,행정학과,ok
H0002256,H0003666,행정학과,PAD2061,행정기술론,2021/1 ~ 2021/2,행정학과,not_found
H0002256,H0003666,행정학과,PAD2062,AI행정과데이터분석,2022/1 ~ 2028/2,행정학과,ok
H0002256,H0003666,행정학과,PAD3001,인사행정론,2014/1 ~ 2028/2,행정학과,ok
H0002256,H0003666,행정학과,PAD3002,재무행정론,2014/1 ~ 2028/2,행정학과,ok
H0002256,H0003666,행정학과,PAD3003,조직론,2014/1 ~ 2028/2,행정학과,ok
H0002256,H0003666,행정학과,PAD3004,정책학개론,2014/1 ~ 2028/2,행정학과,ok
H0002256,H0003666,행정학과,PAD3016,행정통제론,2012/1 ~ 2018/2,행정학과,ok
H0002256,H0003666,행정학과,PAD3023,공기업경영론,2011/1 ~ 2030/2,행정학과,ok
H0002256,H0003666,행정학과,PAD3025,행정법Ⅱ,2011/1 ~ 2017/2,행정학과,ok
H0002256,H0003666,행정학과,PAD3026,감성정부론,2011/1 ~ 2029/2,행정학과,ok
H0002256,H0003666,행정학과,PAD3052,복지행정론,2011/1 ~ 2029/2,행정학과,ok
H0002256,H0003666,행정학과,PAD3062,정치와행정,2011/1 ~ 2025/2,행정학과,ok
H0002256,H0003666,행정학과,PAD3064,행정리더쉽트레이닝,2012/1 ~ 2018/2,행정학과,ok
H0002256,H0003666,행정학과,PAD3065,국제사회와행정,2011/1 ~ 2019/1,행정학과,not_found
H0002256,H0003666,행정학과,PAD3066,문화행정론,2011/1 ~ 2029/2,행정학과,ok
H0002256,H0003666,행정학과,PAD3068,규제정책론,2011/1 ~ 2029/2,행정학과,ok
H0002256,H0003666,행정학과,PAD3070,성과관리론,2012/1 ~ 2029/2,행정학과,ok
H0002256,H0003666,행정학과,PAD3071,조직행태론,2014/1 ~ 2029/2,행정학과,ok
H0002256,H0003666,행정학과,PAD3072,정책실험론,2022/1 ~ 2029/2,행정학과,ok
H0002256,H0003666,행정학과,PAD3073,서베이데이터수집론,2022/1 ~ 2029/2,행정학과,ok
H0002256,H0003666,행정학과,PAD4004,도시행정론,2011/1 ~ 2021/2,행정학과,ok
H0002256,H0003666,행정학과,PAD4015,정책분석평가론,2011/1 ~ 2029/2,행정학과,ok
H0002256,H0003666,행정학과,PAD4031,정책사례연구,2012/1 ~ 2018/2,행정학과,ok
H0002256,H0003666,행정학과,PAD4035,Current Affairs And Public Policy,2012/1 ~ 2018/2,행정학과,ok
H0002256,H0003666,행정학과,PAD4037,거버넌스이론,2012/1 ~ 2030/2,행정학과,ok
H0002256,H0003666,행정학과,PAD4038,Contemporary Public Administration,2012/1 ~ 2018/2,행정학과,ok
H0002256,H0003666,행정학과,PAD4039,위기관리정책론,2012/1 ~ 2018/2,행정학과,ok
H0002256,H0003666,행정학과,PAD4040,시사정책현안분석,2012/1 ~ 2018/2,행정학과,ok
H0002256,H0003666,행정학과,PAD4041,도시행정사례분석,2012/1 ~ 2018/2,행정학과,ok
H0002256,H0003666,행정학과,PAD4043,졸업논문캡스톤디자인1,2012/1 ~ 2018/2,행정학과,not_found
H0002256,H0003666,행정학과,PAD4044,졸업논문캡스톤디자인2,2012/1 ~ 2018/2,행정학과,ok
H0002256,H0003666,행정학과,PAD4045,현대정책학이론,2019/1 ~ 2030/2,행정학과,ok
H0002256,H0003666,행정학과,PAD4046,환경행정의이해,2019/1 ~ 2022/2,행정학과,ok
H0002256,H0003666,행정학과,PAD4047,공직윤리론,2019/1 ~ 2029/2,행정학과,ok
H0002256,H0003666,행정학과,PAD4048,창의행정캡스톤디자인,2019/1 ~ 2030/2,행정학과,ok
H0002256,H0003666,행정학과,PAD4049,공공가치론,2023/1 ~ 2029/2,행정학과,ok
H0002256,H0003666,행정학과,PAD5000,정부혁신론,2012/1 ~ 2030/2,행정학과,ok
H0002256,H0003666,행정학과,PAD5001,정책리더십연구,2012/1 ~ 2018/2,행정학과,ok
H0002256,H0003666,행정학과,PPL1001,논리적사고,2016/1 ~ 2027/2,행정학과,ok
H0002256,H0003666,행정학과,PPL1003,법과사회,2016/1 ~ 2027/2,행정학과,ok
H0002256,H0003666,행정학과,PPL1007,비판적사고,2016/1 ~ 2025/2,행정학과,ok
H0002256,H0003666,행정학과,PPL1016,정치학원론,2016/1 ~ 2027/2,행정학과,ok
H0002256,H0003666,행정학과,PPL1020,헌법학개론,2016/1 ~ 2019/2,행정학과,ok
H0002256,H0003666,행정학과,PPL1021,헌법과기본권,2020/1 ~ 2025/2,행정학과,ok
H0002256,H0003666,행정학과,PPL2005,경제원론,2016/1 ~ 2025/2,행정학과,ok
H0002256,H0003666,행정학과,PPL2011,행정학개론,2016/1 ~ 2027/2,행정학과,ok
H0002256,H0003666,행정학과,PPL2018,조사방법론,2017/1 ~ 2028/2,행정학과,ok
H0002256,H0003666,행정학과,PSD1003,정치학입문,2014/2 ~ 2015/2,행정학과,ok
H0002256,H0003666,행정학과,PSD1004,국제정치학입문,2014/1 ~ 2015/2,행정학과,ok
H0002256,H0003666,행정학과,SYH0001,사랑의실천1(한양나눔),2014/1 ~ 2027/2,행정학과,ok
H0002256,H0003666,행정학과,SYH0002,사랑의실천2(스마트커뮤니케이션),2014/1 ~ 2028/2,행정학과,not_found
H0002256,H0003666,행정학과,SYH0003,사랑의실천3(기업가정신),2011/1 ~ 2029/2,행정학과,not_found
H0002256,H0003666,행정학과,SYH0004,사랑의실천4(미래실용인재),2012/1 ~ 2030/2,행정학과,ok
H0002256,H0003666,행정학과,TEA3033,일반사회논리및논술,2011/1 ~ 2029/2,행정학과,ok
H0002256,H0003666,행정학과,TEA5013,일반사회교과교육론,2011/1 ~ 2021/2,행정학과,ok
H0002256,H0003666,행정학과,TEA6013,일반사회교과교재연구및지도,2012/1 ~ 2022/2,행정학과,ok
H0002256,H0002836,행정학전공,ECO2028,거시경제1:국민소득과물가,2003/1 ~ 2013/2,행정학전공(학부/서울),ok
H0002256,H0002836,행정학전공,ECO2029,미시경제1:소비자와기업,2003/1 ~ 2013/2,행정학전공(학부/서울),ok
H0002256,H0002836,행정학전공,GEN6032,전문학술영어,2010/1 ~ 2013/2,행정학전공(학부/서울),ok
H0002256,H0002836,행정학전공,GEN6094,전공현장실습1,2012/1 ~ 2013/2,행정학전공(학부/서울),ok
H0002256,H0002836,행정학전공,GEN6095,전공현장실습2,2012/1 ~ 2013/2,행정학전공(학부/서울),ok
H0002256,H0002836,행정학전공,LAW1053,헌법1,2003/1 ~ 2005/2,행정학전공(학부/서울),ok
H0002256,H0002836,행정학전공,LAW2004,행정법1,2003/1 ~ 2010/2,행정학전공(학부/서울),ok
H0002256,H0002836,행정학전공,PAD2001,한국행정론,1999/1 ~ 2013/2,행정학전공(학부/서울),ok
H0002256,H0002836,행정학전공,PAD2002,행정조사방법론,1998/1 ~ 2013/2,행정학전공(학부/서울),ok
H0002256,H0002836,행정학전공,PAD2017,경제분석,2003/1 ~ 2013/2,행정학전공(학부/서울),ok
H0002256,H0002836,행정학전공,PAD2020,행정학의이론,2010/1 ~ 2013/2,행정학전공(학부/서울),ok
H0002256,H0002836,행정학전공,PAD2021,행정연구캡스톤디자인,2010/1 ~ 2013/2,행정학전공(학부/서울),ok
H0002256,H0002836,행정학전공,PAD2055,행정계량분석,2006/1 ~ 2013/2,행정학전공(학부/서울),ok
H0002256,H0002836,행정학전공,PAD2056,지방자치론,2006/1 ~ 2013/2,행정학전공(학부/서울),ok
H0002256,H0002836,행정학전공,PAD2057,비교지방정부론,2008/1 ~ 2013/2,행정학전공(학부/서울),ok
H0002256,H0002836,행정학전공,PAD2058,행정법Ⅰ,2010/1 ~ 2013/2,행정학전공(학부/서울),ok
H0002256,H0002836,행정학전공,PAD2059,공공투자론,2011/1 ~ 2013/2,행정학전공(학부/서울),ok
H0002256,H0002836,행정학전공,PAD2060,행정학의핵심주제,2012/1 ~ 2013/2,행정학전공(학부/서울),ok
H0002256,H0002836,행정학전공,PAD3001,인사행정론,1998/1 ~ 2013/2,행정학전공(학부/서울),ok
H0002256,H0002836,행정학전공,PAD3002,재무행정론,1999/1 ~ 2013/2,행정학전공(학부/서울),ok
H0002256,H0002836,행정학전공,PAD3003,조직론,1998/1 ~ 2013/2,행정학전공(학부/서울),ok
H0002256,H0002836,행정학전공,PAD3004,정책학개론,1998/1 ~ 2013/2,행정학전공(학부/서울),ok
H0002256,H0002836,행정학전공,PAD3016,행정통제론,2000/1 ~ 2013/2,행정학전공(학부/서울),ok
H0002256,H0002836,행정학전공,PAD3023,공기업경영론,2003/1 ~ 2013/2,행정학전공(학부/서울),ok
H0002256,H0002836,행정학전공,PAD3025,행정법Ⅱ,2011/1 ~ 2013/2,행정학전공(학부/서울),ok
H0002256,H0002836,행정학전공,PAD3026,감성정부론,2011/1 ~ 2013/2,행정학전공(학부/서울),ok
H0002256,H0002836,행정학전공,PAD3052,복지행정론,1999/1 ~ 2013/2,행정학전공(학부/서울),ok
H0002256,H0002836,행정학전공,PAD3062,정치와행정,2007/1 ~ 2013/2,행정학전공(학부/서울),ok
H0002256,H0002836,행정학전공,PAD3064,행정리더쉽트레이닝,2008/1 ~ 2013/2,행정학전공(학부/서울),ok
H0002256,H0002836,행정학전공,PAD3065,국제사회와행정,2007/1 ~ 2013/2,행정학전공(학부/서울),not_found
H0002256,H0002836,행정학전공,PAD3066,문화행정론,2006/1 ~ 2013/2,행정학전공(학부/서울),ok
H0002256,H0002836,행정학전공,PAD3068,규제정책론,2011/1 ~ 2013/2,행정학전공(학부/서울),ok
H0002256,H0002836,행정학전공,PAD3070,성과관리론,2012/1 ~ 2013/2,행정학전공(학부/서울),ok
H0002256,H0002836,행정학전공,PAD4004,도시행정론,1999/1 ~ 2013/2,행정학전공(학부/서울),ok
H0002256,H0002836,행정학전공,PAD4015,정책분석평가론,2003/1 ~ 2013/2,행정학전공(학부/서울),ok
H0002256,H0002836,행정학전공,PAD4031,정책사례연구,2004/1 ~ 2013/2,행정학전공(학부/서울),ok
H0002256,H0002836,행정학전공,PAD4035,Current Affairs And Public Policy,2008/1 ~ 2013/2,행정학전공(학부/서울),ok
H0002256,H0002836,행정학전공,PAD4037,거버넌스이론,2012/1 ~ 2013/2,행정학전공(학부/서울),ok
H0002256,H0002836,행정학전공,PAD4038,Contemporary Public Administration,2009/1 ~ 2013/2,행정학전공(학부/서울),ok
H0002256,H0002836,행정학전공,PAD4039,위기관리정책론,2012/1 ~ 2013/2,행정학전공(학부/서울),ok
H0002256,H0002836,행정학전공,PAD4040,시사정책현안분석,2010/1 ~ 2013/2,행정학전공(학부/서울),ok
H0002256,H0002836,행정학전공,PAD4041,도시행정사례분석,2012/1 ~ 2013/2,행정학전공(학부/서울),ok
H0002256,H0002836,행정학전공,PAD4043,졸업논문캡스톤디자인1,2012/1 ~ 2013/2,행정학전공(학부/서울),not_found
H0002256,H0002836,행정학전공,PAD4044,졸업논문캡스톤디자인2,2012/1 ~ 2013/2,행정학전공(학부/서울),ok
H0002256,H0002836,행정학전공,PAD5000,정부혁신론,2012/1 ~ 2013/2,행정학전공(학부/서울),ok
H0002256,H0002836,행정학전공,PAD5001,정책리더십연구,2012/1 ~ 2013/2,행정학전공(학부/서울),ok
H0002256,H0002836,행정학전공,SYH0002,사랑의실천2(스마트커뮤니케이션),2008/1 ~ 2013/2,행정학전공(학부/서울),not_found
H0002256,H0002836,행정학전공,SYH0003,사랑의실천3(기업가정신),2011/1 ~ 2013/2,행정학전공(학부/서울),not_found
H0002256,H0002836,행정학전공,SYH0004,사랑의실천4(미래실용인재),2012/1 ~ 2013/2,행정학전공(학부/서울),ok
H0002256,H0002836,행정학전공,TEA3033,일반사회논리및논술,2011/1 ~ 2013/2,행정학전공(학부/서울),ok
H0002256,H0002836,행정학전공,TEA5013,일반사회교과교육론,2011/1 ~ 2013/2,행정학전공(학부/서울),ok
H0002256,H0002836,행정학전공,TEA6013,일반사회교과교재연구및지도,2012/1 ~ 2013/2,행정학전공(학부/서울),ok
H0002256,H0002522,화공생명공학부,CBE1001,생명공학개론,2011/1 ~ 2014/2,화공생명공학부,ok
H0002256,H0002522,화공생명공학부,CHM1002,일반화학및실험2,2011/1 ~ 2014/2,화공생명공학부,ok
H0002256,H0002522,화공생명공학부,CHM1005,일반화학및실험1,2011/1 ~ 2014/2,화공생명공학부,ok
H0002256,H0002522,화공생명공학부,COE2022,공학입문설계,2011/1 ~ 2014/2,화공생명공학부,ok
H0002256,H0002522,화공생명공학부,CTE1005,화공개론,2011/1 ~ 2014/2,화공생명공학부,ok
H0002256,H0002522,화공생명공학부,CUL0005,말과글,2011/1 ~ 2014/2,화공생명공학부,ok
H0002256,H0002522,화공생명공학부,CUL3011,일반물리학및실험1,2011/1 ~ 2014/2,화공생명공학부,ok
H0002256,H0002522,화공생명공학부,CUL3012,일반물리학및실험2,2011/1 ~ 2014/2,화공생명공학부,ok
H0002256,H0002522,화공생명공학부,GEN1031,공학도를위한창의적컴퓨팅,2011/1 ~ 2014/2,화공생명공학부,ok
H0002256,H0002522,화공생명공학부,GEN2052,미분적분학1,2011/1 ~ 2014/2,화공생명공학부,ok
H0002256,H0002522,화공생명공학부,GEN2053,미분적분학2,2011/1 ~ 2014/2,화공생명공학부,ok
H0002256,H0002522,화공생명공학부,GEN4091,과학기술의철학적이해,2011/1 ~ 2014/2,화공생명공학부,ok
H0002256,H0002522,화공생명공학부,GEN5029,커리어개발Ⅰ:취.창업진로로드맵,2011/1 ~ 2014/2,화공생명공학부,ok
H0002256,H0002522,화공생명공학부,GEN6044,한양사회봉사,2011/1 ~ 2014/2,화공생명공학부,ok
H0002256,H0002522,화공생명공학부,SYH0001,사랑의실천1(한양나눔),2011/1 ~ 2014/2,화공생명공학부,ok
H0002256,H0003830,화학공학과,CHE1001,화학공학개론,2024/1 ~ 2027/2,화학공학과,ok
H0002256,H0003830,화학공학과,CHE1015,기능성고분자,2018/1 ~ 2022/2,화학공학과,ok
H0002256,H0003830,화학공학과,CHE2001,공업물리화학1,2016/1 ~ 2016/2,화학공학과,ok
H0002256,H0003830,화학공학과,CHE2002,공업물리화학2,2016/1 ~ 2016/2,화학공학과,ok
H0002256,H0003830,화학공학과,CHE2003,화공양론,2016/1 ~ 2028/2,화학공학과,ok
H0002256,H0003830,화학공학과,CHE2011,공업물리화학,2017/1 ~ 2028/2,화학공학과,ok
H0002256,H0003830,화학공학과,CHE2013,생명과학과공학,2016/1 ~ 2028/2,화학공학과,ok
H0002256,H0003830,화학공학과,CHE2017,화공설계입문1(URIP),2016/1 ~ 2016/2,화학공학과,ok
H0002256,H0003830,화학공학과,CHE2018,화공설계입문2(URIP),2016/1 ~ 2016/2,화학공학과,ok
H0002256,H0003830,화학공학과,CHE3002,반응공학1,2017/1 ~ 2017/2,화학공학과,ok
H0002256,H0003830,화학공학과,CHE3005,화공열역학1,2017/1 ~ 2029/2,화학공학과,ok
H0002256,H0003830,화학공학과,CHE3006,화공열역학2,2017/1 ~ 2029/2,화학공학과,ok
H0002256,H0003830,화학공학과,CHE3009,반응공학,2018/1 ~ 2029/2,화학공학과,ok
H0002256,H0003830,화학공학과,CHE3012,물질전달,2017/1 ~ 2021/2,화학공학과,ok
H0002256,H0003830,화학공학과,CHE4002,반응공학2,2017/1 ~ 2017/2,화학공학과,ok
H0002256,H0003830,화학공학과,CHE4010,분리공정,2018/1 ~ 2030/2,화학공학과,ok
H0002256,H0003830,화학공학과,CHE4021,생물화학공학,2018/1 ~ 2029/2,화학공학과,not_found
H0002256,H0003830,화학공학과,CHE4033,화학공학종합설계1(URIP),2018/1 ~ 2018/2,화학공학과,ok
H0002256,H0003830,화학공학과,CHE4035,화공바이오소재,2024/2 ~ 2030/2,화학공학과,ok
H0002256,H0003830,화학공학과,CHE4053,유기소자공학,2017/1 ~ 2017/2,화학공학과,ok
H0002256,H0003830,화학공학과,CHE4054,화학공학종합설계2(URIP),2018/1 ~ 2030/2,화학공학과,ok
H0002256,H0003830,화학공학과,CHM1002,일반화학및실험2,2015/1 ~ 2015/2,화학공학과,ok
H0002256,H0003830,화학공학과,CHM1005,일반화학및실험1,2015/1 ~ 2020/2,화학공학과,ok
H0002256,H0003830,화학공학과,CHM1057,화공생물학,2016/1 ~ 2023/2,화학공학과,ok
H0002256,H0003830,화학공학과,CHM2069,화공설계입문(URIP),2017/1 ~ 2028/2,화학공학과,ok
H0002256,H0003830,화학공학과,CHM3007,고분자화학,2017/1 ~ 2029/2,화학공학과,ok
H0002256,H0003830,화학공학과,CHM3065,나노재료화학,2017/1 ~ 2017/2,화학공학과,ok
H0002256,H0003830,화학공학과,CHM3066,화공기초실험,2017/1 ~ 2029/2,화학공학과,ok
H0002256,H0003830,화학공학과,CHM3067,화공응용실험,2018/1 ~ 2030/2,화학공학과,ok
H0002256,H0003830,화학공학과,CHM3069,생화학개론,2017/1 ~ 2025/2,화학공학과,ok
H0002256,H0003830,화학공학과,CHM3078,촉매반응공학,2018/1 ~ 2029/2,화학공학과,ok
H0002256,H0003830,화학공학과,CHM3080,에너지공정공학,2017/1 ~ 2017/2,화학공학과,not_found
H0002256,H0003830,화학공학과,CHM3081,화공소재분석,2017/1 ~ 2029/2,화학공학과,ok
H0002256,H0003830,화학공학과,CHM4013,고분자물성,2017/1 ~ 2029/2,화학공학과,ok
H0002256,H0003830,화학공학과,CHM4078,디스플레이공학,2018/1 ~ 2018/2,화학공학과,ok
H0002256,H0003830,화학공학과,CHM4079,분자설계유기합성,2018/1 ~ 2018/2,화학공학과,not_found
H0002256,H0003830,화학공학과,CHM4080,플랜트설계,2018/1 ~ 2030/2,화학공학과,ok
H0002256,H0003830,화학공학과,CHM4082,고분자재료공학,2017/1 ~ 2021/2,화학공학과,ok
H0002256,H0003830,화학공학과,CHM4083,나노화학공학,2018/1 ~ 2018/2,화학공학과,not_found
H0002256,H0003830,화학공학과,CHM4092,센서소재설계,2018/1 ~ 2030/2,화학공학과,ok
H0002256,H0003830,화학공학과,CHM4100,신재생에너지공학,2018/1 ~ 2018/2,화학공학과,not_found
H0002256,H0003830,화학공학과,CHM4101,이차전지공학,2018/1 ~ 2018/2,화학공학과,ok
H0002256,H0003830,화학공학과,CHM4102,화학공학종합설계(URIP),2019/1 ~ 2030/2,화학공학과,ok
H0002256,H0003830,화학공학과,CHM4103,무기화학공업,2019/1 ~ 2026/2,화학공학과,ok
H0002256,H0003830,화학공학과,CME4001,에너지소재,2018/1 ~ 2030/2,화학공학과,ok
H0002256,H0003830,화학공학과,CME4002,화공전산설계,2018/1 ~ 2030/2,화학공학과,ok
H0002256,H0003830,화학공학과,COE1010,실용공학연구1,2017/1 ~ 2025/2,화학공학과,ok
H0002256,H0003830,화학공학과,COE1011,실용공학연구2,2017/1 ~ 2026/2,화학공학과,ok
H0002256,H0003830,화학공학과,COE1012,실용공학연구3,2018/1 ~ 2018/2,화학공학과,ok
H0002256,H0003830,화학공학과,COE1013,실용공학연구4,2018/1 ~ 2018/2,화학공학과,ok
H0002256,H0003830,화학공학과,COE2022,공학입문설계,2015/1 ~ 2025/2,화학공학과,ok
H0002256,H0003830,화학공학과,COE3051,공업수학1,2016/1 ~ 2028/2,화학공학과,ok
H0002256,H0003830,화학공학과,COE3052,공업수학2,2016/1 ~ 2028/2,화학공학과,ok
H0002256,H0003830,화학공학과,COE3053,공업수학3,2018/1 ~ 2029/2,화학공학과,ok
H0002256,H0003830,화학공학과,CTE1005,화공개론,2015/1 ~ 2015/2,화학공학과,ok
H0002256,H0003830,화학공학과,CTE3012,AI공정제어,2018/1 ~ 2029/2,화학공학과,ok
H0002256,H0003830,화학공학과,CTE3013,표면및계면화학,2018/1 ~ 2030/2,화학공학과,ok
H0002256,H0003830,화학공학과,CTE3014,화공수학,2017/1 ~ 2017/2,화학공학과,not_found
H0002256,H0003830,화학공학과,CUL0005,말과글,2015/1 ~ 2027/2,화학공학과,ok
H0002256,H0003830,화학공학과,CUL0201,상상과학성찰,2025/1 ~ 2027/2,화학공학과,ok
H0002256,H0003830,화학공학과,CUL0203,AI시대쓰기의힘,2025/1 ~ 2027/2,화학공학과,ok
H0002256,H0003830,화학공학과,CUL0205,Technology and AI: Utopia or Dystopia?,2026/1 ~ 2028/2,화학공학과,ok
H0002256,H0003830,화학공학과,CUL0208,스토리텔링의설계와전략,2026/1 ~ 2028/2,화학공학과,ok
H0002256,H0003830,화학공학과,CUL1138,인공지능과기계학습,2023/1 ~ 2028/2,화학공학과,ok
H0002256,H0003830,화학공학과,CUL3011,일반물리학및실험1,2015/1 ~ 2027/2,화학공학과,ok
H0002256,H0003830,화학공학과,CUL3012,일반물리학및실험2,2015/1 ~ 2015/2,화학공학과,ok
H0002256,H0003830,화학공학과,GEN0072,일반화학및실험,2021/1 ~ 2027/2,화학공학과,ok
H0002256,H0003830,화학공학과,GEN1031,공학도를위한창의적컴퓨팅,2015/1 ~ 2027/2,화학공학과,ok
H0002256,H0003830,화학공학과,GEN1100,공학도를위한창의적프로그래밍,2023/1 ~ 2028/2,화학공학과,ok
H0002256,H0003830,화학공학과,GEN2052,미분적분학1,2015/1 ~ 2027/2,화학공학과,ok
H0002256,H0003830,화학공학과,GEN2053,미분적분학2,2015/1 ~ 2027/2,화학공학과,ok
H0002256,H0003830,화학공학과,GEN3041,초급중국어1,2016/1 ~ 2019/2,화학공학과,ok
H0002256,H0003830,화학공학과,GEN3052,환경공학,2018/1 ~ 2030/2,화학공학과,ok
H0002256,H0003830,화학공학과,GEN3058,공업경제학,2016/1 ~ 2016/2,화학공학과,ok
H0002256,H0003830,화학공학과,GEN4091,과학기술의철학적이해,2015/1 ~ 2027/2,화학공학과,ok
H0002256,H0003830,화학공학과,GEN5026,테크노경영학(스타트업종합설계),2017/1 ~ 2029/2,화학공학과,ok
H0002256,H0003830,화학공학과,GEN5029,커리어개발Ⅰ:취.창업진로로드맵,2015/1 ~ 2027/2,화학공학과,ok
H0002256,H0003830,화학공학과,GEN5100,커리어개발Ⅱ:취.창업진로포트폴리오,2017/1 ~ 2029/2,화학공학과,ok
H0002256,H0003830,화학공학과,GEN6032,전문학술영어,2016/1 ~ 2028/2,화학공학과,ok
H0002256,H0003830,화학공학과,GEN6094,전공현장실습1,2017/1 ~ 2017/2,화학공학과,ok
H0002256,H0003830,화학공학과,GEN6095,전공현장실습2,2017/1 ~ 2017/2,화학공학과,ok
H0002256,H0003830,화학공학과,HYP1021,화학공학HY-UP(실용연구실습)1,2026/1 ~ 2029/2,화학공학과,not_found
H0002256,H0003830,화학공학과,HYP2019,화학공학HY-UP(실용연구실습)2,2026/1 ~ 2029/2,화학공학과,not_found
H0002256,H0003830,화학공학과,HYP3016,화학공학HY-UP(실용연구실습)3,2027/1 ~ 2030/2,화학공학과,not_found
H0002256,H0003830,화학공학과,HYP4014,화학공학HY-UP(실용연구실습)4,2027/1 ~ 2030/2,화학공학과,not_found
H0002256,H0003830,화학공학과,HYR0006,화학공학HY-UROP(실용연구심화),2027/1 ~ 2030/2,화학공학과,not_found
H0002256,H0003830,화학공학과,ICH2001,공업유기화학1,2016/1 ~ 2028/2,화학공학과,ok
H0002256,H0003830,화학공학과,ICH2002,공업유기화학2,2016/1 ~ 2028/2,화학공학과,ok
H0002256,H0003830,화학공학과,ICH3011,전달현상,2022/1 ~ 2029/2,화학공학과,ok
H0002256,H0003830,화학공학과,ICH4002,전기화학,2017/1 ~ 2029/2,화학공학과,ok
H0002256,H0003830,화학공학과,ICH4013,유기구조분석,2018/1 ~ 2021/2,화학공학과,ok
H0002256,H0003830,화학공학과,ICH4014,고분자공학,2023/1 ~ 2030/2,화학공학과,ok
H0002256,H0003830,화학공학과,ICH4015,공업화학,2018/1 ~ 2018/2,화학공학과,ok
H0002256,H0003830,화학공학과,ICH4016,석유화학공업,2018/1 ~ 2018/2,화학공학과,not_found
H0002256,H0003830,화학공학과,MAT2017,확률통계론,2016/1 ~ 2016/2,화학공학과,ok
H0002256,H0003830,화학공학과,MAT3008,수치해석,2016/1 ~ 2028/2,화학공학과,ok
H0002256,H0003830,화학공학과,MEE3007,유체역학,2017/1 ~ 2029/2,화학공학과,ok
H0002256,H0003830,화학공학과,MEE4001,열전달,2017/1 ~ 2021/2,화학공학과,ok
H0002256,H0003830,화학공학과,PBL4010,화학공학캡스톤PBL,2019/2 ~ 2030/2,화학공학과,ok
H0002256,H0003830,화학공학과,SYH0001,사랑의실천1(한양나눔),2015/1 ~ 2027/2,화학공학과,ok
H0002256,H0003830,화학공학과,SYH0002,사랑의실천2(스마트커뮤니케이션),2016/1 ~ 2028/2,화학공학과,not_found
H0002256,H0003830,화학공학과,SYH0003,사랑의실천3(기업가정신),2017/1 ~ 2029/2,화학공학과,not_found
H0002256,H0003830,화학공학과,SYH0004,사랑의실천4(미래실용인재),2018/1 ~ 2030/2,화학공학과,ok
H0002256,H0003830,화학공학과,TEA3028,공업논리및논술,2017/1 ~ 2021/2,화학공학과,ok
H0002256,H0003830,화학공학과,TEA5008,공업교과교육론,2017/1 ~ 2021/2,화학공학과,ok
H0002256,H0003830,화학공학과,TEA6008,공업교과교재연구및지도,2018/1 ~ 2022/2,화학공학과,ok
H0002256,H0002523,화학공학전공,CHE1015,기능성고분자,2014/1 ~ 2018/2,화학공학전공,ok
H0002256,H0002523,화학공학전공,CHE2001,공업물리화학1,2012/1 ~ 2016/2,화학공학전공,ok
H0002256,H0002523,화학공학전공,CHE2002,공업물리화학2,2012/1 ~ 2016/2,화학공학전공,ok
H0002256,H0002523,화학공학전공,CHE2003,화공양론,2012/1 ~ 2016/2,화학공학전공,ok
H0002256,H0002523,화학공학전공,CHE2013,생명과학과공학,2012/1 ~ 2016/2,화학공학전공,ok
H0002256,H0002523,화학공학전공,CHE2017,화공설계입문1(URIP),2012/1 ~ 2016/2,화학공학전공,ok
H0002256,H0002523,화학공학전공,CHE2018,화공설계입문2(URIP),2012/1 ~ 2016/2,화학공학전공,ok
H0002256,H0002523,화학공학전공,CHE3005,화공열역학1,2013/1 ~ 2017/2,화학공학전공,ok
H0002256,H0002523,화학공학전공,CHE3006,화공열역학2,2013/1 ~ 2017/2,화학공학전공,ok
H0002256,H0002523,화학공학전공,CHE3009,반응공학,2013/1 ~ 2017/2,화학공학전공,ok
H0002256,H0002523,화학공학전공,CHE3012,물질전달,2013/1 ~ 2017/2,화학공학전공,ok
H0002256,H0002523,화학공학전공,CHE4010,분리공정,2014/1 ~ 2018/2,화학공학전공,ok
H0002256,H0002523,화학공학전공,CHE4021,생물화학공학,2014/1 ~ 2018/2,화학공학전공,not_found
H0002256,H0002523,화학공학전공,CHE4033,화학공학종합설계1(URIP),2014/1 ~ 2018/2,화학공학전공,ok
H0002256,H0002523,화학공학전공,CHE4053,유기소자공학,2014/1 ~ 2018/2,화학공학전공,ok
H0002256,H0002523,화학공학전공,CHE4054,화학공학종합설계2(URIP),2014/1 ~ 2018/2,화학공학전공,ok
H0002256,H0002523,화학공학전공,CHM3007,고분자화학,2013/1 ~ 2017/2,화학공학전공,ok
H0002256,H0002523,화학공학전공,CHM3065,나노재료화학,2013/1 ~ 2017/2,화학공학전공,ok
H0002256,H0002523,화학공학전공,CHM3066,화공기초실험,2013/1 ~ 2017/2,화학공학전공,ok
H0002256,H0002523,화학공학전공,CHM3067,화공응용실험,2014/1 ~ 2018/2,화학공학전공,ok
H0002256,H0002523,화학공학전공,CHM3069,생화학개론,2013/1 ~ 2017/2,화학공학전공,ok
H0002256,H0002523,화학공학전공,CHM3078,촉매반응공학,2013/1 ~ 2017/2,화학공학전공,ok
H0002256,H0002523,화학공학전공,CHM4001,기기분석,2013/1 ~ 2017/2,화학공학전공,ok
H0002256,H0002523,화학공학전공,CHM4013,고분자물성,2013/1 ~ 2017/2,화학공학전공,ok
H0002256,H0002523,화학공학전공,CHM4078,디스플레이공학,2014/1 ~ 2018/2,화학공학전공,ok
H0002256,H0002523,화학공학전공,CHM4079,분자설계유기합성,2014/1 ~ 2018/2,화학공학전공,not_found
H0002256,H0002523,화학공학전공,CHM4080,플랜트설계,2014/1 ~ 2018/2,화학공학전공,ok
H0002256,H0002523,화학공학전공,CHM4082,고분자재료공학,2014/1 ~ 2018/2,화학공학전공,ok
H0002256,H0002523,화학공학전공,CHM4083,나노화학공학,2014/1 ~ 2018/2,화학공학전공,not_found
H0002256,H0002523,화학공학전공,CHM4084,전지공학,2014/1 ~ 2018/2,화학공학전공,ok
H0002256,H0002523,화학공학전공,CHM4092,센서소재설계,2014/1 ~ 2018/2,화학공학전공,ok
H0002256,H0002523,화학공학전공,CME4001,에너지소재,2014/1 ~ 2018/2,화학공학전공,ok
H0002256,H0002523,화학공학전공,CME4002,화공전산설계,2014/1 ~ 2018/2,화학공학전공,ok
H0002256,H0002523,화학공학전공,COE1010,실용공학연구1,2013/1 ~ 2017/2,화학공학전공,ok
H0002256,H0002523,화학공학전공,COE1011,실용공학연구2,2013/1 ~ 2017/2,화학공학전공,ok
H0002256,H0002523,화학공학전공,COE1012,실용공학연구3,2014/1 ~ 2018/2,화학공학전공,ok
H0002256,H0002523,화학공학전공,COE1013,실용공학연구4,2014/1 ~ 2018/2,화학공학전공,ok
H0002256,H0002523,화학공학전공,COE3051,공업수학1,2012/1 ~ 2016/2,화학공학전공,ok
H0002256,H0002523,화학공학전공,COE3052,공업수학2,2012/1 ~ 2016/2,화학공학전공,ok
H0002256,H0002523,화학공학전공,COE3053,공업수학3,2013/1 ~ 2017/2,화학공학전공,ok
H0002256,H0002523,화학공학전공,CTE3012,AI공정제어,2014/1 ~ 2018/2,화학공학전공,ok
H0002256,H0002523,화학공학전공,CTE3013,표면및계면화학,2014/1 ~ 2018/2,화학공학전공,ok
H0002256,H0002523,화학공학전공,GEN3052,환경공학,2014/1 ~ 2018/2,화학공학전공,ok
H0002256,H0002523,화학공학전공,GEN3058,공업경제학,2012/1 ~ 2016/2,화학공학전공,ok
H0002256,H0002523,화학공학전공,GEN5026,테크노경영학(스타트업종합설계),2013/1 ~ 2017/2,화학공학전공,ok
H0002256,H0002523,화학공학전공,GEN5100,커리어개발Ⅱ:취.창업진로포트폴리오,2015/1 ~ 2017/2,화학공학전공,ok
H0002256,H0002523,화학공학전공,GEN6032,전문학술영어,2012/1 ~ 2016/2,화학공학전공,ok
H0002256,H0002523,화학공학전공,GEN6094,전공현장실습1,2014/1 ~ 2016/2,화학공학전공,ok
H0002256,H0002523,화학공학전공,GEN6095,전공현장실습2,2013/1 ~ 2016/2,화학공학전공,ok
H0002256,H0002523,화학공학전공,ICH2001,공업유기화학1,2012/1 ~ 2016/2,화학공학전공,ok
H0002256,H0002523,화학공학전공,ICH2002,공업유기화학2,2012/1 ~ 2016/2,화학공학전공,ok
H0002256,H0002523,화학공학전공,ICH4002,전기화학,2013/1 ~ 2017/2,화학공학전공,ok
H0002256,H0002523,화학공학전공,ICH4015,공업화학,2014/1 ~ 2018/2,화학공학전공,ok
H0002256,H0002523,화학공학전공,ICH4016,석유화학공업,2014/1 ~ 2018/2,화학공학전공,not_found
H0002256,H0002523,화학공학전공,MAT2017,확률통계론,2012/1 ~ 2016/2,화학공학전공,ok
H0002256,H0002523,화학공학전공,MAT3008,수치해석,2012/1 ~ 2016/2,화학공학전공,ok
H0002256,H0002523,화학공학전공,MEE3007,유체역학,2013/1 ~ 2017/2,화학공학전공,ok
H0002256,H0002523,화학공학전공,MEE4001,열전달,2013/1 ~ 2017/2,화학공학전공,ok
H0002256,H0002523,화학공학전공,SYH0002,사랑의실천2(스마트커뮤니케이션),2012/1 ~ 2016/2,화학공학전공,not_found
H0002256,H0002523,화학공학전공,SYH0003,사랑의실천3(기업가정신),2013/1 ~ 2017/2,화학공학전공,not_found
H0002256,H0002523,화학공학전공,SYH0004,사랑의실천4(미래실용인재),2014/1 ~ 2018/2,화학공학전공,ok
H0002256,H0002523,화학공학전공,TEA3028,공업논리및논술,2013/1 ~ 2017/2,화학공학전공,ok
H0002256,H0002523,화학공학전공,TEA5008,공업교과교육론,2013/1 ~ 2017/2,화학공학전공,ok
H0002256,H0002523,화학공학전공,TEA6008,공업교과교재연구및지도,2014/1 ~ 2018/2,화학공학전공,ok
H0002256,H0003562,화학과,CHM1002,일반화학및실험2,2013/1 ~ 2015/2,화학과,ok
H0002256,H0003562,화학과,CHM1005,일반화학및실험1,2013/1 ~ 2015/2,화학과,ok
H0002256,H0003562,화학과,CHM1053,화학생물학,2013/1 ~ 2015/2,화학과,ok
H0002256,H0003562,화학과,CHM1055,일반화학및실험Ⅰ,2016/1 ~ 2027/2,화학과,ok
H0002256,H0003562,화학과,CHM1056,일반화학및실험Ⅱ,2016/1 ~ 2027/2,화학과,ok
H0002256,H0003562,화학과,CHM2001,물리화학1,2014/1 ~ 2028/2,화학과,ok
H0002256,H0003562,화학과,CHM2002,물리화학2,2014/1 ~ 2028/2,화학과,ok
H0002256,H0003562,화학과,CHM2003,유기화학1,2014/1 ~ 2028/2,화학과,ok
H0002256,H0003562,화학과,CHM2004,유기화학2,2014/1 ~ 2028/2,화학과,ok
H0002256,H0003562,화학과,CHM2005,물리화학실험1,2014/1 ~ 2028/2,화학과,ok
H0002256,H0003562,화학과,CHM2011,분석화학,2014/1 ~ 2028/2,화학과,ok
H0002256,H0003562,화학과,CHM2013,유기화학실험1,2014/1 ~ 2028/2,화학과,ok
H0002256,H0003562,화학과,CHM2014,유기화학실험2,2014/1 ~ 2028/2,화학과,ok
H0002256,H0003562,화학과,CHM2023,분석화학실험,2014/1 ~ 2028/2,화학과,ok
H0002256,H0003562,화학과,CHM2066,분자생화학,2014/1 ~ 2016/2,화학과,ok
H0002256,H0003562,화학과,CHM2067,기본생화학,2014/1 ~ 2016/2,화학과,ok
H0002256,H0003562,화학과,CHM2068,기초화학수학,2014/1 ~ 2027/2,화학과,ok
H0002256,H0003562,화학과,CHM3001,무기화학1,2015/1 ~ 2029/2,화학과,ok
H0002256,H0003562,화학과,CHM3002,무기화학2,2015/1 ~ 2029/2,화학과,ok
H0002256,H0003562,화학과,CHM3003,물리화학3,2015/1 ~ 2029/2,화학과,ok
H0002256,H0003562,화학과,CHM3004,유기화학3,2015/1 ~ 2017/2,화학과,ok
H0002256,H0003562,화학과,CHM3005,물리화학실험2,2015/1 ~ 2029/2,화학과,ok
H0002256,H0003562,화학과,CHM3007,고분자화학,2015/1 ~ 2029/2,화학과,ok
H0002256,H0003562,화학과,CHM3015,유기구조론,2019/1 ~ 2030/2,화학과,ok
H0002256,H0003562,화학과,CHM3018,분석화학특강,2019/1 ~ 2030/2,화학과,ok
H0002256,H0003562,화학과,CHM3019,반응속도론,2016/1 ~ 2021/2,화학과,ok
H0002256,H0003562,화학과,CHM3020,물리화학특강,2016/1 ~ 2018/2,화학과,ok
H0002256,H0003562,화학과,CHM3027,입체유기화학,2015/1 ~ 2017/2,화학과,ok
H0002256,H0003562,화학과,CHM3030,표면화학,2016/1 ~ 2030/2,화학과,ok
H0002256,H0003562,화학과,CHM3035,기기분석1,2014/1 ~ 2016/2,화학과,ok
H0002256,H0003562,화학과,CHM3036,기기분석2,2015/1 ~ 2017/2,화학과,ok
H0002256,H0003562,화학과,CHM3062,유기반응,2016/1 ~ 2029/2,화학과,ok
H0002256,H0003562,화학과,CHM3064,유기합성론,2015/1 ~ 2029/2,화학과,ok
H0002256,H0003562,화학과,CHM3077,기초생화학실험,2015/1 ~ 2017/2,화학과,ok
H0002256,H0003562,화학과,CHM4001,기기분석,2017/1 ~ 2028/2,화학과,ok
H0002256,H0003562,화학과,CHM4003,무기화학실험,2015/1 ~ 2029/2,화학과,ok
H0002256,H0003562,화학과,CHM4007,양자화학,2015/1 ~ 2029/2,화학과,ok
H0002256,H0003562,화학과,CHM4010,화학열역학,2014/1 ~ 2029/2,화학과,ok
H0002256,H0003562,화학과,CHM4011,고체화학,2016/1 ~ 2018/2,화학과,ok
H0002256,H0003562,화학과,CHM4020,유기화학특강,2016/1 ~ 2030/2,화학과,ok
H0002256,H0003562,화학과,CHM4021,무기화학특강,2019/1 ~ 2030/2,화학과,ok
H0002256,H0003562,화학과,CHM4023,물리화학특강1,2019/1 ~ 2030/2,화학과,ok
H0002256,H0003562,화학과,CHM4024,물리화학특강2,2019/1 ~ 2030/2,화학과,ok
H0002256,H0003562,화학과,CHM4035,재료화학,2018/1 ~ 2029/2,화학과,ok
H0002256,H0003562,화학과,CHM4042,유기금속화학,2016/1 ~ 2018/2,화학과,ok
H0002256,H0003562,화학과,CHM4051,기기분석실험,2015/1 ~ 2029/2,화학과,ok
H0002256,H0003562,화학과,CHM4065,고분자응용,2016/1 ~ 2018/2,화학과,ok
H0002256,H0003562,화학과,CHM4075,화학특수연구1,2016/1 ~ 2030/2,화학과,ok
H0002256,H0003562,화학과,CHM4076,화학특수연구2,2016/1 ~ 2030/2,화학과,ok
H0002256,H0003562,화학과,CHM4097,고분자재료화학특강,2016/1 ~ 2030/2,화학과,ok
H0002256,H0003562,화학과,CHM4098,분자환경생화학,2016/1 ~ 2018/2,화학과,ok
H0002256,H0003562,화학과,CHM5001,세포생화학,2016/1 ~ 2018/2,화학과,ok
H0002256,H0003562,화학과,CHM5002,분자분광분석,2015/1 ~ 2017/2,화학과,ok
H0002256,H0003562,화학과,CHM5005,화학과캡스톤디자인1,2016/1 ~ 2030/2,화학과,ok
H0002256,H0003562,화학과,CHM5006,화학과캡스톤디자인2,2016/1 ~ 2030/2,화학과,ok
H0002256,H0003562,화학과,CHM5009,재료분석,2016/1 ~ 2018/2,화학과,not_found
H0002256,H0003562,화학과,CUL0005,말과글,2013/1 ~ 2027/2,화학과,ok
H0002256,H0003562,화학과,CUL0011,창의적컴퓨팅,2017/1 ~ 2027/2,화학과,ok
H0002256,H0003562,화학과,CUL0201,상상과학성찰,2025/1 ~ 2027/2,화학과,ok
H0002256,H0003562,화학과,CUL0203,AI시대쓰기의힘,2025/1 ~ 2027/2,화학과,ok
H0002256,H0003562,화학과,CUL0205,Technology and AI: Utopia or Dystopia?,2026/1 ~ 2028/2,화학과,ok
H0002256,H0003562,화학과,CUL0208,스토리텔링의설계와전략,2026/1 ~ 2028/2,화학과,ok
H0002256,H0003562,화학과,CUL1122,창의적프로그래밍,2023/1 ~ 2028/2,화학과,ok
H0002256,H0003562,화학과,CUL1138,인공지능과기계학습,2023/1 ~ 2028/2,화학과,ok
H0002256,H0003562,화학과,CUL3011,일반물리학및실험1,2013/1 ~ 2015/2,화학과,ok
H0002256,H0003562,화학과,CUL3012,일반물리학및실험2,2013/1 ~ 2015/2,화학과,ok
H0002256,H0003562,화학과,DBC2001,생화학1,2015/1 ~ 2029/2,화학과,ok
H0002256,H0003562,화학과,DBC2002,생화학2,2015/1 ~ 2029/2,화학과,ok
H0002256,H0003562,화학과,DBC2010,생화학실험,2018/1 ~ 2029/2,화학과,ok
H0002256,H0003562,화학과,GEN2052,미분적분학1,2013/1 ~ 2027/2,화학과,ok
H0002256,H0003562,화학과,GEN2053,미분적분학2,2013/1 ~ 2015/2,화학과,ok
H0002256,H0003562,화학과,GEN4091,과학기술의철학적이해,2013/1 ~ 2027/2,화학과,ok
H0002256,H0003562,화학과,GEN5029,커리어개발Ⅰ:취.창업진로로드맵,2013/1 ~ 2027/2,화학과,ok
H0002256,H0003562,화학과,GEN5100,커리어개발Ⅱ:취.창업진로포트폴리오,2015/1 ~ 2029/2,화학과,ok
H0002256,H0003562,화학과,GEN6032,전문학술영어,2014/1 ~ 2028/2,화학과,ok
H0002256,H0003562,화학과,GEN6044,한양사회봉사,2013/1 ~ 2014/2,화학과,ok
H0002256,H0003562,화학과,GEN6094,전공현장실습1,2015/1 ~ 2016/2,화학과,ok
H0002256,H0003562,화학과,GEN6095,전공현장실습2,2015/1 ~ 2016/2,화학과,ok
H0002256,H0003562,화학과,PBL4013,화학캡스톤PBL,2019/2 ~ 2030/2,화학과,ok
H0002256,H0003562,화학과,PHE4095,기초생화학,2017/1 ~ 2028/2,화학과,ok
H0002256,H0003562,화학과,PHY1005,일반물리학및실험Ⅰ,2016/1 ~ 2027/2,화학과,ok
H0002256,H0003562,화학과,SYH0001,사랑의실천1(한양나눔),2013/1 ~ 2027/2,화학과,ok
H0002256,H0003562,화학과,SYH0002,사랑의실천2(스마트커뮤니케이션),2014/1 ~ 2028/2,화학과,not_found
H0002256,H0003562,화학과,SYH0003,사랑의실천3(기업가정신),2015/1 ~ 2029/2,화학과,not_found
H0002256,H0003562,화학과,SYH0004,사랑의실천4(미래실용인재),2016/1 ~ 2030/2,화학과,ok
H0002256,H0003562,화학과,TEA3031,화학논리및논술,2015/1 ~ 2015/1,화학과,ok
H0002256,H0003562,화학과,TEA3045,과학논리및논술,2015/2 ~ 2024/1,화학과,ok
H0002256,H0003562,화학과,TEA5011,화학교과교육론,2015/1 ~ 2015/1,화학과,ok
H0002256,H0003562,화학과,TEA5021,과학교과교육론,2015/2 ~ 2024/2,화학과,ok
H0002256,H0003562,화학과,TEA6022,과학교과교재연구및지도,2015/2 ~ 2024/2,화학과,ok
