campus_code,dept_code,dept_name,course_no,course_name,year,term,year_term_range,opening_dept,A+,A,B+,B,C+,C,D+,D,F,P,S,U,A+_count,A_count,B+_count,B_count,C+_count,C_count,D+_count,D_count,F_count,P_count,S_count,U_count,parse_status,pdf_path,error,total_count
H0002256,H0002867,정보시스템학과,ACC2056,회계학,2025,2,2009/1 ~ 2028/2,정보시스템학과(학과/서울),30.3,1.52,42.42,,24.24,,,,,,1.52,,20,1,28,,16,,,,,,1,,ok,outputs/pdfs_full/정보시스템학과__ACC2056__회계학.pdf,,66
H0002256,H0002894,경영학부,ACC3001,원가회계,2026,1,2006/1 ~ 2028/2,경영학부(학부/서울/경영),20.83,27.08,14.58,12.5,11.46,4.17,3.13,,,,,,20,26,14,12,11,4,3,,,,,,ok,outputs/pdfs_full/경영학부__ACC3001__원가회계.pdf,,90
H0002256,H0002894,경영학부,ACC3002,회계감사,2026,1,1999/1 ~ 2029/2,경영학부(학부/서울/경영),39.08,1.15,40.23,,19.54,,,,,,,,34,1,35,,17,,,,,,,,ok,outputs/pdfs_full/경영학부__ACC3002__회계감사.pdf,,87
H0002256,H0002894,경영학부,ACC3003,관리회계,2025,2,2006/1 ~ 2028/2,경영학부(학부/서울/경영),36.71,2.53,36.71,,10.13,,,10.13,,,3.8,,29,2,29,,8,,,8,,,3,,ok,outputs/pdfs_full/경영학부__ACC3003__관리회계.pdf,,79
H0002256,H0002894,경영학부,ACC3004,세무회계,2020,2,1998/1 ~ 2022/2,경영학부(학부/서울/경영),19.67,13.11,24.59,16.39,16.39,,,9.84,,,,,12,8,15,10,10,,,6,,,,,ok,outputs/pdfs_full/경영학부__ACC3004__세무회계.pdf,,61
H0002256,H0003542,법학과,ACC3005,조세법,2014,2,2003/1 ~ 2016/2,법학과(학부/서울),17.24,17.24,24.14,31.03,10.34,,,,,,,,5,5,7,9,3,,,,,,,,ok,outputs/pdfs_full/법학과__ACC3005__조세법.pdf,,29
H0002256,H0002894,경영학부,ACC4001,고급회계,2025,2,1999/1 ~ 2029/2,경영학부(학부/서울/경영),28.13,12.5,25,15.63,9.38,9.38,,,,,,,9,4,8,5,3,3,,,,,,,ok,outputs/pdfs_full/경영학부__ACC4001__고급회계.pdf,,32
H0002256,H0002256,서울 대학,AIX0001,인공지능과학자-딥러닝,2018,2,2018/2 ~ 2027/2,대학(학부/서울),100,,,,,,,,,,,,5,,,,,,,,,,,,ok,outputs/pdfs_seoul_university/서울_대학__AIX0001__인공지능과학자-딥러닝.pdf,,5
H0002256,H0004253,인문소프트웨어융합전공,AIX0002,AI+X:인공지능,2026,1,2020/1 ~ 2029/2,인문소프트웨어융합전공,98.27,0.58,1.16,,,,,,,,,,340,2,4,,,,,,,,,,ok,outputs/pdfs_full/인문소프트웨어융합전공__AIX0002__AI+X_인공지능.pdf,,346
H0002256,H0004253,인문소프트웨어융합전공,AIX0003,AI+X:딥러닝,2026,1,2020/1 ~ 2029/2,인문소프트웨어융합전공,11.45,25.95,24.43,12.21,10.69,4.58,6.11,4.58,,,,,15,34,32,16,14,6,8,6,,,,,ok,outputs/pdfs_full/인문소프트웨어융합전공__AIX0003__AI+X_딥러닝.pdf,,131
H0002256,H0004253,인문소프트웨어융합전공,AIX0004,AI+X:R-Py컴퓨팅,2026,1,2020/1 ~ 2029/2,인문소프트웨어융합전공,33.69,6.95,26.74,8.02,10.7,6.95,3.74,3.21,,,,,63,13,50,15,20,13,7,6,,,,,ok,outputs/pdfs_full/인문소프트웨어융합전공__AIX0004__AI+X_R-Py컴퓨팅.pdf,,187
H0002256,H0004253,인문소프트웨어융합전공,AIX0005,AI+X:머신러닝,2026,1,2020/1 ~ 2029/2,인문소프트웨어융합전공,60.8,19.32,16.19,3.13,0.57,,,,,,,,214,68,57,11,2,,,,,,,,ok,outputs/pdfs_full/인문소프트웨어융합전공__AIX0005__AI+X_머신러닝.pdf,,352
H0002256,H0004157,미래인문학융합전공,AIX0006,AI와법,2025,2,2021/2 ~ 2029/2,미래인문학융합전공,37.5,,43.75,,18.75,,,,,,,,6,,7,,3,,,,,,,,ok,outputs/pdfs_full/미래인문학융합전공__AIX0006__AI와법.pdf,,16
H0002256,H0004157,미래인문학융합전공,AIX0007,인공지능의철학,2026,1,2021/2 ~ 2029/2,미래인문학융합전공,100,,,,,,,,,,,,19,,,,,,,,,,,,ok,outputs/pdfs_full/미래인문학융합전공__AIX0007__인공지능의철학.pdf,,19
H0002256,H0004322,빅데이터융합전공,AIX0008,AI+X:데이터사이언티스트,2023,2,2018/2 ~ 2029/2,빅데이터융합전공,9.76,12.2,21.95,21.95,17.07,4.88,7.32,4.88,,,,,4,5,9,9,7,2,3,2,,,,,ok,outputs/pdfs_full/빅데이터융합전공__AIX0008__AI+X_데이터사이언티스트.pdf,,41
H0002256,H0002256,서울 대학,AIX0009,AI와암호화폐이야기,2024,1,2022/1 ~ 2025/2,대학(학부/서울),33.33,19.61,23.53,13.73,,1.96,3.92,3.92,,,,,17,10,12,7,,1,2,2,,,,,ok,outputs/pdfs_seoul_university/서울_대학__AIX0009__AI와암호화폐이야기.pdf,,51
H0002256,H0002722,응용미술교육과,APA1001,기초디자인1,2026,1,1989/1 ~ 2027/2,응용미술교육과(학부/서울),76.19,23.81,,,,,,,,,,,16,5,,,,,,,,,,,ok,outputs/pdfs_full/응용미술교육과__APA1001__기초디자인1.pdf,,21
H0002256,H0002722,응용미술교육과,APA1002,기초디자인2,2021,1,1989/1 ~ 2021/2,응용미술교육과(학부/서울),91.67,8.33,,,,,,,,,,,11,1,,,,,,,,,,,ok,outputs/pdfs_full/응용미술교육과__APA1002__기초디자인2.pdf,,12
H0002256,H0002722,응용미술교육과,APA1011,기초회화,2026,1,2005/1 ~ 2027/2,응용미술교육과(학부/서울),19.05,19.05,42.86,,19.05,,,,,,,,4,4,9,,4,,,,,,,,ok,outputs/pdfs_full/응용미술교육과__APA1011__기초회화.pdf,,21
H0002256,H0002722,응용미술교육과,APA1012,미술교육학원론1,2025,2,2005/1 ~ 2027/2,응용미술교육과(학부/서울),40.91,45.45,13.64,,,,,,,,,,9,10,3,,,,,,,,,,ok,outputs/pdfs_full/응용미술교육과__APA1012__미술교육학원론1.pdf,,22
H0002256,H0002722,응용미술교육과,APA1014,서양미술사1,2016,1,2010/1 ~ 2016/2,응용미술교육과(학부/서울),27.27,,45.45,,27.27,,,,,,,,6,,10,,6,,,,,,,,ok,outputs/pdfs_full/응용미술교육과__APA1014__서양미술사1.pdf,,22
H0002256,H0002722,응용미술교육과,APA1015,드로잉,2025,2,2009/1 ~ 2027/2,응용미술교육과(학부/서울),22.73,18.18,31.82,9.09,18.18,,,,,,,,5,4,7,2,4,,,,,,,,ok,outputs/pdfs_full/응용미술교육과__APA1015__드로잉.pdf,,22
H0002256,H0002722,응용미술교육과,APA1016,타이포그래피,2015,2,2013/1 ~ 2015/2,응용미술교육과(학부/서울),19.23,19.23,23.08,19.23,19.23,,,,,,,,5,5,6,5,5,,,,,,,,ok,outputs/pdfs_full/응용미술교육과__APA1016__타이포그래피.pdf,,26
H0002256,H0002722,응용미술교육과,APA2021,가상공간연구,2025,2,2002/1 ~ 2029/2,응용미술교육과(학부/서울),45.45,27.27,27.27,,,,,,,,,,5,3,3,,,,,,,,,,ok,outputs/pdfs_full/응용미술교육과__APA2021__가상공간연구.pdf,,11
H0002256,H0002722,응용미술교육과,APA2023,미술치료법,2016,1,2002/1 ~ 2016/2,응용미술교육과(학부/서울),61.54,,23.08,7.69,,7.69,,,,,,,8,,3,1,,1,,,,,,,ok,outputs/pdfs_full/응용미술교육과__APA2023__미술치료법.pdf,,13
H0002256,H0002722,응용미술교육과,APA2024,영어프리젠테이션,2016,1,2002/1 ~ 2016/2,응용미술교육과(학부/서울),38.89,22.22,27.78,11.11,,,,,,,,,7,4,5,2,,,,,,,,,ok,outputs/pdfs_full/응용미술교육과__APA2024__영어프리젠테이션.pdf,,18
H0002256,H0002722,응용미술교육과,APA2026,게임환경연구2,2017,2,2002/1 ~ 2017/2,응용미술교육과(학부/서울),47.06,29.41,23.53,,,,,,,,,,8,5,4,,,,,,,,,,ok,outputs/pdfs_full/응용미술교육과__APA2026__게임환경연구2.pdf,,17
H0002256,H0002722,응용미술교육과,APA2030,문화예술콘텐츠,2025,2,2010/1 ~ 2030/2,응용미술교육과(학부/서울),38.89,,38.89,,22.22,,,,,,,,7,,7,,4,,,,,,,,ok,outputs/pdfs_full/응용미술교육과__APA2030__문화예술콘텐츠.pdf,,18
H0002256,H0002722,응용미술교육과,APA2031,서양미술사2,2025,2,2010/1 ~ 2029/2,응용미술교육과(학부/서울),66.67,33.33,,,,,,,,,,,4,2,,,,,,,,,,,ok,outputs/pdfs_full/응용미술교육과__APA2031__서양미술사2.pdf,,6
H0002256,H0002722,응용미술교육과,APA2032,섬유공예,2016,1,2010/1 ~ 2016/2,응용미술교육과(학부/서울),21.05,21.05,21.05,21.05,15.79,,,,,,,,4,4,4,4,3,,,,,,,,ok,outputs/pdfs_full/응용미술교육과__APA2032__섬유공예.pdf,,19
H0002256,H0002722,응용미술교육과,APA2033,환경도자,2017,2,2010/1 ~ 2018/1,응용미술교육과(학부/서울),42.11,,21.05,,36.84,,,,,,,,8,,4,,7,,,,,,,,ok,outputs/pdfs_full/응용미술교육과__APA2033__환경도자.pdf,,19
H0002256,H0002722,응용미술교육과,APA2034,2D컴퓨터그래픽,2025,2,2010/1 ~ 2027/2,응용미술교육과(학부/서울),22.73,18.18,40.91,,18.18,,,,,,,,5,4,9,,4,,,,,,,,ok,outputs/pdfs_full/응용미술교육과__APA2034__2D컴퓨터그래픽.pdf,,22
H0002256,H0002722,응용미술교육과,APA2035,입체오브제,2020,1,2010/1 ~ 2020/2,응용미술교육과(학부/서울),58.82,23.53,17.65,,,,,,,,,,10,4,3,,,,,,,,,,ok,outputs/pdfs_full/응용미술교육과__APA2035__입체오브제.pdf,,17
H0002256,H0002722,응용미술교육과,APA2036,경험디자인,2026,1,2025/1 ~ 2028/2,응용미술교육과(학부/서울),77.27,18.18,4.55,,,,,,,,,,17,4,1,,,,,,,,,,ok,outputs/pdfs_full/응용미술교육과__APA2036__경험디자인.pdf,,22
H0002256,H0002867,정보시스템학과,APA2054,데이터구조,2026,1,2009/1 ~ 2028/2,정보시스템학과(학과/서울),15.38,34.62,3.85,19.23,,15.38,,,,,11.54,,4,9,1,5,,4,,,,,3,,ok,outputs/pdfs_full/정보시스템학과__APA2054__데이터구조.pdf,,26
H0002256,H0002722,응용미술교육과,APA2056,미술교육원강,2018,1,2006/1 ~ 2018/2,응용미술교육과(학부/서울),22.22,55.56,22.22,,,,,,,,,,2,5,2,,,,,,,,,,ok,outputs/pdfs_full/응용미술교육과__APA2056__미술교육원강.pdf,,9
H0002256,H0002722,응용미술교육과,APA2057,캐릭터도자,2016,2,2006/1 ~ 2016/2,응용미술교육과(학부/서울),81.82,9.09,9.09,,,,,,,,,,18,2,2,,,,,,,,,,ok,outputs/pdfs_full/응용미술교육과__APA2057__캐릭터도자.pdf,,22
H0002256,H0002722,응용미술교육과,APA2058,미술교육학원론2,2026,1,2006/1 ~ 2028/2,응용미술교육과(학부/서울),36.36,54.55,9.09,,,,,,,,,,8,12,2,,,,,,,,,,ok,outputs/pdfs_full/응용미술교육과__APA2058__미술교육학원론2.pdf,,22
H0002256,H0002722,응용미술교육과,APA2059,문화예술콘텐츠2,2017,2,2010/1 ~ 2017/2,응용미술교육과(학부/서울),42.86,35.71,7.14,7.14,7.14,,,,,,,,6,5,1,1,1,,,,,,,,ok,outputs/pdfs_full/응용미술교육과__APA2059__문화예술콘텐츠2.pdf,,14
H0002256,H0002722,응용미술교육과,APA2060,캡스톤디자인미술교육,2026,1,2012/1 ~ 2030/2,응용미술교육과(학부/서울),50,50,,,,,,,,,,,3,3,,,,,,,,,,,ok,outputs/pdfs_full/응용미술교육과__APA2060__캡스톤디자인미술교육.pdf,,6
H0002256,H0002722,응용미술교육과,APA2061,다문화미술교육,2015,2,2010/1 ~ 2016/2,응용미술교육과(학부/서울),20,20,30,10,20,,,,,,,,2,2,3,1,2,,,,,,,,ok,outputs/pdfs_full/응용미술교육과__APA2061__다문화미술교육.pdf,,10
H0002256,H0002722,응용미술교육과,APA2090,글로벌디자인실습,2024,2,2018/2 ~ 2029/2,응용미술교육과(학부/서울),100,,,,,,,,,,,,14,,,,,,,,,,,,ok,outputs/pdfs_full/응용미술교육과__APA2090__글로벌디자인실습.pdf,,14
H0002256,H0002722,응용미술교육과,APA2091,인터렉티브디자인,2024,1,2021/1 ~ 2030/2,응용미술교육과(학부/서울),27.27,72.73,,,,,,,,,,,6,16,,,,,,,,,,,ok,outputs/pdfs_full/응용미술교육과__APA2091__인터렉티브디자인.pdf,,22
H0002256,H0002722,응용미술교육과,APA2092,전시디자인,2024,2,2021/1 ~ 2029/2,응용미술교육과(학부/서울),61.54,23.08,15.38,,,,,,,,,,8,3,2,,,,,,,,,,ok,outputs/pdfs_full/응용미술교육과__APA2092__전시디자인.pdf,,13
H0002256,H0002722,응용미술교육과,APA3005,시각디자인1,2026,1,1990/1 ~ 2028/2,응용미술교육과(학부/서울),41.67,,37.5,,20.83,,,,,,,,10,,9,,5,,,,,,,,ok,outputs/pdfs_full/응용미술교육과__APA3005__시각디자인1.pdf,,24
H0002256,H0002722,응용미술교육과,APA3006,시각디자인2,2025,2,1990/1 ~ 2028/2,응용미술교육과(학부/서울),100,,,,,,,,,,,,9,,,,,,,,,,,,ok,outputs/pdfs_full/응용미술교육과__APA3006__시각디자인2.pdf,,9
H0002256,H0002722,응용미술교육과,APA3020,미술과교육론,2026,1,1995/1 ~ 2029/2,응용미술교육과(학부/서울),45.83,41.67,12.5,,,,,,,,,,11,10,3,,,,,,,,,,ok,outputs/pdfs_full/응용미술교육과__APA3020__미술과교육론.pdf,,24
H0002256,H0002722,응용미술교육과,APA3021,미술과교재연구,2025,2,1995/1 ~ 2029/2,응용미술교육과(학부/서울),50,28.57,21.43,,,,,,,,,,7,4,3,,,,,,,,,,ok,outputs/pdfs_full/응용미술교육과__APA3021__미술과교재연구.pdf,,14
H0002256,H0002722,응용미술교육과,APA3024,웹디자인1,2020,1,2003/1 ~ 2020/2,응용미술교육과(학부/서울),26.09,13.04,52.17,8.7,,,,,,,,,6,3,12,2,,,,,,,,,ok,outputs/pdfs_full/응용미술교육과__APA3024__웹디자인1.pdf,,23
H0002256,H0002722,응용미술교육과,APA3028,디지털일러스트레이션,2017,1,2003/1 ~ 2017/2,응용미술교육과(학부/서울),12.5,29.17,37.5,4.17,16.67,,,,,,,,3,7,9,1,4,,,,,,,,ok,outputs/pdfs_full/응용미술교육과__APA3028__디지털일러스트레이션.pdf,,24
H0002256,H0002722,응용미술교육과,APA3029,웹디자인2,2020,2,2003/1 ~ 2020/2,응용미술교육과(학부/서울),57.89,36.84,5.26,,,,,,,,,,11,7,1,,,,,,,,,,ok,outputs/pdfs_full/응용미술교육과__APA3029__웹디자인2.pdf,,19
H0002256,H0002722,응용미술교육과,APA3036,애니메이션,2021,2,2011/1 ~ 2021/2,응용미술교육과(학부/서울),77.78,22.22,,,,,,,,,,,7,2,,,,,,,,,,,ok,outputs/pdfs_full/응용미술교육과__APA3036__애니메이션.pdf,,9
H0002256,H0002722,응용미술교육과,APA3038,3D컴퓨터그래픽,2026,1,2011/1 ~ 2029/2,응용미술교육과(학부/서울),80,13.33,6.67,,,,,,,,,,12,2,1,,,,,,,,,,ok,outputs/pdfs_full/응용미술교육과__APA3038__3D컴퓨터그래픽.pdf,,15
H0002256,H0002722,응용미술교육과,APA3039,동양미술사,2026,1,2011/1 ~ 2030/2,응용미술교육과(학부/서울),12.5,25,43.75,,18.75,,,,,,,,2,4,7,,3,,,,,,,,ok,outputs/pdfs_full/응용미술교육과__APA3039__동양미술사.pdf,,16
H0002256,H0002722,응용미술교육과,APA3053,도자공예연구,2021,2,2003/1 ~ 2021/2,응용미술교육과(학부/서울),92.86,,7.14,,,,,,,,,,13,,1,,,,,,,,,,ok,outputs/pdfs_full/응용미술교육과__APA3053__도자공예연구.pdf,,14
H0002256,H0002722,응용미술교육과,APA3060,영상미디어제작,2018,2,2007/1 ~ 2018/2,응용미술교육과(학부/서울),22.22,50,16.67,5.56,5.56,,,,,,,,4,9,3,1,1,,,,,,,,ok,outputs/pdfs_full/응용미술교육과__APA3060__영상미디어제작.pdf,,18
H0002256,H0002722,응용미술교육과,APA3061,산업도자공예,2017,1,2007/1 ~ 2017/2,응용미술교육과(학부/서울),46.15,30.77,15.38,7.69,,,,,,,,,6,4,2,1,,,,,,,,,ok,outputs/pdfs_full/응용미술교육과__APA3061__산업도자공예.pdf,,13
H0002256,H0002722,응용미술교육과,APA3062,멀티미디어미술교육,2016,1,2007/1 ~ 2016/2,응용미술교육과(학부/서울),18.75,18.75,31.25,12.5,18.75,,,,,,,,3,3,5,2,3,,,,,,,,ok,outputs/pdfs_full/응용미술교육과__APA3062__멀티미디어미술교육.pdf,,16
H0002256,H0002722,응용미술교육과,APA3063,캡스톤디자인뉴미디어,2026,1,2011/1 ~ 2029/2,응용미술교육과(학부/서울),100,,,,,,,,,,,,12,,,,,,,,,,,,ok,outputs/pdfs_full/응용미술교육과__APA3063__캡스톤디자인뉴미디어.pdf,,12
H0002256,H0002722,응용미술교육과,APA3064,미디어인터렉션디자인,2026,1,2011/1 ~ 2030/2,응용미술교육과(학부/서울),66.67,33.33,,,,,,,,,,,4,2,,,,,,,,,,,ok,outputs/pdfs_full/응용미술교육과__APA3064__미디어인터렉션디자인.pdf,,6
H0002256,H0002722,응용미술교육과,APA3065,디자인스튜디오,2025,2,2011/1 ~ 2028/2,응용미술교육과(학부/서울),100,,,,,,,,,,,,20,,,,,,,,,,,,ok,outputs/pdfs_full/응용미술교육과__APA3065__디자인스튜디오.pdf,,20
H0002256,H0002722,응용미술교육과,APA3114,소셜디자인,2025,2,2022/1 ~ 2029/2,응용미술교육과(학부/서울),100,,,,,,,,,,,,12,,,,,,,,,,,,ok,outputs/pdfs_full/응용미술교육과__APA3114__소셜디자인.pdf,,12
H0002256,H0002886,건축학부,APA4011,실내디자인,2026,1,2008/1 ~ 2031/2,건축학부(학부/서울),100,,,,,,,,,,,,5,,,,,,,,,,,,ok,outputs/pdfs_full/건축학부__APA4011__실내디자인.pdf,,5
H0002256,H0002722,응용미술교육과,APA4023,포트폴리오작품제작,2026,1,2004/1 ~ 2030/2,응용미술교육과(학부/서울),100,,,,,,,,,,,,4,,,,,,,,,,,,ok,outputs/pdfs_full/응용미술교육과__APA4023__포트폴리오작품제작.pdf,,4
H0002256,H0002722,응용미술교육과,APA4025,디자인포트폴리오실무,2024,2,2004/1 ~ 2030/2,응용미술교육과(학부/서울),60,40,,,,,,,,,,,3,2,,,,,,,,,,,ok,outputs/pdfs_full/응용미술교육과__APA4025__디자인포트폴리오실무.pdf,,5
H0002256,H0002722,응용미술교육과,APA4026,포트폴리오제작2,2017,2,2004/1 ~ 2018/2,응용미술교육과(학부/서울),83.33,16.67,,,,,,,,,,,5,1,,,,,,,,,,,ok,outputs/pdfs_full/응용미술교육과__APA4026__포트폴리오제작2.pdf,,6
H0002256,H0002722,응용미술교육과,APA4027,클레이메이션,2017,1,2011/1 ~ 2017/2,응용미술교육과(학부/서울),40,60,,,,,,,,,,,6,9,,,,,,,,,,,ok,outputs/pdfs_full/응용미술교육과__APA4027__클레이메이션.pdf,,15
H0002256,H0002722,응용미술교육과,APA4028,미술과논리및논술,2025,2,2012/1 ~ 2030/2,응용미술교육과(학부/서울),50,42.31,7.69,,,,,,,,,,13,11,2,,,,,,,,,,ok,outputs/pdfs_full/응용미술교육과__APA4028__미술과논리및논술.pdf,,26
H0002256,H0002575,융합전자공학부,APA4055,인공지능개론,2026,1,2019/1 ~ 2030/2,융합전자공학부,13.73,24.51,27.45,18.63,11.76,2.94,,,,,0.98,,14,25,28,19,12,3,,,,,1,,ok,outputs/pdfs_full/융합전자공학부__APA4055__인공지능개론.pdf,,102
H0002256,H0002722,응용미술교육과,APA4057,도예실기,2025,2,2005/1 ~ 2029/2,응용미술교육과(학부/서울),94.44,,5.56,,,,,,,,,,17,,1,,,,,,,,,,ok,outputs/pdfs_full/응용미술교육과__APA4057__도예실기.pdf,,18
H0002256,H0002722,응용미술교육과,APA4058,도예실기2,2022,2,2005/1 ~ 2022/2,응용미술교육과(학부/서울),87.5,12.5,,,,,,,,,,,7,1,,,,,,,,,,,ok,outputs/pdfs_full/응용미술교육과__APA4058__도예실기2.pdf,,8
H0002256,H0002722,응용미술교육과,APA4090,3D시뮬레이션,2026,1,2015/1 ~ 2026/2,응용미술교육과(학부/서울),100,,,,,,,,,,,,10,,,,,,,,,,,,ok,outputs/pdfs_full/응용미술교육과__APA4090__3D시뮬레이션.pdf,,10
H0002256,H0002722,응용미술교육과,APA4091,캡스톤디자인산학협력,2026,1,2016/1 ~ 2029/2,응용미술교육과(학부/서울),77.78,22.22,,,,,,,,,,,7,2,,,,,,,,,,,ok,outputs/pdfs_full/응용미술교육과__APA4091__캡스톤디자인산학협력.pdf,,9
H0002256,H0002722,응용미술교육과,APA4108,사회문제해결을위한Hands-onExperienceDesign,2025,2,2021/2 ~ 2030/2,응용미술교육과(학부/서울),100,,,,,,,,,,,,11,,,,,,,,,,,,ok,outputs/pdfs_full/응용미술교육과__APA4108__사회문제해결을위한Hands-onExperienceDesign.pdf,,11
H0002256,H0002722,응용미술교육과,APA4110,미술과현장수업연구,2024,2,2024/2 ~ 2026/2,응용미술교육과(학부/서울),100,,,,,,,,,,,,1,,,,,,,,,,,,ok,outputs/pdfs_full/응용미술교육과__APA4110__미술과현장수업연구.pdf,,1
H0002256,H0003958,산업융합학부,APS1002,대학수학,2026,1,2016/1 ~ 2027/2,산업융합학부,23.75,11.88,26.88,10.63,9.38,8.13,5,4.38,,,,,38,19,43,17,15,13,8,7,,,,,ok,outputs/pdfs_full/산업융합학부__APS1002__대학수학.pdf,,160
H0002256,H0003958,산업융합학부,APS1003,논리적사고와말하기,2026,1,2016/1 ~ 2027/2,산업융합학부,30.41,,39.86,,29.73,,,,,,,,45,,59,,44,,,,,,,,ok,outputs/pdfs_full/산업융합학부__APS1003__논리적사고와말하기.pdf,,148
H0002256,H0003958,산업융합학부,APS1004,학술기초영어회화,2026,1,2016/1 ~ 2027/2,산업융합학부,57.05,36.24,5.37,1.34,,,,,,,,,85,54,8,2,,,,,,,,,ok,outputs/pdfs_full/산업융합학부__APS1004__학술기초영어회화.pdf,,149
H0002256,H0002256,서울 대학,APS1005,대학수학2,2015,2,2016/2 ~ 2016/2,대학(학부/서울),16.67,10.32,22.22,15.08,9.52,11.11,8.73,6.35,,,,,21,13,28,19,12,14,11,8,,,,,ok,outputs/pdfs_seoul_university/서울_대학__APS1005__대학수학2.pdf,,126
H0002256,H0003958,산업융합학부,APS1006,창조적사고와글쓰기,2015,2,2016/1 ~ 2027/2,산업융합학부,26.56,3.91,38.28,3.13,25,3.13,,,,,,,34,5,49,4,32,4,,,,,,,ok,outputs/pdfs_full/산업융합학부__APS1006__창조적사고와글쓰기.pdf,,128
H0002256,H0003958,산업융합학부,APS1007,영어토론과발표,2015,2,2016/1 ~ 2027/2,산업융합학부,39.02,27.64,14.63,6.5,4.07,2.44,1.63,4.07,,,,,48,34,18,8,5,3,2,5,,,,,ok,outputs/pdfs_full/산업융합학부__APS1007__영어토론과발표.pdf,,123
H0002256,H0003958,산업융합학부,APS1008,과학기술의철학적탐색,2015,2,2016/1 ~ 2027/2,산업융합학부,23.44,6.25,28.13,10.94,22.66,5.47,2.34,0.78,,,,,30,8,36,14,29,7,3,1,,,,,ok,outputs/pdfs_full/산업융합학부__APS1008__과학기술의철학적탐색.pdf,,128
H0002256,H0003958,산업융합학부,APS1009,산업융합입문,2026,1,2020/1 ~ 2027/2,산업융합학부,25.48,13.38,26.11,12.74,19.11,3.18,,,,,,,40,21,41,20,30,5,,,,,,,ok,outputs/pdfs_full/산업융합학부__APS1009__산업융합입문.pdf,,157
H0002256,H0003960,응용시스템전공,APS2001,확률및통계1,2026,1,2014/1 ~ 2028/2,응용시스템전공,14.39,14.39,19.42,15.83,17.27,8.63,3.6,6.47,,,,,20,20,27,22,24,12,5,9,,,,,ok,outputs/pdfs_full/응용시스템전공__APS2001__확률및통계1.pdf,,139
H0002256,H0003960,응용시스템전공,APS2002,기술경영입문,2026,1,2014/1 ~ 2028/2,응용시스템전공,15.79,26.32,10.53,10.53,5.26,21.05,,10.53,,,,,3,5,2,2,1,4,,2,,,,,ok,outputs/pdfs_full/응용시스템전공__APS2002__기술경영입문.pdf,,19
H0002256,H0003960,응용시스템전공,APS2003,경제성공학론,2026,1,2014/1 ~ 2028/2,응용시스템전공,18.39,10.34,20.69,14.94,22.99,11.49,1.15,,,,,,16,9,18,13,20,10,1,,,,,,ok,outputs/pdfs_full/응용시스템전공__APS2003__경제성공학론.pdf,,87
H0002256,H0003960,응용시스템전공,APS2004,인간심리와경험,2026,1,2014/1 ~ 2016/2,응용시스템전공,20.83,8.33,29.17,12.5,16.67,12.5,,,,,,,5,2,7,3,4,3,,,,,,,ok,outputs/pdfs_full/응용시스템전공__APS2004__인간심리와경험.pdf,,24
H0002256,H0003960,응용시스템전공,APS2005,확률및통계2,2015,2,2014/1 ~ 2028/2,응용시스템전공,16.18,7.35,30.88,5.88,19.12,19.12,1.47,,,,,,11,5,21,4,13,13,1,,,,,,ok,outputs/pdfs_full/응용시스템전공__APS2005__확률및통계2.pdf,,68
H0002256,H0003960,응용시스템전공,APS2006,공업경제학2,2015,2,2014/1 ~ 2020/2,응용시스템전공,22.58,,43.55,,33.87,,,,,,,,14,,27,,21,,,,,,,,ok,outputs/pdfs_full/응용시스템전공__APS2006__공업경제학2.pdf,,62
H0002256,H0003960,응용시스템전공,APS2007,정보시각화,2025,2,2014/1 ~ 2016/2,응용시스템전공,61.9,28.57,,,,,,,,,9.52,,13,6,,,,,,,,,2,,ok,outputs/pdfs_full/응용시스템전공__APS2007__정보시각화.pdf,,21
H0002256,H0003960,응용시스템전공,APS2008,경제학개론,2015,2,2015/2 ~ 2028/2,응용시스템전공,19.05,11.9,26.19,14.29,22.62,4.76,1.19,,,,,,16,10,22,12,19,4,1,,,,,,ok,outputs/pdfs_full/응용시스템전공__APS2008__경제학개론.pdf,,84
H0002256,H0003960,응용시스템전공,APS2009,마케팅입문,2015,2,2015/2 ~ 2020/2,응용시스템전공,4.88,24.39,31.71,9.76,29.27,,,,,,,,2,10,13,4,12,,,,,,,,ok,outputs/pdfs_full/응용시스템전공__APS2009__마케팅입문.pdf,,41
H0002256,H0003960,응용시스템전공,APS3001,수리최적화,2026,1,2015/1 ~ 2029/2,응용시스템전공,24.69,6.17,30.86,11.11,27.16,,,,,,,,20,5,25,9,22,,,,,,,,ok,outputs/pdfs_full/응용시스템전공__APS3001__수리최적화.pdf,,81
H0002256,H0003960,응용시스템전공,APS3002,생산운영관리론,2026,1,2015/1 ~ 2029/2,응용시스템전공,12.5,11.54,26.92,14.42,21.15,11.54,0.96,,,,0.96,,13,12,28,15,22,12,1,,,,1,,ok,outputs/pdfs_full/응용시스템전공__APS3002__생산운영관리론.pdf,,104
H0002256,H0003960,응용시스템전공,APS3003,디자인혁신경영,2015,1,2015/1 ~ 2017/2,응용시스템전공,8.06,19.35,25.81,14.52,32.26,,,,,,,,5,12,16,9,20,,,,,,,,ok,outputs/pdfs_full/응용시스템전공__APS3003__디자인혁신경영.pdf,,62
H0002256,H0003960,응용시스템전공,APS3005,기술혁신전략,2015,1,2015/1 ~ 2028/2,응용시스템전공,17.19,12.5,20.31,14.06,14.06,18.75,1.56,1.56,,,,,11,8,13,9,9,12,1,1,,,,,ok,outputs/pdfs_full/응용시스템전공__APS3005__기술혁신전략.pdf,,64
H0002256,H0003960,응용시스템전공,APS3007,시계열및인공지능예측,2015,2,2015/1 ~ 2029/2,응용시스템전공,,15.38,15.38,15.38,15.38,,15.38,23.08,,,,,,2,2,2,2,,2,3,,,,,ok,outputs/pdfs_full/응용시스템전공__APS3007__시계열및인공지능예측.pdf,,13
H0002256,H0003960,응용시스템전공,APS3011,회계학원론,2026,1,2016/1 ~ 2028/2,응용시스템전공,31.71,,39.02,,29.27,,,,,,,,13,,16,,12,,,,,,,,ok,outputs/pdfs_full/응용시스템전공__APS3011__회계학원론.pdf,,41
H0002256,H0003960,응용시스템전공,APS3013,서비스경영,2015,2,2015/1 ~ 2030/2,응용시스템전공,18.97,8.62,25.86,15.52,17.24,8.62,5.17,,,,,,11,5,15,9,10,5,3,,,,,,ok,outputs/pdfs_full/응용시스템전공__APS3013__서비스경영.pdf,,58
H0002256,H0003960,응용시스템전공,APS3014,프로세스매니지먼트,2026,1,2015/1 ~ 2021/2,응용시스템전공,30.95,,38.1,,26.19,2.38,2.38,,,,,,13,,16,,11,1,1,,,,,,ok,outputs/pdfs_full/응용시스템전공__APS3014__프로세스매니지먼트.pdf,,42
H0002256,H0003960,응용시스템전공,APS3015,품질경영,2015,1,2015/1 ~ 2030/2,응용시스템전공,9.52,12.7,33.33,7.94,12.7,20.63,3.17,,,,,,6,8,21,5,8,13,2,,,,,,ok,outputs/pdfs_full/응용시스템전공__APS3015__품질경영.pdf,,63
H0002256,H0003960,응용시스템전공,APS3016,전략경영,2026,1,2015/2 ~ 2029/2,응용시스템전공,5.56,27.78,11.11,22.22,5.56,16.67,,11.11,,,,,1,5,2,4,1,3,,2,,,,,ok,outputs/pdfs_full/응용시스템전공__APS3016__전략경영.pdf,,18
H0002256,H0003960,응용시스템전공,APS3017,e-비즈니스,2015,2,2015/2 ~ 2021/2,응용시스템전공,13.56,16.95,22.03,16.95,30.51,,,,,,,,8,10,13,10,18,,,,,,,,ok,outputs/pdfs_full/응용시스템전공__APS3017__e-비즈니스.pdf,,59
H0002256,H0003960,응용시스템전공,APS3019,하이테크마케팅,2026,1,2016/1 ~ 2029/2,응용시스템전공,16.67,13.33,23.33,10,30,3.33,,,,,3.33,,5,4,7,3,9,1,,,,,1,,ok,outputs/pdfs_full/응용시스템전공__APS3019__하이테크마케팅.pdf,,30
H0002256,H0003960,응용시스템전공,APS3020,사이버물리시스템(캡스톤디자인),2026,1,2019/1 ~ 2021/2,응용시스템전공,63.41,12.2,17.07,7.32,,,,,,,,,26,5,7,3,,,,,,,,,ok,outputs/pdfs_full/응용시스템전공__APS3020__사이버물리시스템(캡스톤디자인).pdf,,41
H0002256,H0003960,응용시스템전공,APS3021,기술사업화,2026,1,2022/1 ~ 2029/2,응용시스템전공,22.58,,38.71,,32.26,,,,,,6.45,,7,,12,,10,,,,,,2,,ok,outputs/pdfs_full/응용시스템전공__APS3021__기술사업화.pdf,,31
H0002256,H0003960,응용시스템전공,APS4006,경영공학창의설계,2026,1,2016/1 ~ 2030/2,응용시스템전공,57.89,26.32,15.79,,,,,,,,,,22,10,6,,,,,,,,,,ok,outputs/pdfs_full/응용시스템전공__APS4006__경영공학창의설계.pdf,,38
H0002256,H0003960,응용시스템전공,APS4016,사회혁신의이해,2026,1,2018/1 ~ 2026/2,응용시스템전공,70.83,20.83,,4.17,,4.17,,,,,,,17,5,,1,,1,,,,,,,ok,outputs/pdfs_full/응용시스템전공__APS4016__사회혁신의이해.pdf,,24
H0002256,H0003960,응용시스템전공,APS4020,지식재산경영,2026,1,2023/1 ~ 2029/2,응용시스템전공,15.22,15.22,21.74,17.39,28.26,2.17,,,,,,,7,7,10,8,13,1,,,,,,,ok,outputs/pdfs_full/응용시스템전공__APS4020__지식재산경영.pdf,,46
H0002256,H0003960,응용시스템전공,APS4022,비즈니스모델디자인,2026,1,2023/1 ~ 2030/2,응용시스템전공,71.19,10.17,3.39,5.08,6.78,3.39,,,,,,,42,6,2,3,4,2,,,,,,,ok,outputs/pdfs_full/응용시스템전공__APS4022__비즈니스모델디자인.pdf,,59
H0002256,H0002886,건축학부,ARD2001,주거론,2026,1,2008/1 ~ 2030/2,건축학부(학부/서울),18.52,11.11,33.33,11.11,22.22,3.7,,,,,,,5,3,9,3,6,1,,,,,,,ok,outputs/pdfs_full/건축학부__ARD2001__주거론.pdf,,27
H0002256,H0002886,건축학부,ARD2052,건축환경공학,2026,1,2007/1 ~ 2029/2,건축학부(학부/서울),32,,44,,16,,8,,,,,,8,,11,,4,,2,,,,,,ok,outputs/pdfs_full/건축학부__ARD2052__건축환경공학.pdf,,25
H0002256,H0002886,건축학부,ARD3005,서양건축사,2025,2,2006/1 ~ 2027/2,건축학부(학부/서울),5.08,25.42,42.37,,20.34,,6.78,,,,,,3,15,25,,12,,4,,,,,,ok,outputs/pdfs_full/건축학부__ARD3005__서양건축사.pdf,,59
H0002256,H0002886,건축학부,ARD3009,건축구법1,2022,2,2006/1 ~ 2016/2,건축학부(학부/서울),11.36,29.55,34.09,11.36,4.55,4.55,4.55,,,,,,5,13,15,5,2,2,2,,,,,,ok,outputs/pdfs_full/건축학부__ARD3009__건축구법1.pdf,,44
H0002256,H0002521,건축공학부,ARD3010,건축구법2,2017,1,2008/1 ~ 2017/2,건축공학부(학부/서울),46.67,,53.33,,,,,,,,,,7,,8,,,,,,,,,,ok,outputs/pdfs_full/건축공학부__ARD3010__건축구법2.pdf,,15
H0002256,H0002886,건축학부,ARD3063,건축계획,2026,1,2006/1 ~ 2028/2,건축학부(학부/서울),54.9,19.61,9.8,3.92,,,,,,11.76,,,28,10,5,2,,,,,,6,,,ok,outputs/pdfs_full/건축학부__ARD3063__건축계획.pdf,,51
H0002256,H0002886,건축학부,ARD4005,한국건축사,2026,1,2006/1 ~ 2028/2,건축학부(학부/서울),16.22,14.86,12.16,6.76,8.11,6.76,2.7,,,32.43,,,12,11,9,5,6,5,2,,,24,,,ok,outputs/pdfs_full/건축학부__ARD4005__한국건축사.pdf,,74
H0002256,H0002886,건축학부,ARD4006,현대건축사,2017,1,2007/1 ~ 2017/2,건축학부(학부/서울),9.23,18.46,26.15,13.85,18.46,6.15,,,,7.69,,,6,12,17,9,12,4,,,,5,,,ok,outputs/pdfs_full/건축학부__ARD4006__현대건축사.pdf,,65
H0002256,H0002886,건축학부,ARD4007,동양건축사,2023,1,2009/1 ~ 2027/2,건축학부(학부/서울),25,12.5,37.5,12.5,,,,,,12.5,,,2,1,3,1,,,,,,1,,,ok,outputs/pdfs_full/건축학부__ARD4007__동양건축사.pdf,,8
H0002256,H0002886,건축학부,ARD4012,건축기획,2026,1,2008/1 ~ 2031/2,건축학부(학부/서울),18.75,41.67,29.17,8.33,,2.08,,,,,,,9,20,14,4,,1,,,,,,,ok,outputs/pdfs_full/건축학부__ARD4012__건축기획.pdf,,48
H0002256,H0002886,건축학부,ARE1001,건축론,2018,2,2009/1 ~ 2019/2,건축학부(학부/서울),12,18.67,34.67,5.33,17.33,10.67,,1.33,,,,,9,14,26,4,13,8,,1,,,,,ok,outputs/pdfs_full/건축학부__ARE1001__건축론.pdf,,75
H0002256,H0002886,건축학부,ARE1032,기초표현1,2015,1,2005/1 ~ 2015/2,건축학부(학부/서울),27.27,12.73,36.36,12.73,10.91,,,,,,,,15,7,20,7,6,,,,,,,,ok,outputs/pdfs_full/건축학부__ARE1032__기초표현1.pdf,,55
H0002256,H0002886,건축학부,ARE1033,기초표현2,2015,2,2005/1 ~ 2015/2,건축학부(학부/서울),25,15.63,39.06,4.69,14.06,1.56,,,,,,,16,10,25,3,9,1,,,,,,,ok,outputs/pdfs_full/건축학부__ARE1033__기초표현2.pdf,,64
H0002256,H0002886,건축학부,ARE1034,수학과기하학,2023,2,2005/1 ~ 2023/2,건축학부(학부/서울),4.17,16.67,15.28,25,19.44,19.44,,,,,,,3,12,11,18,14,14,,,,,,,ok,outputs/pdfs_full/건축학부__ARE1034__수학과기하학.pdf,,72
H0002256,H0002886,건축학부,ARE1035,물리학의개념,2023,2,2005/1 ~ 2023/2,건축학부(학부/서울),10.53,30.26,7.89,14.47,17.11,13.16,6.58,,,,,,8,23,6,11,13,10,5,,,,,,ok,outputs/pdfs_full/건축학부__ARE1035__물리학의개념.pdf,,76
H0002256,H0002886,건축학부,ARE1056,기초표현,2025,1,2016/1 ~ 2025/2,건축학부(학부/서울),13.79,25.86,25.86,27.59,3.45,,3.45,,,,,,8,15,15,16,2,,2,,,,,,ok,outputs/pdfs_full/건축학부__ARE1056__기초표현.pdf,,58
H0002256,H0002521,건축공학부,ARE1057,스마트건축의이해,2025,2,2020/1 ~ 2027/2,건축공학부(학부/서울),35.29,,47.06,,17.65,,,,,,,,6,,8,,3,,,,,,,,ok,outputs/pdfs_full/건축공학부__ARE1057__스마트건축의이해.pdf,,17
H0002256,H0002886,건축학부,ARE1058,건축의이해,2026,1,2024/1 ~ 2027/2,건축학부(학부/서울),14.81,18.52,35.19,9.26,22.22,,,,,,,,8,10,19,5,12,,,,,,,,ok,outputs/pdfs_full/건축학부__ARE1058__건축의이해.pdf,,54
H0002256,H0002886,건축학부,ARE2007,건축설비개론,2026,1,2007/1 ~ 2029/2,건축학부(학부/서울),3.23,12.9,14.52,38.71,12.9,8.06,4.84,,,4.84,,,2,8,9,24,8,5,3,,,3,,,ok,outputs/pdfs_full/건축학부__ARE2007__건축설비개론.pdf,,62
H0002256,H0002886,건축학부,ARE2008,건축CAD,2016,2,2006/1 ~ 2016/2,건축학부(학부/서울),15.09,20.75,26.42,20.75,7.55,5.66,1.89,1.89,,,,,8,11,14,11,4,3,1,1,,,,,ok,outputs/pdfs_full/건축학부__ARE2008__건축CAD.pdf,,53
H0002256,H0002521,건축공학부,ARE2021,공학역학,2026,1,2010/1 ~ 2028/2,건축공학부(학부/서울),36.59,26.83,12.2,24.39,,,,,,,,,15,11,5,10,,,,,,,,,ok,outputs/pdfs_full/건축공학부__ARE2021__공학역학.pdf,,41
H0002256,H0002521,건축공학부,ARE2022,건물유체및열역학,2025,2,2010/1 ~ 2028/2,건축공학부(학부/서울),14,16,24,16,12,10,2,6,,,,,7,8,12,8,6,5,1,3,,,,,ok,outputs/pdfs_full/건축공학부__ARE2022__건물유체및열역학.pdf,,50
H0002256,H0002521,건축공학부,ARE2051,건축사,2018,1,2006/1 ~ 2018/2,건축공학부(학부/서울),14.04,15.79,26.32,14.04,17.54,7.02,3.51,1.75,,,,,8,9,15,8,10,4,2,1,,,,,ok,outputs/pdfs_full/건축공학부__ARE2051__건축사.pdf,,57
H0002256,H0002886,건축학부,ARE2070,컴퓨터활용디자인기본,2025,2,2014/1 ~ 2027/2,건축학부(학부/서울),45.24,14.29,35.71,4.76,,,,,,,,,19,6,15,2,,,,,,,,,ok,outputs/pdfs_full/건축학부__ARE2070__컴퓨터활용디자인기본.pdf,,42
H0002256,H0002886,건축학부,ARE2078,건축과컴퓨터,2025,2,2017/1 ~ 2028/2,건축학부(학부/서울),29.55,20.45,27.27,13.64,9.09,,,,,,,,13,9,12,6,4,,,,,,,,ok,outputs/pdfs_full/건축학부__ARE2078__건축과컴퓨터.pdf,,44
H0002256,H0002886,건축학부,ARE3005,건축재료,2026,1,2007/1 ~ 2017/2,건축학부(학부/서울),48.84,20.93,23.26,4.65,2.33,,,,,,,,21,9,10,2,1,,,,,,,,ok,outputs/pdfs_full/건축학부__ARE3005__건축재료.pdf,,43
H0002256,H0002886,건축학부,ARE3008,건축구조역학1,2026,1,2007/1 ~ 2017/2,건축학부(학부/서울),29.63,,38.89,,31.48,,,,,,,,16,,21,,17,,,,,,,,ok,outputs/pdfs_full/건축학부__ARE3008__건축구조역학1.pdf,,54
H0002256,H0002521,건축공학부,ARE3009,건축구조역학2,2025,2,2007/1 ~ 2029/2,건축공학부(학부/서울),23.81,,42.86,4.76,28.57,,,,,,,,5,,9,1,6,,,,,,,,ok,outputs/pdfs_full/건축공학부__ARE3009__건축구조역학2.pdf,,21
H0002256,H0002886,건축학부,ARE3067,건축설계론,2022,2,2008/1 ~ 2022/2,건축학부(학부/서울),30.77,11.54,23.08,15.38,15.38,3.85,,,,,,,8,3,6,4,4,1,,,,,,,ok,outputs/pdfs_full/건축학부__ARE3067__건축설계론.pdf,,26
H0002256,H0002521,건축공학부,ARE3069,글로벌건설경영,2025,2,2007/1 ~ 2029/2,건축공학부(학부/서울),56.25,18.75,12.5,12.5,,,,,,,,,9,3,2,2,,,,,,,,,ok,outputs/pdfs_full/건축공학부__ARE3069__글로벌건설경영.pdf,,16
H0002256,H0002886,건축학부,ARE3070,도시사,2019,1,2008/1 ~ 2019/2,건축학부(학부/서울),10,20,40,10,20,,,,,,,,1,2,4,1,2,,,,,,,,ok,outputs/pdfs_full/건축학부__ARE3070__도시사.pdf,,10
H0002256,H0002521,건축공학부,ARE3080,건축융합설계1,2025,1,2018/1 ~ 2025/2,건축공학부(학부/서울),48.78,31.71,4.88,12.2,,,,2.44,,,,,20,13,2,5,,,,1,,,,,ok,outputs/pdfs_full/건축공학부__ARE3080__건축융합설계1.pdf,,41
H0002256,H0002521,건축공학부,ARE3081,건축융합설계2,2025,2,2018/1 ~ 2025/2,건축공학부(학부/서울),41.67,22.92,14.58,14.58,2.08,2.08,2.08,,,,,,20,11,7,7,1,1,1,,,,,,ok,outputs/pdfs_full/건축공학부__ARE3081__건축융합설계2.pdf,,48
H0002256,H0002886,건축학부,ARE3082,컴퓨터활용건축설계특론,2026,1,2018/1 ~ 2029/2,건축학부(학부/서울),28.07,8.77,35.09,7.02,21.05,,,,,,,,16,5,20,4,12,,,,,,,,ok,outputs/pdfs_full/건축학부__ARE3082__컴퓨터활용건축설계특론.pdf,,57
H0002256,H0002886,건축학부,ARE3083,건축구조역학,2025,2,2017/1 ~ 2028/2,건축학부(학부/서울),21.67,3.33,33.33,,23.33,,,,,18.33,,,13,2,20,,14,,,,,11,,,ok,outputs/pdfs_full/건축학부__ARE3083__건축구조역학.pdf,,60
H0002256,H0002886,건축학부,ARE3084,근대건축의역사와이론,2025,2,2017/1 ~ 2028/2,건축학부(학부/서울),6.86,8.82,18.63,2.94,12.75,0.98,,0.98,,48.04,,,7,9,19,3,13,1,,1,,49,,,ok,outputs/pdfs_full/건축학부__ARE3084__근대건축의역사와이론.pdf,,102
H0002256,H0002886,건축학부,ARE3085,건축재료및활용,2026,1,2018/1 ~ 2029/2,건축학부(학부/서울),11.48,21.31,24.59,18.03,14.75,3.28,1.64,3.28,,1.64,,,7,13,15,11,9,2,1,2,,1,,,ok,outputs/pdfs_full/건축학부__ARE3085__건축재료및활용.pdf,,61
H0002256,H0002521,건축공학부,ARE3086,스마트건축생산,2025,2,2020/1 ~ 2029/2,건축공학부(학부/서울),100,,,,,,,,,,,,20,,,,,,,,,,,,ok,outputs/pdfs_full/건축공학부__ARE3086__스마트건축생산.pdf,,20
H0002256,H0002886,건축학부,ARE3087,건축과도시설계,2025,2,2022/1 ~ 2029/2,건축학부(학부/서울),30.77,43.08,16.92,9.23,,,,,,,,,20,28,11,6,,,,,,,,,ok,outputs/pdfs_full/건축학부__ARE3087__건축과도시설계.pdf,,65
H0002256,H0002886,건축학부,ARE3096,건축통합시스템,2025,2,2025/1 ~ 2030/2,건축학부(학부/서울),11.11,37.04,29.63,11.11,1.85,3.7,1.85,3.7,,,,,6,20,16,6,1,2,1,2,,,,,ok,outputs/pdfs_full/건축학부__ARE3096__건축통합시스템.pdf,,54
H0002256,H0002886,건축학부,ARE3097,건축법과실무,2025,2,2025/1 ~ 2030/2,건축학부(학부/서울),19.61,9.8,29.41,11.76,27.45,1.96,,,,,,,10,5,15,6,14,1,,,,,,,ok,outputs/pdfs_full/건축학부__ARE3097__건축법과실무.pdf,,51
H0002256,H0002517,건설환경공학과,ARE4002,구조해석,2026,1,2011/1 ~ 2029/2,건설환경공학과(학부/서울),11.11,33.33,20,22.22,2.22,11.11,,,,,,,5,15,9,10,1,5,,,,,,,ok,outputs/pdfs_full/건설환경공학과__ARE4002__구조해석.pdf,,45
H0002256,H0002886,건축학부,ARE4014,건축구조계획,2025,2,2007/1 ~ 2030/2,건축학부(학부/서울),18.18,9.09,27.27,18.18,27.27,,,,,,,,2,1,3,2,3,,,,,,,,ok,outputs/pdfs_full/건축학부__ARE4014__건축구조계획.pdf,,11
H0002256,H0002521,건축공학부,ARE4022,건축음향,2025,2,2007/1 ~ 2029/2,건축공학부(학부/서울),30.77,,38.46,,30.77,,,,,,,,4,,5,,4,,,,,,,,ok,outputs/pdfs_full/건축공학부__ARE4022__건축음향.pdf,,13
H0002256,H0002886,건축학부,ARE4026,환경과생태건축,2026,1,2009/1 ~ 2030/2,건축학부(학부/서울),18.64,11.86,15.25,23.73,13.56,5.08,8.47,3.39,,,,,11,7,9,14,8,3,5,2,,,,,ok,outputs/pdfs_full/건축학부__ARE4026__환경과생태건축.pdf,,59
H0002256,H0002886,건축학부,ARE4027,건축상세미학,2025,2,2008/1 ~ 2031/2,건축학부(학부/서울),33.33,38.1,28.57,,,,,,,,,,7,8,6,,,,,,,,,,ok,outputs/pdfs_full/건축학부__ARE4027__건축상세미학.pdf,,21
H0002256,H0002521,건축공학부,ARE4030,전기회로및조명시스템,2025,2,2008/1 ~ 2030/2,건축공학부(학부/서울),30,,40,,30,,,,,,,,6,,8,,6,,,,,,,,ok,outputs/pdfs_full/건축공학부__ARE4030__전기회로및조명시스템.pdf,,20
H0002256,H0002521,건축공학부,ARE4031,건물에너지,2026,1,2012/1 ~ 2030/2,건축공학부(학부/서울),26.67,6.67,33.33,6.67,13.33,6.67,6.67,,,,,,4,1,5,1,2,1,1,,,,,,ok,outputs/pdfs_full/건축공학부__ARE4031__건물에너지.pdf,,15
H0002256,H0002886,건축학부,ARE4078,건축실무,2024,2,2009/1 ~ 2030/2,건축학부(학부/서울),23.26,9.3,34.88,4.65,27.91,,,,,,,,10,4,15,2,12,,,,,,,,ok,outputs/pdfs_full/건축학부__ARE4078__건축실무.pdf,,43
H0002256,H0002886,건축학부,ARE4086,기본설계1,2026,1,2005/1 ~ 2027/2,건축학부(학부/서울),42.57,24.75,24.75,2.97,1.98,2.97,,,,,,,43,25,25,3,2,3,,,,,,,ok,outputs/pdfs_full/건축학부__ARE4086__기본설계1.pdf,,101
H0002256,H0002886,건축학부,ARE4087,기본설계2,2025,2,2005/1 ~ 2027/2,건축학부(학부/서울),33.7,33.7,14.13,11.96,1.09,4.35,,1.09,,,,,31,31,13,11,1,4,,1,,,,,ok,outputs/pdfs_full/건축학부__ARE4087__기본설계2.pdf,,92
H0002256,H0002886,건축학부,ARE4088,건축설계스튜디오1,2026,1,2006/1 ~ 2028/2,건축학부(학부/서울),29.17,12.5,41.67,8.33,8.33,,,,,,,,14,6,20,4,4,,,,,,,,ok,outputs/pdfs_full/건축학부__ARE4088__건축설계스튜디오1.pdf,,48
H0002256,H0002886,건축학부,ARE4089,건축설계스튜디오2,2025,2,2006/1 ~ 2028/2,건축학부(학부/서울),32.61,15.22,36.96,6.52,8.7,,,,,,,,15,7,17,3,4,,,,,,,,ok,outputs/pdfs_full/건축학부__ARE4089__건축설계스튜디오2.pdf,,46
H0002256,H0002886,건축학부,ARE4092,건축설계스튜디오3,2026,1,2007/1 ~ 2029/2,건축학부(학부/서울),26.23,16.39,31.15,16.39,6.56,,,3.28,,,,,16,10,19,10,4,,,2,,,,,ok,outputs/pdfs_full/건축학부__ARE4092__건축설계스튜디오3.pdf,,61
H0002256,H0002886,건축학부,ARE4093,건축설계스튜디오4,2025,2,2007/1 ~ 2029/2,건축학부(학부/서울),27.59,18.97,37.93,8.62,3.45,,,3.45,,,,,16,11,22,5,2,,,2,,,,,ok,outputs/pdfs_full/건축학부__ARE4093__건축설계스튜디오4.pdf,,58
H0002256,H0002886,건축학부,ARE4095,건축설계스튜디오5,2026,1,2008/1 ~ 2030/2,건축학부(학부/서울),21.43,21.43,44.64,8.93,3.57,,,,,,,,12,12,25,5,2,,,,,,,,ok,outputs/pdfs_full/건축학부__ARE4095__건축설계스튜디오5.pdf,,56
H0002256,H0002886,건축학부,ARE4096,건축설계스튜디오6,2025,2,2008/1 ~ 2030/2,건축학부(학부/서울),24.24,15.15,40.91,13.64,1.52,1.52,,3.03,,,,,16,10,27,9,1,1,,2,,,,,ok,outputs/pdfs_full/건축학부__ARE4096__건축설계스튜디오6.pdf,,66
H0002256,H0002886,건축학부,ARE4097,건축설계스튜디오7,2026,1,2009/1 ~ 2031/2,건축학부(학부/서울),35.29,19.61,31.37,13.73,,,,,,,,,18,10,16,7,,,,,,,,,ok,outputs/pdfs_full/건축학부__ARE4097__건축설계스튜디오7.pdf,,51
H0002256,H0002886,건축학부,ARE4098,건축설계스튜디오8,2025,2,2009/1 ~ 2031/2,건축학부(학부/서울),42.86,4.08,40.82,2.04,4.08,4.08,2.04,,,,,,21,2,20,1,2,2,1,,,,,,ok,outputs/pdfs_full/건축학부__ARE4098__건축설계스튜디오8.pdf,,49
H0002256,H0002886,건축학부,ARE4100,건축공간론,2019,2,2016/1 ~ 2026/2,건축학부(학부/서울),8.33,25,25,8.33,25,,,8.33,,,,,1,3,3,1,3,,,1,,,,,ok,outputs/pdfs_full/건축학부__ARE4100__건축공간론.pdf,,12
H0002256,H0002886,건축학부,ARE4101,예술과기술,2026,1,2016/1 ~ 2030/2,건축학부(학부/서울),56.25,37.5,6.25,,,,,,,,,,18,12,2,,,,,,,,,,ok,outputs/pdfs_full/건축학부__ARE4101__예술과기술.pdf,,32
H0002256,H0002886,건축학부,ARE4106,현대건축의역사와이론,2026,1,2019/1 ~ 2030/2,건축학부(학부/서울),18.64,10.17,33.9,8.47,22.03,6.78,,,,,,,11,6,20,5,13,4,,,,,,,ok,outputs/pdfs_full/건축학부__ARE4106__현대건축의역사와이론.pdf,,59
H0002256,H0002521,건축공학부,ARE4107,공학프로젝트및현장실습,2019,1,2019/1 ~ 2019/2,건축공학부(학부/서울),54.55,36.36,5.45,3.64,,,,,,,,,30,20,3,2,,,,,,,,,ok,outputs/pdfs_full/건축공학부__ARE4107__공학프로젝트및현장실습.pdf,,55
H0002256,H0002886,건축학부,ARE4109,건축과인터랙션,2025,2,2023/1 ~ 2030/2,건축학부(학부/서울),8.82,61.76,23.53,2.94,,2.94,,,,,,,3,21,8,1,,1,,,,,,,ok,outputs/pdfs_full/건축학부__ARE4109__건축과인터랙션.pdf,,34
H0002256,H0002886,건축학부,ARE4110,동아시아건축과문화,2025,2,2024/1 ~ 2031/2,건축학부(학부/서울),33.33,,33.33,,33.33,,,,,,,,4,,4,,4,,,,,,,,ok,outputs/pdfs_full/건축학부__ARE4110__동아시아건축과문화.pdf,,12
H0002256,H0002886,건축학부,ARE5000,건축공간행태론,2026,1,2008/1 ~ 2030/2,건축학부(학부/서울),44.44,,33.33,,22.22,,,,,,,,4,,3,,2,,,,,,,,ok,outputs/pdfs_full/건축학부__ARE5000__건축공간행태론.pdf,,9
H0002256,H0002886,건축학부,ARE5001,디지털디자인스튜디오,2026,1,2008/1 ~ 2030/2,건축학부(학부/서울),25,16.67,25,16.67,16.67,,,,,,,,3,2,3,2,2,,,,,,,,ok,outputs/pdfs_full/건축학부__ARE5001__디지털디자인스튜디오.pdf,,12
H0002256,H0002886,건축학부,ARE5003,건축연구,2026,1,2009/1 ~ 2031/2,건축학부(학부/서울),75.76,15.15,6.06,3.03,,,,,,,,,25,5,2,1,,,,,,,,,ok,outputs/pdfs_full/건축학부__ARE5003__건축연구.pdf,,33
H0002256,H0002886,건축학부,ARE5004,건축연구2,2023,2,2009/1 ~ 2023/2,건축학부(학부/서울),82.69,9.62,1.92,1.92,1.92,,,,,1.92,,,43,5,1,1,1,,,,,1,,,ok,outputs/pdfs_full/건축학부__ARE5004__건축연구2.pdf,,52
H0002256,H0002521,건축공학부,ARE5005,글로벌프로젝트기획및개발,2025,2,2008/1 ~ 2030/2,건축공학부(학부/서울),29.63,,40.74,,29.63,,,,,,,,8,,11,,8,,,,,,,,ok,outputs/pdfs_full/건축공학부__ARE5005__글로벌프로젝트기획및개발.pdf,,27
H0002256,H0002886,건축학부,ARE5007,건축방재론,2016,2,2009/1 ~ 2019/2,건축학부(학부/서울),30,,40,,30,,,,,,,,3,,4,,3,,,,,,,,ok,outputs/pdfs_full/건축학부__ARE5007__건축방재론.pdf,,10
H0002256,H0002521,건축공학부,ARE5008,Adventure_Design(건축융합1),2026,1,2006/1 ~ 2028/2,건축공학부(학부/서울),55.26,28.95,13.16,2.63,,,,,,,,,21,11,5,1,,,,,,,,,ok,outputs/pdfs_full/건축공학부__ARE5008__Adventure_Design(건축융합1).pdf,,38
H0002256,H0002521,건축공학부,ARE5009,Adventure_Design(건축융합2),2025,2,2006/1 ~ 2028/2,건축공학부(학부/서울),63.83,21.28,10.64,,4.26,,,,,,,,30,10,5,,2,,,,,,,,ok,outputs/pdfs_full/건축공학부__ARE5009__Adventure_Design(건축융합2).pdf,,47
H0002256,H0002886,건축학부,ARE5011,건축시공계획,2026,1,2008/1 ~ 2029/2,건축학부(학부/서울),96.15,,,,,,,,,3.85,,,50,,,,,,,,,2,,,ok,outputs/pdfs_full/건축학부__ARE5011__건축시공계획.pdf,,52
H0002256,H0002521,건축공학부,ARE5012,건축종합설계1,2017,1,2007/1 ~ 2017/2,건축공학부(학부/서울),1.85,42.59,48.15,7.41,,,,,,,,,1,23,26,4,,,,,,,,,ok,outputs/pdfs_full/건축공학부__ARE5012__건축종합설계1.pdf,,54
H0002256,H0002521,건축공학부,ARE5013,건축종합설계2,2017,2,2007/1 ~ 2017/2,건축공학부(학부/서울),15.79,31.58,36.84,14.04,,,,1.75,,,,,9,18,21,8,,,,1,,,,,ok,outputs/pdfs_full/건축공학부__ARE5013__건축종합설계2.pdf,,57
H0002256,H0002521,건축공학부,ARE5014,토질및기초공학,2014,1,2007/1 ~ 2017/2,건축공학부(학부/서울),28,2.67,40,,29.33,,,,,,,,21,2,30,,22,,,,,,,,ok,outputs/pdfs_full/건축공학부__ARE5014__토질및기초공학.pdf,,75
H0002256,H0002886,건축학부,ARE5016,건설경영,2026,1,2009/1 ~ 2030/2,건축학부(학부/서울),12.73,18.18,20,27.27,5.45,10.91,5.45,,,,,,7,10,11,15,3,6,3,,,,,,ok,outputs/pdfs_full/건축학부__ARE5016__건설경영.pdf,,55
H0002256,H0002521,건축공학부,ARE5027,HVAC 시스템디자인,2026,1,2008/1 ~ 2029/2,건축공학부(학부/서울),17.65,11.76,29.41,7.84,33.33,,,,,,,,9,6,15,4,17,,,,,,,,ok,outputs/pdfs_full/건축공학부__ARE5027__HVAC_시스템디자인.pdf,,51
H0002256,H0002886,건축학부,ARE5028,건축구조시스템,2026,1,2006/1 ~ 2028/2,건축학부(학부/서울),15.63,14.06,21.88,20.31,15.63,,,,,,,,10,9,14,13,10,,,,,,,,ok,outputs/pdfs_full/건축학부__ARE5028__건축구조시스템.pdf,,56
H0002256,H0002886,건축학부,ARE5029,한국근현대건축의이해,2024,2,2009/1 ~ 2031/2,건축학부(학부/서울),33.33,,38.89,,27.78,,,,,,,,6,,7,,5,,,,,,,,ok,outputs/pdfs_full/건축학부__ARE5029__한국근현대건축의이해.pdf,,18
H0002256,H0002521,건축공학부,ARE5031,공학프로젝트및현장실습1,2018,1,2008/1 ~ 2018/2,건축공학부(학부/서울),71.19,16.95,11.86,,,,,,,,,,42,10,7,,,,,,,,,,ok,outputs/pdfs_full/건축공학부__ARE5031__공학프로젝트및현장실습1.pdf,,59
H0002256,H0002521,건축공학부,ARE5032,공학프로젝트및현장실습2,2018,2,2008/1 ~ 2018/2,건축공학부(학부/서울),50.72,27.54,15.94,1.45,4.35,,,,,,,,35,19,11,1,3,,,,,,,,ok,outputs/pdfs_full/건축공학부__ARE5032__공학프로젝트및현장실습2.pdf,,69
H0002256,H0002886,건축학부,ARE5041,보존과활용,2026,1,2017/1 ~ 2031/2,건축학부(학부/서울),26.67,6.67,46.67,,13.33,6.67,,,,,,,4,1,7,,2,1,,,,,,,ok,outputs/pdfs_full/건축학부__ARE5041__보존과활용.pdf,,15
H0002256,H0002886,건축학부,ARE5042,파라매트릭스디자인,2019,2,2017/1 ~ 2019/2,건축학부(학부/서울),61.54,30.77,7.69,,,,,,,,,,8,4,1,,,,,,,,,,ok,outputs/pdfs_full/건축학부__ARE5042__파라매트릭스디자인.pdf,,13
H0002256,H0002886,건축학부,ARE5043,건축형태이론,2025,2,2017/1 ~ 2027/2,건축학부(학부/서울),20,10,40,,30,,,,,,,,2,1,4,,3,,,,,,,,ok,outputs/pdfs_full/건축학부__ARE5043__건축형태이론.pdf,,10
H0002256,H0002886,건축학부,ARE5045,UX기반공간연구,2025,2,2020/1 ~ 2031/2,건축학부(학부/서울),55.56,44.44,,,,,,,,,,,5,4,,,,,,,,,,,ok,outputs/pdfs_full/건축학부__ARE5045__UX기반공간연구.pdf,,9
H0002256,H0002521,건축공학부,ARE6041,강구조,2026,1,2012/1 ~ 2030/2,건축공학부(학부/서울),27.27,,45.45,,27.27,,,,,,,,3,,5,,3,,,,,,,,ok,outputs/pdfs_full/건축공학부__ARE6041__강구조.pdf,,11
H0002256,H0004361,예술융합소프트웨어 융합전공,ATC0001,HCI와아트테크놀로지디자인씽킹,2018,2,2014/2 ~ 2028/2,예술융합소프트웨어 융합전공,66.67,33.33,,,,,,,,,,,6,3,,,,,,,,,,,ok,outputs/pdfs_full/예술융합소프트웨어_융합전공__ATC0001__HCI와아트테크놀로지디자인씽킹.pdf,,9
H0002256,H0004361,예술융합소프트웨어 융합전공,ATC0002,사운드스케이프캡스톤디자인,2018,2,2014/2 ~ 2028/2,예술융합소프트웨어 융합전공,100,,,,,,,,,,,,11,,,,,,,,,,,,ok,outputs/pdfs_full/예술융합소프트웨어_융합전공__ATC0002__사운드스케이프캡스톤디자인.pdf,,11
H0002256,H0004361,예술융합소프트웨어 융합전공,ATC0003,아트테크놀로지PBL캡스톤디자인,2018,1,2014/2 ~ 2028/2,예술융합소프트웨어 융합전공,71.43,14.29,14.29,,,,,,,,,,5,1,1,,,,,,,,,,ok,outputs/pdfs_full/예술융합소프트웨어_융합전공__ATC0003__아트테크놀로지PBL캡스톤디자인.pdf,,7
H0002256,H0004361,예술융합소프트웨어 융합전공,ATC0004,아트앤테크놀로지그래픽스,2019,2,2014/2 ~ 2028/2,예술융합소프트웨어 융합전공,33.33,,50,,16.67,,,,,,,,10,,15,,5,,,,,,,,ok,outputs/pdfs_full/예술융합소프트웨어_융합전공__ATC0004__아트앤테크놀로지그래픽스.pdf,,30
H0002256,H0004361,예술융합소프트웨어 융합전공,ATC0005,가상/증강현실캡스톤디자인,2019,2,2015/2 ~ 2029/2,예술융합소프트웨어 융합전공,92.31,,,,7.69,,,,,,,,12,,,,1,,,,,,,,ok,outputs/pdfs_full/예술융합소프트웨어_융합전공__ATC0005__가상_증강현실캡스톤디자인.pdf,,13
H0002256,H0004361,예술융합소프트웨어 융합전공,ATC0006,아트테크놀로지비주얼컴퓨팅,2017,2,2015/2 ~ 2028/2,예술융합소프트웨어 융합전공,33.33,3.7,29.63,14.81,14.81,3.7,,,,,,,9,1,8,4,4,1,,,,,,,ok,outputs/pdfs_full/예술융합소프트웨어_융합전공__ATC0006__아트테크놀로지비주얼컴퓨팅.pdf,,27
H0002256,H0004361,예술융합소프트웨어 융합전공,ATC0007,아트테크놀로지사운드컴퓨팅,2018,1,2014/2 ~ 2028/2,예술융합소프트웨어 융합전공,5.88,23.53,41.18,,23.53,5.88,,,,,,,1,4,7,,4,1,,,,,,,ok,outputs/pdfs_full/예술융합소프트웨어_융합전공__ATC0007__아트테크놀로지사운드컴퓨팅.pdf,,17
H0002256,H0004361,예술융합소프트웨어 융합전공,ATC0009,과학적일러스트레이션디자인,2018,1,2014/2 ~ 2028/2,예술융합소프트웨어 융합전공,100,,,,,,,,,,,,5,,,,,,,,,,,,ok,outputs/pdfs_full/예술융합소프트웨어_융합전공__ATC0009__과학적일러스트레이션디자인.pdf,,5
H0002256,H0004800,미래자동차기술융합전공,AUE3028,CAE,2025,2,2018/1 ~ 2029/2,미래자동차기술융합전공,36.84,26.32,26.32,,10.53,,,,,,,,7,5,5,,2,,,,,,,,ok,outputs/pdfs_full/미래자동차기술융합전공__AUE3028__CAE.pdf,,19
H0002256,H0004800,미래자동차기술융합전공,AUE3030,자동차공학실험,2025,2,2018/1 ~ 2029/2,미래자동차기술융합전공,51.52,42.42,3.03,,3.03,,,,,,,,17,14,1,,1,,,,,,,,ok,outputs/pdfs_full/미래자동차기술융합전공__AUE3030__자동차공학실험.pdf,,33
H0002256,H0004800,미래자동차기술융합전공,AUE3031,설계공학,2025,2,2018/1 ~ 2029/2,미래자동차기술융합전공,46.88,12.5,25,9.38,3.13,,,,,,3.13,,15,4,8,3,1,,,,,,1,,ok,outputs/pdfs_full/미래자동차기술융합전공__AUE3031__설계공학.pdf,,32
H0002256,H0004800,미래자동차기술융합전공,AUE3032,미래자동차공학연구실현장실습1,2025,1,2018/1 ~ 2025/2,미래자동차기술융합전공,,,,,,,,,,100,,,,,,,,,,,,4,,,ok,outputs/pdfs_full/미래자동차기술융합전공__AUE3032__미래자동차공학연구실현장실습1.pdf,,4
H0002256,H0004800,미래자동차기술융합전공,AUE3033,미래자동차공학연구실현장실습2,2025,2,2018/1 ~ 2025/2,미래자동차기술융합전공,,,,,,,,,,100,,,,,,,,,,,,11,,,ok,outputs/pdfs_full/미래자동차기술융합전공__AUE3033__미래자동차공학연구실현장실습2.pdf,,11
H0002256,H0004800,미래자동차기술융합전공,AUE3034,마이크로프로세서응용시스템,2026,1,2018/1 ~ 2029/2,미래자동차기술융합전공,15.79,18.42,26.32,10.53,15.79,7.89,,,,,5.26,,6,7,10,4,6,3,,,,,2,,ok,outputs/pdfs_full/미래자동차기술융합전공__AUE3034__마이크로프로세서응용시스템.pdf,,38
H0002256,H0004800,미래자동차기술융합전공,AUE4021,NVH,2024,2,2019/2 ~ 2030/2,미래자동차기술융합전공,90.91,9.09,,,,,,,,,,,10,1,,,,,,,,,,,ok,outputs/pdfs_full/미래자동차기술융합전공__AUE4021__NVH.pdf,,11
H0002256,H0004800,미래자동차기술융합전공,AUE4023,차량센서,2026,1,2019/1 ~ 2030/2,미래자동차기술융합전공,51.43,,25.71,22.86,,,,,,,,,18,,9,8,,,,,,,,,ok,outputs/pdfs_full/미래자동차기술융합전공__AUE4023__차량센서.pdf,,35
H0002256,H0004800,미래자동차기술융합전공,AUE4024,미래자동차공학종합설계1,2026,1,2019/1 ~ 2030/2,미래자동차기술융합전공,42.59,35.19,16.67,5.56,,,,,,,,,23,19,9,3,,,,,,,,,ok,outputs/pdfs_full/미래자동차기술융합전공__AUE4024__미래자동차공학종합설계1.pdf,,54
H0002256,H0004800,미래자동차기술융합전공,AUE4025,미래자동차공학종합설계2,2025,2,2019/2 ~ 2030/2,미래자동차기술융합전공,40,32,22,6,,,,,,,,,20,16,11,3,,,,,,,,,ok,outputs/pdfs_full/미래자동차기술융합전공__AUE4025__미래자동차공학종합설계2.pdf,,50
H0002256,H0004800,미래자동차기술융합전공,AUE4029,미래자동차공학연구실현장실습3,2026,1,2019/1 ~ 2026/2,미래자동차기술융합전공,,,,,,,,,,100,,,,,,,,,,,,16,,,ok,outputs/pdfs_full/미래자동차기술융합전공__AUE4029__미래자동차공학연구실현장실습3.pdf,,16
H0002256,H0004800,미래자동차기술융합전공,AUE4030,미래자동차공학연구실현장실습4,2025,2,2019/2 ~ 2026/2,미래자동차기술융합전공,,,,,,,,,,100,,,,,,,,,,,,12,,,ok,outputs/pdfs_full/미래자동차기술융합전공__AUE4030__미래자동차공학연구실현장실습4.pdf,,12
H0002256,H0004800,미래자동차기술융합전공,AUE4031,e-파워트레인,2026,1,2019/1 ~ 2030/2,미래자동차기술융합전공,22.22,16.67,22.22,8.33,19.44,2.78,,,,,8.33,,8,6,8,3,7,1,,,,,3,,ok,outputs/pdfs_full/미래자동차기술융합전공__AUE4031__e-파워트레인.pdf,,36
H0002256,H0004800,미래자동차기술융합전공,AUE4032,AI로봇공학,2024,1,2019/1 ~ 2030/2,미래자동차기술융합전공,22.22,44.44,11.11,11.11,,11.11,,,,,,,2,4,1,1,,1,,,,,,,ok,outputs/pdfs_full/미래자동차기술융합전공__AUE4032__AI로봇공학.pdf,,9
H0002256,H0004800,미래자동차기술융합전공,AUE4033,차량최적설계,2025,2,2019/2 ~ 2030/2,미래자동차기술융합전공,100,,,,,,,,,,,,5,,,,,,,,,,,,ok,outputs/pdfs_full/미래자동차기술융합전공__AUE4033__차량최적설계.pdf,,5
H0002256,H0004800,미래자동차기술융합전공,AUE4034,자동차플랫폼이해및분해조립실습,2023,2,2019/1 ~ 2030/2,미래자동차기술융합전공,14.81,25.93,59.26,,,,,,,,,,4,7,16,,,,,,,,,,ok,outputs/pdfs_full/미래자동차기술융합전공__AUE4034__자동차플랫폼이해및분해조립실습.pdf,,27
H0002256,H0004800,미래자동차기술융합전공,AUE4035,AI차량융합기술,2024,2,2019/2 ~ 2030/2,미래자동차기술융합전공,50,50,,,,,,,,,,,6,6,,,,,,,,,,,ok,outputs/pdfs_full/미래자동차기술융합전공__AUE4035__AI차량융합기술.pdf,,12
H0002256,H0004800,미래자동차기술융합전공,AUE4036,xEV에너지시스템,2025,2,2019/2 ~ 2030/2,미래자동차기술융합전공,33.33,53.33,13.33,,,,,,,,,,5,8,2,,,,,,,,,,ok,outputs/pdfs_full/미래자동차기술융합전공__AUE4036__xEV에너지시스템.pdf,,15
H0002256,H0004800,미래자동차기술융합전공,AUE4037,xEV모터제어,2022,2,2019/2 ~ 2030/2,미래자동차기술융합전공,43.75,6.25,18.75,25,,,,6.25,,,,,7,1,3,4,,,,1,,,,,ok,outputs/pdfs_full/미래자동차기술융합전공__AUE4037__xEV모터제어.pdf,,16
H0002256,H0004800,미래자동차기술융합전공,AUE4038,xEV모터구동시스템,2026,1,2019/1 ~ 2030/2,미래자동차기술융합전공,26.09,17.39,21.74,17.39,13.04,4.35,,,,,,,6,4,5,4,3,1,,,,,,,ok,outputs/pdfs_full/미래자동차기술융합전공__AUE4038__xEV모터구동시스템.pdf,,23
H0002256,H0004800,미래자동차기술융합전공,AUE4039,자동차소프트웨어,2025,2,2024/2 ~ 2030/2,미래자동차기술융합전공,77.78,,22.22,,,,,,,,,,7,,2,,,,,,,,,,ok,outputs/pdfs_full/미래자동차기술융합전공__AUE4039__자동차소프트웨어.pdf,,9
H0002256,H0004800,미래자동차기술융합전공,AUT4001,자동차제품개발론,2023,1,2023/1 ~ 2030/2,미래자동차기술융합전공,31.25,3.13,65.63,,,,,,,,,,10,1,21,,,,,,,,,,ok,outputs/pdfs_full/미래자동차기술융합전공__AUT4001__자동차제품개발론.pdf,,32
H0002256,H0004322,빅데이터융합전공,BIG2001,기초미적분학,2026,1,2014/1 ~ 2028/2,빅데이터융합전공,13.79,20.69,20.69,6.9,3.45,,3.45,,,,31.03,,4,6,6,2,1,,1,,,,9,,ok,outputs/pdfs_full/빅데이터융합전공__BIG2001__기초미적분학.pdf,,29
H0002256,H0004322,빅데이터융합전공,BIG2002,기초확률및통계,2026,1,2014/1 ~ 2028/2,빅데이터융합전공,21.43,,28.57,7.14,14.29,7.14,,,,,21.43,,3,,4,1,2,1,,,,,3,,ok,outputs/pdfs_full/빅데이터융합전공__BIG2002__기초확률및통계.pdf,,14
H0002256,H0004322,빅데이터융합전공,BIG2003,자료구조와알고리즘,2026,1,2014/1 ~ 2028/2,빅데이터융합전공,13.33,40,33.33,6.67,,,,,,,6.67,,2,6,5,1,,,,,,,1,,ok,outputs/pdfs_full/빅데이터융합전공__BIG2003__자료구조와알고리즘.pdf,,15
H0002256,H0004322,빅데이터융합전공,BIG2004,자료분석방법론,2024,2,2014/1 ~ 2028/2,빅데이터융합전공,100,,,,,,,,,,,,14,,,,,,,,,,,,ok,outputs/pdfs_full/빅데이터융합전공__BIG2004__자료분석방법론.pdf,,14
H0002256,H0004322,빅데이터융합전공,BIG2005,데이터베이스의원리와응용,2021,2,2014/1 ~ 2024/2,빅데이터융합전공,40,,60,,,,,,,,,,10,,15,,,,,,,,,,ok,outputs/pdfs_full/빅데이터융합전공__BIG2005__데이터베이스의원리와응용.pdf,,25
H0002256,H0004322,빅데이터융합전공,BIG2006,R과자료시각화,2025,2,2014/1 ~ 2028/2,빅데이터융합전공,36.84,15.79,31.58,10.53,,,,,,,5.26,,7,3,6,2,,,,,,,1,,ok,outputs/pdfs_full/빅데이터융합전공__BIG2006__R과자료시각화.pdf,,19
H0002256,H0004322,빅데이터융합전공,BIG2007,사회데이터조사방법론,2026,1,2014/1 ~ 2028/2,빅데이터융합전공,38.71,,38.71,,6.45,,,,,,16.13,,12,,12,,2,,,,,,5,,ok,outputs/pdfs_full/빅데이터융합전공__BIG2007__사회데이터조사방법론.pdf,,31
H0002256,H0004322,빅데이터융합전공,BIG3001,통계적모델링,2026,1,2015/1 ~ 2029/2,빅데이터융합전공,100,,,,,,,,,,,,17,,,,,,,,,,,,ok,outputs/pdfs_full/빅데이터융합전공__BIG3001__통계적모델링.pdf,,17
H0002256,H0004322,빅데이터융합전공,BIG3002,빅데이터마이닝,2026,1,2015/1 ~ 2029/2,빅데이터융합전공,31.82,,31.82,,9.09,,,,,,27.27,,7,,7,,2,,,,,,6,,ok,outputs/pdfs_full/빅데이터융합전공__BIG3002__빅데이터마이닝.pdf,,22
H0002256,H0004322,빅데이터융합전공,BIG3003,인공지능과머신러닝,2025,1,2015/1 ~ 2029/2,빅데이터융합전공,11.11,44.44,44.44,,,,,,,,,,1,4,4,,,,,,,,,,ok,outputs/pdfs_full/빅데이터융합전공__BIG3003__인공지능과머신러닝.pdf,,9
H0002256,H0004322,빅데이터융합전공,BIG3005,사회연결망분석과텍스트마이닝,2025,2,2015/1 ~ 2025/2,빅데이터융합전공,40,,36,,16,,,,,,8,,10,,9,,4,,,,,,2,,ok,outputs/pdfs_full/빅데이터융합전공__BIG3005__사회연결망분석과텍스트마이닝.pdf,,25
H0002256,H0004322,빅데이터융합전공,BIG3006,바이오데이터분석,2024,2,2022/1 ~ 2029/2,빅데이터융합전공,100,,,,,,,,,,,,9,,,,,,,,,,,,ok,outputs/pdfs_full/빅데이터융합전공__BIG3006__바이오데이터분석.pdf,,9
H0002256,H0004322,빅데이터융합전공,BIG4001,응용회귀분석,2025,2,2023/1 ~ 2029/2,빅데이터융합전공,83.33,16.67,,,,,,,,,,,15,3,,,,,,,,,,,ok,outputs/pdfs_full/빅데이터융합전공__BIG4001__응용회귀분석.pdf,,18
H0002256,H0003563,생명과학과,BIO1001,일반화학기초,2025,1,2024/1 ~ 2025/1,생명과학과,22.45,30.61,22.45,20.41,4.08,,,,,,,,11,15,11,10,2,,,,,,,,ok,outputs/pdfs_full/생명과학과__BIO1001__일반화학기초.pdf,,49
H0002256,H0003561,물리학과,BIO1069,일반생물학및실험,2019,2,2013/1 ~ 2019/2,물리학과,46.34,4.88,34.15,7.32,2.44,4.88,,,,,,,19,2,14,3,1,2,,,,,,,ok,outputs/pdfs_full/물리학과__BIO1069__일반생물학및실험.pdf,,41
H0002256,H0002599,의예과,BIO2016,세포생물학1,2026,1,1990/1 ~ 2020/2,의예과(학부/서울),20,20,26.67,13.33,15,3.33,,,,,1.67,,12,12,16,8,9,2,,,,,1,,ok,outputs/pdfs_full/의예과__BIO2016__세포생물학1.pdf,,60
H0002256,H0002599,의예과,BIO2017,세포생물학2,2025,2,1990/1 ~ 2020/2,의예과(학부/서울),37.5,4.17,35.42,4.17,14.58,2.08,,2.08,,,,,18,2,17,2,7,1,,1,,,,,ok,outputs/pdfs_full/의예과__BIO2017__세포생물학2.pdf,,48
H0002256,H0002599,의예과,BIO2022,세포생물학,2025,2,2002/1 ~ 2027/2,의예과(학부/서울),28.78,13.66,25.85,14.15,17.56,,,,,,,,59,28,53,29,36,,,,,,,,ok,outputs/pdfs_full/의예과__BIO2022__세포생물학.pdf,,205
H0002256,H0002599,의예과,BIO2023,비교해부학,2016,2,1990/1 ~ 2017/1,의예과(학부/서울),7.79,5.19,6.49,16.88,19.48,10.39,10.39,23.38,,,,,6,4,5,13,15,8,8,18,,,,,ok,outputs/pdfs_full/의예과__BIO2023__비교해부학.pdf,,77
H0002256,H0002599,의예과,BIO2025,세포생물학실험,2020,2,1990/1 ~ 1993/2,의예과(학부/서울),80,10,10,,,,,,,,,,8,1,1,,,,,,,,,,ok,outputs/pdfs_full/의예과__BIO2025__세포생물학실험.pdf,,10
H0002256,H0003563,생명과학과,BIO2030,미생물학1,2026,1,2014/1 ~ 2028/2,생명과학과,17.86,17.86,21.43,17.86,8.93,14.29,1.79,,,,,,10,10,12,10,5,8,1,,,,,,ok,outputs/pdfs_full/생명과학과__BIO2030__미생물학1.pdf,,56
H0002256,H0003563,생명과학과,BIO2031,미생물학2,2025,2,2014/1 ~ 2028/2,생명과학과,29.03,9.68,19.35,12.9,16.13,6.45,6.45,,,,,,9,3,6,4,5,2,2,,,,,,ok,outputs/pdfs_full/생명과학과__BIO2031__미생물학2.pdf,,31
H0002256,H0003563,생명과학과,BIO2037,유전학및실험,2021,1,2018/1 ~ 2021/2,생명과학과,17.39,21.74,13.04,17.39,13.04,4.35,8.7,,,4.35,,,4,5,3,4,3,1,2,,,1,,,ok,outputs/pdfs_full/생명과학과__BIO2037__유전학및실험.pdf,,23
H0002256,H0003563,생명과학과,BIO2040,동물의다양성,2026,1,2014/1 ~ 2028/2,생명과학과,32.61,8.7,10.87,21.74,13.04,,10.87,2.17,,,,,15,4,5,10,6,,5,1,,,,,ok,outputs/pdfs_full/생명과학과__BIO2040__동물의다양성.pdf,,46
H0002256,H0003563,생명과학과,BIO2043,신경생물학,2025,2,2015/1 ~ 2025/2,생명과학과,20,29.09,25.45,10.91,3.64,5.45,5.45,,,,,,11,16,14,6,2,3,3,,,,,,ok,outputs/pdfs_full/생명과학과__BIO2043__신경생물학.pdf,,55
H0002256,H0003563,생명과학과,BIO2062,생태학1,2025,2,2021/1 ~ 2028/2,생명과학과,38.18,20,29.09,1.82,7.27,,,,,,3.64,,21,11,16,1,4,,,,,,2,,ok,outputs/pdfs_full/생명과학과__BIO2062__생태학1.pdf,,55
H0002256,H0003563,생명과학과,BIO2063,동물의다양성실험,2016,1,2014/1 ~ 2016/2,생명과학과,22.73,36.36,31.82,4.55,,4.55,,,,,,,5,8,7,1,,1,,,,,,,ok,outputs/pdfs_full/생명과학과__BIO2063__동물의다양성실험.pdf,,22
H0002256,H0003563,생명과학과,BIO2068,생물유기화학,2026,1,2014/1 ~ 2028/2,생명과학과,11.76,11.76,17.65,8.82,20.59,11.76,17.65,,,,,,4,4,6,3,7,4,6,,,,,,ok,outputs/pdfs_full/생명과학과__BIO2068__생물유기화학.pdf,,34
H0002256,H0002567,생체공학전공,BIO2079,바이오분자공학,2026,1,2021/1 ~ 2022/1,생체공학전공(학부/서울),8.33,8.33,29.17,12.5,16.67,12.5,8.33,,,,4.17,,2,2,7,3,4,3,2,,,,1,,ok,outputs/pdfs_full/생체공학전공__BIO2079__바이오분자공학.pdf,,24
H0002256,H0003563,생명과학과,BIO3001,생태학및실험,2016,2,2014/1 ~ 2016/2,생명과학과,36.36,4.55,36.36,4.55,13.64,4.55,,,,,,,8,1,8,1,3,1,,,,,,,ok,outputs/pdfs_full/생명과학과__BIO3001__생태학및실험.pdf,,22
H0002256,H0003563,생명과학과,BIO3006,일반유전학및실험,2017,1,2015/1 ~ 2017/2,생명과학과,15.79,10.53,31.58,21.05,10.53,5.26,,5.26,,,,,3,2,6,4,2,1,,1,,,,,ok,outputs/pdfs_full/생명과학과__BIO3006__일반유전학및실험.pdf,,19
H0002256,H0003563,생명과학과,BIO3013,생태학,2020,1,2017/1 ~ 2020/2,생명과학과,32.2,6.78,44.07,5.08,11.86,,,,,,,,19,4,26,3,7,,,,,,,,ok,outputs/pdfs_full/생명과학과__BIO3013__생태학.pdf,,59
H0002256,H0003563,생명과학과,BIO3022,유전학1,2026,1,2021/1 ~ 2028/2,생명과학과,30.51,15.25,16.95,11.86,11.86,1.69,8.47,3.39,,,,,18,9,10,7,7,1,5,2,,,,,ok,outputs/pdfs_full/생명과학과__BIO3022__유전학1.pdf,,59
H0002256,H0003563,생명과학과,BIO3023,유전학2,2025,2,2022/1 ~ 2028/2,생명과학과,11.48,31.15,18.03,8.2,18.03,8.2,4.92,,,,,,7,19,11,5,11,5,3,,,,,,ok,outputs/pdfs_full/생명과학과__BIO3023__유전학2.pdf,,61
H0002256,H0002567,생체공학전공,BIO3035,세포분자생물학,2020,2,2011/1 ~ 2020/2,생체공학전공(학부/서울),88.89,11.11,,,,,,,,,,,24,3,,,,,,,,,,,ok,outputs/pdfs_full/생체공학전공__BIO3035__세포분자생물학.pdf,,27
H0002256,H0002575,융합전자공학부,BIO3038,생물공학,2015,2,2010/1 ~ 2015/2,융합전자공학부,20,19.26,27.41,16.3,14.07,2.96,,,,,,,27,26,37,22,19,4,,,,,,,ok,outputs/pdfs_full/융합전자공학부__BIO3038__생물공학.pdf,,135
H0002256,H0003563,생명과학과,BIO3039,분자생물학1,2026,1,2021/1 ~ 2029/2,생명과학과,22.5,27.5,10,10,10,10,7.5,2.5,,,,,9,11,4,4,4,4,3,1,,,,,ok,outputs/pdfs_full/생명과학과__BIO3039__분자생물학1.pdf,,40
H0002256,H0003563,생명과학과,BIO3040,분자생물학2,2024,2,2021/1 ~ 2029/2,생명과학과,14.58,18.75,27.08,16.67,4.17,6.25,6.25,6.25,,,,,7,9,13,8,2,3,3,3,,,,,ok,outputs/pdfs_full/생명과학과__BIO3040__분자생물학2.pdf,,48
H0002256,H0003563,생명과학과,BIO3042,동물생리학1,2025,2,2015/1 ~ 2028/2,생명과학과,16.67,16.67,22.22,11.11,5.56,16.67,11.11,,,,,,3,3,4,2,1,3,2,,,,,,ok,outputs/pdfs_full/생명과학과__BIO3042__동물생리학1.pdf,,18
H0002256,H0003563,생명과학과,BIO3044,동물생리학2,2026,1,2015/1 ~ 2029/2,생명과학과,23.81,19.05,9.52,23.81,9.52,4.76,,4.76,,,4.76,,5,4,2,5,2,1,,1,,,1,,ok,outputs/pdfs_full/생명과학과__BIO3044__동물생리학2.pdf,,21
H0002256,H0003563,생명과학과,BIO3046,수서생태학,2021,2,2018/1 ~ 2021/2,생명과학과,35,,45,,20,,,,,,,,7,,9,,4,,,,,,,,ok,outputs/pdfs_full/생명과학과__BIO3046__수서생태학.pdf,,20
H0002256,H0003563,생명과학과,BIO3059,분자유전학,2021,2,2015/1 ~ 2021/2,생명과학과,13.04,17.39,17.39,17.39,13.04,4.35,13.04,,,4.35,,,3,4,4,4,3,1,3,,,1,,,ok,outputs/pdfs_full/생명과학과__BIO3059__분자유전학.pdf,,23
H0002256,H0003563,생명과학과,BIO3074,발생학1,2026,1,2015/1 ~ 2029/2,생명과학과,15.15,15.15,24.24,24.24,,9.09,,12.12,,,,,5,5,8,8,,3,,4,,,,,ok,outputs/pdfs_full/생명과학과__BIO3074__발생학1.pdf,,33
H0002256,H0003563,생명과학과,BIO3076,발생학실험1,2017,1,2015/1 ~ 2017/2,생명과학과,70.59,29.41,,,,,,,,,,,12,5,,,,,,,,,,,ok,outputs/pdfs_full/생명과학과__BIO3076__발생학실험1.pdf,,17
H0002256,H0003563,생명과학과,BIO3077,생태학2,2026,1,2022/1 ~ 2029/2,생명과학과,100,,,,,,,,,,,,16,,,,,,,,,,,,ok,outputs/pdfs_full/생명과학과__BIO3077__생태학2.pdf,,16
H0002256,H0003563,생명과학과,BIO3078,동물생리학실험,2016,2,2015/1 ~ 2017/2,생명과학과,33.33,28.57,19.05,4.76,4.76,9.52,,,,,,,7,6,4,1,1,2,,,,,,,ok,outputs/pdfs_full/생명과학과__BIO3078__동물생리학실험.pdf,,21
H0002256,H0002567,생체공학전공,BIO3081,생체소재공학,2025,2,2011/1 ~ 2023/2,생체공학전공(학부/서울),85.71,14.29,,,,,,,,,,,12,2,,,,,,,,,,,ok,outputs/pdfs_full/생체공학전공__BIO3081__생체소재공학.pdf,,14
H0002256,H0002567,생체공학전공,BIO3084,생체모방공학,2026,1,2011/1 ~ 2025/2,생체공학전공(학부/서울),48.39,19.35,22.58,3.23,6.45,,,,,,,,15,6,7,1,2,,,,,,,,ok,outputs/pdfs_full/생체공학전공__BIO3084__생체모방공학.pdf,,31
H0002256,H0003563,생명과학과,BIO3087,최신생태과학기술세미나,2018,1,2016/1 ~ 2018/2,생명과학과,33.33,,40,,26.67,,,,,,,,5,,6,,4,,,,,,,,ok,outputs/pdfs_full/생명과학과__BIO3087__최신생태과학기술세미나.pdf,,15
H0002256,H0003563,생명과학과,BIO3093,발생학2,2025,2,2015/1 ~ 2029/2,생명과학과,20,32,16,20,12,,,,,,,,5,8,4,5,3,,,,,,,,ok,outputs/pdfs_full/생명과학과__BIO3093__발생학2.pdf,,25
H0002256,H0003563,생명과학과,BIO4001,분자생물학,2026,1,2014/1 ~ 2020/2,생명과학과,20,6.67,26.67,13.33,20,10,,,,,3.33,,6,2,8,4,6,3,,,,,1,,ok,outputs/pdfs_full/생명과학과__BIO4001__분자생물학.pdf,,30
H0002256,H0003563,생명과학과,BIO4004,진화생물학,2025,2,2016/1 ~ 2030/2,생명과학과,27.78,16.67,16.67,22.22,5.56,11.11,,,,,,,5,3,3,4,1,2,,,,,,,ok,outputs/pdfs_full/생명과학과__BIO4004__진화생물학.pdf,,18
H0002256,H0003563,생명과학과,BIO4005,해양생물학,2025,2,2015/1 ~ 2030/2,생명과학과,40.91,,40.91,,18.18,,,,,,,,9,,9,,4,,,,,,,,ok,outputs/pdfs_full/생명과학과__BIO4005__해양생물학.pdf,,22
H0002256,H0003563,생명과학과,BIO4009,식물생리학,2025,2,2018/1 ~ 2029/2,생명과학과,42.86,,25,,28.57,,,,,,3.57,,12,,7,,8,,,,,,1,,ok,outputs/pdfs_full/생명과학과__BIO4009__식물생리학.pdf,,28
H0002256,H0003563,생명과학과,BIO4021,발생유전학,2026,1,2016/1 ~ 2026/2,생명과학과,36.96,54.35,8.7,,,,,,,,,,17,25,4,,,,,,,,,,ok,outputs/pdfs_full/생명과학과__BIO4021__발생유전학.pdf,,46
H0002256,H0003563,생명과학과,BIO4058,사회생물학,2017,2,2016/1 ~ 2018/2,생명과학과,21.74,13.04,30.43,4.35,13.04,,13.04,4.35,,,,,5,3,7,1,3,,3,1,,,,,ok,outputs/pdfs_full/생명과학과__BIO4058__사회생물학.pdf,,23
H0002256,H0002567,생체공학전공,BIO4061,창의적생체공학연구1,2016,1,2012/1 ~ 2018/2,생체공학전공(학부/서울),50,,50,,,,,,,,,,4,,4,,,,,,,,,,ok,outputs/pdfs_full/생체공학전공__BIO4061__창의적생체공학연구1.pdf,,8
H0002256,H0002567,생체공학전공,BIO4062,창의적생체공학연구2,2018,2,2012/1 ~ 2018/2,생체공학전공(학부/서울),37.5,50,12.5,,,,,,,,,,3,4,1,,,,,,,,,,ok,outputs/pdfs_full/생체공학전공__BIO4062__창의적생체공학연구2.pdf,,8
H0002256,H0002567,생체공학전공,BIO4063,바이오센서,2025,1,2012/1 ~ 2026/2,생체공학전공(학부/서울),4.76,28.57,23.81,19.05,23.81,,,,,,,,1,6,5,4,5,,,,,,,,ok,outputs/pdfs_full/생체공학전공__BIO4063__바이오센서.pdf,,21
H0002256,H0002567,생체공학전공,BIO4064,고급생체영상처리,2019,2,2012/1 ~ 2019/2,생체공학전공(학부/서울),28.57,7.14,35.71,14.29,7.14,,,7.14,,,,,4,1,5,2,1,,,1,,,,,ok,outputs/pdfs_full/생체공학전공__BIO4064__고급생체영상처리.pdf,,14
H0002256,H0002567,생체공학전공,BIO4065,바이오메디컬공학특강1,2026,1,2012/1 ~ 2026/2,생체공학전공(학부/서울),85.71,5.71,5.71,,,,2.86,,,,,,30,2,2,,,,1,,,,,,ok,outputs/pdfs_full/생체공학전공__BIO4065__바이오메디컬공학특강1.pdf,,35
H0002256,H0002567,생체공학전공,BIO4066,나노바이오공학,2026,1,2012/1 ~ 2026/2,생체공학전공(학부/서울),100,,,,,,,,,,,,40,,,,,,,,,,,,ok,outputs/pdfs_full/생체공학전공__BIO4066__나노바이오공학.pdf,,40
H0002256,H0002567,생체공학전공,BIO4067,바이오메디컬공학특강2,2025,2,2012/1 ~ 2024/2,생체공학전공(학부/서울),63.33,20,10,,6.67,,,,,,,,19,6,3,,2,,,,,,,,ok,outputs/pdfs_full/생체공학전공__BIO4067__바이오메디컬공학특강2.pdf,,30
H0002256,H0002567,생체공학전공,BIO4068,생체에너지공학,2014,2,2012/1 ~ 2022/2,생체공학전공(학부/서울),75,16.67,,,8.33,,,,,,,,9,2,,,1,,,,,,,,ok,outputs/pdfs_full/생체공학전공__BIO4068__생체에너지공학.pdf,,12
H0002256,H0003563,생명과학과,BIO4102,후성유전학,2024,2,2019/2 ~ 2030/2,생명과학과,19.23,15.38,26.92,23.08,7.69,3.85,,3.85,,,,,5,4,7,6,2,1,,1,,,,,ok,outputs/pdfs_full/생명과학과__BIO4102__후성유전학.pdf,,26
H0002256,H0003563,생명과학과,BIO4113,분자생화학PBL,2026,1,2023/1 ~ 2026/2,생명과학과,72.97,24.32,2.7,,,,,,,,,,27,9,1,,,,,,,,,,ok,outputs/pdfs_full/생명과학과__BIO4113__분자생화학PBL.pdf,,37
H0002256,H0002567,생체공학전공,BNG1001,바이오메디컬공학개론,2026,1,2022/1 ~ 2023/2,생체공학전공(학부/서울),13.79,13.79,10.34,34.48,24.14,,3.45,,,,,,4,4,3,10,7,,1,,,,,,ok,outputs/pdfs_full/생체공학전공__BNG1001__바이오메디컬공학개론.pdf,,29
H0002256,H0002567,생체공학전공,BNG2001,생체신호및시스템,2026,1,2010/1 ~ 2022/1,생체공학전공(학부/서울),12.24,18.37,30.61,4.08,14.29,4.08,6.12,6.12,,,4.08,,6,9,15,2,7,2,3,3,,,2,,ok,outputs/pdfs_full/생체공학전공__BNG2001__생체신호및시스템.pdf,,49
H0002256,H0002567,생체공학전공,BNG2002,생체신호처리,2025,2,2011/1 ~ 2022/2,생체공학전공(학부/서울),22.92,6.25,35.42,6.25,18.75,8.33,2.08,,,,,,11,3,17,3,9,4,1,,,,,,ok,outputs/pdfs_full/생체공학전공__BNG2002__생체신호처리.pdf,,48
H0002256,H0002567,생체공학전공,BNG2003,기초비교생물학,2020,1,2010/1 ~ 2020/2,생체공학전공(학부/서울),41.94,48.39,3.23,3.23,,,3.23,,,,,,13,15,1,1,,,1,,,,,,ok,outputs/pdfs_full/생체공학전공__BNG2003__기초비교생물학.pdf,,31
H0002256,H0002567,생체공학전공,BNG2004,생체구조및기능1,2025,2,2010/1 ~ 2022/2,생체공학전공(학부/서울),15.15,48.48,30.3,3.03,,,,,,,3.03,,5,16,10,1,,,,,,,1,,ok,outputs/pdfs_full/생체공학전공__BNG2004__생체구조및기능1.pdf,,33
H0002256,H0002567,생체공학전공,BNG2005,생체구조및기능2,2026,1,2010/1 ~ 2025/2,생체공학전공(학부/서울),30,35,20,15,,,,,,,,,6,7,4,3,,,,,,,,,ok,outputs/pdfs_full/생체공학전공__BNG2005__생체구조및기능2.pdf,,20
H0002256,H0002567,생체공학전공,BNG2007,바이오메디컬프로그래밍,2026,1,2010/1 ~ 2022/1,생체공학전공(학부/서울),20.83,20.83,31.25,10.42,16.67,,,,,,,,10,10,15,5,8,,,,,,,,ok,outputs/pdfs_full/생체공학전공__BNG2007__바이오메디컬프로그래밍.pdf,,48
H0002256,H0002567,생체공학전공,BNG2008,바이오메디컬회로이론,2026,1,2014/1 ~ 2022/1,생체공학전공(학부/서울),19.51,19.51,26.83,14.63,12.2,4.88,,,,,2.44,,8,8,11,6,5,2,,,,,1,,ok,outputs/pdfs_full/생체공학전공__BNG2008__바이오메디컬회로이론.pdf,,41
H0002256,H0002567,생체공학전공,BNG2009,생체전자및실습,2025,2,2014/1 ~ 2022/2,생체공학전공(학부/서울),29.63,3.7,40.74,,22.22,3.7,,,,,,,8,1,11,,6,1,,,,,,,ok,outputs/pdfs_full/생체공학전공__BNG2009__생체전자및실습.pdf,,27
H0002256,H0002567,생체공학전공,BNG2010,생체해석프로그래밍,2016,2,2014/1 ~ 2016/2,생체공학전공(학부/서울),22.22,22.22,18.52,25.93,11.11,,,,,,,,6,6,5,7,3,,,,,,,,ok,outputs/pdfs_full/생체공학전공__BNG2010__생체해석프로그래밍.pdf,,27
H0002256,H0005006,한양인터칼리지학부,BNG3002,기초면역학,2026,1,2026/1 ~ 2028/2,한양인터칼리지학부,100,,,,,,,,,,,,35,,,,,,,,,,,,ok,outputs/pdfs_full/한양인터칼리지학부__BNG3002__기초면역학.pdf,,35
H0002256,H0002567,생체공학전공,BNG3005,기초신경과학,2025,2,2012/1 ~ 2023/2,생체공학전공(학부/서울),27.03,13.51,37.84,2.7,18.92,,,,,,,,10,5,14,1,7,,,,,,,,ok,outputs/pdfs_full/생체공학전공__BNG3005__기초신경과학.pdf,,37
H0002256,H0002567,생체공학전공,BNG3009,생체영상처리,2025,2,2011/1 ~ 2023/2,생체공학전공(학부/서울),21.43,14.29,21.43,21.43,14.29,,7.14,,,,,,3,2,3,3,2,,1,,,,,,ok,outputs/pdfs_full/생체공학전공__BNG3009__생체영상처리.pdf,,14
H0002256,H0002567,생체공학전공,BNG3011,디지털헬스케어,2025,2,2012/1 ~ 2024/2,생체공학전공(학부/서울),32.43,16.22,18.92,18.92,13.51,,,,,,,,12,6,7,7,5,,,,,,,,ok,outputs/pdfs_full/생체공학전공__BNG3011__디지털헬스케어.pdf,,37
H0002256,H0002567,생체공학전공,BNG3013,생체시스템모델링,2024,2,2012/1 ~ 2024/2,생체공학전공(학부/서울),18.18,36.36,27.27,18.18,,,,,,,,,2,4,3,2,,,,,,,,,ok,outputs/pdfs_full/생체공학전공__BNG3013__생체시스템모델링.pdf,,11
H0002256,H0002567,생체공학전공,BNG3014,생체신호계측및실습,2026,1,2011/1 ~ 2025/2,생체공학전공(학부/서울),29.63,11.11,29.63,11.11,18.52,,,,,,,,8,3,8,3,5,,,,,,,,ok,outputs/pdfs_full/생체공학전공__BNG3014__생체신호계측및실습.pdf,,27
H0002256,H0002567,생체공학전공,BNG3018,생체디지털공학,2026,1,2015/1 ~ 2025/2,생체공학전공(학부/서울),25,22.22,36.11,16.67,,,,,,,,,9,8,13,6,,,,,,,,,ok,outputs/pdfs_full/생체공학전공__BNG3018__생체디지털공학.pdf,,36
H0002256,H0002567,생체공학전공,BNG3019,생체의광학,2017,1,2015/1 ~ 2018/2,생체공학전공(학부/서울),17.39,60.87,4.35,4.35,13.04,,,,,,,,4,14,1,1,3,,,,,,,,ok,outputs/pdfs_full/생체공학전공__BNG3019__생체의광학.pdf,,23
H0002256,H0002567,생체공학전공,BNG3020,생체공학연구실현장실습1,2025,1,2018/2 ~ 2025/2,생체공학전공(학부/서울),,,,,,,,,,100,,,,,,,,,,,,4,,,ok,outputs/pdfs_full/생체공학전공__BNG3020__생체공학연구실현장실습1.pdf,,4
H0002256,H0002567,생체공학전공,BNG3021,생체공학연구실현장실습2,2025,2,2018/2 ~ 2023/2,생체공학전공(학부/서울),,,,,,,,,,100,,,,,,,,,,,,2,,,ok,outputs/pdfs_full/생체공학전공__BNG3021__생체공학연구실현장실습2.pdf,,2
H0002256,H0002567,생체공학전공,BNG3022,생체공학연구실현장실습3,2026,1,2019/1 ~ 2026/2,생체공학전공(학부/서울),,,,,,,,,,100,,,,,,,,,,,,14,,,ok,outputs/pdfs_full/생체공학전공__BNG3022__생체공학연구실현장실습3.pdf,,14
H0002256,H0002567,생체공학전공,BNG3023,생체공학연구실현장실습4,2025,2,2018/2 ~ 2024/2,생체공학전공(학부/서울),,,,,,,,,,100,,,,,,,,,,,,14,,,ok,outputs/pdfs_full/생체공학전공__BNG3023__생체공학연구실현장실습4.pdf,,14
H0002256,H0002567,생체공학전공,BNG3024,고주파의료공학,2021,2,2019/1 ~ 2023/2,생체공학전공(학부/서울),100,,,,,,,,,,,,19,,,,,,,,,,,,ok,outputs/pdfs_full/생체공학전공__BNG3024__고주파의료공학.pdf,,19
H0002256,H0002567,생체공학전공,BNG3025,바이오포토닉스,2025,2,2022/1 ~ 2025/2,생체공학전공(학부/서울),38.46,30.77,23.08,,7.69,,,,,,,,5,4,3,,1,,,,,,,,ok,outputs/pdfs_full/생체공학전공__BNG3025__바이오포토닉스.pdf,,13
H0002256,H0004701,바이오메디컬공학전공,BNG3026,생체의역학및전자기적이해,2025,1,2025/1 ~ 2029/2,바이오메디컬공학전공,22.22,22.22,33.33,,11.11,11.11,,,,,,,2,2,3,,1,1,,,,,,,ok,outputs/pdfs_full/바이오메디컬공학전공__BNG3026__생체의역학및전자기적이해.pdf,,9
H0002256,H0002567,생체공학전공,BNG4004,생체시스템설계프로젝트,2025,2,2011/1 ~ 2023/2,생체공학전공(학부/서울),52.63,47.37,,,,,,,,,,,10,9,,,,,,,,,,,ok,outputs/pdfs_full/생체공학전공__BNG4004__생체시스템설계프로젝트.pdf,,19
H0002256,H0002567,생체공학전공,BNG4012,생체전자기학,2024,1,2012/1 ~ 2026/2,생체공학전공(학부/서울),70.73,24.39,,4.88,,,,,,,,,29,10,,2,,,,,,,,,ok,outputs/pdfs_full/생체공학전공__BNG4012__생체전자기학.pdf,,41
H0002256,H0002567,생체공학전공,BNG4013,의학영상기기,2026,1,2012/1 ~ 2025/2,생체공학전공(학부/서울),12,16,20,16,20,16,,,,,,,3,4,5,4,5,4,,,,,,,ok,outputs/pdfs_full/생체공학전공__BNG4013__의학영상기기.pdf,,25
H0002256,H0002567,생체공학전공,BNG4015,의료기기실무,2018,2,2012/1 ~ 2018/2,생체공학전공(학부/서울),40,60,,,,,,,,,,,2,3,,,,,,,,,,,ok,outputs/pdfs_full/생체공학전공__BNG4015__의료기기실무.pdf,,5
H0002256,H0002567,생체공학전공,BNG4016,의광학시스템,2017,2,2012/1 ~ 2021/1,생체공학전공(학부/서울),33.33,66.67,,,,,,,,,,,2,4,,,,,,,,,,,ok,outputs/pdfs_full/생체공학전공__BNG4016__의광학시스템.pdf,,6
H0002256,H0002567,생체공학전공,BNG4019,바이오메디컬종합설계1,2026,1,2013/1 ~ 2026/2,생체공학전공(학부/서울),81.82,18.18,,,,,,,,,,,27,6,,,,,,,,,,,ok,outputs/pdfs_full/생체공학전공__BNG4019__바이오메디컬종합설계1.pdf,,33
H0002256,H0002567,생체공학전공,BNG4020,바이오메디컬종합설계2,2025,2,2013/1 ~ 2024/2,생체공학전공(학부/서울),95,,5,,,,,,,,,,19,,1,,,,,,,,,,ok,outputs/pdfs_full/생체공학전공__BNG4020__바이오메디컬종합설계2.pdf,,20
H0002256,H0002567,생체공학전공,BNG4021,AI생체정보패턴인식,2025,1,2019/1 ~ 2026/2,생체공학전공(학부/서울),44.44,33.33,11.11,11.11,,,,,,,,,4,3,1,1,,,,,,,,,ok,outputs/pdfs_full/생체공학전공__BNG4021__AI생체정보패턴인식.pdf,,9
H0002256,H0002567,생체공학전공,BNG4022,의료기기,2025,2,2018/2 ~ 2024/2,생체공학전공(학부/서울),100,,,,,,,,,,,,16,,,,,,,,,,,,ok,outputs/pdfs_full/생체공학전공__BNG4022__의료기기.pdf,,16
H0002256,H0002567,생체공학전공,BNG4023,생체아날로그회로,2025,1,2023/1 ~ 2026/2,생체공학전공(학부/서울),20,13.33,33.33,,6.67,26.67,,,,,,,3,2,5,,1,4,,,,,,,ok,outputs/pdfs_full/생체공학전공__BNG4023__생체아날로그회로.pdf,,15
H0002256,H0002894,경영학부,BUS1003,재무회계1,2026,1,1997/1 ~ 2028/2,경영학부(학부/서울/경영),24.29,11.86,23.45,6.5,14.41,7.63,3.95,7.63,,,0.28,,86,42,83,23,51,27,14,27,,,1,,ok,outputs/pdfs_full/경영학부__BUS1003__재무회계1.pdf,,354
H0002256,H0002894,경영학부,BUS1004,재무회계2,2025,2,1998/1 ~ 2028/2,경영학부(학부/서울/경영),15.29,24.71,17.65,16.47,12.94,8.24,4.71,,,,,,13,21,15,14,11,7,4,,,,,,ok,outputs/pdfs_full/경영학부__BUS1004__재무회계2.pdf,,85
H0002256,H0002895,파이낸스경영학과,BUS1013,금융시장의이해,2025,2,2009/1 ~ 2028/2,파이낸스경영학과(학과/서울/경영),16.67,27.78,16.67,24.07,1.85,7.41,1.85,1.85,,,1.85,,9,15,9,13,1,4,1,1,,,1,,ok,outputs/pdfs_full/파이낸스경영학과__BUS1013__금융시장의이해.pdf,,54
H0002256,H0002894,경영학부,BUS1054,비즈니스트렌드,2022,1,2013/1 ~ 2022/2,경영학부(학부/서울/경영),38.3,,42.55,,19.15,,,,,,,,18,,20,,9,,,,,,,,ok,outputs/pdfs_full/경영학부__BUS1054__비즈니스트렌드.pdf,,47
H0002256,H0002895,파이낸스경영학과,BUS1055,기초재무관리,2015,2,2013/1 ~ 2015/2,파이낸스경영학과(학과/서울/경영),19.64,23.21,32.14,14.29,10.71,,,,,,,,11,13,18,8,6,,,,,,,,ok,outputs/pdfs_full/파이낸스경영학과__BUS1055__기초재무관리.pdf,,56
H0002256,H0002895,파이낸스경영학과,BUS1056,기초투자론,2015,2,2013/1 ~ 2015/2,파이낸스경영학과(학과/서울/경영),11.67,30,36.67,5,16.67,,,,,,,,7,18,22,3,10,,,,,,,,ok,outputs/pdfs_full/파이낸스경영학과__BUS1056__기초투자론.pdf,,60
H0002256,H0002894,경영학부,BUS1057,커리어디자인1,2025,2,2013/1 ~ 2027/2,경영학부(학부/서울/경영),74.42,17.73,3.2,2.33,0.58,0.29,0.58,0.87,,,,,256,61,11,8,2,1,2,3,,,,,ok,outputs/pdfs_full/경영학부__BUS1057__커리어디자인1.pdf,,344
H0002256,H0002894,경영학부,BUS1058,커리어디자인2,2015,2,2013/1 ~ 2015/2,경영학부(학부/서울/경영),74.85,9.76,5.62,4.44,1.48,1.78,1.78,0.3,,,,,253,33,19,15,5,6,6,1,,,,,ok,outputs/pdfs_full/경영학부__BUS1058__커리어디자인2.pdf,,338
H0002256,H0002894,경영학부,BUS1059,경영의이해,2026,1,2016/1 ~ 2027/2,경영학부(학부/서울/경영),37.68,26.35,23.15,10.34,1.72,0.74,,,,,,,153,107,94,42,7,3,,,,,,,ok,outputs/pdfs_full/경영학부__BUS1059__경영의이해.pdf,,406
H0002256,H0002894,경영학부,BUS1060,경제의이해,2026,1,2016/1 ~ 2027/2,경영학부(학부/서울/경영),43,25.5,15,10,5,0.5,0.5,0.5,,,,,86,51,30,20,10,1,1,1,,,,,ok,outputs/pdfs_full/경영학부__BUS1060__경제의이해.pdf,,200
H0002256,H0002894,경영학부,BUS1061,회계의이해,2025,2,2016/1 ~ 2027/2,경영학부(학부/서울/경영),24.89,16.74,21.59,11.45,13.22,6.17,4.63,1.32,,,,,113,76,98,52,60,28,21,6,,,,,ok,outputs/pdfs_full/경영학부__BUS1061__회계의이해.pdf,,454
H0002256,H0002894,경영학부,BUS1062,경영통계응용,2025,2,2016/1 ~ 2027/2,경영학부(학부/서울/경영),30.73,16.48,23.46,7.26,12.01,6.15,1.68,2.23,,,,,110,59,84,26,43,22,6,8,,,,,ok,outputs/pdfs_full/경영학부__BUS1062__경영통계응용.pdf,,358
H0002256,H0002895,파이낸스경영학과,BUS1063,금융수리통계,2025,2,2020/1 ~ 2028/2,파이낸스경영학과(학과/서울/경영),25.86,20.69,18.97,10.34,10.34,5.17,6.9,1.72,,,,,15,12,11,6,6,3,4,1,,,,,ok,outputs/pdfs_full/파이낸스경영학과__BUS1063__금융수리통계.pdf,,58
H0002256,H0002894,경영학부,BUS2002,계량경영,2025,2,1998/1 ~ 2029/2,경영학부(학부/서울/경영),56.44,,19.63,3.68,12.88,5.52,1.84,,,,,,92,,32,6,21,9,3,,,,,,ok,outputs/pdfs_full/경영학부__BUS2002__계량경영.pdf,,163
H0002256,H0002894,경영학부,BUS2003,마케팅관리,2026,1,1998/1 ~ 2027/2,경영학부(학부/서울/경영),39.2,17.6,22.4,2.4,8.8,2.4,2.4,3.2,,1.6,,,49,22,28,3,11,3,3,4,,2,,,ok,outputs/pdfs_full/경영학부__BUS2003__마케팅관리.pdf,,125
H0002256,H0002894,경영학부,BUS2022,재무제표분석,2026,1,1998/1 ~ 2030/2,경영학부(학부/서울/경영),27.59,32.76,24.14,15.52,,,,,,,,,16,19,14,9,,,,,,,,,ok,outputs/pdfs_full/경영학부__BUS2022__재무제표분석.pdf,,58
H0002256,H0002894,경영학부,BUS2025,비즈니스커뮤니케이션,2017,1,2009/1 ~ 2017/2,경영학부(학부/서울/경영),42.17,25.3,13.25,9.64,3.61,2.41,3.61,,,,,,35,21,11,8,3,2,3,,,,,,ok,outputs/pdfs_full/경영학부__BUS2025__비즈니스커뮤니케이션.pdf,,83
H0002256,H0002894,경영학부,BUS2034,오퍼레이션관리,2026,1,2002/1 ~ 2028/2,경영학부(학부/서울/경영),37.8,8.13,28.71,5.5,,,,,,,,,158,34,120,23,,,,,,,,,ok,outputs/pdfs_full/경영학부__BUS2034__오퍼레이션관리.pdf,,335
H0002256,H0002894,경영학부,BUS2035,글로벌기업관리론,2026,1,2002/1 ~ 2029/2,경영학부(학부/서울/경영),40.41,31.51,20.55,2.74,4.11,,,,,,0.68,,59,46,30,4,6,,,,,,1,,ok,outputs/pdfs_full/경영학부__BUS2035__글로벌기업관리론.pdf,,146
H0002256,H0002894,경영학부,BUS2036,제품.서비스관리론,2016,2,2002/1 ~ 2016/2,경영학부(학부/서울/경영),19.67,20.49,31.15,11.48,17.21,,,,,,,,24,25,38,14,21,,,,,,,,ok,outputs/pdfs_full/경영학부__BUS2036__제품.서비스관리론.pdf,,122
H0002256,H0002894,경영학부,BUS2042,인터넷과미래사회,2016,1,2010/1 ~ 2016/2,경영학부(학부/서울/경영),33.33,11.11,22.22,12.96,7.41,,3.7,9.26,,,,,18,6,12,7,4,,2,5,,,,,ok,outputs/pdfs_full/경영학부__BUS2042__인터넷과미래사회.pdf,,54
H0002256,H0002894,경영학부,BUS2062,인적자원및조직개발론,2025,2,2008/1 ~ 2030/2,경영학부(학부/서울/경영),32,21.6,32.8,2.4,10.4,,,,,,0.8,,40,27,41,3,13,,,,,,1,,ok,outputs/pdfs_full/경영학부__BUS2062__인적자원및조직개발론.pdf,,125
H0002256,H0002894,경영학부,BUS2063,세법개론,2026,1,2007/1 ~ 2029/2,경영학부(학부/서울/경영),19.32,20.45,20.45,17.05,12.5,6.82,,,,,3.41,,17,18,18,15,11,6,,,,,3,,ok,outputs/pdfs_full/경영학부__BUS2063__세법개론.pdf,,88
H0002256,H0002894,경영학부,BUS2064,비즈니스데이터개론,2026,1,2010/1 ~ 2028/2,경영학부(학부/서울/경영),66.67,33.33,,,,,,,,,,,4,2,,,,,,,,,,,ok,outputs/pdfs_full/경영학부__BUS2064__비즈니스데이터개론.pdf,,6
H0002256,H0002894,경영학부,BUS2065,기초경영통계,2016,1,2010/1 ~ 2016/2,경영학부(학부/서울/경영),23.98,18.88,32.65,6.12,10.71,2.55,1.53,1.53,,,,,47,37,64,12,21,5,3,3,,,,,ok,outputs/pdfs_full/경영학부__BUS2065__기초경영통계.pdf,,192
H0002256,H0002894,경영학부,BUS2066,고급경영통계,2016,2,2010/1 ~ 2016/2,경영학부(학부/서울/경영),32.14,8.93,32.14,8.93,16.07,1.79,,,,,,,18,5,18,5,9,1,,,,,,,ok,outputs/pdfs_full/경영학부__BUS2066__고급경영통계.pdf,,56
H0002256,H0002895,파이낸스경영학과,BUS2067,글로벌금융커뮤니케이션,2016,1,2011/1 ~ 2016/2,파이낸스경영학과(학과/서울/경영),29.41,64.71,5.88,,,,,,,,,,10,22,2,,,,,,,,,,ok,outputs/pdfs_full/파이낸스경영학과__BUS2067__글로벌금융커뮤니케이션.pdf,,34
H0002256,H0002894,경영학부,BUS2069,비즈니스커뮤니케이션전략,2016,2,2012/1 ~ 2016/2,경영학부(학부/서울/경영),45.54,34.65,13.86,2.97,1.98,0.99,,,,,,,46,35,14,3,2,1,,,,,,,ok,outputs/pdfs_full/경영학부__BUS2069__비즈니스커뮤니케이션전략.pdf,,101
H0002256,H0002894,경영학부,BUS2071,인터넷과e-비즈니스,2025,2,2017/1 ~ 2028/2,경영학부(학부/서울/경영),41.94,22.58,19.35,12.9,,,,3.23,,,,,13,7,6,4,,,,1,,,,,ok,outputs/pdfs_full/경영학부__BUS2071__인터넷과e-비즈니스.pdf,,31
H0002256,H0002895,파이낸스경영학과,BUS2072,미시경제이론,2026,1,2017/1 ~ 2028/2,파이낸스경영학과(학과/서울/경영),40.63,,42.19,,17.19,,,,,,,,26,,27,,11,,,,,,,,ok,outputs/pdfs_full/파이낸스경영학과__BUS2072__미시경제이론.pdf,,64
H0002256,H0002895,파이낸스경영학과,BUS2073,거시경제이론,2025,2,2017/1 ~ 2028/2,파이낸스경영학과(학과/서울/경영),32.08,9.43,39.62,,16.98,,,,,,1.89,,17,5,21,,9,,,,,,1,,ok,outputs/pdfs_full/파이낸스경영학과__BUS2073__거시경제이론.pdf,,53
H0002256,H0002894,경영학부,BUS2076,기업법개론,2025,2,2021/1 ~ 2028/2,경영학부(학부/서울/경영),41.3,,41.3,,17.39,,,,,,,,19,,19,,8,,,,,,,,ok,outputs/pdfs_full/경영학부__BUS2076__기업법개론.pdf,,46
H0002256,H0002867,정보시스템학과,BUS3002,재무관리,2026,1,2010/1 ~ 2028/2,정보시스템학과(학과/서울),30.28,21.1,13.76,13.76,7.34,6.42,1.83,1.83,,,3.67,,33,23,15,15,8,7,2,2,,,4,,ok,outputs/pdfs_full/정보시스템학과__BUS3002__재무관리.pdf,,109
H0002256,H0002894,경영학부,BUS3003,조직행동,2026,1,1998/1 ~ 2028/2,경영학부(학부/서울/경영),11.49,22.99,26.44,11.49,14.94,8.05,,3.45,,,1.15,,10,20,23,10,13,7,,3,,,1,,ok,outputs/pdfs_full/경영학부__BUS3003__조직행동.pdf,,87
H0002256,H0002894,경영학부,BUS3004,인사관리,2025,2,1999/1 ~ 2029/2,경영학부(학부/서울/경영),29.13,5.51,28.35,5.51,18.11,7.87,1.57,3.15,,,0.79,,37,7,36,7,23,10,2,4,,,1,,ok,outputs/pdfs_full/경영학부__BUS3004__인사관리.pdf,,127
H0002256,H0002894,경영학부,BUS3007,마케팅조사,2026,1,1999/1 ~ 2029/2,경영학부(학부/서울/경영),39.56,17.58,17.58,5.49,9.89,4.4,3.3,1.1,,1.1,,,36,16,16,5,9,4,3,1,,1,,,ok,outputs/pdfs_full/경영학부__BUS3007__마케팅조사.pdf,,91
H0002256,H0002867,정보시스템학과,BUS3009,국제경영,2025,2,2011/1 ~ 2021/2,정보시스템학과(학과/서울),49.56,15.16,18.66,6.41,7.58,1.17,0.58,,,0.87,,,170,52,64,22,26,4,2,,,3,,,ok,outputs/pdfs_full/정보시스템학과__BUS3009__국제경영.pdf,,343
H0002256,H0002894,경영학부,BUS3014,소비자행동,2026,1,1999/1 ~ 2028/2,경영학부(학부/서울/경영),23.26,19.77,26.74,13.95,4.65,,1.16,,,9.3,1.16,,20,17,23,12,4,,1,,,8,1,,ok,outputs/pdfs_full/경영학부__BUS3014__소비자행동.pdf,,86
H0002256,H0002894,경영학부,BUS3016,물류관리,2017,1,1999/1 ~ 2017/2,경영학부(학부/서울/경영),27.96,15.64,28.91,10.9,9.48,6.16,0.95,,,,,,59,33,61,23,20,13,2,,,,,,ok,outputs/pdfs_full/경영학부__BUS3016__물류관리.pdf,,211
H0002256,H0002894,경영학부,BUS3020,외환관리론,2018,2,1999/1 ~ 2017/2,경영학부(학부/서울/경영),36,40,16,4,,,4,,,,,,9,10,4,1,,,1,,,,,,ok,outputs/pdfs_full/경영학부__BUS3020__외환관리론.pdf,,25
H0002256,H0002894,경영학부,BUS3021,품질경영,2026,1,1999/1 ~ 2030/2,경영학부(학부/서울/경영),22.58,9.68,16.13,19.35,9.68,9.68,3.23,9.68,,,,,7,3,5,6,3,3,1,3,,,,,ok,outputs/pdfs_full/경영학부__BUS3021__품질경영.pdf,,31
H0002256,H0002894,경영학부,BUS3022,국제재무론,2026,1,1999/1 ~ 2029/2,경영학부(학부/서울/경영),18.87,38.68,15.09,11.32,8.49,3.77,3.77,,,,,,20,41,16,12,9,4,4,,,,,,ok,outputs/pdfs_full/경영학부__BUS3022__국제재무론.pdf,,106
H0002256,H0002894,경영학부,BUS3023,파생증권론,2025,2,1999/1 ~ 2029/2,경영학부(학부/서울/경영),35.9,23.08,20.51,7.69,6.41,5.13,,,,,1.28,,28,18,16,6,5,4,,,,,1,,ok,outputs/pdfs_full/경영학부__BUS3023__파생증권론.pdf,,78
H0002256,H0002894,경영학부,BUS3026,마케팅전략론,2026,1,2012/1 ~ 2030/2,경영학부(학부/서울/경영),19.35,30.11,13.98,15.05,6.45,10.75,3.23,1.08,,,,,18,28,13,14,6,10,3,1,,,,,ok,outputs/pdfs_full/경영학부__BUS3026__마케팅전략론.pdf,,93
H0002256,H0002894,경영학부,BUS3039,벤처창업론,2026,1,2003/1 ~ 2029/2,경영학부(학부/서울/경영),81.72,6.45,3.23,,5.38,3.23,,,,,,,76,6,3,,5,3,,,,,,,ok,outputs/pdfs_full/경영학부__BUS3039__벤처창업론.pdf,,93
H0002256,H0002894,경영학부,BUS3049,전략적마케팅커뮤니케이션,2025,2,2003/1 ~ 2029/2,경영학부(학부/서울/경영),33.82,29.41,7.35,27.94,,,,0.74,,,0.74,,46,40,10,38,,,,1,,,1,,ok,outputs/pdfs_full/경영학부__BUS3049__전략적마케팅커뮤니케이션.pdf,,136
H0002256,H0002894,경영학부,BUS3068,혁신전략론,2025,2,2011/1 ~ 2029/2,경영학부(학부/서울/경영),44.39,18.37,17.35,11.73,8.16,,,,,,,,87,36,34,23,16,,,,,,,,ok,outputs/pdfs_full/경영학부__BUS3068__혁신전략론.pdf,,196
H0002256,H0002894,경영학부,BUS3070,의료경영,2021,2,2009/1 ~ 2023/1,경영학부(학부/서울/경영),23.08,16.92,26.15,21.54,6.15,6.15,,,,,,,15,11,17,14,4,4,,,,,,,ok,outputs/pdfs_full/경영학부__BUS3070__의료경영.pdf,,65
H0002256,H0002894,경영학부,BUS3071,글로벌브랜드관리론,2026,1,2011/1 ~ 2030/2,경영학부(학부/서울/경영),70,21.43,7.14,,,0.71,0.71,,,,,,98,30,10,,,1,1,,,,,,ok,outputs/pdfs_full/경영학부__BUS3071__글로벌브랜드관리론.pdf,,140
H0002256,H0002894,경영학부,BUS3079,비즈니스경제학세미나,2017,1,2010/1 ~ 2017/2,경영학부(학부/서울/경영),30.16,42.86,19.05,7.94,,,,,,,,,19,27,12,5,,,,,,,,,ok,outputs/pdfs_full/경영학부__BUS3079__비즈니스경제학세미나.pdf,,63
H0002256,H0002894,경영학부,BUS3080,서비스마케팅,2026,1,2010/1 ~ 2029/2,경영학부(학부/서울/경영),18.07,36.14,20.48,12.05,7.23,4.82,1.2,,,,,,15,30,17,10,6,4,1,,,,,,ok,outputs/pdfs_full/경영학부__BUS3080__서비스마케팅.pdf,,83
H0002256,H0002895,파이낸스경영학과,BUS3082,기초금융데이터분석,2026,1,2011/1 ~ 2029/2,파이낸스경영학과(학과/서울/경영),42.31,32.69,15.38,1.92,3.85,,,3.85,,,,,22,17,8,1,2,,,2,,,,,ok,outputs/pdfs_full/파이낸스경영학과__BUS3082__기초금융데이터분석.pdf,,52
H0002256,H0002895,파이낸스경영학과,BUS3083,대체투자론,2026,1,2011/1 ~ 2030/2,파이낸스경영학과(학과/서울/경영),19.15,23.4,21.28,21.28,10.64,2.13,,,,,2.13,,9,11,10,10,5,1,,,,,1,,ok,outputs/pdfs_full/파이낸스경영학과__BUS3083__대체투자론.pdf,,47
H0002256,H0002894,경영학부,BUS3084,채권금융론,2025,2,2018/1 ~ 2030/2,경영학부(학부/서울/경영),37.29,32.2,13.56,10.17,3.39,3.39,,,,,,,22,19,8,6,2,2,,,,,,,ok,outputs/pdfs_full/경영학부__BUS3084__채권금융론.pdf,,59
H0002256,H0002895,파이낸스경영학과,BUS3085,마이크로파이낸스와소사업경영,2013,1,2011/1 ~ 2017/2,파이낸스경영학과(학과/서울/경영),77.78,13.89,2.78,2.78,2.78,,,,,,,,28,5,1,1,1,,,,,,,,ok,outputs/pdfs_full/파이낸스경영학과__BUS3085__마이크로파이낸스와소사업경영.pdf,,36
H0002256,H0002895,파이낸스경영학과,BUS3089,비즈니스데이터분석,2025,1,2011/1 ~ 2025/2,파이낸스경영학과(학과/서울/경영),38.46,,46.15,,15.38,,,,,,,,20,,24,,8,,,,,,,,ok,outputs/pdfs_full/파이낸스경영학과__BUS3089__비즈니스데이터분석.pdf,,52
H0002256,H0002894,경영학부,BUS3094,아시아경영및마케팅,2017,1,2012/1 ~ 2017/2,경영학부(학부/서울/경영),22.22,17.78,28.89,20,11.11,,,,,,,,20,16,26,18,10,,,,,,,,ok,outputs/pdfs_full/경영학부__BUS3094__아시아경영및마케팅.pdf,,90
H0002256,H0002895,파이낸스경영학과,BUS3095,재무사례연구,2025,2,2012/1 ~ 2030/2,파이낸스경영학과(학과/서울/경영),10.87,23.91,30.43,34.78,,,,,,,,,5,11,14,16,,,,,,,,,ok,outputs/pdfs_full/파이낸스경영학과__BUS3095__재무사례연구.pdf,,46
H0002256,H0002895,파이낸스경영학과,BUS3096,국제투자론,2016,2,2012/1 ~ 2017/2,파이낸스경영학과(학과/서울/경영),14.81,18.52,29.63,14.81,18.52,3.7,,,,,,,4,5,8,4,5,1,,,,,,,ok,outputs/pdfs_full/파이낸스경영학과__BUS3096__국제투자론.pdf,,27
H0002256,H0002895,파이낸스경영학과,BUS3097,보험재무,2012,2,2012/1 ~ 2017/2,파이낸스경영학과(학과/서울/경영),57.14,42.86,,,,,,,,,,,4,3,,,,,,,,,,,ok,outputs/pdfs_full/파이낸스경영학과__BUS3097__보험재무.pdf,,7
H0002256,H0002894,경영학부,BUS3099,경영데이터마이닝,2025,2,2015/1 ~ 2029/2,경영학부(학부/서울/경영),70.83,,8.33,12.5,4.17,,,,,,4.17,,17,,2,3,1,,,,,,1,,ok,outputs/pdfs_full/경영학부__BUS3099__경영데이터마이닝.pdf,,24
H0002256,H0002895,파이낸스경영학과,BUS3101,재무금융시계열분석,2025,2,2018/1 ~ 2029/2,파이낸스경영학과(학과/서울/경영),25,12.5,25,37.5,,,,,,,,,2,1,2,3,,,,,,,,,ok,outputs/pdfs_full/파이낸스경영학과__BUS3101__재무금융시계열분석.pdf,,8
H0002256,H0002894,경영학부,BUS3102,조직관리,2026,1,2018/1 ~ 2029/2,경영학부(학부/서울/경영),19.17,29.17,28.33,10,11.67,,,0.83,,,0.83,,23,35,34,12,14,,,1,,,1,,ok,outputs/pdfs_full/경영학부__BUS3102__조직관리.pdf,,120
H0002256,H0002894,경영학부,BUS3103,공급사슬경영과스마트로지스틱스,2026,1,2018/1 ~ 2029/2,경영학부(학부/서울/경영),33.47,13.31,30.24,6.05,11.29,2.82,2.02,,,,0.81,,83,33,75,15,28,7,5,,,,2,,ok,outputs/pdfs_full/경영학부__BUS3103__공급사슬경영과스마트로지스틱스.pdf,,248
H0002256,H0002895,파이낸스경영학과,BUS3104,기업가치평가,2026,1,2018/1 ~ 2029/2,파이낸스경영학과(학과/서울/경영),25.81,16.13,19.35,20.97,8.06,8.06,,,,,1.61,,16,10,12,13,5,5,,,,,1,,ok,outputs/pdfs_full/파이낸스경영학과__BUS3104__기업가치평가.pdf,,62
H0002256,H0002895,파이낸스경영학과,BUS3105,시장미시구조,2025,2,2018/1 ~ 2029/2,파이낸스경영학과(학과/서울/경영),11.11,33.33,22.22,27.78,,5.56,,,,,,,2,6,4,5,,1,,,,,,,ok,outputs/pdfs_full/파이낸스경영학과__BUS3105__시장미시구조.pdf,,18
H0002256,H0002894,경영학부,BUS3107,인공지능과비즈니스,2026,1,2017/1 ~ 2029/2,경영학부(학부/서울/경영),44.44,44.44,,,,,,,,,11.11,,4,4,,,,,,,,,1,,ok,outputs/pdfs_full/경영학부__BUS3107__인공지능과비즈니스.pdf,,9
H0002256,H0002894,경영학부,BUS3108,모바일비즈니스기획,2018,1,2017/1 ~ 2021/2,경영학부(학부/서울/경영),39.13,,41.3,,19.57,,,,,,,,18,,19,,9,,,,,,,,ok,outputs/pdfs_full/경영학부__BUS3108__모바일비즈니스기획.pdf,,46
H0002256,H0002894,경영학부,BUS3109,모바일비즈니스개발,2018,2,2017/1 ~ 2021/2,경영학부(학부/서울/경영),40.91,,43.18,,15.91,,,,,,,,18,,19,,7,,,,,,,,ok,outputs/pdfs_full/경영학부__BUS3109__모바일비즈니스개발.pdf,,44
H0002256,H0002895,파이낸스경영학과,BUS3110,변동성투자전략,2020,1,2018/1 ~ 2026/2,파이낸스경영학과(학과/서울/경영),55.56,,44.44,,,,,,,,,,5,,4,,,,,,,,,,ok,outputs/pdfs_full/파이낸스경영학과__BUS3110__변동성투자전략.pdf,,9
H0002256,H0002894,경영학부,BUS3112,경영대연구실현장실습2,2018,2,2018/2 ~ 2025/2,경영학부(학부/서울/경영),,,,,,,,,,100,,,,,,,,,,,,3,,,ok,outputs/pdfs_full/경영학부__BUS3112__경영대연구실현장실습2.pdf,,3
H0002256,H0002894,경영학부,BUS3113,아시아경영및마케팅,2023,2,2018/2 ~ 2023/2,경영학부(학부/서울/경영),85,13.33,1.67,,,,,,,,,,51,8,1,,,,,,,,,,ok,outputs/pdfs_full/경영학부__BUS3113__아시아경영및마케팅.pdf,,60
H0002256,H0002894,경영학부,BUS3114,협상과전략적커뮤니케이션,2025,1,2018/2 ~ 2029/2,경영학부(학부/서울/경영),66.67,33.33,,,,,,,,,,,4,2,,,,,,,,,,,ok,outputs/pdfs_full/경영학부__BUS3114__협상과전략적커뮤니케이션.pdf,,6
H0002256,H0002894,경영학부,BUS3115,비즈니스분석프로그래밍,2025,2,2022/1 ~ 2029/2,경영학부(학부/서울/경영),37.29,1.69,40.68,,20.34,,,,,,,,22,1,24,,12,,,,,,,,ok,outputs/pdfs_full/경영학부__BUS3115__비즈니스분석프로그래밍.pdf,,59
H0002256,H0002895,파이낸스경영학과,BUS3116,고급금융데이터분석,2026,1,2022/1 ~ 2029/2,파이낸스경영학과(학과/서울/경영),20,20,20,30,10,,,,,,,,2,2,2,3,1,,,,,,,,ok,outputs/pdfs_full/파이낸스경영학과__BUS3116__고급금융데이터분석.pdf,,10
H0002256,H0002894,경영학부,BUS3118,응용통계와데이터애널리틱스,2026,1,2024/1 ~ 2029/2,경영학부(학부/서울/경영),48.68,5.82,29.1,5.82,8.47,1.06,,,,1.06,,,92,11,55,11,16,2,,,,2,,,ok,outputs/pdfs_full/경영학부__BUS3118__응용통계와데이터애널리틱스.pdf,,189
H0002256,H0002894,경영학부,BUS3119,디지털마케팅전략,2025,2,2024/1 ~ 2029/2,경영학부(학부/서울/경영),42.86,19.64,21.43,,12.5,1.79,1.79,,,,,,24,11,12,,7,1,1,,,,,,ok,outputs/pdfs_full/경영학부__BUS3119__디지털마케팅전략.pdf,,56
H0002256,H0002894,경영학부,BUS3120,글로벌환경과호스피탈리티마케팅,2025,1,2024/2 ~ 2029/2,경영학부(학부/서울/경영),50,18,18,10,4,,,,,,,,25,9,9,5,2,,,,,,,,ok,outputs/pdfs_full/경영학부__BUS3120__글로벌환경과호스피탈리티마케팅.pdf,,50
H0002256,H0002894,경영학부,BUS4003,투자론,2026,1,1999/1 ~ 2029/2,경영학부(학부/서울/경영),39.38,24.38,11.25,12.5,6.88,3.75,,,,,1.88,,63,39,18,20,11,6,,,,,3,,ok,outputs/pdfs_full/경영학부__BUS4003__투자론.pdf,,160
H0002256,H0002894,경영학부,BUS4005,경영정보시스템,2026,1,1999/1 ~ 2028/2,경영학부(학부/서울/경영),47.16,17.05,17.05,8.81,5.68,2.27,,,,1.99,,,166,60,60,31,20,8,,,,7,,,ok,outputs/pdfs_full/경영학부__BUS4005__경영정보시스템.pdf,,352
H0002256,H0002894,경영학부,BUS4006,노사관계,2026,1,2000/1 ~ 2030/2,경영학부(학부/서울/경영),25.22,13.04,26.96,11.3,16.52,4.35,,,,,2.61,,29,15,31,13,19,5,,,,,3,,ok,outputs/pdfs_full/경영학부__BUS4006__노사관계.pdf,,115
H0002256,H0002894,경영학부,BUS4007,경영학특강,2026,1,2000/1 ~ 2030/2,경영학부(학부/서울/경영),31.43,40,28.57,,,,,,,,,,11,14,10,,,,,,,,,,ok,outputs/pdfs_full/경영학부__BUS4007__경영학특강.pdf,,35
H0002256,H0002894,경영학부,BUS4009,금융기관론,2026,1,2000/1 ~ 2030/2,경영학부(학부/서울/경영),28,14,24,18,10,6,,,,,,,14,7,12,9,5,3,,,,,,,ok,outputs/pdfs_full/경영학부__BUS4009__금융기관론.pdf,,50
H0002256,H0002894,경영학부,BUS4012,기업재무론,2026,1,2000/1 ~ 2029/2,경영학부(학부/서울/경영),31.25,9.38,26.56,15.63,17.19,,,,,,,,20,6,17,10,11,,,,,,,,ok,outputs/pdfs_full/경영학부__BUS4012__기업재무론.pdf,,64
H0002256,H0002894,경영학부,BUS4017,서비스운영관리,2025,2,2000/1 ~ 2028/2,경영학부(학부/서울/경영),25.81,17.97,17.97,11.98,4.61,9.68,7.83,3.69,,,0.46,,56,39,39,26,10,21,17,8,,,1,,ok,outputs/pdfs_full/경영학부__BUS4017__서비스운영관리.pdf,,217
H0002256,H0002894,경영학부,BUS4019,전략경영론,2026,1,2000/1 ~ 2028/2,경영학부(학부/서울/경영),26.91,25.21,25.5,7.93,9.07,1.98,1.7,1.42,,,0.28,,95,89,90,28,32,7,6,5,,,1,,ok,outputs/pdfs_full/경영학부__BUS4019__전략경영론.pdf,,353
H0002256,H0002894,경영학부,BUS4020,조직개발론,2022,2,2000/1 ~ 2026/2,경영학부(학부/서울/경영),27.59,13.79,37.93,17.24,3.45,,,,,,,,16,8,22,10,2,,,,,,,,ok,outputs/pdfs_full/경영학부__BUS4020__조직개발론.pdf,,58
H0002256,H0002894,경영학부,BUS4023,기업윤리,2018,2,2000/1 ~ 2018/2,경영학부(학부/서울/경영),20.29,17.39,7.25,23.19,2.9,14.49,5.8,8.7,,,,,14,12,5,16,2,10,4,6,,,,,ok,outputs/pdfs_full/경영학부__BUS4023__기업윤리.pdf,,69
H0002256,H0002894,경영학부,BUS4026,국제경영전략,2026,1,2000/1 ~ 2030/2,경영학부(학부/서울/경영),16,16,32,20,16,,,,,,,,4,4,8,5,4,,,,,,,,ok,outputs/pdfs_full/경영학부__BUS4026__국제경영전략.pdf,,25
H0002256,H0002894,경영학부,BUS4037,금융공학,2022,1,2000/1 ~ 2018/2,경영학부(학부/서울/경영),38.46,23.08,15.38,7.69,,7.69,,7.69,,,,,5,3,2,1,,1,,1,,,,,ok,outputs/pdfs_full/경영학부__BUS4037__금융공학.pdf,,13
H0002256,H0002867,정보시스템학과,BUS4041,창업론,2025,1,2012/1 ~ 2030/2,정보시스템학과(학과/서울),97.44,,1.28,1.28,,,,,,,,,76,,1,1,,,,,,,,,ok,outputs/pdfs_full/정보시스템학과__BUS4041__창업론.pdf,,78
H0002256,H0002894,경영학부,BUS4070,유통관리,2025,1,2004/1 ~ 2030/2,경영학부(학부/서울/경영),34.78,8.7,17.39,4.35,17.39,,17.39,,,,,,8,2,4,1,4,,4,,,,,,ok,outputs/pdfs_full/경영학부__BUS4070__유통관리.pdf,,23
H0002256,H0002894,경영학부,BUS4078,프로젝트경영,2025,1,2008/1 ~ 2030/2,경영학부(학부/서울/경영),45.93,13.82,18.29,16.26,2.44,2.03,0.81,0.41,,,,,113,34,45,40,6,5,2,1,,,,,ok,outputs/pdfs_full/경영학부__BUS4078__프로젝트경영.pdf,,246
H0002256,H0002894,경영학부,BUS4081,금융윤리,2026,1,2008/1 ~ 2017/2,경영학부(학부/서울/경영),42.42,,24.24,3.03,12.12,,6.06,12.12,,,,,14,,8,1,4,,2,4,,,,,ok,outputs/pdfs_full/경영학부__BUS4081__금융윤리.pdf,,33
H0002256,H0002894,경영학부,BUS4082,디지털비즈니스모델과전략,2026,1,2012/1 ~ 2030/2,경영학부(학부/서울/경영),19.28,34.94,28.92,16.87,,,,,,,,,16,29,24,14,,,,,,,,,ok,outputs/pdfs_full/경영학부__BUS4082__디지털비즈니스모델과전략.pdf,,83
H0002256,H0002894,경영학부,BUS4083,정보기술과데이터전략,2025,2,2012/1 ~ 2029/2,경영학부(학부/서울/경영),63.79,20.69,5.17,1.72,1.72,,1.72,,,,5.17,,37,12,3,1,1,,1,,,,3,,ok,outputs/pdfs_full/경영학부__BUS4083__정보기술과데이터전략.pdf,,58
H0002256,H0002894,경영학부,BUS4084,중국비즈니스전략,2025,2,2012/1 ~ 2030/2,경영학부(학부/서울/경영),82.76,13.79,,3.45,,,,,,,,,48,8,,2,,,,,,,,,ok,outputs/pdfs_full/경영학부__BUS4084__중국비즈니스전략.pdf,,58
H0002256,H0002894,경영학부,BUS4085,경쟁전략론,2025,2,2012/1 ~ 2029/2,경영학부(학부/서울/경영),56,12,10,16,2,2,,2,,,,,28,6,5,8,1,1,,1,,,,,ok,outputs/pdfs_full/경영학부__BUS4085__경쟁전략론.pdf,,50
H0002256,H0002894,경영학부,BUS4087,이비즈니스,2016,2,2011/1 ~ 2016/2,경영학부(학부/서울/경영),14.29,20.63,23.81,17.46,4.76,17.46,1.59,,,,,,9,13,15,11,3,11,1,,,,,,ok,outputs/pdfs_full/경영학부__BUS4087__이비즈니스.pdf,,63
H0002256,H0002894,경영학부,BUS4100,학부연구학점,2026,1,2014/1 ~ 2029/2,경영학부(학부/서울/경영),100,,,,,,,,,,,,2,,,,,,,,,,,,ok,outputs/pdfs_full/경영학부__BUS4100__학부연구학점.pdf,,2
H0002256,H0002894,경영학부,BUS4105,기업윤리와지속가능경영,2025,2,2019/1 ~ 2030/2,경영학부(학부/서울/경영),20,26.67,26.67,20,,,,,,,6.67,,3,4,4,3,,,,,,,1,,ok,outputs/pdfs_full/경영학부__BUS4105__기업윤리와지속가능경영.pdf,,15
H0002256,H0002894,경영학부,BUS4106,비즈니스실습,2023,1,2017/1 ~ 2023/1,경영학부(학부/서울/경영),12.5,45,27.5,7.5,7.5,,,,,,,,5,18,11,3,3,,,,,,,,ok,outputs/pdfs_full/경영학부__BUS4106__비즈니스실습.pdf,,40
H0002256,H0002894,경영학부,BUS4107,사회혁신실습,2023,2,2017/1 ~ 2023/2,경영학부(학부/서울/경영),100,,,,,,,,,,,,11,,,,,,,,,,,,ok,outputs/pdfs_full/경영학부__BUS4107__사회혁신실습.pdf,,11
H0002256,H0002894,경영학부,BUS4109,경영대연구실현장실습3,2021,1,2019/1 ~ 2026/2,경영학부(학부/서울/경영),,,,,,,,,,100,,,,,,,,,,,,2,,,ok,outputs/pdfs_full/경영학부__BUS4109__경영대연구실현장실습3.pdf,,2
H0002256,H0002894,경영학부,BUS4110,경영대연구실현장실습4,2021,2,2018/2 ~ 2026/2,경영학부(학부/서울/경영),,,,,,,,,,100,,,,,,,,,,,,2,,,ok,outputs/pdfs_full/경영학부__BUS4110__경영대연구실현장실습4.pdf,,2
H0002256,H0002895,파이낸스경영학과,BUS4111,보험과위험관리,2026,1,2023/1 ~ 2030/2,파이낸스경영학과(학과/서울/경영),30.16,36.51,19.05,7.94,4.76,1.59,,,,,,,19,23,12,5,3,1,,,,,,,ok,outputs/pdfs_full/파이낸스경영학과__BUS4111__보험과위험관리.pdf,,63
H0002256,H0002894,경영학부,BUS4113,비즈니스프로젝트학기,2026,1,2021/1 ~ 2030/2,경영학부(학부/서울/경영),95.83,4.17,,,,,,,,,,,23,1,,,,,,,,,,,ok,outputs/pdfs_full/경영학부__BUS4113__비즈니스프로젝트학기.pdf,,24
H0002256,H0002894,경영학부,BUS4114,보상관리론,2026,1,2023/1 ~ 2030/2,경영학부(학부/서울/경영),12.77,27.66,14.89,12.77,12.77,8.51,8.51,2.13,,,,,6,13,7,6,6,4,4,1,,,,,ok,outputs/pdfs_full/경영학부__BUS4114__보상관리론.pdf,,47
H0002256,H0002894,경영학부,BUS4116,회계데이터애널리틱스,2025,1,2024/1 ~ 2030/2,경영학부(학부/서울/경영),11.36,27.27,31.82,2.27,11.36,,6.82,9.09,,,,,5,12,14,1,5,,3,4,,,,,ok,outputs/pdfs_full/경영학부__BUS4116__회계데이터애널리틱스.pdf,,44
H0002256,H0002894,경영학부,BUS5000,전략적구매관리,2018,2,2012/1 ~ 2018/2,경영학부(학부/서울/경영),39.86,,37.84,2.03,14.19,5.41,0.68,,,,,,59,,56,3,21,8,1,,,,,,ok,outputs/pdfs_full/경영학부__BUS5000__전략적구매관리.pdf,,148
H0002256,H0002895,파이낸스경영학과,BUS5002,개인자산관리론,2018,1,2012/1 ~ 2018/2,파이낸스경영학과(학과/서울/경영),62.5,25,,12.5,,,,,,,,,10,4,,2,,,,,,,,,ok,outputs/pdfs_full/파이낸스경영학과__BUS5002__개인자산관리론.pdf,,16
H0002256,H0002895,파이낸스경영학과,BUS5003,금융공학실습,2018,2,2012/1 ~ 2018/2,파이낸스경영학과(학과/서울/경영),75,25,,,,,,,,,,,6,2,,,,,,,,,,,ok,outputs/pdfs_full/파이낸스경영학과__BUS5003__금융공학실습.pdf,,8
H0002256,H0002895,파이낸스경영학과,BUS5004,위험관리,2017,2,2012/1 ~ 2017/2,파이낸스경영학과(학과/서울/경영),16.67,25,25,,12.5,16.67,4.17,,,,,,4,6,6,,3,4,1,,,,,,ok,outputs/pdfs_full/파이낸스경영학과__BUS5004__위험관리.pdf,,24
H0002256,H0002895,파이낸스경영학과,BUS5005,행동재무론,2025,2,2012/1 ~ 2030/2,파이낸스경영학과(학과/서울/경영),36.36,27.27,21.82,7.27,3.64,,3.64,,,,,,20,15,12,4,2,,2,,,,,,ok,outputs/pdfs_full/파이낸스경영학과__BUS5005__행동재무론.pdf,,55
H0002256,H0002894,경영학부,BUS5007,고급투자론,2026,1,2018/1 ~ 2029/2,경영학부(학부/서울/경영),43.59,7.69,24.36,7.69,5.13,5.13,,5.13,,,1.28,,34,6,19,6,4,4,,4,,,1,,ok,outputs/pdfs_full/경영학부__BUS5007__고급투자론.pdf,,78
H0002256,H0002894,경영학부,BUS5009,지식경영과의사결정,2024,2,2015/1 ~ 2030/2,경영학부(학부/서울/경영),23.4,17.02,25.53,12.77,10.64,4.26,6.38,,,,,,11,8,12,6,5,2,3,,,,,,ok,outputs/pdfs_full/경영학부__BUS5009__지식경영과의사결정.pdf,,47
H0002256,H0002894,경영학부,BUS5011,ESG경영전략,2025,2,2013/1 ~ 2030/2,경영학부(학부/서울/경영),51.02,38.78,10.2,,,,,,,,,,25,19,5,,,,,,,,,,ok,outputs/pdfs_full/경영학부__BUS5011__ESG경영전략.pdf,,49
H0002256,H0002894,경영학부,BUS5012,마케팅조사2,2017,2,2013/1 ~ 2017/2,경영학부(학부/서울/경영),36.05,16.28,17.44,18.6,5.81,3.49,1.16,1.16,,,,,31,14,15,16,5,3,1,1,,,,,ok,outputs/pdfs_full/경영학부__BUS5012__마케팅조사2.pdf,,86
H0002256,H0002894,경영학부,BUS5013,글로벌기업가정신과창업,2018,1,2013/1 ~ 2022/2,경영학부(학부/서울/경영),96.36,1.82,1.82,,,,,,,,,,53,1,1,,,,,,,,,,ok,outputs/pdfs_full/경영학부__BUS5013__글로벌기업가정신과창업.pdf,,55
H0002256,H0002894,경영학부,BUS5014,IT컨설팅과프로세스혁신,2018,1,2016/1 ~ 2018/2,경영학부(학부/서울/경영),33.33,6.67,20,23.33,16.67,,,,,,,,10,2,6,7,5,,,,,,,,ok,outputs/pdfs_full/경영학부__BUS5014__IT컨설팅과프로세스혁신.pdf,,30
H0002256,H0002895,파이낸스경영학과,BUS5015,시사재무금융,2018,2,2016/1 ~ 2018/2,파이낸스경영학과(학과/서울/경영),37.5,31.25,18.75,12.5,,,,,,,,,6,5,3,2,,,,,,,,,ok,outputs/pdfs_full/파이낸스경영학과__BUS5015__시사재무금융.pdf,,16
H0002256,H0002894,경영학부,BUS5017,경영종합연구(캡스톤디자인),2026,1,2013/1 ~ 2030/2,경영학부(학부/서울/경영),75.56,8.89,13.33,,2.22,,,,,,,,34,4,6,,1,,,,,,,,ok,outputs/pdfs_full/경영학부__BUS5017__경영종합연구(캡스톤디자인).pdf,,45
H0002256,H0003583,의류학과,C-T1005,패션과색채,2025,1,2013/1 ~ 2025/2,의류학과,35.71,7.14,33.33,9.52,14.29,,,,,,,,15,3,14,4,6,,,,,,,,ok,outputs/pdfs_full/의류학과__C-T1005__패션과색채.pdf,,42
H0002256,H0003583,의류학과,C-T2013,패션디자인드로잉,2026,1,2013/1 ~ 2028/2,의류학과,20,10,30,,10,,,10,,,20,,2,1,3,,1,,,1,,,2,,ok,outputs/pdfs_full/의류학과__C-T2013__패션디자인드로잉.pdf,,10
H0002256,H0003583,의류학과,C-T2014,패션드로잉2,2016,2,2013/1 ~ 2016/2,의류학과,22.22,18.52,25.93,14.81,7.41,3.7,3.7,3.7,,,,,6,5,7,4,2,1,1,1,,,,,ok,outputs/pdfs_full/의류학과__C-T2014__패션드로잉2.pdf,,27
H0002256,H0003583,의류학과,C-T2020,패턴메이킹,2025,2,2013/1 ~ 2028/2,의류학과,40,,45.45,,10.91,1.82,,,,,1.82,,22,,25,,6,1,,,,,1,,ok,outputs/pdfs_full/의류학과__C-T2020__패턴메이킹.pdf,,55
H0002256,H0003583,의류학과,C-T2021,의복재료,2026,1,2013/1 ~ 2028/2,의류학과,7.94,12.7,20.63,19.05,30.16,3.17,4.76,,,1.59,,,5,8,13,12,19,2,3,,,1,,,ok,outputs/pdfs_full/의류학과__C-T2021__의복재료.pdf,,63
H0002256,H0003583,의류학과,C-T2022,염색가공과신소재,2025,2,2013/1 ~ 2028/2,의류학과,25.64,15.38,35.9,,20.51,,,,,,2.56,,10,6,14,,8,,,,,,1,,ok,outputs/pdfs_full/의류학과__C-T2022__염색가공과신소재.pdf,,39
H0002256,H0003583,의류학과,C-T2023,디자인문화와패션,2025,1,2013/1 ~ 2028/2,의류학과,36.84,1.32,42.11,,18.42,,,,,1.32,,,28,1,32,,14,,,,,1,,,ok,outputs/pdfs_full/의류학과__C-T2023__디자인문화와패션.pdf,,76
H0002256,H0003583,의류학과,C-T2024,패턴메이킹2,2014,2,2013/1 ~ 2016/2,의류학과,11.11,25,41.67,11.11,11.11,,,,,,,,4,9,15,4,4,,,,,,,,ok,outputs/pdfs_full/의류학과__C-T2024__패턴메이킹2.pdf,,36
H0002256,H0003583,의류학과,C-T2025,기초의복구성,2026,1,2013/1 ~ 2028/2,의류학과,26.67,13.33,,6.67,20,6.67,,,,26.67,,,4,2,,1,3,1,,,,4,,,ok,outputs/pdfs_full/의류학과__C-T2025__기초의복구성.pdf,,15
H0002256,H0003583,의류학과,C-T2026,의류학전공용어,2013,1,2013/1 ~ 2016/2,의류학과,30,30,30,10,,,,,,,,,3,3,3,1,,,,,,,,,ok,outputs/pdfs_full/의류학과__C-T2026__의류학전공용어.pdf,,10
H0002256,H0003583,의류학과,C-T3001,서양복식사,2026,1,2013/1 ~ 2028/2,의류학과,22.86,11.43,28.57,11.43,20,,,,,5.71,,,8,4,10,4,7,,,,,2,,,ok,outputs/pdfs_full/의류학과__C-T3001__서양복식사.pdf,,35
H0002256,H0003583,의류학과,C-T3025,한국복식사,2017,2,2013/1 ~ 2017/2,의류학과,20,15,22.5,22.5,20,,,,,,,,8,6,9,9,8,,,,,,,,ok,outputs/pdfs_full/의류학과__C-T3025__한국복식사.pdf,,40
H0002256,H0003583,의류학과,C-T3027,의복구성,2025,1,2013/1 ~ 2029/2,의류학과,32.56,2.33,44.19,2.33,18.6,,,,,,,,14,1,19,1,8,,,,,,,,ok,outputs/pdfs_full/의류학과__C-T3027__의복구성.pdf,,43
H0002256,H0003583,의류학과,C-T3028,의복제작실무,2021,1,2013/1 ~ 2021/2,의류학과,41.94,25.81,16.13,12.9,3.23,,,,,,,,13,8,5,4,1,,,,,,,,ok,outputs/pdfs_full/의류학과__C-T3028__의복제작실무.pdf,,31
H0002256,H0003583,의류학과,C-T3029,드레이핑,2026,1,2013/1 ~ 2028/2,의류학과,31.82,9.09,31.82,6.82,15.91,2.27,2.27,,,,,,14,4,14,3,7,1,1,,,,,,ok,outputs/pdfs_full/의류학과__C-T3029__드레이핑.pdf,,44
H0002256,H0003583,의류학과,C-T3030,드레이핑2,2015,1,2013/1 ~ 2017/2,의류학과,23.81,33.33,28.57,9.52,4.76,,,,,,,,5,7,6,2,1,,,,,,,,ok,outputs/pdfs_full/의류학과__C-T3030__드레이핑2.pdf,,21
H0002256,H0003583,의류학과,C-T3033,한국전통복식,2026,1,2013/1 ~ 2029/2,의류학과,12.5,25,29.17,16.67,12.5,4.17,,,,,,,3,6,7,4,3,1,,,,,,,ok,outputs/pdfs_full/의류학과__C-T3033__한국전통복식.pdf,,24
H0002256,H0003583,의류학과,C-T3034,패션디자인스튜디오,2026,1,2013/1 ~ 2029/2,의류학과,27.27,45.45,18.18,9.09,,,,,,,,,3,5,2,1,,,,,,,,,ok,outputs/pdfs_full/의류학과__C-T3034__패션디자인스튜디오.pdf,,11
H0002256,H0003583,의류학과,C-T3035,의류소재기획,2026,1,2013/1 ~ 2029/2,의류학과,30,33.33,20,13.33,3.33,,,,,,,,9,10,6,4,1,,,,,,,,ok,outputs/pdfs_full/의류학과__C-T3035__의류소재기획.pdf,,30
H0002256,H0003583,의류학과,C-T3036,패션디자인스튜디오2,2025,1,2013/1 ~ 2029/2,의류학과,73.33,20,,6.67,,,,,,,,,11,3,,1,,,,,,,,,ok,outputs/pdfs_full/의류학과__C-T3036__패션디자인스튜디오2.pdf,,15
H0002256,H0003583,의류학과,C-T3037,패션사회심리,2026,1,2013/1 ~ 2028/2,의류학과,26.79,14.29,28.57,12.5,17.86,,,,,,,,15,8,16,7,10,,,,,,,,ok,outputs/pdfs_full/의류학과__C-T3037__패션사회심리.pdf,,56
H0002256,H0003583,의류학과,C-T3038,의류산업세미나,2019,1,2013/1 ~ 2026/2,의류학과,19.05,14.29,23.81,19.05,23.81,,,,,,,,4,3,5,4,5,,,,,,,,ok,outputs/pdfs_full/의류학과__C-T3038__의류산업세미나.pdf,,21
H0002256,H0003583,의류학과,C-T3041,남성복구성,2015,1,2013/1 ~ 2017/2,의류학과,17.14,22.86,42.86,,17.14,,,,,,,,6,8,15,,6,,,,,,,,ok,outputs/pdfs_full/의류학과__C-T3041__남성복구성.pdf,,35
H0002256,H0003583,의류학과,C-T3043,의류캡스톤디자인,2022,2,2013/1 ~ 2022/2,의류학과,100,,,,,,,,,,,,14,,,,,,,,,,,,ok,outputs/pdfs_full/의류학과__C-T3043__의류캡스톤디자인.pdf,,14
H0002256,H0003583,의류학과,C-T3044,테크니컬디자인,2025,2,2015/1 ~ 2029/2,의류학과,40,,40,,20,,,,,,,,10,,10,,5,,,,,,,,ok,outputs/pdfs_full/의류학과__C-T3044__테크니컬디자인.pdf,,25
H0002256,H0003583,의류학과,C-T3045,디지털패션콘텐츠개발,2025,2,2019/2 ~ 2029/2,의류학과,52.94,26.47,17.65,2.94,,,,,,,,,18,9,6,1,,,,,,,,,ok,outputs/pdfs_full/의류학과__C-T3045__디지털패션콘텐츠개발.pdf,,34
H0002256,H0003583,의류학과,C-T3046,버츄얼패션콘텐츠개발,2026,1,2020/1 ~ 2030/2,의류학과,77.78,11.11,3.7,7.41,,,,,,,,,21,3,1,2,,,,,,,,,ok,outputs/pdfs_full/의류학과__C-T3046__버츄얼패션콘텐츠개발.pdf,,27
H0002256,H0003583,의류학과,C-T3047,의류학과연구실현장실습1,2021,1,2021/1 ~ 2025/2,의류학과,,,,,,,,,,100,,,,,,,,,,,,3,,,ok,outputs/pdfs_full/의류학과__C-T3047__의류학과연구실현장실습1.pdf,,3
H0002256,H0003583,의류학과,C-T3048,지능형텍스타일소재,2025,2,2022/1 ~ 2029/2,의류학과,81.82,9.09,4.55,,4.55,,,,,,,,18,2,1,,1,,,,,,,,ok,outputs/pdfs_full/의류학과__C-T3048__지능형텍스타일소재.pdf,,22
H0002256,H0003583,의류학과,C-T3049,스마트휴먼테크의류,2025,1,2022/1 ~ 2029/2,의류학과,41.38,34.48,10.34,13.79,,,,,,,,,12,10,3,4,,,,,,,,,ok,outputs/pdfs_full/의류학과__C-T3049__스마트휴먼테크의류.pdf,,29
H0002256,H0003583,의류학과,C-T3050,패션리테일어낼리틱스,2025,2,2021/2 ~ 2029/2,의류학과,38.46,,38.46,,7.69,,7.69,,,,7.69,,10,,10,,2,,2,,,,2,,ok,outputs/pdfs_full/의류학과__C-T3050__패션리테일어낼리틱스.pdf,,26
H0002256,H0003583,의류학과,C-T3051,비주얼커뮤니케이션&머천다이징,2026,1,2022/1 ~ 2029/2,의류학과,38.71,19.35,25.81,12.9,3.23,,,,,,,,12,6,8,4,1,,,,,,,,ok,outputs/pdfs_full/의류학과__C-T3051__비주얼커뮤니케이션&머천다이징.pdf,,31
H0002256,H0003583,의류학과,C-T4024,패션마케팅과브랜딩,2025,2,2013/1 ~ 2028/2,의류학과,47.89,18.31,15.49,4.23,5.63,4.23,4.23,,,,,,34,13,11,3,4,3,3,,,,,,ok,outputs/pdfs_full/의류학과__C-T4024__패션마케팅과브랜딩.pdf,,71
H0002256,H0003583,의류학과,C-T4025,의복과환경,2025,2,2013/1 ~ 2030/2,의류학과,68.42,21.05,,5.26,,5.26,,,,,,,13,4,,1,,1,,,,,,,ok,outputs/pdfs_full/의류학과__C-T4025__의복과환경.pdf,,19
H0002256,H0003583,의류학과,C-T4031,패션문화데이터마이닝연구(종합설계),2026,1,2013/1 ~ 2030/2,의류학과,100,,,,,,,,,,,,24,,,,,,,,,,,,ok,outputs/pdfs_full/의류학과__C-T4031__패션문화데이터마이닝연구(종합설계).pdf,,24
H0002256,H0003583,의류학과,C-T4032,캡스톤디자인스튜디오,2026,1,2013/1 ~ 2030/2,의류학과,52.17,17.39,21.74,4.35,4.35,,,,,,,,12,4,5,1,1,,,,,,,,ok,outputs/pdfs_full/의류학과__C-T4032__캡스톤디자인스튜디오.pdf,,23
H0002256,H0003583,의류학과,C-T4033,패션유통론,2026,1,2013/1 ~ 2029/2,의류학과,17.5,20,20,10,7.5,5,7.5,10,,,2.5,,7,8,8,4,3,2,3,4,,,1,,ok,outputs/pdfs_full/의류학과__C-T4033__패션유통론.pdf,,40
H0002256,H0003583,의류학과,C-T4034,의류제품분석및평가,2025,2,2013/1 ~ 2029/2,의류학과,36.84,,5.26,36.84,5.26,10.53,,5.26,,,,,7,,1,7,1,2,,1,,,,,ok,outputs/pdfs_full/의류학과__C-T4034__의류제품분석및평가.pdf,,19
H0002256,H0003583,의류학과,C-T4035,의류업체인턴쉽,2016,2,2013/1 ~ 2022/2,의류학과,100,,,,,,,,,,,,10,,,,,,,,,,,,ok,outputs/pdfs_full/의류학과__C-T4035__의류업체인턴쉽.pdf,,10
H0002256,H0003583,의류학과,C-T4036,글로벌패션산업,2025,2,2013/1 ~ 2029/2,의류학과,37.04,14.81,14.81,22.22,11.11,,,,,,,,10,4,4,6,3,,,,,,,,ok,outputs/pdfs_full/의류학과__C-T4036__글로벌패션산업.pdf,,27
H0002256,H0003583,의류학과,C-T4037,패션과미디어,2025,1,2016/2 ~ 2030/2,의류학과,66.67,33.33,,,,,,,,,,,4,2,,,,,,,,,,,ok,outputs/pdfs_full/의류학과__C-T4037__패션과미디어.pdf,,6
H0002256,H0003583,의류학과,C-T4038,의류프로젝트,2019,1,2016/1 ~ 2026/2,의류학과,76.47,17.65,5.88,,,,,,,,,,13,3,1,,,,,,,,,,ok,outputs/pdfs_full/의류학과__C-T4038__의류프로젝트.pdf,,17
H0002256,H0003583,의류학과,C-T4040,패션창업,2021,2,2016/2 ~ 2022/2,의류학과,60,10,30,,,,,,,,,,6,1,3,,,,,,,,,,ok,outputs/pdfs_full/의류학과__C-T4040__패션창업.pdf,,10
H0002256,H0003583,의류학과,C-T4042,의류학과연구실현장실습4,2025,2,2021/2 ~ 2026/2,의류학과,,,,,,,,,,100,,,,,,,,,,,,3,,,ok,outputs/pdfs_full/의류학과__C-T4042__의류학과연구실현장실습4.pdf,,3
H0002256,H0003583,의류학과,C-T4043,패션미디어와스토리텔링,2026,1,2026/1 ~ 2030/2,의류학과,35.71,28.57,28.57,7.14,,,,,,,,,5,4,4,1,,,,,,,,,ok,outputs/pdfs_full/의류학과__C-T4043__패션미디어와스토리텔링.pdf,,14
H0002256,H0002950,중국경제통상전공,CEC0001,중국경제론,2024,2,2006/1 ~ 2028/2,중국경제통상전공,42.11,,36.84,,21.05,,,,,,,,8,,7,,4,,,,,,,,ok,outputs/pdfs_full/중국경제통상전공__CEC0001__중국경제론.pdf,,19
H0002256,H0002950,중국경제통상전공,CEC0002,현대중국사회의이해,2025,2,2006/1 ~ 2028/2,중국경제통상전공,33.33,6.67,46.67,,13.33,,,,,,,,5,1,7,,2,,,,,,,,ok,outputs/pdfs_full/중국경제통상전공__CEC0002__현대중국사회의이해.pdf,,15
H0002256,H0002950,중국경제통상전공,CEC0003,중국경제통상법,2021,2,2006/1 ~ 2023/1,중국경제통상전공,27.78,12.96,33.33,18.52,7.41,,,,,,,,15,7,18,10,4,,,,,,,,ok,outputs/pdfs_full/중국경제통상전공__CEC0003__중국경제통상법.pdf,,54
H0002256,H0002950,중국경제통상전공,CEC0006,중국지적재산법,2020,1,2007/1 ~ 2021/2,중국경제통상전공,15.22,21.74,23.91,36.96,2.17,,,,,,,,7,10,11,17,1,,,,,,,,ok,outputs/pdfs_full/중국경제통상전공__CEC0006__중국지적재산법.pdf,,46
H0002256,H0002950,중국경제통상전공,CEC0007,중국세무회계,2017,2,2007/1 ~ 2021/2,중국경제통상전공,16.67,25,33.33,4.17,16.67,4.17,,,,,,,4,6,8,1,4,1,,,,,,,ok,outputs/pdfs_full/중국경제통상전공__CEC0007__중국세무회계.pdf,,24
H0002256,H0002950,중국경제통상전공,CEC0008,중국의권력구조와정부조직,2025,1,2006/1 ~ 2028/2,중국경제통상전공,5,30,35,5,15,5,,5,,,,,1,6,7,1,3,1,,1,,,,,ok,outputs/pdfs_full/중국경제통상전공__CEC0008__중국의권력구조와정부조직.pdf,,20
H0002256,H0002950,중국경제통상전공,CEC0009,중국금융시장의이해,2022,2,2006/1 ~ 2028/2,중국경제통상전공,33.33,7.69,46.15,12.82,,,,,,,,,13,3,18,5,,,,,,,,,ok,outputs/pdfs_full/중국경제통상전공__CEC0009__중국금융시장의이해.pdf,,39
H0002256,H0002950,중국경제통상전공,CEC0012,중국통상실무,2026,1,2009/1 ~ 2029/2,중국경제통상전공,45.45,,54.55,,,,,,,,,,5,,6,,,,,,,,,,ok,outputs/pdfs_full/중국경제통상전공__CEC0012__중국통상실무.pdf,,11
H0002256,H0002950,중국경제통상전공,CEC0013,무역중국어,2025,2,2009/1 ~ 2029/2,중국경제통상전공,86.67,13.33,,,,,,,,,,,13,2,,,,,,,,,,,ok,outputs/pdfs_full/중국경제통상전공__CEC0013__무역중국어.pdf,,15
H0002256,H0002950,중국경제통상전공,CEC0014,중국지역경제의이해,2023,2,2018/1 ~ 2029/2,중국경제통상전공,32,8,48,12,,,,,,,,,8,2,12,3,,,,,,,,,ok,outputs/pdfs_full/중국경제통상전공__CEC0014__중국지역경제의이해.pdf,,25
H0002256,H0002950,중국경제통상전공,CEC0015,4차산업혁명과중국혁신기업,2021,1,2021/1 ~ 2023/1,중국경제통상전공,40.91,,27.27,18.18,4.55,9.09,,,,,,,9,,6,4,1,2,,,,,,,ok,outputs/pdfs_full/중국경제통상전공__CEC0015__4차산업혁명과중국혁신기업.pdf,,22
H0002256,H0002950,중국경제통상전공,CEC0016,중국문화콘텐츠의이해,2025,2,2020/2 ~ 2028/2,중국경제통상전공,33.33,8.33,33.33,4.17,12.5,4.17,4.17,,,,,,8,2,8,1,3,1,1,,,,,,ok,outputs/pdfs_full/중국경제통상전공__CEC0016__중국문화콘텐츠의이해.pdf,,24
H0002256,H0002950,중국경제통상전공,CEC0017,중국전통인재론과리더십,2025,2,2020/2 ~ 2029/2,중국경제통상전공,27.78,16.67,38.89,,16.67,,,,,,,,5,3,7,,3,,,,,,,,ok,outputs/pdfs_full/중국경제통상전공__CEC0017__중국전통인재론과리더십.pdf,,18
H0002256,H0002950,중국경제통상전공,CEC0018,중국외교정책론,2025,2,2020/2 ~ 2029/2,중국경제통상전공,21.43,14.29,28.57,28.57,,,,,,,7.14,,3,2,4,4,,,,,,,1,,ok,outputs/pdfs_full/중국경제통상전공__CEC0018__중국외교정책론.pdf,,14
H0002256,H0002950,중국경제통상전공,CEC0019,영상으로이해하는중국사회문화,2026,1,2021/1 ~ 2029/2,중국경제통상전공,37.5,3.13,37.5,3.13,18.75,,,,,,,,12,1,12,1,6,,,,,,,,ok,outputs/pdfs_full/중국경제통상전공__CEC0019__영상으로이해하는중국사회문화.pdf,,32
H0002256,H0002950,중국경제통상전공,CEC0020,중국기업의이해,2025,2,2021/2 ~ 2029/2,중국경제통상전공,23.08,15.38,30.77,11.54,15.38,3.85,,,,,,,6,4,8,3,4,1,,,,,,,ok,outputs/pdfs_full/중국경제통상전공__CEC0020__중국기업의이해.pdf,,26
H0002256,H0002950,중국경제통상전공,CEC2001,거시경제학입문,2025,2,2023/2 ~ 2028/2,중국경제통상전공,44.83,24.14,27.59,,,,,,,,3.45,,13,7,8,,,,,,,,1,,ok,outputs/pdfs_full/중국경제통상전공__CEC2001__거시경제학입문.pdf,,29
H0002256,H0002950,중국경제통상전공,CEC2002,미시경제학입문,2026,1,2023/2 ~ 2028/2,중국경제통상전공,50,15,15,15,,,,,,,5,,10,3,3,3,,,,,,,1,,ok,outputs/pdfs_full/중국경제통상전공__CEC2002__미시경제학입문.pdf,,20
H0002256,H0002950,중국경제통상전공,CEC3000,중국기업의이해2,2026,1,2022/1 ~ 2029/2,중국경제통상전공,12,32,28,12,8,,,,,,8,,3,8,7,3,2,,,,,,2,,ok,outputs/pdfs_full/중국경제통상전공__CEC3000__중국기업의이해2.pdf,,25
H0002256,H0002950,중국경제통상전공,CEC3001,중국사회현안세미나,2025,2,2023/2 ~ 2029/2,중국경제통상전공,34.29,37.14,17.14,5.71,2.86,,,,,,2.86,,12,13,6,2,1,,,,,,1,,ok,outputs/pdfs_full/중국경제통상전공__CEC3001__중국사회현안세미나.pdf,,35
H0002256,H0002950,중국경제통상전공,CEC4001,중국산업론,2025,2,2023/2 ~ 2029/2,중국경제통상전공,13.64,22.73,31.82,9.09,18.18,,,,,,4.55,,3,5,7,2,4,,,,,,1,,ok,outputs/pdfs_full/중국경제통상전공__CEC4001__중국산업론.pdf,,22
H0002256,H0002718,교육학과,CED1004,세계시민교육론,2024,2,2016/1 ~ 2024/2,교육학과(학부/서울),28.57,0.84,35.29,5.88,29.41,,,,,,,,34,1,42,7,35,,,,,,,,ok,outputs/pdfs_full/교육학과__CED1004__세계시민교육론.pdf,,119
H0002256,H0002718,교육학과,CED2012,교육학교과교육론,2025,2,2010/1 ~ 2028/2,교육학과(학부/서울),93.02,6.98,,,,,,,,,,,40,3,,,,,,,,,,,ok,outputs/pdfs_full/교육학과__CED2012__교육학교과교육론.pdf,,43
H0002256,H0002256,서울 대학,CHE1018,기초생물학,2012,1,2009/1 ~ 2027/2,대학(학부/서울),47.22,38.89,5.56,2.78,2.78,2.78,,,,,,,17,14,2,1,1,1,,,,,,,ok,outputs/pdfs_seoul_university/서울_대학__CHE1018__기초생물학.pdf,,36
H0002256,H0002560,자원환경공학과,CHE3007,환경화학,2025,2,2023/2 ~ 2025/2,자원환경공학과(학부/서울),23.08,23.08,38.46,15.38,,,,,,,,,3,3,5,2,,,,,,,,,ok,outputs/pdfs_full/자원환경공학과__CHE3007__환경화학.pdf,,13
H0002256,H0002809,중어중문학과,CHI1003,중국문화개설,2017,1,1989/1 ~ 2016/2,중어중문학(학부/서울),29.41,7.84,43.14,,15.69,3.92,,,,,,,15,4,22,,8,2,,,,,,,ok,outputs/pdfs_full/중어중문학과__CHI1003__중국문화개설.pdf,,51
H0002256,H0002809,중어중문학과,CHI1034,현대중국의정치경제,2019,1,2008/1 ~ 2019/2,중어중문학(학부/서울),36.51,6.35,30.16,7.94,19.05,,,,,,,,23,4,19,5,12,,,,,,,,ok,outputs/pdfs_full/중어중문학과__CHI1034__현대중국의정치경제.pdf,,63
H0002256,H0002809,중어중문학과,CHI1035,중국어입문2,2025,2,2008/1 ~ 2027/2,중어중문학(학부/서울),38.89,13.89,22.22,13.89,8.33,2.78,,,,,,,14,5,8,5,3,1,,,,,,,ok,outputs/pdfs_full/중어중문학과__CHI1035__중국어입문2.pdf,,36
H0002256,H0002814,사학과,CHI1036,기초한문,2015,1,2008/1 ~ 2015/2,사학(학부-인문과/서울),19.35,9.68,32.26,9.68,22.58,6.45,,,,,,,6,3,10,3,7,2,,,,,,,ok,outputs/pdfs_full/사학과__CHI1036__기초한문.pdf,,31
H0002256,H0002809,중어중문학과,CHI1037,중국어입문1,2026,1,2008/1 ~ 2027/2,중어중문학(학부/서울),42.86,25.4,12.7,6.35,3.17,6.35,1.59,1.59,,,,,27,16,8,4,2,4,1,1,,,,,ok,outputs/pdfs_full/중어중문학과__CHI1037__중국어입문1.pdf,,63
H0002256,H0002809,중어중문학과,CHI1038,중국어듣기와말하기,2015,2,2008/1 ~ 2015/2,중어중문학(학부/서울),54.72,16.98,16.98,1.89,7.55,1.89,,,,,,,29,9,9,1,4,1,,,,,,,ok,outputs/pdfs_full/중어중문학과__CHI1038__중국어듣기와말하기.pdf,,53
H0002256,H0002809,중어중문학과,CHI1039,중국어읽기와쓰기,2015,2,2008/1 ~ 2015/2,중어중문학(학부/서울),32.69,40.38,15.38,9.62,,1.92,,,,,,,17,21,8,5,,1,,,,,,,ok,outputs/pdfs_full/중어중문학과__CHI1039__중국어읽기와쓰기.pdf,,52
H0002256,H0002809,중어중문학과,CHI1046,한자한문의이해,2025,1,2016/1 ~ 2025/2,중어중문학(학부/서울),24.56,17.54,28.07,14.04,10.53,5.26,,,,,,,14,10,16,8,6,3,,,,,,,ok,outputs/pdfs_full/중어중문학과__CHI1046__한자한문의이해.pdf,,57
H0002256,H0002809,중어중문학과,CHI1047,중국어학산책,2023,2,2016/1 ~ 2023/2,중어중문학(학부/서울),25,16.67,25,25,8.33,,,,,,,,15,10,15,15,5,,,,,,,,ok,outputs/pdfs_full/중어중문학과__CHI1047__중국어학산책.pdf,,60
H0002256,H0002809,중어중문학과,CHI1052,중국의역사와사상,2025,1,2020/1 ~ 2028/2,중어중문학(학부/서울),30.51,13.56,42.37,,13.56,,,,,,,,18,8,25,,8,,,,,,,,ok,outputs/pdfs_full/중어중문학과__CHI1052__중국의역사와사상.pdf,,59
H0002256,H0002809,중어중문학과,CHI2045,현대중국어법,2013,2,2006/1 ~ 2013/2,중어중문학(학부/서울),45.1,29.41,13.73,9.8,,1.96,,,,,,,23,15,7,5,,1,,,,,,,ok,outputs/pdfs_full/중어중문학과__CHI2045__현대중국어법.pdf,,51
H0002256,H0002809,중어중문학과,CHI2046,중국고대문학의이해,2026,1,2006/1 ~ 2028/2,중어중문학(학부/서울),46.67,,40,,6.67,,,,,,6.67,,7,,6,,1,,,,,,1,,ok,outputs/pdfs_full/중어중문학과__CHI2046__중국고대문학의이해.pdf,,15
H0002256,H0002809,중어중문학과,CHI2048,사마천의사기와현대사회,2025,1,2006/1 ~ 2028/2,중어중문학(학부/서울),37.5,,43.75,,18.75,,,,,,,,6,,7,,3,,,,,,,,ok,outputs/pdfs_full/중어중문학과__CHI2048__사마천의사기와현대사회.pdf,,16
H0002256,H0002809,중어중문학과,CHI2049,중국근대문학의이해,2025,1,2007/1 ~ 2028/2,중어중문학(학부/서울),40.51,,39.24,,16.46,2.53,1.27,,,,,,32,,31,,13,2,1,,,,,,ok,outputs/pdfs_full/중어중문학과__CHI2049__중국근대문학의이해.pdf,,79
H0002256,H0002809,중어중문학과,CHI2053,중국문화입문,2026,1,2006/1 ~ 2028/2,중어중문학(학부/서울),92.16,1.96,,5.88,,,,,,,,,47,1,,3,,,,,,,,,ok,outputs/pdfs_full/중어중문학과__CHI2053__중국문화입문.pdf,,51
H0002256,H0002809,중어중문학과,CHI2054,중급중국어1,2026,1,2006/1 ~ 2028/2,중어중문학(학부/서울),23.08,38.46,23.08,7.69,,7.69,,,,,,,3,5,3,1,,1,,,,,,,ok,outputs/pdfs_full/중어중문학과__CHI2054__중급중국어1.pdf,,13
H0002256,H0002809,중어중문학과,CHI2055,실용중국어회화1,2026,1,2006/1 ~ 2028/2,중어중문학(학부/서울),21.43,42.86,28.57,,7.14,,,,,,,,3,6,4,,1,,,,,,,,ok,outputs/pdfs_full/중어중문학과__CHI2055__실용중국어회화1.pdf,,14
H0002256,H0002809,중어중문학과,CHI2056,중국어작문2,2025,2,2006/1 ~ 2025/2,중어중문학(학부/서울),83.33,16.67,,,,,,,,,,,5,1,,,,,,,,,,,ok,outputs/pdfs_full/중어중문학과__CHI2056__중국어작문2.pdf,,6
H0002256,H0002809,중어중문학과,CHI2057,중급중국어2,2025,2,2006/1 ~ 2028/2,중어중문학(학부/서울),78.57,21.43,,,,,,,,,,,11,3,,,,,,,,,,,ok,outputs/pdfs_full/중어중문학과__CHI2057__중급중국어2.pdf,,14
H0002256,H0002809,중어중문학과,CHI2058,실용중국어회화2,2025,2,2006/1 ~ 2028/2,중어중문학(학부/서울),84.62,7.69,7.69,,,,,,,,,,11,1,1,,,,,,,,,,ok,outputs/pdfs_full/중어중문학과__CHI2058__실용중국어회화2.pdf,,13
H0002256,H0002809,중어중문학과,CHI2059,현대중국어독해,2026,1,2006/1 ~ 2030/2,중어중문학(학부/서울),85.71,14.29,,,,,,,,,,,18,3,,,,,,,,,,,ok,outputs/pdfs_full/중어중문학과__CHI2059__현대중국어독해.pdf,,21
H0002256,H0002809,중어중문학과,CHI2060,중국의언어와문화,2026,1,2006/1 ~ 2024/2,중어중문학(학부/서울),19.05,14.29,28.57,14.29,19.05,,,,,,4.76,,4,3,6,3,4,,,,,,1,,ok,outputs/pdfs_full/중어중문학과__CHI2060__중국의언어와문화.pdf,,21
H0002256,H0002809,중어중문학과,CHI2065,현대중국어문법,2026,1,2014/1 ~ 2029/2,중어중문학(학부/서울),9.09,54.55,,27.27,,9.09,,,,,,,1,6,,3,,1,,,,,,,ok,outputs/pdfs_full/중어중문학과__CHI2065__현대중국어문법.pdf,,11
H0002256,H0002809,중어중문학과,CHI2066,중국고전읽기,2026,1,2014/1 ~ 2029/2,중어중문학(학부/서울),41.67,,37.5,,20.83,,,,,,,,10,,9,,5,,,,,,,,ok,outputs/pdfs_full/중어중문학과__CHI2066__중국고전읽기.pdf,,24
H0002256,H0002809,중어중문학과,CHI2073,중국어음성학,2025,2,2024/1 ~ 2028/2,중어중문학(학부/서울),54.69,9.38,12.5,12.5,10.94,,,,,,,,35,6,8,8,7,,,,,,,,ok,outputs/pdfs_full/중어중문학과__CHI2073__중국어음성학.pdf,,64
H0002256,H0002809,중어중문학과,CHI3019,중급중국어회화,2017,1,1991/1 ~ 2017/2,중어중문학(학부/서울),13.04,34.78,26.09,13.04,4.35,8.7,,,,,,,3,8,6,3,1,2,,,,,,,ok,outputs/pdfs_full/중어중문학과__CHI3019__중급중국어회화.pdf,,23
H0002256,H0002809,중어중문학과,CHI3027,고급중국어회화,2017,2,1991/1 ~ 2017/2,중어중문학(학부/서울),9.09,45.45,27.27,9.09,9.09,,,,,,,,1,5,3,1,1,,,,,,,,ok,outputs/pdfs_full/중어중문학과__CHI3027__고급중국어회화.pdf,,11
H0002256,H0002809,중어중문학과,CHI3031,중국어학의이해,2026,1,2007/1 ~ 2029/2,중어중문학(학부/서울),31.25,10.42,33.33,8.33,16.67,,,,,,,,15,5,16,4,8,,,,,,,,ok,outputs/pdfs_full/중어중문학과__CHI3031__중국어학의이해.pdf,,48
H0002256,H0002809,중어중문학과,CHI3033,한자의이해,2023,1,2007/1 ~ 2029/2,중어중문학(학부/서울),30,10,30,30,,,,,,,,,6,2,6,6,,,,,,,,,ok,outputs/pdfs_full/중어중문학과__CHI3033__한자의이해.pdf,,20
H0002256,H0002809,중어중문학과,CHI3054,현대중국의문학과사회문화,2025,2,2008/1 ~ 2029/2,중어중문학(학부/서울),23.81,19.05,33.33,9.52,9.52,4.76,,,,,,,5,4,7,2,2,1,,,,,,,ok,outputs/pdfs_full/중어중문학과__CHI3054__현대중국의문학과사회문화.pdf,,21
H0002256,H0002809,중어중문학과,CHI3056,중국시가감상,2021,1,2007/1 ~ 2021/2,중어중문학(학부/서울),8.7,13.04,30.43,34.78,4.35,8.7,,,,,,,2,3,7,8,1,2,,,,,,,ok,outputs/pdfs_full/중어중문학과__CHI3056__중국시가감상.pdf,,23
H0002256,H0002809,중어중문학과,CHI3057,중국민간가요와대중문화,2017,2,2007/1 ~ 2017/2,중어중문학(학부/서울),38.89,,38.89,,22.22,,,,,,,,7,,7,,4,,,,,,,,ok,outputs/pdfs_full/중어중문학과__CHI3057__중국민간가요와대중문화.pdf,,18
H0002256,H0002809,중어중문학과,CHI3058,중국소설의세계,2026,1,2007/1 ~ 2029/2,중어중문학(학부/서울),30.77,7.69,23.08,23.08,15.38,,,,,,,,4,1,3,3,2,,,,,,,,ok,outputs/pdfs_full/중어중문학과__CHI3058__중국소설의세계.pdf,,13
H0002256,H0002809,중어중문학과,CHI3059,당송시가감상,2026,1,2007/1 ~ 2029/2,중어중문학(학부/서울),38.89,,41.67,,19.44,,,,,,,,14,,15,,7,,,,,,,,ok,outputs/pdfs_full/중어중문학과__CHI3059__당송시가감상.pdf,,36
H0002256,H0002809,중어중문학과,CHI3061,고급중국어1,2026,1,2007/1 ~ 2029/2,중어중문학(학부/서울),50,25,,12.5,,12.5,,,,,,,4,2,,1,,1,,,,,,,ok,outputs/pdfs_full/중어중문학과__CHI3061__고급중국어1.pdf,,8
H0002256,H0002809,중어중문학과,CHI3063,고급중국어2,2025,2,2007/1 ~ 2029/2,중어중문학(학부/서울),21.43,28.57,35.71,14.29,,,,,,,,,3,4,5,2,,,,,,,,,ok,outputs/pdfs_full/중어중문학과__CHI3063__고급중국어2.pdf,,14
H0002256,H0002809,중어중문학과,CHI3064,중국음운의세계,2025,2,2007/1 ~ 2025/2,중어중문학(학부/서울),28.57,,28.57,14.29,,7.14,,,,21.43,,,4,,4,2,,1,,,,3,,,ok,outputs/pdfs_full/중어중문학과__CHI3064__중국음운의세계.pdf,,14
H0002256,H0002809,중어중문학과,CHI3068,사기강독,2017,2,2011/1 ~ 2017/2,중어중문학(학부/서울),41.18,,41.18,,17.65,,,,,,,,7,,7,,3,,,,,,,,ok,outputs/pdfs_full/중어중문학과__CHI3068__사기강독.pdf,,17
H0002256,H0002809,중어중문학과,CHI3071,중국어연극제작실습,2026,1,2012/1 ~ 2029/2,중어중문학(학부/서울),85.71,11.9,2.38,,,,,,,,,,36,5,1,,,,,,,,,,ok,outputs/pdfs_full/중어중문학과__CHI3071__중국어연극제작실습.pdf,,42
H0002256,H0002809,중어중문학과,CHI3079,중국민간가요,2025,1,2022/1 ~ 2029/2,중어중문학(학부/서울),39.13,,39.13,,21.74,,,,,,,,9,,9,,5,,,,,,,,ok,outputs/pdfs_full/중어중문학과__CHI3079__중국민간가요.pdf,,23
H0002256,H0002809,중어중문학과,CHI3081,한자의세계와한중한자어비교,2026,1,2024/2 ~ 2029/2,중어중문학(학부/서울),22.73,18.18,34.09,4.55,20.45,,,,,,,,10,8,15,2,9,,,,,,,,ok,outputs/pdfs_full/중어중문학과__CHI3081__한자의세계와한중한자어비교.pdf,,44
H0002256,H0002809,중어중문학과,CHI4038,명시문으로이해하는중국문화,2022,2,2008/1 ~ 2022/2,중어중문학(학부/서울),42.86,,57.14,,,,,,,,,,3,,4,,,,,,,,,,ok,outputs/pdfs_full/중어중문학과__CHI4038__명시문으로이해하는중국문화.pdf,,7
H0002256,H0002809,중어중문학과,CHI4039,경서의이해,2015,2,2008/1 ~ 2016/1,중어중문학(학부/서울),40,,40,,15,5,,,,,,,8,,8,,3,1,,,,,,,ok,outputs/pdfs_full/중어중문학과__CHI4039__경서의이해.pdf,,20
H0002256,H0002809,중어중문학과,CHI4041,중국현대문학감상,2026,1,2007/1 ~ 2030/2,중어중문학(학부/서울),20,20,35,5,20,,,,,,,,4,4,7,1,4,,,,,,,,ok,outputs/pdfs_full/중어중문학과__CHI4041__중국현대문학감상.pdf,,20
H0002256,H0002809,중어중문학과,CHI4042,중국문학비평의이해,2015,2,2008/1 ~ 2016/1,중어중문학(학부/서울),40,,20,10,10,10,,,,10,,,4,,2,1,1,1,,,,1,,,ok,outputs/pdfs_full/중어중문학과__CHI4042__중국문학비평의이해.pdf,,10
H0002256,H0002809,중어중문학과,CHI4043,제자백가의이해,2024,2,2008/1 ~ 2030/2,중어중문학(학부/서울),33.33,6.67,20,13.33,13.33,6.67,6.67,,,,,,5,1,3,2,2,1,1,,,,,,ok,outputs/pdfs_full/중어중문학과__CHI4043__제자백가의이해.pdf,,15
H0002256,H0002809,중어중문학과,CHI4047,실무중국어,2025,2,2008/1 ~ 2025/2,중어중문학(학부/서울),20,20,20,20,20,,,,,,,,4,4,4,4,4,,,,,,,,ok,outputs/pdfs_full/중어중문학과__CHI4047__실무중국어.pdf,,20
H0002256,H0002809,중어중문학과,CHI4048,중국소설감상,2018,1,2008/1 ~ 2018/2,중어중문학(학부/서울),34.78,4.35,39.13,,21.74,,,,,,,,8,1,9,,5,,,,,,,,ok,outputs/pdfs_full/중어중문학과__CHI4048__중국소설감상.pdf,,23
H0002256,H0002809,중어중문학과,CHI4050,중국공연예술과미디어문화,2025,2,2008/1 ~ 2029/2,중어중문학(학부/서울),40.91,,40.91,,11.36,4.55,,,,,2.27,,18,,18,,5,2,,,,,1,,ok,outputs/pdfs_full/중어중문학과__CHI4050__중국공연예술과미디어문화.pdf,,44
H0002256,H0002809,중어중문학과,CHI4052,중국어의사소통연습,2016,1,2008/1 ~ 2016/1,중어중문학(학부/서울),33.33,29.17,25,4.17,4.17,,,4.17,,,,,8,7,6,1,1,,,1,,,,,ok,outputs/pdfs_full/중어중문학과__CHI4052__중국어의사소통연습.pdf,,24
H0002256,H0002809,중어중문학과,CHI4053,시사중국어듣기연습,2018,2,2008/1 ~ 2018/2,중어중문학(학부/서울),4.35,34.78,26.09,13.04,17.39,,,4.35,,,,,1,8,6,3,4,,,1,,,,,ok,outputs/pdfs_full/중어중문학과__CHI4053__시사중국어듣기연습.pdf,,23
H0002256,H0002940,중국어커뮤니케이션전공,CHI4054,중한대조와전환,2018,1,2007/1 ~ 2016/2,중국어커뮤니케이션전공,35.29,11.76,41.18,,11.76,,,,,,,,6,2,7,,2,,,,,,,,ok,outputs/pdfs_full/중국어커뮤니케이션전공__CHI4054__중한대조와전환.pdf,,17
H0002256,H0002809,중어중문학과,CHI4056,중국전문가캡스톤디자인,2012,1,2012/1 ~ 2016/1,중어중문학(학부/서울),40,60,,,,,,,,,,,2,3,,,,,,,,,,,ok,outputs/pdfs_full/중어중문학과__CHI4056__중국전문가캡스톤디자인.pdf,,5
H0002256,H0002809,중어중문학과,CHI4058,한중언어비교와브랜드네이밍,2025,2,2016/1 ~ 2030/2,중어중문학(학부/서울),83.33,16.67,,,,,,,,,,,5,1,,,,,,,,,,,ok,outputs/pdfs_full/중어중문학과__CHI4058__한중언어비교와브랜드네이밍.pdf,,6
H0002256,H0002809,중어중문학과,CHI4059,중국의지역별상인과비즈니스문화,2022,1,2016/2 ~ 2022/2,중어중문학(학부/서울),26.67,13.33,53.33,,6.67,,,,,,,,4,2,8,,1,,,,,,,,ok,outputs/pdfs_full/중어중문학과__CHI4059__중국의지역별상인과비즈니스문화.pdf,,15
H0002256,H0002809,중어중문학과,CHI4060,중국마케팅론,2022,1,2016/2 ~ 2022/2,중어중문학(학부/서울),29.63,14.81,25.93,18.52,3.7,,7.41,,,,,,8,4,7,5,1,,2,,,,,,ok,outputs/pdfs_full/중어중문학과__CHI4060__중국마케팅론.pdf,,27
H0002256,H0002809,중어중문학과,CHI4062,중국도시발전과지역문화의이해,2025,2,2016/2 ~ 2030/2,중어중문학(학부/서울),85.71,14.29,,,,,,,,,,,6,1,,,,,,,,,,,ok,outputs/pdfs_full/중어중문학과__CHI4062__중국도시발전과지역문화의이해.pdf,,7
H0002256,H0002809,중어중문학과,CHI4064,중국비즈니스및창업캡스톤디자인,2017,2,2016/2 ~ 2022/2,중어중문학(학부/서울),33.33,33.33,26.67,6.67,,,,,,,,,5,5,4,1,,,,,,,,,ok,outputs/pdfs_full/중어중문학과__CHI4064__중국비즈니스및창업캡스톤디자인.pdf,,15
H0002256,H0002521,건축공학부,CHM1002,일반화학및실험2,2025,2,2005/1 ~ 2027/2,건축공학부(학부/서울),15.42,16.36,21.96,17.29,15.89,7.71,3.5,1.87,,,,,66,70,94,74,68,33,15,8,,,,,ok,outputs/pdfs_full/건축공학부__CHM1002__일반화학및실험2.pdf,,428
H0002256,H0002599,의예과,CHM1003,일반화학,2026,1,2005/1 ~ 2027/2,의예과(학부/서울),36.07,3.28,35.25,5.74,18.03,1.64,,,,,,,44,4,43,7,22,2,,,,,,,ok,outputs/pdfs_full/의예과__CHM1003__일반화학.pdf,,122
H0002256,H0002521,건축공학부,CHM1005,일반화학및실험1,2026,1,2005/1 ~ 2027/2,건축공학부(학부/서울),21.23,15.79,30.53,10.88,14.56,4.91,0.7,1.23,,,0.18,,121,90,174,62,83,28,4,7,,,1,,ok,outputs/pdfs_full/건축공학부__CHM1005__일반화학및실험1.pdf,,570
H0002256,H0003562,화학과,CHM1053,화학생물학,2015,1,2013/1 ~ 2015/2,화학과,25,6.25,20.31,20.31,20.31,6.25,1.56,,,,,,16,4,13,13,13,4,1,,,,,,ok,outputs/pdfs_full/화학과__CHM1053__화학생물학.pdf,,64
H0002256,H0003561,물리학과,CHM1055,일반화학및실험Ⅰ,2026,1,2016/1 ~ 2027/2,물리학과,19.23,14.42,25.96,12.5,17.31,7.69,,2.88,,,,,20,15,27,13,18,8,,3,,,,,ok,outputs/pdfs_full/물리학과__CHM1055__일반화학및실험I.pdf,,104
H0002256,H0003561,물리학과,CHM1056,일반화학및실험Ⅱ,2025,2,2020/1 ~ 2025/2,물리학과,16.49,15.46,24.74,14.43,16.49,4.12,5.15,3.09,,,,,16,15,24,14,16,4,5,3,,,,,ok,outputs/pdfs_full/물리학과__CHM1056__일반화학및실험II.pdf,,97
H0002256,H0002599,의예과,CHM2001,물리화학1,2026,1,1994/1 ~ 1997/2,의예과(학부/서울),17.19,15.63,15.63,14.06,9.38,9.38,6.25,12.5,,,,,11,10,10,9,6,6,4,8,,,,,ok,outputs/pdfs_full/의예과__CHM2001__물리화학1.pdf,,64
H0002256,H0002599,의예과,CHM2002,물리화학2,2025,2,1994/1 ~ 1997/2,의예과(학부/서울),31.03,5.17,22.41,13.79,22.41,5.17,,,,,,,18,3,13,8,13,3,,,,,,,ok,outputs/pdfs_full/의예과__CHM2002__물리화학2.pdf,,58
H0002256,H0002599,의예과,CHM2003,유기화학1,2026,1,1990/1 ~ 2005/2,의예과(학부/서울),13.7,20.55,21.92,17.81,9.59,8.22,4.11,4.11,,,,,10,15,16,13,7,6,3,3,,,,,ok,outputs/pdfs_full/의예과__CHM2003__유기화학1.pdf,,73
H0002256,H0002599,의예과,CHM2004,유기화학2,2025,2,1990/1 ~ 2005/2,의예과(학부/서울),22,14,20,14,8,8,12,2,,,,,11,7,10,7,4,4,6,1,,,,,ok,outputs/pdfs_full/의예과__CHM2004__유기화학2.pdf,,50
H0002256,H0003562,화학과,CHM2005,물리화학실험1,2025,2,2014/1 ~ 2028/2,화학과,25.93,25.93,18.52,22.22,7.41,,,,,,,,7,7,5,6,2,,,,,,,,ok,outputs/pdfs_full/화학과__CHM2005__물리화학실험1.pdf,,27
H0002256,H0003562,화학과,CHM2011,분석화학,2026,1,2014/1 ~ 2028/2,화학과,16.67,30.77,21.79,16.67,6.41,7.69,,,,,,,13,24,17,13,5,6,,,,,,,ok,outputs/pdfs_full/화학과__CHM2011__분석화학.pdf,,78
H0002256,H0002599,의예과,CHM2013,유기화학실험1,2026,1,1990/1 ~ 1997/2,의예과(학부/서울),26.09,30.43,19.57,13.04,4.35,6.52,,,,,,,12,14,9,6,2,3,,,,,,,ok,outputs/pdfs_full/의예과__CHM2013__유기화학실험1.pdf,,46
H0002256,H0002599,의예과,CHM2014,유기화학실험2,2025,2,1990/1 ~ 1997/2,의예과(학부/서울),36.36,18.18,13.64,18.18,9.09,4.55,,,,,,,8,4,3,4,2,1,,,,,,,ok,outputs/pdfs_full/의예과__CHM2014__유기화학실험2.pdf,,22
H0002256,H0003562,화학과,CHM2023,분석화학실험,2026,1,2014/1 ~ 2028/2,화학과,47.37,26.32,10.53,10.53,,5.26,,,,,,,9,5,2,2,,1,,,,,,,ok,outputs/pdfs_full/화학과__CHM2023__분석화학실험.pdf,,19
H0002256,H0003562,화학과,CHM2066,분자생화학,2013,2,2014/1 ~ 2016/2,화학과,17.39,26.09,13.04,17.39,13.04,8.7,,4.35,,,,,4,6,3,4,3,2,,1,,,,,ok,outputs/pdfs_full/화학과__CHM2066__분자생화학.pdf,,23
H0002256,H0003562,화학과,CHM2067,기본생화학,2016,1,2014/1 ~ 2016/2,화학과,20,20,28,16,12,4,,,,,,,5,5,7,4,3,1,,,,,,,ok,outputs/pdfs_full/화학과__CHM2067__기본생화학.pdf,,25
H0002256,H0003562,화학과,CHM2068,기초화학수학,2025,2,2014/1 ~ 2027/2,화학과,13.64,22.73,13.64,21.21,16.67,10.61,1.52,,,,,,9,15,9,14,11,7,1,,,,,,ok,outputs/pdfs_full/화학과__CHM2068__기초화학수학.pdf,,66
H0002256,H0003562,화학과,CHM3001,무기화학1,2026,1,2015/1 ~ 2029/2,화학과,18.18,18.18,15.15,9.09,18.18,15.15,3.03,,,3.03,,,6,6,5,3,6,5,1,,,1,,,ok,outputs/pdfs_full/화학과__CHM3001__무기화학1.pdf,,33
H0002256,H0003562,화학과,CHM3002,무기화학2,2025,2,2015/1 ~ 2029/2,화학과,26.47,26.47,8.82,5.88,29.41,,,,,,2.94,,9,9,3,2,10,,,,,,1,,ok,outputs/pdfs_full/화학과__CHM3002__무기화학2.pdf,,34
H0002256,H0003562,화학과,CHM3003,물리화학3,2026,1,2015/1 ~ 2029/2,화학과,14.71,17.65,23.53,17.65,8.82,8.82,8.82,,,,,,5,6,8,6,3,3,3,,,,,,ok,outputs/pdfs_full/화학과__CHM3003__물리화학3.pdf,,34
H0002256,H0003562,화학과,CHM3004,유기화학3,2017,1,2015/1 ~ 2017/2,화학과,24.39,21.95,19.51,26.83,7.32,,,,,,,,10,9,8,11,3,,,,,,,,ok,outputs/pdfs_full/화학과__CHM3004__유기화학3.pdf,,41
H0002256,H0003562,화학과,CHM3005,물리화학실험2,2026,1,2015/1 ~ 2029/2,화학과,47.83,,34.78,13.04,4.35,,,,,,,,11,,8,3,1,,,,,,,,ok,outputs/pdfs_full/화학과__CHM3005__물리화학실험2.pdf,,23
H0002256,H0003562,화학과,CHM3007,고분자화학,2026,1,2015/1 ~ 2029/2,화학과,21.33,20.89,22.67,16.44,14.22,4,,,,,0.44,,48,47,51,37,32,9,,,,,1,,ok,outputs/pdfs_full/화학과__CHM3007__고분자화학.pdf,,225
H0002256,H0003562,화학과,CHM3015,유기구조론,2024,1,2019/1 ~ 2030/2,화학과,26.67,33.33,20,6.67,13.33,,,,,,,,4,5,3,1,2,,,,,,,,ok,outputs/pdfs_full/화학과__CHM3015__유기구조론.pdf,,15
H0002256,H0003562,화학과,CHM3018,분석화학특강,2025,2,2019/1 ~ 2030/2,화학과,28.57,,21.43,35.71,14.29,,,,,,,,4,,3,5,2,,,,,,,,ok,outputs/pdfs_full/화학과__CHM3018__분석화학특강.pdf,,14
H0002256,H0003562,화학과,CHM3019,반응속도론,2021,2,2016/1 ~ 2021/2,화학과,17.86,21.43,17.86,17.86,14.29,10.71,,,,,,,5,6,5,5,4,3,,,,,,,ok,outputs/pdfs_full/화학과__CHM3019__반응속도론.pdf,,28
H0002256,H0003562,화학과,CHM3020,물리화학특강,2018,2,2016/1 ~ 2018/2,화학과,38.46,23.08,19.23,3.85,7.69,,7.69,,,,,,10,6,5,1,2,,2,,,,,,ok,outputs/pdfs_full/화학과__CHM3020__물리화학특강.pdf,,26
H0002256,H0003562,화학과,CHM3027,입체유기화학,2015,1,2015/1 ~ 2017/2,화학과,18.18,18.18,18.18,27.27,18.18,,,,,,,,2,2,2,3,2,,,,,,,,ok,outputs/pdfs_full/화학과__CHM3027__입체유기화학.pdf,,11
H0002256,H0003562,화학과,CHM3030,표면화학,2026,1,2016/1 ~ 2030/2,화학과,21.62,18.92,24.32,13.51,13.51,8.11,,,,,,,8,7,9,5,5,3,,,,,,,ok,outputs/pdfs_full/화학과__CHM3030__표면화학.pdf,,37
H0002256,H0003562,화학과,CHM3035,기기분석1,2016,2,2014/1 ~ 2016/2,화학과,22.73,22.73,29.55,13.64,6.82,4.55,,,,,,,10,10,13,6,3,2,,,,,,,ok,outputs/pdfs_full/화학과__CHM3035__기기분석1.pdf,,44
H0002256,H0003562,화학과,CHM3036,기기분석2,2017,1,2015/1 ~ 2017/2,화학과,18.52,22.22,25.93,14.81,18.52,,,,,,,,5,6,7,4,5,,,,,,,,ok,outputs/pdfs_full/화학과__CHM3036__기기분석2.pdf,,27
H0002256,H0003562,화학과,CHM3062,유기반응,2026,1,2016/1 ~ 2029/2,화학과,26.67,13.33,33.33,26.67,,,,,,,,,4,2,5,4,,,,,,,,,ok,outputs/pdfs_full/화학과__CHM3062__유기반응.pdf,,15
H0002256,H0003562,화학과,CHM3064,유기합성론,2025,2,2015/1 ~ 2029/2,화학과,26.67,13.33,13.33,,6.67,,20,20,,,,,4,2,2,,1,,3,3,,,,,ok,outputs/pdfs_full/화학과__CHM3064__유기합성론.pdf,,15
H0002256,H0003562,화학과,CHM3077,기초생화학실험,2017,1,2015/1 ~ 2017/2,화학과,28.57,14.29,35.71,7.14,14.29,,,,,,,,8,4,10,2,4,,,,,,,,ok,outputs/pdfs_full/화학과__CHM3077__기초생화학실험.pdf,,28
H0002256,H0003562,화학과,CHM4001,기기분석,2025,2,2017/1 ~ 2028/2,화학과,22.58,19.35,20.97,14.52,11.29,6.45,,3.23,,1.61,,,14,12,13,9,7,4,,2,,1,,,ok,outputs/pdfs_full/화학과__CHM4001__기기분석.pdf,,62
H0002256,H0003562,화학과,CHM4003,무기화학실험,2025,2,2015/1 ~ 2029/2,화학과,80,20,,,,,,,,,,,4,1,,,,,,,,,,,ok,outputs/pdfs_full/화학과__CHM4003__무기화학실험.pdf,,5
H0002256,H0002567,생체공학전공,CHM4006,생화학,2026,1,2011/1 ~ 2017/2,생체공학전공(학부/서울),57.14,42.86,,,,,,,,,,,4,3,,,,,,,,,,,ok,outputs/pdfs_full/생체공학전공__CHM4006__생화학.pdf,,7
H0002256,H0003562,화학과,CHM4007,양자화학,2025,2,2015/1 ~ 2029/2,화학과,16.67,12.5,20.83,12.5,4.17,12.5,8.33,8.33,,,4.17,,4,3,5,3,1,3,2,2,,,1,,ok,outputs/pdfs_full/화학과__CHM4007__양자화학.pdf,,24
H0002256,H0003562,화학과,CHM4010,화학열역학,2026,1,2014/1 ~ 2029/2,화학과,25,30,,15,15,15,,,,,,,5,6,,3,3,3,,,,,,,ok,outputs/pdfs_full/화학과__CHM4010__화학열역학.pdf,,20
H0002256,H0003562,화학과,CHM4011,고체화학,2018,1,2016/1 ~ 2018/2,화학과,13.79,24.14,37.93,10.34,10.34,,,3.45,,,,,4,7,11,3,3,,,1,,,,,ok,outputs/pdfs_full/화학과__CHM4011__고체화학.pdf,,29
H0002256,H0003562,화학과,CHM4020,유기화학특강,2025,2,2016/1 ~ 2030/2,화학과,25,16.67,16.67,16.67,25,,,,,,,,3,2,2,2,3,,,,,,,,ok,outputs/pdfs_full/화학과__CHM4020__유기화학특강.pdf,,12
H0002256,H0003562,화학과,CHM4021,무기화학특강,2026,1,2019/1 ~ 2030/2,화학과,31.82,9.09,27.27,13.64,18.18,,,,,,,,7,2,6,3,4,,,,,,,,ok,outputs/pdfs_full/화학과__CHM4021__무기화학특강.pdf,,22
H0002256,H0003562,화학과,CHM4023,물리화학특강1,2026,1,2019/1 ~ 2030/2,화학과,20,14.29,22.86,20,2.86,8.57,5.71,5.71,,,,,7,5,8,7,1,3,2,2,,,,,ok,outputs/pdfs_full/화학과__CHM4023__물리화학특강1.pdf,,35
H0002256,H0003562,화학과,CHM4024,물리화학특강2,2025,2,2019/1 ~ 2030/2,화학과,22.73,9.09,22.73,18.18,13.64,4.55,9.09,,,,,,5,2,5,4,3,1,2,,,,,,ok,outputs/pdfs_full/화학과__CHM4024__물리화학특강2.pdf,,22
H0002256,H0003562,화학과,CHM4035,재료화학,2025,2,2018/1 ~ 2029/2,화학과,11.43,28.57,14.29,22.86,8.57,5.71,8.57,,,,,,4,10,5,8,3,2,3,,,,,,ok,outputs/pdfs_full/화학과__CHM4035__재료화학.pdf,,35
H0002256,H0002599,의예과,CHM4037,의약화학,2026,1,2006/1 ~ 2028/2,의예과(학부/서울),24.49,13.61,27.89,13.61,19.05,1.36,,,,,,,36,20,41,20,28,2,,,,,,,ok,outputs/pdfs_full/의예과__CHM4037__의약화학.pdf,,147
H0002256,H0003562,화학과,CHM4042,유기금속화학,2017,2,2016/1 ~ 2018/2,화학과,33.33,22.22,22.22,22.22,,,,,,,,,3,2,2,2,,,,,,,,,ok,outputs/pdfs_full/화학과__CHM4042__유기금속화학.pdf,,9
H0002256,H0003562,화학과,CHM4051,기기분석실험,2025,2,2015/1 ~ 2029/2,화학과,50,33.33,16.67,,,,,,,,,,3,2,1,,,,,,,,,,ok,outputs/pdfs_full/화학과__CHM4051__기기분석실험.pdf,,6
H0002256,H0003562,화학과,CHM4065,고분자응용,2017,1,2016/1 ~ 2018/2,화학과,20,20,25,20,10,5,,,,,,,4,4,5,4,2,1,,,,,,,ok,outputs/pdfs_full/화학과__CHM4065__고분자응용.pdf,,20
H0002256,H0003562,화학과,CHM4075,화학특수연구1,2026,1,2016/1 ~ 2030/2,화학과,100,,,,,,,,,,,,32,,,,,,,,,,,,ok,outputs/pdfs_full/화학과__CHM4075__화학특수연구1.pdf,,32
H0002256,H0003562,화학과,CHM4076,화학특수연구2,2025,2,2016/1 ~ 2030/2,화학과,80,20,,,,,,,,,,,28,7,,,,,,,,,,,ok,outputs/pdfs_full/화학과__CHM4076__화학특수연구2.pdf,,35
H0002256,H0003562,화학과,CHM4097,고분자재료화학특강,2025,2,2016/1 ~ 2030/2,화학과,20,44,24,8,4,,,,,,,,5,11,6,2,1,,,,,,,,ok,outputs/pdfs_full/화학과__CHM4097__고분자재료화학특강.pdf,,25
H0002256,H0003562,화학과,CHM4098,분자환경생화학,2018,1,2016/1 ~ 2018/2,화학과,30.43,52.17,17.39,,,,,,,,,,7,12,4,,,,,,,,,,ok,outputs/pdfs_full/화학과__CHM4098__분자환경생화학.pdf,,23
H0002256,H0003562,화학과,CHM5001,세포생화학,2018,2,2016/1 ~ 2018/2,화학과,20,20,36,4,12,4,,4,,,,,5,5,9,1,3,1,,1,,,,,ok,outputs/pdfs_full/화학과__CHM5001__세포생화학.pdf,,25
H0002256,H0003562,화학과,CHM5002,분자분광분석,2017,2,2015/1 ~ 2017/2,화학과,35.48,6.45,38.71,3.23,16.13,,,,,,,,11,2,12,1,5,,,,,,,,ok,outputs/pdfs_full/화학과__CHM5002__분자분광분석.pdf,,31
H0002256,H0003562,화학과,CHM5005,화학과캡스톤디자인1,2026,1,2016/1 ~ 2030/2,화학과,93.1,3.45,,3.45,,,,,,,,,27,1,,1,,,,,,,,,ok,outputs/pdfs_full/화학과__CHM5005__화학과캡스톤디자인1.pdf,,29
H0002256,H0003562,화학과,CHM5006,화학과캡스톤디자인2,2025,2,2016/1 ~ 2030/2,화학과,93.33,6.67,,,,,,,,,,,14,1,,,,,,,,,,,ok,outputs/pdfs_full/화학과__CHM5006__화학과캡스톤디자인2.pdf,,15
H0002256,H0002517,건설환경공학과,CIE1005,자연환경시스템,2015,2,2013/1 ~ 2015/2,건설환경공학과(학부/서울),21.43,28.57,35.71,14.29,,,,,,,,,6,8,10,4,,,,,,,,,ok,outputs/pdfs_full/건설환경공학과__CIE1005__자연환경시스템.pdf,,28
H0002256,H0002517,건설환경공학과,CIE2003,측량학및실습,2016,1,2010/1 ~ 2020/2,건설환경공학과(학부/서울),24,22,24,20,10,,,,,,,,12,11,12,10,5,,,,,,,,ok,outputs/pdfs_full/건설환경공학과__CIE2003__측량학및실습.pdf,,50
H0002256,H0002521,건축공학부,CIE2007,측량학,2014,2,2008/1 ~ 2018/2,건축공학부(학부/서울),25.93,40.74,11.11,22.22,,,,,,,,,7,11,3,6,,,,,,,,,ok,outputs/pdfs_full/건축공학부__CIE2007__측량학.pdf,,27
H0002256,H0002517,건설환경공학과,CIE2014,건설CAD및전산응용,2025,2,2010/1 ~ 2028/2,건설환경공학과(학부/서울),29.03,22.58,29.03,12.9,6.45,,,,,,,,9,7,9,4,2,,,,,,,,ok,outputs/pdfs_full/건설환경공학과__CIE2014__건설CAD및전산응용.pdf,,31
H0002256,H0002517,건설환경공학과,CIE2015,지형공간정보학,2014,2,2010/1 ~ 2016/2,건설환경공학과(학부/서울),13.89,25,33.33,13.89,5.56,5.56,2.78,,,,,,5,9,12,5,2,2,1,,,,,,ok,outputs/pdfs_full/건설환경공학과__CIE2015__지형공간정보학.pdf,,36
H0002256,H0002517,건설환경공학과,CIE2066,프리스트레스트콘크리트구조설계,2025,2,2012/1 ~ 2029/2,건설환경공학과(학부/서울),15.63,15.63,31.25,12.5,18.75,6.25,,,,,,,5,5,10,4,6,2,,,,,,,ok,outputs/pdfs_full/건설환경공학과__CIE2066__프리스트레스트콘크리트구조설계.pdf,,32
H0002256,H0002517,건설환경공학과,CIE2067,고체재료역학및실험,2025,2,2014/1 ~ 2028/2,건설환경공학과(학부/서울),20.41,24.49,24.49,6.12,12.24,,12.24,,,,,,10,12,12,3,6,,6,,,,,,ok,outputs/pdfs_full/건설환경공학과__CIE2067__고체재료역학및실험.pdf,,49
H0002256,H0002517,건설환경공학과,CIE2068,고체응용역학,2016,2,2014/1 ~ 2016/2,건설환경공학과(학부/서울),12.5,28.13,18.75,12.5,12.5,9.38,,6.25,,,,,4,9,6,4,4,3,,2,,,,,ok,outputs/pdfs_full/건설환경공학과__CIE2068__고체응용역학.pdf,,32
H0002256,H0002517,건설환경공학과,CIE2070,환경계측및처리기술,2021,1,2014/2 ~ 2022/2,건설환경공학과(학부/서울),35.71,7.14,21.43,14.29,,,,21.43,,,,,5,1,3,2,,,,3,,,,,ok,outputs/pdfs_full/건설환경공학과__CIE2070__환경계측및처리기술.pdf,,14
H0002256,H0002517,건설환경공학과,CIE2071,건설공간정보학및실습,2026,1,2017/1 ~ 2028/2,건설환경공학과(학부/서울),27.08,31.25,14.58,16.67,4.17,4.17,,2.08,,,,,13,15,7,8,2,2,,1,,,,,ok,outputs/pdfs_full/건설환경공학과__CIE2071__건설공간정보학및실습.pdf,,48
H0002256,H0002517,건설환경공학과,CIE3007,수문학,2025,2,2011/1 ~ 2029/2,건설환경공학과(학부/서울),38.24,23.53,14.71,8.82,2.94,5.88,2.94,2.94,,,,,13,8,5,3,1,2,1,1,,,,,ok,outputs/pdfs_full/건설환경공학과__CIE3007__수문학.pdf,,34
H0002256,H0002517,건설환경공학과,CIE3008,토질역학및실험,2026,1,2011/1 ~ 2029/2,건설환경공학과(학부/서울),21.74,19.57,17.39,17.39,10.87,13.04,,,,,,,10,9,8,8,5,6,,,,,,,ok,outputs/pdfs_full/건설환경공학과__CIE3008__토질역학및실험.pdf,,46
H0002256,H0002517,건설환경공학과,CIE3011,콘크리트공학및실험,2026,1,2010/1 ~ 2028/2,건설환경공학과(학부/서울),46.15,25,23.08,,5.77,,,,,,,,24,13,12,,3,,,,,,,,ok,outputs/pdfs_full/건설환경공학과__CIE3011__콘크리트공학및실험.pdf,,52
H0002256,H0002517,건설환경공학과,CIE3020,수환경공학,2025,2,2010/1 ~ 2028/2,건설환경공학과(학부/서울),27.03,32.43,21.62,8.11,,5.41,5.41,,,,,,10,12,8,3,,2,2,,,,,,ok,outputs/pdfs_full/건설환경공학과__CIE3020__수환경공학.pdf,,37
H0002256,H0002517,건설환경공학과,CIE3021,철근콘크리트공학,2026,1,2011/1 ~ 2029/2,건설환경공학과(학부/서울),24.44,40,17.78,13.33,4.44,,,,,,,,11,18,8,6,2,,,,,,,,ok,outputs/pdfs_full/건설환경공학과__CIE3021__철근콘크리트공학.pdf,,45
H0002256,H0002517,건설환경공학과,CIE3022,철근콘크리트구조설계,2016,2,2011/1 ~ 2017/2,건설환경공학과(학부/서울),30.77,,30.77,,30.77,,,,,7.69,,,4,,4,,4,,,,,1,,,ok,outputs/pdfs_full/건설환경공학과__CIE3022__철근콘크리트구조설계.pdf,,13
H0002256,H0002517,건설환경공학과,CIE3032,지반공학및실험,2024,2,2011/1 ~ 2029/2,건설환경공학과(학부/서울),25,25,25,16.67,,8.33,,,,,,,3,3,3,2,,1,,,,,,,ok,outputs/pdfs_full/건설환경공학과__CIE3032__지반공학및실험.pdf,,12
H0002256,H0002517,건설환경공학과,CIE3033,건설경제학,2017,2,2011/1 ~ 2017/2,건설환경공학과(학부/서울),35.14,21.62,18.92,13.51,5.41,5.41,,,,,,,13,8,7,5,2,2,,,,,,,ok,outputs/pdfs_full/건설환경공학과__CIE3033__건설경제학.pdf,,37
H0002256,H0002517,건설환경공학과,CIE3055,도로공학,2012,2,2011/1 ~ 2017/2,건설환경공학과(학부/서울),25,10,25,20,15,5,,,,,,,5,2,5,4,3,1,,,,,,,ok,outputs/pdfs_full/건설환경공학과__CIE3055__도로공학.pdf,,20
H0002256,H0002521,건축공학부,CIE3069,철근콘크리트구조1,2026,1,2007/1 ~ 2029/2,건축공학부(학부/서울),18.18,12.12,30.3,12.12,21.21,6.06,,,,,,,6,4,10,4,7,2,,,,,,,ok,outputs/pdfs_full/건축공학부__CIE3069__철근콘크리트구조1.pdf,,33
H0002256,H0002521,건축공학부,CIE3070,철근콘크리트구조2,2025,2,2007/1 ~ 2029/2,건축공학부(학부/서울),22.22,11.11,22.22,11.11,33.33,,,,,,,,2,1,2,1,3,,,,,,,,ok,outputs/pdfs_full/건축공학부__CIE3070__철근콘크리트구조2.pdf,,9
H0002256,H0002517,건설환경공학과,CIE3073,환경화학및실험,2020,2,2015/1 ~ 2020/2,건설환경공학과(학부/서울),14.29,14.29,21.43,42.86,,,,7.14,,,,,4,4,6,12,,,,2,,,,,ok,outputs/pdfs_full/건설환경공학과__CIE3073__환경화학및실험.pdf,,28
H0002256,H0002517,건설환경공학과,CIE3075,전산구조동역학,2025,2,2018/1 ~ 2029/2,건설환경공학과(학부/서울),71.43,28.57,,,,,,,,,,,5,2,,,,,,,,,,,ok,outputs/pdfs_full/건설환경공학과__CIE3075__전산구조동역학.pdf,,7
H0002256,H0002517,건설환경공학과,CIE3076,환경공정,2025,2,2018/1 ~ 2029/2,건설환경공학과(학부/서울),42.86,19.05,23.81,9.52,4.76,,,,,,,,9,4,5,2,1,,,,,,,,ok,outputs/pdfs_full/건설환경공학과__CIE3076__환경공정.pdf,,21
H0002256,H0002517,건설환경공학과,CIE3078,대기공학,2023,2,2022/1 ~ 2029/2,건설환경공학과(학부/서울),25,50,25,,,,,,,,,,1,2,1,,,,,,,,,,ok,outputs/pdfs_full/건설환경공학과__CIE3078__대기공학.pdf,,4
H0002256,H0002517,건설환경공학과,CIE4009,기초공학,2026,1,2012/1 ~ 2030/2,건설환경공학과(학부/서울),29.41,,41.18,,29.41,,,,,,,,5,,7,,5,,,,,,,,ok,outputs/pdfs_full/건설환경공학과__CIE4009__기초공학.pdf,,17
H0002256,H0002517,건설환경공학과,CIE4011,수리학및실험,2026,1,2011/1 ~ 2029/2,건설환경공학과(학부/서울),21.74,17.39,21.74,19.57,10.87,8.7,,,,,,,10,8,10,9,5,4,,,,,,,ok,outputs/pdfs_full/건설환경공학과__CIE4011__수리학및실험.pdf,,46
H0002256,H0002517,건설환경공학과,CIE4032,건설관리,2022,1,2019/1 ~ 2022/2,건설환경공학과(학부/서울),21.21,18.18,21.21,21.21,18.18,,,,,,,,7,6,7,7,6,,,,,,,,ok,outputs/pdfs_full/건설환경공학과__CIE4032__건설관리.pdf,,33
H0002256,H0002517,건설환경공학과,CIE4034,수자원및하천공학,2026,1,2012/1 ~ 2030/2,건설환경공학과(학부/서울),28.57,,42.86,,28.57,,,,,,,,4,,6,,4,,,,,,,,ok,outputs/pdfs_full/건설환경공학과__CIE4034__수자원및하천공학.pdf,,14
H0002256,H0002517,건설환경공학과,CIE4044,강구조설계,2026,1,2012/1 ~ 2030/2,건설환경공학과(학부/서울),30.77,,38.46,,30.77,,,,,,,,4,,5,,4,,,,,,,,ok,outputs/pdfs_full/건설환경공학과__CIE4044__강구조설계.pdf,,13
H0002256,H0002517,건설환경공학과,CIE4045,디지털건설,2026,1,2012/1 ~ 2030/2,건설환경공학과(학부/서울),41.94,19.35,29.03,9.68,,,,,,,,,13,6,9,3,,,,,,,,,ok,outputs/pdfs_full/건설환경공학과__CIE4045__디지털건설.pdf,,31
H0002256,H0002517,건설환경공학과,CIE4047,수공구조물설계,2024,2,2012/1 ~ 2030/2,건설환경공학과(학부/서울),100,,,,,,,,,,,,12,,,,,,,,,,,,ok,outputs/pdfs_full/건설환경공학과__CIE4047__수공구조물설계.pdf,,12
H0002256,H0002517,건설환경공학과,CIE4058,구조동역학,2017,2,2011/1 ~ 2017/2,건설환경공학과(학부/서울),17.65,23.53,11.76,17.65,23.53,,,5.88,,,,,3,4,2,3,4,,,1,,,,,ok,outputs/pdfs_full/건설환경공학과__CIE4058__구조동역학.pdf,,17
H0002256,H0002517,건설환경공학과,CIE4062,환경정화공학,2026,1,2012/1 ~ 2030/2,건설환경공학과(학부/서울),40.91,59.09,,,,,,,,,,,9,13,,,,,,,,,,,ok,outputs/pdfs_full/건설환경공학과__CIE4062__환경정화공학.pdf,,22
H0002256,H0002517,건설환경공학과,CIE4065,"4차산업혁명스마트도시,건축,환경,건설공학",2021,2,2012/1 ~ 2021/2,건설환경공학과(학부/서울),23.08,15.38,50,3.85,7.69,,,,,,,,6,4,13,1,2,,,,,,,,ok,"outputs/pdfs_full/건설환경공학과__CIE4065__4차산업혁명스마트도시,건축,환경,건설공학.pdf",,26
H0002256,H0002517,건설환경공학과,CIE4067,건설환경공학종합설계1,2026,1,2012/1 ~ 2030/2,건설환경공학과(학부/서울),95.92,2.04,2.04,,,,,,,,,,47,1,1,,,,,,,,,,ok,outputs/pdfs_full/건설환경공학과__CIE4067__건설환경공학종합설계1.pdf,,49
H0002256,H0002517,건설환경공학과,CIE4068,건설환경공학종합설계2,2025,2,2012/1 ~ 2030/2,건설환경공학과(학부/서울),93.75,6.25,,,,,,,,,,,30,2,,,,,,,,,,,ok,outputs/pdfs_full/건설환경공학과__CIE4068__건설환경공학종합설계2.pdf,,32
H0002256,H0002517,건설환경공학과,CIE4075,수처리공학,2018,1,2016/1 ~ 2018/2,건설환경공학과(학부/서울),36.84,21.05,15.79,21.05,,5.26,,,,,,,7,4,3,4,,1,,,,,,,ok,outputs/pdfs_full/건설환경공학과__CIE4075__수처리공학.pdf,,19
H0002256,H0002517,건설환경공학과,CIE4076,구조물유지관리시스템공학,2018,2,2016/1 ~ 2018/2,건설환경공학과(학부/서울),56.67,21.67,18.33,,3.33,,,,,,,,34,13,11,,2,,,,,,,,ok,outputs/pdfs_full/건설환경공학과__CIE4076__구조물유지관리시스템공학.pdf,,60
H0002256,H0002517,건설환경공학과,CIE4077,수자원시스템공학,2018,2,2016/1 ~ 2018/2,건설환경공학과(학부/서울),20,3.33,30,13.33,26.67,6.67,,,,,,,6,1,9,4,8,2,,,,,,,ok,outputs/pdfs_full/건설환경공학과__CIE4077__수자원시스템공학.pdf,,30
H0002256,H0002517,건설환경공학과,CIE4079,대기오염관리,2021,2,2015/1 ~ 2029/2,건설환경공학과(학부/서울),23.08,23.08,23.08,15.38,,15.38,,,,,,,3,3,3,2,,2,,,,,,,ok,outputs/pdfs_full/건설환경공학과__CIE4079__대기오염관리.pdf,,13
H0002256,H0002517,건설환경공학과,CIE4081,건설정보모델링,2025,2,2019/1 ~ 2030/2,건설환경공학과(학부/서울),30,16.67,16.67,16.67,13.33,3.33,3.33,,,,,,9,5,5,5,4,1,1,,,,,,ok,outputs/pdfs_full/건설환경공학과__CIE4081__건설정보모델링.pdf,,30
H0002256,H0002517,건설환경공학과,CIE4086,수처리시스템공학,2025,2,2023/1 ~ 2030/2,건설환경공학과(학부/서울),18.75,46.88,18.75,15.63,,,,,,,,,6,15,6,5,,,,,,,,,ok,outputs/pdfs_full/건설환경공학과__CIE4086__수처리시스템공학.pdf,,32
H0002256,H0002517,건설환경공학과,CIE4087,유한요소법의기초,2025,2,2023/1 ~ 2030/2,건설환경공학과(학부/서울),18.75,25,18.75,18.75,6.25,12.5,,,,,,,3,4,3,3,1,2,,,,,,,ok,outputs/pdfs_full/건설환경공학과__CIE4087__유한요소법의기초.pdf,,16
H0002256,H0002517,건설환경공학과,CIE4089,건설AI및로봇,2025,2,2025/1 ~ 2029/2,건설환경공학과(학부/서울),10.34,55.17,17.24,6.9,10.34,,,,,,,,3,16,5,2,3,,,,,,,,ok,outputs/pdfs_full/건설환경공학과__CIE4089__건설AI및로봇.pdf,,29
H0002256,H0002936,STS(과학기술학)전공,CLS1001,인문클래식:마음의이해,2024,1,2019/1 ~ 2022/2,STS(과학기술학)전공,100,,,,,,,,,,,,39,,,,,,,,,,,,ok,outputs/pdfs_full/STS(과학기술학)전공__CLS1001__인문클래식_마음의이해.pdf,,39
H0002256,H0003886,고전읽기융합전공,CLS1002,인문클래식:인간과가족,2026,1,2015/1 ~ 2026/1,고전읽기융합전공,31.71,,46.34,,21.95,,,,,,,,13,,19,,9,,,,,,,,ok,outputs/pdfs_full/고전읽기융합전공__CLS1002__인문클래식_인간과가족.pdf,,41
H0002256,H0003886,고전읽기융합전공,CLS1003,사회클래식:국가발전의원리,2023,1,2015/1 ~ 2026/1,고전읽기융합전공,50,25,3.57,3.57,3.57,7.14,7.14,,,,,,14,7,1,1,1,2,2,,,,,,ok,outputs/pdfs_full/고전읽기융합전공__CLS1003__사회클래식_국가발전의원리.pdf,,28
H0002256,H0002936,STS(과학기술학)전공,CLS1004,과학클래식:과학기술의문화사,2026,1,2018/1 ~ 2021/2,STS(과학기술학)전공,66.67,8.33,16.67,8.33,,,,,,,,,16,2,4,2,,,,,,,,,ok,outputs/pdfs_full/STS(과학기술학)전공__CLS1004__과학클래식_과학기술의문화사.pdf,,24
H0002256,H0003886,고전읽기융합전공,CLS1005,"예술클래식:일상과예술,그리고상상력",2026,1,2015/1 ~ 2026/1,고전읽기융합전공,50,14.29,35.71,,,,,,,,,,14,4,10,,,,,,,,,,ok,"outputs/pdfs_full/고전읽기융합전공__CLS1005__예술클래식_일상과예술,그리고상상력.pdf",,28
H0002256,H0003886,고전읽기융합전공,CLS1006,예술클래식:천재와광기,2026,1,2015/1 ~ 2026/1,고전읽기융합전공,58.62,20.69,13.79,6.9,,,,,,,,,17,6,4,2,,,,,,,,,ok,outputs/pdfs_full/고전읽기융합전공__CLS1006__예술클래식_천재와광기.pdf,,29
H0002256,H0003886,고전읽기융합전공,CLS1007,인문클래식BL:삼국지와인간,2026,1,2015/1 ~ 2026/1,고전읽기융합전공,38.6,3.51,42.11,8.77,,,5.26,1.75,,,,,22,2,24,5,,,3,1,,,,,ok,outputs/pdfs_full/고전읽기융합전공__CLS1007__인문클래식BL_삼국지와인간.pdf,,57
H0002256,H0003886,고전읽기융합전공,CLS1008,인문클래식BL:언어의비밀,2026,1,2015/1 ~ 2026/1,고전읽기융합전공,50.85,30.51,18.64,,,,,,,,,,30,18,11,,,,,,,,,,ok,outputs/pdfs_full/고전읽기융합전공__CLS1008__인문클래식BL_언어의비밀.pdf,,59
H0002256,H0003886,고전읽기융합전공,CLS1009,사회클래식BL:사랑의역사와문화정치학,2026,1,2015/1 ~ 2026/1,고전읽기융합전공,37.93,48.28,6.9,3.45,,3.45,,,,,,,11,14,2,1,,1,,,,,,,ok,outputs/pdfs_full/고전읽기융합전공__CLS1009__사회클래식BL_사랑의역사와문화정치학.pdf,,29
H0002256,H0003886,고전읽기융합전공,CLS1010,사회클래식BL:성과인간의대화,2026,1,2015/1 ~ 2026/1,고전읽기융합전공,51.72,20.69,22.41,3.45,1.72,,,,,,,,30,12,13,2,1,,,,,,,,ok,outputs/pdfs_full/고전읽기융합전공__CLS1010__사회클래식BL_성과인간의대화.pdf,,58
H0002256,H0003886,고전읽기융합전공,CLS1011,예술클래식BL:신화로읽는동화,2026,1,2015/1 ~ 2026/1,고전읽기융합전공,46.43,10.71,21.43,5.36,7.14,3.57,,5.36,,,,,26,6,12,3,4,2,,3,,,,,ok,outputs/pdfs_full/고전읽기융합전공__CLS1011__예술클래식BL_신화로읽는동화.pdf,,56
H0002256,H0003886,고전읽기융합전공,CLS1012,예술클래식BL:대중예술속그리스신화,2017,2,2015/1 ~ 2026/1,고전읽기융합전공,100,,,,,,,,,,,,29,,,,,,,,,,,,ok,outputs/pdfs_full/고전읽기융합전공__CLS1012__예술클래식BL_대중예술속그리스신화.pdf,,29
H0002256,H0003886,고전읽기융합전공,CLS1013,인문클래식:독서의기술,2026,1,2015/1 ~ 2026/1,고전읽기융합전공,44.83,34.48,20.69,,,,,,,,,,13,10,6,,,,,,,,,,ok,outputs/pdfs_full/고전읽기융합전공__CLS1013__인문클래식_독서의기술.pdf,,29
H0002256,H0003886,고전읽기융합전공,CLS1014,사회클래식:미디어와인간의확장,2015,2,2015/1 ~ 2026/1,고전읽기융합전공,38.89,,50,,,5.56,5.56,,,,,,7,,9,,,1,1,,,,,,ok,outputs/pdfs_full/고전읽기융합전공__CLS1014__사회클래식_미디어와인간의확장.pdf,,18
H0002256,H0003886,고전읽기융합전공,CLS1015,사회클래식:자서전의힘,2026,1,2015/1 ~ 2026/1,고전읽기융합전공,36.67,40,16.67,3.33,,3.33,,,,,,,11,12,5,1,,1,,,,,,,ok,outputs/pdfs_full/고전읽기융합전공__CLS1015__사회클래식_자서전의힘.pdf,,30
H0002256,H0002936,STS(과학기술학)전공,CLS1016,과학클래식:화학의변명,2026,1,2017/1 ~ 2020/2,STS(과학기술학)전공,90.91,6.06,3.03,,,,,,,,,,30,2,1,,,,,,,,,,ok,outputs/pdfs_full/STS(과학기술학)전공__CLS1016__과학클래식_화학의변명.pdf,,33
H0002256,H0002936,STS(과학기술학)전공,CLS1017,과학클래식:과학과종교,2019,2,2018/1 ~ 2021/2,STS(과학기술학)전공,39.13,8.7,34.78,8.7,,,,8.7,,,,,9,2,8,2,,,,2,,,,,ok,outputs/pdfs_full/STS(과학기술학)전공__CLS1017__과학클래식_과학과종교.pdf,,23
H0002256,H0003886,고전읽기융합전공,CLS1018,예술클래식:건축과미술,2018,2,2015/1 ~ 2026/1,고전읽기융합전공,23.53,5.88,35.29,5.88,23.53,5.88,,,,,,,4,1,6,1,4,1,,,,,,,ok,outputs/pdfs_full/고전읽기융합전공__CLS1018__예술클래식_건축과미술.pdf,,17
H0002256,H0003886,고전읽기융합전공,CLS1019,과학클래식:과학과 상상의 인간,2026,1,2015/2 ~ 2026/1,고전읽기융합전공,42.86,,50,3.57,,,3.57,,,,,,12,,14,1,,,1,,,,,,ok,outputs/pdfs_full/고전읽기융합전공__CLS1019__과학클래식_과학과_상상의_인간.pdf,,28
H0002256,H0003886,고전읽기융합전공,CLS1020,과학클래식:과학에게정의를묻다,2026,1,2016/1 ~ 2026/1,고전읽기융합전공,78.57,3.57,10.71,,7.14,,,,,,,,22,1,3,,2,,,,,,,,ok,outputs/pdfs_full/고전읽기융합전공__CLS1020__과학클래식_과학에게정의를묻다.pdf,,28
H0002256,H0003886,고전읽기융합전공,CLS1021,과학클래식:과학의풍경들,2026,1,2016/1 ~ 2026/1,고전읽기융합전공,55.17,31.03,3.45,3.45,3.45,,3.45,,,,,,16,9,1,1,1,,1,,,,,,ok,outputs/pdfs_full/고전읽기융합전공__CLS1021__과학클래식_과학의풍경들.pdf,,29
H0002256,H0003886,고전읽기융합전공,CLS1022,과학클래식:생명과문명의융합적세계관을향하여,2026,1,2017/2 ~ 2026/1,고전읽기융합전공,96.25,,3.75,,,,,,,,,,77,,3,,,,,,,,,,ok,outputs/pdfs_full/고전읽기융합전공__CLS1022__과학클래식_생명과문명의융합적세계관을향하여.pdf,,80
H0002256,H0003886,고전읽기융합전공,CLS1023,인문클래식:문학으로읽는음식과인간,2026,1,2018/1 ~ 2029/2,고전읽기융합전공,66.1,22.03,3.39,,8.47,,,,,,,,39,13,2,,5,,,,,,,,ok,outputs/pdfs_full/고전읽기융합전공__CLS1023__인문클래식_문학으로읽는음식과인간.pdf,,59
H0002256,H0003886,고전읽기융합전공,CLS1024,사회클래식:상상의낙원유토피아,2026,1,2018/1 ~ 2026/1,고전읽기융합전공,42.31,11.54,30.77,15.38,,,,,,,,,11,3,8,4,,,,,,,,,ok,outputs/pdfs_full/고전읽기융합전공__CLS1024__사회클래식_상상의낙원유토피아.pdf,,26
H0002256,H0003886,고전읽기융합전공,CLS1025,예술클래식:도시와문학,2026,1,2018/1 ~ 2026/1,고전읽기융합전공,39.29,17.86,21.43,10.71,10.71,,,,,,,,11,5,6,3,3,,,,,,,,ok,outputs/pdfs_full/고전읽기융합전공__CLS1025__예술클래식_도시와문학.pdf,,28
H0002256,H0002737,성악과,CMU1011,합창1,2026,1,1989/1 ~ 2027/2,성악과(학부/서울),84,14,2,,,,,,,,,,42,7,1,,,,,,,,,,ok,outputs/pdfs_full/성악과__CMU1011__합창1.pdf,,50
H0002256,H0002737,성악과,CMU1012,합창2,2025,2,1989/1 ~ 2027/2,성악과(학부/서울),88.46,7.69,,3.85,,,,,,,,,23,2,,1,,,,,,,,,ok,outputs/pdfs_full/성악과__CMU1012__합창2.pdf,,26
H0002256,H0002737,성악과,CMU1041,시창및청음1,2026,1,1989/1 ~ 2027/2,성악과(학부/서울),20.9,31.34,15.67,15.67,5.97,7.46,0.75,2.24,,,,,28,42,21,21,8,10,1,3,,,,,ok,outputs/pdfs_full/성악과__CMU1041__시창및청음1.pdf,,134
H0002256,H0002737,성악과,CMU1042,시창및청음2,2025,2,1989/1 ~ 2027/2,성악과(학부/서울),36.36,21.49,14.05,13.22,5.79,4.13,1.65,3.31,,,,,44,26,17,16,7,5,2,4,,,,,ok,outputs/pdfs_full/성악과__CMU1042__시창및청음2.pdf,,121
H0002256,H0002737,성악과,CMU2011,합창3,2026,1,1990/1 ~ 2028/2,성악과(학부/서울),84,16,,,,,,,,,,,21,4,,,,,,,,,,,ok,outputs/pdfs_full/성악과__CMU2011__합창3.pdf,,25
H0002256,H0002737,성악과,CMU2012,합창4,2025,2,1990/1 ~ 2028/2,성악과(학부/서울),75,25,,,,,,,,,,,18,6,,,,,,,,,,,ok,outputs/pdfs_full/성악과__CMU2012__합창4.pdf,,24
H0002256,H0002737,성악과,CMU2031,서양음악사1,2026,1,1989/1 ~ 2016/2,성악과(학부/서울),32.2,6.78,18.64,15.25,11.86,10.17,,,,3.39,1.69,,19,4,11,9,7,6,,,,2,1,,ok,outputs/pdfs_full/성악과__CMU2031__서양음악사1.pdf,,59
H0002256,H0002737,성악과,CMU2032,서양음악사2,2025,2,1989/1 ~ 2016/2,성악과(학부/서울),29.73,6.76,24.32,6.76,20.27,8.11,,1.35,,2.7,,,22,5,18,5,15,6,,1,,2,,,ok,outputs/pdfs_full/성악과__CMU2032__서양음악사2.pdf,,74
H0002256,H0002737,성악과,CMU2041,시창및청음3,2026,1,1990/1 ~ 2028/2,성악과(학부/서울),32.88,23.29,15.07,13.7,10.96,1.37,,2.74,,,,,24,17,11,10,8,1,,2,,,,,ok,outputs/pdfs_full/성악과__CMU2041__시창및청음3.pdf,,73
H0002256,H0002737,성악과,CMU2042,시창및청음4,2025,2,1990/1 ~ 2028/2,성악과(학부/서울),29.41,25.49,19.61,3.92,5.88,7.84,3.92,3.92,,,,,15,13,10,2,3,4,2,2,,,,,ok,outputs/pdfs_full/성악과__CMU2042__시창및청음4.pdf,,51
H0002256,H0002737,성악과,CMU3003,전공쏠페지오1,2026,1,1991/1 ~ 2029/2,성악과(학부/서울),22.22,22.22,16.67,27.78,11.11,,,,,,,,4,4,3,5,2,,,,,,,,ok,outputs/pdfs_full/성악과__CMU3003__전공쏠페지오1.pdf,,18
H0002256,H0002737,성악과,CMU3004,전공쏠페지오2,2025,2,1991/1 ~ 2029/2,성악과(학부/서울),31.58,10.53,31.58,5.26,21.05,,,,,,,,6,2,6,1,4,,,,,,,,ok,outputs/pdfs_full/성악과__CMU3004__전공쏠페지오2.pdf,,19
H0002256,H0002738,작곡과,CMU3007,연주매체특강B,2026,1,2003/1 ~ 2029/2,작곡과(학부/서울),18.18,63.64,9.09,9.09,,,,,,,,,2,7,1,1,,,,,,,,,ok,outputs/pdfs_full/작곡과__CMU3007__연주매체특강B.pdf,,11
H0002256,H0002737,성악과,CMU3011,합창5,2026,1,1991/1 ~ 2029/2,성악과(학부/서울),84.21,15.79,,,,,,,,,,,16,3,,,,,,,,,,,ok,outputs/pdfs_full/성악과__CMU3011__합창5.pdf,,19
H0002256,H0002737,성악과,CMU3012,합창6,2025,2,1991/1 ~ 2029/2,성악과(학부/서울),81.82,18.18,,,,,,,,,,,18,4,,,,,,,,,,,ok,outputs/pdfs_full/성악과__CMU3012__합창6.pdf,,22
H0002256,H0002737,성악과,CMU3031,서양음악사3,2026,1,1990/1 ~ 2017/2,성악과(학부/서울),22.73,18.18,22.73,18.18,18.18,,,,,,,,5,4,5,4,4,,,,,,,,ok,outputs/pdfs_full/성악과__CMU3031__서양음악사3.pdf,,22
H0002256,H0002737,성악과,CMU3032,서양음악사4,2025,2,1990/1 ~ 2017/2,성악과(학부/서울),18.52,22.22,29.63,11.11,14.81,3.7,,,,,,,5,6,8,3,4,1,,,,,,,ok,outputs/pdfs_full/성악과__CMU3032__서양음악사4.pdf,,27
H0002256,H0002737,성악과,CMU4011,합창7,2012,1,2010/1 ~ 2018/2,성악과(학부/서울),66.67,,,33.33,,,,,,,,,2,,,1,,,,,,,,,ok,outputs/pdfs_full/성악과__CMU4011__합창7.pdf,,3
H0002256,H0002737,성악과,CMU4012,합창8,2012,2,2010/1 ~ 2018/2,성악과(학부/서울),,,,,100,,,,,,,,,,,,1,,,,,,,,ok,outputs/pdfs_full/성악과__CMU4012__합창8.pdf,,1
H0002256,H0002737,성악과,CMU4053,전공쏠페지오3,2026,1,2012/1 ~ 2030/2,성악과(학부/서울),40,,46.67,13.33,,,,,,,,,6,,7,2,,,,,,,,,ok,outputs/pdfs_full/성악과__CMU4053__전공쏠페지오3.pdf,,15
H0002256,H0002737,성악과,CMU4054,전공쏠페지오4,2025,2,2012/1 ~ 2030/2,성악과(학부/서울),12.5,50,12.5,25,,,,,,,,,1,4,1,2,,,,,,,,,ok,outputs/pdfs_full/성악과__CMU4054__전공쏠페지오4.pdf,,8
H0002256,H0002570,도시공학과,COE1010,실용공학연구1,2025,1,1998/1 ~ 2025/2,도시공학과(학부/서울),,,,,,,,,,100,,,,,,,,,,,,69,,,ok,outputs/pdfs_full/도시공학과__COE1010__실용공학연구1.pdf,,69
H0002256,H0002570,도시공학과,COE1011,실용공학연구2,2025,2,1998/1 ~ 2025/2,도시공학과(학부/서울),,,,,,,,,,100,,,,,,,,,,,,56,,,ok,outputs/pdfs_full/도시공학과__COE1011__실용공학연구2.pdf,,56
H0002256,H0002570,도시공학과,COE1012,실용공학연구3,2026,1,1998/1 ~ 2026/2,도시공학과(학부/서울),,,,,,,,,,100,,,,,,,,,,,,28,,,ok,outputs/pdfs_full/도시공학과__COE1012__실용공학연구3.pdf,,28
H0002256,H0002570,도시공학과,COE1013,실용공학연구4,2025,2,1998/1 ~ 2000/2,도시공학과(학부/서울),,,,,,,,,,100,,,,,,,,,,,,25,,,ok,outputs/pdfs_full/도시공학과__COE1013__실용공학연구4.pdf,,25
H0002256,H0002570,도시공학과,COE1014,실용공학연구5,2007,1,1998/1 ~ 2001/2,도시공학과(학부/서울),,,,,,,,,,100,,,,,,,,,,,,3,,,ok,outputs/pdfs_full/도시공학과__COE1014__실용공학연구5.pdf,,3
H0002256,H0002570,도시공학과,COE1015,실용공학연구6,2012,2,1998/1 ~ 2001/2,도시공학과(학부/서울),,,,,,,,,,100,,,,,,,,,,,,6,,,ok,outputs/pdfs_full/도시공학과__COE1015__실용공학연구6.pdf,,6
H0002256,H0002521,건축공학부,COE2003,정역학,2025,2,2006/1 ~ 2009/2,건축공학부(학부/서울),19.88,24.22,24.22,10.56,8.7,9.32,3.11,,,,,,32,39,39,17,14,15,5,,,,,,ok,outputs/pdfs_full/건축공학부__COE2003__정역학.pdf,,161
H0002256,H0002521,건축공학부,COE2004,동역학,2026,1,2006/1 ~ 2009/2,건축공학부(학부/서울),18.97,17,19.76,17,14.62,7.91,4.35,,,,0.4,,48,43,50,43,37,20,11,,,,1,,ok,outputs/pdfs_full/건축공학부__COE2004__동역학.pdf,,253
H0002256,H0002517,건설환경공학과,COE2022,공학입문설계,2026,1,2010/1 ~ 2027/2,건설환경공학과(학부/서울),60,20.93,13.95,,5.12,,,,,,,,129,45,30,,11,,,,,,,,ok,outputs/pdfs_full/건설환경공학과__COE2022__공학입문설계.pdf,,215
H0002256,H0002517,건설환경공학과,COE2051,공업역학,2026,1,2009/1 ~ 2028/2,건설환경공학과(학부/서울),18.18,30.3,21.21,13.64,12.12,,4.55,,,,,,12,20,14,9,8,,3,,,,,,ok,outputs/pdfs_full/건설환경공학과__COE2051__공업역학.pdf,,66
H0002256,H0002570,도시공학과,COE3001,공업수학,2016,2,1991/1 ~ 1994/2,도시공학과(학부/서울),23.75,5,38.75,5,16.25,5,,6.25,,,,,19,4,31,4,13,4,,5,,,,,ok,outputs/pdfs_full/도시공학과__COE3001__공업수학.pdf,,80
H0002256,H0002256,서울 대학,COE3003,응용통계학,2025,2,1993/1 ~ 1996/2,대학(학부/서울),10.53,18.42,21.05,18.42,7.89,13.16,7.89,,,,2.63,,4,7,8,7,3,5,3,,,,1,,ok,outputs/pdfs_seoul_university/서울_대학__COE3003__응용통계학.pdf,,38
H0002256,H0002521,건축공학부,COE3051,공업수학1,2026,1,2006/1 ~ 2028/2,건축공학부(학부/서울),17.22,12.08,15.51,14.2,24.67,8.56,6.34,1.31,,,,,171,120,154,141,245,85,63,13,,,,,ok,outputs/pdfs_full/건축공학부__COE3051__공업수학1.pdf,,992
H0002256,H0002521,건축공학부,COE3052,공업수학2,2025,2,2010/1 ~ 2011/2,건축공학부(학부/서울),15.18,14.88,16.07,12.05,19.2,13.99,7.44,1.19,,,,,102,100,108,81,129,94,50,8,,,,,ok,outputs/pdfs_full/건축공학부__COE3052__공업수학2.pdf,,672
H0002256,H0002517,건설환경공학과,COE3053,공업수학3,2026,1,2011/1 ~ 2017/2,건설환경공학과(학부/서울),26.76,17.39,23.75,11.37,14.05,6.02,0.33,,,,0.33,,80,52,71,34,42,18,1,,,,1,,ok,outputs/pdfs_full/건설환경공학과__COE3053__공업수학3.pdf,,299
H0002256,H0002575,융합전자공학부,COM2018,객체지향프로그래밍,2025,2,2014/1 ~ 2028/2,융합전자공학부,23.17,32.93,17.07,9.76,2.44,6.1,7.32,,,,1.22,,19,27,14,8,2,5,6,,,,1,,ok,outputs/pdfs_full/융합전자공학부__COM2018__객체지향프로그래밍.pdf,,82
H0002256,H0002737,성악과,COP1006,화성학1,2023,1,1989/1 ~ 1992/2,성악과(학부/서울),16.67,38.89,5.56,22.22,16.67,,,,,,,,3,7,1,4,3,,,,,,,,ok,outputs/pdfs_full/성악과__COP1006__화성학1.pdf,,18
H0002256,H0002737,성악과,COP1007,화성학2,2023,2,1989/1 ~ 1992/2,성악과(학부/서울),26.32,15.79,21.05,15.79,10.53,5.26,5.26,,,,,,5,3,4,3,2,1,1,,,,,,ok,outputs/pdfs_full/성악과__COP1007__화성학2.pdf,,19
H0002256,H0002738,작곡과,COP1012,선법대위,2026,1,2024/1 ~ 2027/2,작곡과(학부/서울),13.33,13.33,26.67,13.33,6.67,6.67,6.67,13.33,,,,,2,2,4,2,1,1,1,2,,,,,ok,outputs/pdfs_full/작곡과__COP1012__선법대위.pdf,,15
H0002256,H0002738,작곡과,COP1013,음악소리의기초,2026,1,2024/1 ~ 2027/2,작곡과(학부/서울),17.65,47.06,29.41,5.88,,,,,,,,,3,8,5,1,,,,,,,,,ok,outputs/pdfs_full/작곡과__COP1013__음악소리의기초.pdf,,17
H0002256,H0002738,작곡과,COP1014,후기낭만화성,2026,1,2024/1 ~ 2027/2,작곡과(학부/서울),13.33,26.67,40,6.67,13.33,,,,,,,,2,4,6,1,2,,,,,,,,ok,outputs/pdfs_full/작곡과__COP1014__후기낭만화성.pdf,,15
H0002256,H0002738,작곡과,COP1015,푸가,2025,2,2024/1 ~ 2027/2,작곡과(학부/서울),20,20,30,10,10,10,,,,,,,2,2,3,1,1,1,,,,,,,ok,outputs/pdfs_full/작곡과__COP1015__푸가.pdf,,10
H0002256,H0002738,작곡과,COP1016,악기의이론과실제,2025,2,2024/1 ~ 2027/2,작곡과(학부/서울),21.43,7.14,42.86,14.29,,,,,,,14.29,,3,1,6,2,,,,,,,2,,ok,outputs/pdfs_full/작곡과__COP1016__악기의이론과실제.pdf,,14
H0002256,H0002738,작곡과,COP1017,고급화성,2025,2,2024/1 ~ 2027/2,작곡과(학부/서울),25,16.67,33.33,8.33,8.33,,,,,,8.33,,3,2,4,1,1,,,,,,1,,ok,outputs/pdfs_full/작곡과__COP1017__고급화성.pdf,,12
H0002256,H0002738,작곡과,COP1018,현대음악감상,2025,2,2024/1 ~ 2027/2,작곡과(학부/서울),36.36,18.18,36.36,9.09,,,,,,,,,4,2,4,1,,,,,,,,,ok,outputs/pdfs_full/작곡과__COP1018__현대음악감상.pdf,,11
H0002256,H0002737,성악과,COP1051,건반화성1,2026,1,1990/1 ~ 2005/2,성악과(학부/서울),50,33.33,,,,,,16.67,,,,,3,2,,,,,,1,,,,,ok,outputs/pdfs_full/성악과__COP1051__건반화성1.pdf,,6
H0002256,H0002737,성악과,COP1052,건반화성2,2025,2,1990/1 ~ 2005/2,성악과(학부/서울),24,16,24,16,8,12,,,,,,,6,4,6,4,2,3,,,,,,,ok,outputs/pdfs_full/성악과__COP1052__건반화성2.pdf,,25
H0002256,H0002738,작곡과,COP1057,음악문헌1,2015,1,1997/1 ~ 2015/2,작곡과(학부/서울),5.88,76.47,17.65,,,,,,,,,,1,13,3,,,,,,,,,,ok,outputs/pdfs_full/작곡과__COP1057__음악문헌1.pdf,,17
H0002256,H0002738,작곡과,COP1058,음악문헌2,2015,2,1997/1 ~ 2015/2,작곡과(학부/서울),6.67,40,53.33,,,,,,,,,,1,6,8,,,,,,,,,,ok,outputs/pdfs_full/작곡과__COP1058__음악문헌2.pdf,,15
H0002256,H0002738,작곡과,COP1059,작곡전공실기1,2026,1,1999/1 ~ 2027/2,작곡과(학부/서울),7.69,15.38,69.23,7.69,,,,,,,,,1,2,9,1,,,,,,,,,ok,outputs/pdfs_full/작곡과__COP1059__작곡전공실기1.pdf,,13
H0002256,H0002738,작곡과,COP1060,작곡전공실기2,2025,2,1999/1 ~ 2027/2,작곡과(학부/서울),,45.45,45.45,9.09,,,,,,,,,,5,5,1,,,,,,,,,ok,outputs/pdfs_full/작곡과__COP1060__작곡전공실기2.pdf,,11
H0002256,H0002737,성악과,COP1063,음악이론1,2026,1,2005/1 ~ 2027/2,성악과(학부/서울),21.33,17.33,25.33,8,14.67,6.67,4,,,2.67,,,16,13,19,6,11,5,3,,,2,,,ok,outputs/pdfs_full/성악과__COP1063__음악이론1.pdf,,75
H0002256,H0002737,성악과,COP1064,음악이론2,2025,2,2005/1 ~ 2027/2,성악과(학부/서울),24.49,14.29,14.29,14.29,12.24,6.12,8.16,2.04,,4.08,,,12,7,7,7,6,3,4,1,,2,,,ok,outputs/pdfs_full/성악과__COP1064__음악이론2.pdf,,49
H0002256,H0002739,피아노과,COP1065,현대음악연주1,2026,1,2008/1 ~ 2015/2,피아노과(학부/서울),86.67,13.33,,,,,,,,,,,13,2,,,,,,,,,,,ok,outputs/pdfs_full/피아노과__COP1065__현대음악연주1.pdf,,15
H0002256,H0002739,피아노과,COP1066,현대음악연주2,2025,2,2008/1 ~ 2015/2,피아노과(학부/서울),100,,,,,,,,,,,,10,,,,,,,,,,,,ok,outputs/pdfs_full/피아노과__COP1066__현대음악연주2.pdf,,10
H0002256,H0002738,작곡과,COP1067,기악실습1,2016,1,2005/1 ~ 2016/2,작곡과(학부/서울),50,41.67,8.33,,,,,,,,,,12,10,2,,,,,,,,,,ok,outputs/pdfs_full/작곡과__COP1067__기악실습1.pdf,,24
H0002256,H0002738,작곡과,COP1068,기악실습2,2016,2,2005/1 ~ 2016/2,작곡과(학부/서울),92.86,,7.14,,,,,,,,,,13,,1,,,,,,,,,,ok,outputs/pdfs_full/작곡과__COP1068__기악실습2.pdf,,14
H0002256,H0002738,작곡과,COP1069,건반화성,2019,2,2016/1 ~ 2019/2,작곡과(학부/서울),23.08,23.08,38.46,,7.69,,,7.69,,,,,3,3,5,,1,,,1,,,,,ok,outputs/pdfs_full/작곡과__COP1069__건반화성.pdf,,13
H0002256,H0002738,작곡과,COP1070,미디어와음악,2025,2,2020/1 ~ 2027/2,작곡과(학부/서울),41.67,,58.33,,,,,,,,,,5,,7,,,,,,,,,,ok,outputs/pdfs_full/작곡과__COP1070__미디어와음악.pdf,,12
H0002256,H0002737,성악과,COP2001,대위법1,2023,1,1989/1 ~ 1996/2,성악과(학부/서울),11.11,27.78,16.67,16.67,16.67,,5.56,5.56,,,,,2,5,3,3,3,,1,1,,,,,ok,outputs/pdfs_full/성악과__COP2001__대위법1.pdf,,18
H0002256,H0002737,성악과,COP2002,대위법2,2023,2,1989/1 ~ 1996/2,성악과(학부/서울),11.11,27.78,27.78,11.11,5.56,11.11,5.56,,,,,,2,5,5,2,1,2,1,,,,,,ok,outputs/pdfs_full/성악과__COP2002__대위법2.pdf,,18
H0002256,H0002737,성악과,COP2003,악기론1,2023,1,1997/1 ~ 2004/2,성악과(학부/서울),11.11,27.78,16.67,5.56,16.67,22.22,,,,,,,2,5,3,1,3,4,,,,,,,ok,outputs/pdfs_full/성악과__COP2003__악기론1.pdf,,18
H0002256,H0002737,성악과,COP2004,악기론2,2023,2,1997/1 ~ 2004/2,성악과(학부/서울),15.79,15.79,21.05,26.32,21.05,,,,,,,,3,3,4,5,4,,,,,,,,ok,outputs/pdfs_full/성악과__COP2004__악기론2.pdf,,19
H0002256,H0002741,국악과,COP2011,서양음악이론1,2026,1,2005/1 ~ 2027/2,국악과(학부/서울),17.65,23.53,26.47,14.71,5.88,2.94,5.88,2.94,,,,,6,8,9,5,2,1,2,1,,,,,ok,outputs/pdfs_full/국악과__COP2011__서양음악이론1.pdf,,34
H0002256,H0002741,국악과,COP2012,서양음악이론2,2025,2,2005/1 ~ 2027/2,국악과(학부/서울),42.86,3.57,14.29,14.29,10.71,10.71,3.57,,,,,,12,1,4,4,3,3,1,,,,,,ok,outputs/pdfs_full/국악과__COP2012__서양음악이론2.pdf,,28
H0002256,H0002738,작곡과,COP2031,음악이론특강1,2016,1,2000/1 ~ 2022/2,작곡과(학부/서울),66.67,33.33,,,,,,,,,,,6,3,,,,,,,,,,,ok,outputs/pdfs_full/작곡과__COP2031__음악이론특강1.pdf,,9
H0002256,H0002738,작곡과,COP2032,음악이론특강2,2016,2,2000/1 ~ 2022/2,작곡과(학부/서울),100,,,,,,,,,,,,5,,,,,,,,,,,,ok,outputs/pdfs_full/작곡과__COP2032__음악이론특강2.pdf,,5
H0002256,H0002738,작곡과,COP2033,작곡전공실기3,2026,1,1999/1 ~ 2028/2,작곡과(학부/서울),6.67,33.33,60,,,,,,,,,,1,5,9,,,,,,,,,,ok,outputs/pdfs_full/작곡과__COP2033__작곡전공실기3.pdf,,15
H0002256,H0002738,작곡과,COP2034,작곡전공실기4,2025,2,1999/1 ~ 2028/2,작곡과(학부/서울),,37.5,31.25,12.5,18.75,,,,,,,,,6,5,2,3,,,,,,,,ok,outputs/pdfs_full/작곡과__COP2034__작곡전공실기4.pdf,,16
H0002256,H0002737,성악과,COP2037,음악이론3,2026,1,2006/1 ~ 2028/2,성악과(학부/서울),28.13,10.94,20.31,14.06,15.63,6.25,4.69,,,,,,18,7,13,9,10,4,3,,,,,,ok,outputs/pdfs_full/성악과__COP2037__음악이론3.pdf,,64
H0002256,H0002737,성악과,COP2038,음악이론4,2025,2,2006/1 ~ 2028/2,성악과(학부/서울),28.33,13.33,21.67,18.33,11.67,5,,1.67,,,,,17,8,13,11,7,3,,1,,,,,ok,outputs/pdfs_full/성악과__COP2038__음악이론4.pdf,,60
H0002256,H0002738,작곡과,COP2041,기악실습3,2017,1,2006/1 ~ 2017/2,작곡과(학부/서울),50,40,10,,,,,,,,,,5,4,1,,,,,,,,,,ok,outputs/pdfs_full/작곡과__COP2041__기악실습3.pdf,,10
H0002256,H0002738,작곡과,COP2042,국악기실습1,2017,1,2006/1 ~ 2017/2,작곡과(학부/서울),89.47,10.53,,,,,,,,,,,17,2,,,,,,,,,,,ok,outputs/pdfs_full/작곡과__COP2042__국악기실습1.pdf,,19
H0002256,H0002738,작곡과,COP2043,음악학개론1,2017,1,2006/1 ~ 2021/2,작곡과(학부/서울),100,,,,,,,,,,,,12,,,,,,,,,,,,ok,outputs/pdfs_full/작곡과__COP2043__음악학개론1.pdf,,12
H0002256,H0002738,작곡과,COP2044,기악실습4,2017,2,2006/1 ~ 2017/2,작곡과(학부/서울),63.64,36.36,,,,,,,,,,,7,4,,,,,,,,,,,ok,outputs/pdfs_full/작곡과__COP2044__기악실습4.pdf,,11
H0002256,H0002738,작곡과,COP2045,국악기실습2,2017,2,2006/1 ~ 2017/2,작곡과(학부/서울),53.85,46.15,,,,,,,,,,,7,6,,,,,,,,,,,ok,outputs/pdfs_full/작곡과__COP2045__국악기실습2.pdf,,13
H0002256,H0002738,작곡과,COP2046,음악학개론2,2016,2,2006/1 ~ 2021/2,작곡과(학부/서울),100,,,,,,,,,,,,5,,,,,,,,,,,,ok,outputs/pdfs_full/작곡과__COP2046__음악학개론2.pdf,,5
H0002256,H0002738,작곡과,COP2047,후기낭만화성1,2020,1,2014/1 ~ 2020/2,작곡과(학부/서울),28.57,14.29,42.86,7.14,7.14,,,,,,,,4,2,6,1,1,,,,,,,,ok,outputs/pdfs_full/작곡과__COP2047__후기낭만화성1.pdf,,14
H0002256,H0002738,작곡과,COP2048,후기낭만화성2,2020,2,2014/1 ~ 2020/2,작곡과(학부/서울),18.18,18.18,54.55,9.09,,,,,,,,,2,2,6,1,,,,,,,,,ok,outputs/pdfs_full/작곡과__COP2048__후기낭만화성2.pdf,,11
H0002256,H0002737,성악과,COP2049,피아노실습(건반화성)1,2020,1,2014/1 ~ 2016/2,성악과(학부/서울),40,12,28,8,,12,,,,,,,10,3,7,2,,3,,,,,,,ok,outputs/pdfs_full/성악과__COP2049__피아노실습(건반화성)1.pdf,,25
H0002256,H0002737,성악과,COP2050,피아노실습(건반화성)2,2019,2,2014/1 ~ 2016/2,성악과(학부/서울),80,10,5,5,,,,,,,,,16,2,1,1,,,,,,,,,ok,outputs/pdfs_full/성악과__COP2050__피아노실습(건반화성)2.pdf,,20
H0002256,H0002738,작곡과,COP2051,기악및국악기실습1,2026,1,2017/1 ~ 2028/2,작곡과(학부/서울),46.67,33.33,20,,,,,,,,,,7,5,3,,,,,,,,,,ok,outputs/pdfs_full/작곡과__COP2051__기악및국악기실습1.pdf,,15
H0002256,H0002738,작곡과,COP2052,기악및국악기실습2,2025,2,2017/1 ~ 2028/2,작곡과(학부/서울),57.89,36.84,5.26,,,,,,,,,,11,7,1,,,,,,,,,,ok,outputs/pdfs_full/작곡과__COP2052__기악및국악기실습2.pdf,,19
H0002256,H0002737,성악과,COP3004,대위법3,2016,1,1990/1 ~ 1997/2,성악과(학부/서울),5.56,33.33,22.22,22.22,16.67,,,,,,,,1,6,4,4,3,,,,,,,,ok,outputs/pdfs_full/성악과__COP3004__대위법3.pdf,,18
H0002256,H0002738,작곡과,COP3005,관현악법1,2026,1,1991/1 ~ 2028/2,작곡과(학부/서울),20,20,20,20,15,5,,,,,,,4,4,4,4,3,1,,,,,,,ok,outputs/pdfs_full/작곡과__COP3005__관현악법1.pdf,,20
H0002256,H0002738,작곡과,COP3006,관현악법2,2025,2,1991/1 ~ 2028/2,작곡과(학부/서울),38.46,15.38,23.08,,,23.08,,,,,,,5,2,3,,,3,,,,,,,ok,outputs/pdfs_full/작곡과__COP3006__관현악법2.pdf,,13
H0002256,H0002737,성악과,COP3009,대위법4,2016,2,1990/1 ~ 1997/2,성악과(학부/서울),21.43,21.43,14.29,14.29,21.43,7.14,,,,,,,3,3,2,2,3,1,,,,,,,ok,outputs/pdfs_full/성악과__COP3009__대위법4.pdf,,14
H0002256,H0002738,작곡과,COP3017,20세기음악1,2026,1,1991/1 ~ 2028/2,작곡과(학부/서울),18.75,18.75,18.75,18.75,18.75,,,,,6.25,,,3,3,3,3,3,,,,,1,,,ok,outputs/pdfs_full/작곡과__COP3017__20세기음악1.pdf,,16
H0002256,H0002738,작곡과,COP3018,20세기음악2,2025,2,1991/1 ~ 2028/2,작곡과(학부/서울),11.76,29.41,17.65,17.65,,23.53,,,,,,,2,5,3,3,,4,,,,,,,ok,outputs/pdfs_full/작곡과__COP3018__20세기음악2.pdf,,17
H0002256,H0002738,작곡과,COP3025,전자음악입문,2026,1,2026/1 ~ 2029/2,작곡과(학부/서울),12.5,12.5,25,6.25,18.75,12.5,6.25,,,,6.25,,2,2,4,1,3,2,1,,,,1,,ok,outputs/pdfs_full/작곡과__COP3025__전자음악입문.pdf,,16
H0002256,H0002738,작곡과,COP3053,전자음악1,2025,1,1999/1 ~ 2025/2,작곡과(학부/서울),33.33,25,8.33,16.67,8.33,8.33,,,,,,,4,3,1,2,1,1,,,,,,,ok,outputs/pdfs_full/작곡과__COP3053__전자음악1.pdf,,12
H0002256,H0002738,작곡과,COP3054,전자음악2,2025,2,1999/1 ~ 2025/2,작곡과(학부/서울),22.22,22.22,,44.44,,11.11,,,,,,,2,2,,4,,1,,,,,,,ok,outputs/pdfs_full/작곡과__COP3054__전자음악2.pdf,,9
H0002256,H0002738,작곡과,COP3055,전자음악3,2017,1,2000/1 ~ 2017/2,작곡과(학부/서울),33.33,44.44,11.11,11.11,,,,,,,,,3,4,1,1,,,,,,,,,ok,outputs/pdfs_full/작곡과__COP3055__전자음악3.pdf,,9
H0002256,H0002738,작곡과,COP3056,전자음악4,2017,2,2000/1 ~ 2017/2,작곡과(학부/서울),33.33,66.67,,,,,,,,,,,2,4,,,,,,,,,,,ok,outputs/pdfs_full/작곡과__COP3056__전자음악4.pdf,,6
H0002256,H0002738,작곡과,COP3057,작곡전공실기5,2026,1,1999/1 ~ 2029/2,작곡과(학부/서울),6.67,46.67,40,6.67,,,,,,,,,1,7,6,1,,,,,,,,,ok,outputs/pdfs_full/작곡과__COP3057__작곡전공실기5.pdf,,15
H0002256,H0002738,작곡과,COP3058,작곡전공실기6,2025,2,1999/1 ~ 2029/2,작곡과(학부/서울),5.56,38.89,16.67,27.78,5.56,5.56,,,,,,,1,7,3,5,1,1,,,,,,,ok,outputs/pdfs_full/작곡과__COP3058__작곡전공실기6.pdf,,18
H0002256,H0002737,성악과,COP3061,연주와비평5,2026,1,2007/1 ~ 2021/2,성악과(학부/서울),53.75,17.5,12.5,5,2.5,3.75,,5,,,,,43,14,10,4,2,3,,4,,,,,ok,outputs/pdfs_full/성악과__COP3061__연주와비평5.pdf,,80
H0002256,H0002737,성악과,COP3062,연주와비평6,2025,2,2007/1 ~ 2021/2,성악과(학부/서울),54.74,16.84,13.68,7.37,3.16,1.05,2.11,1.05,,,,,52,16,13,7,3,1,2,1,,,,,ok,outputs/pdfs_full/성악과__COP3062__연주와비평6.pdf,,95
H0002256,H0002738,작곡과,COP3065,연주매체특강1,2017,1,2007/1 ~ 2017/2,작곡과(학부/서울),36.36,,45.45,,18.18,,,,,,,,4,,5,,2,,,,,,,,ok,outputs/pdfs_full/작곡과__COP3065__연주매체특강1.pdf,,11
H0002256,H0002738,작곡과,COP3066,국악기실습3,2018,1,2007/1 ~ 2018/2,작곡과(학부/서울),,100,,,,,,,,,,,,5,,,,,,,,,,,ok,outputs/pdfs_full/작곡과__COP3066__국악기실습3.pdf,,5
H0002256,H0002738,작곡과,COP3067,음악형식과분석1,2026,1,2007/1 ~ 2028/2,작곡과(학부/서울),70.59,11.76,5.88,,,,,,,5.88,5.88,,12,2,1,,,,,,,1,1,,ok,outputs/pdfs_full/작곡과__COP3067__음악형식과분석1.pdf,,17
H0002256,H0002738,작곡과,COP3068,국악기실습4,2018,2,2007/1 ~ 2018/2,작곡과(학부/서울),20,60,,20,,,,,,,,,1,3,,1,,,,,,,,,ok,outputs/pdfs_full/작곡과__COP3068__국악기실습4.pdf,,5
H0002256,H0002738,작곡과,COP3071,음악형식과분석2,2025,2,2007/1 ~ 2028/2,작곡과(학부/서울),53.33,26.67,13.33,6.67,,,,,,,,,8,4,2,1,,,,,,,,,ok,outputs/pdfs_full/작곡과__COP3071__음악형식과분석2.pdf,,15
H0002256,H0002737,성악과,COP3076,연주를위한음악분석1,2025,1,2015/1 ~ 2017/2,성악과(학부/서울),40,,40,20,,,,,,,,,4,,4,2,,,,,,,,,ok,outputs/pdfs_full/성악과__COP3076__연주를위한음악분석1.pdf,,10
H0002256,H0002737,성악과,COP3077,연주를위한음악분석2,2025,2,2015/1 ~ 2017/2,성악과(학부/서울),21.43,21.43,50,,7.14,,,,,,,,3,3,7,,1,,,,,,,,ok,outputs/pdfs_full/성악과__COP3077__연주를위한음악분석2.pdf,,14
H0002256,H0002737,성악과,COP3078,음악회제작캡스톤디자인,2015,1,2014/1 ~ 2017/2,성악과(학부/서울),100,,,,,,,,,,,,12,,,,,,,,,,,,ok,outputs/pdfs_full/성악과__COP3078__음악회제작캡스톤디자인.pdf,,12
H0002256,H0002738,작곡과,COP3079,기악및국악기실습3,2026,1,2018/1 ~ 2029/2,작곡과(학부/서울),50,42.86,7.14,,,,,,,,,,7,6,1,,,,,,,,,,ok,outputs/pdfs_full/작곡과__COP3079__기악및국악기실습3.pdf,,14
H0002256,H0002738,작곡과,COP3080,기악및국악기실습4,2025,2,2018/1 ~ 2029/2,작곡과(학부/서울),44.44,44.44,11.11,,,,,,,,,,4,4,1,,,,,,,,,,ok,outputs/pdfs_full/작곡과__COP3080__기악및국악기실습4.pdf,,9
H0002256,H0002738,작곡과,COP3081,20세기대위법,2025,1,2018/2 ~ 2025/2,작곡과(학부/서울),25,16.67,25,8.33,16.67,,8.33,,,,,,3,2,3,1,2,,1,,,,,,ok,outputs/pdfs_full/작곡과__COP3081__20세기대위법.pdf,,12
H0002256,H0002738,작곡과,COP3082,관현악워크샵,2019,2,2018/2 ~ 2021/2,작곡과(학부/서울),33.33,,55.56,,11.11,,,,,,,,3,,5,,1,,,,,,,,ok,outputs/pdfs_full/작곡과__COP3082__관현악워크샵.pdf,,9
H0002256,H0002738,작곡과,COP3083,관현악워크샾1,2026,1,2020/1 ~ 2029/2,작곡과(학부/서울),25,25,37.5,,12.5,,,,,,,,2,2,3,,1,,,,,,,,ok,outputs/pdfs_full/작곡과__COP3083__관현악워크샾1.pdf,,8
H0002256,H0002738,작곡과,COP3084,관현악워크샾2,2025,2,2020/1 ~ 2029/2,작곡과(학부/서울),25,8.33,41.67,25,,,,,,,,,3,1,5,3,,,,,,,,,ok,outputs/pdfs_full/작곡과__COP3084__관현악워크샾2.pdf,,12
H0002256,H0002738,작곡과,COP3085,리허설테크닉1,2026,1,2026/1 ~ 2029/2,작곡과(학부/서울),40,40,10,,10,,,,,,,,4,4,1,,1,,,,,,,,ok,outputs/pdfs_full/작곡과__COP3085__리허설테크닉1.pdf,,10
H0002256,H0002738,작곡과,COP4003,관현악법3,2017,1,1992/1 ~ 2017/2,작곡과(학부/서울),15.38,23.08,38.46,,23.08,,,,,,,,2,3,5,,3,,,,,,,,ok,outputs/pdfs_full/작곡과__COP4003__관현악법3.pdf,,13
H0002256,H0002738,작곡과,COP4004,관현악법4,2017,2,1992/1 ~ 2017/2,작곡과(학부/서울),28.57,14.29,28.57,7.14,21.43,,,,,,,,4,2,4,1,3,,,,,,,,ok,outputs/pdfs_full/작곡과__COP4004__관현악법4.pdf,,14
H0002256,H0002738,작곡과,COP4009,음악사특강1,2014,1,1992/1 ~ 2018/2,작곡과(학부/서울),40,30,30,,,,,,,,,,4,3,3,,,,,,,,,,ok,outputs/pdfs_full/작곡과__COP4009__음악사특강1.pdf,,10
H0002256,H0002738,작곡과,COP4010,음악사특강2,2014,2,1992/1 ~ 2018/2,작곡과(학부/서울),40,20,10,20,10,,,,,,,,4,2,1,2,1,,,,,,,,ok,outputs/pdfs_full/작곡과__COP4010__음악사특강2.pdf,,10
H0002256,H0002738,작곡과,COP4015,20세기음악3,2026,1,1992/1 ~ 2029/2,작곡과(학부/서울),20,,10,30,20,10,,,,,10,,2,,1,3,2,1,,,,,1,,ok,outputs/pdfs_full/작곡과__COP4015__20세기음악3.pdf,,10
H0002256,H0002738,작곡과,COP4016,20세기음악4,2025,2,1992/1 ~ 2025/2,작곡과(학부/서울),70,10,20,,,,,,,,,,7,1,2,,,,,,,,,,ok,outputs/pdfs_full/작곡과__COP4016__20세기음악4.pdf,,10
H0002256,H0002738,작곡과,COP4025,음악학개론,2025,2,2018/1 ~ 2028/2,작곡과(학부/서울),88.89,11.11,,,,,,,,,,,8,1,,,,,,,,,,,ok,outputs/pdfs_full/작곡과__COP4025__음악학개론.pdf,,9
H0002256,H0002738,작곡과,COP4029,작곡전공실기7,2026,1,1999/1 ~ 2030/2,작곡과(학부/서울),,45,35,10,5,5,,,,,,,,9,7,2,1,1,,,,,,,ok,outputs/pdfs_full/작곡과__COP4029__작곡전공실기7.pdf,,20
H0002256,H0002738,작곡과,COP4030,작곡전공실기8,2025,2,1999/1 ~ 2030/2,작곡과(학부/서울),,35.71,21.43,21.43,14.29,,7.14,,,,,,,5,3,3,2,,1,,,,,,ok,outputs/pdfs_full/작곡과__COP4030__작곡전공실기8.pdf,,14
H0002256,H0002738,작곡과,COP4031,작곡워크샵1,2026,1,2004/1 ~ 2026/2,작곡과(학부/서울),100,,,,,,,,,,,,9,,,,,,,,,,,,ok,outputs/pdfs_full/작곡과__COP4031__작곡워크샵1.pdf,,9
H0002256,H0002738,작곡과,COP4032,작곡워크샵2,2025,2,2004/1 ~ 2026/2,작곡과(학부/서울),66.67,16.67,16.67,,,,,,,,,,4,1,1,,,,,,,,,,ok,outputs/pdfs_full/작곡과__COP4032__작곡워크샵2.pdf,,6
H0002256,H0002737,성악과,COP4043,중등음악교육실습1,2026,1,2012/1 ~ 2018/2,성악과(학부/서울),28,12,40,,16,4,,,,,,,7,3,10,,4,1,,,,,,,ok,outputs/pdfs_full/성악과__COP4043__중등음악교육실습1.pdf,,25
H0002256,H0002737,성악과,COP4044,중등음악교육실습2,2025,2,2009/1 ~ 2018/2,성악과(학부/서울),55.56,33.33,11.11,,,,,,,,,,5,3,1,,,,,,,,,,ok,outputs/pdfs_full/성악과__COP4044__중등음악교육실습2.pdf,,9
H0002256,H0002738,작곡과,COP4045,포스트프로덕션1,2026,1,2012/1 ~ 2026/2,작곡과(학부/서울),18.18,18.18,27.27,9.09,18.18,,,,,,9.09,,2,2,3,1,2,,,,,,1,,ok,outputs/pdfs_full/작곡과__COP4045__포스트프로덕션1.pdf,,11
H0002256,H0002738,작곡과,COP4046,포스트프로덕션2,2025,2,2012/1 ~ 2026/2,작곡과(학부/서울),18.18,18.18,18.18,27.27,9.09,9.09,,,,,,,2,2,2,3,1,1,,,,,,,ok,outputs/pdfs_full/작곡과__COP4046__포스트프로덕션2.pdf,,11
H0002256,H0002738,작곡과,COP4049,국악작곡기법1,2026,1,2016/1 ~ 2026/2,작곡과(학부/서울),20,20,60,,,,,,,,,,2,2,6,,,,,,,,,,ok,outputs/pdfs_full/작곡과__COP4049__국악작곡기법1.pdf,,10
H0002256,H0002738,작곡과,COP4050,미디어음악실습,2017,1,2016/1 ~ 2018/2,작곡과(학부/서울),30,40,30,,,,,,,,,,3,4,3,,,,,,,,,,ok,outputs/pdfs_full/작곡과__COP4050__미디어음악실습.pdf,,10
H0002256,H0002738,작곡과,COP4055,국악작곡기법2,2025,2,2016/1 ~ 2026/2,작곡과(학부/서울),,40,60,,,,,,,,,,,4,6,,,,,,,,,,ok,outputs/pdfs_full/작곡과__COP4055__국악작곡기법2.pdf,,10
H0002256,H0002738,작곡과,COP4056,극과음악워크샵,2026,1,2016/1 ~ 2030/2,작곡과(학부/서울),37.5,50,,12.5,,,,,,,,,3,4,,1,,,,,,,,,ok,outputs/pdfs_full/작곡과__COP4056__극과음악워크샵.pdf,,8
H0002256,H0002738,작곡과,COP4057,미디어음악실습1,2026,1,2019/1 ~ 2030/2,작곡과(학부/서울),30,20,20,20,10,,,,,,,,3,2,2,2,1,,,,,,,,ok,outputs/pdfs_full/작곡과__COP4057__미디어음악실습1.pdf,,10
H0002256,H0002738,작곡과,COP4058,미디어음악실습2,2025,2,2019/1 ~ 2030/2,작곡과(학부/서울),83.33,,,,,,16.67,,,,,,5,,,,,,1,,,,,,ok,outputs/pdfs_full/작곡과__COP4058__미디어음악실습2.pdf,,6
H0002256,H0002738,작곡과,COP4059,4차산업혁명과음악,2026,1,2018/2 ~ 2030/2,작곡과(학부/서울),37.5,25,37.5,,,,,,,,,,3,2,3,,,,,,,,,,ok,outputs/pdfs_full/작곡과__COP4059__4차산업혁명과음악.pdf,,8
H0002256,H0002738,작곡과,COP4060,음악치료입문,2026,1,2019/1 ~ 2026/2,작곡과(학부/서울),14.29,23.81,42.86,,19.05,,,,,,,,3,5,9,,4,,,,,,,,ok,outputs/pdfs_full/작곡과__COP4060__음악치료입문.pdf,,21
H0002256,H0002738,작곡과,COP4061,건반화성Ⅰ,2025,1,2023/1 ~ 2030/2,작곡과(학부/서울),60,40,,,,,,,,,,,3,2,,,,,,,,,,,ok,outputs/pdfs_full/작곡과__COP4061__건반화성I.pdf,,5
H0002256,H0002738,작곡과,COP4062,건반화성Ⅱ,2024,2,2023/2 ~ 2030/2,작곡과(학부/서울),100,,,,,,,,,,,,9,,,,,,,,,,,,ok,outputs/pdfs_full/작곡과__COP4062__건반화성II.pdf,,9
H0002256,H0002256,서울 대학,CPE1001,해부학,2018,2,1993/1 ~ 2018/2,대학(학부/서울),12.82,20.51,30.77,,20.51,,15.38,,,,,,5,8,12,,8,,6,,,,,,ok,outputs/pdfs_seoul_university/서울_대학__CPE1001__해부학.pdf,,39
H0002256,H0002256,서울 대학,CPE1002,생리학,2026,1,1993/1 ~ 2004/2,대학(학부/서울),22.22,3.7,29.63,14.81,25.93,,,,,,3.7,,6,1,8,4,7,,,,,,1,,ok,outputs/pdfs_seoul_university/서울_대학__CPE1002__생리학.pdf,,27
H0002256,H0002867,정보시스템학과,CSE1002,전산학개론,2026,1,2009/1 ~ 2027/2,정보시스템학과(학과/서울),13.85,23.08,21.54,16.92,6.15,7.69,9.23,1.54,,,,,9,15,14,11,4,5,6,1,,,,,ok,outputs/pdfs_full/정보시스템학과__CSE1002__전산학개론.pdf,,65
H0002256,H0003560,수학과,CSE2008,전산수학,2024,2,2014/1 ~ 2024/2,수학과,20.45,25,29.55,15.91,9.09,,,,,,,,9,11,13,7,4,,,,,,,,ok,outputs/pdfs_full/수학과__CSE2008__전산수학.pdf,,44
H0002256,H0002575,융합전자공학부,CSE2010,자료구조론,2026,1,2011/1 ~ 2028/2,융합전자공학부,19.29,22.14,25.24,10.71,7.62,9.05,,,,,,,81,93,106,45,32,38,,,,,,,ok,outputs/pdfs_full/융합전자공학부__CSE2010__자료구조론.pdf,,395
H0002256,H0002575,융합전자공학부,CSE2011,마이크로프로세서,2025,2,2011/1 ~ 2028/2,융합전자공학부,36.73,24.49,25.51,7.14,5.1,,1.02,,,,,,36,24,25,7,5,,1,,,,,,ok,outputs/pdfs_full/융합전자공학부__CSE2011__마이크로프로세서.pdf,,98
H0002256,H0002867,정보시스템학과,CSE3004,오퍼레이팅시스템,2025,1,2010/1 ~ 2028/2,정보시스템학과(학과/서울),16.42,14.93,22.39,11.94,10.45,10.45,5.97,7.46,,,,,11,10,15,8,7,7,4,5,,,,,ok,outputs/pdfs_full/정보시스템학과__CSE3004__오퍼레이팅시스템.pdf,,67
H0002256,H0004134,컴퓨터소프트웨어학부,CSE3037,기계학습알고리즘,2025,1,2022/1 ~ 2030/2,컴퓨터소프트웨어학부,36.11,30.56,16.67,11.11,5.56,,,,,,,,13,11,6,4,2,,,,,,,,ok,outputs/pdfs_full/컴퓨터소프트웨어학부__CSE3037__기계학습알고리즘.pdf,,36
H0002256,H0002518,소프트웨어전공,CSE4006,소프트웨어공학,2026,1,2014/1 ~ 2021/2,소프트웨어전공,18.33,16.67,26.67,13.33,10,6.67,6.67,,,,1.67,,11,10,16,8,6,4,4,,,,1,,ok,outputs/pdfs_full/소프트웨어전공__CSE4006__소프트웨어공학.pdf,,60
H0002256,H0002518,소프트웨어전공,CSE4007,인공지능,2026,1,2014/1 ~ 2021/2,소프트웨어전공,13.97,29.61,24.02,16.76,10.61,0.56,1.12,,,,3.35,,25,53,43,30,19,1,2,,,,6,,ok,outputs/pdfs_full/소프트웨어전공__CSE4007__인공지능.pdf,,179
H0002256,H0002518,소프트웨어전공,CSE4009,시스템프로그래밍,2025,2,2017/1 ~ 2020/2,소프트웨어전공,18.06,23.23,19.35,18.06,12.9,7.74,,,,,0.65,,28,36,30,28,20,12,,,,,1,,ok,outputs/pdfs_full/소프트웨어전공__CSE4009__시스템프로그래밍.pdf,,155
H0002256,H0002886,건축학부,CSE4020,컴퓨터그래픽스,2026,1,2007/1 ~ 2017/2,건축학부(학부/서울),15.87,19.05,25.4,20.63,11.9,6.35,,,,,0.79,,20,24,32,26,15,8,,,,,1,,ok,outputs/pdfs_full/건축학부__CSE4020__컴퓨터그래픽스.pdf,,126
H0002256,H0004134,컴퓨터소프트웨어학부,CSE4055,지능형로보틱스,2023,2,2023/1 ~ 2026/2,컴퓨터소프트웨어학부,36.36,31.82,,22.73,9.09,,,,,,,,8,7,,5,2,,,,,,,,ok,outputs/pdfs_full/컴퓨터소프트웨어학부__CSE4055__지능형로보틱스.pdf,,22
H0002256,H0004134,컴퓨터소프트웨어학부,CSE4057,자연어처리론,2025,2,2023/1 ~ 2030/2,컴퓨터소프트웨어학부,20.37,16.67,27.78,18.52,11.11,3.7,1.85,,,,,,11,9,15,10,6,2,1,,,,,,ok,outputs/pdfs_full/컴퓨터소프트웨어학부__CSE4057__자연어처리론.pdf,,54
H0002256,H0002886,건축학부,CUL0005,말과글,2026,1,2005/1 ~ 2027/2,건축학부(학부/서울),25.93,9.63,37.78,2.22,21.48,1.48,0.74,0.74,,,,,35,13,51,3,29,2,1,1,,,,,ok,outputs/pdfs_full/건축학부__CUL0005__말과글.pdf,,135
H0002256,H0002570,도시공학과,CUL0011,창의적컴퓨팅,2026,1,1997/1 ~ 1998/2,도시공학과(학부/서울),35.74,7.16,36.66,4.99,13.48,1.54,0.21,0.21,,,,,509,102,522,71,192,22,3,3,,,,,ok,outputs/pdfs_full/도시공학과__CUL0011__창의적컴퓨팅.pdf,,1424
H0002256,H0002256,서울 대학,CUL0021,한문의이해,2026,1,1997/1 ~ 2027/2,대학(학부/서울),31.52,,41.3,,18.48,8.7,,,,,,,29,,38,,17,8,,,,,,,ok,outputs/pdfs_seoul_university/서울_대학__CUL0021__한문의이해.pdf,,92
H0002256,H0002256,서울 대학,CUL0025,영어발음의원리와교정,2019,2,1997/1 ~ 2027/2,대학(학부/서울),28.57,,28.57,9.52,14.29,19.05,,,,,,,6,,6,2,3,4,,,,,,,ok,outputs/pdfs_seoul_university/서울_대학__CUL0025__영어발음의원리와교정.pdf,,21
H0002256,H0002256,서울 대학,CUL0038,프랑스어회화,2018,1,1997/1 ~ 2027/2,대학(학부/서울),30.77,,46.15,,23.08,,,,,,,,4,,6,,3,,,,,,,,ok,outputs/pdfs_seoul_university/서울_대학__CUL0038__프랑스어회화.pdf,,13
H0002256,H0002256,서울 대학,CUL0047,영화로보는서양의역사,2026,1,2001/1 ~ 2027/2,대학(학부/서울),27.94,4.41,42.65,,22.06,2.94,,,,,,,19,3,29,,15,2,,,,,,,ok,outputs/pdfs_seoul_university/서울_대학__CUL0047__영화로보는서양의역사.pdf,,68
H0002256,H0002256,서울 대학,CUL0051,현대중국의이해,2026,1,1997/1 ~ 2027/2,대학(학부/서울),25.4,5.56,30.16,11.9,19.84,7.14,,,,,,,32,7,38,15,25,9,,,,,,,ok,outputs/pdfs_seoul_university/서울_대학__CUL0051__현대중국의이해.pdf,,126
H0002256,H0002256,서울 대학,CUL0072,독일문학과영화,2026,1,1997/1 ~ 2027/2,대학(학부/서울),17.65,11.76,32.35,8.82,20.59,8.82,,,,,,,6,4,11,3,7,3,,,,,,,ok,outputs/pdfs_seoul_university/서울_대학__CUL0072__독일문학과영화.pdf,,34
H0002256,H0002256,서울 대학,CUL0076,프랑스문화관광,2026,1,1997/1 ~ 2027/2,대학(학부/서울),32.39,,45.07,,22.54,,,,,,,,23,,32,,16,,,,,,,,ok,outputs/pdfs_seoul_university/서울_대학__CUL0076__프랑스문화관광.pdf,,71
H0002256,H0002256,서울 대학,CUL0092,"경계의시대,공존을말하다",2026,1,1997/1 ~ 2027/2,대학(학부/서울),29.41,2.94,41.18,,26.47,,,,,,,,10,1,14,,9,,,,,,,,ok,"outputs/pdfs_seoul_university/서울_대학__CUL0092__경계의시대,공존을말하다.pdf",,34
H0002256,H0002256,서울 대학,CUL0093,프로이트와문화비평,2026,1,2008/1 ~ 2027/2,대학(학부/서울),8.33,22.22,30.56,13.89,25,,,,,,,,3,8,11,5,9,,,,,,,,ok,outputs/pdfs_seoul_university/서울_대학__CUL0093__프로이트와문화비평.pdf,,36
H0002256,H0002256,서울 대학,CUL0100,필란트로피의이해와실천,2018,2,2015/2 ~ 2025/2,대학(학부/서울),60,40,,,,,,,,,,,3,2,,,,,,,,,,,ok,outputs/pdfs_seoul_university/서울_대학__CUL0100__필란트로피의이해와실천.pdf,,5
H0002256,H0002256,서울 대학,CUL0103,과학기술과경제사,2016,2,2015/2 ~ 2018/2,대학(학부/서울),22.22,,33.33,22.22,22.22,,,,,,,,2,,3,2,2,,,,,,,,ok,outputs/pdfs_seoul_university/서울_대학__CUL0103__과학기술과경제사.pdf,,9
H0002256,H0002256,서울 대학,CUL0104,자유란무엇인가,2026,1,2016/1 ~ 2027/2,대학(학부/서울),24,6,34,9,19,8,,,,,,,24,6,34,9,19,8,,,,,,,ok,outputs/pdfs_seoul_university/서울_대학__CUL0104__자유란무엇인가.pdf,,100
H0002256,H0002256,서울 대학,CUL0105,지속가능한발전을위한환경의이해,2022,2,2016/1 ~ 2027/2,대학(학부/서울),11.11,33.33,55.56,,,,,,,,,,1,3,5,,,,,,,,,,ok,outputs/pdfs_seoul_university/서울_대학__CUL0105__지속가능한발전을위한환경의이해.pdf,,9
H0002256,H0002256,서울 대학,CUL0107,과학기술법의이해,2016,1,2016/1 ~ 2016/2,대학(학부/서울),11.76,11.76,35.29,,41.18,,,,,,,,2,2,6,,7,,,,,,,,ok,outputs/pdfs_seoul_university/서울_대학__CUL0107__과학기술법의이해.pdf,,17
H0002256,H0002256,서울 대학,CUL0108,세계를품는공학기술:적정기술,2016,1,2016/1 ~ 2016/2,대학(학부/서울),30.77,,46.15,,23.08,,,,,,,,4,,6,,3,,,,,,,,ok,outputs/pdfs_seoul_university/서울_대학__CUL0108__세계를품는공학기술_적정기술.pdf,,13
H0002256,H0002256,서울 대학,CUL0109,첨단공학기술의세계,2017,1,2016/1 ~ 2018/2,대학(학부/서울),11.54,19.23,19.23,19.23,23.08,7.69,,,,,,,3,5,5,5,6,2,,,,,,,ok,outputs/pdfs_seoul_university/서울_대학__CUL0109__첨단공학기술의세계.pdf,,26
H0002256,H0002256,서울 대학,CUL0111,통일함께만들기,2026,1,2016/1 ~ 2027/2,대학(학부/서울),,,,,,,,,,100,,,,,,,,,,,,98,,,ok,outputs/pdfs_seoul_university/서울_대학__CUL0111__통일함께만들기.pdf,,98
H0002256,H0002256,서울 대학,CUL0114,박물관으로배우는세계,2018,2,2016/2 ~ 2019/1,대학(학부/서울),25,8.33,33.33,,25,8.33,,,,,,,3,1,4,,3,1,,,,,,,ok,outputs/pdfs_seoul_university/서울_대학__CUL0114__박물관으로배우는세계.pdf,,12
H0002256,H0002256,서울 대학,CUL0115,여성과법,2025,2,2016/2 ~ 2027/2,대학(학부/서울),27.78,,44.44,,27.78,,,,,,,,5,,8,,5,,,,,,,,ok,outputs/pdfs_seoul_university/서울_대학__CUL0115__여성과법.pdf,,18
H0002256,H0002256,서울 대학,CUL0116,Understanding the new business environment,2026,1,2016/2 ~ 2027/2,대학(학부/서울),69.77,18.6,11.63,,,,,,,,,,30,8,5,,,,,,,,,,ok,outputs/pdfs_seoul_university/서울_대학__CUL0116__Understanding_the_new_business_environment.pdf,,43
H0002256,H0002256,서울 대학,CUL0117,아트테크놀로지입문,2017,2,2016/2 ~ 2018/2,대학(학부/서울),27.78,,44.44,,11.11,,16.67,,,,,,5,,8,,2,,3,,,,,,ok,outputs/pdfs_seoul_university/서울_대학__CUL0117__아트테크놀로지입문.pdf,,18
H0002256,H0002256,서울 대학,CUL0119,질병의역사,2019,1,2017/1 ~ 2019/1,대학(학부/서울),23.81,14.29,33.33,9.52,14.29,4.76,,,,,,,5,3,7,2,3,1,,,,,,,ok,outputs/pdfs_seoul_university/서울_대학__CUL0119__질병의역사.pdf,,21
H0002256,H0002256,서울 대학,CUL0120,중국비즈니스문화와에티켓,2026,1,2017/1 ~ 2027/2,대학(학부/서울),18.46,13.85,24.62,13.85,20,9.23,,,,,,,12,9,16,9,13,6,,,,,,,ok,outputs/pdfs_seoul_university/서울_대학__CUL0120__중국비즈니스문화와에티켓.pdf,,65
H0002256,H0002256,서울 대학,CUL0121,철학과인간가치,2018,1,2017/1 ~ 2021/2,대학(학부/서울),34.21,,44.74,,21.05,,,,,,,,13,,17,,8,,,,,,,,ok,outputs/pdfs_seoul_university/서울_대학__CUL0121__철학과인간가치.pdf,,38
H0002256,H0002256,서울 대학,CUL0122,인간과생명과학,2025,2,2017/1 ~ 2027/2,대학(학부/서울),40.91,18.18,21.21,16.67,3.03,,,,,,,,27,12,14,11,2,,,,,,,,ok,outputs/pdfs_seoul_university/서울_대학__CUL0122__인간과생명과학.pdf,,66
H0002256,H0002256,서울 대학,CUL0123,과학기술혁신시대의디자인이슈,2021,1,2017/1 ~ 2027/2,대학(학부/서울),43.33,,40,13.33,3.33,,,,,,,,26,,24,8,2,,,,,,,,ok,outputs/pdfs_seoul_university/서울_대학__CUL0123__과학기술혁신시대의디자인이슈.pdf,,60
H0002256,H0002256,서울 대학,CUL0124,창의혁신리더십론,2020,1,2017/1 ~ 2020/2,대학(학부/서울),35.48,,54.84,9.68,,,,,,,,,11,,17,3,,,,,,,,,ok,outputs/pdfs_seoul_university/서울_대학__CUL0124__창의혁신리더십론.pdf,,31
H0002256,H0002256,서울 대학,CUL0125,성공취업의이해,2026,1,2017/1 ~ 2027/2,대학(학부/서울),,,,,,,,,,100,,,,,,,,,,,,294,,,ok,outputs/pdfs_seoul_university/서울_대학__CUL0125__성공취업의이해.pdf,,294
H0002256,H0002256,서울 대학,CUL0126,기초법의학,2025,1,2017/1 ~ 2027/2,대학(학부/서울),15,17.5,13.75,21.25,21.25,3.75,7.5,,,,,,12,14,11,17,17,3,6,,,,,,ok,outputs/pdfs_seoul_university/서울_대학__CUL0126__기초법의학.pdf,,80
H0002256,H0002256,서울 대학,CUL0127,인성리더십,2019,2,2017/1 ~ 2027/2,대학(학부/서울),15.15,18.18,42.42,,24.24,,,,,,,,5,6,14,,8,,,,,,,,ok,outputs/pdfs_seoul_university/서울_대학__CUL0127__인성리더십.pdf,,33
H0002256,H0002256,서울 대학,CUL0128,4차산업혁명의이해,2026,1,2017/1 ~ 2027/2,대학(학부/서울),23.08,38.46,38.46,,,,,,,,,,3,5,5,,,,,,,,,,ok,outputs/pdfs_seoul_university/서울_대학__CUL0128__4차산업혁명의이해.pdf,,13
H0002256,H0002256,서울 대학,CUL0129,기업실무실습형6시그마(종합설계),2021,2,2017/1 ~ 2027/2,대학(학부/서울),47.06,47.06,5.88,,,,,,,,,,8,8,1,,,,,,,,,,ok,outputs/pdfs_seoul_university/서울_대학__CUL0129__기업실무실습형6시그마(종합설계).pdf,,17
H0002256,H0002256,서울 대학,CUL0130,디지털저널리즘,2025,2,2018/2 ~ 2027/2,대학(학부/서울),38.89,38.89,16.67,5.56,,,,,,,,,7,7,3,1,,,,,,,,,ok,outputs/pdfs_seoul_university/서울_대학__CUL0130__디지털저널리즘.pdf,,18
H0002256,H0002256,서울 대학,CUL0131,역사로보는미술이해,2021,1,2018/2 ~ 2027/2,대학(학부/서울),7.32,60.98,14.63,7.32,4.88,2.44,,2.44,,,,,3,25,6,3,2,1,,1,,,,,ok,outputs/pdfs_seoul_university/서울_대학__CUL0131__역사로보는미술이해.pdf,,41
H0002256,H0003877,창업융합학과,CUL0135,글로벌기업가정신,2025,2,2021/1 ~ 2024/2,창업융합학과,22.73,22.73,22.73,18.18,4.55,4.55,4.55,,,,,,5,5,5,4,1,1,1,,,,,,ok,outputs/pdfs_full/창업융합학과__CUL0135__글로벌기업가정신.pdf,,22
H0002256,H0002256,서울 대학,CUL0136,우주시공간과물질,2021,2,2018/2 ~ 2027/2,대학(학부/서울),24.36,15.38,44.87,12.82,2.56,,,,,,,,19,12,35,10,2,,,,,,,,ok,outputs/pdfs_seoul_university/서울_대학__CUL0136__우주시공간과물질.pdf,,78
H0002256,H0002256,서울 대학,CUL0137,창의성과미래문제해결,2020,2,2018/2 ~ 2027/2,대학(학부/서울),82.61,13.04,,4.35,,,,,,,,,19,3,,1,,,,,,,,,ok,outputs/pdfs_seoul_university/서울_대학__CUL0137__창의성과미래문제해결.pdf,,23
H0002256,H0002256,서울 대학,CUL0138,다양성시대의한국어교육,2025,2,2022/1 ~ 2027/2,대학(학부/서울),96.55,3.45,,,,,,,,,,,28,1,,,,,,,,,,,ok,outputs/pdfs_seoul_university/서울_대학__CUL0138__다양성시대의한국어교육.pdf,,29
H0002256,H0002256,서울 대학,CUL0139,법과국제공동체,2026,1,2022/1 ~ 2027/2,대학(학부/서울),80,8,,8,,4,,,,,,,20,2,,2,,1,,,,,,,ok,outputs/pdfs_seoul_university/서울_대학__CUL0139__법과국제공동체.pdf,,25
H0002256,H0002256,서울 대학,CUL0140,창업과법,2025,2,2022/1 ~ 2027/2,대학(학부/서울),30,,40,,30,,,,,,,,3,,4,,3,,,,,,,,ok,outputs/pdfs_seoul_university/서울_대학__CUL0140__창업과법.pdf,,10
H0002256,H0002256,서울 대학,CUL0141,시민생활과세법,2026,1,2022/1 ~ 2027/2,대학(학부/서울),15.91,11.36,29.55,11.36,25,6.82,,,,,,,7,5,13,5,11,3,,,,,,,ok,outputs/pdfs_seoul_university/서울_대학__CUL0141__시민생활과세법.pdf,,44
H0002256,H0002521,건축공학부,CUL0201,상상과학성찰,2026,1,2025/1 ~ 2027/2,건축공학부(학부/서울),35.28,24.51,26.31,7.92,4.04,1.35,0.45,0.15,,,,,236,164,176,53,27,9,3,1,,,,,ok,outputs/pdfs_full/건축공학부__CUL0201__상상과학성찰.pdf,,669
H0002256,H0002886,건축학부,CUL0202,문화기술인간,2026,1,2025/1 ~ 2027/2,건축학부(학부/서울),36.35,21.59,23.04,9.17,6.71,2.57,0.11,0.45,,,,,325,193,206,82,60,23,1,4,,,,,ok,outputs/pdfs_full/건축학부__CUL0202__문화기술인간.pdf,,894
H0002256,H0002521,건축공학부,CUL0203,AI시대쓰기의힘,2026,1,2025/1 ~ 2027/2,건축공학부(학부/서울),60.71,23.38,9.11,3.86,1.23,0.66,0.57,0.49,,,,,740,285,111,47,15,8,7,6,,,,,ok,outputs/pdfs_full/건축공학부__CUL0203__AI시대쓰기의힘.pdf,,1219
H0002256,H0002886,건축학부,CUL0204,통합사고와읽기의기술,2026,1,2025/1 ~ 2027/2,건축학부(학부/서울),77,10.54,7.99,2.56,0.32,0.96,0.64,,,,,,241,33,25,8,1,3,2,,,,,,ok,outputs/pdfs_full/건축학부__CUL0204__통합사고와읽기의기술.pdf,,313
H0002256,H0002521,건축공학부,CUL0205,Technology and AI: Utopia or Dystopia?,2026,1,2025/1 ~ 2027/2,건축공학부(학부/서울),30.76,36.29,18.56,7.3,4.8,1.77,0.31,0.21,,,,,295,348,178,70,46,17,3,2,,,,,ok,outputs/pdfs_full/건축공학부__CUL0205__Technology_and_AI__Utopia_or_Dystopia_.pdf,,959
H0002256,H0002886,건축학부,CUL0206,Personal Branding in Digital Markets,2026,1,2025/1 ~ 2027/2,건축학부(학부/서울),37.73,27.38,18.86,6.29,3.45,3.25,1.42,1.62,,,,,186,135,93,31,17,16,7,8,,,,,ok,outputs/pdfs_full/건축학부__CUL0206__Personal_Branding_in_Digital_Markets.pdf,,493
H0002256,H0002517,건설환경공학과,CUL0207,미래지능연결,2026,1,2026/1 ~ 2028/2,건설환경공학과(학부/서울),41.85,26.97,21.91,5.62,2.53,0.84,0.28,,,,,,149,96,78,20,9,3,1,,,,,,ok,outputs/pdfs_full/건설환경공학과__CUL0207__미래지능연결.pdf,,356
H0002256,H0002886,건축학부,CUL0208,스토리텔링의설계와전략,2026,1,2026/1 ~ 2028/2,건축학부(학부/서울),60.27,21.91,11.34,3.15,2.05,1.02,0.09,0.17,,,,,707,257,133,37,24,12,1,2,,,,,ok,outputs/pdfs_full/건축학부__CUL0208__스토리텔링의설계와전략.pdf,,1173
H0002256,H0004707,데이터사이언스학부,CUL0209,"Wellness Web: Self, Society, and Beyond",2026,1,2026/1 ~ 2028/2,데이터사이언스학부,19.44,16.67,13.89,8.33,11.11,2.78,16.67,11.11,,,,,7,6,5,3,4,1,6,4,,,,,ok,"outputs/pdfs_full/데이터사이언스학부__CUL0209__Wellness_Web__Self,_Society,_and_Beyond.pdf",,36
H0002256,H0002256,서울 대학,CUL0210,AI와함께하는스마트자기주도학습,2026,1,2025/2 ~ 2027/2,대학(학부/서울),23.81,23.81,38.1,,9.52,,4.76,,,,,,5,5,8,,2,,1,,,,,,ok,outputs/pdfs_seoul_university/서울_대학__CUL0210__AI와함께하는스마트자기주도학습.pdf,,21
H0002256,H0002256,서울 대학,CUL0211,AI를위한컴퓨터구조및프로그래밍이해,2026,1,2025/2 ~ 2027/2,대학(학부/서울),93.33,6.67,,,,,,,,,,,28,2,,,,,,,,,,,ok,outputs/pdfs_seoul_university/서울_대학__CUL0211__AI를위한컴퓨터구조및프로그래밍이해.pdf,,30
H0002256,H0002256,서울 대학,CUL0212,외국인유학생을위한한국취·창업전략과실습,2026,1,2025/2 ~ 2027/2,대학(학부/서울),37.5,,43.75,,18.75,,,,,,,,6,,7,,3,,,,,,,,ok,outputs/pdfs_seoul_university/서울_대학__CUL0212__외국인유학생을위한한국취·창업전략과실습.pdf,,16
H0002256,H0002256,서울 대학,CUL0214,사회현상정량적이해·분석·모델링,2026,1,2026/1 ~ 2027/2,대학(학부/서울),78.57,17.86,3.57,,,,,,,,,,22,5,1,,,,,,,,,,ok,outputs/pdfs_seoul_university/서울_대학__CUL0214__사회현상정량적이해·분석·모델링.pdf,,28
H0002256,H0002256,서울 대학,CUL1000,문학과사랑,2026,1,1997/1 ~ 2027/2,대학(학부/서울),18.75,45.83,25,10.42,,,,,,,,,9,22,12,5,,,,,,,,,ok,outputs/pdfs_seoul_university/서울_대학__CUL1000__문학과사랑.pdf,,48
H0002256,H0002256,서울 대학,CUL1026,대학합창,2026,1,1997/1 ~ 2027/2,대학(학부/서울),87.95,7.23,1.2,3.61,,,,,,,,,73,6,1,3,,,,,,,,,ok,outputs/pdfs_seoul_university/서울_대학__CUL1026__대학합창.pdf,,83
H0002256,H0002256,서울 대학,CUL1027,한국가곡의이해,2013,2,1997/1 ~ 2015/1,대학(학부/서울),26.92,3.85,42.31,,23.08,3.85,,,,,,,7,1,11,,6,1,,,,,,,ok,outputs/pdfs_seoul_university/서울_대학__CUL1027__한국가곡의이해.pdf,,26
H0002256,H0002256,서울 대학,CUL1029,쉽게듣는서양오페라,2026,1,1997/1 ~ 2027/2,대학(학부/서울),11.92,19.87,22.52,19.87,11.92,9.27,1.99,2.65,,,,,18,30,34,30,18,14,3,4,,,,,ok,outputs/pdfs_seoul_university/서울_대학__CUL1029__쉽게듣는서양오페라.pdf,,151
H0002256,H0002256,서울 대학,CUL1032,현대음악의이해,2026,1,1997/1 ~ 2027/2,대학(학부/서울),15.15,15.15,24.24,15.15,6.06,18.18,6.06,,,,,,5,5,8,5,2,6,2,,,,,,ok,outputs/pdfs_seoul_university/서울_대학__CUL1032__현대음악의이해.pdf,,33
H0002256,H0002256,서울 대학,CUL1041,전통음악감상,2026,1,1997/1 ~ 2027/2,대학(학부/서울),19.32,10.23,25.57,13.64,21.59,8.52,,1.14,,,,,34,18,45,24,38,15,,2,,,,,ok,outputs/pdfs_seoul_university/서울_대학__CUL1041__전통음악감상.pdf,,176
H0002256,H0002256,서울 대학,CUL1046,삶과무용,2012,1,1997/1 ~ 2013/2,대학(학부/서울),18.75,12.5,31.25,12.5,25,,,,,,,,3,2,5,2,4,,,,,,,,ok,outputs/pdfs_seoul_university/서울_대학__CUL1046__삶과무용.pdf,,16
H0002256,H0003590,무용학과,CUL1048,시와무용,2026,1,2013/1 ~ 2028/2,무용학과,56.25,25,6.25,6.25,,6.25,,,,,,,9,4,1,1,,1,,,,,,,ok,outputs/pdfs_full/무용학과__CUL1048__시와무용.pdf,,16
H0002256,H0002741,국악과,CUL1056,한국의역사와문화,2026,1,1999/1 ~ 2006/2,국악과(학부/서울),22.92,7.51,37.55,5.14,19.76,5.93,1.19,,,,,,58,19,95,13,50,15,3,,,,,,ok,outputs/pdfs_full/국악과__CUL1056__한국의역사와문화.pdf,,253
H0002256,H0003542,법학과,CUL1073,인간의본성에관한철학적담론,2026,1,1997/1 ~ 2000/2,법학과(학부/서울),30.3,3.03,45.45,,15.15,3.03,3.03,,,,,,10,1,15,,5,1,1,,,,,,ok,outputs/pdfs_full/법학과__CUL1073__인간의본성에관한철학적담론.pdf,,33
H0002256,H0003621,간호학전공(야),CUL1075,철학명저제대로읽기,2026,1,2013/1 ~ 2014/2,간호학전공(야),10.53,15.79,23.68,21.05,10.53,13.16,2.63,2.63,,,,,4,6,9,8,4,5,1,1,,,,,ok,outputs/pdfs_full/간호학전공(야)__CUL1075__철학명저제대로읽기.pdf,,38
H0002256,H0002256,서울 대학,CUL1079,불멸의철학자들,2026,1,1997/1 ~ 2027/2,대학(학부/서울),11.54,19.23,26.92,19.23,11.54,3.85,7.69,,,,,,3,5,7,5,3,1,2,,,,,,ok,outputs/pdfs_seoul_university/서울_대학__CUL1079__불멸의철학자들.pdf,,26
H0002256,H0004360,글로벌 CEO 창업 융합전공,CUL1115,Aesthetic Awareness in the Modern World,2026,1,2024/2 ~ 2027/2,글로벌 CEO 창업 융합전공,22.54,22.54,26.76,18.31,4.23,1.41,2.82,1.41,,,,,16,16,19,13,3,1,2,1,,,,,ok,outputs/pdfs_full/글로벌_CEO_창업_융합전공__CUL1115__Aesthetic_Awareness_in_the_Modern_World.pdf,,71
H0002256,H0002256,서울 대학,CUL1116,Animal Ethics,2026,1,2015/1 ~ 2027/2,대학(학부/서울),35.29,14.71,23.53,5.88,11.76,5.88,2.94,,,,,,12,5,8,2,4,2,1,,,,,,ok,outputs/pdfs_seoul_university/서울_대학__CUL1116__Animal_Ethics.pdf,,34
H0002256,H0002256,서울 대학,CUL1117,Introduction to Digital Photography,2026,1,2015/1 ~ 2027/2,대학(학부/서울),36.36,21.21,21.21,18.18,3.03,,,,,,,,12,7,7,6,1,,,,,,,,ok,outputs/pdfs_seoul_university/서울_대학__CUL1117__Introduction_to_Digital_Photography.pdf,,33
H0002256,H0002256,서울 대학,CUL1118,The Language of Global Cuisine,2026,1,2015/1 ~ 2027/2,대학(학부/서울),41.03,33.33,12.82,2.56,5.13,5.13,,,,,,,16,13,5,1,2,2,,,,,,,ok,outputs/pdfs_seoul_university/서울_대학__CUL1118__The_Language_of_Global_Cuisine.pdf,,39
H0002256,H0004318,사회혁신융합전공,CUL1119,인구변화와미래복지,2026,1,2013/1 ~ 2027/2,사회혁신융합전공,31.43,,40,,28.57,,,,,,,,11,,14,,10,,,,,,,,ok,outputs/pdfs_full/사회혁신융합전공__CUL1119__인구변화와미래복지.pdf,,35
H0002256,H0002256,서울 대학,CUL1120,"빅데이터,사물인터넷,그리고인문학적상상력",2025,2,2017/2 ~ 2027/2,대학(학부/서울),100,,,,,,,,,,,,24,,,,,,,,,,,,ok,"outputs/pdfs_seoul_university/서울_대학__CUL1120__빅데이터,사물인터넷,그리고인문학적상상력.pdf",,24
H0002256,H0004816,간호학과,CUL1122,창의적프로그래밍,2026,1,2023/1 ~ 2028/2,간호학과,36.69,6.51,35.9,3.35,14,1.97,0.39,1.18,,,,,372,66,364,34,142,20,4,12,,,,,ok,outputs/pdfs_full/간호학과__CUL1122__창의적프로그래밍.pdf,,1014
H0002256,H0002256,서울 대학,CUL1123,"기술,공학과경제분석",2017,2,2017/2 ~ 2027/2,대학(학부/서울),33.33,,55.56,,11.11,,,,,,,,3,,5,,1,,,,,,,,ok,"outputs/pdfs_seoul_university/서울_대학__CUL1123__기술,공학과경제분석.pdf",,9
H0002256,H0002256,서울 대학,CUL1125,여성공학인재양성을위한소그룹진로멘토링2,2018,2,2017/2 ~ 2027/2,대학(학부/서울),,,,,,,,,,100,,,,,,,,,,,,14,,,ok,outputs/pdfs_seoul_university/서울_대학__CUL1125__여성공학인재양성을위한소그룹진로멘토링2.pdf,,14
H0002256,H0002256,서울 대학,CUL1127,스타트업을위한국제통상이야기,2019,2,2017/2 ~ 2020/2,대학(학부/서울),17.65,11.76,11.76,35.29,,23.53,,,,,,,3,2,2,6,,4,,,,,,,ok,outputs/pdfs_seoul_university/서울_대학__CUL1127__스타트업을위한국제통상이야기.pdf,,17
H0002256,H0002256,서울 대학,CUL1128,인체용어의이해,2026,1,2017/2 ~ 2027/2,대학(학부/서울),30.95,,42.86,,26.19,,,,,,,,13,,18,,11,,,,,,,,ok,outputs/pdfs_seoul_university/서울_대학__CUL1128__인체용어의이해.pdf,,42
H0002256,H0002256,서울 대학,CUL1129,자기를찾아가는에니어그램,2026,1,2017/2 ~ 2027/2,대학(학부/서울),89.66,3.45,5.17,1.72,,,,,,,,,52,2,3,1,,,,,,,,,ok,outputs/pdfs_seoul_university/서울_대학__CUL1129__자기를찾아가는에니어그램.pdf,,58
H0002256,H0002256,서울 대학,CUL1130,환경과법,2022,1,2017/2 ~ 2027/2,대학(학부/서울),41.3,,54.35,,,,4.35,,,,,,19,,25,,,,2,,,,,,ok,outputs/pdfs_seoul_university/서울_대학__CUL1130__환경과법.pdf,,46
H0002256,H0004322,빅데이터융합전공,CUL1131,4차산업혁명과비즈니스,2026,1,2013/1 ~ 2027/2,빅데이터융합전공,81.36,16.95,,,,,,1.69,,,,,48,10,,,,,,1,,,,,ok,outputs/pdfs_full/빅데이터융합전공__CUL1131__4차산업혁명과비즈니스.pdf,,59
H0002256,H0002256,서울 대학,CUL1132,여성공학인재양성을위한소그룹진로멘토링1,2018,1,2018/1 ~ 2027/2,대학(학부/서울),,,,,,,,,,100,,,,,,,,,,,,9,,,ok,outputs/pdfs_seoul_university/서울_대학__CUL1132__여성공학인재양성을위한소그룹진로멘토링1.pdf,,9
H0002256,H0002256,서울 대학,CUL1134,쿼크에서빅뱅까지,2026,1,2018/1 ~ 2027/2,대학(학부/서울),20.18,11.01,27.52,13.76,27.52,,,,,,,,22,12,30,15,30,,,,,,,,ok,outputs/pdfs_seoul_university/서울_대학__CUL1134__쿼크에서빅뱅까지.pdf,,109
H0002256,H0002256,서울 대학,CUL1135,4차산업과해양자원,2026,1,2018/1 ~ 2027/2,대학(학부/서울),29.79,,40.43,,29.79,,,,,,,,14,,19,,14,,,,,,,,ok,outputs/pdfs_seoul_university/서울_대학__CUL1135__4차산업과해양자원.pdf,,47
H0002256,H0002256,서울 대학,CUL1136,미생물의세계,2026,1,2018/1 ~ 2027/2,대학(학부/서울),25.93,3.7,25.93,18.52,22.22,3.7,,,,,,,7,1,7,5,6,1,,,,,,,ok,outputs/pdfs_seoul_university/서울_대학__CUL1136__미생물의세계.pdf,,27
H0002256,H0002256,서울 대학,CUL1137,놀이의재발견,2026,1,2018/1 ~ 2027/2,대학(학부/서울),33.33,,36.36,,30.3,,,,,,,,11,,12,,10,,,,,,,,ok,outputs/pdfs_seoul_university/서울_대학__CUL1137__놀이의재발견.pdf,,33
H0002256,H0002886,건축학부,CUL1138,인공지능과기계학습,2026,1,2024/1 ~ 2028/2,건축학부(학부/서울),30.01,1.34,41.26,,27.4,,,,,,,,472,21,649,,431,,,,,,,,ok,outputs/pdfs_full/건축학부__CUL1138__인공지능과기계학습.pdf,,1573
H0002256,H0002256,서울 대학,CUL1139,4차산업혁명핵심기술의이해,2026,1,2018/2 ~ 2027/2,대학(학부/서울),76.09,8.7,6.52,2.17,2.17,4.35,,,,,,,35,4,3,1,1,2,,,,,,,ok,outputs/pdfs_seoul_university/서울_대학__CUL1139__4차산업혁명핵심기술의이해.pdf,,46
H0002256,H0002256,서울 대학,CUL1140,블록체인기술과산업응용,2018,2,2018/2 ~ 2027/2,대학(학부/서울),22.22,5.56,44.44,,27.78,,,,,,,,4,1,8,,5,,,,,,,,ok,outputs/pdfs_seoul_university/서울_대학__CUL1140__블록체인기술과산업응용.pdf,,18
H0002256,H0002256,서울 대학,CUL1141,창의인성프로젝트,2021,1,2019/1 ~ 2026/1,대학(학부/서울),20,50,20,10,,,,,,,,,2,5,2,1,,,,,,,,,ok,outputs/pdfs_seoul_university/서울_대학__CUL1141__창의인성프로젝트.pdf,,10
H0002256,H0002256,서울 대학,CUL1142,노인에대한이해,2026,1,2019/1 ~ 2027/2,대학(학부/서울),22.22,22.22,,22.22,,33.33,,,,,,,2,2,,2,,3,,,,,,,ok,outputs/pdfs_seoul_university/서울_대학__CUL1142__노인에대한이해.pdf,,9
H0002256,H0002256,서울 대학,CUL1144,미래기업과법,2021,1,2019/1 ~ 2027/2,대학(학부/서울),38.64,25,22.73,13.64,,,,,,,,,17,11,10,6,,,,,,,,,ok,outputs/pdfs_seoul_university/서울_대학__CUL1144__미래기업과법.pdf,,44
H0002256,H0002256,서울 대학,CUL1145,중국의사상과종교,2021,2,2019/1 ~ 2027/2,대학(학부/서울),25,16.67,50,8.33,,,,,,,,,3,2,6,1,,,,,,,,,ok,outputs/pdfs_seoul_university/서울_대학__CUL1145__중국의사상과종교.pdf,,12
H0002256,H0002256,서울 대학,CUL1148,뉴미디어와공연예술의현재와미래,2026,1,2019/2 ~ 2027/2,대학(학부/서울),46.94,24.49,12.24,8.16,6.12,2.04,,,,,,,23,12,6,4,3,1,,,,,,,ok,outputs/pdfs_seoul_university/서울_대학__CUL1148__뉴미디어와공연예술의현재와미래.pdf,,49
H0002256,H0002256,서울 대학,CUL1149,스토리텔링으로보는춤,2026,1,2019/2 ~ 2027/2,대학(학부/서울),33.33,,44.44,,22.22,,,,,,,,12,,16,,8,,,,,,,,ok,outputs/pdfs_seoul_university/서울_대학__CUL1149__스토리텔링으로보는춤.pdf,,36
H0002256,H0002256,서울 대학,CUL1150,헌법의이해,2026,1,2019/2 ~ 2027/2,대학(학부/서울),31.82,,25,15.91,22.73,4.55,,,,,,,14,,11,7,10,2,,,,,,,ok,outputs/pdfs_seoul_university/서울_대학__CUL1150__헌법의이해.pdf,,44
H0002256,H0002256,서울 대학,CUL1151,형법의이해,2026,1,2019/2 ~ 2027/2,대학(학부/서울),27.66,2.13,40.43,,27.66,,2.13,,,,,,13,1,19,,13,,1,,,,,,ok,outputs/pdfs_seoul_university/서울_대학__CUL1151__형법의이해.pdf,,47
H0002256,H0004318,사회혁신융합전공,CUL1152,기후변화와임팩트비즈니스,2025,2,2019/2 ~ 2029/2,사회혁신융합전공,44.44,51.11,4.44,,,,,,,,,,20,23,2,,,,,,,,,,ok,outputs/pdfs_full/사회혁신융합전공__CUL1152__기후변화와임팩트비즈니스.pdf,,45
H0002256,H0002256,서울 대학,CUL1153,멀티미디어로배우는현대생명과학,2026,1,2019/2 ~ 2027/2,대학(학부/서울),23.89,7.08,31.86,8.85,21.24,7.08,,,,,,,27,8,36,10,24,8,,,,,,,ok,outputs/pdfs_seoul_university/서울_대학__CUL1153__멀티미디어로배우는현대생명과학.pdf,,113
H0002256,H0002256,서울 대학,CUL1154,인간행동과동기,2026,1,2019/2 ~ 2027/2,대학(학부/서울),22.22,8.33,19.44,25,13.89,2.78,5.56,2.78,,,,,8,3,7,9,5,1,2,1,,,,,ok,outputs/pdfs_seoul_university/서울_대학__CUL1154__인간행동과동기.pdf,,36
H0002256,H0002256,서울 대학,CUL1155,건강과사회그리고심리학,2026,1,2019/2 ~ 2027/2,대학(학부/서울),17.95,12.82,38.46,,25.64,5.13,,,,,,,7,5,15,,10,2,,,,,,,ok,outputs/pdfs_seoul_university/서울_대학__CUL1155__건강과사회그리고심리학.pdf,,39
H0002256,H0003878,창업융합전공,CUL1156,4차산업혁명과창업,2023,2,2021/1 ~ 2028/2,창업융합전공,28.57,14.29,28.57,28.57,,,,,,,,,4,2,4,4,,,,,,,,,ok,outputs/pdfs_full/창업융합전공__CUL1156__4차산업혁명과창업.pdf,,14
H0002256,H0004322,빅데이터융합전공,CUL1157,금융인공지능실무,2026,1,2019/2 ~ 2029/2,빅데이터융합전공,21.74,39.13,21.74,17.39,,,,,,,,,5,9,5,4,,,,,,,,,ok,outputs/pdfs_full/빅데이터융합전공__CUL1157__금융인공지능실무.pdf,,23
H0002256,H0002256,서울 대학,CUL1158,항공업진로의탐색,2026,1,2020/1 ~ 2027/2,대학(학부/서울),62.86,4.29,20,,12.86,,,,,,,,44,3,14,,9,,,,,,,,ok,outputs/pdfs_seoul_university/서울_대학__CUL1158__항공업진로의탐색.pdf,,70
H0002256,H0002256,서울 대학,CUL1159,아시아시장과소비자,2026,1,2020/1 ~ 2027/2,대학(학부/서울),80,18.67,1.33,,,,,,,,,,60,14,1,,,,,,,,,,ok,outputs/pdfs_seoul_university/서울_대학__CUL1159__아시아시장과소비자.pdf,,75
H0002256,H0002256,서울 대학,CUL1160,Korean Politics and Foreign Policy,2020,1,2020/1 ~ 2021/2,대학(학부/서울),81.82,18.18,,,,,,,,,,,9,2,,,,,,,,,,,ok,outputs/pdfs_seoul_university/서울_대학__CUL1160__Korean_Politics_and_Foreign_Policy.pdf,,11
H0002256,H0002256,서울 대학,CUL1162,히든기업분석을통한취업스펙트럼확장하기,2022,1,2020/1 ~ 2027/2,대학(학부/서울),,,,,,,,,,100,,,,,,,,,,,,14,,,ok,outputs/pdfs_seoul_university/서울_대학__CUL1162__히든기업분석을통한취업스펙트럼확장하기.pdf,,14
H0002256,H0002256,서울 대학,CUL1163,IT서비스디자인,2022,2,2020/1 ~ 2025/2,대학(학부/서울),90.91,9.09,,,,,,,,,,,10,1,,,,,,,,,,,ok,outputs/pdfs_seoul_university/서울_대학__CUL1163__IT서비스디자인.pdf,,11
H0002256,H0002256,서울 대학,CUL1164,4차산업혁명과인공지능:융합적분석과인문학적통찰,2026,1,2020/1 ~ 2027/2,대학(학부/서울),12.86,17.86,27.86,12.14,23.57,2.86,2.86,,,,,,18,25,39,17,33,4,4,,,,,,ok,outputs/pdfs_seoul_university/서울_대학__CUL1164__4차산업혁명과인공지능_융합적분석과인문학적통찰.pdf,,140
H0002256,H0002256,서울 대학,CUL1165,버추얼피트니스이노베이션,2026,1,2020/1 ~ 2027/2,대학(학부/서울),86.67,6.67,6.67,,,,,,,,,,26,2,2,,,,,,,,,,ok,outputs/pdfs_seoul_university/서울_대학__CUL1165__버추얼피트니스이노베이션.pdf,,30
H0002256,H0002256,서울 대학,CUL1166,버추얼피트니스산업디자인,2025,2,2020/1 ~ 2027/2,대학(학부/서울),100,,,,,,,,,,,,30,,,,,,,,,,,,ok,outputs/pdfs_seoul_university/서울_대학__CUL1166__버추얼피트니스산업디자인.pdf,,30
H0002256,H0002256,서울 대학,CUL1167,로봇의이해,2026,1,2020/1 ~ 2027/2,대학(학부/서울),61.11,33.33,5.56,,,,,,,,,,22,12,2,,,,,,,,,,ok,outputs/pdfs_seoul_university/서울_대학__CUL1167__로봇의이해.pdf,,36
H0002256,H0002256,서울 대학,CUL1168,이공계를위한영어글쓰기,2026,1,2020/1 ~ 2027/2,대학(학부/서울),39.13,39.13,13.04,,4.35,,4.35,,,,,,9,9,3,,1,,1,,,,,,ok,outputs/pdfs_seoul_university/서울_대학__CUL1168__이공계를위한영어글쓰기.pdf,,23
H0002256,H0002256,서울 대학,CUL1169,비즈니스글쓰기:설득의방법,2026,1,2020/1 ~ 2027/2,대학(학부/서울),,13.64,13.64,40.91,4.55,9.09,13.64,4.55,,,,,,3,3,9,1,2,3,1,,,,,ok,outputs/pdfs_seoul_university/서울_대학__CUL1169__비즈니스글쓰기_설득의방법.pdf,,22
H0002256,H0002256,서울 대학,CUL1170,고급영어토론:설득의기술,2026,1,2020/1 ~ 2027/2,대학(학부/서울),37.5,12.5,12.5,31.25,6.25,,,,,,,,6,2,2,5,1,,,,,,,,ok,outputs/pdfs_seoul_university/서울_대학__CUL1170__고급영어토론_설득의기술.pdf,,16
H0002256,H0002256,서울 대학,CUL1171,고급영어토론:협상의기술,2026,1,2020/1 ~ 2027/2,대학(학부/서울),40.91,45.45,4.55,,4.55,4.55,,,,,,,9,10,1,,1,1,,,,,,,ok,outputs/pdfs_seoul_university/서울_대학__CUL1171__고급영어토론_협상의기술.pdf,,22
H0002256,H0002256,서울 대학,CUL1172,현장형데이터기반서비스디자인전략,2021,1,2020/1 ~ 2027/2,대학(학부/서울),79.41,5.88,14.71,,,,,,,,,,27,2,5,,,,,,,,,,ok,outputs/pdfs_seoul_university/서울_대학__CUL1172__현장형데이터기반서비스디자인전략.pdf,,34
H0002256,H0002256,서울 대학,CUL1173,중소벤처경영실무특강,2025,1,2020/1 ~ 2027/2,대학(학부/서울),100,,,,,,,,,,,,13,,,,,,,,,,,,ok,outputs/pdfs_seoul_university/서울_대학__CUL1173__중소벤처경영실무특강.pdf,,13
H0002256,H0004318,사회혁신융합전공,CUL1174,사회혁신을위한미디어의이해,2026,1,2020/2 ~ 2028/2,사회혁신융합전공,46.67,40,,,6.67,,,6.67,,,,,7,6,,,1,,,1,,,,,ok,outputs/pdfs_full/사회혁신융합전공__CUL1174__사회혁신을위한미디어의이해.pdf,,15
H0002256,H0002256,서울 대학,CUL1175,4차산업혁명과미디어리터러시,2022,1,2020/1 ~ 2027/2,대학(학부/서울),25,18.75,31.25,25,,,,,,,,,8,6,10,8,,,,,,,,,ok,outputs/pdfs_seoul_university/서울_대학__CUL1175__4차산업혁명과미디어리터러시.pdf,,32
H0002256,H0002256,서울 대학,CUL1176,패션리테일4.0시대옴니채널마케팅,2026,1,2020/2 ~ 2027/2,대학(학부/서울),100,,,,,,,,,,,,17,,,,,,,,,,,,ok,outputs/pdfs_seoul_university/서울_대학__CUL1176__패션리테일4.0시대옴니채널마케팅.pdf,,17
H0002256,H0004322,빅데이터융합전공,CUL1178,IoT데이터마이닝,2023,2,2018/2 ~ 2029/2,빅데이터융합전공,42.86,28.57,28.57,,,,,,,,,,3,2,2,,,,,,,,,,ok,outputs/pdfs_full/빅데이터융합전공__CUL1178__IoT데이터마이닝.pdf,,7
H0002256,H0002256,서울 대학,CUL1179,빅뱅에서인간까지,2025,2,2021/1 ~ 2027/2,대학(학부/서울),19.35,10.75,26.88,13.98,25.81,3.23,,,,,,,18,10,25,13,24,3,,,,,,,ok,outputs/pdfs_seoul_university/서울_대학__CUL1179__빅뱅에서인간까지.pdf,,93
H0002256,H0002256,서울 대학,CUL1180,뉴리터러시,2025,1,2021/1 ~ 2027/2,대학(학부/서울),72.97,24.32,,,,,,2.7,,,,,27,9,,,,,,1,,,,,ok,outputs/pdfs_seoul_university/서울_대학__CUL1180__뉴리터러시.pdf,,37
H0002256,H0002256,서울 대학,CUL1181,움직임과DesignThinking,2024,1,2021/1 ~ 2025/1,대학(학부/서울),55.17,44.83,,,,,,,,,,,16,13,,,,,,,,,,,ok,outputs/pdfs_seoul_university/서울_대학__CUL1181__움직임과DesignThinking.pdf,,29
H0002256,H0002256,서울 대학,CUL1182,디지털플랫폼과경제및사회적이슈,2026,1,2021/1 ~ 2027/2,대학(학부/서울),70,30,,,,,,,,,,,7,3,,,,,,,,,,,ok,outputs/pdfs_seoul_university/서울_대학__CUL1182__디지털플랫폼과경제및사회적이슈.pdf,,10
H0002256,H0002256,서울 대학,CUL1183,트랜스미디어디자이닝솔루션,2025,2,2021/1 ~ 2027/2,대학(학부/서울),12.5,50,12.5,18.75,,6.25,,,,,,,2,8,2,3,,1,,,,,,,ok,outputs/pdfs_seoul_university/서울_대학__CUL1183__트랜스미디어디자이닝솔루션.pdf,,16
H0002256,H0002256,서울 대학,CUL1184,AR/VR가상공간인터렉티브콘텐츠개발랩,2026,1,2021/1 ~ 2027/2,대학(학부/서울),94.12,5.88,,,,,,,,,,,16,1,,,,,,,,,,,ok,outputs/pdfs_seoul_university/서울_대학__CUL1184__AR_VR가상공간인터렉티브콘텐츠개발랩.pdf,,17
H0002256,H0004713,미래전기에너지신기술융합전공,CUL1185,전기에너지개론,2026,1,2017/2 ~ 2028/2,미래전기에너지신기술융합전공,85.84,10.05,1.83,0.91,1.37,,,,,,,,188,22,4,2,3,,,,,,,,ok,outputs/pdfs_full/미래전기에너지신기술융합전공__CUL1185__전기에너지개론.pdf,,219
H0002256,H0002256,서울 대학,CUL1186,문학과예술이론의아포리아에대한동서양의대화,2026,1,2021/2 ~ 2027/2,대학(학부/서울),19.84,8.73,47.62,0.79,17.46,3.17,1.59,0.79,,,,,25,11,60,1,22,4,2,1,,,,,ok,outputs/pdfs_seoul_university/서울_대학__CUL1186__문학과예술이론의아포리아에대한동서양의대화.pdf,,126
H0002256,H0002256,서울 대학,CUL1187,CEO취업멘토링,2021,2,2021/2 ~ 2027/2,대학(학부/서울),100,,,,,,,,,,,,7,,,,,,,,,,,,ok,outputs/pdfs_seoul_university/서울_대학__CUL1187__CEO취업멘토링.pdf,,7
H0002256,H0002256,서울 대학,CUL1188,몸과마음을읽는헬스케어,2025,2,2021/2 ~ 2027/2,대학(학부/서울),66.67,26.67,6.67,,,,,,,,,,20,8,2,,,,,,,,,,ok,outputs/pdfs_seoul_university/서울_대학__CUL1188__몸과마음을읽는헬스케어.pdf,,30
H0002256,H0004360,글로벌 CEO 창업 융합전공,CUL1189,Contemporary Korean Studies,2026,1,2022/1 ~ 2028/2,글로벌 CEO 창업 융합전공,23.33,40,20,6.67,3.33,1.67,3.33,1.67,,,,,14,24,12,4,2,1,2,1,,,,,ok,outputs/pdfs_full/글로벌_CEO_창업_융합전공__CUL1189__Contemporary_Korean_Studies.pdf,,60
H0002256,H0002256,서울 대학,CUL1190,4차산업혁명과사회의이해,2026,1,2021/2 ~ 2027/2,대학(학부/서울),82.76,3.45,13.79,,,,,,,,,,24,1,4,,,,,,,,,,ok,outputs/pdfs_seoul_university/서울_대학__CUL1190__4차산업혁명과사회의이해.pdf,,29
H0002256,H0002256,서울 대학,CUL1191,물리현상과컴퓨터시뮬레이션,2023,1,2021/2 ~ 2027/2,대학(학부/서울),100,,,,,,,,,,,,8,,,,,,,,,,,,ok,outputs/pdfs_seoul_university/서울_대학__CUL1191__물리현상과컴퓨터시뮬레이션.pdf,,8
H0002256,H0002256,서울 대학,CUL1192,OTT드라마스토리텔링,2026,1,2022/1 ~ 2027/2,대학(학부/서울),68.42,15.79,10.53,5.26,,,,,,,,,13,3,2,1,,,,,,,,,ok,outputs/pdfs_seoul_university/서울_대학__CUL1192__OTT드라마스토리텔링.pdf,,19
H0002256,H0002256,서울 대학,CUL1193,기후변화와종말의상상,2024,2,2022/2 ~ 2027/2,대학(학부/서울),75,12.5,12.5,,,,,,,,,,6,1,1,,,,,,,,,,ok,outputs/pdfs_seoul_university/서울_대학__CUL1193__기후변화와종말의상상.pdf,,8
H0002256,H0002256,서울 대학,CUL1194,지속가능성장과기업의ESG정책,2023,1,2022/2 ~ 2027/2,대학(학부/서울),91.67,1.67,1.67,1.67,,,,3.33,,,,,55,1,1,1,,,,2,,,,,ok,outputs/pdfs_seoul_university/서울_대학__CUL1194__지속가능성장과기업의ESG정책.pdf,,60
H0002256,H0002256,서울 대학,CUL1196,FutureTechLiteracy:꼭알아야할미래기술은무엇인가,2023,1,2023/1 ~ 2027/2,대학(학부/서울),69.23,7.69,15.38,5.13,2.56,,,,,,,,27,3,6,2,1,,,,,,,,ok,outputs/pdfs_seoul_university/서울_대학__CUL1196__FutureTechLiteracy_꼭알아야할미래기술은무엇인가.pdf,,39
H0002256,H0002256,서울 대학,CUL1197,뇌과학으로알아보는나의정신과마음,2023,2,2023/1 ~ 2027/2,대학(학부/서울),61.29,21.94,11.61,4.52,0.65,,,,,,,,95,34,18,7,1,,,,,,,,ok,outputs/pdfs_seoul_university/서울_대학__CUL1197__뇌과학으로알아보는나의정신과마음.pdf,,155
H0002256,H0002256,서울 대학,CUL1198,인공지능기술기반에너지관리시스템의이해,2026,1,2023/1 ~ 2027/2,대학(학부/서울),91.67,,,,,,,8.33,,,,,11,,,,,,,1,,,,,ok,outputs/pdfs_seoul_university/서울_대학__CUL1198__인공지능기술기반에너지관리시스템의이해.pdf,,12
H0002256,H0002256,서울 대학,CUL1199,미국의문화와사회,2026,1,2023/2 ~ 2027/2,대학(학부/서울),6.25,28.13,28.13,21.88,9.38,6.25,,,,,,,2,9,9,7,3,2,,,,,,,ok,outputs/pdfs_seoul_university/서울_대학__CUL1199__미국의문화와사회.pdf,,32
H0002256,H0002256,서울 대학,CUL1200,20세기일본과21세기중국,2025,2,2023/2 ~ 2027/2,대학(학부/서울),15.79,10.53,31.58,21.05,10.53,10.53,,,,,,,3,2,6,4,2,2,,,,,,,ok,outputs/pdfs_seoul_university/서울_대학__CUL1200__20세기일본과21세기중국.pdf,,19
H0002256,H0002256,서울 대학,CUL1201,의사소통과이미지메이킹론,2026,1,2023/2 ~ 2027/2,대학(학부/서울),61.11,4.17,26.39,,6.94,,,1.39,,,,,44,3,19,,5,,,1,,,,,ok,outputs/pdfs_seoul_university/서울_대학__CUL1201__의사소통과이미지메이킹론.pdf,,72
H0002256,H0002256,서울 대학,CUL1202,뉴스포츠,2026,1,2023/2 ~ 2027/2,대학(학부/서울),100,,,,,,,,,,,,69,,,,,,,,,,,,ok,outputs/pdfs_seoul_university/서울_대학__CUL1202__뉴스포츠.pdf,,69
H0002256,H0002256,서울 대학,CUL1203,효과적인영어어휘학습전략,2026,1,2023/2 ~ 2027/2,대학(학부/서울),28.57,,42.86,,28.57,,,,,,,,6,,9,,6,,,,,,,,ok,outputs/pdfs_seoul_university/서울_대학__CUL1203__효과적인영어어휘학습전략.pdf,,21
H0002256,H0002256,서울 대학,CUL1204,학문적영어읽기:이해와해석,2025,2,2023/2 ~ 2027/2,대학(학부/서울),31.82,,36.36,,31.82,,,,,,,,7,,8,,7,,,,,,,,ok,outputs/pdfs_seoul_university/서울_대학__CUL1204__학문적영어읽기_이해와해석.pdf,,22
H0002256,H0002256,서울 대학,CUL1205,Art&Brain:뇌과학으로예술이해하기,2023,2,2023/2 ~ 2027/2,대학(학부/서울),72.32,11.61,9.82,4.46,0.89,0.89,,,,,,,81,13,11,5,1,1,,,,,,,ok,outputs/pdfs_seoul_university/서울_대학__CUL1205__Art&Brain_뇌과학으로예술이해하기.pdf,,112
H0002256,H0002256,서울 대학,CUL1208,기술시장데이터분석,2025,1,2023/2 ~ 2026/1,대학(학부/서울),28.57,57.14,14.29,,,,,,,,,,4,8,2,,,,,,,,,,ok,outputs/pdfs_seoul_university/서울_대학__CUL1208__기술시장데이터분석.pdf,,14
H0002256,H0005006,한양인터칼리지학부,CUL1209,기술전략과R&D기획,2025,1,2027/1 ~ 2029/2,한양인터칼리지학부,100,,,,,,,,,,,,9,,,,,,,,,,,,ok,outputs/pdfs_full/한양인터칼리지학부__CUL1209__기술전략과R&D기획.pdf,,9
H0002256,H0002256,서울 대학,CUL1210,소통과갈등의이해,2026,1,2024/1 ~ 2027/2,대학(학부/서울),28.85,1.92,40.38,,28.85,,,,,,,,15,1,21,,15,,,,,,,,ok,outputs/pdfs_seoul_university/서울_대학__CUL1210__소통과갈등의이해.pdf,,52
H0002256,H0002256,서울 대학,CUL1211,우리말어원의세계,2026,1,2024/1 ~ 2027/2,대학(학부/서울),69.44,11.11,11.11,5.56,,2.78,,,,,,,25,4,4,2,,1,,,,,,,ok,outputs/pdfs_seoul_university/서울_대학__CUL1211__우리말어원의세계.pdf,,36
H0002256,H0002256,서울 대학,CUL1212,MBTI유형에따른대화전략,2026,1,2024/1 ~ 2027/2,대학(학부/서울),60.53,21.05,10.53,7.89,,,,,,,,,23,8,4,3,,,,,,,,,ok,outputs/pdfs_seoul_university/서울_대학__CUL1212__MBTI유형에따른대화전략.pdf,,38
H0002256,H0002256,서울 대학,CUL1213,직장인을위한프레젠테이션,2026,1,2024/1 ~ 2027/2,대학(학부/서울),75,17.86,7.14,,,,,,,,,,21,5,2,,,,,,,,,,ok,outputs/pdfs_seoul_university/서울_대학__CUL1213__직장인을위한프레젠테이션.pdf,,28
H0002256,H0002256,서울 대학,CUL1214,스마트장치의이해,2026,1,2024/1 ~ 2027/2,대학(학부/서울),94.44,5.56,,,,,,,,,,,51,3,,,,,,,,,,,ok,outputs/pdfs_seoul_university/서울_대학__CUL1214__스마트장치의이해.pdf,,54
H0002256,H0002256,서울 대학,CUL1215,21세기뮤지컬과미래예술,2026,1,2024/1 ~ 2027/2,대학(학부/서울),43.33,33.33,16.67,3.33,,3.33,,,,,,,13,10,5,1,,1,,,,,,,ok,outputs/pdfs_seoul_university/서울_대학__CUL1215__21세기뮤지컬과미래예술.pdf,,30
H0002256,H0002256,서울 대학,CUL1216,호신술과자기방어,2026,1,2024/1 ~ 2027/2,대학(학부/서울),84.85,12.12,3.03,,,,,,,,,,56,8,2,,,,,,,,,,ok,outputs/pdfs_seoul_university/서울_대학__CUL1216__호신술과자기방어.pdf,,66
H0002256,H0002256,서울 대학,CUL1217,명화속에숨어있는심리학,2026,1,2024/1 ~ 2027/2,대학(학부/서울),21.88,18.75,31.25,9.38,18.75,,,,,,,,7,6,10,3,6,,,,,,,,ok,outputs/pdfs_seoul_university/서울_대학__CUL1217__명화속에숨어있는심리학.pdf,,32
H0002256,H0002256,서울 대학,CUL1218,인간발달담론,2025,2,2024/1 ~ 2027/2,대학(학부/서울),28.57,,40,,31.43,,,,,,,,10,,14,,11,,,,,,,,ok,outputs/pdfs_seoul_university/서울_대학__CUL1218__인간발달담론.pdf,,35
H0002256,H0002256,서울 대학,CUL1219,ESG의이론과실제,2026,1,2024/1 ~ 2027/2,대학(학부/서울),81.48,,3.7,11.11,3.7,,,,,,,,22,,1,3,1,,,,,,,,ok,outputs/pdfs_seoul_university/서울_대학__CUL1219__ESG의이론과실제.pdf,,27
H0002256,H0002256,서울 대학,CUL1220,Ethics of Science and Technology,2026,1,2024/1 ~ 2027/2,대학(학부/서울),31.25,25,31.25,12.5,,,,,,,,,5,4,5,2,,,,,,,,,ok,outputs/pdfs_seoul_university/서울_대학__CUL1220__Ethics_of_Science_and_Technology.pdf,,16
H0002256,H0002256,서울 대학,CUL1221,Fact versus Fiction: Media Literacy and Detecting Fake News,2026,1,2024/1 ~ 2027/2,대학(학부/서울),13.79,34.48,27.59,17.24,,3.45,3.45,,,,,,4,10,8,5,,1,1,,,,,,ok,outputs/pdfs_seoul_university/서울_대학__CUL1221__Fact_versus_Fiction__Media_Literacy_and_Detecting_Fake_News.pdf,,29
H0002256,H0002256,서울 대학,CUL1222,Neuromarketing & AI: Unlocking consumerinsights,2024,2,2024/1 ~ 2027/2,대학(학부/서울),38.46,34.62,11.54,15.38,,,,,,,,,10,9,3,4,,,,,,,,,ok,outputs/pdfs_seoul_university/서울_대학__CUL1222__Neuromarketing_&_AI__Unlocking_consumerinsights.pdf,,26
H0002256,H0002256,서울 대학,CUL1223,과학과대중,2026,1,2024/1 ~ 2027/2,대학(학부/서울),17.86,39.29,28.57,14.29,,,,,,,,,5,11,8,4,,,,,,,,,ok,outputs/pdfs_seoul_university/서울_대학__CUL1223__과학과대중.pdf,,28
H0002256,H0002256,서울 대학,CUL1224,과학의탈국가화,2026,1,2024/1 ~ 2027/2,대학(학부/서울),97.06,2.94,,,,,,,,,,,33,1,,,,,,,,,,,ok,outputs/pdfs_seoul_university/서울_대학__CUL1224__과학의탈국가화.pdf,,34
H0002256,H0002256,서울 대학,CUL1225,동양신화와문화콘텐츠스토리텔링,2026,1,2024/1 ~ 2027/2,대학(학부/서울),48.28,12.07,20.69,12.07,,6.9,,,,,,,28,7,12,7,,4,,,,,,,ok,outputs/pdfs_seoul_university/서울_대학__CUL1225__동양신화와문화콘텐츠스토리텔링.pdf,,58
H0002256,H0002256,서울 대학,CUL1226,인문학도를위한창의적코딩,2026,1,2024/1 ~ 2027/2,대학(학부/서울),83.33,10,6.67,,,,,,,,,,25,3,2,,,,,,,,,,ok,outputs/pdfs_seoul_university/서울_대학__CUL1226__인문학도를위한창의적코딩.pdf,,30
H0002256,H0002256,서울 대학,CUL1227,디지털교육과ODA,2024,1,2024/1 ~ 2026/1,대학(학부/서울),32.35,,44.12,,23.53,,,,,,,,11,,15,,8,,,,,,,,ok,outputs/pdfs_seoul_university/서울_대학__CUL1227__디지털교육과ODA.pdf,,34
H0002256,H0002256,서울 대학,CUL1228,인문학도를위한컴퓨팅의시작,2025,2,2024/2 ~ 2027/2,대학(학부/서울),40,,43.33,,16.67,,,,,,,,12,,13,,5,,,,,,,,ok,outputs/pdfs_seoul_university/서울_대학__CUL1228__인문학도를위한컴퓨팅의시작.pdf,,30
H0002256,H0002256,서울 대학,CUL1229,AI혁명:최첨단비즈니스전략마스터하기,2026,1,2024/2 ~ 2027/2,대학(학부/서울),34.92,28.57,31.75,4.76,,,,,,,,,22,18,20,3,,,,,,,,,ok,outputs/pdfs_seoul_university/서울_대학__CUL1229__AI혁명_최첨단비즈니스전략마스터하기.pdf,,63
H0002256,H0002256,서울 대학,CUL1230,교양풋살,2026,1,2024/2 ~ 2027/2,대학(학부/서울),100,,,,,,,,,,,,29,,,,,,,,,,,,ok,outputs/pdfs_seoul_university/서울_대학__CUL1230__교양풋살.pdf,,29
H0002256,H0002256,서울 대학,CUL1231,데이터와법,2026,1,2024/2 ~ 2027/2,대학(학부/서울),33.33,8.33,41.67,8.33,8.33,,,,,,,,4,1,5,1,1,,,,,,,,ok,outputs/pdfs_seoul_university/서울_대학__CUL1231__데이터와법.pdf,,12
H0002256,H0002256,서울 대학,CUL1232,"질병과장애,고통의음악학",2026,1,2025/1 ~ 2027/2,대학(학부/서울),95.7,1.08,2.15,,1.08,,,,,,,,89,1,2,,1,,,,,,,,ok,"outputs/pdfs_seoul_university/서울_대학__CUL1232__질병과장애,고통의음악학.pdf",,93
H0002256,H0002256,서울 대학,CUL1233,로봇시대의논쟁,2026,1,2025/1 ~ 2027/2,대학(학부/서울),82.86,11.43,2.86,,2.86,,,,,,,,29,4,1,,1,,,,,,,,ok,outputs/pdfs_seoul_university/서울_대학__CUL1233__로봇시대의논쟁.pdf,,35
H0002256,H0002256,서울 대학,CUL1234,무용미학의언어와감각,2026,1,2025/1 ~ 2027/2,대학(학부/서울),12.5,17.86,28.57,10.71,17.86,12.5,,,,,,,7,10,16,6,10,7,,,,,,,ok,outputs/pdfs_seoul_university/서울_대학__CUL1234__무용미학의언어와감각.pdf,,56
H0002256,H0002256,서울 대학,CUL1235,아프리카창업아카데미,2025,1,2025/1 ~ 2027/2,대학(학부/서울),32.5,,37.5,,30,,,,,,,,13,,15,,12,,,,,,,,ok,outputs/pdfs_seoul_university/서울_대학__CUL1235__아프리카창업아카데미.pdf,,40
H0002256,H0002256,서울 대학,CUL1236,교양펜싱,2026,1,2025/1 ~ 2027/2,대학(학부/서울),100,,,,,,,,,,,,40,,,,,,,,,,,,ok,outputs/pdfs_seoul_university/서울_대학__CUL1236__교양펜싱.pdf,,40
H0002256,H0002256,서울 대학,CUL1237,인간다운생활과사회보장법,2026,1,2025/1 ~ 2027/2,대학(학부/서울),31.03,,37.93,,31.03,,,,,,,,9,,11,,9,,,,,,,,ok,outputs/pdfs_seoul_university/서울_대학__CUL1237__인간다운생활과사회보장법.pdf,,29
H0002256,H0002256,서울 대학,CUL1238,파워앱스를활용한현장프로세스디지털전환,2025,2,2025/2 ~ 2027/2,대학(학부/서울),64,28,8,,,,,,,,,,16,7,2,,,,,,,,,,ok,outputs/pdfs_seoul_university/서울_대학__CUL1238__파워앱스를활용한현장프로세스디지털전환.pdf,,25
H0002256,H0003664,사회학과,CUL2000,사회학의이해,2025,2,2014/1 ~ 2027/2,사회학과,54.55,27.27,15.91,,,2.27,,,,,,,24,12,7,,,1,,,,,,,ok,outputs/pdfs_full/사회학과__CUL2000__사회학의이해.pdf,,44
H0002256,H0003664,사회학과,CUL2004,사회학에의초대,2026,1,2014/1 ~ 2027/2,사회학과,20.29,15.94,18.84,17.39,8.7,7.25,,,,11.59,,,14,11,13,12,6,5,,,,8,,,ok,outputs/pdfs_full/사회학과__CUL2004__사회학에의초대.pdf,,69
H0002256,H0003664,사회학과,CUL2007,정보화사회,2020,2,2014/1 ~ 2022/2,사회학과,25,16.67,,16.67,33.33,8.33,,,,,,,3,2,,2,4,1,,,,,,,ok,outputs/pdfs_full/사회학과__CUL2007__정보화사회.pdf,,12
H0002256,H0002256,서울 대학,CUL2016,관광과지리,2026,1,1997/1 ~ 2027/2,대학(학부/서울),32.56,,41.86,,25.58,,,,,,,,14,,18,,11,,,,,,,,ok,outputs/pdfs_seoul_university/서울_대학__CUL2016__관광과지리.pdf,,43
H0002256,H0002718,교육학과,CUL2018,교육의이해,2026,1,1997/1 ~ 2027/2,교육학과(학부/서울),95.83,,,4.17,,,,,,,,,23,,,1,,,,,,,,,ok,outputs/pdfs_full/교육학과__CUL2018__교육의이해.pdf,,24
H0002256,H0004816,간호학과,CUL2019,심리학의이해,2026,1,2016/1 ~ 2023/2,간호학과,17.39,14.13,28.26,14.13,16.3,9.78,,,,,,,16,13,26,13,15,9,,,,,,,ok,outputs/pdfs_full/간호학과__CUL2019__심리학의이해.pdf,,92
H0002256,H0002256,서울 대학,CUL2022,말과현대생활,2026,1,1997/1 ~ 2027/2,대학(학부/서울),50,21.43,25,,3.57,,,,,,,,14,6,7,,1,,,,,,,,ok,outputs/pdfs_seoul_university/서울_대학__CUL2022__말과현대생활.pdf,,28
H0002256,H0002256,서울 대학,CUL2024,인간과생활환경,2019,1,1997/1 ~ 2019/1,대학(학부/서울),22.22,9.72,27.78,16.67,12.5,8.33,1.39,1.39,,,,,16,7,20,12,9,6,1,1,,,,,ok,outputs/pdfs_seoul_university/서울_대학__CUL2024__인간과생활환경.pdf,,72
H0002256,H0002256,서울 대학,CUL2025,가족문제,2026,1,1997/1 ~ 2027/2,대학(학부/서울),23.91,6.52,30.43,10.87,21.74,6.52,,,,,,,11,3,14,5,10,3,,,,,,,ok,outputs/pdfs_seoul_university/서울_대학__CUL2025__가족문제.pdf,,46
H0002256,H0002256,서울 대학,CUL2026,패션과스타일커뮤니케이션,2026,1,1997/1 ~ 2027/2,대학(학부/서울),16,16,26.67,13.33,21.33,6.67,,,,,,,12,12,20,10,16,5,,,,,,,ok,outputs/pdfs_seoul_university/서울_대학__CUL2026__패션과스타일커뮤니케이션.pdf,,75
H0002256,H0002256,서울 대학,CUL2029,정치사상의이해,2016,2,1997/1 ~ 2016/2,대학(학부/서울),27.03,8.11,43.24,2.7,18.92,,,,,,,,10,3,16,1,7,,,,,,,,ok,outputs/pdfs_seoul_university/서울_대학__CUL2029__정치사상의이해.pdf,,37
H0002256,H0002256,서울 대학,CUL2040,법과인권,2026,1,1997/1 ~ 2027/2,대학(학부/서울),28.95,,39.47,7.89,18.42,5.26,,,,,,,11,,15,3,7,2,,,,,,,ok,outputs/pdfs_seoul_university/서울_대학__CUL2040__법과인권.pdf,,38
H0002256,H0004817,간호학과(야),CUL2041,법과의료,2026,1,2018/1 ~ 2029/2,간호학과(야),42.11,,36.84,,21.05,,,,,,,,8,,7,,4,,,,,,,,ok,outputs/pdfs_full/간호학과(야)__CUL2041__법과의료.pdf,,19
H0002256,H0002894,경영학부,CUL2045,기업과경영의이해,2017,2,1997/1 ~ 2015/2,경영학부(학부/서울/경영),,35,35,,30,,,,,,,,,7,7,,6,,,,,,,,ok,outputs/pdfs_full/경영학부__CUL2045__기업과경영의이해.pdf,,20
H0002256,H0002933,경제금융학부,CUL2046,기업정보의이해,2017,2,1998/1 ~ 2015/2,경제금융학부(학부/서울),13.04,34.78,21.74,21.74,,,4.35,4.35,,,,,3,8,5,5,,,1,1,,,,,ok,outputs/pdfs_full/경제금융학부__CUL2046__기업정보의이해.pdf,,23
H0002256,H0004817,간호학과(야),CUL2053,현실경제의이해,2026,1,2019/1 ~ 2030/2,간호학과(야),14.81,25.93,22.22,18.52,14.81,3.7,,,,,,,4,7,6,5,4,1,,,,,,,ok,outputs/pdfs_full/간호학과(야)__CUL2053__현실경제의이해.pdf,,27
H0002256,H0002256,서울 대학,CUL2061,물리현상의원리,2013,2,1997/1 ~ 2013/2,대학(학부/서울),11.69,20.78,27.27,15.58,22.08,,,2.6,,,,,9,16,21,12,17,,,2,,,,,ok,outputs/pdfs_seoul_university/서울_대학__CUL2061__물리현상의원리.pdf,,77
H0002256,H0002256,서울 대학,CUL2075,지진과생활,2026,1,1997/1 ~ 2027/2,대학(학부/서울),19.61,12.75,27.45,14.71,19.61,3.92,1.96,,,,,,20,13,28,15,20,4,2,,,,,,ok,outputs/pdfs_seoul_university/서울_대학__CUL2075__지진과생활.pdf,,102
H0002256,H0002256,서울 대학,CUL2080,피부건강과코디네이션,2013,2,1997/1 ~ 2015/1,대학(학부/서울),21.25,13.75,30,13.44,21.56,,,,,,,,68,44,96,43,69,,,,,,,,ok,outputs/pdfs_seoul_university/서울_대학__CUL2080__피부건강과코디네이션.pdf,,320
H0002256,H0002256,서울 대학,CUL2081,가족과건강,2015,2,1997/1 ~ 2015/2,대학(학부/서울),20,14,26,16,12,8,4,,,,,,10,7,13,8,6,4,2,,,,,,ok,outputs/pdfs_seoul_university/서울_대학__CUL2081__가족과건강.pdf,,50
H0002256,H0002256,서울 대학,CUL2082,영양정보,2015,1,1997/1 ~ 2015/2,대학(학부/서울),22.22,11.11,30.16,12.7,14.29,7.94,1.59,,,,,,14,7,19,8,9,5,1,,,,,,ok,outputs/pdfs_seoul_university/서울_대학__CUL2082__영양정보.pdf,,63
H0002256,H0003587,체육학과,CUL2084,체동학,2020,2,2013/1 ~ 2022/2,체육학과,42.86,,14.29,14.29,28.57,,,,,,,,6,,2,2,4,,,,,,,,ok,outputs/pdfs_full/체육학과__CUL2084__체동학.pdf,,14
H0002256,H0003587,체육학과,CUL2090,스키,2024,2,2017/1 ~ 2022/2,체육학과,89.66,6.9,3.45,,,,,,,,,,26,2,1,,,,,,,,,,ok,outputs/pdfs_full/체육학과__CUL2090__스키.pdf,,29
H0002256,H0002256,서울 대학,CUL2099,교양스키1,2016,2,1997/1 ~ 2019/2,대학(학부/서울),,,,,,,,,,100,,,,,,,,,,,,32,,,ok,outputs/pdfs_seoul_university/서울_대학__CUL2099__교양스키1.pdf,,32
H0002256,H0003590,무용학과,CUL3002,무용해부학,2014,1,2013/1 ~ 2014/2,무용학과,20.59,17.65,14.71,17.65,11.76,11.76,5.88,,,,,,7,6,5,6,4,4,2,,,,,,ok,outputs/pdfs_full/무용학과__CUL3002__무용해부학.pdf,,34
H0002256,H0002256,서울 대학,CUL3005,운동과다이어트,2026,1,1997/1 ~ 2027/2,대학(학부/서울),74.42,23.26,,2.33,,,,,,,,,32,10,,1,,,,,,,,,ok,outputs/pdfs_seoul_university/서울_대학__CUL3005__운동과다이어트.pdf,,43
H0002256,H0003587,체육학과,CUL3006,웨이트트레이닝,2026,1,2016/1 ~ 2022/1,체육학과,52.24,34.33,11.94,1.49,,,,,,,,,35,23,8,1,,,,,,,,,ok,outputs/pdfs_full/체육학과__CUL3006__웨이트트레이닝.pdf,,67
H0002256,H0002521,건축공학부,CUL3011,일반물리학및실험1,2026,1,2005/1 ~ 2027/2,건축공학부(학부/서울),21.88,17.68,27.44,14.59,10.3,5.65,1.73,0.64,,,0.09,,240,194,301,160,113,62,19,7,,,1,,ok,outputs/pdfs_full/건축공학부__CUL3011__일반물리학및실험1.pdf,,1097
H0002256,H0002521,건축공학부,CUL3012,일반물리학및실험2,2025,2,2005/1 ~ 2027/2,건축공학부(학부/서울),18.4,19.35,25.3,17.59,12.18,4.33,2.03,0.81,,,,,136,143,187,130,90,32,15,6,,,,,ok,outputs/pdfs_full/건축공학부__CUL3012__일반물리학및실험2.pdf,,739
H0002256,H0002599,의예과,CUL3013,일반생물학및실험1,2019,1,1997/1 ~ 2019/2,의예과(학부/서울),14.53,13.41,17.32,18.44,15.64,,,,,,,,26,24,31,33,28,,,,,,,,ok,outputs/pdfs_full/의예과__CUL3013__일반생물학및실험1.pdf,,142
H0002256,H0002599,의예과,CUL3014,일반생물학및실험2,2025,2,1997/1 ~ 2019/2,의예과(학부/서울),56.67,26.67,10,6.67,,,,,,,,,17,8,3,2,,,,,,,,,ok,outputs/pdfs_full/의예과__CUL3014__일반생물학및실험2.pdf,,30
H0002256,H0002256,서울 대학,CUL3016,교양댄스스포츠,2026,1,2009/1 ~ 2027/2,대학(학부/서울),,,,,,,,,,100,,,,,,,,,,,,83,,,ok,outputs/pdfs_seoul_university/서울_대학__CUL3016__교양댄스스포츠.pdf,,83
H0002256,H0002256,서울 대학,CUL3020,소시오드라마,2013,2,2000/1 ~ 2015/1,대학(학부/서울),34.15,,41.46,,21.95,,,,,2.44,,,14,,17,,9,,,,,1,,,ok,outputs/pdfs_seoul_university/서울_대학__CUL3020__소시오드라마.pdf,,41
H0002256,H0002599,의예과,CUL3034,생활속의의학,2019,1,2002/1 ~ 2002/2,의예과(학부/서울),16.67,14.58,18.75,16.67,6.25,6.25,12.5,8.33,,,,,8,7,9,8,3,3,6,4,,,,,ok,outputs/pdfs_full/의예과__CUL3034__생활속의의학.pdf,,48
H0002256,H0002256,서울 대학,CUL3036,스크린영어,2026,1,1999/1 ~ 2027/2,대학(학부/서울),52.44,26.83,10.98,7.32,,2.44,,,,,,,43,22,9,6,,2,,,,,,,ok,outputs/pdfs_seoul_university/서울_대학__CUL3036__스크린영어.pdf,,82
H0002256,H0002256,서울 대학,CUL3045,창의적시쓰기,2015,2,1999/1 ~ 2015/2,대학(학부/서울),84.09,15.91,,,,,,,,,,,37,7,,,,,,,,,,,ok,outputs/pdfs_seoul_university/서울_대학__CUL3045__창의적시쓰기.pdf,,44
H0002256,H0002256,서울 대학,CUL3050,음악창작과컴퓨터,2013,2,1999/1 ~ 2014/2,대학(학부/서울),20,20,33.33,20,6.67,,,,,,,,3,3,5,3,1,,,,,,,,ok,outputs/pdfs_seoul_university/서울_대학__CUL3050__음악창작과컴퓨터.pdf,,15
H0002256,H0002256,서울 대학,CUL3052,교양골프1,2018,2,1997/1 ~ 2019/2,대학(학부/서울),,,,,,,,,,100,,,,,,,,,,,,53,,,ok,outputs/pdfs_seoul_university/서울_대학__CUL3052__교양골프1.pdf,,53
H0002256,H0003542,법학과,CUL3060,산업재산권법2,2016,2,2004/1 ~ 2016/2,법학과(학부/서울),100,,,,,,,,,,,,9,,,,,,,,,,,,ok,outputs/pdfs_full/법학과__CUL3060__산업재산권법2.pdf,,9
H0002256,H0002256,서울 대학,CUL3065,독일가곡과시,2014,2,1999/1 ~ 2027/2,대학(학부/서울),19.64,10.71,26.79,12.5,17.86,5.36,7.14,,,,,,11,6,15,7,10,3,4,,,,,,ok,outputs/pdfs_seoul_university/서울_대학__CUL3065__독일가곡과시.pdf,,56
H0002256,H0002256,서울 대학,CUL3084,영.미문화와영화,2026,1,1999/1 ~ 2027/2,대학(학부/서울),30.23,,41.86,,25.58,,2.33,,,,,,13,,18,,11,,1,,,,,,ok,outputs/pdfs_seoul_university/서울_대학__CUL3084__영.미문화와영화.pdf,,43
H0002256,H0002256,서울 대학,CUL3098,북한정치론,2014,1,2000/1 ~ 2014/2,대학(학부/서울),8.11,24.32,40.54,2.7,24.32,,,,,,,,3,9,15,1,9,,,,,,,,ok,outputs/pdfs_seoul_university/서울_대학__CUL3098__북한정치론.pdf,,37
H0002256,H0002256,서울 대학,CUL3101,Cultural and Ethnic Diversity In Korea,2026,1,2014/2 ~ 2027/2,대학(학부/서울),5.71,28.57,28.57,20,8.57,2.86,2.86,2.86,,,,,2,10,10,7,3,1,1,1,,,,,ok,outputs/pdfs_seoul_university/서울_대학__CUL3101__Cultural_and_Ethnic_Diversity_In_Korea.pdf,,35
H0002256,H0002256,서울 대학,CUL3102,The Language of Cinema,2026,1,2014/2 ~ 2027/2,대학(학부/서울),46.94,22.45,10.2,4.08,10.2,4.08,2.04,,,,,,23,11,5,2,5,2,1,,,,,,ok,outputs/pdfs_seoul_university/서울_대학__CUL3102__The_Language_of_Cinema.pdf,,49
H0002256,H0002256,서울 대학,CUL4000,서양미술의이해,2013,1,2000/1 ~ 2013/2,대학(학부/서울),10.68,28.16,28.16,13.59,6.8,6.8,0.97,4.85,,,,,11,29,29,14,7,7,1,5,,,,,ok,outputs/pdfs_seoul_university/서울_대학__CUL4000__서양미술의이해.pdf,,103
H0002256,H0002256,서울 대학,CUL4005,삼국유사풀어읽기,2013,2,2002/1 ~ 2015/1,대학(학부/서울),35.29,,41.18,,23.53,,,,,,,,12,,14,,8,,,,,,,,ok,outputs/pdfs_seoul_university/서울_대학__CUL4005__삼국유사풀어읽기.pdf,,34
H0002256,H0002256,서울 대학,CUL4016,유럽문학속의여성들,2013,2,2008/1 ~ 2013/2,대학(학부/서울),9.68,25.81,45.16,3.23,16.13,,,,,,,,3,8,14,1,5,,,,,,,,ok,outputs/pdfs_seoul_university/서울_대학__CUL4016__유럽문학속의여성들.pdf,,31
H0002256,H0002256,서울 대학,CUL4023,중국과남북한,2013,1,2001/1 ~ 2014/2,대학(학부/서울),19.64,14.29,32.14,12.5,16.07,5.36,,,,,,,11,8,18,7,9,3,,,,,,,ok,outputs/pdfs_seoul_university/서울_대학__CUL4023__중국과남북한.pdf,,56
H0002256,H0002256,서울 대학,CUL4026,동북아국제관계의이해,2014,2,2001/1 ~ 2014/2,대학(학부/서울),16.39,16.39,27.87,16.39,14.75,8.2,,,,,,,10,10,17,10,9,5,,,,,,,ok,outputs/pdfs_seoul_university/서울_대학__CUL4026__동북아국제관계의이해.pdf,,61
H0002256,H0002256,서울 대학,CUL4028,교양축구1,2026,1,2001/1 ~ 2027/2,대학(학부/서울),,,,,,,,,,100,,,,,,,,,,,,71,,,ok,outputs/pdfs_seoul_university/서울_대학__CUL4028__교양축구1.pdf,,71
H0002256,H0002256,서울 대학,CUL4030,교양농구1,2026,1,2001/1 ~ 2027/2,대학(학부/서울),,,,,,,,,,100,,,,,,,,,,,,64,,,ok,outputs/pdfs_seoul_university/서울_대학__CUL4030__교양농구1.pdf,,64
H0002256,H0002256,서울 대학,CUL4032,교양배구1,2026,1,2001/1 ~ 2027/2,대학(학부/서울),,,,,,,,,,100,,,,,,,,,,,,54,,,ok,outputs/pdfs_seoul_university/서울_대학__CUL4032__교양배구1.pdf,,54
H0002256,H0002256,서울 대학,CUL4034,교양테니스1,2026,1,2001/1 ~ 2027/2,대학(학부/서울),,,,,,,,,,100,,,,,,,,,,,,60,,,ok,outputs/pdfs_seoul_university/서울_대학__CUL4034__교양테니스1.pdf,,60
H0002256,H0002256,서울 대학,CUL4036,교양탁구1,2026,1,2001/1 ~ 2027/2,대학(학부/서울),,,,,,,,,,100,,,,,,,,,,,,55,,,ok,outputs/pdfs_seoul_university/서울_대학__CUL4036__교양탁구1.pdf,,55
H0002256,H0002256,서울 대학,CUL4077,발달과부모교육,2026,1,2002/1 ~ 2027/2,대학(학부/서울),24.44,8.89,31.11,11.11,20,4.44,,,,,,,11,4,14,5,9,2,,,,,,,ok,outputs/pdfs_seoul_university/서울_대학__CUL4077__발달과부모교육.pdf,,45
H0002256,H0002256,서울 대학,CUL4078,분노와자기관리,2026,1,2002/1 ~ 2027/2,대학(학부/서울),25,,36.11,,33.33,5.56,,,,,,,9,,13,,12,2,,,,,,,ok,outputs/pdfs_seoul_university/서울_대학__CUL4078__분노와자기관리.pdf,,36
H0002256,H0002256,서울 대학,CUL4088,중국의역사와문화,2026,1,2003/1 ~ 2027/2,대학(학부/서울),31.69,,41.55,,26.76,,,,,,,,45,,59,,38,,,,,,,,ok,outputs/pdfs_seoul_university/서울_대학__CUL4088__중국의역사와문화.pdf,,142
H0002256,H0002256,서울 대학,CUL4089,중국근현대사,2026,1,2003/1 ~ 2027/2,대학(학부/서울),30.36,1.79,41.07,,26.79,,,,,,,,17,1,23,,15,,,,,,,,ok,outputs/pdfs_seoul_university/서울_대학__CUL4089__중국근현대사.pdf,,56
H0002256,H0002256,서울 대학,CUL5001,주거학개론,2026,1,2003/1 ~ 2027/2,대학(학부/서울),17.33,12,26.67,10.67,29.33,4,,,,,,,13,9,20,8,22,3,,,,,,,ok,outputs/pdfs_seoul_university/서울_대학__CUL5001__주거학개론.pdf,,75
H0002256,H0002256,서울 대학,CUL5005,불교사상과인생,2026,1,2003/1 ~ 2027/2,대학(학부/서울),29.03,3.23,41.94,,25.81,,,,,,,,9,1,13,,8,,,,,,,,ok,outputs/pdfs_seoul_university/서울_대학__CUL5005__불교사상과인생.pdf,,31
H0002256,H0002256,서울 대학,CUL5013,요가,2026,1,2003/1 ~ 2027/2,대학(학부/서울),,,,,,,,,,100,,,,,,,,,,,,53,,,ok,outputs/pdfs_seoul_university/서울_대학__CUL5013__요가.pdf,,53
H0002256,H0002256,서울 대학,CUL5018,라틴아메리카문화와예술,2026,1,2004/1 ~ 2027/2,대학(학부/서울),29.66,2.07,41.38,,26.9,,,,,,,,43,3,60,,39,,,,,,,,ok,outputs/pdfs_seoul_university/서울_대학__CUL5018__라틴아메리카문화와예술.pdf,,145
H0002256,H0003542,법학과,CUL5027,산업재산권법1,2016,1,2004/1 ~ 2016/2,법학과(학부/서울),55.56,44.44,,,,,,,,,,,5,4,,,,,,,,,,,ok,outputs/pdfs_full/법학과__CUL5027__산업재산권법1.pdf,,9
H0002256,H0002256,서울 대학,CUL5036,교양배드민턴,2026,1,2009/1 ~ 2027/2,대학(학부/서울),,,,,,,,,,100,,,,,,,,,,,,58,,,ok,outputs/pdfs_seoul_university/서울_대학__CUL5036__교양배드민턴.pdf,,58
H0002256,H0002256,서울 대학,CUL5042,필수비즈니스한자,2026,1,2005/1 ~ 2027/2,대학(학부/서울),18.57,14.29,22.86,18.57,18.57,4.29,2.86,,,,,,13,10,16,13,13,3,2,,,,,,ok,outputs/pdfs_seoul_university/서울_대학__CUL5042__필수비즈니스한자.pdf,,70
H0002256,H0002256,서울 대학,CUL5043,재미있는한자세계,2026,1,2005/1 ~ 2027/2,대학(학부/서울),30.43,,39.13,,30.43,,,,,,,,21,,27,,21,,,,,,,,ok,outputs/pdfs_seoul_university/서울_대학__CUL5043__재미있는한자세계.pdf,,69
H0002256,H0002256,서울 대학,CUL5047,노자와장자의철학이야기,2016,2,2005/1 ~ 2027/2,대학(학부/서울),25,8.33,41.67,,25,,,,,,,,3,1,5,,3,,,,,,,,ok,outputs/pdfs_seoul_university/서울_대학__CUL5047__노자와장자의철학이야기.pdf,,12
H0002256,H0003621,간호학전공(야),CUL5053,SALT(기업실무능력과리더십),2016,2,2013/1 ~ 2015/2,간호학전공(야),,,,,,,,,,100,,,,,,,,,,,,52,,,ok,outputs/pdfs_full/간호학전공(야)__CUL5053__SALT(기업실무능력과리더십).pdf,,52
H0002256,H0002256,서울 대학,CUL5057,실용일어회화,2026,1,2005/1 ~ 2027/2,대학(학부/서울),56.58,7.89,23.68,,5.26,6.58,,,,,,,43,6,18,,4,5,,,,,,,ok,outputs/pdfs_seoul_university/서울_대학__CUL5057__실용일어회화.pdf,,76
H0002256,H0002256,서울 대학,CUL5064,디자인과생활,2015,2,2005/1 ~ 2015/2,대학(학부/서울),24.56,7.02,35.09,5.26,14.04,14.04,,,,,,,14,4,20,3,8,8,,,,,,,ok,outputs/pdfs_seoul_university/서울_대학__CUL5064__디자인과생활.pdf,,57
H0002256,H0002256,서울 대학,CUL5066,고전음악의이해,2026,1,2005/1 ~ 2027/2,대학(학부/서울),30.26,,40.79,,28.95,,,,,,,,23,,31,,22,,,,,,,,ok,outputs/pdfs_seoul_university/서울_대학__CUL5066__고전음악의이해.pdf,,76
H0002256,H0002256,서울 대학,CUL5067,현대중국의시장과통상,2026,1,2005/1 ~ 2027/2,대학(학부/서울),15.56,15.56,26.67,13.33,28.89,,,,,,,,7,7,12,6,13,,,,,,,,ok,outputs/pdfs_seoul_university/서울_대학__CUL5067__현대중국의시장과통상.pdf,,45
H0002256,H0002256,서울 대학,CUL5070,조세법의이해,2013,1,2006/1 ~ 2013/2,대학(학부/서울),24,12,32,10,22,,,,,,,,12,6,16,5,11,,,,,,,,ok,outputs/pdfs_seoul_university/서울_대학__CUL5070__조세법의이해.pdf,,50
H0002256,H0002256,서울 대학,CUL6003,성인병과운동,2026,1,2008/1 ~ 2027/2,대학(학부/서울),62.79,37.21,,,,,,,,,,,27,16,,,,,,,,,,,ok,outputs/pdfs_seoul_university/서울_대학__CUL6003__성인병과운동.pdf,,43
H0002256,H0002256,서울 대학,CUL6004,직업진로와미래설계,2026,1,2008/1 ~ 2027/2,대학(학부/서울),,,,,,,,,,100,,,,,,,,,,,,147,,,ok,outputs/pdfs_seoul_university/서울_대학__CUL6004__직업진로와미래설계.pdf,,147
H0002256,H0002256,서울 대학,CUL6008,문화인류학으로의여행,2013,2,2009/1 ~ 2013/2,대학(학부/서울),13.99,21.68,22.38,19.58,12.59,8.39,,1.4,,,,,20,31,32,28,18,12,,2,,,,,ok,outputs/pdfs_seoul_university/서울_대학__CUL6008__문화인류학으로의여행.pdf,,143
H0002256,H0002256,서울 대학,CUL6010,파워인재직무역량,2015,2,2008/1 ~ 2027/2,대학(학부/서울),,,,,,,,,,100,,,,,,,,,,,,93,,,ok,outputs/pdfs_seoul_university/서울_대학__CUL6010__파워인재직무역량.pdf,,93
H0002256,H0002256,서울 대학,CUL6011,글로벌기업직무역량과정,2021,2,2008/1 ~ 2027/2,대학(학부/서울),,,,,,,,,,100,,,,,,,,,,,,34,,,ok,outputs/pdfs_seoul_university/서울_대학__CUL6011__글로벌기업직무역량과정.pdf,,34
H0002256,H0002256,서울 대학,CUL6013,추리와논증,2013,2,2009/1 ~ 2015/1,대학(학부/서울),31.34,1.49,41.79,4.48,5.97,13.43,1.49,,,,,,21,1,28,3,4,9,1,,,,,,ok,outputs/pdfs_seoul_university/서울_대학__CUL6013__추리와논증.pdf,,67
H0002256,H0002256,서울 대학,CUL6014,연극치료,2026,1,2009/1 ~ 2027/2,대학(학부/서울),51.28,28.21,12.82,5.13,2.56,,,,,,,,20,11,5,2,1,,,,,,,,ok,outputs/pdfs_seoul_university/서울_대학__CUL6014__연극치료.pdf,,39
H0002256,H0002256,서울 대학,CUL6017,외국인을위한한국의역사와문화,2026,1,2009/1 ~ 2027/2,대학(학부/서울),14.63,13.41,23.17,17.07,15.85,9.76,6.1,,,,,,12,11,19,14,13,8,5,,,,,,ok,outputs/pdfs_seoul_university/서울_대학__CUL6017__외국인을위한한국의역사와문화.pdf,,82
H0002256,H0003588,스포츠산업학과,CUL6019,고전읽기,2012,2,2016/1 ~ 2016/2,스포츠산업학과,,,,,,,,,,100,,,,,,,,,,,,53,,,ok,outputs/pdfs_full/스포츠산업학과__CUL6019__고전읽기.pdf,,53
H0002256,H0002256,서울 대학,CUL6022,표현을통한자기계발,2013,2,2009/1 ~ 2015/1,대학(학부/서울),23.91,4.35,41.3,,19.57,,,,,10.87,,,11,2,19,,9,,,,,5,,,ok,outputs/pdfs_seoul_university/서울_대학__CUL6022__표현을통한자기계발.pdf,,46
H0002256,H0002256,서울 대학,CUL6023,가곡감상과가창,2013,2,2009/1 ~ 2013/2,대학(학부/서울),20.59,11.76,41.18,,17.65,8.82,,,,,,,7,4,14,,6,3,,,,,,,ok,outputs/pdfs_seoul_university/서울_대학__CUL6023__가곡감상과가창.pdf,,34
H0002256,H0002256,서울 대학,CUL6025,생명공학의이해,2026,1,2009/1 ~ 2027/2,대학(학부/서울),36.11,2.78,47.22,,13.89,,,,,,,,13,1,17,,5,,,,,,,,ok,outputs/pdfs_seoul_university/서울_대학__CUL6025__생명공학의이해.pdf,,36
H0002256,H0002256,서울 대학,CUL6026,생명과학입문,2024,1,2009/1 ~ 2027/2,대학(학부/서울),47.27,18.18,21.82,12.73,,,,,,,,,26,10,12,7,,,,,,,,,ok,outputs/pdfs_seoul_university/서울_대학__CUL6026__생명과학입문.pdf,,55
H0002256,H0002256,서울 대학,CUL6027,문화예술마케팅,2014,1,2009/1 ~ 2015/1,대학(학부/서울),30.36,1.79,42.86,,23.21,,,1.79,,,,,17,1,24,,13,,,1,,,,,ok,outputs/pdfs_seoul_university/서울_대학__CUL6027__문화예술마케팅.pdf,,56
H0002256,H0002256,서울 대학,CUL6029,세상을움직이는커뮤니케이션,2014,2,2009/1 ~ 2015/1,대학(학부/서울),32.76,48.28,17.24,1.72,,,,,,,,,19,28,10,1,,,,,,,,,ok,outputs/pdfs_seoul_university/서울_대학__CUL6029__세상을움직이는커뮤니케이션.pdf,,58
H0002256,H0002936,STS(과학기술학)전공,CUL6031,세상으로걸어간과학기술자들,2026,1,2018/1 ~ 2021/2,STS(과학기술학)전공,48.15,14.81,3.7,18.52,3.7,3.7,7.41,,,,,,13,4,1,5,1,1,2,,,,,,ok,outputs/pdfs_full/STS(과학기술학)전공__CUL6031__세상으로걸어간과학기술자들.pdf,,27
H0002256,H0002256,서울 대학,CUL6034,공학영어프레젠테이션,2014,2,2009/1 ~ 2027/2,대학(학부/서울),41.18,23.53,23.53,5.88,5.88,,,,,,,,7,4,4,1,1,,,,,,,,ok,outputs/pdfs_seoul_university/서울_대학__CUL6034__공학영어프레젠테이션.pdf,,17
H0002256,H0002936,STS(과학기술학)전공,CUL6037,과학기술학의새로운지평,2026,1,2018/1 ~ 2021/2,STS(과학기술학)전공,50,13.64,18.18,,4.55,4.55,9.09,,,,,,11,3,4,,1,1,2,,,,,,ok,outputs/pdfs_full/STS(과학기술학)전공__CUL6037__과학기술학의새로운지평.pdf,,22
H0002256,H0002256,서울 대학,CUL6042,R&D전략과기술사업화,2015,1,2009/1 ~ 2015/1,대학(학부/서울),21.05,0.88,42.11,,35.96,,,,,,,,24,1,48,,41,,,,,,,,ok,outputs/pdfs_seoul_university/서울_대학__CUL6042__R&D전략과기술사업화.pdf,,114
H0002256,H0002256,서울 대학,CUL6045,글로벌CEO의비전과전략,2014,2,2009/1 ~ 2014/2,대학(학부/서울),19.05,14.29,39.68,3.17,20.63,3.17,,,,,,,12,9,25,2,13,2,,,,,,,ok,outputs/pdfs_seoul_university/서울_대학__CUL6045__글로벌CEO의비전과전략.pdf,,63
H0002256,H0002256,서울 대학,CUL6046,기술경영의이해,2015,1,2009/1 ~ 2015/1,대학(학부/서울),20.48,,50.6,,28.92,,,,,,,,17,,42,,24,,,,,,,,ok,outputs/pdfs_seoul_university/서울_대학__CUL6046__기술경영의이해.pdf,,83
H0002256,H0002256,서울 대학,CUL6047,현대인의질병과식생활,2014,2,2009/1 ~ 2015/1,대학(학부/서울),20.83,9.72,27.78,13.89,19.44,8.33,,,,,,,15,7,20,10,14,6,,,,,,,ok,outputs/pdfs_seoul_university/서울_대학__CUL6047__현대인의질병과식생활.pdf,,72
H0002256,H0002256,서울 대학,CUL6048,식생활과안전,2025,2,2009/1 ~ 2026/1,대학(학부/서울),29.41,,41.18,,29.41,,,,,,,,5,,7,,5,,,,,,,,ok,outputs/pdfs_seoul_university/서울_대학__CUL6048__식생활과안전.pdf,,17
H0002256,H0002256,서울 대학,CUL6056,교양웨이트트레이닝,2026,1,2009/1 ~ 2027/2,대학(학부/서울),,,,,,,,,,100,,,,,,,,,,,,147,,,ok,outputs/pdfs_seoul_university/서울_대학__CUL6056__교양웨이트트레이닝.pdf,,147
H0002256,H0002256,서울 대학,CUL6059,언어와논리,2013,2,2009/1 ~ 2015/1,대학(학부/서울),37.33,,42.67,,20,,,,,,,,28,,32,,15,,,,,,,,ok,outputs/pdfs_seoul_university/서울_대학__CUL6059__언어와논리.pdf,,75
H0002256,H0002256,서울 대학,CUL6060,여성건강학,2013,2,2009/1 ~ 2014/2,대학(학부/서울),30.61,2.04,40.82,,26.53,,,,,,,,15,1,20,,13,,,,,,,,ok,outputs/pdfs_seoul_university/서울_대학__CUL6060__여성건강학.pdf,,49
H0002256,H0002256,서울 대학,CUL6069,CEO세미나(혁신과변화),2026,1,2011/1 ~ 2027/2,대학(학부/서울),,,,,,,,,,100,,,,,,,,,,,,46,,,ok,outputs/pdfs_seoul_university/서울_대학__CUL6069__CEO세미나(혁신과변화).pdf,,46
H0002256,H0002256,서울 대학,CUL6070,CEO특강-성공하는CEO의조건,2016,1,2011/1 ~ 2016/2,대학(학부/서울),,,,,,,,,,100,,,,,,,,,,,,91,,,ok,outputs/pdfs_seoul_university/서울_대학__CUL6070__CEO특강-성공하는CEO의조건.pdf,,91
H0002256,H0002256,서울 대학,CUL6075,아시아론,2021,1,2009/1 ~ 2027/2,대학(학부/서울),,,,,,,,,,100,,,,,,,,,,,,44,,,ok,outputs/pdfs_seoul_university/서울_대학__CUL6075__아시아론.pdf,,44
H0002256,H0002256,서울 대학,CUL6077,상상력을자극하는한자교실,2026,1,2012/1 ~ 2027/2,대학(학부/서울),22.62,8.33,22.62,15.48,8.33,22.62,,,,,,,19,7,19,13,7,19,,,,,,,ok,outputs/pdfs_seoul_university/서울_대학__CUL6077__상상력을자극하는한자교실.pdf,,84
H0002256,H0002256,서울 대학,CUL6078,미디어로세상읽기,2026,1,2012/1 ~ 2027/2,대학(학부/서울),29.31,,41.38,,27.59,,1.72,,,,,,17,,24,,16,,1,,,,,,ok,outputs/pdfs_seoul_university/서울_대학__CUL6078__미디어로세상읽기.pdf,,58
H0002256,H0002256,서울 대학,CUL6079,분석과비판,2026,1,2012/1 ~ 2027/2,대학(학부/서울),33.63,,44.25,,22.12,,,,,,,,38,,50,,25,,,,,,,,ok,outputs/pdfs_seoul_university/서울_대학__CUL6079__분석과비판.pdf,,113
H0002256,H0002256,서울 대학,CUL6080,문화혼융의시읽기,2015,2,2012/1 ~ 2017/1,대학(학부/서울),21.74,8.7,43.48,,13.04,4.35,8.7,,,,,,5,2,10,,3,1,2,,,,,,ok,outputs/pdfs_seoul_university/서울_대학__CUL6080__문화혼융의시읽기.pdf,,23
H0002256,H0002256,서울 대학,CUL6081,뉴벤처창업워크샵,2014,2,2012/1 ~ 2014/2,대학(학부/서울),32.14,,41.07,,26.79,,,,,,,,18,,23,,15,,,,,,,,ok,outputs/pdfs_seoul_university/서울_대학__CUL6081__뉴벤처창업워크샵.pdf,,56
H0002256,H0002256,서울 대학,CUL6082,특허정보를활용한창업전략,2013,1,2012/1 ~ 2014/2,대학(학부/서울),14.29,19.05,23.81,19.05,9.52,14.29,,,,,,,3,4,5,4,2,3,,,,,,,ok,outputs/pdfs_seoul_university/서울_대학__CUL6082__특허정보를활용한창업전략.pdf,,21
H0002256,H0002256,서울 대학,CUL6083,인간심리를바탕으로한합리적의사결정,2015,2,2012/1 ~ 2015/2,대학(학부/서울),62.07,20.69,10.34,,,6.9,,,,,,,18,6,3,,,2,,,,,,,ok,outputs/pdfs_seoul_university/서울_대학__CUL6083__인간심리를바탕으로한합리적의사결정.pdf,,29
H0002256,H0002256,서울 대학,CUL6084,생활속의심리학,2020,2,2012/1 ~ 2022/1,대학(학부/서울),,38.3,27.66,19.15,,14.89,,,,,,,,18,13,9,,7,,,,,,,ok,outputs/pdfs_seoul_university/서울_대학__CUL6084__생활속의심리학.pdf,,47
H0002256,H0002256,서울 대학,CUL6085,패션아이콘으로문화읽기,2024,2,2012/1 ~ 2025/1,대학(학부/서울),11.63,16.28,23.26,20.93,20.93,6.98,,,,,,,5,7,10,9,9,3,,,,,,,ok,outputs/pdfs_seoul_university/서울_대학__CUL6085__패션아이콘으로문화읽기.pdf,,43
H0002256,H0002256,서울 대학,CUL6086,인간과음악적상상력,2026,1,2012/1 ~ 2027/2,대학(학부/서울),30.43,,33.33,7.25,11.59,15.94,1.45,,,,,,21,,23,5,8,11,1,,,,,,ok,outputs/pdfs_seoul_university/서울_대학__CUL6086__인간과음악적상상력.pdf,,69
H0002256,H0002256,서울 대학,CUL6091,고전과사상,2015,2,2012/1 ~ 2027/2,대학(학부/서울),30.56,,38.89,,30.56,,,,,,,,11,,14,,11,,,,,,,,ok,outputs/pdfs_seoul_university/서울_대학__CUL6091__고전과사상.pdf,,36
H0002256,H0002256,서울 대학,CUL6092,20대의논어읽기,2026,1,2012/1 ~ 2027/2,대학(학부/서울),37.84,5.41,37.84,2.7,16.22,,,,,,,,14,2,14,1,6,,,,,,,,ok,outputs/pdfs_seoul_university/서울_대학__CUL6092__20대의논어읽기.pdf,,37
H0002256,H0002256,서울 대학,CUL6093,고전으로읽는정치,2015,2,2012/1 ~ 2027/2,대학(학부/서울),26.51,4.82,40.96,,27.71,,,,,,,,22,4,34,,23,,,,,,,,ok,outputs/pdfs_seoul_university/서울_대학__CUL6093__고전으로읽는정치.pdf,,83
H0002256,H0002256,서울 대학,CUL6094,사마천과의대화,2026,1,2013/1 ~ 2027/2,대학(학부/서울),29.17,,25,14.58,8.33,8.33,8.33,6.25,,,,,14,,12,7,4,4,4,3,,,,,ok,outputs/pdfs_seoul_university/서울_대학__CUL6094__사마천과의대화.pdf,,48
H0002256,H0002256,서울 대학,CUL6095,영화로읽는영미고전문학,2019,1,2013/1 ~ 2019/1,대학(학부/서울),73.68,10.53,7.89,5.26,2.63,,,,,,,,28,4,3,2,1,,,,,,,,ok,outputs/pdfs_seoul_university/서울_대학__CUL6095__영화로읽는영미고전문학.pdf,,38
H0002256,H0002256,서울 대학,CUL6096,영미고전산책,2019,1,2013/1 ~ 2027/2,대학(학부/서울),28.95,18.42,10.53,10.53,13.16,2.63,,15.79,,,,,11,7,4,4,5,1,,6,,,,,ok,outputs/pdfs_seoul_university/서울_대학__CUL6096__영미고전산책.pdf,,38
H0002256,H0002256,서울 대학,CUL6097,제왕학으로노자와한비자읽기,2016,1,2013/1 ~ 2018/2,대학(학부/서울),14.29,19.05,23.81,14.29,14.29,14.29,,,,,,,3,4,5,3,3,3,,,,,,,ok,outputs/pdfs_seoul_university/서울_대학__CUL6097__제왕학으로노자와한비자읽기.pdf,,21
H0002256,H0002256,서울 대학,CUL6098,생명이란무엇인가?정신과물질,2025,2,2013/1 ~ 2027/2,대학(학부/서울),28.21,2.56,35.9,2.56,23.08,7.69,,,,,,,11,1,14,1,9,3,,,,,,,ok,outputs/pdfs_seoul_university/서울_대학__CUL6098__생명이란무엇인가_정신과물질.pdf,,39
H0002256,H0002256,서울 대학,CUL6099,종의기원과진화,2025,2,2013/1 ~ 2027/2,대학(학부/서울),23.68,7.89,31.58,7.89,23.68,5.26,,,,,,,9,3,12,3,9,2,,,,,,,ok,outputs/pdfs_seoul_university/서울_대학__CUL6099__종의기원과진화.pdf,,38
H0002256,H0002256,서울 대학,CUL6100,Capturing the Essence of Outliers: Exploring the Minds of Innovative Leaders,2026,1,2015/2 ~ 2027/2,대학(학부/서울),26.09,17.39,17.39,26.09,,8.7,,4.35,,,,,6,4,4,6,,2,,1,,,,,ok,outputs/pdfs_seoul_university/서울_대학__CUL6100__Capturing_the_Essence_of_Outliers__Exploring_the_Minds_of_Innovative_Leaders.pdf,,23
H0002256,H0002256,서울 대학,CUL6101,"Globalisation, Ethics and International Development",2026,1,2015/2 ~ 2027/2,대학(학부/서울),36,48,12,,,,,4,,,,,9,12,3,,,,,1,,,,,ok,"outputs/pdfs_seoul_university/서울_대학__CUL6101__Globalisation,_Ethics_and_International_Development.pdf",,25
H0002256,H0002256,서울 대학,CUL6102,Science Fiction and Society,2026,1,2015/2 ~ 2027/2,대학(학부/서울),14.29,39.29,17.86,7.14,,7.14,7.14,7.14,,,,,4,11,5,2,,2,2,2,,,,,ok,outputs/pdfs_seoul_university/서울_대학__CUL6102__Science_Fiction_and_Society.pdf,,28
H0002256,H0002256,서울 대학,CUL6103,행복의사회학,2017,2,2015/2 ~ 2017/2,대학(학부/서울),18.75,6.25,50,,25,,,,,,,,3,1,8,,4,,,,,,,,ok,outputs/pdfs_seoul_university/서울_대학__CUL6103__행복의사회학.pdf,,16
H0002256,H0002256,서울 대학,CUL6104,수사학으로읽는미디어와대중문화,2026,1,2015/2 ~ 2027/2,대학(학부/서울),27.66,2.13,40.43,,29.79,,,,,,,,13,1,19,,14,,,,,,,,ok,outputs/pdfs_seoul_university/서울_대학__CUL6104__수사학으로읽는미디어와대중문화.pdf,,47
H0002256,H0002256,서울 대학,CUL6105,영화로읽는서양정치사상,2018,1,2015/2 ~ 2019/1,대학(학부/서울),33.33,22.22,11.11,11.11,22.22,,,,,,,,3,2,1,1,2,,,,,,,,ok,outputs/pdfs_seoul_university/서울_대학__CUL6105__영화로읽는서양정치사상.pdf,,9
H0002256,H0002256,서울 대학,CUL6106,융합캡스톤디자인과TRIZ-2,2015,2,2015/2 ~ 2017/1,대학(학부/서울),50,30,10,10,,,,,,,,,5,3,1,1,,,,,,,,,ok,outputs/pdfs_seoul_university/서울_대학__CUL6106__융합캡스톤디자인과TRIZ-2.pdf,,10
H0002256,H0002256,서울 대학,CUL6107,영성과음악,2026,1,2015/2 ~ 2027/2,대학(학부/서울),30.77,,42.31,,26.92,,,,,,,,8,,11,,7,,,,,,,,ok,outputs/pdfs_seoul_university/서울_대학__CUL6107__영성과음악.pdf,,26
H0002256,H0002256,서울 대학,CUL6108,기업실무중심의식스시그마,2016,2,2015/2 ~ 2027/2,대학(학부/서울),33.33,,33.33,,33.33,,,,,,,,4,,4,,4,,,,,,,,ok,outputs/pdfs_seoul_university/서울_대학__CUL6108__기업실무중심의식스시그마.pdf,,12
H0002256,H0002256,서울 대학,CUL7000,정의란무엇인가?,2015,2,2013/1 ~ 2027/2,대학(학부/서울),30.95,,40.48,,28.57,,,,,,,,13,,17,,12,,,,,,,,ok,outputs/pdfs_seoul_university/서울_대학__CUL7000__정의란무엇인가_.pdf,,42
H0002256,H0002256,서울 대학,CUL7001,예술을어떻게읽을것인가?,2015,2,2013/1 ~ 2027/2,대학(학부/서울),26.19,4.76,40.48,,28.57,,,,,,,,11,2,17,,12,,,,,,,,ok,outputs/pdfs_seoul_university/서울_대학__CUL7001__예술을어떻게읽을것인가_.pdf,,42
H0002256,H0002256,서울 대학,CUL7002,교양으로읽는삼국지,2014,2,2013/1 ~ 2014/2,대학(학부/서울),22.86,8.57,28.57,14.29,25.71,,,,,,,,8,3,10,5,9,,,,,,,,ok,outputs/pdfs_seoul_university/서울_대학__CUL7002__교양으로읽는삼국지.pdf,,35
H0002256,H0002256,서울 대학,CUL7003,"희망과진실의서사학,동화읽기",2014,2,2013/1 ~ 2014/2,대학(학부/서울),31.43,2.86,37.14,2.86,25.71,,,,,,,,11,1,13,1,9,,,,,,,,ok,"outputs/pdfs_seoul_university/서울_대학__CUL7003__희망과진실의서사학,동화읽기.pdf",,35
H0002256,H0002256,서울 대학,CUL7004,그리스신화와함께읽는고전,2014,2,2013/1 ~ 2014/2,대학(학부/서울),14.81,14.81,18.52,18.52,11.11,7.41,3.7,11.11,,,,,4,4,5,5,3,2,1,3,,,,,ok,outputs/pdfs_seoul_university/서울_대학__CUL7004__그리스신화와함께읽는고전.pdf,,27
H0002256,H0002256,서울 대학,CUL7005,사랑의문화정치학,2014,2,2013/1 ~ 2014/2,대학(학부/서울),30,,40,,27.5,,,2.5,,,,,12,,16,,11,,,1,,,,,ok,outputs/pdfs_seoul_university/서울_대학__CUL7005__사랑의문화정치학.pdf,,40
H0002256,H0002256,서울 대학,CUL7006,성과인간,2014,2,2013/1 ~ 2014/2,대학(학부/서울),19.44,11.11,36.11,5.56,16.67,11.11,,,,,,,7,4,13,2,6,4,,,,,,,ok,outputs/pdfs_seoul_university/서울_대학__CUL7006__성과인간.pdf,,36
H0002256,H0002256,서울 대학,CUL7007,언어에매혹된철학,2014,2,2013/1 ~ 2014/2,대학(학부/서울),22.22,8.33,38.89,5.56,25,,,,,,,,8,3,14,2,9,,,,,,,,ok,outputs/pdfs_seoul_university/서울_대학__CUL7007__언어에매혹된철학.pdf,,36
H0002256,H0002256,서울 대학,CUL7008,테러리즘의시대읽기,2016,1,2013/1 ~ 2025/2,대학(학부/서울),15.38,15.38,46.15,,15.38,7.69,,,,,,,2,2,6,,2,1,,,,,,,ok,outputs/pdfs_seoul_university/서울_대학__CUL7008__테러리즘의시대읽기.pdf,,13
H0002256,H0002256,서울 대학,CUL7009,인문학과예술이본인간,2026,1,2013/1 ~ 2027/2,대학(학부/서울),,,,,,,,,,100,,,,,,,,,,,,411,,,ok,outputs/pdfs_seoul_university/서울_대학__CUL7009__인문학과예술이본인간.pdf,,411
H0002256,H0002256,서울 대학,CUL7010,세계화와한국사회,2015,2,2013/1 ~ 2027/2,대학(학부/서울),,,,,,,,,,100,,,,,,,,,,,,171,,,ok,outputs/pdfs_seoul_university/서울_대학__CUL7010__세계화와한국사회.pdf,,171
H0002256,H0002256,서울 대학,CUL7011,문화비즈니스와리더십,2026,1,2013/1 ~ 2027/2,대학(학부/서울),,,,,,,,,,100,,,,,,,,,,,,425,,,ok,outputs/pdfs_seoul_university/서울_대학__CUL7011__문화비즈니스와리더십.pdf,,425
H0002256,H0002256,서울 대학,CUL7012,유럽문화와사회,2014,1,2013/1 ~ 2014/2,대학(학부/서울),12.66,11.39,30.38,11.39,30.38,,3.8,,,,,,10,9,24,9,24,,3,,,,,,ok,outputs/pdfs_seoul_university/서울_대학__CUL7012__유럽문화와사회.pdf,,79
H0002256,H0002256,서울 대학,CUL7013,조선의지식인들,2015,1,2013/1 ~ 2016/2,대학(학부/서울),14.29,21.43,21.43,21.43,21.43,,,,,,,,2,3,3,3,3,,,,,,,,ok,outputs/pdfs_seoul_university/서울_대학__CUL7013__조선의지식인들.pdf,,14
H0002256,H0002256,서울 대학,CUL7014,철학으로읽는정의와민주주의,2013,2,2013/1 ~ 2015/1,대학(학부/서울),38.46,53.85,,7.69,,,,,,,,,5,7,,1,,,,,,,,,ok,outputs/pdfs_seoul_university/서울_대학__CUL7014__철학으로읽는정의와민주주의.pdf,,13
H0002256,H0002256,서울 대학,CUL7015,철학으로읽는근대유럽,2013,2,2013/1 ~ 2015/1,대학(학부/서울),37.04,,40.74,,22.22,,,,,,,,10,,11,,6,,,,,,,,ok,outputs/pdfs_seoul_university/서울_대학__CUL7015__철학으로읽는근대유럽.pdf,,27
H0002256,H0002256,서울 대학,CUL7016,영화의역사,2026,1,2013/1 ~ 2027/2,대학(학부/서울),25.81,5.38,36.56,3.23,15.05,10.75,3.23,,,,,,24,5,34,3,14,10,3,,,,,,ok,outputs/pdfs_seoul_university/서울_대학__CUL7016__영화의역사.pdf,,93
H0002256,H0002256,서울 대학,CUL7017,연출적상상력과영미희곡,2019,2,2013/1 ~ 2027/2,대학(학부/서울),25.58,4.65,44.19,,20.93,4.65,,,,,,,11,2,19,,9,2,,,,,,,ok,outputs/pdfs_seoul_university/서울_대학__CUL7017__연출적상상력과영미희곡.pdf,,43
H0002256,H0002256,서울 대학,CUL7018,서양역사와문화,2015,2,2013/1 ~ 2015/2,대학(학부/서울),31.58,5.26,36.84,5.26,5.26,15.79,,,,,,,6,1,7,1,1,3,,,,,,,ok,outputs/pdfs_seoul_university/서울_대학__CUL7018__서양역사와문화.pdf,,19
H0002256,H0002256,서울 대학,CUL7019,언어의철학,2015,1,2013/1 ~ 2016/2,대학(학부/서울),30.77,,38.46,,30.77,,,,,,,,4,,5,,4,,,,,,,,ok,outputs/pdfs_seoul_university/서울_대학__CUL7019__언어의철학.pdf,,13
H0002256,H0002256,서울 대학,CUL7041,한양글로벌인재특강,2024,2,2013/1 ~ 2024/2,대학(학부/서울),,,,,,,,,,100,,,,,,,,,,,,322,,,ok,outputs/pdfs_seoul_university/서울_대학__CUL7041__한양글로벌인재특강.pdf,,322
H0002256,H0002936,STS(과학기술학)전공,CUL7042,두문화의인간학,2025,1,2018/1 ~ 2021/2,STS(과학기술학)전공,37.5,12.5,33.33,4.17,8.33,,4.17,,,,,,9,3,8,1,2,,1,,,,,,ok,outputs/pdfs_full/STS(과학기술학)전공__CUL7042__두문화의인간학.pdf,,24
H0002256,H0002936,STS(과학기술학)전공,CUL7043,기술시대의인간과윤리,2026,1,2018/1 ~ 2021/2,STS(과학기술학)전공,82.35,5.88,5.88,,2.94,,,2.94,,,,,28,2,2,,1,,,1,,,,,ok,outputs/pdfs_full/STS(과학기술학)전공__CUL7043__기술시대의인간과윤리.pdf,,34
H0002256,H0002256,서울 대학,CUL7045,문학과역사적상상력,2026,1,2014/1 ~ 2027/2,대학(학부/서울),29.59,,40.82,,29.59,,,,,,,,29,,40,,29,,,,,,,,ok,outputs/pdfs_seoul_university/서울_대학__CUL7045__문학과역사적상상력.pdf,,98
H0002256,H0002256,서울 대학,CUL7046,채움과비움:나이듦의인문학적이해,2026,1,2014/1 ~ 2027/2,대학(학부/서울),31.46,1.12,42.13,,25.28,,,,,,,,56,2,75,,45,,,,,,,,ok,outputs/pdfs_seoul_university/서울_대학__CUL7046__채움과비움_나이듦의인문학적이해.pdf,,178
H0002256,H0002256,서울 대학,CUL7047,옛소설과현대와의대화,2026,1,2014/1 ~ 2027/2,대학(학부/서울),36.11,13.89,27.78,11.11,5.56,5.56,,,,,,,13,5,10,4,2,2,,,,,,,ok,outputs/pdfs_seoul_university/서울_대학__CUL7047__옛소설과현대와의대화.pdf,,36
H0002256,H0002256,서울 대학,CUL7048,하루키와함께읽는고전,2026,1,2014/1 ~ 2027/2,대학(학부/서울),55,31.25,5,,8.75,,,,,,,,44,25,4,,7,,,,,,,,ok,outputs/pdfs_seoul_university/서울_대학__CUL7048__하루키와함께읽는고전.pdf,,80
H0002256,H0002256,서울 대학,CUL7100,"위기의시민정치:혐오,갈등,양극화",2026,1,2022/2 ~ 2027/2,대학(학부/서울),34.78,,43.48,,8.7,13.04,,,,,,,8,,10,,2,3,,,,,,,ok,"outputs/pdfs_seoul_university/서울_대학__CUL7100__위기의시민정치_혐오,갈등,양극화.pdf",,23
H0002256,H0002256,서울 대학,CUL7101,영화속인간발달,2026,1,2022/2 ~ 2027/2,대학(학부/서울),25,,37.5,,37.5,,,,,,,,10,,15,,15,,,,,,,,ok,outputs/pdfs_seoul_university/서울_대학__CUL7101__영화속인간발달.pdf,,40
H0002256,H0002256,서울 대학,CUL7102,회사경영과주식거래의법적이해,2022,2,2022/2 ~ 2027/2,대학(학부/서울),50,,40.63,9.38,,,,,,,,,16,,13,3,,,,,,,,,ok,outputs/pdfs_seoul_university/서울_대학__CUL7102__회사경영과주식거래의법적이해.pdf,,32
H0002256,H0002256,서울 대학,CUL7103,금융상품과조세의이해,2026,1,2022/2 ~ 2027/2,대학(학부/서울),15.91,11.36,29.55,13.64,15.91,6.82,6.82,,,,,,7,5,13,6,7,3,3,,,,,,ok,outputs/pdfs_seoul_university/서울_대학__CUL7103__금융상품과조세의이해.pdf,,44
H0002256,H0002256,서울 대학,CUL7104,언어와미디어,2022,2,2022/2 ~ 2027/2,대학(학부/서울),28.57,14.29,35.71,21.43,,,,,,,,,4,2,5,3,,,,,,,,,ok,outputs/pdfs_seoul_university/서울_대학__CUL7104__언어와미디어.pdf,,14
H0002256,H0002256,서울 대학,CUL7105,전쟁과국가안보,2026,1,2022/2 ~ 2027/2,대학(학부/서울),28.57,,42.86,,25,3.57,,,,,,,8,,12,,7,1,,,,,,,ok,outputs/pdfs_seoul_university/서울_대학__CUL7105__전쟁과국가안보.pdf,,28
H0002256,H0002256,서울 대학,CUL7106,글로벌지속가능소비와시장,2025,2,2023/1 ~ 2027/2,대학(학부/서울),78.18,16.36,5.45,,,,,,,,,,43,9,3,,,,,,,,,,ok,outputs/pdfs_seoul_university/서울_대학__CUL7106__글로벌지속가능소비와시장.pdf,,55
H0002256,H0002256,서울 대학,CUL7107,일의세계와노동법,2026,1,2023/1 ~ 2027/2,대학(학부/서울),79.66,13.56,5.08,1.69,,,,,,,,,47,8,3,1,,,,,,,,,ok,outputs/pdfs_seoul_university/서울_대학__CUL7107__일의세계와노동법.pdf,,59
H0002256,H0002256,서울 대학,CUL7108,예술을통한마음챙김이해하기,2024,1,2023/1 ~ 2025/1,대학(학부/서울),96.43,3.57,,,,,,,,,,,27,1,,,,,,,,,,,ok,outputs/pdfs_seoul_university/서울_대학__CUL7108__예술을통한마음챙김이해하기.pdf,,28
H0002256,H0002256,서울 대학,CUL7109,노자와장자의인생수업,2026,1,2023/1 ~ 2027/2,대학(학부/서울),18.92,10.81,24.32,16.22,24.32,5.41,,,,,,,7,4,9,6,9,2,,,,,,,ok,outputs/pdfs_seoul_university/서울_대학__CUL7109__노자와장자의인생수업.pdf,,37
H0002256,H0002256,서울 대학,CUL7110,블랜디드온스테이지-뮤지컬제작프로젝트,2026,1,2023/1 ~ 2027/2,대학(학부/서울),100,,,,,,,,,,,,17,,,,,,,,,,,,ok,outputs/pdfs_seoul_university/서울_대학__CUL7110__블랜디드온스테이지-뮤지컬제작프로젝트.pdf,,17
H0002256,H0005012,데이터융합서비스디자인융합전공,CUL7113,ESG평가방법론,2026,1,2026/1 ~ 2029/2,데이터융합서비스디자인융합전공,84,8,8,,,,,,,,,,21,2,2,,,,,,,,,,ok,outputs/pdfs_full/데이터융합서비스디자인융합전공__CUL7113__ESG평가방법론.pdf,,25
H0002256,H0002256,서울 대학,CUL7114,글로벌지속가능성마케팅,2026,1,2023/1 ~ 2027/2,대학(학부/서울),58,26,12,,,2,,2,,,,,29,13,6,,,1,,1,,,,,ok,outputs/pdfs_seoul_university/서울_대학__CUL7114__글로벌지속가능성마케팅.pdf,,50
H0002256,H0002256,서울 대학,CUL7115,컬렉티브임팩트실습,2023,1,2023/1 ~ 2027/2,대학(학부/서울),100,,,,,,,,,,,,6,,,,,,,,,,,,ok,outputs/pdfs_seoul_university/서울_대학__CUL7115__컬렉티브임팩트실습.pdf,,6
H0002256,H0002256,서울 대학,CUL7116,Challenging Narratives: Rethinking the Stories We’re Told,2026,1,2023/2 ~ 2027/2,대학(학부/서울),21.43,32.14,39.29,3.57,,,3.57,,,,,,6,9,11,1,,,1,,,,,,ok,outputs/pdfs_seoul_university/서울_대학__CUL7116__Challenging_Narratives__Rethinking_the_Stories_We’re_Told.pdf,,28
H0002256,H0002256,서울 대학,CUL7117,글로벌혁신캡스톤디자인,2024,2,2023/2 ~ 2025/2,대학(학부/서울),100,,,,,,,,,,,,16,,,,,,,,,,,,ok,outputs/pdfs_seoul_university/서울_대학__CUL7117__글로벌혁신캡스톤디자인.pdf,,16
H0002256,H0002256,서울 대학,CUL7118,관광혁신개발실습캡스톤디자인,2024,2,2023/2 ~ 2025/2,대학(학부/서울),100,,,,,,,,,,,,12,,,,,,,,,,,,ok,outputs/pdfs_seoul_university/서울_대학__CUL7118__관광혁신개발실습캡스톤디자인.pdf,,12
H0002256,H0002256,서울 대학,CUL7119,강화학습및생성형AI를활용한IoT기술의이해,2025,1,2024/1 ~ 2027/2,대학(학부/서울),100,,,,,,,,,,,,15,,,,,,,,,,,,ok,outputs/pdfs_seoul_university/서울_대학__CUL7119__강화학습및생성형AI를활용한IoT기술의이해.pdf,,15
H0002256,H0002256,서울 대학,CUL7120,데이터드리븐경험디자인,2024,1,2024/1 ~ 2027/2,대학(학부/서울),27.27,27.27,18.18,9.09,18.18,,,,,,,,3,3,2,1,2,,,,,,,,ok,outputs/pdfs_seoul_university/서울_대학__CUL7120__데이터드리븐경험디자인.pdf,,11
H0002256,H0002256,서울 대학,CUL7121,디자인씽킹기반의사회문제해결캡스톤디자인,2024,2,2024/2 ~ 2025/2,대학(학부/서울),100,,,,,,,,,,,,15,,,,,,,,,,,,ok,outputs/pdfs_seoul_university/서울_대학__CUL7121__디자인씽킹기반의사회문제해결캡스톤디자인.pdf,,15
H0002256,H0002256,서울 대학,CYB0014,경영정보학개론,2021,1,2020/1 ~ 2027/2,대학(학부/서울),66.67,11.11,22.22,,,,,,,,,,6,1,2,,,,,,,,,,ok,outputs/pdfs_seoul_university/서울_대학__CYB0014__경영정보학개론.pdf,,9
H0002256,H0003589,연극영화학과,D-C1002,연극개론,2015,2,2011/1 ~ 2015/2,연극영화학과,32.29,7.29,21.88,7.29,14.58,4.17,,1.04,,11.46,,,31,7,21,7,14,4,,1,,11,,,ok,outputs/pdfs_full/연극영화학과__D-C1002__연극개론.pdf,,96
H0002256,H0003589,연극영화학과,D-C1005,기초연기,2015,1,2011/1 ~ 2015/2,연극영화학과,19.7,22.73,28.79,6.06,7.58,,1.52,1.52,,12.12,,,13,15,19,4,5,,1,1,,8,,,ok,outputs/pdfs_full/연극영화학과__D-C1005__기초연기.pdf,,66
H0002256,H0003589,연극영화학과,D-C1012,영화편집,2026,1,2011/1 ~ 2028/2,연극영화학과,50,34.38,15.63,,,,,,,,,,16,11,5,,,,,,,,,,ok,outputs/pdfs_full/연극영화학과__D-C1012__영화편집.pdf,,32
H0002256,H0003589,연극영화학과,D-C1014,디지털영화제작1,2019,2,2011/1 ~ 2019/2,연극영화학과,52.17,13.04,11.59,5.8,13.04,2.9,1.45,,,,,,36,9,8,4,9,2,1,,,,,,ok,outputs/pdfs_full/연극영화학과__D-C1014__디지털영화제작1.pdf,,69
H0002256,H0003589,연극영화학과,D-C1015,사운드몽타주이론과실습,2020,2,2013/1 ~ 2020/2,연극영화학과,34.38,28.13,15.63,15.63,3.13,3.13,,,,,,,11,9,5,5,1,1,,,,,,,ok,outputs/pdfs_full/연극영화학과__D-C1015__사운드몽타주이론과실습.pdf,,32
H0002256,H0003589,연극영화학과,D-C1016,초급영화제작워크숍,2026,1,2013/1 ~ 2028/2,연극영화학과,72.73,13.64,4.55,9.09,,,,,,,,,16,3,1,2,,,,,,,,,ok,outputs/pdfs_full/연극영화학과__D-C1016__초급영화제작워크숍.pdf,,22
H0002256,H0003589,연극영화학과,D-C1017,호흡과발성1,2015,2,2011/1 ~ 2015/2,연극영화학과,27.59,10.34,24.14,13.79,6.9,6.9,,10.34,,,,,8,3,7,4,2,2,,3,,,,,ok,outputs/pdfs_full/연극영화학과__D-C1017__호흡과발성1.pdf,,29
H0002256,H0003589,연극영화학과,D-C1018,연극제작준비실습1,2015,1,2011/1 ~ 2015/2,연극영화학과,41.94,38.71,16.13,3.23,,,,,,,,,13,12,5,1,,,,,,,,,ok,outputs/pdfs_full/연극영화학과__D-C1018__연극제작준비실습1.pdf,,31
H0002256,H0003589,연극영화학과,D-C1019,연극제작준비실습2,2015,2,2011/1 ~ 2015/2,연극영화학과,43.75,21.88,18.75,12.5,,3.13,,,,,,,14,7,6,4,,1,,,,,,,ok,outputs/pdfs_full/연극영화학과__D-C1019__연극제작준비실습2.pdf,,32
H0002256,H0003589,연극영화학과,D-C1021,시나리오이론,2016,1,2011/1 ~ 2016/2,연극영화학과,25.4,9.52,31.75,11.11,7.94,7.94,4.76,1.59,,,,,16,6,20,7,5,5,3,1,,,,,ok,outputs/pdfs_full/연극영화학과__D-C1021__시나리오이론.pdf,,63
H0002256,H0003589,연극영화학과,D-C1022,스토리텔링의기초,2026,1,2013/1 ~ 2027/2,연극영화학과,43.28,49.25,2.99,,,,1.49,1.49,,,1.49,,29,33,2,,,,1,1,,,1,,ok,outputs/pdfs_full/연극영화학과__D-C1022__스토리텔링의기초.pdf,,67
H0002256,H0003589,연극영화학과,D-C1023,영화학입문,2026,1,2013/1 ~ 2027/2,연극영화학과,36.36,5.19,36.36,3.9,15.58,1.3,,1.3,,,,,28,4,28,3,12,1,,1,,,,,ok,outputs/pdfs_full/연극영화학과__D-C1023__영화학입문.pdf,,77
H0002256,H0003589,연극영화학과,D-C1024,예술철학과사상사,2026,1,2013/1 ~ 2028/2,연극영화학과,42.42,36.36,12.12,6.06,,,,,,,3.03,,14,12,4,2,,,,,,,1,,ok,outputs/pdfs_full/연극영화학과__D-C1024__예술철학과사상사.pdf,,33
H0002256,H0003589,연극영화학과,D-C1025,디자인실습,2026,1,2016/1 ~ 2027/2,연극영화학과,4.65,4.65,6.98,11.63,2.33,9.3,,,,58.14,2.33,,2,2,3,5,1,4,,,,25,1,,ok,outputs/pdfs_full/연극영화학과__D-C1025__디자인실습.pdf,,43
H0002256,H0003589,연극영화학과,D-C1026,배우와연출을위한연출실습1,2026,1,2016/1 ~ 2027/2,연극영화학과,56.58,6.58,3.95,1.32,1.32,1.32,,,,28.95,,,43,5,3,1,1,1,,,,22,,,ok,outputs/pdfs_full/연극영화학과__D-C1026__배우와연출을위한연출실습1.pdf,,76
H0002256,H0003589,연극영화학과,D-C1027,액팅테크닉1,2026,1,2016/1 ~ 2027/2,연극영화학과,53.13,18.75,,,,,,,,28.13,,,17,6,,,,,,,,9,,,ok,outputs/pdfs_full/연극영화학과__D-C1027__액팅테크닉1.pdf,,32
H0002256,H0003589,연극영화학과,D-C1028,희곡개론,2026,1,2016/1 ~ 2027/2,연극영화학과,32.2,35.59,15.25,11.86,1.69,1.69,1.69,,,,,,19,21,9,7,1,1,1,,,,,,ok,outputs/pdfs_full/연극영화학과__D-C1028__희곡개론.pdf,,59
H0002256,H0003589,연극영화학과,D-C1029,공연개론,2025,2,2016/1 ~ 2027/2,연극영화학과,41.38,27.59,13.79,3.45,,1.72,,,,12.07,,,24,16,8,2,,1,,,,7,,,ok,outputs/pdfs_full/연극영화학과__D-C1029__공연개론.pdf,,58
H0002256,H0003589,연극영화학과,D-C1030,무대제작실습,2025,2,2016/1 ~ 2027/2,연극영화학과,61.54,7.69,,,,,,,,30.77,,,8,1,,,,,,,,4,,,ok,outputs/pdfs_full/연극영화학과__D-C1030__무대제작실습.pdf,,13
H0002256,H0003589,연극영화학과,D-C1031,배우와연출을위한연출실습2,2025,2,2016/1 ~ 2027/2,연극영화학과,67.92,22.64,5.66,1.89,,,,,,1.89,,,36,12,3,1,,,,,,1,,,ok,outputs/pdfs_full/연극영화학과__D-C1031__배우와연출을위한연출실습2.pdf,,53
H0002256,H0003589,연극영화학과,D-C1032,상상과표현기법1,2025,2,2016/1 ~ 2027/2,연극영화학과,30.43,39.13,13.04,8.7,4.35,,,4.35,,,,,7,9,3,2,1,,,1,,,,,ok,outputs/pdfs_full/연극영화학과__D-C1032__상상과표현기법1.pdf,,23
H0002256,H0003589,연극영화학과,D-C1033,4차산업기술과창의적예술공간,2025,2,2019/2 ~ 2028/2,연극영화학과,85.71,9.52,,,4.76,,,,,,,,18,2,,,1,,,,,,,,ok,outputs/pdfs_full/연극영화학과__D-C1033__4차산업기술과창의적예술공간.pdf,,21
H0002256,H0003589,연극영화학과,D-C1034,뉴미디어랩,2026,1,2020/1 ~ 2027/2,연극영화학과,44.44,16.67,25.93,1.85,3.7,5.56,1.85,,,,,,24,9,14,1,2,3,1,,,,,,ok,outputs/pdfs_full/연극영화학과__D-C1034__뉴미디어랩.pdf,,54
H0002256,H0003589,연극영화학과,D-C1035,영화제작의기초,2025,2,2020/1 ~ 2027/2,연극영화학과,46.3,38.89,9.26,5.56,,,,,,,,,25,21,5,3,,,,,,,,,ok,outputs/pdfs_full/연극영화학과__D-C1035__영화제작의기초.pdf,,54
H0002256,H0003589,연극영화학과,D-C1036,인터미디어스테이지콘텐츠개발랩,2025,2,2020/2 ~ 2028/2,연극영화학과,58.82,23.53,,17.65,,,,,,,,,10,4,,3,,,,,,,,,ok,outputs/pdfs_full/연극영화학과__D-C1036__인터미디어스테이지콘텐츠개발랩.pdf,,17
H0002256,H0003589,연극영화학과,D-C2004,연극연출론,2017,1,2013/1 ~ 2017/2,연극영화학과,58.33,33.33,4.17,4.17,,,,,,,,,14,8,1,1,,,,,,,,,ok,outputs/pdfs_full/연극영화학과__D-C2004__연극연출론.pdf,,24
H0002256,H0003589,연극영화학과,D-C2008,분장실습,2016,2,2013/1 ~ 2016/2,연극영화학과,36.36,31.82,4.55,13.64,13.64,,,,,,,,8,7,1,3,3,,,,,,,,ok,outputs/pdfs_full/연극영화학과__D-C2008__분장실습.pdf,,22
H0002256,H0003589,연극영화학과,D-C2028,작품분석,2026,1,2013/1 ~ 2016/2,연극영화학과,40.74,,40.74,,18.52,,,,,,,,11,,11,,5,,,,,,,,ok,outputs/pdfs_full/연극영화학과__D-C2028__작품분석.pdf,,27
H0002256,H0003589,연극영화학과,D-C2030,중급연기,2016,1,2013/1 ~ 2016/2,연극영화학과,17.86,17.86,25,14.29,14.29,7.14,,3.57,,,,,5,5,7,4,4,2,,1,,,,,ok,outputs/pdfs_full/연극영화학과__D-C2030__중급연기.pdf,,28
H0002256,H0003589,연극영화학과,D-C2031,영화촬영실습,2026,1,2021/1 ~ 2028/2,연극영화학과,,70,25,,,5,,,,,,,,14,5,,,1,,,,,,,ok,outputs/pdfs_full/연극영화학과__D-C2031__영화촬영실습.pdf,,20
H0002256,H0003589,연극영화학과,D-C2032,영화촬영이론과실습,2020,1,2017/1 ~ 2020/2,연극영화학과,2.38,47.62,38.1,4.76,,,7.14,,,,,,1,20,16,2,,,3,,,,,,ok,outputs/pdfs_full/연극영화학과__D-C2032__영화촬영이론과실습.pdf,,42
H0002256,H0003589,연극영화학과,D-C2033,무대기술,2015,1,2011/1 ~ 2015/2,연극영화학과,7.14,22.62,13.1,8.33,3.57,8.33,1.19,7.14,,28.57,,,6,19,11,7,3,7,1,6,,24,,,ok,outputs/pdfs_full/연극영화학과__D-C2033__무대기술.pdf,,84
H0002256,H0003589,연극영화학과,D-C2035,세계영화사1,2020,2,2013/1 ~ 2020/2,연극영화학과,13.33,24,17.33,14.67,4,13.33,1.33,10.67,,1.33,,,10,18,13,11,3,10,1,8,,1,,,ok,outputs/pdfs_full/연극영화학과__D-C2035__세계영화사1.pdf,,75
H0002256,H0003589,연극영화학과,D-C2041,연극제작실습1,2026,1,2013/1 ~ 2028/2,연극영화학과,96.97,3.03,,,,,,,,,,,32,1,,,,,,,,,,,ok,outputs/pdfs_full/연극영화학과__D-C2041__연극제작실습1.pdf,,33
H0002256,H0003589,연극영화학과,D-C2042,연극제작실습2,2025,2,2013/1 ~ 2029/2,연극영화학과,85.71,14.29,,,,,,,,,,,24,4,,,,,,,,,,,ok,outputs/pdfs_full/연극영화학과__D-C2042__연극제작실습2.pdf,,28
H0002256,H0003589,연극영화학과,D-C2044,무대디자인1,2016,1,2013/1 ~ 2016/2,연극영화학과,75,12.5,,12.5,,,,,,,,,6,1,,1,,,,,,,,,ok,outputs/pdfs_full/연극영화학과__D-C2044__무대디자인1.pdf,,8
H0002256,H0003589,연극영화학과,D-C2045,무대디자인2,2016,2,2013/1 ~ 2016/2,연극영화학과,77.78,22.22,,,,,,,,,,,7,2,,,,,,,,,,,ok,outputs/pdfs_full/연극영화학과__D-C2045__무대디자인2.pdf,,9
H0002256,H0003589,연극영화학과,D-C2046,호흡과발성2,2016,2,2013/1 ~ 2016/2,연극영화학과,45,15,20,5,15,,,,,,,,9,3,4,1,3,,,,,,,,ok,outputs/pdfs_full/연극영화학과__D-C2046__호흡과발성2.pdf,,20
H0002256,H0003589,연극영화학과,D-C2062,영화제작1,2020,2,2013/1 ~ 2020/2,연극영화학과,84.21,10.53,5.26,,,,,,,,,,16,2,1,,,,,,,,,,ok,outputs/pdfs_full/연극영화학과__D-C2062__영화제작1.pdf,,19
H0002256,H0003589,연극영화학과,D-C2063,한국영화사1,2020,1,2013/1 ~ 2020/2,연극영화학과,62.75,15.69,9.8,3.92,,,5.88,1.96,,,,,32,8,5,2,,,3,1,,,,,ok,outputs/pdfs_full/연극영화학과__D-C2063__한국영화사1.pdf,,51
H0002256,H0003589,연극영화학과,D-C2073,영화촬영이론과실습1,2015,2,2013/1 ~ 2015/2,연극영화학과,46.15,38.46,15.38,,,,,,,,,,6,5,2,,,,,,,,,,ok,outputs/pdfs_full/연극영화학과__D-C2073__영화촬영이론과실습1.pdf,,13
H0002256,H0003589,연극영화학과,D-C2074,영화촬영이론과실습2,2017,1,2013/1 ~ 2017/2,연극영화학과,33.33,38.1,,9.52,19.05,,,,,,,,7,8,,2,4,,,,,,,,ok,outputs/pdfs_full/연극영화학과__D-C2074__영화촬영이론과실습2.pdf,,21
H0002256,H0003589,연극영화학과,D-C2075,시나리오창작,2025,2,2013/1 ~ 2028/2,연극영화학과,62.22,28.89,8.89,,,,,,,,,,28,13,4,,,,,,,,,,ok,outputs/pdfs_full/연극영화학과__D-C2075__시나리오창작.pdf,,45
H0002256,H0003589,연극영화학과,D-C2080,무대의상제작실습,2016,1,2013/1 ~ 2016/2,연극영화학과,64.29,35.71,,,,,,,,,,,9,5,,,,,,,,,,,ok,outputs/pdfs_full/연극영화학과__D-C2080__무대의상제작실습.pdf,,14
H0002256,H0003589,연극영화학과,D-C2082,다큐멘터리영화역사,2025,2,2014/1 ~ 2027/2,연극영화학과,20.29,20.29,24.64,13.04,11.59,5.8,2.9,1.45,,,,,14,14,17,9,8,4,2,1,,,,,ok,outputs/pdfs_full/연극영화학과__D-C2082__다큐멘터리영화역사.pdf,,69
H0002256,H0003589,연극영화학과,D-C2083,영화연기와연출,2026,1,2014/1 ~ 2029/2,연극영화학과,46.15,53.85,,,,,,,,,,,6,7,,,,,,,,,,,ok,outputs/pdfs_full/연극영화학과__D-C2083__영화연기와연출.pdf,,13
H0002256,H0003589,연극영화학과,D-C2084,기획경영1,2016,1,2014/1 ~ 2016/2,연극영화학과,16.67,25,33.33,8.33,16.67,,,,,,,,4,6,8,2,4,,,,,,,,ok,outputs/pdfs_full/연극영화학과__D-C2084__기획경영1.pdf,,24
H0002256,H0003589,연극영화학과,D-C2085,기획경영2,2016,2,2014/1 ~ 2016/2,연극영화학과,30,10,43.33,,16.67,,,,,,,,9,3,13,,5,,,,,,,,ok,outputs/pdfs_full/연극영화학과__D-C2085__기획경영2.pdf,,30
H0002256,H0003589,연극영화학과,D-C2086,대본창작1,2026,1,2017/1 ~ 2028/2,연극영화학과,26.09,26.09,26.09,8.7,4.35,8.7,,,,,,,6,6,6,2,1,2,,,,,,,ok,outputs/pdfs_full/연극영화학과__D-C2086__대본창작1.pdf,,23
H0002256,H0003589,연극영화학과,D-C2087,액팅테크닉2,2026,1,2017/1 ~ 2028/2,연극영화학과,57.14,21.43,14.29,,7.14,,,,,,,,8,3,2,,1,,,,,,,,ok,outputs/pdfs_full/연극영화학과__D-C2087__액팅테크닉2.pdf,,14
H0002256,H0003589,연극영화학과,D-C2088,연출과디자인세미나1,2026,1,2017/1 ~ 2028/2,연극영화학과,57.14,14.29,14.29,9.52,4.76,,,,,,,,12,3,3,2,1,,,,,,,,ok,outputs/pdfs_full/연극영화학과__D-C2088__연출과디자인세미나1.pdf,,21
H0002256,H0003589,연극영화학과,D-C2089,이미지미학,2025,2,2017/1 ~ 2028/2,연극영화학과,26.67,11.11,22.22,20,8.89,8.89,2.22,,,,,,12,5,10,9,4,4,1,,,,,,ok,outputs/pdfs_full/연극영화학과__D-C2089__이미지미학.pdf,,45
H0002256,H0003589,연극영화학과,D-C2090,대본창작2,2020,2,2017/1 ~ 2020/2,연극영화학과,45.71,28.57,17.14,5.71,2.86,,,,,,,,16,10,6,2,1,,,,,,,,ok,outputs/pdfs_full/연극영화학과__D-C2090__대본창작2.pdf,,35
H0002256,H0003589,연극영화학과,D-C2091,연출과디자인세미나2,2025,2,2017/1 ~ 2028/2,연극영화학과,71.43,23.81,2.38,,,2.38,,,,,,,30,10,1,,,1,,,,,,,ok,outputs/pdfs_full/연극영화학과__D-C2091__연출과디자인세미나2.pdf,,42
H0002256,H0003589,연극영화학과,D-C2092,상상과표현기법2,2025,2,2017/1 ~ 2028/2,연극영화학과,73.68,15.79,10.53,,,,,,,,,,14,3,2,,,,,,,,,,ok,outputs/pdfs_full/연극영화학과__D-C2092__상상과표현기법2.pdf,,19
H0002256,H0003589,연극영화학과,D-C2093,뮤지컬액팅테크닉1,2025,2,2021/1 ~ 2028/2,연극영화학과,35.29,35.29,29.41,,,,,,,,,,6,6,5,,,,,,,,,,ok,outputs/pdfs_full/연극영화학과__D-C2093__뮤지컬액팅테크닉1.pdf,,17
H0002256,H0003589,연극영화학과,D-C2094,연극사세미나,2025,2,2021/1 ~ 2028/2,연극영화학과,38.89,,38.89,,22.22,,,,,,,,7,,7,,4,,,,,,,,ok,outputs/pdfs_full/연극영화학과__D-C2094__연극사세미나.pdf,,18
H0002256,H0003589,연극영화학과,D-C2095,세계영화역사,2025,2,2021/1 ~ 2028/2,연극영화학과,5,35,25,5,15,10,,,,5,,,1,7,5,1,3,2,,,,1,,,ok,outputs/pdfs_full/연극영화학과__D-C2095__세계영화역사.pdf,,20
H0002256,H0003589,연극영화학과,D-C2096,한국영화역사,2026,1,2021/1 ~ 2028/2,연극영화학과,71.43,7.14,7.14,,,,,,,14.29,,,20,2,2,,,,,,,4,,,ok,outputs/pdfs_full/연극영화학과__D-C2096__한국영화역사.pdf,,28
H0002256,H0003589,연극영화학과,D-C2097,논픽션영상제작워크숍,2025,2,2021/1 ~ 2028/2,연극영화학과,40,45,10,5,,,,,,,,,8,9,2,1,,,,,,,,,ok,outputs/pdfs_full/연극영화학과__D-C2097__논픽션영상제작워크숍.pdf,,20
H0002256,H0003589,연극영화학과,D-C2098,융합공연스튜디오,2026,1,2020/2 ~ 2028/2,연극영화학과,61.54,30.77,,,7.69,,,,,,,,8,4,,,1,,,,,,,,ok,outputs/pdfs_full/연극영화학과__D-C2098__융합공연스튜디오.pdf,,13
H0002256,H0003589,연극영화학과,D-C3005,영화미학,2016,2,2013/1 ~ 2016/2,연극영화학과,26.83,12.2,29.27,7.32,12.2,2.44,,2.44,,7.32,,,11,5,12,3,5,1,,1,,3,,,ok,outputs/pdfs_full/연극영화학과__D-C3005__영화미학.pdf,,41
H0002256,H0003589,연극영화학과,D-C3018,고급연기1,2017,1,2013/1 ~ 2017/2,연극영화학과,60,16.67,13.33,6.67,,3.33,,,,,,,18,5,4,2,,1,,,,,,,ok,outputs/pdfs_full/연극영화학과__D-C3018__고급연기1.pdf,,30
H0002256,H0003589,연극영화학과,D-C3019,고급연기2,2017,2,2013/1 ~ 2017/2,연극영화학과,68,20,8,4,,,,,,,,,17,5,2,1,,,,,,,,,ok,outputs/pdfs_full/연극영화학과__D-C3019__고급연기2.pdf,,25
H0002256,H0003589,연극영화학과,D-C3029,세계영화사2,2021,1,2013/1 ~ 2021/2,연극영화학과,17.86,21.43,16.07,16.07,23.21,5.36,,,,,,,10,12,9,9,13,3,,,,,,,ok,outputs/pdfs_full/연극영화학과__D-C3029__세계영화사2.pdf,,56
H0002256,H0003589,연극영화학과,D-C3031,서양연극사1,2017,1,2013/1 ~ 2017/2,연극영화학과,15.79,10.53,10.53,10.53,5.26,,,,,,,,6,4,4,4,2,,,,,,,,ok,outputs/pdfs_full/연극영화학과__D-C3031__서양연극사1.pdf,,20
H0002256,H0003589,연극영화학과,D-C3035,서양연극사2,2017,2,2013/1 ~ 2017/2,연극영화학과,17.65,11.76,29.41,11.76,,,5.88,17.65,,5.88,,,3,2,5,2,,,1,3,,1,,,ok,outputs/pdfs_full/연극영화학과__D-C3035__서양연극사2.pdf,,17
H0002256,H0003589,연극영화학과,D-C3043,연극제작실습3,2021,1,2013/1 ~ 2021/2,연극영화학과,91.67,8.33,,,,,,,,,,,11,1,,,,,,,,,,,ok,outputs/pdfs_full/연극영화학과__D-C3043__연극제작실습3.pdf,,12
H0002256,H0003589,연극영화학과,D-C3044,연극제작실습4,2021,2,2013/1 ~ 2021/2,연극영화학과,93.55,6.45,,,,,,,,,,,29,2,,,,,,,,,,,ok,outputs/pdfs_full/연극영화학과__D-C3044__연극제작실습4.pdf,,31
H0002256,H0003589,연극영화학과,D-C3046,움직임1,2017,1,2013/1 ~ 2017/2,연극영화학과,23.81,9.52,23.81,33.33,9.52,,,,,,,,5,2,5,7,2,,,,,,,,ok,outputs/pdfs_full/연극영화학과__D-C3046__움직임1.pdf,,21
H0002256,H0003589,연극영화학과,D-C3047,움직임2,2017,2,2013/1 ~ 2017/2,연극영화학과,100,,,,,,,,,,,,17,,,,,,,,,,,,ok,outputs/pdfs_full/연극영화학과__D-C3047__움직임2.pdf,,17
H0002256,H0003589,연극영화학과,D-C3049,한국영화사2,2020,2,2013/1 ~ 2020/2,연극영화학과,30.95,14.29,30.95,14.29,4.76,,4.76,,,,,,13,6,13,6,2,,2,,,,,,ok,outputs/pdfs_full/연극영화학과__D-C3049__한국영화사2.pdf,,42
H0002256,H0003589,연극영화학과,D-C3050,중급영화제작워크숍1,2026,1,2013/1 ~ 2029/2,연극영화학과,90,10,,,,,,,,,,,9,1,,,,,,,,,,,ok,outputs/pdfs_full/연극영화학과__D-C3050__중급영화제작워크숍1.pdf,,10
H0002256,H0003589,연극영화학과,D-C3051,중급영화제작워크숍2,2025,2,2013/1 ~ 2029/2,연극영화학과,75,25,,,,,,,,,,,6,2,,,,,,,,,,,ok,outputs/pdfs_full/연극영화학과__D-C3051__중급영화제작워크숍2.pdf,,8
H0002256,H0003589,연극영화학과,D-C3052,전통극제작실습,2017,1,2013/1 ~ 2017/2,연극영화학과,42.86,23.81,14.29,14.29,4.76,,,,,,,,9,5,3,3,1,,,,,,,,ok,outputs/pdfs_full/연극영화학과__D-C3052__전통극제작실습.pdf,,21
H0002256,H0003589,연극영화학과,D-C3053,연극연출론2,2017,2,2013/1 ~ 2017/2,연극영화학과,12.5,56.25,25,6.25,,,,,,,,,2,9,4,1,,,,,,,,,ok,outputs/pdfs_full/연극영화학과__D-C3053__연극연출론2.pdf,,16
H0002256,H0003589,연극영화학과,D-C3075,무대음향제작실습,2015,2,2013/1 ~ 2015/2,연극영화학과,9.09,36.36,27.27,9.09,9.09,9.09,,,,,,,1,4,3,1,1,1,,,,,,,ok,outputs/pdfs_full/연극영화학과__D-C3075__무대음향제작실습.pdf,,11
H0002256,H0003589,연극영화학과,D-C3078,영화분석과비평이론,2026,1,2015/1 ~ 2029/2,연극영화학과,10.42,31.25,18.75,18.75,8.33,6.25,4.17,,,,2.08,,5,15,9,9,4,3,2,,,,1,,ok,outputs/pdfs_full/연극영화학과__D-C3078__영화분석과비평이론.pdf,,48
H0002256,H0003589,연극영화학과,D-C3079,영화포스트프로덕션,2015,1,2015/1 ~ 2015/2,연극영화학과,38.46,38.46,7.69,15.38,,,,,,,,,10,10,2,4,,,,,,,,,ok,outputs/pdfs_full/연극영화학과__D-C3079__영화포스트프로덕션.pdf,,26
H0002256,H0003589,연극영화학과,D-C3080,현대예술과영상미디어,2017,1,2015/1 ~ 2017/2,연극영화학과,14.63,17.07,26.83,24.39,7.32,,,9.76,,,,,6,7,11,10,3,,,4,,,,,ok,outputs/pdfs_full/연극영화학과__D-C3080__현대예술과영상미디어.pdf,,41
H0002256,H0003589,연극영화학과,D-C3081,문화이론연구,2025,2,2015/1 ~ 2029/2,연극영화학과,22.22,13.89,22.22,5.56,16.67,13.89,2.78,2.78,,,,,8,5,8,2,6,5,1,1,,,,,ok,outputs/pdfs_full/연극영화학과__D-C3081__문화이론연구.pdf,,36
H0002256,H0003589,연극영화학과,D-C3082,영화감독연구,2025,2,2015/1 ~ 2029/2,연극영화학과,16.67,16.67,13.33,23.33,20,10,,,,,,,5,5,4,7,6,3,,,,,,,ok,outputs/pdfs_full/연극영화학과__D-C3082__영화감독연구.pdf,,30
H0002256,H0003589,연극영화학과,D-C3083,영화사운드제작,2015,2,2015/1 ~ 2015/2,연극영화학과,61.54,15.38,7.69,,3.85,7.69,,3.85,,,,,16,4,2,,1,2,,1,,,,,ok,outputs/pdfs_full/연극영화학과__D-C3083__영화사운드제작.pdf,,26
H0002256,H0003589,연극영화학과,D-C3084,연극영화제작실습캡스톤디자인1,2017,1,2013/1 ~ 2017/2,연극영화학과,45.65,23.91,6.52,13.04,6.52,2.17,2.17,,,,,,21,11,3,6,3,1,1,,,,,,ok,outputs/pdfs_full/연극영화학과__D-C3084__연극영화제작실습캡스톤디자인1.pdf,,46
H0002256,H0003589,연극영화학과,D-C3085,연극영화제작실습캡스톤디자인2,2017,2,2013/1 ~ 2017/2,연극영화학과,73.17,9.76,9.76,2.44,2.44,2.44,,,,,,,30,4,4,1,1,1,,,,,,,ok,outputs/pdfs_full/연극영화학과__D-C3085__연극영화제작실습캡스톤디자인2.pdf,,41
H0002256,H0003589,연극영화학과,D-C3086,공동창작1,2026,1,2018/1 ~ 2029/2,연극영화학과,63.89,22.22,8.33,5.56,,,,,,,,,23,8,3,2,,,,,,,,,ok,outputs/pdfs_full/연극영화학과__D-C3086__공동창작1.pdf,,36
H0002256,H0003589,연극영화학과,D-C3087,액팅테크닉3,2026,1,2018/1 ~ 2029/2,연극영화학과,63.16,15.79,15.79,5.26,,,,,,,,,12,3,3,1,,,,,,,,,ok,outputs/pdfs_full/연극영화학과__D-C3087__액팅테크닉3.pdf,,19
H0002256,H0003589,연극영화학과,D-C3088,연출과디자인세미나3,2026,1,2018/1 ~ 2029/2,연극영화학과,44.44,22.22,,11.11,11.11,,,,,,11.11,,4,2,,1,1,,,,,,1,,ok,outputs/pdfs_full/연극영화학과__D-C3088__연출과디자인세미나3.pdf,,9
H0002256,H0003589,연극영화학과,D-C3089,공동창작2,2025,2,2018/1 ~ 2029/2,연극영화학과,68.89,24.44,2.22,,,,,4.44,,,,,31,11,1,,,,,2,,,,,ok,outputs/pdfs_full/연극영화학과__D-C3089__공동창작2.pdf,,45
H0002256,H0003589,연극영화학과,D-C3090,연출과디자인세미나4,2025,2,2018/1 ~ 2029/2,연극영화학과,47.62,33.33,9.52,4.76,,,,4.76,,,,,10,7,2,1,,,,1,,,,,ok,outputs/pdfs_full/연극영화학과__D-C3090__연출과디자인세미나4.pdf,,21
H0002256,H0003589,연극영화학과,D-C3091,상상과표현기법3,2025,2,2018/1 ~ 2029/2,연극영화학과,21.74,43.48,13.04,8.7,4.35,8.7,,,,,,,5,10,3,2,1,2,,,,,,,ok,outputs/pdfs_full/연극영화학과__D-C3091__상상과표현기법3.pdf,,23
H0002256,H0003589,연극영화학과,D-C3092,무대의상제작실습2,2017,2,2016/1 ~ 2017/2,연극영화학과,14.81,55.56,25.93,,,3.7,,,,,,,4,15,7,,,1,,,,,,,ok,outputs/pdfs_full/연극영화학과__D-C3092__무대의상제작실습2.pdf,,27
H0002256,H0003589,연극영화학과,D-C3093,영화프로듀싱1,2017,1,2016/1 ~ 2017/2,연극영화학과,53.85,35.9,5.13,2.56,2.56,,,,,,,,21,14,2,1,1,,,,,,,,ok,outputs/pdfs_full/연극영화학과__D-C3093__영화프로듀싱1.pdf,,39
H0002256,H0003589,연극영화학과,D-C3094,영화프로듀싱2,2017,2,2016/1 ~ 2017/2,연극영화학과,38.18,27.27,16.36,7.27,3.64,3.64,1.82,1.82,,,,,21,15,9,4,2,2,1,1,,,,,ok,outputs/pdfs_full/연극영화학과__D-C3094__영화프로듀싱2.pdf,,55
H0002256,H0003589,연극영화학과,D-C3095,뮤지컬액팅테크닉2,2026,1,2022/1 ~ 2029/2,연극영화학과,72.73,27.27,,,,,,,,,,,8,3,,,,,,,,,,,ok,outputs/pdfs_full/연극영화학과__D-C3095__뮤지컬액팅테크닉2.pdf,,11
H0002256,H0003589,연극영화학과,D-C3096,영화와예술의상호매체성,2026,1,2022/1 ~ 2029/2,연극영화학과,26.53,14.29,18.37,22.45,18.37,,,,,,,,13,7,9,11,9,,,,,,,,ok,outputs/pdfs_full/연극영화학과__D-C3096__영화와예술의상호매체성.pdf,,49
H0002256,H0003589,연극영화학과,D-C3097,장편시나리오의이해,2025,2,2022/1 ~ 2029/2,연극영화학과,50,30,20,,,,,,,,,,5,3,2,,,,,,,,,,ok,outputs/pdfs_full/연극영화학과__D-C3097__장편시나리오의이해.pdf,,10
H0002256,H0003589,연극영화학과,D-C3098,뉴미디어콘텐츠액팅&디렉팅실습,2025,2,2022/2 ~ 2029/2,연극영화학과,62.16,5.41,2.7,,,,,,,29.73,,,23,2,1,,,,,,,11,,,ok,outputs/pdfs_full/연극영화학과__D-C3098__뉴미디어콘텐츠액팅&디렉팅실습.pdf,,37
H0002256,H0003589,연극영화학과,D-C4019,교육연극론,2016,1,2013/1 ~ 2016/2,연극영화학과,25,41.67,8.33,8.33,8.33,,,8.33,,,,,3,5,1,1,1,,,1,,,,,ok,outputs/pdfs_full/연극영화학과__D-C4019__교육연극론.pdf,,12
H0002256,H0003589,연극영화학과,D-C4031,영상산업과경영론,2018,1,2013/1 ~ 2018/2,연극영화학과,33.33,8.33,27.78,11.11,13.89,2.78,,2.78,,,,,12,3,10,4,5,1,,1,,,,,ok,outputs/pdfs_full/연극영화학과__D-C4031__영상산업과경영론.pdf,,36
H0002256,H0003589,연극영화학과,D-C4032,현대영화세미나,2018,2,2013/1 ~ 2018/2,연극영화학과,40.91,,40.91,,13.64,,,4.55,,,,,9,,9,,3,,,1,,,,,ok,outputs/pdfs_full/연극영화학과__D-C4032__현대영화세미나.pdf,,22
H0002256,H0003589,연극영화학과,D-C4034,연극제작실습5,2022,1,2013/1 ~ 2022/2,연극영화학과,88.24,11.76,,,,,,,,,,,15,2,,,,,,,,,,,ok,outputs/pdfs_full/연극영화학과__D-C4034__연극제작실습5.pdf,,17
H0002256,H0003589,연극영화학과,D-C4035,연극제작실습6,2022,2,2013/1 ~ 2022/2,연극영화학과,56.76,2.7,2.7,,,,,,,37.84,,,21,1,1,,,,,,,14,,,ok,outputs/pdfs_full/연극영화학과__D-C4035__연극제작실습6.pdf,,37
H0002256,H0003589,연극영화학과,D-C4036,고급연기3,2018,2,2013/1 ~ 2018/2,연극영화학과,42.86,23.81,28.57,4.76,,,,,,,,,9,5,6,1,,,,,,,,,ok,outputs/pdfs_full/연극영화학과__D-C4036__고급연기3.pdf,,21
H0002256,H0003589,연극영화학과,D-C4038,영화제작4,2018,1,2013/1 ~ 2018/2,연극영화학과,55.17,24.14,10.34,6.9,,3.45,,,,,,,16,7,3,2,,1,,,,,,,ok,outputs/pdfs_full/연극영화학과__D-C4038__영화제작4.pdf,,29
H0002256,H0003589,연극영화학과,D-C4039,영화제작5,2018,2,2013/1 ~ 2018/2,연극영화학과,75,16.67,4.17,4.17,,,,,,,,,18,4,1,1,,,,,,,,,ok,outputs/pdfs_full/연극영화학과__D-C4039__영화제작5.pdf,,24
H0002256,H0002256,서울 대학,D-C4059,공연예술감상,2014,1,2001/1 ~ 2015/2,대학(학부/서울),17.35,17.35,26.53,13.27,2.04,8.16,9.18,6.12,,,,,17,17,26,13,2,8,9,6,,,,,ok,outputs/pdfs_seoul_university/서울_대학__D-C4059__공연예술감상.pdf,,98
H0002256,H0003589,연극영화학과,D-C4077,현대사회의쟁점과영화창작,2026,1,2016/1 ~ 2030/2,연극영화학과,17.39,21.74,26.09,4.35,17.39,8.7,,4.35,,,,,4,5,6,1,4,2,,1,,,,,ok,outputs/pdfs_full/연극영화학과__D-C4077__현대사회의쟁점과영화창작.pdf,,23
H0002256,H0003589,연극영화학과,D-C4080,액팅테크닉4,2026,1,2019/1 ~ 2030/2,연극영화학과,45,45,10,,,,,,,,,,9,9,2,,,,,,,,,,ok,outputs/pdfs_full/연극영화학과__D-C4080__액팅테크닉4.pdf,,20
H0002256,H0003589,연극영화학과,D-C4081,연출과디자인세미나5,2026,1,2019/1 ~ 2030/2,연극영화학과,25,16.67,16.67,41.67,,,,,,,,,3,2,2,5,,,,,,,,,ok,outputs/pdfs_full/연극영화학과__D-C4081__연출과디자인세미나5.pdf,,12
H0002256,H0003589,연극영화학과,D-C4082,고급영화제작워크숍1,2026,1,2019/1 ~ 2030/2,연극영화학과,55.56,44.44,,,,,,,,,,,5,4,,,,,,,,,,,ok,outputs/pdfs_full/연극영화학과__D-C4082__고급영화제작워크숍1.pdf,,9
H0002256,H0003589,연극영화학과,D-C4083,연출과디자인세미나6,2025,2,2019/1 ~ 2030/2,연극영화학과,12.5,37.5,25,,12.5,,,,,,12.5,,1,3,2,,1,,,,,,1,,ok,outputs/pdfs_full/연극영화학과__D-C4083__연출과디자인세미나6.pdf,,8
H0002256,H0003589,연극영화학과,D-C4084,캡스톤디자인(창작희곡콘텐츠개발),2025,2,2019/1 ~ 2030/2,연극영화학과,14.29,28.57,14.29,14.29,14.29,,,14.29,,,,,1,2,1,1,1,,,1,,,,,ok,outputs/pdfs_full/연극영화학과__D-C4084__캡스톤디자인(창작희곡콘텐츠개발).pdf,,7
H0002256,H0003589,연극영화학과,D-C4085,고급영화제작워크숍2,2025,2,2019/1 ~ 2030/2,연극영화학과,53.85,38.46,7.69,,,,,,,,,,7,5,1,,,,,,,,,,ok,outputs/pdfs_full/연극영화학과__D-C4085__고급영화제작워크숍2.pdf,,13
H0002256,H0003589,연극영화학과,D-C4086,희곡작법,2018,1,2016/1 ~ 2018/2,연극영화학과,30.77,15.38,38.46,,,,,15.38,,,,,4,2,5,,,,,2,,,,,ok,outputs/pdfs_full/연극영화학과__D-C4086__희곡작법.pdf,,13
H0002256,H0003589,연극영화학과,D-C4087,뮤지컬액팅테크닉3,2025,2,2023/1 ~ 2030/2,연극영화학과,75,,25,,,,,,,,,,6,,2,,,,,,,,,,ok,outputs/pdfs_full/연극영화학과__D-C4087__뮤지컬액팅테크닉3.pdf,,8
H0002256,H0003589,연극영화학과,D-C4088,영상미디어산업연구,2025,2,2023/1 ~ 2030/2,연극영화학과,25,25,25,25,,,,,,,,,2,2,2,2,,,,,,,,,ok,outputs/pdfs_full/연극영화학과__D-C4088__영상미디어산업연구.pdf,,8
H0002256,H0003589,연극영화학과,D-C4089,뉴미디어융합공연제작실습,2026,1,2021/1 ~ 2029/2,연극영화학과,93.33,6.67,,,,,,,,,,,14,1,,,,,,,,,,,ok,outputs/pdfs_full/연극영화학과__D-C4089__뉴미디어융합공연제작실습.pdf,,15
H0002256,H0003589,연극영화학과,D-C4090,뉴미디어와이머시브씨어터,2025,2,2021/1 ~ 2028/2,연극영화학과,29.63,22.22,22.22,11.11,3.7,7.41,3.7,,,,,,8,6,6,3,1,2,1,,,,,,ok,outputs/pdfs_full/연극영화학과__D-C4090__뉴미디어와이머시브씨어터.pdf,,27
H0002256,H0003589,연극영화학과,D-C4091,블랜디드온씨어터,2025,2,2023/1 ~ 2030/2,연극영화학과,100,,,,,,,,,,,,25,,,,,,,,,,,,ok,outputs/pdfs_full/연극영화학과__D-C4091__블랜디드온씨어터.pdf,,25
H0002256,H0003589,연극영화학과,D-C4092,인공지능융합공연창작,2025,2,2024/2 ~ 2027/2,연극영화학과,95.24,4.76,,,,,,,,,,,20,1,,,,,,,,,,,ok,outputs/pdfs_full/연극영화학과__D-C4092__인공지능융합공연창작.pdf,,21
H0002256,H0003590,무용학과,DAN1001,한국무용1,2026,1,2009/1 ~ 2027/2,무용학과,94.29,5.71,,,,,,,,,,,33,2,,,,,,,,,,,ok,outputs/pdfs_full/무용학과__DAN1001__한국무용1.pdf,,35
H0002256,H0003590,무용학과,DAN1002,한국무용2,2025,2,2009/1 ~ 2027/2,무용학과,84.21,15.79,,,,,,,,,,,32,6,,,,,,,,,,,ok,outputs/pdfs_full/무용학과__DAN1002__한국무용2.pdf,,38
H0002256,H0003590,무용학과,DAN1003,현대무용1,2026,1,2009/1 ~ 2027/2,무용학과,83.33,11.9,4.76,,,,,,,,,,35,5,2,,,,,,,,,,ok,outputs/pdfs_full/무용학과__DAN1003__현대무용1.pdf,,42
H0002256,H0003590,무용학과,DAN1004,현대무용2,2025,2,2009/1 ~ 2027/2,무용학과,63.89,25,8.33,2.78,,,,,,,,,23,9,3,1,,,,,,,,,ok,outputs/pdfs_full/무용학과__DAN1004__현대무용2.pdf,,36
H0002256,H0003590,무용학과,DAN1008,무용즉흥,2025,2,2009/1 ~ 2027/2,무용학과,43.75,37.5,18.75,,,,,,,,,,7,6,3,,,,,,,,,,ok,outputs/pdfs_full/무용학과__DAN1008__무용즉흥.pdf,,16
H0002256,H0002256,서울 대학,DAN1037,필라테스,2026,1,2008/1 ~ 2027/2,대학(학부/서울),,,,,,,,,,100,,,,,,,,,,,,132,,,ok,outputs/pdfs_seoul_university/서울_대학__DAN1037__필라테스.pdf,,132
H0002256,H0003590,무용학과,DAN1048,무용필라테스,2025,2,2013/1 ~ 2029/2,무용학과,50,50,,,,,,,,,,,5,5,,,,,,,,,,,ok,outputs/pdfs_full/무용학과__DAN1048__무용필라테스.pdf,,10
H0002256,H0003590,무용학과,DAN1049,움직임의원리,2015,1,2009/1 ~ 2015/2,무용학과,45.45,18.18,18.18,12.12,,6.06,,,,,,,15,6,6,4,,2,,,,,,,ok,outputs/pdfs_full/무용학과__DAN1049__움직임의원리.pdf,,33
H0002256,H0003590,무용학과,DAN1051,춤과의상,2015,1,2009/1 ~ 2015/2,무용학과,,61.11,,16.67,,,,22.22,,,,,,22,,6,,,,8,,,,,ok,outputs/pdfs_full/무용학과__DAN1051__춤과의상.pdf,,36
H0002256,H0003590,무용학과,DAN1052,춤과이미지,2025,2,2009/1 ~ 2029/2,무용학과,40,60,,,,,,,,,,,4,6,,,,,,,,,,,ok,outputs/pdfs_full/무용학과__DAN1052__춤과이미지.pdf,,10
H0002256,H0003590,무용학과,DAN1053,전통타악실기,2015,1,2011/1 ~ 2015/2,무용학과,50,25,8.33,8.33,,,,8.33,,,,,6,3,1,1,,,,1,,,,,ok,outputs/pdfs_full/무용학과__DAN1053__전통타악실기.pdf,,12
H0002256,H0003590,무용학과,DAN1061,한국춤의역사,2025,2,2016/1 ~ 2027/2,무용학과,23.68,18.42,31.58,13.16,7.89,2.63,,2.63,,,,,9,7,12,5,3,1,,1,,,,,ok,outputs/pdfs_full/무용학과__DAN1061__한국춤의역사.pdf,,38
H0002256,H0003590,무용학과,DAN1062,무용음악실습과편집,2025,2,2016/1 ~ 2028/2,무용학과,50,12.5,12.5,25,,,,,,,,,4,1,1,2,,,,,,,,,ok,outputs/pdfs_full/무용학과__DAN1062__무용음악실습과편집.pdf,,8
H0002256,H0003590,무용학과,DAN1063,전공레파토리1,2026,1,2016/1 ~ 2027/2,무용학과,74.36,17.95,7.69,,,,,,,,,,29,7,3,,,,,,,,,,ok,outputs/pdfs_full/무용학과__DAN1063__전공레파토리1.pdf,,39
H0002256,H0003590,무용학과,DAN1064,춤교육의이론과실제,2025,2,2016/1 ~ 2027/2,무용학과,25,6.25,25,25,18.75,,,,,,,,4,1,4,4,3,,,,,,,,ok,outputs/pdfs_full/무용학과__DAN1064__춤교육의이론과실제.pdf,,16
H0002256,H0003590,무용학과,DAN1065,전공레파토리2.정기공연,2025,2,2016/1 ~ 2027/2,무용학과,73.53,17.65,8.82,,,,,,,,,,25,6,3,,,,,,,,,,ok,outputs/pdfs_full/무용학과__DAN1065__전공레파토리2.정기공연.pdf,,34
H0002256,H0003590,무용학과,DAN2001,한국무용3,2026,1,2013/1 ~ 2028/2,무용학과,95,5,,,,,,,,,,,19,1,,,,,,,,,,,ok,outputs/pdfs_full/무용학과__DAN2001__한국무용3.pdf,,20
H0002256,H0003590,무용학과,DAN2002,한국무용4,2025,2,2013/1 ~ 2028/2,무용학과,89.47,10.53,,,,,,,,,,,17,2,,,,,,,,,,,ok,outputs/pdfs_full/무용학과__DAN2002__한국무용4.pdf,,19
H0002256,H0003590,무용학과,DAN2003,현대무용3,2026,1,2013/1 ~ 2028/2,무용학과,41.38,17.24,17.24,10.34,13.79,,,,,,,,12,5,5,3,4,,,,,,,,ok,outputs/pdfs_full/무용학과__DAN2003__현대무용3.pdf,,29
H0002256,H0003590,무용학과,DAN2004,현대무용4,2025,2,2013/1 ~ 2028/2,무용학과,46.15,26.92,11.54,,15.38,,,,,,,,12,7,3,,4,,,,,,,,ok,outputs/pdfs_full/무용학과__DAN2004__현대무용4.pdf,,26
H0002256,H0003590,무용학과,DAN2005,발레1,2026,1,2009/1 ~ 2027/2,무용학과,25.49,41.18,5.88,13.73,13.73,,,,,,,,13,21,3,7,7,,,,,,,,ok,outputs/pdfs_full/무용학과__DAN2005__발레1.pdf,,51
H0002256,H0003590,무용학과,DAN2006,발레2,2025,2,2009/1 ~ 2027/2,무용학과,56.41,20.51,17.95,2.56,2.56,,,,,,,,22,8,7,1,1,,,,,,,,ok,outputs/pdfs_full/무용학과__DAN2006__발레2.pdf,,39
H0002256,H0003590,무용학과,DAN2007,무용개론,2026,1,2009/1 ~ 2028/2,무용학과,23.08,,,,,61.54,,15.38,,,,,3,,,,,8,,2,,,,,ok,outputs/pdfs_full/무용학과__DAN2007__무용개론.pdf,,13
H0002256,H0003590,무용학과,DAN2015,서양무용사,2025,2,2013/1 ~ 2029/2,무용학과,18.18,18.18,18.18,9.09,9.09,9.09,9.09,9.09,,,,,2,2,2,1,1,1,1,1,,,,,ok,outputs/pdfs_full/무용학과__DAN2015__서양무용사.pdf,,11
H0002256,H0003590,무용학과,DAN2016,동양무용사,2016,1,2013/1 ~ 2016/2,무용학과,11.43,25.71,8.57,11.43,14.29,8.57,2.86,17.14,,,,,4,9,3,4,5,3,1,6,,,,,ok,outputs/pdfs_full/무용학과__DAN2016__동양무용사.pdf,,35
H0002256,H0003590,무용학과,DAN2019,무용심리,2025,2,2013/1 ~ 2028/2,무용학과,24,16,28,16,12,4,,,,,,,6,4,7,4,3,1,,,,,,,ok,outputs/pdfs_full/무용학과__DAN2019__무용심리.pdf,,25
H0002256,H0003590,무용학과,DAN2020,동작분석및표현,2025,2,2013/1 ~ 2028/2,무용학과,33.33,6.67,6.67,,6.67,,20,26.67,,,,,5,1,1,,1,,3,4,,,,,ok,outputs/pdfs_full/무용학과__DAN2020__동작분석및표현.pdf,,15
H0002256,H0003590,무용학과,DAN2021,무용구성법,2016,1,2013/1 ~ 2016/2,무용학과,29.41,8.82,17.65,20.59,8.82,11.76,,2.94,,,,,10,3,6,7,3,4,,1,,,,,ok,outputs/pdfs_full/무용학과__DAN2021__무용구성법.pdf,,34
H0002256,H0003590,무용학과,DAN2028,예술의이해,2025,2,2009/1 ~ 2027/2,무용학과,27.27,12.12,30.3,6.06,6.06,3.03,3.03,12.12,,,,,9,4,10,2,2,1,1,4,,,,,ok,outputs/pdfs_full/무용학과__DAN2028__예술의이해.pdf,,33
H0002256,H0003590,무용학과,DAN2037,댄스스포츠,2016,2,2013/1 ~ 2016/2,무용학과,20,20,30,10,,10,,10,,,,,2,2,3,1,,1,,1,,,,,ok,outputs/pdfs_full/무용학과__DAN2037__댄스스포츠.pdf,,10
H0002256,H0003590,무용학과,DAN2047,동양무용음악연구,2015,1,2009/1 ~ 2015/2,무용학과,27.78,16.67,16.67,33.33,5.56,,,,,,,,5,3,3,6,1,,,,,,,,ok,outputs/pdfs_full/무용학과__DAN2047__동양무용음악연구.pdf,,18
H0002256,H0003590,무용학과,DAN2052,무용교육현장리서치,2025,2,2013/1 ~ 2028/2,무용학과,41.18,,41.18,,17.65,,,,,,,,7,,7,,3,,,,,,,,ok,outputs/pdfs_full/무용학과__DAN2052__무용교육현장리서치.pdf,,17
H0002256,H0003590,무용학과,DAN2053,무용동작기보법,2016,1,2013/1 ~ 2020/2,무용학과,48.57,31.43,17.14,2.86,,,,,,,,,17,11,6,1,,,,,,,,,ok,outputs/pdfs_full/무용학과__DAN2053__무용동작기보법.pdf,,35
H0002256,H0003590,무용학과,DAN2054,아동무용교육개발연구,2016,2,2013/1 ~ 2020/2,무용학과,41.67,,37.5,,16.67,,4.17,,,,,,10,,9,,4,,1,,,,,,ok,outputs/pdfs_full/무용학과__DAN2054__아동무용교육개발연구.pdf,,24
H0002256,H0003590,무용학과,DAN2058,춤과미디어,2025,2,2017/1 ~ 2030/2,무용학과,23.08,15.38,38.46,7.69,7.69,,7.69,,,,,,3,2,5,1,1,,1,,,,,,ok,outputs/pdfs_full/무용학과__DAN2058__춤과미디어.pdf,,13
H0002256,H0003590,무용학과,DAN2059,전공레파토리3.창작발표회,2026,1,2017/1 ~ 2028/2,무용학과,77.78,18.52,3.7,,,,,,,,,,21,5,1,,,,,,,,,,ok,outputs/pdfs_full/무용학과__DAN2059__전공레파토리3.창작발표회.pdf,,27
H0002256,H0003590,무용학과,DAN2060,전공레파토리4.정기공연,2025,2,2017/1 ~ 2028/2,무용학과,91.67,5.56,,2.78,,,,,,,,,33,2,,1,,,,,,,,,ok,outputs/pdfs_full/무용학과__DAN2060__전공레파토리4.정기공연.pdf,,36
H0002256,H0003590,무용학과,DAN2063,문화예술활성화연구,2026,1,2017/1 ~ 2028/2,무용학과,18.18,18.18,27.27,9.09,27.27,,,,,,,,2,2,3,1,3,,,,,,,,ok,outputs/pdfs_full/무용학과__DAN2063__문화예술활성화연구.pdf,,11
H0002256,H0003590,무용학과,DAN2064,사회문화예술교육개발연구,2025,2,2017/1 ~ 2028/2,무용학과,36.36,,54.55,9.09,,,,,,,,,4,,6,1,,,,,,,,,ok,outputs/pdfs_full/무용학과__DAN2064__사회문화예술교육개발연구.pdf,,11
H0002256,H0003590,무용학과,DAN2065,무용교육과정연구,2026,1,2018/2 ~ 2028/2,무용학과,39.13,4.35,4.35,39.13,13.04,,,,,,,,9,1,1,9,3,,,,,,,,ok,outputs/pdfs_full/무용학과__DAN2065__무용교육과정연구.pdf,,23
H0002256,H0003590,무용학과,DAN3005,발레3,2026,1,2013/1 ~ 2028/2,무용학과,57.14,28.57,7.14,,7.14,,,,,,,,8,4,1,,1,,,,,,,,ok,outputs/pdfs_full/무용학과__DAN3005__발레3.pdf,,14
H0002256,H0003590,무용학과,DAN3006,발레4,2025,2,2013/1 ~ 2028/2,무용학과,50,21.43,21.43,,7.14,,,,,,,,7,3,3,,1,,,,,,,,ok,outputs/pdfs_full/무용학과__DAN3006__발레4.pdf,,14
H0002256,H0003590,무용학과,DAN3013,무용교육론,2018,1,2013/1 ~ 2018/1,무용학과,38.46,7.69,30.77,7.69,15.38,,,,,,,,5,1,4,1,2,,,,,,,,ok,outputs/pdfs_full/무용학과__DAN3013__무용교육론.pdf,,13
H0002256,H0003590,무용학과,DAN3028,무용전공실기1,2026,1,2009/1 ~ 2027/2,무용학과,58.14,34.88,6.98,,,,,,,,,,25,15,3,,,,,,,,,,ok,outputs/pdfs_full/무용학과__DAN3028__무용전공실기1.pdf,,43
H0002256,H0003590,무용학과,DAN3029,무용전공실기2,2025,2,2009/1 ~ 2027/2,무용학과,60.53,28.95,2.63,5.26,2.63,,,,,,,,23,11,1,2,1,,,,,,,,ok,outputs/pdfs_full/무용학과__DAN3029__무용전공실기2.pdf,,38
H0002256,H0003590,무용학과,DAN3044,무용측정평가,2018,1,2013/1 ~ 2022/2,무용학과,32,4,16,28,20,,,,,,,,8,1,4,7,5,,,,,,,,ok,outputs/pdfs_full/무용학과__DAN3044__무용측정평가.pdf,,25
H0002256,H0003590,무용학과,DAN3057,무용연기,2018,2,2013/1 ~ 2018/2,무용학과,35.29,5.88,41.18,,17.65,,,,,,,,6,1,7,,3,,,,,,,,ok,outputs/pdfs_full/무용학과__DAN3057__무용연기.pdf,,17
H0002256,H0003590,무용학과,DAN3058,무용전공실기5,2026,1,2013/1 ~ 2029/2,무용학과,88.89,8.33,,2.78,,,,,,,,,32,3,,1,,,,,,,,,ok,outputs/pdfs_full/무용학과__DAN3058__무용전공실기5.pdf,,36
H0002256,H0003590,무용학과,DAN3059,무용전공실기6,2025,2,2013/1 ~ 2029/2,무용학과,84.38,12.5,3.13,,,,,,,,,,27,4,1,,,,,,,,,,ok,outputs/pdfs_full/무용학과__DAN3059__무용전공실기6.pdf,,32
H0002256,H0003590,무용학과,DAN3060,무용의학,2015,2,2013/1 ~ 2015/2,무용학과,18.75,18.75,25,18.75,15.63,3.13,,,,,,,6,6,8,6,5,1,,,,,,,ok,outputs/pdfs_full/무용학과__DAN3060__무용의학.pdf,,32
H0002256,H0003590,무용학과,DAN3067,무용분장법,2015,2,2009/1 ~ 2015/2,무용학과,34.38,9.38,28.13,15.63,12.5,,,,,,,,11,3,9,5,4,,,,,,,,ok,outputs/pdfs_full/무용학과__DAN3067__무용분장법.pdf,,32
H0002256,H0003590,무용학과,DAN3069,서양의전통과예술이론,2017,1,2013/1 ~ 2017/2,무용학과,23.08,15.38,26.92,19.23,7.69,3.85,3.85,,,,,,6,4,7,5,2,1,1,,,,,,ok,outputs/pdfs_full/무용학과__DAN3069__서양의전통과예술이론.pdf,,26
H0002256,H0003590,무용학과,DAN3070,실기워크샵,2025,2,2013/1 ~ 2030/2,무용학과,62.5,25,12.5,,,,,,,,,,5,2,1,,,,,,,,,,ok,outputs/pdfs_full/무용학과__DAN3070__실기워크샵.pdf,,8
H0002256,H0003590,무용학과,DAN3071,스테이지디자인,2026,1,2013/1 ~ 2029/2,무용학과,26.09,13.04,30.43,8.7,13.04,8.7,,,,,,,6,3,7,2,3,2,,,,,,,ok,outputs/pdfs_full/무용학과__DAN3071__스테이지디자인.pdf,,23
H0002256,H0003590,무용학과,DAN3074,무용교수워크샵,2026,1,2013/1 ~ 2030/2,무용학과,25,16.67,58.33,,,,,,,,,,3,2,7,,,,,,,,,,ok,outputs/pdfs_full/무용학과__DAN3074__무용교수워크샵.pdf,,12
H0002256,H0003590,무용학과,DAN3075,동양의전통과예술이론,2017,2,2013/1 ~ 2017/2,무용학과,36.36,9.09,36.36,9.09,,,9.09,,,,,,4,1,4,1,,,1,,,,,,ok,outputs/pdfs_full/무용학과__DAN3075__동양의전통과예술이론.pdf,,11
H0002256,H0003590,무용학과,DAN3076,무용공연프로젝트,2025,2,2013/1 ~ 2030/2,무용학과,41.67,,33.33,,16.67,8.33,,,,,,,5,,4,,2,1,,,,,,,ok,outputs/pdfs_full/무용학과__DAN3076__무용공연프로젝트.pdf,,12
H0002256,H0003590,무용학과,DAN3077,무용작품해설,2026,1,2009/1 ~ 2029/2,무용학과,41.67,,58.33,,,,,,,,,,5,,7,,,,,,,,,,ok,outputs/pdfs_full/무용학과__DAN3077__무용작품해설.pdf,,12
H0002256,H0003590,무용학과,DAN3079,사회무용교육방법론,2026,1,2013/1 ~ 2029/2,무용학과,38.46,,61.54,,,,,,,,,,5,,8,,,,,,,,,,ok,outputs/pdfs_full/무용학과__DAN3079__사회무용교육방법론.pdf,,13
H0002256,H0003590,무용학과,DAN3080,무용진로특강,2025,2,2013/1 ~ 2029/2,무용학과,57.14,28.57,14.29,,,,,,,,,,4,2,1,,,,,,,,,,ok,outputs/pdfs_full/무용학과__DAN3080__무용진로특강.pdf,,7
H0002256,H0003590,무용학과,DAN3081,웰빙무용프로그램개발,2025,2,2013/1 ~ 2027/2,무용학과,38.46,,26.92,15.38,19.23,,,,,,,,10,,7,4,5,,,,,,,,ok,outputs/pdfs_full/무용학과__DAN3081__웰빙무용프로그램개발.pdf,,26
H0002256,H0003590,무용학과,DAN3088,춤공연연출,2026,1,2018/1 ~ 2029/2,무용학과,40.74,,40.74,,14.81,,3.7,,,,,,11,,11,,4,,1,,,,,,ok,outputs/pdfs_full/무용학과__DAN3088__춤공연연출.pdf,,27
H0002256,H0003590,무용학과,DAN3089,전공레파토리5.창작발표회,2026,1,2018/1 ~ 2029/2,무용학과,85.71,11.43,,,,2.86,,,,,,,30,4,,,,1,,,,,,,ok,outputs/pdfs_full/무용학과__DAN3089__전공레파토리5.창작발표회.pdf,,35
H0002256,H0003590,무용학과,DAN3091,전공레파토리6.정기공연,2025,2,2018/1 ~ 2029/2,무용학과,83.33,13.33,3.33,,,,,,,,,,25,4,1,,,,,,,,,,ok,outputs/pdfs_full/무용학과__DAN3091__전공레파토리6.정기공연.pdf,,30
H0002256,H0003590,무용학과,DAN3097,무용예술경영,2017,2,2016/1 ~ 2017/2,무용학과,31.82,9.09,36.36,4.55,4.55,9.09,4.55,,,,,,7,2,8,1,1,2,1,,,,,,ok,outputs/pdfs_full/무용학과__DAN3097__무용예술경영.pdf,,22
H0002256,H0003590,무용학과,DAN4007,창작론,2025,2,2013/1 ~ 2028/2,무용학과,25,16.67,25,25,,8.33,,,,,,,3,2,3,3,,1,,,,,,,ok,outputs/pdfs_full/무용학과__DAN4007__창작론.pdf,,12
H0002256,H0003590,무용학과,DAN4008,무용미학,2017,2,2013/1 ~ 2017/2,무용학과,36.36,,18.18,27.27,18.18,,,,,,,,4,,2,3,2,,,,,,,,ok,outputs/pdfs_full/무용학과__DAN4008__무용미학.pdf,,11
H0002256,H0003590,무용학과,DAN4012,무용전공실기3,2026,1,2013/1 ~ 2028/2,무용학과,65,20,10,5,,,,,,,,,26,8,4,2,,,,,,,,,ok,outputs/pdfs_full/무용학과__DAN4012__무용전공실기3.pdf,,40
H0002256,H0003590,무용학과,DAN4013,무용전공실기4,2025,2,2013/1 ~ 2028/2,무용학과,66.67,23.81,7.14,2.38,,,,,,,,,28,10,3,1,,,,,,,,,ok,outputs/pdfs_full/무용학과__DAN4013__무용전공실기4.pdf,,42
H0002256,H0003590,무용학과,DAN4022,무용요법,2018,2,2013/1 ~ 2022/2,무용학과,33.33,4.76,19.05,23.81,14.29,4.76,,,,,,,7,1,4,5,3,1,,,,,,,ok,outputs/pdfs_full/무용학과__DAN4022__무용요법.pdf,,21
H0002256,H0003590,무용학과,DAN4025,무용교수법,2018,2,2013/1 ~ 2018/2,무용학과,41.67,,25,8.33,,16.67,8.33,,,,,,5,,3,1,,2,1,,,,,,ok,outputs/pdfs_full/무용학과__DAN4025__무용교수법.pdf,,12
H0002256,H0003590,무용학과,DAN4026,무용사회학,2016,2,2013/1 ~ 2016/2,무용학과,29.41,17.65,11.76,5.88,,5.88,,29.41,,,,,5,3,2,1,,1,,5,,,,,ok,outputs/pdfs_full/무용학과__DAN4026__무용사회학.pdf,,17
H0002256,H0003590,무용학과,DAN4049,무용비평,2018,2,2013/1 ~ 2018/2,무용학과,42.86,,35.71,,21.43,,,,,,,,6,,5,,3,,,,,,,,ok,outputs/pdfs_full/무용학과__DAN4049__무용비평.pdf,,14
H0002256,H0003590,무용학과,DAN4051,무용학연구,2017,1,2013/1 ~ 2018/2,무용학과,42.86,,42.86,,14.29,,,,,,,,6,,6,,2,,,,,,,,ok,outputs/pdfs_full/무용학과__DAN4051__무용학연구.pdf,,14
H0002256,H0003590,무용학과,DAN4052,무용전공실기7,2026,1,2013/1 ~ 2030/2,무용학과,74.19,19.35,3.23,,,3.23,,,,,,,23,6,1,,,1,,,,,,,ok,outputs/pdfs_full/무용학과__DAN4052__무용전공실기7.pdf,,31
H0002256,H0003590,무용학과,DAN4053,무용전공실기8,2025,2,2013/1 ~ 2030/2,무용학과,96.55,3.45,,,,,,,,,,,28,1,,,,,,,,,,,ok,outputs/pdfs_full/무용학과__DAN4053__무용전공실기8.pdf,,29
H0002256,H0003590,무용학과,DAN4062,실기워크샵2,2017,2,2013/1 ~ 2017/2,무용학과,20,60,20,,,,,,,,,,2,6,2,,,,,,,,,,ok,outputs/pdfs_full/무용학과__DAN4062__실기워크샵2.pdf,,10
H0002256,H0003590,무용학과,DAN4063,인류와춤의발상,2026,1,2013/1 ~ 2029/2,무용학과,35.71,7.14,28.57,21.43,7.14,,,,,,,,5,1,4,3,1,,,,,,,,ok,outputs/pdfs_full/무용학과__DAN4063__인류와춤의발상.pdf,,14
H0002256,H0003590,무용학과,DAN4064,국제발레교사자격증코스1,2026,1,2013/1 ~ 2028/2,무용학과,21.43,50,21.43,7.14,,,,,,,,,3,7,3,1,,,,,,,,,ok,outputs/pdfs_full/무용학과__DAN4064__국제발레교사자격증코스1.pdf,,14
H0002256,H0003590,무용학과,DAN4065,무형문화재춤분석,2018,1,2013/1 ~ 2018/2,무용학과,18.75,18.75,37.5,,25,,,,,,,,3,3,6,,4,,,,,,,,ok,outputs/pdfs_full/무용학과__DAN4065__무형문화재춤분석.pdf,,16
H0002256,H0003590,무용학과,DAN4067,인턴십과정,2026,1,2013/1 ~ 2030/2,무용학과,44.44,,44.44,11.11,,,,,,,,,4,,4,1,,,,,,,,,ok,outputs/pdfs_full/무용학과__DAN4067__인턴십과정.pdf,,9
H0002256,H0003590,무용학과,DAN4068,국제발레교사자격증코스2,2025,2,2013/1 ~ 2029/2,무용학과,86.67,13.33,,,,,,,,,,,13,2,,,,,,,,,,,ok,outputs/pdfs_full/무용학과__DAN4068__국제발레교사자격증코스2.pdf,,15
H0002256,H0003590,무용학과,DAN4071,무용수의건강과영양,2026,1,2009/1 ~ 2027/2,무용학과,42.11,,42.11,,5.26,10.53,,,,,,,16,,16,,2,4,,,,,,,ok,outputs/pdfs_full/무용학과__DAN4071__무용수의건강과영양.pdf,,38
H0002256,H0003590,무용학과,DAN4079,춤공연마케팅전략연구,2026,1,2019/1 ~ 2030/2,무용학과,30,10,50,10,,,,,,,,,3,1,5,1,,,,,,,,,ok,outputs/pdfs_full/무용학과__DAN4079__춤공연마케팅전략연구.pdf,,10
H0002256,H0003590,무용학과,DAN4080,전공레파토리7.졸업작품Showcase,2026,1,2019/1 ~ 2030/2,무용학과,70.37,25.93,,,,,3.7,,,,,,19,7,,,,,1,,,,,,ok,outputs/pdfs_full/무용학과__DAN4080__전공레파토리7.졸업작품Showcase.pdf,,27
H0002256,H0003590,무용학과,DAN4082,전공레파토리8.졸업작품Performance,2025,2,2019/1 ~ 2030/2,무용학과,62.07,31.03,6.9,,,,,,,,,,18,9,2,,,,,,,,,,ok,outputs/pdfs_full/무용학과__DAN4082__전공레파토리8.졸업작품Performance.pdf,,29
H0002256,H0003590,무용학과,DAN4086,성인발레지도법,2026,1,2019/1 ~ 2030/2,무용학과,57.14,14.29,14.29,,,,,14.29,,,,,4,1,1,,,,,1,,,,,ok,outputs/pdfs_full/무용학과__DAN4086__성인발레지도법.pdf,,7
H0002256,H0003590,무용학과,DAN4087,유아발레지도법,2025,2,2019/1 ~ 2030/2,무용학과,71.43,28.57,,,,,,,,,,,5,2,,,,,,,,,,,ok,outputs/pdfs_full/무용학과__DAN4087__유아발레지도법.pdf,,7
H0002256,H0003562,화학과,DBC2001,생화학1,2026,1,2015/1 ~ 2029/2,화학과,27.27,10.23,26.14,15.91,17.05,3.41,,,,,,,24,9,23,14,15,3,,,,,,,ok,outputs/pdfs_full/화학과__DBC2001__생화학1.pdf,,88
H0002256,H0003562,화학과,DBC2002,생화학2,2026,1,2015/1 ~ 2029/2,화학과,23.26,9.3,20.93,13.95,13.95,2.33,4.65,11.63,,,,,10,4,9,6,6,1,2,5,,,,,ok,outputs/pdfs_full/화학과__DBC2002__생화학2.pdf,,43
H0002256,H0003562,화학과,DBC2010,생화학실험,2026,1,2018/1 ~ 2029/2,화학과,56,28,16,,,,,,,,,,14,7,4,,,,,,,,,,ok,outputs/pdfs_full/화학과__DBC2010__생화학실험.pdf,,25
H0002256,H0002599,의예과,DBC3011,생물리학,2025,2,1998/1 ~ 2027/2,의예과(학부/서울),27.27,9.09,27.27,9.09,18.18,9.09,,,,,,,6,2,6,2,4,2,,,,,,,ok,outputs/pdfs_full/의예과__DBC3011__생물리학.pdf,,22
H0002256,H0003563,생명과학과,DBC4023,생물정보학,2026,1,2016/1 ~ 2029/2,생명과학과,100,,,,,,,,,,,,23,,,,,,,,,,,,ok,outputs/pdfs_full/생명과학과__DBC4023__생물정보학.pdf,,23
H0002256,H0003563,생명과학과,DBC4028,시스템생물학,2026,1,2023/1 ~ 2030/2,생명과학과,20,32,24,12,4,8,,,,,,,5,8,6,3,1,2,,,,,,,ok,outputs/pdfs_full/생명과학과__DBC4028__시스템생물학.pdf,,25
H0002256,H0004360,글로벌 CEO 창업 융합전공,DCC2030,디지털마케팅,2026,1,2023/1 ~ 2028/2,글로벌 CEO 창업 융합전공,10.64,19.15,36.17,17.02,10.64,2.13,4.26,,,,,,5,9,17,8,5,1,2,,,,,,ok,outputs/pdfs_full/글로벌_CEO_창업_융합전공__DCC2030__디지털마케팅.pdf,,47
H0002256,H0003587,체육학과,DCE2005,수영,2026,1,2016/1 ~ 2022/1,체육학과,81.82,13.64,4.55,,,,,,,,,,18,3,1,,,,,,,,,,ok,outputs/pdfs_full/체육학과__DCE2005__수영.pdf,,22
H0002256,H0003587,체육학과,DCE2016,건강교육,2025,2,2015/1 ~ 2023/2,체육학과,55,30,10,5,,,,,,,,,11,6,2,1,,,,,,,,,ok,outputs/pdfs_full/체육학과__DCE2016__건강교육.pdf,,20
H0002256,H0003587,체육학과,DCE2018,운동생리1,2026,1,2013/1 ~ 2022/1,체육학과,52.63,10.53,14.04,7.02,,,,,,15.79,,,30,6,8,4,,,,,,9,,,ok,outputs/pdfs_full/체육학과__DCE2018__운동생리1.pdf,,57
H0002256,H0003587,체육학과,DCE2019,운동생리2,2024,2,2013/1 ~ 2022/2,체육학과,89.29,,,,7.14,,,,,3.57,,,25,,,,2,,,,,1,,,ok,outputs/pdfs_full/체육학과__DCE2019__운동생리2.pdf,,28
H0002256,H0003587,체육학과,DCE3002,스포츠심리,2026,1,2009/1 ~ 2022/1,체육학과,30,10,26.67,13.33,20,,,,,,,,9,3,8,4,6,,,,,,,,ok,outputs/pdfs_full/체육학과__DCE3002__스포츠심리.pdf,,30
H0002256,H0003587,체육학과,DCE3003,골프,2018,1,2019/1 ~ 2020/1,체육학과,77.42,22.58,,,,,,,,,,,24,7,,,,,,,,,,,ok,outputs/pdfs_full/체육학과__DCE3003__골프.pdf,,31
H0002256,H0003587,체육학과,DCE3005,트레이닝방법론,2025,1,2013/1 ~ 2025/2,체육학과,100,,,,,,,,,,,,31,,,,,,,,,,,,ok,outputs/pdfs_full/체육학과__DCE3005__트레이닝방법론.pdf,,31
H0002256,H0003587,체육학과,DCE3030,운동학습및제어,2021,1,2018/1 ~ 2021/2,체육학과,38.71,,54.84,3.23,,3.23,,,,,,,12,,17,1,,1,,,,,,,ok,outputs/pdfs_full/체육학과__DCE3030__운동학습및제어.pdf,,31
H0002256,H0003587,체육학과,DCE4002,스포츠사회학,2025,2,2013/1 ~ 2018/2,체육학과,27.45,13.73,23.53,15.69,17.65,1.96,,,,,,,14,7,12,8,9,1,,,,,,,ok,outputs/pdfs_full/체육학과__DCE4002__스포츠사회학.pdf,,51
H0002256,H0003587,체육학과,DCE4005,배드민턴,2026,1,2018/1 ~ 2025/2,체육학과,100,,,,,,,,,,,,41,,,,,,,,,,,,ok,outputs/pdfs_full/체육학과__DCE4005__배드민턴.pdf,,41
H0002256,H0003587,체육학과,DCE4027,운동처방,2026,1,2013/1 ~ 2025/2,체육학과,34.29,37.14,11.43,17.14,,,,,,,,,12,13,4,6,,,,,,,,,ok,outputs/pdfs_full/체육학과__DCE4027__운동처방.pdf,,35
H0002256,H0003588,스포츠산업학과,DCE4028,스포츠행정관리,2018,2,2013/1 ~ 2018/2,스포츠산업학과,44.44,,38.89,,16.67,,,,,,,,8,,7,,3,,,,,,,,ok,outputs/pdfs_full/스포츠산업학과__DCE4028__스포츠행정관리.pdf,,18
H0002256,H0002720,영어교육과,DEE1007,영어의사소통의기초,2025,2,2003/1 ~ 2027/2,영어교육과(학부/서울),62.5,12.5,18.75,6.25,,,,,,,,,10,2,3,1,,,,,,,,,ok,outputs/pdfs_full/영어교육과__DEE1007__영어의사소통의기초.pdf,,16
H0002256,H0002720,영어교육과,DEE1015,영어쓰기의기초,2025,2,2009/1 ~ 2027/2,영어교육과(학부/서울),44.44,38.89,,,5.56,5.56,5.56,,,,,,8,7,,,1,1,1,,,,,,ok,outputs/pdfs_full/영어교육과__DEE1015__영어쓰기의기초.pdf,,18
H0002256,H0002720,영어교육과,DEE1016,학교문법,2026,1,2009/1 ~ 2027/2,영어교육과(학부/서울),19.23,19.23,23.08,19.23,15.38,3.85,,,,,,,5,5,6,5,4,1,,,,,,,ok,outputs/pdfs_full/영어교육과__DEE1016__학교문법.pdf,,26
H0002256,H0002720,영어교육과,DEE2011,영어읽기의기초,2026,1,1994/1 ~ 2027/2,영어교육과(학부/서울),32.26,6.45,32.26,9.68,19.35,,,,,,,,10,2,10,3,6,,,,,,,,ok,outputs/pdfs_full/영어교육과__DEE2011__영어읽기의기초.pdf,,31
H0002256,H0002720,영어교육과,DEE2015,영어음성학연구,2025,2,1998/1 ~ 2027/2,영어교육과(학부/서울),30.43,8.7,30.43,8.7,21.74,,,,,,,,7,2,7,2,5,,,,,,,,ok,outputs/pdfs_full/영어교육과__DEE2015__영어음성학연구.pdf,,23
H0002256,H0002720,영어교육과,DEE2016,영어읽기연습,2015,1,1998/1 ~ 2016/2,영어교육과(학부/서울),20.83,16.67,41.67,,20.83,,,,,,,,5,4,10,,5,,,,,,,,ok,outputs/pdfs_full/영어교육과__DEE2016__영어읽기연습.pdf,,24
H0002256,H0002720,영어교육과,DEE2020,영어쓰기연습,2025,1,1998/1 ~ 2028/2,영어교육과(학부/서울),77.78,11.11,11.11,,,,,,,,,,7,1,1,,,,,,,,,,ok,outputs/pdfs_full/영어교육과__DEE2020__영어쓰기연습.pdf,,9
H0002256,H0002720,영어교육과,DEE2023,영어교육현장연구,2018,1,1998/1 ~ 2018/2,영어교육과(학부/서울),38.1,,33.33,,23.81,,,,,4.76,,,8,,7,,5,,,,,1,,,ok,outputs/pdfs_full/영어교육과__DEE2023__영어교육현장연구.pdf,,21
H0002256,H0002800,영어영문학과,DEE2030,영어학과영어교육,2025,2,2007/1 ~ 2009/2,영어영문학(학부/서울),25,8.33,33.33,25,,,,,,,8.33,,3,1,4,3,,,,,,,1,,ok,outputs/pdfs_full/영어영문학과__DEE2030__영어학과영어교육.pdf,,12
H0002256,H0002720,영어교육과,DEE2032,영문학과영어교육,2026,1,2006/1 ~ 2028/2,영어교육과(학부/서울),18.75,18.75,43.75,,18.75,,,,,,,,3,3,7,,3,,,,,,,,ok,outputs/pdfs_full/영어교육과__DEE2032__영문학과영어교육.pdf,,16
H0002256,H0002720,영어교육과,DEE2033,영어음운론연구,2025,2,2010/1 ~ 2028/2,영어교육과(학부/서울),44.44,,22.22,33.33,,,,,,,,,4,,2,3,,,,,,,,,ok,outputs/pdfs_full/영어교육과__DEE2033__영어음운론연구.pdf,,9
H0002256,H0002720,영어교육과,DEE2034,학교문법2,2016,1,2010/1 ~ 2016/2,영어교육과(학부/서울),39.39,,39.39,,15.15,6.06,,,,,,,13,,13,,5,2,,,,,,,ok,outputs/pdfs_full/영어교육과__DEE2034__학교문법2.pdf,,33
H0002256,H0002720,영어교육과,DEE2035,다문화사회의영어교육,2025,2,2010/1 ~ 2026/1,영어교육과(학부/서울),22.73,18.18,22.73,18.18,18.18,,,,,,,,5,4,5,4,4,,,,,,,,ok,outputs/pdfs_full/영어교육과__DEE2035__다문화사회의영어교육.pdf,,22
H0002256,H0002720,영어교육과,DEE2036,글로벌영어커뮤니케이션,2025,2,2010/1 ~ 2028/2,영어교육과(학부/서울),26.32,47.37,26.32,,,,,,,,,,5,9,5,,,,,,,,,,ok,outputs/pdfs_full/영어교육과__DEE2036__글로벌영어커뮤니케이션.pdf,,19
H0002256,H0002720,영어교육과,DEE2043,영어교육학개론,2026,1,2014/1 ~ 2028/2,영어교육과(학부/서울),57.14,28.57,14.29,,,,,,,,,,8,4,2,,,,,,,,,,ok,outputs/pdfs_full/영어교육과__DEE2043__영어교육학개론.pdf,,14
H0002256,H0002720,영어교육과,DEE2044,영어활동실습1,2016,1,2014/1 ~ 2016/2,영어교육과(학부/서울),100,,,,,,,,,,,,7,,,,,,,,,,,,ok,outputs/pdfs_full/영어교육과__DEE2044__영어활동실습1.pdf,,7
H0002256,H0002720,영어교육과,DEE2045,영국문학과영어교육1,2016,2,2014/1 ~ 2016/2,영어교육과(학부/서울),41.18,,41.18,,11.76,5.88,,,,,,,7,,7,,2,1,,,,,,,ok,outputs/pdfs_full/영어교육과__DEE2045__영국문학과영어교육1.pdf,,17
H0002256,H0002720,영어교육과,DEE2046,영어활동실습2,2016,2,2014/1 ~ 2016/2,영어교육과(학부/서울),100,,,,,,,,,,,,14,,,,,,,,,,,,ok,outputs/pdfs_full/영어교육과__DEE2046__영어활동실습2.pdf,,14
H0002256,H0002256,서울 대학,DEE3002,언어와문화,2019,1,1997/1 ~ 2019/1,대학(학부/서울),16.67,16.67,22.22,16.67,22.22,5.56,,,,,,,3,3,4,3,4,1,,,,,,,ok,outputs/pdfs_seoul_university/서울_대학__DEE3002__언어와문화.pdf,,18
H0002256,H0002800,영어영문학과,DEE3011,영어통사론,2026,1,2007/1 ~ 2009/2,영어영문학(학부/서울),15.38,23.08,38.46,15.38,,,7.69,,,,,,2,3,5,2,,,1,,,,,,ok,outputs/pdfs_full/영어영문학과__DEE3011__영어통사론.pdf,,13
H0002256,H0002720,영어교육과,DEE3018,영어과교육론,2025,2,1995/1 ~ 2028/2,영어교육과(학부/서울),47.62,38.1,9.52,,,4.76,,,,,,,10,8,2,,,1,,,,,,,ok,outputs/pdfs_full/영어교육과__DEE3018__영어과교육론.pdf,,21
H0002256,H0002720,영어교육과,DEE3021,영어교육과테크놀로지,2026,1,1999/1 ~ 2026/1,영어교육과(학부/서울),71.43,28.57,,,,,,,,,,,5,2,,,,,,,,,,,ok,outputs/pdfs_full/영어교육과__DEE3021__영어교육과테크놀로지.pdf,,7
H0002256,H0002720,영어교육과,DEE3022,영어교수의원리,2026,1,1999/1 ~ 2028/2,영어교육과(학부/서울),18.18,22.73,36.36,4.55,9.09,9.09,,,,,,,4,5,8,1,2,2,,,,,,,ok,outputs/pdfs_full/영어교육과__DEE3022__영어교수의원리.pdf,,22
H0002256,H0002720,영어교육과,DEE3035,영어변천사,2021,1,2003/1 ~ 2022/2,영어교육과(학부/서울),37.93,,62.07,,,,,,,,,,11,,18,,,,,,,,,,ok,outputs/pdfs_full/영어교육과__DEE3035__영어변천사.pdf,,29
H0002256,H0002720,영어교육과,DEE3042,영어습득론,2026,1,2007/1 ~ 2029/2,영어교육과(학부/서울),53.85,38.46,7.69,,,,,,,,,,7,5,1,,,,,,,,,,ok,outputs/pdfs_full/영어교육과__DEE3042__영어습득론.pdf,,13
H0002256,H0002720,영어교육과,DEE3045,영어읽기지도,2017,1,2011/1 ~ 2017/2,영어교육과(학부/서울),15.38,23.08,23.08,15.38,7.69,7.69,7.69,,,,,,2,3,3,2,1,1,1,,,,,,ok,outputs/pdfs_full/영어교육과__DEE3045__영어읽기지도.pdf,,13
H0002256,H0002720,영어교육과,DEE3046,영어쓰기지도,2017,2,2011/1 ~ 2017/2,영어교육과(학부/서울),40,33.33,6.67,13.33,6.67,,,,,,,,6,5,1,2,1,,,,,,,,ok,outputs/pdfs_full/영어교육과__DEE3046__영어쓰기지도.pdf,,15
H0002256,H0002720,영어교육과,DEE3047,다문화사회와영어,2017,1,2011/1 ~ 2017/2,영어교육과(학부/서울),44.44,14.81,33.33,3.7,3.7,,,,,,,,12,4,9,1,1,,,,,,,,ok,outputs/pdfs_full/영어교육과__DEE3047__다문화사회와영어.pdf,,27
H0002256,H0002720,영어교육과,DEE3048,세계의영어,2015,2,2011/1 ~ 2017/2,영어교육과(학부/서울),37.5,45.83,4.17,,4.17,,4.17,4.17,,,,,9,11,1,,1,,1,1,,,,,ok,outputs/pdfs_full/영어교육과__DEE3048__세계의영어.pdf,,24
H0002256,H0002720,영어교육과,DEE3049,영국문학과영어교육2,2017,1,2015/1 ~ 2017/2,영어교육과(학부/서울),41.67,,29.17,8.33,16.67,4.17,,,,,,,10,,7,2,4,1,,,,,,,ok,outputs/pdfs_full/영어교육과__DEE3049__영국문학과영어교육2.pdf,,24
H0002256,H0002720,영어교육과,DEE3050,영어교수의실제,2026,1,2015/1 ~ 2026/1,영어교육과(학부/서울),41.67,,50,8.33,,,,,,,,,5,,6,1,,,,,,,,,ok,outputs/pdfs_full/영어교육과__DEE3050__영어교수의실제.pdf,,12
H0002256,H0002720,영어교육과,DEE3051,미국문학과영어교육,2017,2,2015/1 ~ 2017/2,영어교육과(학부/서울),33.33,66.67,,,,,,,,,,,3,6,,,,,,,,,,,ok,outputs/pdfs_full/영어교육과__DEE3051__미국문학과영어교육.pdf,,9
H0002256,H0002720,영어교육과,DEE3052,사회언어학과영어교육,2025,2,2015/1 ~ 2029/2,영어교육과(학부/서울),40,40,,20,,,,,,,,,2,2,,1,,,,,,,,,ok,outputs/pdfs_full/영어교육과__DEE3052__사회언어학과영어교육.pdf,,5
H0002256,H0002720,영어교육과,DEE3053,영어리터러시,2026,1,2018/1 ~ 2029/2,영어교육과(학부/서울),36.36,,63.64,,,,,,,,,,4,,7,,,,,,,,,,ok,outputs/pdfs_full/영어교육과__DEE3053__영어리터러시.pdf,,11
H0002256,H0002720,영어교육과,DEE4007,영어교육특강,2022,2,2004/1 ~ 2030/2,영어교육과(학부/서울),100,,,,,,,,,,,,6,,,,,,,,,,,,ok,outputs/pdfs_full/영어교육과__DEE4007__영어교육특강.pdf,,6
H0002256,H0002720,영어교육과,DEE4031,영어과교육과정과교재연구,2025,2,2004/1 ~ 2029/2,영어교육과(학부/서울),69.23,7.69,23.08,,,,,,,,,,9,1,3,,,,,,,,,,ok,outputs/pdfs_full/영어교육과__DEE4031__영어과교육과정과교재연구.pdf,,13
H0002256,H0002720,영어교육과,DEE4032,영어평가의실제,2026,1,2004/1 ~ 2030/2,영어교육과(학부/서울),66.67,16.67,16.67,,,,,,,,,,4,1,1,,,,,,,,,,ok,outputs/pdfs_full/영어교육과__DEE4032__영어평가의실제.pdf,,6
H0002256,H0002720,영어교육과,DEE4033,교실영어연습,2026,1,2004/1 ~ 2030/2,영어교육과(학부/서울),75,25,,,,,,,,,,,6,2,,,,,,,,,,,ok,outputs/pdfs_full/영어교육과__DEE4033__교실영어연습.pdf,,8
H0002256,H0002720,영어교육과,DEE4039,영어커뮤니케이션지도,2015,2,2012/1 ~ 2018/2,영어교육과(학부/서울),72.73,,27.27,,,,,,,,,,8,,3,,,,,,,,,,ok,outputs/pdfs_full/영어교육과__DEE4039__영어커뮤니케이션지도.pdf,,11
H0002256,H0002720,영어교육과,DEE4040,AI와영어논리논술,2025,2,2012/1 ~ 2029/2,영어교육과(학부/서울),62.5,25,6.25,6.25,,,,,,,,,10,4,1,1,,,,,,,,,ok,outputs/pdfs_full/영어교육과__DEE4040__AI와영어논리논술.pdf,,16
H0002256,H0002720,영어교육과,DEE4044,영어교수법특강,2018,2,2016/1 ~ 2018/2,영어교육과(학부/서울),33.33,55.56,,,,,,,,11.11,,,3,5,,,,,,,,1,,,ok,outputs/pdfs_full/영어교육과__DEE4044__영어교수법특강.pdf,,9
H0002256,H0002720,영어교육과,DEE4045,영어교과교실수업연구,2023,2,2023/2 ~ 2025/2,영어교육과(학부/서울),100,,,,,,,,,,,,3,,,,,,,,,,,,ok,outputs/pdfs_full/영어교육과__DEE4045__영어교과교실수업연구.pdf,,3
H0002256,H0002723,교육공학과,DET1002,뉴미디어문화론,2015,2,2013/1 ~ 2015/2,교육공학과(학부/서울),41.67,,29.17,8.33,8.33,8.33,,,,4.17,,,10,,7,2,2,2,,,,1,,,ok,outputs/pdfs_full/교육공학과__DET1002__뉴미디어문화론.pdf,,24
H0002256,H0002723,교육공학과,DET1003,HRD개론,2025,2,2016/1 ~ 2027/2,교육공학과(학부/서울),10,35,35,15,,,,5,,,,,2,7,7,3,,,,1,,,,,ok,outputs/pdfs_full/교육공학과__DET1003__HRD개론.pdf,,20
H0002256,H0002723,교육공학과,DET1004,교육공학이론과실제,2026,1,2016/1 ~ 2027/2,교육공학과(학부/서울),65,20,,,,,,,,15,,,13,4,,,,,,,,3,,,ok,outputs/pdfs_full/교육공학과__DET1004__교육공학이론과실제.pdf,,20
H0002256,H0002723,교육공학과,DET1005,첨단미디어학습환경설계,2023,1,2020/1 ~ 2026/1,교육공학과(학부/서울),81.48,,,,,,,,,18.52,,,22,,,,,,,,,5,,,ok,outputs/pdfs_full/교육공학과__DET1005__첨단미디어학습환경설계.pdf,,27
H0002256,H0002718,교육학과,DET2004,학습심리,2020,1,1990/1 ~ 2021/2,교육학과(학부/서울),42.31,,53.85,3.85,,,,,,,,,11,,14,1,,,,,,,,,ok,outputs/pdfs_full/교육학과__DET2004__학습심리.pdf,,26
H0002256,H0002723,교육공학과,DET2013,교수설계모형,2014,1,1998/1 ~ 2016/2,교육공학과(학부/서울),54.55,45.45,,,,,,,,,,,6,5,,,,,,,,,,,ok,outputs/pdfs_full/교육공학과__DET2013__교수설계모형.pdf,,11
H0002256,H0002723,교육공학과,DET2014,교수설계,2025,2,1998/1 ~ 2027/2,교육공학과(학부/서울),33.33,33.33,12.5,,,4.17,,,,16.67,,,8,8,3,,,1,,,,4,,,ok,outputs/pdfs_full/교육공학과__DET2014__교수설계.pdf,,24
H0002256,H0002723,교육공학과,DET2021,교육공학전공영어,2015,1,2002/1 ~ 2016/2,교육공학과(학부/서울),31.03,41.38,10.34,3.45,,,,,,13.79,,,9,12,3,1,,,,,,4,,,ok,outputs/pdfs_full/교육공학과__DET2021__교육공학전공영어.pdf,,29
H0002256,H0002723,교육공학과,DET2024,HRD와변화의예술,2025,2,2011/1 ~ 2029/2,교육공학과(학부/서울),9.09,9.09,18.18,9.09,,,,,,54.55,,,1,1,2,1,,,,,,6,,,ok,outputs/pdfs_full/교육공학과__DET2024__HRD와변화의예술.pdf,,11
H0002256,H0002723,교육공학과,DET2025,글로벌HRD동향,2024,2,2011/1 ~ 2029/2,교육공학과(학부/서울),50,,,,,,,,,50,,,6,,,,,,,,,6,,,ok,outputs/pdfs_full/교육공학과__DET2025__글로벌HRD동향.pdf,,12
H0002256,H0002723,교육공학과,DET2026,최신교수설계모형,2012,1,2012/1 ~ 2018/2,교육공학과(학부/서울),100,,,,,,,,,,,,12,,,,,,,,,,,,ok,outputs/pdfs_full/교육공학과__DET2026__최신교수설계모형.pdf,,12
H0002256,H0002723,교육공학과,DET2028,뉴미디어학습컨텐츠개발,2026,1,2014/1 ~ 2026/2,교육공학과(학부/서울),62.5,,,,,,,,,37.5,,,5,,,,,,,,,3,,,ok,outputs/pdfs_full/교육공학과__DET2028__뉴미디어학습컨텐츠개발.pdf,,8
H0002256,H0002723,교육공학과,DET2029,커뮤니케이션혁신교육론,2026,1,2014/1 ~ 2029/2,교육공학과(학부/서울),93.33,,,,,,,,,6.67,,,14,,,,,,,,,1,,,ok,outputs/pdfs_full/교육공학과__DET2029__커뮤니케이션혁신교육론.pdf,,15
H0002256,H0002723,교육공학과,DET2030,휴먼컴퓨터인터랙션HCI디자인,2015,2,2014/1 ~ 2016/2,교육공학과(학부/서울),6.67,53.33,13.33,13.33,,,,,,13.33,,,1,8,2,2,,,,,,2,,,ok,outputs/pdfs_full/교육공학과__DET2030__휴먼컴퓨터인터랙션HCI디자인.pdf,,15
H0002256,H0002723,교육공학과,DET2031,디지털트렌스포메이션시대스마트러닝설계및개발,2023,2,2021/2 ~ 2024/2,교육공학과(학부/서울),94.44,,5.56,,,,,,,,,,17,,1,,,,,,,,,,ok,outputs/pdfs_full/교육공학과__DET2031__디지털트렌스포메이션시대스마트러닝설계및개발.pdf,,18
H0002256,H0002723,교육공학과,DET2037,학습전이평가모형개발,2020,1,2017/1 ~ 2020/2,교육공학과(학부/서울),92.59,7.41,,,,,,,,,,,25,2,,,,,,,,,,,ok,outputs/pdfs_full/교육공학과__DET2037__학습전이평가모형개발.pdf,,27
H0002256,H0002723,교육공학과,DET2038,4차산업혁명시대의인재경영론,2025,2,2021/1 ~ 2026/1,교육공학과(학부/서울),94.44,5.56,,,,,,,,,,,17,1,,,,,,,,,,,ok,outputs/pdfs_full/교육공학과__DET2038__4차산업혁명시대의인재경영론.pdf,,18
H0002256,H0002723,교육공학과,DET2039,HRD트렌드,2026,1,2025/1 ~ 2028/2,교육공학과(학부/서울),60,10,,,,,5,,,25,,,12,2,,,,,1,,,5,,,ok,outputs/pdfs_full/교육공학과__DET2039__HRD트렌드.pdf,,20
H0002256,H0002723,교육공학과,DET2041,마이크로러닝과AIDT(DigitalTextbook)활용전략,2025,1,2025/1 ~ 2026/1,교육공학과(학부/서울),39.13,,34.78,,17.39,,,,,8.7,,,9,,8,,4,,,,,2,,,ok,outputs/pdfs_full/교육공학과__DET2041__마이크로러닝과AIDT(DigitalTextbook)활용전략.pdf,,23
H0002256,H0002723,교육공학과,DET3014,AI와데이터리터러시,2025,2,1999/1 ~ 2028/2,교육공학과(학부/서울),100,,,,,,,,,,,,29,,,,,,,,,,,,ok,outputs/pdfs_full/교육공학과__DET3014__AI와데이터리터러시.pdf,,29
H0002256,H0002723,교육공학과,DET3016,교육공학연구방법론,2014,2,1999/1 ~ 2018/2,교육공학과(학부/서울),27.27,36.36,9.09,,,,,,,27.27,,,3,4,1,,,,,,,3,,,ok,outputs/pdfs_full/교육공학과__DET3016__교육공학연구방법론.pdf,,11
H0002256,H0002723,교육공학과,DET3027,이러닝설계및개발,2026,1,2011/1 ~ 2029/2,교육공학과(학부/서울),100,,,,,,,,,,,,17,,,,,,,,,,,,ok,outputs/pdfs_full/교육공학과__DET3027__이러닝설계및개발.pdf,,17
H0002256,H0002723,교육공학과,DET3028,이러닝개발,2025,2,2011/1 ~ 2025/2,교육공학과(학부/서울),91.67,,,,,,,,,8.33,,,11,,,,,,,,,1,,,ok,outputs/pdfs_full/교육공학과__DET3028__이러닝개발.pdf,,12
H0002256,H0002723,교육공학과,DET3030,21세기글로벌시대의교육동향,2016,1,2015/1 ~ 2017/2,교육공학과(학부/서울),17.65,29.41,17.65,11.76,,,,,,23.53,,,3,5,3,2,,,,,,4,,,ok,outputs/pdfs_full/교육공학과__DET3030__21세기글로벌시대의교육동향.pdf,,17
H0002256,H0002723,교육공학과,DET3033,스마트교육환경론,2015,2,2015/1 ~ 2017/2,교육공학과(학부/서울),21.43,21.43,35.71,,21.43,,,,,,,,3,3,5,,3,,,,,,,,ok,outputs/pdfs_full/교육공학과__DET3033__스마트교육환경론.pdf,,14
H0002256,H0002723,교육공학과,DET3035,몰입형수업설계및활용,2025,2,2018/1 ~ 2029/2,교육공학과(학부/서울),88.89,11.11,,,,,,,,,,,8,1,,,,,,,,,,,ok,outputs/pdfs_full/교육공학과__DET3035__몰입형수업설계및활용.pdf,,9
H0002256,H0002723,교육공학과,DET3036,국제교육개발협력과SDGs세미나,2019,2,2018/1 ~ 2022/2,교육공학과(학부/서울),,14.29,,,,,,,,85.71,,,,1,,,,,,,,6,,,ok,outputs/pdfs_full/교육공학과__DET3036__국제교육개발협력과SDGs세미나.pdf,,7
H0002256,H0002723,교육공학과,DET3037,HRD와컨설팅,2025,2,2018/1 ~ 2028/2,교육공학과(학부/서울),68.75,25,,,,,,,,,6.25,,11,4,,,,,,,,,1,,ok,outputs/pdfs_full/교육공학과__DET3037__HRD와컨설팅.pdf,,16
H0002256,H0002723,교육공학과,DET3038,People Analytics,2025,2,2022/1 ~ 2029/2,교육공학과(학부/서울),71.43,,,,,,,,,28.57,,,5,,,,,,,,,2,,,ok,outputs/pdfs_full/교육공학과__DET3038__People_Analytics.pdf,,7
H0002256,H0002723,교육공학과,DET3039,GBL설계와적용,2025,1,2022/1 ~ 2025/2,교육공학과(학부/서울),70,30,,,,,,,,,,,7,3,,,,,,,,,,,ok,outputs/pdfs_full/교육공학과__DET3039__GBL설계와적용.pdf,,10
H0002256,H0002723,교육공학과,DET3040,HRD와경력개발,2026,1,2026/1 ~ 2029/2,교육공학과(학부/서울),84.62,,,,,,,,,15.38,,,11,,,,,,,,,2,,,ok,outputs/pdfs_full/교육공학과__DET3040__HRD와경력개발.pdf,,13
H0002256,H0002723,교육공학과,DET3042,미래교육전문가캡스톤디자인,2025,1,2025/1 ~ 2026/2,교육공학과(학부/서울),100,,,,,,,,,,,,14,,,,,,,,,,,,ok,outputs/pdfs_full/교육공학과__DET3042__미래교육전문가캡스톤디자인.pdf,,14
H0002256,H0002723,교육공학과,DET4012,디지털변혁시대의HRD방법론,2026,1,2000/1 ~ 2029/2,교육공학과(학부/서울),88.24,5.88,,,,,,,,5.88,,,15,1,,,,,,,,1,,,ok,outputs/pdfs_full/교육공학과__DET4012__디지털변혁시대의HRD방법론.pdf,,17
H0002256,H0002723,교육공학과,DET4021,교육공학적용연구,2018,1,2008/1 ~ 2018/2,교육공학과(학부/서울),68.75,,,,,,,,,31.25,,,11,,,,,,,,,5,,,ok,outputs/pdfs_full/교육공학과__DET4021__교육공학적용연구.pdf,,16
H0002256,H0002723,교육공학과,DET4022,교수체제개발,2025,1,2008/1 ~ 2028/2,교육공학과(학부/서울),64.29,,,,,,,,,35.71,,,9,,,,,,,,,5,,,ok,outputs/pdfs_full/교육공학과__DET4022__교수체제개발.pdf,,14
H0002256,H0002723,교육공학과,DET4024,인공지능시대창의성개발,2025,1,2012/1 ~ 2030/2,교육공학과(학부/서울),55.56,,,,,,,,,44.44,,,5,,,,,,,,,4,,,ok,outputs/pdfs_full/교육공학과__DET4024__인공지능시대창의성개발.pdf,,9
H0002256,H0002723,교육공학과,DET4025,HRD와리더십개발,2026,1,2012/1 ~ 2030/2,교육공학과(학부/서울),83.33,,,,,,,,,16.67,,,5,,,,,,,,,1,,,ok,outputs/pdfs_full/교육공학과__DET4025__HRD와리더십개발.pdf,,6
H0002256,H0002723,교육공학과,DET4027,교수학습정보디자인,2016,1,2016/1 ~ 2018/2,교육공학과(학부/서울),11.76,23.53,11.76,17.65,,,,,,35.29,,,2,4,2,3,,,,,,6,,,ok,outputs/pdfs_full/교육공학과__DET4027__교수학습정보디자인.pdf,,17
H0002256,H0002723,교육공학과,DET4028,다문화통합교육과UDL활용,2017,2,2016/1 ~ 2018/2,교육공학과(학부/서울),22.73,13.64,31.82,4.55,18.18,,,,,9.09,,,5,3,7,1,4,,,,,2,,,ok,outputs/pdfs_full/교육공학과__DET4028__다문화통합교육과UDL활용.pdf,,22
H0002256,H0002723,교육공학과,DET4029,교육공학사례연구,2025,2,2019/1 ~ 2030/2,교육공학과(학부/서울),100,,,,,,,,,,,,14,,,,,,,,,,,,ok,outputs/pdfs_full/교육공학과__DET4029__교육공학사례연구.pdf,,14
H0002256,H0002256,서울 대학,DIS0001,Understanding Global Affairs,2014,1,2006/1 ~ 2014/2,대학(학부/서울),22.22,70.37,7.41,,,,,,,,,,6,19,2,,,,,,,,,,ok,outputs/pdfs_seoul_university/서울_대학__DIS0001__Understanding_Global_Affairs.pdf,,27
H0002256,H0002256,서울 대학,DIS0008,United States-Korea Relations From 1945,2018,2,2006/1 ~ 2019/1,대학(학부/서울),14.29,33.33,9.52,19.05,19.05,,,4.76,,,,,3,7,2,4,4,,,1,,,,,ok,outputs/pdfs_seoul_university/서울_대학__DIS0008__United_States-Korea_Relations_From_1945.pdf,,21
H0002256,H0002256,서울 대학,DIS0011,American History & Culture,2018,2,2006/1 ~ 2019/1,대학(학부/서울),,12.5,18.75,18.75,18.75,18.75,6.25,6.25,,,,,,2,3,3,3,3,1,1,,,,,ok,outputs/pdfs_seoul_university/서울_대학__DIS0011__American_History_&_Culture.pdf,,16
H0002256,H0002256,서울 대학,DIS0013,Understanding International Business,2015,1,2006/1 ~ 2015/1,대학(학부/서울),11.76,14.71,11.76,20.59,20.59,11.76,2.94,5.88,,,,,4,5,4,7,7,4,1,2,,,,,ok,outputs/pdfs_seoul_university/서울_대학__DIS0013__Understanding_International_Business.pdf,,34
H0002256,H0002256,서울 대학,DIS0014,Understanding International Law,2013,2,2006/1 ~ 2013/2,대학(학부/서울),14.29,14.29,42.86,14.29,,,14.29,,,,,,1,1,3,1,,,1,,,,,,ok,outputs/pdfs_seoul_university/서울_대학__DIS0014__Understanding_International_Law.pdf,,7
H0002256,H0002256,서울 대학,DIS0016,Banking & Investment Practice,2026,1,2006/1 ~ 2027/2,대학(학부/서울),22.22,30.56,27.78,5.56,2.78,2.78,8.33,,,,,,8,11,10,2,1,1,3,,,,,,ok,outputs/pdfs_seoul_university/서울_대학__DIS0016__Banking_&_Investment_Practice.pdf,,36
H0002256,H0002256,서울 대학,DIS0023,Understanding UN,2013,2,2006/1 ~ 2013/2,대학(학부/서울),17.86,39.29,14.29,7.14,17.86,3.57,,,,,,,5,11,4,2,5,1,,,,,,,ok,outputs/pdfs_seoul_university/서울_대학__DIS0023__Understanding_UN.pdf,,28
H0002256,H0002920,국제학부,DIS1002,Globalization,2026,1,2004/1 ~ 2024/2,국제학부,20,20,37.14,4.29,10,7.14,,1.43,,,,,14,14,26,3,7,5,,1,,,,,ok,outputs/pdfs_full/국제학부__DIS1002__Globalization.pdf,,70
H0002256,H0002920,국제학부,DIS1008,Presentation  Skills,2013,1,2004/1 ~ 2012/2,국제학부,23.08,38.46,23.08,15.38,,,,,,,,,3,5,3,2,,,,,,,,,ok,outputs/pdfs_full/국제학부__DIS1008__Presentation_Skills.pdf,,13
H0002256,H0002920,국제학부,DIS1015,Business and Environmental Ethics,2025,2,2006/1 ~ 2026/2,국제학부,6.9,12.07,20.69,27.59,18.97,12.07,,1.72,,,,,4,7,12,16,11,7,,1,,,,,ok,outputs/pdfs_full/국제학부__DIS1015__Business_and_Environmental_Ethics.pdf,,58
H0002256,H0002920,국제학부,DIS1021,Creative and Critical Thinking,2026,1,2005/1 ~ 2023/2,국제학부,2.86,37.14,14.29,20,25.71,,,,,,,,1,13,5,7,9,,,,,,,,ok,outputs/pdfs_full/국제학부__DIS1021__Creative_and_Critical_Thinking.pdf,,35
H0002256,H0002920,국제학부,DIS1024,Academic Writing 1,2026,1,2009/1 ~ 2023/2,국제학부,74.24,19.7,1.52,1.52,3.03,,,,,,,,49,13,1,1,2,,,,,,,,ok,outputs/pdfs_full/국제학부__DIS1024__Academic_Writing_1.pdf,,66
H0002256,H0004739,글로벌한국학전공,DIS1029,한국학의이해,2025,1,2023/1 ~ 2025/2,글로벌한국학전공,23.53,5.88,29.41,17.65,11.76,5.88,5.88,,,,,,4,1,5,3,2,1,1,,,,,,ok,outputs/pdfs_full/글로벌한국학전공__DIS1029__한국학의이해.pdf,,17
H0002256,H0004739,글로벌한국학전공,DIS1030,한국대중문화의이해,2026,1,2023/1 ~ 2027/2,글로벌한국학전공,21.43,21.43,21.43,17.86,14.29,3.57,,,,,,,6,6,6,5,4,1,,,,,,,ok,outputs/pdfs_full/글로벌한국학전공__DIS1030__한국대중문화의이해.pdf,,28
H0002256,H0004739,글로벌한국학전공,DIS1031,한국경영의이해,2026,1,2023/1 ~ 2027/2,글로벌한국학전공,20,20,60,,,,,,,,,,2,2,6,,,,,,,,,,ok,outputs/pdfs_full/글로벌한국학전공__DIS1031__한국경영의이해.pdf,,10
H0002256,H0004739,글로벌한국학전공,DIS1032,글로벌한국어Ⅱ,2026,1,2023/1 ~ 2027/2,글로벌한국학전공,16.67,16.67,16.67,,16.67,33.33,,,,,,,1,1,1,,1,2,,,,,,,ok,outputs/pdfs_full/글로벌한국학전공__DIS1032__글로벌한국어II.pdf,,6
H0002256,H0004739,글로벌한국학전공,DIS1033,미디어콘텐츠와문화,2025,2,2023/1 ~ 2027/2,글로벌한국학전공,39.39,,42.42,,12.12,6.06,,,,,,,13,,14,,4,2,,,,,,,ok,outputs/pdfs_full/글로벌한국학전공__DIS1033__미디어콘텐츠와문화.pdf,,33
H0002256,H0005064,글로벌콘텐츠융합학부,DIS1034,"현대한국의사회,정치,문화",2026,1,2026/1 ~ 2027/2,글로벌콘텐츠융합학부,6.25,18.75,18.75,25,18.75,12.5,,,,,,,1,3,3,4,3,2,,,,,,,ok,"outputs/pdfs_full/글로벌콘텐츠융합학부__DIS1034__현대한국의사회,정치,문화.pdf",,16
H0002256,H0005064,글로벌콘텐츠융합학부,DIS1035,외국인을위한기초영어및한국문화,2026,1,2026/1 ~ 2028/2,글로벌콘텐츠융합학부,35,25,20,10,5,5,,,,,,,7,5,4,2,1,1,,,,,,,ok,outputs/pdfs_full/글로벌콘텐츠융합학부__DIS1035__외국인을위한기초영어및한국문화.pdf,,20
H0002256,H0002920,국제학부,DIS2001,Introduction to Political Science,2026,1,2004/1 ~ 2023/2,국제학부,8.33,30.56,25,13.89,19.44,,,2.78,,,,,3,11,9,5,7,,,1,,,,,ok,outputs/pdfs_full/국제학부__DIS2001__Introduction_to_Political_Science.pdf,,36
H0002256,H0002920,국제학부,DIS2002,Introduction to Microeconomics,2026,1,2004/1 ~ 2024/2,국제학부,61.22,14.29,14.29,8.16,,,,,,,2.04,,30,7,7,4,,,,,,,1,,ok,outputs/pdfs_full/국제학부__DIS2002__Introduction_to_Microeconomics.pdf,,49
H0002256,H0002920,국제학부,DIS2003,Introduction to Business Administration,2026,1,2005/1 ~ 2023/2,국제학부,24.44,15.56,33.33,4.44,15.56,2.22,2.22,,,,2.22,,11,7,15,2,7,1,1,,,,1,,ok,outputs/pdfs_full/국제학부__DIS2003__Introduction_to_Business_Administration.pdf,,45
H0002256,H0002920,국제학부,DIS2004,Research Methods,2025,2,2005/1 ~ 2023/2,국제학부,2.78,36.11,40.28,5.56,15.28,,,,,,,,2,26,29,4,11,,,,,,,,ok,outputs/pdfs_full/국제학부__DIS2004__Research_Methods.pdf,,72
H0002256,H0002920,국제학부,DIS2005,International Relations,2025,2,2004/1 ~ 2023/2,국제학부,36.23,5.8,34.78,2.9,15.94,1.45,2.9,,,,,,25,4,24,2,11,1,2,,,,,,ok,outputs/pdfs_full/국제학부__DIS2005__International_Relations.pdf,,69
H0002256,H0002920,국제학부,DIS2008,International Business,2025,2,2005/1 ~ 2024/2,국제학부,41.38,,37.93,,20.69,,,,,,,,12,,11,,6,,,,,,,,ok,outputs/pdfs_full/국제학부__DIS2008__International_Business.pdf,,29
H0002256,H0002920,국제학부,DIS2017,International Relations in East Asia,2025,1,2006/1 ~ 2025/2,국제학부,38.33,,36.67,,23.33,1.67,,,,,,,23,,22,,14,1,,,,,,,ok,outputs/pdfs_full/국제학부__DIS2017__International_Relations_in_East_Asia.pdf,,60
H0002256,H0002920,국제학부,DIS2022,International Organizations,2025,2,2005/1 ~ 2024/2,국제학부,,33.33,11.11,29.63,25.93,,,,,,,,,9,3,8,7,,,,,,,,ok,outputs/pdfs_full/국제학부__DIS2022__International_Organizations.pdf,,27
H0002256,H0002920,국제학부,DIS2035,The Political Economy of East Asia,2025,1,2006/1 ~ 2024/2,국제학부,8.33,66.67,,25,,,,,,,,,1,8,,3,,,,,,,,,ok,outputs/pdfs_full/국제학부__DIS2035__The_Political_Economy_of_East_Asia.pdf,,12
H0002256,H0002920,국제학부,DIS2036,Energy Security and Geopolitics in Asia,2026,1,2007/1 ~ 2026/2,국제학부,33.33,6.06,36.36,3.03,21.21,,,,,,,,11,2,12,1,7,,,,,,,,ok,outputs/pdfs_full/국제학부__DIS2036__Energy_Security_and_Geopolitics_in_Asia.pdf,,33
H0002256,H0002920,국제학부,DIS2047,World History,2025,2,2010/1 ~ 2023/2,국제학부,7.69,35.9,12.82,17.95,15.38,5.13,2.56,2.56,,,,,3,14,5,7,6,2,1,1,,,,,ok,outputs/pdfs_full/국제학부__DIS2047__World_History.pdf,,39
H0002256,H0002920,국제학부,DIS2051,Comparative Politics,2025,1,2010/1 ~ 2025/2,국제학부,3.57,21.43,28.57,14.29,28.57,3.57,,,,,,,1,6,8,4,8,1,,,,,,,ok,outputs/pdfs_full/국제학부__DIS2051__Comparative_Politics.pdf,,28
H0002256,H0002920,국제학부,DIS2054,Strategic Management,2025,1,2017/1 ~ 2024/2,국제학부,25.81,16.13,41.94,,9.68,6.45,,,,,,,8,5,13,,3,2,,,,,,,ok,outputs/pdfs_full/국제학부__DIS2054__Strategic_Management.pdf,,31
H0002256,H0002920,국제학부,DIS2055,Academic Writing 2,2025,2,2020/2 ~ 2024/2,국제학부,65,18.33,6.67,3.33,1.67,1.67,1.67,1.67,,,,,39,11,4,2,1,1,1,1,,,,,ok,outputs/pdfs_full/국제학부__DIS2055__Academic_Writing_2.pdf,,60
H0002256,H0004739,글로벌한국학전공,DIS2057,국제관계론,2026,1,2023/1 ~ 2027/2,글로벌한국학전공,10.53,21.05,26.32,21.05,21.05,,,,,,,,2,4,5,4,4,,,,,,,,ok,outputs/pdfs_full/글로벌한국학전공__DIS2057__국제관계론.pdf,,19
H0002256,H0004739,글로벌한국학전공,DIS2058,한국어의실제와사용,2026,1,2024/1 ~ 2028/2,글로벌한국학전공,18.18,22.73,18.18,22.73,,9.09,,9.09,,,,,4,5,4,5,,2,,2,,,,,ok,outputs/pdfs_full/글로벌한국학전공__DIS2058__한국어의실제와사용.pdf,,22
H0002256,H0004739,글로벌한국학전공,DIS2060,한국정치,2025,2,2024/1 ~ 2028/2,글로벌한국학전공,25,12.5,37.5,25,,,,,,,,,2,1,3,2,,,,,,,,,ok,outputs/pdfs_full/글로벌한국학전공__DIS2060__한국정치.pdf,,8
H0002256,H0004739,글로벌한국학전공,DIS2061,한국역사콘텐츠,2025,2,2024/1 ~ 2028/2,글로벌한국학전공,50,12.5,25,12.5,,,,,,,,,4,1,2,1,,,,,,,,,ok,outputs/pdfs_full/글로벌한국학전공__DIS2061__한국역사콘텐츠.pdf,,8
H0002256,H0004739,글로벌한국학전공,DIS2062,한국어글쓰기,2025,2,2024/1 ~ 2028/2,글로벌한국학전공,41.18,,29.41,11.76,11.76,,,5.88,,,,,7,,5,2,2,,,1,,,,,ok,outputs/pdfs_full/글로벌한국학전공__DIS2062__한국어글쓰기.pdf,,17
H0002256,H0004739,글로벌한국학전공,DIS2063,K-pop특강,2025,2,2024/1 ~ 2028/2,글로벌한국학전공,44.44,,38.89,,16.67,,,,,,,,8,,7,,3,,,,,,,,ok,outputs/pdfs_full/글로벌한국학전공__DIS2063__K-pop특강.pdf,,18
H0002256,H0004739,글로벌한국학전공,DIS2064,한국과다문화사회,2025,2,2024/1 ~ 2028/2,글로벌한국학전공,15.38,23.08,38.46,15.38,7.69,,,,,,,,2,3,5,2,1,,,,,,,,ok,outputs/pdfs_full/글로벌한국학전공__DIS2064__한국과다문화사회.pdf,,13
H0002256,H0004739,글로벌한국학전공,DIS2065,한국문화콘텐츠와스토리텔링,2025,1,2025/1 ~ 2029/2,글로벌한국학전공,41.67,,58.33,,,,,,,,,,5,,7,,,,,,,,,,ok,outputs/pdfs_full/글로벌한국학전공__DIS2065__한국문화콘텐츠와스토리텔링.pdf,,12
H0002256,H0002920,국제학부,DIS2066,Introduction to Macroeconomics,2025,2,2023/2 ~ 2024/2,국제학부,51.43,11.43,11.43,22.86,,,,,,,2.86,,18,4,4,8,,,,,,,1,,ok,outputs/pdfs_full/국제학부__DIS2066__Introduction_to_Macroeconomics.pdf,,35
H0002256,H0004738,국제학전공,DIS2067,International Trade and Politics,2026,1,2025/1 ~ 2029/2,국제학전공,22.73,20.45,22.73,20.45,6.82,,,6.82,,,,,10,9,10,9,3,,,3,,,,,ok,outputs/pdfs_full/국제학전공__DIS2067__International_Trade_and_Politics.pdf,,44
H0002256,H0004738,국제학전공,DIS2068,International Security,2026,1,2025/1 ~ 2029/2,국제학전공,35.29,,39.22,,21.57,,3.92,,,,,,18,,20,,11,,2,,,,,,ok,outputs/pdfs_full/국제학전공__DIS2068__International_Security.pdf,,51
H0002256,H0005063,국제학부,DIS2070,International Trade and Commerce,2025,2,2025/2 ~ 2029/2,국제학부,39.13,,39.13,,21.74,,,,,,,,9,,9,,5,,,,,,,,ok,outputs/pdfs_full/국제학부__DIS2070__International_Trade_and_Commerce.pdf,,23
H0002256,H0002920,국제학부,DIS3015,International accounting and finance,2025,2,2018/1 ~ 2025/2,국제학부,27.03,10.81,29.73,10.81,21.62,,,,,,,,10,4,11,4,8,,,,,,,,ok,outputs/pdfs_full/국제학부__DIS3015__International_accounting_and_finance.pdf,,37
H0002256,H0002920,국제학부,DIS3022,International Marketing,2025,1,2010/1 ~ 2025/2,국제학부,39.13,,39.13,,21.74,,,,,,,,9,,9,,5,,,,,,,,ok,outputs/pdfs_full/국제학부__DIS3022__International_Marketing.pdf,,23
H0002256,H0002256,서울 대학,DIS3025,The Developments of Modern Diplomacy,2018,2,2009/1 ~ 2018/2,대학(학부/서울),13.33,33.33,53.33,,,,,,,,,,2,5,8,,,,,,,,,,ok,outputs/pdfs_seoul_university/서울_대학__DIS3025__The_Developments_of_Modern_Diplomacy.pdf,,15
H0002256,H0002920,국제학부,DIS3033,Special TopicsII,2025,2,2015/1 ~ 2025/2,국제학부,86.36,13.64,,,,,,,,,,,19,3,,,,,,,,,,,ok,outputs/pdfs_full/국제학부__DIS3033__Special_TopicsII.pdf,,22
H0002256,H0002920,국제학부,DIS3039,Data Analysis Using Python,2025,1,2020/1 ~ 2025/2,국제학부,35,5,30,10,10,5,,5,,,,,14,2,12,4,4,2,,2,,,,,ok,outputs/pdfs_full/국제학부__DIS3039__Data_Analysis_Using_Python.pdf,,40
H0002256,H0002920,국제학부,DIS3040,International Finance and politics,2025,2,2021/2 ~ 2025/2,국제학부,21.43,21.43,19.05,19.05,7.14,11.9,,,,,,,9,9,8,8,3,5,,,,,,,ok,outputs/pdfs_full/국제학부__DIS3040__International_Finance_and_politics.pdf,,42
H0002256,H0004739,글로벌한국학전공,DIS3044,한국기업의글로벌경영,2026,1,2025/1 ~ 2029/2,글로벌한국학전공,30,10,30,,30,,,,,,,,6,2,6,,6,,,,,,,,ok,outputs/pdfs_full/글로벌한국학전공__DIS3044__한국기업의글로벌경영.pdf,,20
H0002256,H0004739,글로벌한국학전공,DIS3045,글로벌한국어Ⅲ,2026,1,2025/1 ~ 2029/2,글로벌한국학전공,33.33,16.67,16.67,33.33,,,,,,,,,2,1,1,2,,,,,,,,,ok,outputs/pdfs_full/글로벌한국학전공__DIS3045__글로벌한국어III.pdf,,6
H0002256,H0004739,글로벌한국학전공,DIS3046,동아시아국제관계와한국,2025,1,2025/1 ~ 2025/2,글로벌한국학전공,38.46,,61.54,,,,,,,,,,5,,8,,,,,,,,,,ok,outputs/pdfs_full/글로벌한국학전공__DIS3046__동아시아국제관계와한국.pdf,,13
H0002256,H0004739,글로벌한국학전공,DIS3047,한국어텍스트읽기,2025,2,2025/1 ~ 2029/2,글로벌한국학전공,16.67,16.67,22.22,16.67,16.67,11.11,,,,,,,3,3,4,3,3,2,,,,,,,ok,outputs/pdfs_full/글로벌한국학전공__DIS3047__한국어텍스트읽기.pdf,,18
H0002256,H0005063,국제학부,DIS3050,Sustainable Development,2025,1,2025/1 ~ 2029/2,국제학부,56.14,17.54,19.3,7.02,,,,,,,,,32,10,11,4,,,,,,,,,ok,outputs/pdfs_full/국제학부__DIS3050__Sustainable_Development.pdf,,57
H0002256,H0005064,글로벌콘텐츠융합학부,DIS3051,"세계속의한국문화,한국속의세계문화",2026,1,2025/1 ~ 2029/2,글로벌콘텐츠융합학부,26.92,11.54,30.77,11.54,19.23,,,,,,,,7,3,8,3,5,,,,,,,,ok,"outputs/pdfs_full/글로벌콘텐츠융합학부__DIS3051__세계속의한국문화,한국속의세계문화.pdf",,26
H0002256,H0005064,글로벌콘텐츠융합학부,DIS3052,글로벌콘텐츠와SDGs,2025,2,2025/1 ~ 2029/2,글로벌콘텐츠융합학부,25,16.67,8.33,33.33,16.67,,,,,,,,3,2,1,4,2,,,,,,,,ok,outputs/pdfs_full/글로벌콘텐츠융합학부__DIS3052__글로벌콘텐츠와SDGs.pdf,,12
H0002256,H0005063,국제학부,DIS3053,Quantitative Business Analysis,2026,1,2026/1 ~ 2029/2,국제학부,76.92,7.69,7.69,7.69,,,,,,,,,20,2,2,2,,,,,,,,,ok,outputs/pdfs_full/국제학부__DIS3053__Quantitative_Business_Analysis.pdf,,26
H0002256,H0005064,글로벌콘텐츠융합학부,DIS3057,세계이주와디아스포라역사속한국,2026,1,2026/1 ~ 2029/2,글로벌콘텐츠융합학부,,21.43,35.71,28.57,7.14,,7.14,,,,,,,3,5,4,1,,1,,,,,,ok,outputs/pdfs_full/글로벌콘텐츠융합학부__DIS3057__세계이주와디아스포라역사속한국.pdf,,14
H0002256,H0002920,국제학부,DIS4008,Financial Management,2026,1,2019/1 ~ 2026/2,국제학부,34.21,7.89,28.95,10.53,18.42,,,,,,,,13,3,11,4,7,,,,,,,,ok,outputs/pdfs_full/국제학부__DIS4008__Financial_Management.pdf,,38
H0002256,H0002920,국제학부,DIS4013,Advanced Data Science for International Studies,2025,2,2020/2 ~ 2026/2,국제학부,75,12.5,6.25,6.25,,,,,,,,,12,2,1,1,,,,,,,,,ok,outputs/pdfs_full/국제학부__DIS4013__Advanced_Data_Science_for_International_Studies.pdf,,16
H0002256,H0002920,국제학부,DIS4014,Foreign Aid and Development,2025,2,2021/2 ~ 2026/2,국제학부,28.57,64.29,7.14,,,,,,,,,,4,9,1,,,,,,,,,,ok,outputs/pdfs_full/국제학부__DIS4014__Foreign_Aid_and_Development.pdf,,14
H0002256,H0002920,국제학부,DIS4015,Climate Change Economics and Policies,2025,2,2023/1 ~ 2026/2,국제학부,45.45,33.33,21.21,,,,,,,,,,15,11,7,,,,,,,,,,ok,outputs/pdfs_full/국제학부__DIS4015__Climate_Change_Economics_and_Policies.pdf,,33
H0002256,H0004739,글로벌한국학전공,DIS4018,엔터테인먼트산업경영,2025,2,2025/1 ~ 2029/2,글로벌한국학전공,16.67,22.22,11.11,22.22,11.11,11.11,,5.56,,,,,3,4,2,4,2,2,,1,,,,,ok,outputs/pdfs_full/글로벌한국학전공__DIS4018__엔터테인먼트산업경영.pdf,,18
H0002256,H0004739,글로벌한국학전공,DIS4020,K-Culture와콘텐츠산업의 이해,2026,1,2026/1 ~ 2030/2,글로벌한국학전공,21.05,5.26,31.58,15.79,26.32,,,,,,,,4,1,6,3,5,,,,,,,,ok,outputs/pdfs_full/글로벌한국학전공__DIS4020__K-Culture와콘텐츠산업의_이해.pdf,,19
H0002256,H0002920,국제학부,DIS4026,Global Security Challenge,2025,2,2023/2 ~ 2026/2,국제학부,61.54,38.46,,,,,,,,,,,16,10,,,,,,,,,,,ok,outputs/pdfs_full/국제학부__DIS4026__Global_Security_Challenge.pdf,,26
H0002256,H0002920,국제학부,DIS4027,ESG Management,2025,2,2023/2 ~ 2026/2,국제학부,50,,40,10,,,,,,,,,5,,4,1,,,,,,,,,ok,outputs/pdfs_full/국제학부__DIS4027__ESG_Management.pdf,,10
H0002256,H0002920,국제학부,DIS4028,War and Peacebuilding,2025,2,2023/2 ~ 2026/2,국제학부,5.26,13.16,28.95,31.58,21.05,,,,,,,,2,5,11,12,8,,,,,,,,ok,outputs/pdfs_full/국제학부__DIS4028__War_and_Peacebuilding.pdf,,38
H0002256,H0002920,국제학부,DIS4029,AI Ethics and Society,2026,1,2024/2 ~ 2026/2,국제학부,16.67,33.33,25,25,,,,,,,,,2,4,3,3,,,,,,,,,ok,outputs/pdfs_full/국제학부__DIS4029__AI_Ethics_and_Society.pdf,,12
H0002256,H0005064,글로벌콘텐츠융합학부,DIS4030,문화외교:정책과실무,2026,1,2025/1 ~ 2030/2,글로벌콘텐츠융합학부,38.46,30.77,23.08,7.69,,,,,,,,,10,8,6,2,,,,,,,,,ok,outputs/pdfs_full/글로벌콘텐츠융합학부__DIS4030__문화외교_정책과실무.pdf,,26
H0002256,H0005064,글로벌콘텐츠융합학부,DIS4031,캡스톤:글로벌문화콘텐츠기획,2026,1,2025/1 ~ 2030/2,글로벌콘텐츠융합학부,42.86,28.57,,28.57,,,,,,,,,3,2,,2,,,,,,,,,ok,outputs/pdfs_full/글로벌콘텐츠융합학부__DIS4031__캡스톤_글로벌문화콘텐츠기획.pdf,,7
H0002256,H0005064,글로벌콘텐츠융합학부,DIS4032,"문화,세계화,소프트파워",2025,2,2025/1 ~ 2029/2,글로벌콘텐츠융합학부,23.08,15.38,30.77,30.77,,,,,,,,,3,2,4,4,,,,,,,,,ok,"outputs/pdfs_full/글로벌콘텐츠융합학부__DIS4032__문화,세계화,소프트파워.pdf",,13
H0002256,H0002521,건축공학부,DME2053,재료역학,2025,2,2006/1 ~ 2028/2,건축공학부(학부/서울),22,6,26,14,22,10,,,,,,,11,3,13,7,11,5,,,,,,,ok,outputs/pdfs_full/건축공학부__DME2053__재료역학.pdf,,50
H0002256,H0004800,미래자동차기술융합전공,DME2055,기계재료학,2025,2,2017/1 ~ 2028/2,미래자동차기술융합전공,18.78,12.71,26.52,13.81,13.26,10.5,4.42,,,,,,34,23,48,25,24,19,8,,,,,,ok,outputs/pdfs_full/미래자동차기술융합전공__DME2055__기계재료학.pdf,,181
H0002256,H0004800,미래자동차기술융합전공,DME2060,선형대수원리및응용,2026,1,2018/1 ~ 2029/2,미래자동차기술융합전공,20.28,18.88,28.67,15.38,8.39,5.59,2.8,,,,,,29,27,41,22,12,8,4,,,,,,ok,outputs/pdfs_full/미래자동차기술융합전공__DME2060__선형대수원리및응용.pdf,,143
H0002256,H0004800,미래자동차기술융합전공,DME2064,수소모빌리티산업의응용과미래,2026,1,2023/1 ~ 2028/2,미래자동차기술융합전공,87.23,10.64,,2.13,,,,,,,,,41,5,,1,,,,,,,,,ok,outputs/pdfs_full/미래자동차기술융합전공__DME2064__수소모빌리티산업의응용과미래.pdf,,47
H0002256,H0002520,전기공학전공,DME3003,시스템해석,2026,1,2011/1 ~ 2029/2,전기공학전공(학부/서울),21.67,6.67,30,10,11.67,10,,,,,10,,13,4,18,6,7,6,,,,,6,,ok,outputs/pdfs_full/전기공학전공__DME3003__시스템해석.pdf,,60
H0002256,H0004800,미래자동차기술융합전공,DME3052,기계요소설계,2026,1,2018/1 ~ 2029/2,미래자동차기술융합전공,17.24,29.31,25.86,18.97,5.17,,,,,,3.45,,10,17,15,11,3,,,,,,2,,ok,outputs/pdfs_full/미래자동차기술융합전공__DME3052__기계요소설계.pdf,,58
H0002256,H0004800,미래자동차기술융합전공,DME4005,시스템설계,2025,1,2019/1 ~ 2030/2,미래자동차기술융합전공,31.03,,41.38,,27.59,,,,,,,,9,,12,,8,,,,,,,,ok,outputs/pdfs_full/미래자동차기술융합전공__DME4005__시스템설계.pdf,,29
H0002256,H0005012,데이터융합서비스디자인융합전공,DSD2001,인간-AI상호작용디자인,2024,1,2017/1 ~ 2028/2,데이터융합서비스디자인융합전공,100,,,,,,,,,,,,7,,,,,,,,,,,,ok,outputs/pdfs_full/데이터융합서비스디자인융합전공__DSD2001__인간-AI상호작용디자인.pdf,,7
H0002256,H0005012,데이터융합서비스디자인융합전공,DSD3001,데이터프라이버시디자인,2026,1,2018/1 ~ 2029/2,데이터융합서비스디자인융합전공,87.5,12.5,,,,,,,,,,,7,1,,,,,,,,,,,ok,outputs/pdfs_full/데이터융합서비스디자인융합전공__DSD3001__데이터프라이버시디자인.pdf,,8
H0002256,H0005012,데이터융합서비스디자인융합전공,DSD3003,AI디자인프로토타이핑,2024,2,2024/2 ~ 2029/2,데이터융합서비스디자인융합전공,100,,,,,,,,,,,,6,,,,,,,,,,,,ok,outputs/pdfs_full/데이터융합서비스디자인융합전공__DSD3003__AI디자인프로토타이핑.pdf,,6
H0002256,H0005012,데이터융합서비스디자인융합전공,DSD4002,디지털정책트렌드,2025,2,2024/2 ~ 2030/2,데이터융합서비스디자인융합전공,100,,,,,,,,,,,,11,,,,,,,,,,,,ok,outputs/pdfs_full/데이터융합서비스디자인융합전공__DSD4002__디지털정책트렌드.pdf,,11
H0002256,H0003588,스포츠산업학과,DSI1001,휘트니스I,2014,1,2013/1 ~ 2014/2,스포츠산업학과,24.32,5.41,40.54,,29.73,,,,,,,,9,2,15,,11,,,,,,,,ok,outputs/pdfs_full/스포츠산업학과__DSI1001__휘트니스I.pdf,,37
H0002256,H0003588,스포츠산업학과,DSI1002,휘트니스II,2014,2,2013/1 ~ 2014/2,스포츠산업학과,14.71,14.71,11.76,29.41,29.41,,,,,,,,5,5,4,10,10,,,,,,,,ok,outputs/pdfs_full/스포츠산업학과__DSI1002__휘트니스II.pdf,,34
H0002256,H0003588,스포츠산업학과,DSI1006,스포츠와문화,2026,1,2013/1 ~ 2022/1,스포츠산업학과,23.53,15.69,33.33,3.92,17.65,,,,,5.88,,,12,8,17,2,9,,,,,3,,,ok,outputs/pdfs_full/스포츠산업학과__DSI1006__스포츠와문화.pdf,,51
H0002256,H0003588,스포츠산업학과,DSI1008,현대사회여가와스포츠,2015,1,2013/1 ~ 2015/2,스포츠산업학과,20,10,30,10,20,10,,,,,,,6,3,9,3,6,3,,,,,,,ok,outputs/pdfs_full/스포츠산업학과__DSI1008__현대사회여가와스포츠.pdf,,30
H0002256,H0003588,스포츠산업학과,DSI1009,관람스포츠산업의세계,2014,1,2013/1 ~ 2014/2,스포츠산업학과,18.42,13.16,34.21,,21.05,,13.16,,,,,,7,5,13,,8,,5,,,,,,ok,outputs/pdfs_full/스포츠산업학과__DSI1009__관람스포츠산업의세계.pdf,,38
H0002256,H0003588,스포츠산업학과,DSI1010,스포츠생산및소비의세계,2014,2,2013/1 ~ 2014/2,스포츠산업학과,26.32,2.63,42.11,,10.53,15.79,2.63,,,,,,10,1,16,,4,6,1,,,,,,ok,outputs/pdfs_full/스포츠산업학과__DSI1010__스포츠생산및소비의세계.pdf,,38
H0002256,H0003588,스포츠산업학과,DSI1011,참여스포츠산업의세계,2014,1,2013/1 ~ 2014/2,스포츠산업학과,31.43,,40,,28.57,,,,,,,,11,,14,,10,,,,,,,,ok,outputs/pdfs_full/스포츠산업학과__DSI1011__참여스포츠산업의세계.pdf,,35
H0002256,H0003588,스포츠산업학과,DSI1012,스포츠디머스개론,2019,2,2016/1 ~ 2019/2,스포츠산업학과,41.67,,41.67,,16.67,,,,,,,,20,,20,,8,,,,,,,,ok,outputs/pdfs_full/스포츠산업학과__DSI1012__스포츠디머스개론.pdf,,48
H0002256,H0003588,스포츠산업학과,DSI1013,스포츠와4차산업,2021,2,2020/1 ~ 2022/2,스포츠산업학과,13.64,27.27,29.55,27.27,2.27,,,,,,,,6,12,13,12,1,,,,,,,,ok,outputs/pdfs_full/스포츠산업학과__DSI1013__스포츠와4차산업.pdf,,44
H0002256,H0003588,스포츠산업학과,DSI2001,레저기초실기1(하계스포츠),2013,1,2013/1 ~ 2014/2,스포츠산업학과,12.5,43.75,37.5,,6.25,,,,,,,,2,7,6,,1,,,,,,,,ok,outputs/pdfs_full/스포츠산업학과__DSI2001__레저기초실기1(하계스포츠).pdf,,16
H0002256,H0003588,스포츠산업학과,DSI2002,레저기초실기2(스키),2014,2,2013/1 ~ 2014/2,스포츠산업학과,61.54,23.08,,,15.38,,,,,,,,16,6,,,4,,,,,,,,ok,outputs/pdfs_full/스포츠산업학과__DSI2002__레저기초실기2(스키).pdf,,26
H0002256,H0003588,스포츠산업학과,DSI2003,스포츠전공실기1,2025,1,2013/1 ~ 2025/2,스포츠산업학과,37.93,31.03,13.79,17.24,,,,,,,,,11,9,4,5,,,,,,,,,ok,outputs/pdfs_full/스포츠산업학과__DSI2003__스포츠전공실기1.pdf,,29
H0002256,H0003588,스포츠산업학과,DSI2004,스포츠전공실기2,2020,2,2013/1 ~ 2023/2,스포츠산업학과,40,36.67,20,,3.33,,,,,,,,12,11,6,,1,,,,,,,,ok,outputs/pdfs_full/스포츠산업학과__DSI2004__스포츠전공실기2.pdf,,30
H0002256,H0003588,스포츠산업학과,DSI2005,스포츠심화실기1,2014,1,2013/1 ~ 2014/2,스포츠산업학과,61.54,15.38,7.69,,15.38,,,,,,,,16,4,2,,4,,,,,,,,ok,outputs/pdfs_full/스포츠산업학과__DSI2005__스포츠심화실기1.pdf,,26
H0002256,H0003588,스포츠산업학과,DSI2007,스포츠경영원론,2026,1,2013/1 ~ 2022/1,스포츠산업학과,69.49,11.86,1.69,13.56,,1.69,,1.69,,,,,41,7,1,8,,1,,1,,,,,ok,outputs/pdfs_full/스포츠산업학과__DSI2007__스포츠경영원론.pdf,,59
H0002256,H0003588,스포츠산업학과,DSI2008,스포츠마케팅원론,2026,1,2013/1 ~ 2022/1,스포츠산업학과,26.09,8.7,21.74,14.49,13.04,14.49,1.45,,,,,,18,6,15,10,9,10,1,,,,,,ok,outputs/pdfs_full/스포츠산업학과__DSI2008__스포츠마케팅원론.pdf,,69
H0002256,H0003588,스포츠산업학과,DSI2009,스포츠산업개론,2019,1,2013/1 ~ 2019/2,스포츠산업학과,36.36,,23.64,9.09,9.09,7.27,,,,14.55,,,20,,13,5,5,4,,,,8,,,ok,outputs/pdfs_full/스포츠산업학과__DSI2009__스포츠산업개론.pdf,,55
H0002256,H0003588,스포츠산업학과,DSI2010,스포츠지도실기1,2013,1,2013/1 ~ 2014/2,스포츠산업학과,12.5,56.25,18.75,12.5,,,,,,,,,2,9,3,2,,,,,,,,,ok,outputs/pdfs_full/스포츠산업학과__DSI2010__스포츠지도실기1.pdf,,16
H0002256,H0003588,스포츠산업학과,DSI2011,스포츠지도실기2,2013,2,2013/1 ~ 2014/2,스포츠산업학과,100,,,,,,,,,,,,27,,,,,,,,,,,,ok,outputs/pdfs_full/스포츠산업학과__DSI2011__스포츠지도실기2.pdf,,27
H0002256,H0003588,스포츠산업학과,DSI2012,스포츠비즈니스기본영어1,2021,1,2013/1 ~ 2021/1,스포츠산업학과,36.84,5.26,34.21,5.26,7.89,10.53,,,,,,,14,2,13,2,3,4,,,,,,,ok,outputs/pdfs_full/스포츠산업학과__DSI2012__스포츠비즈니스기본영어1.pdf,,38
H0002256,H0003588,스포츠산업학과,DSI2013,스포츠비즈니스기본영어2,2016,2,2013/1 ~ 2016/2,스포츠산업학과,55.56,22.22,3.7,7.41,11.11,,,,,,,,15,6,1,2,3,,,,,,,,ok,outputs/pdfs_full/스포츠산업학과__DSI2013__스포츠비즈니스기본영어2.pdf,,27
H0002256,H0003588,스포츠산업학과,DSI2014,스포츠시설론,2016,1,2013/1 ~ 2016/2,스포츠산업학과,24,20,24,20,12,,,,,,,,6,5,6,5,3,,,,,,,,ok,outputs/pdfs_full/스포츠산업학과__DSI2014__스포츠시설론.pdf,,25
H0002256,H0003588,스포츠산업학과,DSI2015,스포츠와미디어,2026,1,2013/1 ~ 2022/1,스포츠산업학과,23.68,17.11,18.42,21.05,11.84,6.58,,1.32,,,,,18,13,14,16,9,5,,1,,,,,ok,outputs/pdfs_full/스포츠산업학과__DSI2015__스포츠와미디어.pdf,,76
H0002256,H0003588,스포츠산업학과,DSI2016,스포츠산업조직관리,2014,2,2013/1 ~ 2014/2,스포츠산업학과,33.33,16.67,16.67,,8.33,25,,,,,,,4,2,2,,1,3,,,,,,,ok,outputs/pdfs_full/스포츠산업학과__DSI2016__스포츠산업조직관리.pdf,,12
H0002256,H0003588,스포츠산업학과,DSI2017,스포츠PR론,2024,1,2013/1 ~ 2022/1,스포츠산업학과,22.58,16.13,25.81,12.9,12.9,9.68,,,,,,,7,5,8,4,4,3,,,,,,,ok,outputs/pdfs_full/스포츠산업학과__DSI2017__스포츠PR론.pdf,,31
H0002256,H0003588,스포츠산업학과,DSI2018,스포츠시장트렌드분석,2026,1,2015/1 ~ 2025/2,스포츠산업학과,52.73,16.36,10.91,3.64,9.09,5.45,1.82,,,,,,29,9,6,2,5,3,1,,,,,,ok,outputs/pdfs_full/스포츠산업학과__DSI2018__스포츠시장트렌드분석.pdf,,55
H0002256,H0003588,스포츠산업학과,DSI2019,스포츠와산업디자인,2020,1,2015/1 ~ 2020/2,스포츠산업학과,22.22,19.44,50,8.33,,,,,,,,,8,7,18,3,,,,,,,,,ok,outputs/pdfs_full/스포츠산업학과__DSI2019__스포츠와산업디자인.pdf,,36
H0002256,H0003588,스포츠산업학과,DSI2020,스포츠세일즈전략,2024,2,2015/1 ~ 2022/2,스포츠산업학과,22.45,12.24,18.37,14.29,18.37,12.24,2.04,,,,,,11,6,9,7,9,6,1,,,,,,ok,outputs/pdfs_full/스포츠산업학과__DSI2020__스포츠세일즈전략.pdf,,49
H0002256,H0003588,스포츠산업학과,DSI2021,스포츠상품기획,2025,2,2015/1 ~ 2024/2,스포츠산업학과,47.37,34.21,10.53,5.26,2.63,,,,,,,,18,13,4,2,1,,,,,,,,ok,outputs/pdfs_full/스포츠산업학과__DSI2021__스포츠상품기획.pdf,,38
H0002256,H0003588,스포츠산업학과,DSI2022,리테일마케팅,2020,1,2017/1 ~ 2020/2,스포츠산업학과,38.71,,41.94,,6.45,,,,,12.9,,,12,,13,,2,,,,,4,,,ok,outputs/pdfs_full/스포츠산업학과__DSI2022__리테일마케팅.pdf,,31
H0002256,H0003588,스포츠산업학과,DSI2023,스포츠미디어디자인,2020,2,2017/1 ~ 2020/2,스포츠산업학과,20,24,44,12,,,,,,,,,5,6,11,3,,,,,,,,,ok,outputs/pdfs_full/스포츠산업학과__DSI2023__스포츠미디어디자인.pdf,,25
H0002256,H0003588,스포츠산업학과,DSI2024,스포츠광고실습,2026,1,2019/2 ~ 2023/2,스포츠산업학과,29.79,42.55,6.38,17.02,,,,,,,4.26,,14,20,3,8,,,,,,,2,,ok,outputs/pdfs_full/스포츠산업학과__DSI2024__스포츠광고실습.pdf,,47
H0002256,H0003588,스포츠산업학과,DSI2025,e스포츠론,2025,2,2020/1 ~ 2022/1,스포츠산업학과,42.5,22.5,7.5,12.5,12.5,2.5,,,,,,,17,9,3,5,5,1,,,,,,,ok,outputs/pdfs_full/스포츠산업학과__DSI2025__e스포츠론.pdf,,40
H0002256,H0003588,스포츠산업학과,DSI3001,레저기초실기3(하계스포츠),2013,1,2013/1 ~ 2014/2,스포츠산업학과,36.84,31.58,26.32,,5.26,,,,,,,,7,6,5,,1,,,,,,,,ok,outputs/pdfs_full/스포츠산업학과__DSI3001__레저기초실기3(하계스포츠).pdf,,19
H0002256,H0003588,스포츠산업학과,DSI3002,레저기초실기4(스키),2014,2,2013/1 ~ 2014/2,스포츠산업학과,46.67,26.67,,,26.67,,,,,,,,7,4,,,4,,,,,,,,ok,outputs/pdfs_full/스포츠산업학과__DSI3002__레저기초실기4(스키).pdf,,15
H0002256,H0003588,스포츠산업학과,DSI3007,스포츠와법,2025,1,2013/1 ~ 2025/2,스포츠산업학과,40.74,,29.63,1.85,24.07,3.7,,,,,,,22,,16,1,13,2,,,,,,,ok,outputs/pdfs_full/스포츠산업학과__DSI3007__스포츠와법.pdf,,54
H0002256,H0003588,스포츠산업학과,DSI3008,스포츠빅데이터분석,2026,1,2013/1 ~ 2026/2,스포츠산업학과,51.61,6.45,3.23,16.13,3.23,6.45,6.45,3.23,,,3.23,,16,2,1,5,1,2,2,1,,,1,,ok,outputs/pdfs_full/스포츠산업학과__DSI3008__스포츠빅데이터분석.pdf,,31
H0002256,H0003588,스포츠산업학과,DSI3009,스포츠산업정보론,2017,1,2013/1 ~ 2017/2,스포츠산업학과,23.81,14.29,38.1,4.76,,14.29,,4.76,,,,,5,3,8,1,,3,,1,,,,,ok,outputs/pdfs_full/스포츠산업학과__DSI3009__스포츠산업정보론.pdf,,21
H0002256,H0003588,스포츠산업학과,DSI3011,스포츠마케팅조사방법론,2026,1,2013/1 ~ 2025/2,스포츠산업학과,50.88,36.84,7.02,,1.75,,,,,3.51,,,29,21,4,,1,,,,,2,,,ok,outputs/pdfs_full/스포츠산업학과__DSI3011__스포츠마케팅조사방법론.pdf,,57
H0002256,H0003588,스포츠산업학과,DSI3012,스포츠경제학,2023,2,2013/1 ~ 2022/1,스포츠산업학과,25,14.29,21.43,16.07,12.5,10.71,,,,,,,14,8,12,9,7,6,,,,,,,ok,outputs/pdfs_full/스포츠산업학과__DSI3012__스포츠경제학.pdf,,56
H0002256,H0003588,스포츠산업학과,DSI3013,스포츠재무론,2024,2,2013/1 ~ 2023/2,스포츠산업학과,31.58,10.53,21.05,15.79,10.53,,,10.53,,,,,6,2,4,3,2,,,2,,,,,ok,outputs/pdfs_full/스포츠산업학과__DSI3013__스포츠재무론.pdf,,19
H0002256,H0003588,스포츠산업학과,DSI3014,스포츠산업사,2015,2,2013/1 ~ 2015/2,스포츠산업학과,30.56,,36.11,8.33,13.89,2.78,5.56,2.78,,,,,11,,13,3,5,1,2,1,,,,,ok,outputs/pdfs_full/스포츠산업학과__DSI3014__스포츠산업사.pdf,,36
H0002256,H0003588,스포츠산업학과,DSI3017,스포츠비즈니스실무영어1,2017,1,2013/1 ~ 2017/2,스포츠산업학과,61.54,19.23,7.69,,7.69,3.85,,,,,,,16,5,2,,2,1,,,,,,,ok,outputs/pdfs_full/스포츠산업학과__DSI3017__스포츠비즈니스실무영어1.pdf,,26
H0002256,H0003588,스포츠산업학과,DSI3018,스포츠비즈니스실무영어2,2017,2,2013/1 ~ 2017/2,스포츠산업학과,10.53,73.68,15.79,,,,,,,,,,2,14,3,,,,,,,,,,ok,outputs/pdfs_full/스포츠산업학과__DSI3018__스포츠비즈니스실무영어2.pdf,,19
H0002256,H0003588,스포츠산업학과,DSI3019,스포츠이벤트기획론,2014,1,2013/1 ~ 2017/2,스포츠산업학과,35.29,11.76,35.29,5.88,8.82,,,,,2.94,,,12,4,12,2,3,,,,,1,,,ok,outputs/pdfs_full/스포츠산업학과__DSI3019__스포츠이벤트기획론.pdf,,34
H0002256,H0003588,스포츠산업학과,DSI3020,스포츠소비자행동론,2025,2,2013/1 ~ 2023/2,스포츠산업학과,25.45,10.91,5.45,10.91,,7.27,,40,,,,,14,6,3,6,,4,,22,,,,,ok,outputs/pdfs_full/스포츠산업학과__DSI3020__스포츠소비자행동론.pdf,,55
H0002256,H0003588,스포츠산업학과,DSI3021,스포츠전공실기3,2021,1,2013/1 ~ 2021/2,스포츠산업학과,52.38,28.57,14.29,4.76,,,,,,,,,11,6,3,1,,,,,,,,,ok,outputs/pdfs_full/스포츠산업학과__DSI3021__스포츠전공실기3.pdf,,21
H0002256,H0003588,스포츠산업학과,DSI3022,스포츠와베팅,2017,2,2013/1 ~ 2024/2,스포츠산업학과,24.32,16.22,24.32,16.22,13.51,5.41,,,,,,,9,6,9,6,5,2,,,,,,,ok,outputs/pdfs_full/스포츠산업학과__DSI3022__스포츠와베팅.pdf,,37
H0002256,H0003588,스포츠산업학과,DSI3023,스포츠전공실기4,2021,2,2013/1 ~ 2021/2,스포츠산업학과,58.82,35.29,5.88,,,,,,,,,,10,6,1,,,,,,,,,,ok,outputs/pdfs_full/스포츠산업학과__DSI3023__스포츠전공실기4.pdf,,17
H0002256,H0003588,스포츠산업학과,DSI3024,스포츠글로벌라이제이션,2026,1,2013/1 ~ 2026/2,스포츠산업학과,39.39,33.33,21.21,,6.06,,,,,,,,13,11,7,,2,,,,,,,,ok,outputs/pdfs_full/스포츠산업학과__DSI3024__스포츠글로벌라이제이션.pdf,,33
H0002256,H0003588,스포츠산업학과,DSI3026,중계권과스폰서십세일즈,2021,1,2018/1 ~ 2021/2,스포츠산업학과,40.48,,38.1,11.9,9.52,,,,,,,,17,,16,5,4,,,,,,,,ok,outputs/pdfs_full/스포츠산업학과__DSI3026__중계권과스폰서십세일즈.pdf,,42
H0002256,H0003588,스포츠산업학과,DSI3027,축구문화산업론,2025,2,2018/1 ~ 2023/2,스포츠산업학과,41.67,29.17,6.25,6.25,14.58,2.08,,,,,,,20,14,3,3,7,1,,,,,,,ok,outputs/pdfs_full/스포츠산업학과__DSI3027__축구문화산업론.pdf,,48
H0002256,H0003588,스포츠산업학과,DSI3028,스포츠방송산업론,2021,2,2018/1 ~ 2023/2,스포츠산업학과,41.38,,34.48,10.34,13.79,,,,,,,,12,,10,3,4,,,,,,,,ok,outputs/pdfs_full/스포츠산업학과__DSI3028__스포츠방송산업론.pdf,,29
H0002256,H0003588,스포츠산업학과,DSI3029,국제스포츠비즈니스전략,2025,2,2018/1 ~ 2022/2,스포츠산업학과,58.49,15.09,5.66,7.55,3.77,1.89,5.66,1.89,,,,,31,8,3,4,2,1,3,1,,,,,ok,outputs/pdfs_full/스포츠산업학과__DSI3029__국제스포츠비즈니스전략.pdf,,53
H0002256,H0003588,스포츠산업학과,DSI3030,스포츠공공정책론,2025,2,2018/1 ~ 2022/2,스포츠산업학과,39.44,40.85,8.45,4.23,7.04,,,,,,,,28,29,6,3,5,,,,,,,,ok,outputs/pdfs_full/스포츠산업학과__DSI3030__스포츠공공정책론.pdf,,71
H0002256,H0003588,스포츠산업학과,DSI3031,e스포츠비즈니스,2026,1,2022/1 ~ 2025/2,스포츠산업학과,26.09,39.13,21.74,4.35,,,8.7,,,,,,6,9,5,1,,,2,,,,,,ok,outputs/pdfs_full/스포츠산업학과__DSI3031__e스포츠비즈니스.pdf,,23
H0002256,H0003588,스포츠산업학과,DSI4005,스포츠산업현장실습1,2026,1,2013/1 ~ 2026/2,스포츠산업학과,75,12.5,12.5,,,,,,,,,,6,1,1,,,,,,,,,,ok,outputs/pdfs_full/스포츠산업학과__DSI4005__스포츠산업현장실습1.pdf,,8
H0002256,H0003588,스포츠산업학과,DSI4006,스포츠산업현장실습2,2025,2,2013/1 ~ 2024/2,스포츠산업학과,76.92,15.38,,,7.69,,,,,,,,10,2,,,1,,,,,,,,ok,outputs/pdfs_full/스포츠산업학과__DSI4006__스포츠산업현장실습2.pdf,,13
H0002256,H0003588,스포츠산업학과,DSI4009,스포츠산업컨설팅,2018,1,2013/1 ~ 2018/2,스포츠산업학과,22.22,22.22,27.78,11.11,,11.11,5.56,,,,,,4,4,5,2,,2,1,,,,,,ok,outputs/pdfs_full/스포츠산업학과__DSI4009__스포츠산업컨설팅.pdf,,18
H0002256,H0003588,스포츠산업학과,DSI4010,프로스포츠산업연구,2026,1,2013/1 ~ 2026/2,스포츠산업학과,62.07,10.34,13.79,3.45,3.45,6.9,,,,,,,18,3,4,1,1,2,,,,,,,ok,outputs/pdfs_full/스포츠산업학과__DSI4010__프로스포츠산업연구.pdf,,29
H0002256,H0003588,스포츠산업학과,DSI4011,스포츠디머스실무,2017,1,2013/1 ~ 2022/2,스포츠산업학과,39.13,,39.13,,21.74,,,,,,,,9,,9,,5,,,,,,,,ok,outputs/pdfs_full/스포츠산업학과__DSI4011__스포츠디머스실무.pdf,,23
H0002256,H0003588,스포츠산업학과,DSI4012,스포츠산업특강,2026,1,2013/1 ~ 2022/1,스포츠산업학과,22.64,35.85,24.53,11.32,3.77,,,,,,1.89,,12,19,13,6,2,,,,,,1,,ok,outputs/pdfs_full/스포츠산업학과__DSI4012__스포츠산업특강.pdf,,53
H0002256,H0003588,스포츠산업학과,DSI4018,스포츠관광,2022,2,2013/1 ~ 2022/2,스포츠산업학과,20,20,24.44,2.22,13.33,13.33,6.67,,,,,,9,9,11,1,6,6,3,,,,,,ok,outputs/pdfs_full/스포츠산업학과__DSI4018__스포츠관광.pdf,,45
H0002256,H0003588,스포츠산업학과,DSI4022,스포츠와국제관계,2018,1,2013/1 ~ 2025/2,스포츠산업학과,28.57,42.86,,14.29,,14.29,,,,,,,2,3,,1,,1,,,,,,,ok,outputs/pdfs_full/스포츠산업학과__DSI4022__스포츠와국제관계.pdf,,7
H0002256,H0003588,스포츠산업학과,DSI4023,휘트니스산업연구,2018,1,2013/1 ~ 2018/2,스포츠산업학과,24.24,18.18,36.36,3.03,15.15,3.03,,,,,,,8,6,12,1,5,1,,,,,,,ok,outputs/pdfs_full/스포츠산업학과__DSI4023__휘트니스산업연구.pdf,,33
H0002256,H0003588,스포츠산업학과,DSI4024,스포츠와사회문제,2018,1,2016/1 ~ 2018/2,스포츠산업학과,18.75,21.88,15.63,15.63,15.63,12.5,,,,,,,6,7,5,5,5,4,,,,,,,ok,outputs/pdfs_full/스포츠산업학과__DSI4024__스포츠와사회문제.pdf,,32
H0002256,H0003588,스포츠산업학과,DSI4025,스포츠산업신규사업개발,2018,2,2016/1 ~ 2018/2,스포츠산업학과,23.08,23.08,38.46,,15.38,,,,,,,,3,3,5,,2,,,,,,,,ok,outputs/pdfs_full/스포츠산업학과__DSI4025__스포츠산업신규사업개발.pdf,,13
H0002256,H0003588,스포츠산업학과,DSI4026,스포츠실무프로젝트,2022,1,2019/1 ~ 2022/2,스포츠산업학과,60.87,30.43,8.7,,,,,,,,,,14,7,2,,,,,,,,,,ok,outputs/pdfs_full/스포츠산업학과__DSI4026__스포츠실무프로젝트.pdf,,23
H0002256,H0003588,스포츠산업학과,DSI4029,스포츠실무인턴십,2022,2,2019/1 ~ 2022/2,스포츠산업학과,25.93,14.81,37.04,22.22,,,,,,,,,7,4,10,6,,,,,,,,,ok,outputs/pdfs_full/스포츠산업학과__DSI4029__스포츠실무인턴십.pdf,,27
H0002256,H0003588,스포츠산업학과,DSI4031,스포츠세일즈실습,2022,1,2019/1 ~ 2022/2,스포츠산업학과,28,16,32,,4,4,,16,,,,,7,4,8,,1,1,,4,,,,,ok,outputs/pdfs_full/스포츠산업학과__DSI4031__스포츠세일즈실습.pdf,,25
H0002256,H0003588,스포츠산업학과,DSI4032,스포츠에이전트실무,2025,2,2019/1 ~ 2023/2,스포츠산업학과,48.94,17.02,10.64,6.38,4.26,12.77,,,,,,,23,8,5,3,2,6,,,,,,,ok,outputs/pdfs_full/스포츠산업학과__DSI4032__스포츠에이전트실무.pdf,,47
H0002256,H0003588,스포츠산업학과,DSI4033,스포츠시설경영론,2026,1,2019/1 ~ 2022/2,스포츠산업학과,37.88,21.21,12.12,6.06,12.12,3.03,1.52,1.52,,4.55,,,25,14,8,4,8,2,1,1,,3,,,ok,outputs/pdfs_full/스포츠산업학과__DSI4033__스포츠시설경영론.pdf,,66
H0002256,H0003588,스포츠산업학과,DSI4034,스포츠이벤트경영론,2022,2,2019/1 ~ 2022/2,스포츠산업학과,17.39,21.74,52.17,,8.7,,,,,,,,4,5,12,,2,,,,,,,,ok,outputs/pdfs_full/스포츠산업학과__DSI4034__스포츠이벤트경영론.pdf,,23
H0002256,H0005010,디지털혁신전략융합전공,DST2001,디지털기술과전략,2024,1,2017/1 ~ 2028/2,디지털혁신전략융합전공,50,50,,,,,,,,,,,2,2,,,,,,,,,,,ok,outputs/pdfs_full/디지털혁신전략융합전공__DST2001__디지털기술과전략.pdf,,4
H0002256,H0005010,디지털혁신전략융합전공,DST2002,데이터애널리틱스입문,2024,1,2017/1 ~ 2028/2,디지털혁신전략융합전공,50,25,,25,,,,,,,,,2,1,,1,,,,,,,,,ok,outputs/pdfs_full/디지털혁신전략융합전공__DST2002__데이터애널리틱스입문.pdf,,4
H0002256,H0005010,디지털혁신전략융합전공,DST3003,비즈니스프로세스애널리틱스,2025,1,2025/1 ~ 2029/2,디지털혁신전략융합전공,100,,,,,,,,,,,,3,,,,,,,,,,,,ok,outputs/pdfs_full/디지털혁신전략융합전공__DST3003__비즈니스프로세스애널리틱스.pdf,,3
H0002256,H0005012,데이터융합서비스디자인융합전공,DST4001,디지털혁신경영,2024,2,2024/2 ~ 2030/2,데이터융합서비스디자인융합전공,50,50,,,,,,,,,,,3,3,,,,,,,,,,,ok,outputs/pdfs_full/데이터융합서비스디자인융합전공__DST4001__디지털혁신경영.pdf,,6
H0002256,H0002574,전기·생체공학부,EBE1001,전기-생체공학입문,2015,2,2009/1 ~ 2015/2,전기·생체공학부(학부/서울),9.38,18.75,20.31,25,14.06,1.56,10.94,,,,,,6,12,13,16,9,1,7,,,,,,ok,outputs/pdfs_full/전기·생체공학부__EBE1001__전기-생체공학입문.pdf,,64
H0002256,H0002575,융합전자공학부,ECC1004,회로이론1,2026,1,2011/1 ~ 2025/2,융합전자공학부,28.21,17.95,20.51,7.69,10.26,10.26,5.13,,,,,,11,7,8,3,4,4,2,,,,,,ok,outputs/pdfs_full/융합전자공학부__ECC1004__회로이론1.pdf,,39
H0002256,H0002575,융합전자공학부,ECC1006,회로이론2,2025,2,2011/1 ~ 2025/2,융합전자공학부,20.44,11.05,32.04,7.73,27.07,1.1,,,,,0.55,,37,20,58,14,49,2,,,,,1,,ok,outputs/pdfs_full/융합전자공학부__ECC1006__회로이론2.pdf,,181
H0002256,H0002520,전기공학전공,ECC1010,전자회로1,2016,2,2010/1 ~ 2016/2,전기공학전공(학부/서울),11.54,15.38,19.23,15.38,23.08,7.69,,,,7.69,,,3,4,5,4,6,2,,,,2,,,ok,outputs/pdfs_full/전기공학전공__ECC1010__전자회로1.pdf,,26
H0002256,H0002520,전기공학전공,ECC3003,전력공학,2026,1,2011/1 ~ 2029/2,전기공학전공(학부/서울),24.19,17.74,27.42,14.52,16.13,,,,,,,,15,11,17,9,10,,,,,,,,ok,outputs/pdfs_full/전기공학전공__ECC3003__전력공학.pdf,,62
H0002256,H0002575,융합전자공학부,ECE3004,응용전자기학및실험,2025,2,2013/1 ~ 2029/2,융합전자공학부,28.57,64.29,7.14,,,,,,,,,,4,9,1,,,,,,,,,,ok,outputs/pdfs_full/융합전자공학부__ECE3004__응용전자기학및실험.pdf,,14
H0002256,H0002575,융합전자공학부,ECE3008,신호와시스템,2026,1,2011/1 ~ 2028/2,융합전자공학부,21.28,8.51,19.15,19.15,10.64,10.64,6.38,2.13,,,2.13,,10,4,9,9,5,5,3,1,,,1,,ok,outputs/pdfs_full/융합전자공학부__ECE3008__신호와시스템.pdf,,47
H0002256,H0002575,융합전자공학부,ECE4014,정보이론입문,2026,1,2013/1 ~ 2030/2,융합전자공학부,12.82,17.95,23.08,15.38,25.64,2.56,2.56,,,,,,5,7,9,6,10,1,1,,,,,,ok,outputs/pdfs_full/융합전자공학부__ECE4014__정보이론입문.pdf,,39
H0002256,H0002575,융합전자공학부,ECE4024,광전자공학,2025,2,2012/1 ~ 2029/2,융합전자공학부,36.84,21.05,26.32,15.79,,,,,,,,,7,4,5,3,,,,,,,,,ok,outputs/pdfs_full/융합전자공학부__ECE4024__광전자공학.pdf,,19
H0002256,H0002575,융합전자공학부,ECE4058,디지털통신,2026,1,2013/1 ~ 2030/2,융합전자공학부,29.41,11.76,11.76,17.65,11.76,5.88,5.88,5.88,,,,,5,2,2,3,2,1,1,1,,,,,ok,outputs/pdfs_full/융합전자공학부__ECE4058__디지털통신.pdf,,17
H0002256,H0002520,전기공학전공,ECL1001,디지털로직,2025,2,2024/1 ~ 2025/2,전기공학전공(학부/서울),6.06,45.45,12.12,15.15,15.15,3.03,,3.03,,,,,2,15,4,5,5,1,,1,,,,,ok,outputs/pdfs_full/전기공학전공__ECL1001__디지털로직.pdf,,33
H0002256,H0002520,전기공학전공,ECL3001,전기제어실험1,2013,1,2011/1 ~ 2017/2,전기공학전공(학부/서울),44.44,55.56,,,,,,,,,,,4,5,,,,,,,,,,,ok,outputs/pdfs_full/전기공학전공__ECL3001__전기제어실험1.pdf,,9
H0002256,H0002520,전기공학전공,ECL3002,전기제어실험2,2011,2,2011/1 ~ 2017/2,전기공학전공(학부/서울),46.15,30.77,15.38,7.69,,,,,,,,,6,4,2,1,,,,,,,,,ok,outputs/pdfs_full/전기공학전공__ECL3002__전기제어실험2.pdf,,13
H0002256,H0004800,미래자동차기술융합전공,ECL3003,임베디드시스템,2025,1,2019/1 ~ 2030/2,미래자동차기술융합전공,36,16,24,20,4,,,,,,,,9,4,6,5,1,,,,,,,,ok,outputs/pdfs_full/미래자동차기술융합전공__ECL3003__임베디드시스템.pdf,,25
H0002256,H0002520,전기공학전공,ECL3005,임베디드제어시스템,2016,2,2011/1 ~ 2016/2,전기공학전공(학부/서울),22.73,4.55,36.36,9.09,22.73,4.55,,,,,,,5,1,8,2,5,1,,,,,,,ok,outputs/pdfs_full/전기공학전공__ECL3005__임베디드제어시스템.pdf,,22
H0002256,H0002520,전기공학전공,ECL3006,플라즈마공학1,2016,1,2011/1 ~ 2017/2,전기공학전공(학부/서울),13.89,33.33,25,27.78,,,,,,,,,5,12,9,10,,,,,,,,,ok,outputs/pdfs_full/전기공학전공__ECL3006__플라즈마공학1.pdf,,36
H0002256,H0002520,전기공학전공,ECL3007,플라즈마공학2,2014,2,2011/1 ~ 2017/2,전기공학전공(학부/서울),44.44,11.11,33.33,11.11,,,,,,,,,4,1,3,1,,,,,,,,,ok,outputs/pdfs_full/전기공학전공__ECL3007__플라즈마공학2.pdf,,9
H0002256,H0002520,전기공학전공,ECL3011,전력전자,2025,2,2018/1 ~ 2029/2,전기공학전공(학부/서울),48.28,31.03,13.79,6.9,,,,,,,,,14,9,4,2,,,,,,,,,ok,outputs/pdfs_full/전기공학전공__ECL3011__전력전자.pdf,,29
H0002256,H0002520,전기공학전공,ECL3012,전력시스템경제,2025,2,2025/1 ~ 2029/2,전기공학전공(학부/서울),12.5,29.17,33.33,12.5,4.17,,4.17,,,,4.17,,3,7,8,3,1,,1,,,,1,,ok,outputs/pdfs_full/전기공학전공__ECL3012__전력시스템경제.pdf,,24
H0002256,H0002520,전기공학전공,ECL3013,인공지능이해,2025,2,2025/2 ~ 2029/2,전기공학전공(학부/서울),80,,20,,,,,,,,,,24,,6,,,,,,,,,,ok,outputs/pdfs_full/전기공학전공__ECL3013__인공지능이해.pdf,,30
H0002256,H0002520,전기공학전공,ECL4007,신재생분산전원,2026,1,2012/1 ~ 2030/2,전기공학전공(학부/서울),39.29,46.43,14.29,,,,,,,,,,11,13,4,,,,,,,,,,ok,outputs/pdfs_full/전기공학전공__ECL4007__신재생분산전원.pdf,,28
H0002256,H0002520,전기공학전공,ECL4009,피드백시스템,2017,2,2012/1 ~ 2018/2,전기공학전공(학부/서울),42.86,24.49,10.2,8.16,6.12,2.04,2.04,4.08,,,,,21,12,5,4,3,1,1,2,,,,,ok,outputs/pdfs_full/전기공학전공__ECL4009__피드백시스템.pdf,,49
H0002256,H0002520,전기공학전공,ECL4010,차량전자제어,2025,2,2012/1 ~ 2030/2,전기공학전공(학부/서울),12.5,16.67,20.83,20.83,25,,,,,,4.17,,3,4,5,5,6,,,,,,1,,ok,outputs/pdfs_full/전기공학전공__ECL4010__차량전자제어.pdf,,24
H0002256,H0002520,전기공학전공,ECL4011,전동력제어,2018,2,2012/1 ~ 2018/2,전기공학전공(학부/서울),18.52,25.93,16.67,18.52,16.67,,,3.7,,,,,10,14,9,10,9,,,2,,,,,ok,outputs/pdfs_full/전기공학전공__ECL4011__전동력제어.pdf,,54
H0002256,H0002520,전기공학전공,ECL4012,전기공학종합설계1,2025,1,2012/1 ~ 2030/2,전기공학전공(학부/서울),60,40,,,,,,,,,,,3,2,,,,,,,,,,,ok,outputs/pdfs_full/전기공학전공__ECL4012__전기공학종합설계1.pdf,,5
H0002256,H0002520,전기공학전공,ECL4013,전기공학종합설계2,2025,2,2012/1 ~ 2030/2,전기공학전공(학부/서울),58.49,20.75,9.43,9.43,,1.89,,,,,,,31,11,5,5,,1,,,,,,,ok,outputs/pdfs_full/전기공학전공__ECL4013__전기공학종합설계2.pdf,,53
H0002256,H0002520,전기공학전공,ECL4014,산업플라즈마공학,2020,2,2012/1 ~ 2030/2,전기공학전공(학부/서울),9.09,27.27,27.27,36.36,,,,,,,,,1,3,3,4,,,,,,,,,ok,outputs/pdfs_full/전기공학전공__ECL4014__산업플라즈마공학.pdf,,11
H0002256,H0002520,전기공학전공,ECL4015,전력변환응용,2026,1,2012/1 ~ 2030/2,전기공학전공(학부/서울),34.78,52.17,13.04,,,,,,,,,,8,12,3,,,,,,,,,,ok,outputs/pdfs_full/전기공학전공__ECL4015__전력변환응용.pdf,,23
H0002256,H0002520,전기공학전공,ECL4017,플라즈마전자공학,2025,2,2012/1 ~ 2029/2,전기공학전공(학부/서울),30.77,,34.62,3.85,30.77,,,,,,,,8,,9,1,8,,,,,,,,ok,outputs/pdfs_full/전기공학전공__ECL4017__플라즈마전자공학.pdf,,26
H0002256,H0002520,전기공학전공,ECL4018,반도체플라즈마,2026,1,2012/1 ~ 2030/2,전기공학전공(학부/서울),26.92,15.38,30.77,3.85,23.08,,,,,,,,7,4,8,1,6,,,,,,,,ok,outputs/pdfs_full/전기공학전공__ECL4018__반도체플라즈마.pdf,,26
H0002256,H0002520,전기공학전공,ECL4019,지능형자동차제어시스템,2024,1,2015/1 ~ 2030/2,전기공학전공(학부/서울),14.81,14.81,22.22,14.81,18.52,7.41,7.41,,,,,,4,4,6,4,5,2,2,,,,,,ok,outputs/pdfs_full/전기공학전공__ECL4019__지능형자동차제어시스템.pdf,,27
H0002256,H0002520,전기공학전공,ECL4021,전기공학연구실현장실습1,2025,1,2019/1 ~ 2026/2,전기공학전공(학부/서울),,,,,,,,,,100,,,,,,,,,,,,6,,,ok,outputs/pdfs_full/전기공학전공__ECL4021__전기공학연구실현장실습1.pdf,,6
H0002256,H0002520,전기공학전공,ECL4022,최적화개론,2026,1,2021/1 ~ 2030/2,전기공학전공(학부/서울),64.58,29.17,2.08,4.17,,,,,,,,,31,14,1,2,,,,,,,,,ok,outputs/pdfs_full/전기공학전공__ECL4022__최적화개론.pdf,,48
H0002256,H0002520,전기공학전공,ECL4024,전기공학종합설계,2026,1,2026/1 ~ 2030/2,전기공학전공(학부/서울),83.33,,16.67,,,,,,,,,,5,,1,,,,,,,,,,ok,outputs/pdfs_full/전기공학전공__ECL4024__전기공학종합설계.pdf,,6
H0002256,H0002575,융합전자공학부,ECN1001,디지털논리설계,2026,1,2010/1 ~ 2028/2,융합전자공학부,29.17,41.67,20.83,4.17,,4.17,,,,,,,14,20,10,2,,2,,,,,,,ok,outputs/pdfs_full/융합전자공학부__ECN1001__디지털논리설계.pdf,,48
H0002256,H0004134,컴퓨터소프트웨어학부,ECN4003,기계학습이론,2025,2,2022/1 ~ 2029/2,컴퓨터소프트웨어학부,4.92,9.84,19.67,21.31,9.84,18.03,9.84,6.56,,,,,3,6,12,13,6,11,6,4,,,,,ok,outputs/pdfs_full/컴퓨터소프트웨어학부__ECN4003__기계학습이론.pdf,,61
H0002256,H0002575,융합전자공학부,ECN4004,무선통신공학,2025,2,2013/1 ~ 2030/2,융합전자공학부,42.25,22.54,14.08,15.49,1.41,4.23,,,,,,,30,16,10,11,1,3,,,,,,,ok,outputs/pdfs_full/융합전자공학부__ECN4004__무선통신공학.pdf,,71
H0002256,H0002983,정책학과,ECO1001,경제학입문,2026,1,2011/1 ~ 2012/2,정책학과,29.67,10.44,34.07,7.14,14.84,1.65,,,,,2.2,,54,19,62,13,27,3,,,,,4,,ok,outputs/pdfs_full/정책학과__ECO1001__경제학입문.pdf,,182
H0002256,H0002983,정책학과,ECO1002,경제수학,2015,2,2013/1 ~ 2022/2,정책학과,50.91,30.91,14.55,,3.64,,,,,,,,28,17,8,,2,,,,,,,,ok,outputs/pdfs_full/정책학과__ECO1002__경제수학.pdf,,55
H0002256,H0002933,경제금융학부,ECO1005,경제통계분석,2026,1,2003/1 ~ 2028/2,경제금융학부(학부/서울),29.33,12,24,13.33,12,4,,,,,5.33,,22,9,18,10,9,3,,,,,4,,ok,outputs/pdfs_full/경제금융학부__ECO1005__경제통계분석.pdf,,75
H0002256,H0004360,글로벌 CEO 창업 융합전공,ECO1006,미시경제원론,2026,1,2024/1 ~ 2027/2,글로벌 CEO 창업 융합전공,29.75,20.66,13.22,14.88,8.26,9.92,0.83,2.48,,,,,36,25,16,18,10,12,1,3,,,,,ok,outputs/pdfs_full/글로벌_CEO_창업_융합전공__ECO1006__미시경제원론.pdf,,121
H0002256,H0002933,경제금융학부,ECO1007,수리경제입문,2025,2,2003/1 ~ 2027/2,경제금융학부(학부/서울),29.23,15.38,32.31,13.85,7.69,,,,,,1.54,,19,10,21,9,5,,,,,,1,,ok,outputs/pdfs_full/경제금융학부__ECO1007__수리경제입문.pdf,,65
H0002256,H0002256,서울 대학,ECO1011,시장경제의이해,2024,2,2005/1 ~ 2027/2,대학(학부/서울),,,,,,,,,,100,,,,,,,,,,,,79,,,ok,outputs/pdfs_seoul_university/서울_대학__ECO1011__시장경제의이해.pdf,,79
H0002256,H0002933,경제금융학부,ECO1020,계량경제입문,2015,2,2013/1 ~ 2015/2,경제금융학부(학부/서울),24.49,23.47,14.29,18.37,7.14,4.08,5.61,2.55,,,,,48,46,28,36,14,8,11,5,,,,,ok,outputs/pdfs_full/경제금융학부__ECO1020__계량경제입문.pdf,,196
H0002256,H0002933,경제금융학부,ECO1021,재무회계의기초,2025,2,2016/1 ~ 2025/2,경제금융학부(학부/서울),22.22,17.46,30.95,9.52,15.08,2.38,,,,,2.38,,28,22,39,12,19,3,,,,,3,,ok,outputs/pdfs_full/경제금융학부__ECO1021__재무회계의기초.pdf,,126
H0002256,H0002933,경제금융학부,ECO1023,경제금융기초(중국어강의),2025,2,2020/1 ~ 2025/2,경제금융학부(학부/서울),34.62,23.08,30.77,,7.69,,3.85,,,,,,9,6,8,,2,,1,,,,,,ok,outputs/pdfs_full/경제금융학부__ECO1023__경제금융기초(중국어강의).pdf,,26
H0002256,H0002895,파이낸스경영학과,ECO2001,거시경제원론,2023,2,2010/1 ~ 2016/2,파이낸스경영학과(학과/서울/경영),27.78,33.33,16.67,,11.11,11.11,,,,,,,5,6,3,,2,2,,,,,,,ok,outputs/pdfs_full/파이낸스경영학과__ECO2001__거시경제원론.pdf,,18
H0002256,H0002895,파이낸스경영학과,ECO2003,미시경제1,2016,1,2010/1 ~ 2016/2,파이낸스경영학과(학과/서울/경영),18.6,27.91,30.23,9.3,2.33,6.98,2.33,2.33,,,,,8,12,13,4,1,3,1,1,,,,,ok,outputs/pdfs_full/파이낸스경영학과__ECO2003__미시경제1.pdf,,43
H0002256,H0002983,정책학과,ECO2016,미시경제학1,2026,1,2017/1 ~ 2028/2,정책학과,30.88,14.71,33.82,10.29,8.82,1.47,,,,,,,21,10,23,7,6,1,,,,,,,ok,outputs/pdfs_full/정책학과__ECO2016__미시경제학1.pdf,,68
H0002256,H0002836,행정학전공,ECO2028,거시경제1:국민소득과물가,2026,1,2003/1 ~ 2013/2,행정학전공(학부/서울),23.81,15.71,22.86,11.43,13.33,3.33,3.33,2.38,,1.43,2.38,,50,33,48,24,28,7,7,5,,3,5,,ok,outputs/pdfs_full/행정학전공__ECO2028__거시경제1_국민소득과물가.pdf,,210
H0002256,H0002836,행정학전공,ECO2029,미시경제1:소비자와기업,2026,1,2003/1 ~ 2013/2,행정학전공(학부/서울),17.22,21.67,16.11,15.56,6.67,2.22,13.89,,,1.11,5.56,,31,39,29,28,12,4,25,,,2,10,,ok,outputs/pdfs_full/행정학전공__ECO2029__미시경제1_소비자와기업.pdf,,180
H0002256,H0002933,경제금융학부,ECO2030,경제사,2023,1,2003/1 ~ 2023/1,경제금융학부(학부/서울),18.18,24.24,33.33,9.09,6.06,9.09,,,,,,,6,8,11,3,2,3,,,,,,,ok,outputs/pdfs_full/경제금융학부__ECO2030__경제사.pdf,,33
H0002256,H0002933,경제금융학부,ECO2031,경제학설사,2017,1,2003/1 ~ 2017/2,경제금융학부(학부/서울),16.22,37.84,16.22,8.11,5.41,8.11,8.11,,,,,,6,14,6,3,2,3,3,,,,,,ok,outputs/pdfs_full/경제금융학부__ECO2031__경제학설사.pdf,,37
H0002256,H0002933,경제금융학부,ECO2032,거시경제2:경기변동과경제성장,2026,1,2003/1 ~ 2028/2,경제금융학부(학부/서울),10.53,10.53,21.05,21.05,10.53,5.26,21.05,,,,,,2,2,4,4,2,1,4,,,,,,ok,outputs/pdfs_full/경제금융학부__ECO2032__거시경제2_경기변동과경제성장.pdf,,19
H0002256,H0002933,경제금융학부,ECO2033,미시경제2:시장구조와후생,2026,1,2003/1 ~ 2028/2,경제금융학부(학부/서울),20.93,16.28,25.58,20.93,11.63,4.65,,,,,,,9,7,11,9,5,2,,,,,,,ok,outputs/pdfs_full/경제금융학부__ECO2033__미시경제2_시장구조와후생.pdf,,43
H0002256,H0002933,경제금융학부,ECO2035,게임이론과응용,2026,1,2003/1 ~ 2029/2,경제금융학부(학부/서울),10.77,21.54,10.77,9.23,18.46,12.31,4.62,4.62,,,7.69,,7,14,7,6,12,8,3,3,,,5,,ok,outputs/pdfs_full/경제금융학부__ECO2035__게임이론과응용.pdf,,65
H0002256,H0002983,정책학과,ECO2037,거시경제학2,2025,2,2017/1 ~ 2028/2,정책학과,53.49,20.93,9.3,2.33,13.95,,,,,,,,23,9,4,1,6,,,,,,,,ok,outputs/pdfs_full/정책학과__ECO2037__거시경제학2.pdf,,43
H0002256,H0002983,정책학과,ECO2038,미시경제학2,2025,2,2017/1 ~ 2028/2,정책학과,28.89,31.11,15.56,13.33,8.89,,,,,,2.22,,13,14,7,6,4,,,,,,1,,ok,outputs/pdfs_full/정책학과__ECO2038__미시경제학2.pdf,,45
H0002256,H0002933,경제금융학부,ECO2059,재무경제,2025,2,2003/1 ~ 2028/2,경제금융학부(학부/서울),24,23.43,24.57,11.43,8,4.57,0.57,2.29,,,1.14,,42,41,43,20,14,8,1,4,,,2,,ok,outputs/pdfs_full/경제금융학부__ECO2059__재무경제.pdf,,175
H0002256,H0002933,경제금융학부,ECO2061,재무금융시계열예측,2026,1,2006/1 ~ 2029/2,경제금융학부(학부/서울),27.12,13.56,16.95,18.64,6.78,15.25,,,,,1.69,,16,8,10,11,4,9,,,,,1,,ok,outputs/pdfs_full/경제금융학부__ECO2061__재무금융시계열예측.pdf,,59
H0002256,H0002933,경제금융학부,ECO2062,재무경제2,2016,2,2006/1 ~ 2016/2,경제금융학부(학부/서울),17.65,20.59,36.03,5.88,3.68,5.15,2.21,8.82,,,,,24,28,49,8,5,7,3,12,,,,,ok,outputs/pdfs_full/경제금융학부__ECO2062__재무경제2.pdf,,136
H0002256,H0002983,정책학과,ECO2063,거시경제학1,2026,1,2017/1 ~ 2028/2,정책학과,46.08,28.43,12.75,6.86,3.92,1.96,,,,,,,47,29,13,7,4,2,,,,,,,ok,outputs/pdfs_full/정책학과__ECO2063__거시경제학1.pdf,,102
H0002256,H0002933,경제금융학부,ECO2064,경제제도의역사적분석,2025,2,2024/2 ~ 2028/2,경제금융학부(학부/서울),20,13.85,26.15,16.92,12.31,6.15,3.08,,,,1.54,,13,9,17,11,8,4,2,,,,1,,ok,outputs/pdfs_full/경제금융학부__ECO2064__경제제도의역사적분석.pdf,,65
H0002256,H0002933,경제금융학부,ECO3001,수리경제,2021,2,1999/1 ~ 2025/2,경제금융학부(학부/서울),23.53,18.63,44.12,9.8,0.98,2.94,,,,,,,24,19,45,10,1,3,,,,,,,ok,outputs/pdfs_full/경제금융학부__ECO3001__수리경제.pdf,,102
H0002256,H0002983,정책학과,ECO3002,재정학,2025,2,2015/1 ~ 2029/2,정책학과,83.33,16.67,,,,,,,,,,,5,1,,,,,,,,,,,ok,outputs/pdfs_full/정책학과__ECO3002__재정학.pdf,,6
H0002256,H0002933,경제금융학부,ECO3003,화폐금융,2025,2,1998/1 ~ 2028/2,경제금융학부(학부/서울),26.03,22.6,17.12,13.01,8.22,6.85,2.74,,,,3.42,,38,33,25,19,12,10,4,,,,5,,ok,outputs/pdfs_full/경제금융학부__ECO3003__화폐금융.pdf,,146
H0002256,H0002933,경제금융학부,ECO3007,계량경제,2025,1,1998/1 ~ 2028/2,경제금융학부(학부/서울),23.08,24.89,21.27,12.22,8.14,7.24,0.9,1.36,,0.45,0.45,,51,55,47,27,18,16,2,3,,1,1,,ok,outputs/pdfs_full/경제금융학부__ECO3007__계량경제.pdf,,221
H0002256,H0002933,경제금융학부,ECO3008,노동경제,2026,1,1999/1 ~ 2029/2,경제금융학부(학부/서울),27.78,13.89,25,,2.78,11.11,19.44,,,,,,10,5,9,,1,4,7,,,,,,ok,outputs/pdfs_full/경제금융학부__ECO3008__노동경제.pdf,,36
H0002256,H0002570,도시공학과,ECO3015,계량분석론,2016,2,1999/1 ~ 2018/2,도시공학과(학부/서울),15.38,15.38,38.46,,30.77,,,,,,,,2,2,5,,4,,,,,,,,ok,outputs/pdfs_full/도시공학과__ECO3015__계량분석론.pdf,,13
H0002256,H0002933,경제금융학부,ECO3021,사회보장,2017,2,2004/1 ~ 2017/2,경제금융학부(학부/서울),7.69,23.08,24.36,17.95,11.54,6.41,,8.97,,,,,6,18,19,14,9,5,,7,,,,,ok,outputs/pdfs_full/경제금융학부__ECO3021__사회보장.pdf,,78
H0002256,H0002933,경제금융학부,ECO3033,금융시장과금융상품,2013,2,2003/1 ~ 2015/2,경제금융학부(학부/서울),28.21,33.33,17.95,10.26,5.13,,,5.13,,,,,11,13,7,4,2,,,2,,,,,ok,outputs/pdfs_full/경제금융학부__ECO3033__금융시장과금융상품.pdf,,39
H0002256,H0002933,경제금융학부,ECO3045,공공경제1:조세,2026,1,2003/1 ~ 2029/2,경제금융학부(학부/서울),10.91,27.27,14.55,21.82,7.27,10.91,,5.45,,,1.82,,6,15,8,12,4,6,,3,,,1,,ok,outputs/pdfs_full/경제금융학부__ECO3045__공공경제1_조세.pdf,,55
H0002256,H0002933,경제금융학부,ECO3047,국제무역과통상정책,2026,1,2003/1 ~ 2029/2,경제금융학부(학부/서울),16.44,23.29,15.07,17.81,21.92,4.11,,,,,1.37,,12,17,11,13,16,3,,,,,1,,ok,outputs/pdfs_full/경제금융학부__ECO3047__국제무역과통상정책.pdf,,73
H0002256,H0002933,경제금융학부,ECO3048,공공경제2:정부지출,2024,2,2003/1 ~ 2029/2,경제금융학부(학부/서울),15.79,26.32,13.16,7.89,2.63,21.05,7.89,5.26,,,,,6,10,5,3,1,8,3,2,,,,,ok,outputs/pdfs_full/경제금융학부__ECO3048__공공경제2_정부지출.pdf,,38
H0002256,H0002933,경제금융학부,ECO3049,체제이행경제론,2025,2,2003/1 ~ 2029/2,경제금융학부(학부/서울),22,14,30,14,10,,,10,,,,,11,7,15,7,5,,,5,,,,,ok,outputs/pdfs_full/경제금융학부__ECO3049__체제이행경제론.pdf,,50
H0002256,H0002570,도시공학과,ECO3058,지역경제,2025,1,1992/1 ~ 2025/2,도시공학과(학부/서울),14.81,14.81,22.22,22.22,3.7,11.11,7.41,,,,3.7,,4,4,6,6,1,3,2,,,,1,,ok,outputs/pdfs_full/도시공학과__ECO3058__지역경제.pdf,,27
H0002256,H0002933,경제금융학부,ECO3068,산업조직과공정거래,2025,2,2003/1 ~ 2029/2,경제금융학부(학부/서울),16,26,20,16,20,,,,,,2,,8,13,10,8,10,,,,,,1,,ok,outputs/pdfs_full/경제금융학부__ECO3068__산업조직과공정거래.pdf,,50
H0002256,H0002933,경제금융학부,ECO3073,위험관리,2025,1,2004/1 ~ 2030/2,경제금융학부(학부/서울),19.35,29.03,25.81,6.45,,16.13,,3.23,,,,,6,9,8,2,,5,,1,,,,,ok,outputs/pdfs_full/경제금융학부__ECO3073__위험관리.pdf,,31
H0002256,H0002933,경제금융학부,ECO3074,선물과옵션,2025,2,2003/1 ~ 2029/2,경제금융학부(학부/서울),20,26.67,20,6.67,3.33,6.67,,16.67,,,,,6,8,6,2,1,2,,5,,,,,ok,outputs/pdfs_full/경제금융학부__ECO3074__선물과옵션.pdf,,30
H0002256,H0002933,경제금융학부,ECO3076,재무금융IT,2025,2,2007/1 ~ 2029/2,경제금융학부(학부/서울),26.67,13.33,16.67,15,16.67,8.33,1.67,,,,1.67,,16,8,10,9,10,5,1,,,,1,,ok,outputs/pdfs_full/경제금융학부__ECO3076__재무금융IT.pdf,,60
H0002256,H0002933,경제금융학부,ECO3080,증권투자론,2026,1,2011/1 ~ 2029/2,경제금융학부(학부/서울),25.5,14.77,27.52,14.09,5.37,2.01,4.03,4.03,,,2.68,,38,22,41,21,8,3,6,6,,,4,,ok,outputs/pdfs_full/경제금융학부__ECO3080__증권투자론.pdf,,149
H0002256,H0002933,경제금융학부,ECO3086,고급재무이론과실무,2026,1,2013/1 ~ 2029/2,경제금융학부(학부/서울),24,16,16,12,12,16,4,,,,,,6,4,4,3,3,4,1,,,,,,ok,outputs/pdfs_full/경제금융학부__ECO3086__고급재무이론과실무.pdf,,25
H0002256,H0002933,경제금융학부,ECO3087,법경제이론,2017,2,2014/1 ~ 2021/2,경제금융학부(학부/서울),24,24,20,12,16,,4,,,,,,6,6,5,3,4,,1,,,,,,ok,outputs/pdfs_full/경제금융학부__ECO3087__법경제이론.pdf,,25
H0002256,H0002933,경제금융학부,ECO3088,응용미시경제학실증분석,2025,2,2015/1 ~ 2029/2,경제금융학부(학부/서울),60,20,20,,,,,,,,,,3,1,1,,,,,,,,,,ok,outputs/pdfs_full/경제금융학부__ECO3088__응용미시경제학실증분석.pdf,,5
H0002256,H0002933,경제금융학부,ECO3089,채권론,2025,2,2015/1 ~ 2029/2,경제금융학부(학부/서울),17.65,20.59,11.76,11.76,2.94,11.76,5.88,14.71,,,2.94,,6,7,4,4,1,4,2,5,,,1,,ok,outputs/pdfs_full/경제금융학부__ECO3089__채권론.pdf,,34
H0002256,H0002933,경제금융학부,ECO3090,금융빅데이터분석학,2025,1,2015/1 ~ 2029/2,경제금융학부(학부/서울),24.14,15.52,31.03,8.62,13.79,6.9,,,,,,,14,9,18,5,8,4,,,,,,,ok,outputs/pdfs_full/경제금융학부__ECO3090__금융빅데이터분석학.pdf,,58
H0002256,H0002933,경제금융학부,ECO3091,응용거시재무,2018,1,2015/1 ~ 2021/2,경제금융학부(학부/서울),16.33,26.53,22.45,16.33,2.04,8.16,2.04,6.12,,,,,8,13,11,8,1,4,1,3,,,,,ok,outputs/pdfs_full/경제금융학부__ECO3091__응용거시재무.pdf,,49
H0002256,H0002933,경제금융학부,ECO3092,사회보장과노동정책,2025,2,2018/1 ~ 2029/2,경제금융학부(학부/서울),12.86,17.14,24.29,25.71,5.71,5.71,1.43,5.71,,,1.43,,9,12,17,18,4,4,1,4,,,1,,ok,outputs/pdfs_full/경제금융학부__ECO3092__사회보장과노동정책.pdf,,70
H0002256,H0002933,경제금융학부,ECO3094,의료서비스시장과정부,2026,1,2016/1 ~ 2029/2,경제금융학부(학부/서울),21.92,23.29,24.66,15.07,5.48,9.59,,,,,,,16,17,18,11,4,7,,,,,,,ok,outputs/pdfs_full/경제금융학부__ECO3094__의료서비스시장과정부.pdf,,73
H0002256,H0002933,경제금융학부,ECO3095,금융소비자관리론,2019,2,2017/1 ~ 2021/2,경제금융학부(학부/서울),32.98,5.32,29.79,11.7,6.38,8.51,3.19,2.13,,,,,31,5,28,11,6,8,3,2,,,,,ok,outputs/pdfs_full/경제금융학부__ECO3095__금융소비자관리론.pdf,,94
H0002256,H0002933,경제금융학부,ECO3096,머신러닝·딥러닝·블록체인입문,2018,2,2017/1 ~ 2021/2,경제금융학부(학부/서울),29.82,12.28,31.58,8.77,17.54,,,,,,,,17,7,18,5,10,,,,,,,,ok,outputs/pdfs_full/경제금융학부__ECO3096__머신러닝·딥러닝·블록체인입문.pdf,,57
H0002256,H0002933,경제금융학부,ECO3098,데이터를활용한기업분석,2025,1,2022/1 ~ 2029/2,경제금융학부(학부/서울),45.76,20.34,10.17,3.39,3.39,11.86,,5.08,,,,,27,12,6,2,2,7,,3,,,,,ok,outputs/pdfs_full/경제금융학부__ECO3098__데이터를활용한기업분석.pdf,,59
H0002256,H0002933,경제금융학부,ECO3100,행동실험경제학,2023,2,2021/2 ~ 2029/2,경제금융학부(학부/서울),31.58,36.84,21.05,5.26,5.26,,,,,,,,6,7,4,1,1,,,,,,,,ok,outputs/pdfs_full/경제금융학부__ECO3100__행동실험경제학.pdf,,19
H0002256,H0002933,경제금융학부,ECO3101,머신러닝과R을이용하는데이터분석,2026,1,2023/2 ~ 2029/2,경제금융학부(학부/서울),51.35,45.95,2.7,,,,,,,,,,19,17,1,,,,,,,,,,ok,outputs/pdfs_full/경제금융학부__ECO3101__머신러닝과R을이용하는데이터분석.pdf,,37
H0002256,H0002933,경제금융학부,ECO4003,국제금융,2026,1,2003/1 ~ 2029/2,경제금융학부(학부/서울),48,20,12,12,,,,4,,,4,,12,5,3,3,,,,1,,,1,,ok,outputs/pdfs_full/경제금융학부__ECO4003__국제금융.pdf,,25
H0002256,H0002933,경제금융학부,ECO4049,국제경제관계,2026,1,2004/1 ~ 2029/2,경제금융학부(학부/서울),15.19,24.05,27.85,12.66,2.53,7.59,2.53,7.59,,,,,12,19,22,10,2,6,2,6,,,,,ok,outputs/pdfs_full/경제금융학부__ECO4049__국제경제관계.pdf,,79
H0002256,H0002933,경제금융학부,ECO4064,미시경제이슈및응용,2025,2,2008/1 ~ 2030/2,경제금융학부(학부/서울),33.33,13.89,25,11.11,5.56,8.33,,2.78,,,,,12,5,9,4,2,3,,1,,,,,ok,outputs/pdfs_full/경제금융학부__ECO4064__미시경제이슈및응용.pdf,,36
H0002256,H0002933,경제금융학부,ECO4065,거시경제이슈및응용,2026,1,2008/1 ~ 2030/2,경제금융학부(학부/서울),19.23,24.36,30.77,12.82,10.26,,,,,,2.56,,15,19,24,10,8,,,,,,2,,ok,outputs/pdfs_full/경제금융학부__ECO4065__거시경제이슈및응용.pdf,,78
H0002256,H0002933,경제금융학부,ECO4066,정부와경제발전,2023,2,2008/1 ~ 2030/2,경제금융학부(학부/서울),17.65,21.57,22.55,14.71,5.88,9.8,5.88,1.96,,,,,18,22,23,15,6,10,6,2,,,,,ok,outputs/pdfs_full/경제금융학부__ECO4066__정부와경제발전.pdf,,102
H0002256,H0002933,경제금융학부,ECO4069,관리경제,2023,1,2012/1 ~ 2023/1,경제금융학부(학부/서울),29.55,11.36,26.14,7.95,13.64,4.55,6.82,,,,,,26,10,23,7,12,4,6,,,,,,ok,outputs/pdfs_full/경제금융학부__ECO4069__관리경제.pdf,,88
H0002256,H0002933,경제금융학부,ECO4071,세계경제와한국의비전,2018,1,2010/1 ~ 2018/2,경제금융학부(학부/서울),31.03,10.34,34.48,6.9,13.79,,3.45,,,,,,9,3,10,2,4,,1,,,,,,ok,outputs/pdfs_full/경제금융학부__ECO4071__세계경제와한국의비전.pdf,,29
H0002256,H0002933,경제금융학부,ECO4073,정보와불확실성의경제학,2025,1,2011/1 ~ 2030/2,경제금융학부(학부/서울),4.55,18.18,4.55,18.18,9.09,13.64,,31.82,,,,,1,4,1,4,2,3,,7,,,,,ok,outputs/pdfs_full/경제금융학부__ECO4073__정보와불확실성의경제학.pdf,,22
H0002256,H0002933,경제금융학부,ECO4079,범죄경제학,2022,2,2014/1 ~ 2030/2,경제금융학부(학부/서울),53.33,13.33,,6.67,13.33,6.67,,6.67,,,,,8,2,,1,2,1,,1,,,,,ok,outputs/pdfs_full/경제금융학부__ECO4079__범죄경제학.pdf,,15
H0002256,H0002933,경제금융학부,ECO4080,고급파생상품론,2016,2,2014/1 ~ 2022/2,경제금융학부(학부/서울),20,40,10,15,15,,,,,,,,4,8,2,3,3,,,,,,,,ok,outputs/pdfs_full/경제금융학부__ECO4080__고급파생상품론.pdf,,20
H0002256,H0002933,경제금융학부,ECO4081,계산금융의기초,2025,2,2015/1 ~ 2030/2,경제금융학부(학부/서울),26.67,22.67,29.33,4,2.67,1.33,12,1.33,,,,,20,17,22,3,2,1,9,1,,,,,ok,outputs/pdfs_full/경제금융학부__ECO4081__계산금융의기초.pdf,,75
H0002256,H0002933,경제금융학부,ECO4082,금융퀀트이론,2022,1,2015/1 ~ 2022/2,경제금융학부(학부/서울),12.12,19.7,6.06,10.61,13.64,12.12,13.64,12.12,,,,,8,13,4,7,9,8,9,8,,,,,ok,outputs/pdfs_full/경제금융학부__ECO4082__금융퀀트이론.pdf,,66
H0002256,H0002933,경제금융학부,ECO4084,계량경제이슈및응용,2025,1,2016/1 ~ 2030/2,경제금융학부(학부/서울),29.63,18.52,40.74,11.11,,,,,,,,,8,5,11,3,,,,,,,,,ok,outputs/pdfs_full/경제금융학부__ECO4084__계량경제이슈및응용.pdf,,27
H0002256,H0002933,경제금융학부,ECO4085,시계열빅데이터분석,2024,2,2016/1 ~ 2030/2,경제금융학부(학부/서울),24,14,24,14,12,12,,,,,,,12,7,12,7,6,6,,,,,,,ok,outputs/pdfs_full/경제금융학부__ECO4085__시계열빅데이터분석.pdf,,50
H0002256,H0002933,경제금융학부,ECO4088,세계경제와중국,2025,2,2018/2 ~ 2030/2,경제금융학부(학부/서울),15.38,24.36,20.51,15.38,14.1,8.97,,,,,1.28,,12,19,16,12,11,7,,,,,1,,ok,outputs/pdfs_full/경제금융학부__ECO4088__세계경제와중국.pdf,,78
H0002256,H0002933,경제금융학부,ECO4093,인구경제학,2026,1,2023/1 ~ 2030/2,경제금융학부(학부/서울),20.31,19.53,21.09,16.41,7.81,3.91,7.03,2.34,,,1.56,,26,25,27,21,10,5,9,3,,,2,,ok,outputs/pdfs_full/경제금융학부__ECO4093__인구경제학.pdf,,128
H0002256,H0002933,경제금융학부,ECO4095,시장미시구조론과핀테크,2026,1,2023/2 ~ 2030/2,경제금융학부(학부/서울),30,20,13.75,15,12.5,5,2.5,,,,1.25,,24,16,11,12,10,4,2,,,,1,,ok,outputs/pdfs_full/경제금융학부__ECO4095__시장미시구조론과핀테크.pdf,,80
H0002256,H0002575,융합전자공학부,ECR2001,확률변수론,2016,2,2011/1 ~ 2016/2,융합전자공학부,13.79,20.69,27.59,11.49,22.99,2.3,1.15,,,,,,12,18,24,10,20,2,1,,,,,,ok,outputs/pdfs_full/융합전자공학부__ECR2001__확률변수론.pdf,,87
H0002256,H0002575,융합전자공학부,ECR4003,영상처리,2022,1,2013/1 ~ 2030/2,융합전자공학부,30.77,23.08,15.38,23.08,7.69,,,,,,,,4,3,2,3,1,,,,,,,,ok,outputs/pdfs_full/융합전자공학부__ECR4003__영상처리.pdf,,13
H0002256,H0002520,전기공학전공,ECR4004,현대제어이론,2026,1,2012/1 ~ 2030/2,전기공학전공(학부/서울),14.29,17.86,28.57,14.29,10.71,3.57,,,,,10.71,,4,5,8,4,3,1,,,,,3,,ok,outputs/pdfs_full/전기공학전공__ECR4004__현대제어이론.pdf,,28
H0002256,H0002718,교육학과,EDU1001,교육학개론,2026,1,1989/1 ~ 2009/2,교육학과(학부/서울),57.14,28.57,4.76,4.76,,3.17,,1.59,,,,,36,18,3,3,,2,,1,,,,,ok,outputs/pdfs_full/교육학과__EDU1001__교육학개론.pdf,,63
H0002256,H0002718,교육학과,EDU1002,교육심리학,2026,1,1989/1 ~ 2019/2,교육학과(학부/서울),75.76,18.18,6.06,,,,,,,,,,25,6,2,,,,,,,,,,ok,outputs/pdfs_full/교육학과__EDU1002__교육심리학.pdf,,33
H0002256,H0002599,의예과,EDU1004,교육공학개론,2017,2,2006/1 ~ 2017/2,의예과(학부/서울),8.22,17.81,16.44,26.03,23.29,,8.22,,,,,,6,13,12,19,17,,6,,,,,,ok,outputs/pdfs_full/의예과__EDU1004__교육공학개론.pdf,,73
H0002256,H0002718,교육학과,EDU1005,교육의심리적기초,2026,1,2001/1 ~ 2027/2,교육학과(학부/서울),54.55,40.91,,4.55,,,,,,,,,12,9,,1,,,,,,,,,ok,outputs/pdfs_full/교육학과__EDU1005__교육의심리적기초.pdf,,22
H0002256,H0002718,교육학과,EDU1006,교육학고전강독,2015,1,2005/1 ~ 2015/2,교육학과(학부/서울),22.22,7.41,40.74,,29.63,,,,,,,,6,2,11,,8,,,,,,,,ok,outputs/pdfs_full/교육학과__EDU1006__교육학고전강독.pdf,,27
H0002256,H0002256,서울 대학,EDU1009,국제교육실습,2025,2,2005/1 ~ 2027/2,대학(학부/서울),,,,,,,,,,100,,,,,,,,,,,,12,,,ok,outputs/pdfs_seoul_university/서울_대학__EDU1009__국제교육실습.pdf,,12
H0002256,H0002718,교육학과,EDU1010,다문화사회와교육,2015,2,2009/1 ~ 2015/2,교육학과(학부/서울),4.7,22.82,40.27,3.36,26.85,2.01,,,,,,,7,34,60,5,40,3,,,,,,,ok,outputs/pdfs_full/교육학과__EDU1010__다문화사회와교육.pdf,,149
H0002256,H0002718,교육학과,EDU1011,AI시대의미래교육,2026,1,2025/1 ~ 2027/2,교육학과(학부/서울),26.27,4.24,35.59,5.08,27.97,0.85,,,,,,,31,5,42,6,33,1,,,,,,,ok,outputs/pdfs_full/교육학과__EDU1011__AI시대의미래교육.pdf,,118
H0002256,H0002718,교육학과,EDU2001,교육과정,2025,2,1990/1 ~ 2028/2,교육학과(학부/서울),100,,,,,,,,,,,,6,,,,,,,,,,,,ok,outputs/pdfs_full/교육학과__EDU2001__교육과정.pdf,,6
H0002256,H0002718,교육학과,EDU2003,교육사회학,2026,1,1989/1 ~ 2015/2,교육학과(학부/서울),75,25,,,,,,,,,,,3,1,,,,,,,,,,,ok,outputs/pdfs_full/교육학과__EDU2003__교육사회학.pdf,,4
H0002256,H0002718,교육학과,EDU2004,교육철학,2013,2,1990/1 ~ 2017/2,교육학과(학부/서울),12.5,56.25,12.5,6.25,6.25,6.25,,,,,,,2,9,2,1,1,1,,,,,,,ok,outputs/pdfs_full/교육학과__EDU2004__교육철학.pdf,,16
H0002256,H0002718,교육학과,EDU2006,교육공학,2015,1,1991/1 ~ 2002/2,교육학과(학부/서울),32,,40,,28,,,,,,,,8,,10,,7,,,,,,,,ok,outputs/pdfs_full/교육학과__EDU2006__교육공학.pdf,,25
H0002256,H0002718,교육학과,EDU2007,발달심리학,2025,2,1990/1 ~ 2028/2,교육학과(학부/서울),38.1,,42.86,,19.05,,,,,,,,8,,9,,4,,,,,,,,ok,outputs/pdfs_full/교육학과__EDU2007__발달심리학.pdf,,21
H0002256,H0002718,교육학과,EDU2010,심리검사,2026,1,1991/1 ~ 2029/2,교육학과(학부/서울),77.78,22.22,,,,,,,,,,,7,2,,,,,,,,,,,ok,outputs/pdfs_full/교육학과__EDU2010__심리검사.pdf,,9
H0002256,H0002718,교육학과,EDU2014,교육철학및교육사,2026,1,2016/1 ~ 2019/2,교육학과(학부/서울),81.25,15.63,3.13,,,,,,,,,,26,5,1,,,,,,,,,,ok,outputs/pdfs_full/교육학과__EDU2014__교육철학및교육사.pdf,,32
H0002256,H0002718,교육학과,EDU2015,교육통계,2025,1,1990/1 ~ 2028/2,교육학과(학부/서울),37.5,25,37.5,,,,,,,,,,3,2,3,,,,,,,,,,ok,outputs/pdfs_full/교육학과__EDU2015__교육통계.pdf,,8
H0002256,H0002718,교육학과,EDU2018,상담이론,2025,2,1995/1 ~ 2028/2,교육학과(학부/서울),95.65,,4.35,,,,,,,,,,22,,1,,,,,,,,,,ok,outputs/pdfs_full/교육학과__EDU2018__상담이론.pdf,,23
H0002256,H0002718,교육학과,EDU2019,교육현장연구,2025,2,1998/1 ~ 2030/2,교육학과(학부/서울),66.67,16.67,,,,16.67,,,,,,,4,1,,,,1,,,,,,,ok,outputs/pdfs_full/교육학과__EDU2019__교육현장연구.pdf,,6
H0002256,H0002718,교육학과,EDU2022,평생교육개론,2016,1,2000/1 ~ 2016/2,교육학과(학부/서울),41.18,,41.18,,17.65,,,,,,,,7,,7,,3,,,,,,,,ok,outputs/pdfs_full/교육학과__EDU2022__평생교육개론.pdf,,17
H0002256,H0002718,교육학과,EDU2025,교육논술,2026,1,2010/1 ~ 2028/2,교육학과(학부/서울),75,18.75,,6.25,,,,,,,,,12,3,,1,,,,,,,,,ok,outputs/pdfs_full/교육학과__EDU2025__교육논술.pdf,,16
H0002256,H0002718,교육학과,EDU2054,교사론,2018,2,1992/1 ~ 2018/2,교육학과(학부/서울),100,,,,,,,,,,,,19,,,,,,,,,,,,ok,outputs/pdfs_full/교육학과__EDU2054__교사론.pdf,,19
H0002256,H0002256,서울 대학,EDU2055,정신건강과적응,2026,1,1993/1 ~ 2027/2,대학(학부/서울),12.12,18.18,33.33,,30.3,,,6.06,,,,,4,6,11,,10,,,2,,,,,ok,outputs/pdfs_seoul_university/서울_대학__EDU2055__정신건강과적응.pdf,,33
H0002256,H0002718,교육학과,EDU2058,교육의사회적기초,2023,2,2001/1 ~ 2024/2,교육학과(학부/서울),33.33,66.67,,,,,,,,,,,2,4,,,,,,,,,,,ok,outputs/pdfs_full/교육학과__EDU2058__교육의사회적기초.pdf,,6
H0002256,H0002718,교육학과,EDU2059,인지심리,2025,2,2007/1 ~ 2028/2,교육학과(학부/서울),60,24,4,4,4,,4,,,,,,15,6,1,1,1,,1,,,,,,ok,outputs/pdfs_full/교육학과__EDU2059__인지심리.pdf,,25
H0002256,H0002718,교육학과,EDU2061,생활지도및상담,2026,1,2017/1 ~ 2020/2,교육학과(학부/서울),64.29,13.1,14.29,4.76,2.38,1.19,,,,,,,54,11,12,4,2,1,,,,,,,ok,outputs/pdfs_full/교육학과__EDU2061__생활지도및상담.pdf,,84
H0002256,H0002719,국어교육과,EDU2062,교육사회및평생교육,2009,2,2009/1 ~ 2014/2,국어교육과(학부/서울),6.59,78.02,2.2,13.19,,,,,,,,,6,71,2,12,,,,,,,,,ok,outputs/pdfs_full/국어교육과__EDU2062__교육사회및평생교육.pdf,,91
H0002256,H0002723,교육공학과,EDU2064,교육연구방법론,2012,2,2010/1 ~ 2014/2,교육공학과(학부/서울),22.83,38.04,16.3,13.04,7.61,2.17,,,,,,,21,35,15,12,7,2,,,,,,,ok,outputs/pdfs_full/교육공학과__EDU2064__교육연구방법론.pdf,,92
H0002256,H0002723,교육공학과,EDU2066,다문화교육의이론과실제,2012,1,2010/1 ~ 2014/2,교육공학과(학부/서울),90.57,9.43,,,,,,,,,,,48,5,,,,,,,,,,,ok,outputs/pdfs_full/교육공학과__EDU2066__다문화교육의이론과실제.pdf,,53
H0002256,H0002718,교육학과,EDU2067,교육정책탐구,2016,1,2014/1 ~ 2019/1,교육학과(학부/서울),90.91,9.09,,,,,,,,,,,30,3,,,,,,,,,,,ok,outputs/pdfs_full/교육학과__EDU2067__교육정책탐구.pdf,,33
H0002256,H0002718,교육학과,EDU2068,인적자원개발개론,2020,2,2014/1 ~ 2024/2,교육학과(학부/서울),81.82,9.09,,9.09,,,,,,,,,9,1,,1,,,,,,,,,ok,outputs/pdfs_full/교육학과__EDU2068__인적자원개발개론.pdf,,11
H0002256,H0002718,교육학과,EDU2070,고등사고력평가,2023,2,2014/1 ~ 2024/2,교육학과(학부/서울),21.43,14.29,50,,7.14,7.14,,,,,,,3,2,7,,1,1,,,,,,,ok,outputs/pdfs_full/교육학과__EDU2070__고등사고력평가.pdf,,14
H0002256,H0002718,교육학과,EDU2071,교육에서의신경과학과AI,2025,2,2021/1 ~ 2029/2,교육학과(학부/서울),37.5,37.5,,,,12.5,12.5,,,,,,3,3,,,,1,1,,,,,,ok,outputs/pdfs_full/교육학과__EDU2071__교육에서의신경과학과AI.pdf,,8
H0002256,H0002718,교육학과,EDU3001,교육사,2014,2,1989/1 ~ 2016/2,교육학과(학부/서울),12.5,75,12.5,,,,,,,,,,1,6,1,,,,,,,,,,ok,outputs/pdfs_full/교육학과__EDU3001__교육사.pdf,,8
H0002256,H0002718,교육학과,EDU3004,교육행정및정책,2024,2,1990/1 ~ 2029/2,교육학과(학부/서울),50,50,,,,,,,,,,,9,9,,,,,,,,,,,ok,outputs/pdfs_full/교육학과__EDU3004__교육행정및정책.pdf,,18
H0002256,H0002718,교육학과,EDU3007,교수학습이론,2026,1,2008/1 ~ 2028/2,교육학과(학부/서울),83.33,,8.33,,8.33,,,,,,,,10,,1,,1,,,,,,,,ok,outputs/pdfs_full/교육학과__EDU3007__교수학습이론.pdf,,12
H0002256,H0002718,교육학과,EDU3008,비교교육론,2015,1,1992/1 ~ 2016/2,교육학과(학부/서울),20.83,20.83,37.5,,20.83,,,,,,,,5,5,9,,5,,,,,,,,ok,outputs/pdfs_full/교육학과__EDU3008__비교교육론.pdf,,24
H0002256,H0002718,교육학과,EDU3016,교육과정및평가,2013,2,1998/1 ~ 2000/2,교육학과(학부/서울),30.56,43.06,13.89,9.72,2.78,,,,,,,,22,31,10,7,2,,,,,,,,ok,outputs/pdfs_full/교육학과__EDU3016__교육과정및평가.pdf,,72
H0002256,H0002723,교육공학과,EDU3020,교육행정및경영,2026,1,2010/1 ~ 2028/2,교육공학과(학부/서울),98.44,1.56,,,,,,,,,,,63,1,,,,,,,,,,,ok,outputs/pdfs_full/교육공학과__EDU3020__교육행정및경영.pdf,,64
H0002256,H0002718,교육학과,EDU3023,교육과사회변동,2013,1,1995/1 ~ 2017/2,교육학과(학부/서울),30.77,69.23,,,,,,,,,,,4,9,,,,,,,,,,,ok,outputs/pdfs_full/교육학과__EDU3023__교육과사회변동.pdf,,13
H0002256,H0002256,서울 대학,EDU3024,산업체현장실습,2018,2,1997/1 ~ 2027/2,대학(학부/서울),100,,,,,,,,,,,,1,,,,,,,,,,,,ok,outputs/pdfs_seoul_university/서울_대학__EDU3024__산업체현장실습.pdf,,1
H0002256,H0002718,교육학과,EDU3026,서양윤리사상,2012,1,2000/1 ~ 2017/2,교육학과(학부/서울),38.46,23.08,23.08,7.69,,7.69,,,,,,,5,3,3,1,,1,,,,,,,ok,outputs/pdfs_full/교육학과__EDU3026__서양윤리사상.pdf,,13
H0002256,H0002718,교육학과,EDU3030,집단상담,2018,1,2000/1 ~ 2018/2,교육학과(학부/서울),46.15,,46.15,,7.69,,,,,,,,6,,6,,1,,,,,,,,ok,outputs/pdfs_full/교육학과__EDU3030__집단상담.pdf,,13
H0002256,H0002718,교육학과,EDU3032,교육학교과교재및이론,2026,1,2011/1 ~ 2029/2,교육학과(학부/서울),67.5,25,7.5,,,,,,,,,,27,10,3,,,,,,,,,,ok,outputs/pdfs_full/교육학과__EDU3032__교육학교과교재및이론.pdf,,40
H0002256,H0002718,교육학과,EDU3033,세계화와다문화교육,2016,1,2011/1 ~ 2017/2,교육학과(학부/서울),38.46,,38.46,,23.08,,,,,,,,5,,5,,3,,,,,,,,ok,outputs/pdfs_full/교육학과__EDU3033__세계화와다문화교육.pdf,,13
H0002256,H0002718,교육학과,EDU3034,교직실무,2026,1,2011/1 ~ 2029/2,교육학과(학부/서울),88.31,6.49,5.19,,,,,,,,,,68,5,4,,,,,,,,,,ok,outputs/pdfs_full/교육학과__EDU3034__교직실무.pdf,,77
H0002256,H0002718,교육학과,EDU3041,교육봉사활동1,2026,1,2011/1 ~ 2029/2,교육학과(학부/서울),,,,,,,,,,100,,,,,,,,,,,,70,,,ok,outputs/pdfs_full/교육학과__EDU3041__교육봉사활동1.pdf,,70
H0002256,H0002718,교육학과,EDU3042,교육봉사활동2,2025,2,2011/1 ~ 2029/2,교육학과(학부/서울),,,,,,,,,,100,,,,,,,,,,,,64,,,ok,outputs/pdfs_full/교육학과__EDU3042__교육봉사활동2.pdf,,64
H0002256,H0003583,의류학과,EDU3063,가정과교육론,2018,2,2013/1 ~ 2022/2,의류학과,100,,,,,,,,,,,,2,,,,,,,,,,,,ok,outputs/pdfs_full/의류학과__EDU3063__가정과교육론.pdf,,2
H0002256,H0002718,교육학과,EDU3067,사회심리학의이해,2026,1,2008/1 ~ 2026/2,교육학과(학부/서울),100,,,,,,,,,,,,8,,,,,,,,,,,,ok,outputs/pdfs_full/교육학과__EDU3067__사회심리학의이해.pdf,,8
H0002256,H0002718,교육학과,EDU3068,교육법과교사,2013,1,2008/1 ~ 2018/2,교육학과(학부/서울),70.83,29.17,,,,,,,,,,,17,7,,,,,,,,,,,ok,outputs/pdfs_full/교육학과__EDU3068__교육법과교사.pdf,,24
H0002256,H0002718,교육학과,EDU3071,특수교육학개론,2026,1,2011/1 ~ 2029/2,교육학과(학부/서울),43.33,21.67,16.67,6.67,5,3.33,3.33,,,,,,26,13,10,4,3,2,2,,,,,,ok,outputs/pdfs_full/교육학과__EDU3071__특수교육학개론.pdf,,60
H0002256,H0002718,교육학과,EDU3073,동기와정서,2017,1,2015/1 ~ 2017/2,교육학과(학부/서울),44.44,,38.89,,11.11,,5.56,,,,,,8,,7,,2,,1,,,,,,ok,outputs/pdfs_full/교육학과__EDU3073__동기와정서.pdf,,18
H0002256,H0002718,교육학과,EDU3074,교육과리더십,2015,1,2015/1 ~ 2017/2,교육학과(학부/서울),7.14,28.57,42.86,,14.29,,7.14,,,,,,1,4,6,,2,,1,,,,,,ok,outputs/pdfs_full/교육학과__EDU3074__교육과리더십.pdf,,14
H0002256,H0002718,교육학과,EDU3075,학교와지역사회관계,2015,1,2015/1 ~ 2017/2,교육학과(학부/서울),42.11,,36.84,,15.79,5.26,,,,,,,8,,7,,3,1,,,,,,,ok,outputs/pdfs_full/교육학과__EDU3075__학교와지역사회관계.pdf,,19
H0002256,H0002718,교육학과,EDU3077,교육조직행동론,2026,1,2015/1 ~ 2029/2,교육학과(학부/서울),90.91,,,,,,,9.09,,,,,10,,,,,,,1,,,,,ok,outputs/pdfs_full/교육학과__EDU3077__교육조직행동론.pdf,,11
H0002256,H0002723,교육공학과,EDU3078,교육과정론,2026,1,2015/1 ~ 2028/2,교육공학과(학부/서울),61.54,,15.38,7.69,15.38,,,,,,,,8,,2,1,2,,,,,,,,ok,outputs/pdfs_full/교육공학과__EDU3078__교육과정론.pdf,,13
H0002256,H0002723,교육공학과,EDU3079,교육평가론,2026,1,2015/1 ~ 2028/2,교육공학과(학부/서울),43.33,43.33,10,3.33,,,,,,,,,13,13,3,1,,,,,,,,,ok,outputs/pdfs_full/교육공학과__EDU3079__교육평가론.pdf,,30
H0002256,H0002718,교육학과,EDU3080,학교폭력예방및학생의이해,2026,1,2015/1 ~ 2029/2,교육학과(학부/서울),76.19,23.81,,,,,,,,,,,48,15,,,,,,,,,,,ok,outputs/pdfs_full/교육학과__EDU3080__학교폭력예방및학생의이해.pdf,,63
H0002256,H0002718,교육학과,EDU3083,상담실습,2021,2,2018/1 ~ 2021/2,교육학과(학부/서울),84.21,,5.26,,10.53,,,,,,,,16,,1,,2,,,,,,,,ok,outputs/pdfs_full/교육학과__EDU3083__상담실습.pdf,,19
H0002256,H0002718,교육학과,EDU3084,고급교육통계,2020,2,2018/1 ~ 2021/2,교육학과(학부/서울),15.38,23.08,30.77,23.08,,,,7.69,,,,,2,3,4,3,,,,1,,,,,ok,outputs/pdfs_full/교육학과__EDU3084__고급교육통계.pdf,,13
H0002256,H0002718,교육학과,EDU3085,학습과학,2025,2,2022/1 ~ 2025/2,교육학과(학부/서울),100,,,,,,,,,,,,10,,,,,,,,,,,,ok,outputs/pdfs_full/교육학과__EDU3085__학습과학.pdf,,10
H0002256,H0002718,교육학과,EDU3086,사회정책과교육,2022,1,2022/1 ~ 2022/2,교육학과(학부/서울),40,,46.67,13.33,,,,,,,,,6,,7,2,,,,,,,,,ok,outputs/pdfs_full/교육학과__EDU3086__사회정책과교육.pdf,,15
H0002256,H0002718,교육학과,EDU3087,교육행정데이터분석,2025,1,2023/1 ~ 2030/2,교육학과(학부/서울),75,25,,,,,,,,,,,12,4,,,,,,,,,,,ok,outputs/pdfs_full/교육학과__EDU3087__교육행정데이터분석.pdf,,16
H0002256,H0002718,교육학과,EDU4001,교육평가,2026,1,1990/1 ~ 2028/2,교육학과(학부/서울),16.67,16.67,50,8.33,8.33,,,,,,,,2,2,6,1,1,,,,,,,,ok,outputs/pdfs_full/교육학과__EDU4001__교육평가.pdf,,12
H0002256,H0002718,교육학과,EDU4003,교육실습,2026,1,1992/1 ~ 2030/2,교육학과(학부/서울),95.97,4.03,,,,,,,,,,,119,5,,,,,,,,,,,ok,outputs/pdfs_full/교육학과__EDU4003__교육실습.pdf,,124
H0002256,H0002718,교육학과,EDU4007,평생교육론,2002,2,1992/1 ~ 2026/2,교육학과(학부/서울),18.18,48.48,21.21,12.12,,,,,,,,,6,16,7,4,,,,,,,,,ok,outputs/pdfs_full/교육학과__EDU4007__평생교육론.pdf,,33
H0002256,H0002718,교육학과,EDU4013,성격심리,2021,1,1991/1 ~ 2025/2,교육학과(학부/서울),40.63,,59.38,,,,,,,,,,13,,19,,,,,,,,,,ok,outputs/pdfs_full/교육학과__EDU4013__성격심리.pdf,,32
H0002256,H0002718,교육학과,EDU4019,교육방법및공학,2026,1,1998/1 ~ 2020/2,교육학과(학부/서울),95.08,3.28,1.64,,,,,,,,,,58,2,1,,,,,,,,,,ok,outputs/pdfs_full/교육학과__EDU4019__교육방법및공학.pdf,,61
H0002256,H0002718,교육학과,EDU4021,평생교육방법론,2018,1,1992/1 ~ 2018/2,교육학과(학부/서울),35.29,11.76,35.29,11.76,5.88,,,,,,,,6,2,6,2,1,,,,,,,,ok,outputs/pdfs_full/교육학과__EDU4021__평생교육방법론.pdf,,17
H0002256,H0002718,교육학과,EDU4031,직업과윤리,2017,2,2000/1 ~ 2018/2,교육학과(학부/서울),100,,,,,,,,,,,,9,,,,,,,,,,,,ok,outputs/pdfs_full/교육학과__EDU4031__직업과윤리.pdf,,9
H0002256,H0002718,교육학과,EDU4032,교육공학세미나,2026,1,2000/1 ~ 2003/2,교육학과(학부/서울),88.89,11.11,,,,,,,,,,,8,1,,,,,,,,,,,ok,outputs/pdfs_full/교육학과__EDU4032__교육공학세미나.pdf,,9
H0002256,H0002718,교육학과,EDU4036,교육명품개발의이론과실제,2025,2,2000/1 ~ 2003/2,교육학과(학부/서울),37.5,25,,,,,,,,37.5,,,3,2,,,,,,,,3,,,ok,outputs/pdfs_full/교육학과__EDU4036__교육명품개발의이론과실제.pdf,,8
H0002256,H0002723,교육공학과,EDU4037,데이터기반인적자원개발,2026,1,2004/1 ~ 2026/1,교육공학과(학부/서울),90.91,,,,,,,,,9.09,,,10,,,,,,,,,1,,,ok,outputs/pdfs_full/교육공학과__EDU4037__데이터기반인적자원개발.pdf,,11
H0002256,H0002256,서울 대학,EDU4074,과학교육론,2008,1,2003/1 ~ 2019/2,대학(학부/서울),,100,,,,,,,,,,,,1,,,,,,,,,,,ok,outputs/pdfs_seoul_university/서울_대학__EDU4074__과학교육론.pdf,,1
H0002256,H0002718,교육학과,EDU4091,학생상담과생활지도,2018,1,2016/1 ~ 2018/2,교육학과(학부/서울),35.29,,47.06,,17.65,,,,,,,,6,,8,,3,,,,,,,,ok,outputs/pdfs_full/교육학과__EDU4091__학생상담과생활지도.pdf,,17
H0002256,H0002718,교육학과,EDU4092,성인교육,2022,1,2016/1 ~ 2025/2,교육학과(학부/서울),92.86,7.14,,,,,,,,,,,13,1,,,,,,,,,,,ok,outputs/pdfs_full/교육학과__EDU4092__성인교육.pdf,,14
H0002256,H0002718,교육학과,EDU4094,뇌기반교육과상담,2025,2,2016/1 ~ 2030/2,교육학과(학부/서울),100,,,,,,,,,,,,7,,,,,,,,,,,,ok,outputs/pdfs_full/교육학과__EDU4094__뇌기반교육과상담.pdf,,7
H0002256,H0002718,교육학과,EDU4096,이상심리,2026,1,2019/1 ~ 2029/2,교육학과(학부/서울),100,,,,,,,,,,,,13,,,,,,,,,,,,ok,outputs/pdfs_full/교육학과__EDU4096__이상심리.pdf,,13
H0002256,H0002718,교육학과,EDU4099,교육프로그램개발및평가,2024,1,2020/2 ~ 2030/2,교육학과(학부/서울),100,,,,,,,,,,,,4,,,,,,,,,,,,ok,outputs/pdfs_full/교육학과__EDU4099__교육프로그램개발및평가.pdf,,4
H0002256,H0002718,교육학과,EDU4100,한국교육정책실제,2026,1,2023/1 ~ 2029/2,교육학과(학부/서울),100,,,,,,,,,,,,11,,,,,,,,,,,,ok,outputs/pdfs_full/교육학과__EDU4100__한국교육정책실제.pdf,,11
H0002256,H0002256,서울 대학,EDU4101,학기제교육실습,2024,2,2023/2 ~ 2027/2,대학(학부/서울),60,40,,,,,,,,,,,3,2,,,,,,,,,,,ok,outputs/pdfs_seoul_university/서울_대학__EDU4101__학기제교육실습.pdf,,5
H0002256,H0002517,건설환경공학과,EEC3005,상하수도공학,2026,1,2011/1 ~ 2029/2,건설환경공학과(학부/서울),30,,40,,30,,,,,,,,6,,8,,6,,,,,,,,ok,outputs/pdfs_full/건설환경공학과__EEC3005__상하수도공학.pdf,,20
H0002256,H0002256,서울 대학,EGY1001,에너지과학과기술,2026,1,2012/1 ~ 2012/2,대학(학부/서울),50,35,15,,,,,,,,,,10,7,3,,,,,,,,,,ok,outputs/pdfs_seoul_university/서울_대학__EGY1001__에너지과학과기술.pdf,,20
H0002256,H0002575,융합전자공학부,EIS1015,임베디드시스템설계,2026,1,2013/1 ~ 2029/2,융합전자공학부,41.67,29.17,20.83,2.08,2.08,4.17,,,,,,,20,14,10,1,1,2,,,,,,,ok,outputs/pdfs_full/융합전자공학부__EIS1015__임베디드시스템설계.pdf,,48
H0002256,H0002575,융합전자공학부,ELE1003,전기회로이론,2026,1,2026/1 ~ 2028/2,융합전자공학부,22.36,17.3,23.63,10.13,16.88,6.75,0.84,0.42,,,1.69,,53,41,56,24,40,16,2,1,,,4,,ok,outputs/pdfs_full/융합전자공학부__ELE1003__전기회로이론.pdf,,237
H0002256,H0002575,융합전자공학부,ELE1008,C프로그래밍기법,2015,1,2010/1 ~ 2015/2,융합전자공학부,23.27,20.13,26.42,11.95,12.58,4.4,0.63,0.63,,,,,37,32,42,19,20,7,1,1,,,,,ok,outputs/pdfs_full/융합전자공학부__ELE1008__C프로그래밍기법.pdf,,159
H0002256,H0002575,융합전자공학부,ELE1010,일반전자물리1,2026,1,2016/1 ~ 2027/2,융합전자공학부,19.4,12.07,34.91,6.9,21.98,4.74,,,,,,,45,28,81,16,51,11,,,,,,,ok,outputs/pdfs_full/융합전자공학부__ELE1010__일반전자물리1.pdf,,232
H0002256,H0002575,융합전자공학부,ELE1011,일반전자물리2,2025,2,2016/1 ~ 2027/2,융합전자공학부,17.1,12.44,26.42,9.84,20.21,7.77,5.7,,,,0.52,,33,24,51,19,39,15,11,,,,1,,ok,outputs/pdfs_full/융합전자공학부__ELE1011__일반전자물리2.pdf,,193
H0002256,H0002520,전기공학전공,ELE2001,회로이론,2026,1,2010/1 ~ 2028/2,전기공학전공(학부/서울),19.27,28.44,22.02,9.17,10.09,7.34,3.67,,,,,,21,31,24,10,11,8,4,,,,,,ok,outputs/pdfs_full/전기공학전공__ELE2001__회로이론.pdf,,109
H0002256,H0002520,전기공학전공,ELE2002,회로망이론,2025,2,2010/1 ~ 2028/2,전기공학전공(학부/서울),17.5,12.5,35,7.5,15,6.25,6.25,,,,,,14,10,28,6,12,5,5,,,,,,ok,outputs/pdfs_full/전기공학전공__ELE2002__회로망이론.pdf,,80
H0002256,H0002520,전기공학전공,ELE2051,전기기초실험1,2026,1,2010/1 ~ 2028/2,전기공학전공(학부/서울),27.78,25,16.67,13.89,2.78,8.33,2.78,2.78,,,,,10,9,6,5,1,3,1,1,,,,,ok,outputs/pdfs_full/전기공학전공__ELE2051__전기기초실험1.pdf,,36
H0002256,H0002520,전기공학전공,ELE2052,전기기초실험2,2019,2,2010/1 ~ 2020/2,전기공학전공(학부/서울),100,,,,,,,,,,,,11,,,,,,,,,,,,ok,outputs/pdfs_full/전기공학전공__ELE2052__전기기초실험2.pdf,,11
H0002256,H0002520,전기공학전공,ELE3004,제어공학,2025,2,2011/1 ~ 2029/2,전기공학전공(학부/서울),43.04,20.25,20.25,5.06,7.59,1.27,,2.53,,,,,34,16,16,4,6,1,,2,,,,,ok,outputs/pdfs_full/전기공학전공__ELE3004__제어공학.pdf,,79
H0002256,H0002520,전기공학전공,ELE3013,전기기기,2025,2,2012/1 ~ 2029/2,전기공학전공(학부/서울),31.67,,41.67,,18.33,8.33,,,,,,,19,,25,,11,5,,,,,,,ok,outputs/pdfs_full/전기공학전공__ELE3013__전기기기.pdf,,60
H0002256,H0002519,컴퓨터전공,ELE3019,컴퓨터구조1,2026,1,2014/1 ~ 2017/2,컴퓨터전공,24.66,32.88,12.33,13.7,2.74,1.37,2.74,2.74,,,6.85,,18,24,9,10,2,1,2,2,,,5,,ok,outputs/pdfs_full/컴퓨터전공__ELE3019__컴퓨터구조1.pdf,,73
H0002256,H0002519,컴퓨터전공,ELE3020,컴퓨터구조2,2025,2,2014/1 ~ 2017/2,컴퓨터전공,25.37,23.88,20.9,14.93,4.48,7.46,2.99,,,,,,17,16,14,10,3,5,2,,,,,,ok,outputs/pdfs_full/컴퓨터전공__ELE3020__컴퓨터구조2.pdf,,67
H0002256,H0002575,융합전자공학부,ELE3021,운영체제,2026,1,2012/1 ~ 2029/2,융합전자공학부,23.67,17.87,27.05,13.04,8.7,0.97,2.9,2.9,,,2.9,,49,37,56,27,18,2,6,6,,,6,,ok,outputs/pdfs_full/융합전자공학부__ELE3021__운영체제.pdf,,207
H0002256,H0002725,수학교육과,ELE3037,확률과통계,2025,2,2009/1 ~ 2027/2,수학교육과,23.08,15.38,30.77,15.38,7.69,,7.69,,,,,,3,2,4,2,1,,1,,,,,,ok,outputs/pdfs_full/수학교육과__ELE3037__확률과통계.pdf,,13
H0002256,H0002575,융합전자공학부,ELE3039,알고리즘,2025,2,2012/1 ~ 2029/2,융합전자공학부,15.87,31.75,28.57,14.29,3.17,,,4.76,,,1.59,,10,20,18,9,2,,,3,,,1,,ok,outputs/pdfs_full/융합전자공학부__ELE3039__알고리즘.pdf,,63
H0002256,H0002575,융합전자공학부,ELE3040,모빌리티기술기초및산업동향,2025,2,2024/2 ~ 2029/2,융합전자공학부,20.51,20.51,20.51,20.51,17.95,,,,,,,,8,8,8,8,7,,,,,,,,ok,outputs/pdfs_full/융합전자공학부__ELE3040__모빌리티기술기초및산업동향.pdf,,39
H0002256,H0002575,융합전자공학부,ELE3067,집적회로소자,2026,1,2012/1 ~ 2029/2,융합전자공학부,34.12,9.41,35.29,7.06,9.41,3.53,1.18,,,,,,29,8,30,6,8,3,1,,,,,,ok,outputs/pdfs_full/융합전자공학부__ELE3067__집적회로소자.pdf,,85
H0002256,H0002575,융합전자공학부,ELE3074,전자회로1,2026,1,2012/1 ~ 2029/2,융합전자공학부,23.96,22.92,22.92,15.63,7.29,5.21,1.04,0.52,,,0.52,,46,44,44,30,14,10,2,1,,,1,,ok,outputs/pdfs_full/융합전자공학부__ELE3074__전자회로1.pdf,,192
H0002256,H0002575,융합전자공학부,ELE3075,전자회로2,2025,2,2012/1 ~ 2029/2,융합전자공학부,30.88,25.74,22.06,10.29,7.35,2.21,,0.74,,,0.74,,42,35,30,14,10,3,,1,,,1,,ok,outputs/pdfs_full/융합전자공학부__ELE3075__전자회로2.pdf,,136
H0002256,H0002575,융합전자공학부,ELE3076,디지털신호처리1,2026,1,2012/1 ~ 2029/2,융합전자공학부,21.02,23.57,20.38,12.74,12.74,5.1,1.27,2.55,,,0.64,,33,37,32,20,20,8,2,4,,,1,,ok,outputs/pdfs_full/융합전자공학부__ELE3076__디지털신호처리1.pdf,,157
H0002256,H0002575,융합전자공학부,ELE3077,디지털신호처리2,2025,2,2012/1 ~ 2029/2,융합전자공학부,51.85,25.93,11.11,3.7,3.7,,3.7,,,,,,14,7,3,1,1,,1,,,,,,ok,outputs/pdfs_full/융합전자공학부__ELE3077__디지털신호처리2.pdf,,27
H0002256,H0002575,융합전자공학부,ELE3079,제어시스템개론,2026,1,2012/1 ~ 2029/2,융합전자공학부,15.38,23.08,18.46,18.46,10.77,13.85,,,,,,,10,15,12,12,7,9,,,,,,,ok,outputs/pdfs_full/융합전자공학부__ELE3079__제어시스템개론.pdf,,65
H0002256,H0002575,융합전자공학부,ELE3080,디스플레이설계및공정,2026,1,2012/1 ~ 2030/2,융합전자공학부,18.18,18.18,18.18,13.64,18.18,4.55,,,,,9.09,,4,4,4,3,4,1,,,,,2,,ok,outputs/pdfs_full/융합전자공학부__ELE3080__디스플레이설계및공정.pdf,,22
H0002256,H0002575,융합전자공학부,ELE3081,VLSI공학,2025,2,2012/1 ~ 2029/2,융합전자공학부,23.49,23.49,25.5,10.74,11.41,1.34,1.34,,,,2.68,,35,35,38,16,17,2,2,,,,4,,ok,outputs/pdfs_full/융합전자공학부__ELE3081__VLSI공학.pdf,,149
H0002256,H0002575,융합전자공학부,ELE3083,융합전자실용공학연구1,2023,1,2018/2 ~ 2025/2,융합전자공학부,,,,,,,,,,100,,,,,,,,,,,,8,,,ok,outputs/pdfs_full/융합전자공학부__ELE3083__융합전자실용공학연구1.pdf,,8
H0002256,H0002575,융합전자공학부,ELE3084,융합전자실용공학연구2,2023,2,2018/2 ~ 2025/2,융합전자공학부,,,,,,,,,,100,,,,,,,,,,,,12,,,ok,outputs/pdfs_full/융합전자공학부__ELE3084__융합전자실용공학연구2.pdf,,12
H0002256,H0002520,전기공학전공,ELE4004,에너지변환공학,2024,1,2012/1 ~ 2030/2,전기공학전공(학부/서울),20.59,17.65,29.41,8.82,14.71,,8.82,,,,,,7,6,10,3,5,,3,,,,,,ok,outputs/pdfs_full/전기공학전공__ELE4004__에너지변환공학.pdf,,34
H0002256,H0002520,전기공학전공,ELE4005,전력전자공학,2025,2,2012/1 ~ 2017/2,전기공학전공(학부/서울),29.41,,41.18,,11.76,17.65,,,,,,,5,,7,,2,3,,,,,,,ok,outputs/pdfs_full/전기공학전공__ELE4005__전력전자공학.pdf,,17
H0002256,H0002520,전기공학전공,ELE4019,전력시스템공학,2025,2,2011/1 ~ 2029/2,전기공학전공(학부/서울),34.29,37.14,11.43,14.29,2.86,,,,,,,,12,13,4,5,1,,,,,,,,ok,outputs/pdfs_full/전기공학전공__ELE4019__전력시스템공학.pdf,,35
H0002256,H0002520,전기공학전공,ELE4025,펄스파워공학,2023,2,2011/1 ~ 2029/2,전기공학전공(학부/서울),40,,35,10,5,,10,,,,,,8,,7,2,1,,2,,,,,,ok,outputs/pdfs_full/전기공학전공__ELE4025__펄스파워공학.pdf,,20
H0002256,H0002518,소프트웨어전공,ELE4029,컴파일러설계,2025,2,2014/2 ~ 2021/2,소프트웨어전공,16.19,17.14,29.52,13.33,6.67,10.48,,5.71,,,0.95,,17,18,31,14,7,11,,6,,,1,,ok,outputs/pdfs_full/소프트웨어전공__ELE4029__컴파일러설계.pdf,,105
H0002256,H0002575,융합전자공학부,ELE4031,통신시스템,2025,2,2012/1 ~ 2029/2,융합전자공학부,20,12,32,16,4,4,4,4,,,4,,5,3,8,4,1,1,1,1,,,1,,ok,outputs/pdfs_full/융합전자공학부__ELE4031__통신시스템.pdf,,25
H0002256,H0002575,융합전자공학부,ELE4033,마이크로파회로설계,2023,1,2012/1 ~ 2029/2,융합전자공학부,14.29,21.43,28.57,21.43,,7.14,7.14,,,,,,2,3,4,3,,1,1,,,,,,ok,outputs/pdfs_full/융합전자공학부__ELE4033__마이크로파회로설계.pdf,,14
H0002256,H0002520,전기공학전공,ELE4037,디지털신호처리응용,2017,2,2015/1 ~ 2017/2,전기공학전공(학부/서울),17.95,33.33,23.08,15.38,10.26,,,,,,,,7,13,9,6,4,,,,,,,,ok,outputs/pdfs_full/전기공학전공__ELE4037__디지털신호처리응용.pdf,,39
H0002256,H0002520,전기공학전공,ELE4073,전기물성1,2024,2,2010/1 ~ 2025/2,전기공학전공(학부/서울),26.32,5.26,31.58,10.53,18.42,7.89,,,,,,,10,2,12,4,7,3,,,,,,,ok,outputs/pdfs_full/전기공학전공__ELE4073__전기물성1.pdf,,38
H0002256,H0002520,전기공학전공,ELE4074,전기물성2,2025,1,2011/1 ~ 2029/2,전기공학전공(학부/서울),80,20,,,,,,,,,,,4,1,,,,,,,,,,,ok,outputs/pdfs_full/전기공학전공__ELE4074__전기물성2.pdf,,5
H0002256,H0002575,융합전자공학부,ELE4077,고체전자물리개론,2026,1,2011/1 ~ 2028/2,융합전자공학부,42.59,14.07,22.96,5.93,8.89,3.7,0.74,0.74,,,0.37,,115,38,62,16,24,10,2,2,,,1,,ok,outputs/pdfs_full/융합전자공학부__ELE4077__고체전자물리개론.pdf,,270
H0002256,H0002575,융합전자공학부,ELE4083,정보디스플레이공학개론,2025,2,2012/1 ~ 2029/2,융합전자공학부,16.67,16.67,22.22,22.22,13.89,2.78,,,,,5.56,,6,6,8,8,5,1,,,,,2,,ok,outputs/pdfs_full/융합전자공학부__ELE4083__정보디스플레이공학개론.pdf,,36
H0002256,H0002575,융합전자공학부,ELE4084,디스플레이구동회로,2025,2,2013/1 ~ 2030/2,융합전자공학부,16.67,8.33,33.33,16.67,16.67,8.33,,,,,,,2,1,4,2,2,1,,,,,,,ok,outputs/pdfs_full/융합전자공학부__ELE4084__디스플레이구동회로.pdf,,12
H0002256,H0002575,융합전자공학부,ELE4089,바이오전자공학개론,2018,1,2013/1 ~ 2018/2,융합전자공학부,23.53,5.88,41.18,5.88,23.53,,,,,,,,4,1,7,1,4,,,,,,,,ok,outputs/pdfs_full/융합전자공학부__ELE4089__바이오전자공학개론.pdf,,17
H0002256,H0002575,융합전자공학부,ELE4090,자동차IT개론,2018,1,2013/1 ~ 2018/2,융합전자공학부,24,17.33,26.67,9.33,22.67,,,,,,,,18,13,20,7,17,,,,,,,,ok,outputs/pdfs_full/융합전자공학부__ELE4090__자동차IT개론.pdf,,75
H0002256,H0002575,융합전자공학부,ELE4091,그린IT개론,2018,1,2013/1 ~ 2018/2,융합전자공학부,28.57,7.14,28.57,14.29,14.29,7.14,,,,,,,4,1,4,2,2,1,,,,,,,ok,outputs/pdfs_full/융합전자공학부__ELE4091__그린IT개론.pdf,,14
H0002256,H0002575,융합전자공학부,ELE4092,컴퓨터비전개론,2025,2,2013/1 ~ 2030/2,융합전자공학부,22.03,22.03,35.59,13.56,6.78,,,,,,,,13,13,21,8,4,,,,,,,,ok,outputs/pdfs_full/융합전자공학부__ELE4092__컴퓨터비전개론.pdf,,59
H0002256,H0002575,융합전자공학부,ELE4094,이동통신단말시스템설계,2016,2,2013/1 ~ 2026/2,융합전자공학부,13.33,20,26.67,13.33,20,6.67,,,,,,,2,3,4,2,3,1,,,,,,,ok,outputs/pdfs_full/융합전자공학부__ELE4094__이동통신단말시스템설계.pdf,,15
H0002256,H0002575,융합전자공학부,ELE4096,고급자동차IT공학,2014,2,2013/1 ~ 2018/2,융합전자공학부,20.59,11.76,29.41,17.65,2.94,17.65,,,,,,,7,4,10,6,1,6,,,,,,,ok,outputs/pdfs_full/융합전자공학부__ELE4096__고급자동차IT공학.pdf,,34
H0002256,H0002575,융합전자공학부,ELE4100,무선네트워크,2026,1,2014/1 ~ 2030/2,융합전자공학부,16.67,44.44,13.89,5.56,8.33,11.11,,,,,,,6,16,5,2,3,4,,,,,,,ok,outputs/pdfs_full/융합전자공학부__ELE4100__무선네트워크.pdf,,36
H0002256,H0002575,융합전자공학부,ELE4102,전파시스템,2025,1,2019/1 ~ 2030/2,융합전자공학부,30.77,38.46,19.23,11.54,,,,,,,,,8,10,5,3,,,,,,,,,ok,outputs/pdfs_full/융합전자공학부__ELE4102__전파시스템.pdf,,26
H0002256,H0002575,융합전자공학부,ELE4103,인공지능플랫폼기초및실습,2025,1,2023/1 ~ 2030/2,융합전자공학부,38.1,61.9,,,,,,,,,,,8,13,,,,,,,,,,,ok,outputs/pdfs_full/융합전자공학부__ELE4103__인공지능플랫폼기초및실습.pdf,,21
H0002256,H0002575,융합전자공학부,ELE4105,캡스톤디자인:디지털설계,2024,2,2022/2 ~ 2030/2,융합전자공학부,78.26,21.74,,,,,,,,,,,18,5,,,,,,,,,,,ok,outputs/pdfs_full/융합전자공학부__ELE4105__캡스톤디자인_디지털설계.pdf,,23
H0002256,H0002575,융합전자공학부,ELE4106,캡스톤디자인:아날로그설계,2025,2,2022/2 ~ 2030/2,융합전자공학부,88,12,,,,,,,,,,,22,3,,,,,,,,,,,ok,outputs/pdfs_full/융합전자공학부__ELE4106__캡스톤디자인_아날로그설계.pdf,,25
H0002256,H0002575,융합전자공학부,ELE4107,캡스톤디자인:반도체소자,2025,2,2022/2 ~ 2030/2,융합전자공학부,74.19,12.9,12.9,,,,,,,,,,23,4,4,,,,,,,,,,ok,outputs/pdfs_full/융합전자공학부__ELE4107__캡스톤디자인_반도체소자.pdf,,31
H0002256,H0002575,융합전자공학부,ELE5000,융합전자공학종합설계1,2026,1,2013/1 ~ 2030/2,융합전자공학부,68.75,31.25,,,,,,,,,,,11,5,,,,,,,,,,,ok,outputs/pdfs_full/융합전자공학부__ELE5000__융합전자공학종합설계1.pdf,,16
H0002256,H0002575,융합전자공학부,ELE5001,융합전자공학종합설계2,2025,2,2013/1 ~ 2030/2,융합전자공학부,67.12,26.03,6.16,0.68,,,,,,,,,98,38,9,1,,,,,,,,,ok,outputs/pdfs_full/융합전자공학부__ELE5001__융합전자공학종합설계2.pdf,,146
H0002256,H0002575,융합전자공학부,ELE5002,융합전자설계입문,2025,2,2013/1 ~ 2028/2,융합전자공학부,82.35,7.84,3.92,5.88,,,,,,,,,42,4,2,3,,,,,,,,,ok,outputs/pdfs_full/융합전자공학부__ELE5002__융합전자설계입문.pdf,,51
H0002256,H0002575,융합전자공학부,ENE1004,컴퓨터구조,2026,1,2012/1 ~ 2029/2,융합전자공학부,27.96,22.58,23.66,18.28,1.08,1.08,1.08,4.3,,,,,26,21,22,17,1,1,1,4,,,,,ok,outputs/pdfs_full/융합전자공학부__ENE1004__컴퓨터구조.pdf,,93
H0002256,H0002520,전기공학전공,ENE2001,기초전자공학,2016,1,2010/1 ~ 2016/2,전기공학전공(학부/서울),5.48,26.03,23.29,19.18,12.33,12.33,,1.37,,,,,4,19,17,14,9,9,,1,,,,,ok,outputs/pdfs_full/전기공학전공__ENE2001__기초전자공학.pdf,,73
H0002256,H0002575,융합전자공학부,ENE2006,반도체회로공정,2026,1,2013/1 ~ 2030/2,융합전자공학부,35.66,20.16,20.93,4.65,12.4,0.78,2.33,1.55,,,1.55,,46,26,27,6,16,1,3,2,,,2,,ok,outputs/pdfs_full/융합전자공학부__ENE2006__반도체회로공정.pdf,,129
H0002256,H0002519,컴퓨터전공,ENE2008,컴퓨터알고리즘,2014,2,2013/1 ~ 2014/2,컴퓨터전공,25.68,25.68,22.3,8.78,6.76,4.73,2.03,2.7,,1.35,,,38,38,33,13,10,7,3,4,,2,,,ok,outputs/pdfs_full/컴퓨터전공__ENE2008__컴퓨터알고리즘.pdf,,148
H0002256,H0002519,컴퓨터전공,ENE3001,전자회로,2025,2,2014/1 ~ 2017/2,컴퓨터전공,16.67,21.67,22.5,12.5,10,2.5,13.33,,,,0.83,,20,26,27,15,12,3,16,,,,1,,ok,outputs/pdfs_full/컴퓨터전공__ENE3001__전자회로.pdf,,120
H0002256,H0002520,전기공학전공,ENE3002,전자회로2,2017,1,2011/1 ~ 2017/2,전기공학전공(학부/서울),27.27,9.09,45.45,,18.18,,,,,,,,3,1,5,,2,,,,,,,,ok,outputs/pdfs_full/전기공학전공__ENE3002__전자회로2.pdf,,11
H0002256,H0002518,소프트웨어전공,ENE4014,프로그래밍언어론,2026,1,2014/1 ~ 2021/2,소프트웨어전공,20.89,12.66,22.78,15.19,12.03,8.86,6.96,0.63,,,,,33,20,36,24,19,14,11,1,,,,,ok,outputs/pdfs_full/소프트웨어전공__ENE4014__프로그래밍언어론.pdf,,158
H0002256,H0002520,전기공학전공,ENE4015,신호처리,2021,2,2011/1 ~ 2029/2,전기공학전공(학부/서울),28.21,15.38,28.21,12.82,7.69,,,7.69,,,,,11,6,11,5,3,,,3,,,,,ok,outputs/pdfs_full/전기공학전공__ENE4015__신호처리.pdf,,39
H0002256,H0002575,융합전자공학부,ENE4019,컴퓨터네트워크,2026,1,2012/1 ~ 2029/2,융합전자공학부,,4.17,45.83,33.33,12.5,4.17,,,,,,,,1,11,8,3,1,,,,,,,ok,outputs/pdfs_full/융합전자공학부__ENE4019__컴퓨터네트워크.pdf,,24
H0002256,H0002575,융합전자공학부,ENE4029,반도체소자,2026,1,2011/1 ~ 2028/2,융합전자공학부,22.58,12.9,32.26,,12.9,,12.9,,,,6.45,,7,4,10,,4,,4,,,,2,,ok,outputs/pdfs_full/융합전자공학부__ENE4029__반도체소자.pdf,,31
H0002256,H0002575,융합전자공학부,ENE4039,아날로그회로설계,2025,2,2013/1 ~ 2030/2,융합전자공학부,20.83,6.25,20.83,14.58,18.75,4.17,,8.33,,,6.25,,10,3,10,7,9,2,,4,,,3,,ok,outputs/pdfs_full/융합전자공학부__ENE4039__아날로그회로설계.pdf,,48
H0002256,H0002518,소프트웨어전공,ENE4041,마이크로프로세서응용,2025,2,2017/1 ~ 2020/2,소프트웨어전공,27.19,20.18,22.81,14.91,7.89,2.63,3.51,0.88,,,,,31,23,26,17,9,3,4,1,,,,,ok,outputs/pdfs_full/소프트웨어전공__ENE4041__마이크로프로세서응용.pdf,,114
H0002256,H0002521,건축공학부,ENE4044,컴퓨터공학,2026,1,2006/1 ~ 2030/2,건축공학부(학부/서울),45.21,15.07,23.29,5.48,8.22,2.74,,,,,,,33,11,17,4,6,2,,,,,,,ok,outputs/pdfs_full/건축공학부__ENE4044__컴퓨터공학.pdf,,73
H0002256,H0004800,미래자동차기술융합전공,ENE4054,자동제어,2026,1,2018/1 ~ 2029/2,미래자동차기술융합전공,25,8.93,24.11,12.5,16.96,11.61,0.89,,,,,,28,10,27,14,19,13,1,,,,,,ok,outputs/pdfs_full/미래자동차기술융합전공__ENE4054__자동제어.pdf,,112
H0002256,H0002794,국어국문학과,ENG1063,영어능력평가와연습,2015,1,2010/1 ~ 2015/2,국어국문학(학부-인문과/서울),30.65,16.67,29.57,7.53,8.6,5.38,0.54,1.08,,,,,57,31,55,14,16,10,1,2,,,,,ok,outputs/pdfs_full/국어국문학과__ENG1063__영어능력평가와연습.pdf,,186
H0002256,H0002800,영어영문학과,ENG1065,영문학고전감상,2015,2,2013/1 ~ 2015/2,영어영문학(학부/서울),10.14,21.74,21.74,20.29,13.04,2.9,4.35,4.35,,1.45,,,7,15,15,14,9,2,3,3,,1,,,ok,outputs/pdfs_full/영어영문학과__ENG1065__영문학고전감상.pdf,,69
H0002256,H0002800,영어영문학과,ENG1066,영어어법연습,2026,1,2016/1 ~ 2027/2,영어영문학(학부/서울),12.86,31.43,31.43,11.43,1.43,8.57,,2.86,,,,,9,22,22,8,1,6,,2,,,,,ok,outputs/pdfs_full/영어영문학과__ENG1066__영어어법연습.pdf,,70
H0002256,H0002800,영어영문학과,ENG1067,영어읽기와토론,2026,1,2016/1 ~ 2029/2,영어영문학(학부/서울),42.11,34.21,10.53,10.53,2.63,,,,,,,,16,13,4,4,1,,,,,,,,ok,outputs/pdfs_full/영어영문학과__ENG1067__영어읽기와토론.pdf,,38
H0002256,H0002800,영어영문학과,ENG1068,영어읽기와토론2,2025,2,2016/1 ~ 2025/2,영어영문학(학부/서울),72.13,18.03,8.2,,1.64,,,,,,,,44,11,5,,1,,,,,,,,ok,outputs/pdfs_full/영어영문학과__ENG1068__영어읽기와토론2.pdf,,61
H0002256,H0002800,영어영문학과,ENG1069,영미문학읽기,2025,2,2016/1 ~ 2028/2,영어영문학(학부/서울),25.3,43.37,15.66,9.64,2.41,2.41,1.2,,,,,,21,36,13,8,2,2,1,,,,,,ok,outputs/pdfs_full/영어영문학과__ENG1069__영미문학읽기.pdf,,83
H0002256,H0002800,영어영문학과,ENG1070,영어연극캡스톤디자인,2019,2,2018/1 ~ 2019/2,영어영문학(학부/서울),84.38,15.63,,,,,,,,,,,27,5,,,,,,,,,,,ok,outputs/pdfs_full/영어영문학과__ENG1070__영어연극캡스톤디자인.pdf,,32
H0002256,H0002800,영어영문학과,ENG1071,영어연극공연캡스톤디자인,2023,2,2020/1 ~ 2023/2,영어영문학(학부/서울),25,12.5,,12.5,12.5,25,12.5,,,,,,2,1,,1,1,2,1,,,,,,ok,outputs/pdfs_full/영어영문학과__ENG1071__영어연극공연캡스톤디자인.pdf,,8
H0002256,H0002800,영어영문학과,ENG1072,영어연극이론과실습캡스톤디자인,2025,2,2025/1 ~ 2026/1,영어영문학(학부/서울),100,,,,,,,,,,,,34,,,,,,,,,,,,ok,outputs/pdfs_full/영어영문학과__ENG1072__영어연극이론과실습캡스톤디자인.pdf,,34
H0002256,H0002800,영어영문학과,ENG2005,영어음운론,2025,2,1992/1 ~ 2028/2,영어영문학(학부/서울),,25,43.75,25,,,,6.25,,,,,,4,7,4,,,,1,,,,,ok,outputs/pdfs_full/영어영문학과__ENG2005__영어음운론.pdf,,16
H0002256,H0002800,영어영문학과,ENG2033,미국역사와문학,2026,1,2006/1 ~ 2028/2,영어영문학(학부/서울),53.33,26.67,10,3.33,,,,,,6.67,,,16,8,3,1,,,,,,2,,,ok,outputs/pdfs_full/영어영문학과__ENG2033__미국역사와문학.pdf,,30
H0002256,H0002800,영어영문학과,ENG2038,영국역사와문학,2025,2,2008/1 ~ 2028/2,영어영문학(학부/서울),40,10,16.67,10,,6.67,3.33,6.67,,6.67,,,12,3,5,3,,2,1,2,,2,,,ok,outputs/pdfs_full/영어영문학과__ENG2038__영국역사와문학.pdf,,30
H0002256,H0002800,영어영문학과,ENG2063,영어음성학,2026,1,1989/1 ~ 2028/2,영어영문학(학부/서울),28.57,47.62,4.76,4.76,4.76,,4.76,,,4.76,,,6,10,1,1,1,,1,,,1,,,ok,outputs/pdfs_full/영어영문학과__ENG2063__영어음성학.pdf,,21
H0002256,H0002800,영어영문학과,ENG2073,드라마:문학텍스트와공연문화,2026,1,2006/1 ~ 2028/2,영어영문학(학부/서울),54.72,24.53,5.66,5.66,3.77,1.89,1.89,1.89,,,,,29,13,3,3,2,1,1,1,,,,,ok,outputs/pdfs_full/영어영문학과__ENG2073__드라마_문학텍스트와공연문화.pdf,,53
H0002256,H0002800,영어영문학과,ENG2074,21세기드라마,2024,2,2006/1 ~ 2029/2,영어영문학(학부/서울),37.93,20.69,6.9,6.9,3.45,17.24,6.9,,,,,,11,6,2,2,1,5,2,,,,,,ok,outputs/pdfs_full/영어영문학과__ENG2074__21세기드라마.pdf,,29
H0002256,H0002800,영어영문학과,ENG2075,소설과역사,2025,2,2006/1 ~ 2028/2,영어영문학(학부/서울),30,15,15,20,5,5,,10,,,,,6,3,3,4,1,1,,2,,,,,ok,outputs/pdfs_full/영어영문학과__ENG2075__소설과역사.pdf,,20
H0002256,H0002800,영어영문학과,ENG2076,영어상호작용커뮤니케이션,2026,1,2006/1 ~ 2028/2,영어영문학(학부/서울),62.5,22.5,7.5,5,2.5,,,,,,,,25,9,3,2,1,,,,,,,,ok,outputs/pdfs_full/영어영문학과__ENG2076__영어상호작용커뮤니케이션.pdf,,40
H0002256,H0002800,영어영문학과,ENG2079,언어습득과영어학,2026,1,2006/1 ~ 2029/2,영어영문학(학부/서울),28.57,14.29,23.81,14.29,,19.05,,,,,,,6,3,5,3,,4,,,,,,,ok,outputs/pdfs_full/영어영문학과__ENG2079__언어습득과영어학.pdf,,21
H0002256,H0002800,영어영문학과,ENG2085,영어말하기와의사소통능력1,2016,1,2014/1 ~ 2016/2,영어영문학(학부/서울),48.33,28.33,11.67,8.33,1.67,1.67,,,,,,,29,17,7,5,1,1,,,,,,,ok,outputs/pdfs_full/영어영문학과__ENG2085__영어말하기와의사소통능력1.pdf,,60
H0002256,H0002800,영어영문학과,ENG2086,비판적영어쓰기,2025,1,2014/1 ~ 2029/2,영어영문학(학부/서울),18.92,40.54,8.11,21.62,5.41,5.41,,,,,,,7,15,3,8,2,2,,,,,,,ok,outputs/pdfs_full/영어영문학과__ENG2086__비판적영어쓰기.pdf,,37
H0002256,H0002800,영어영문학과,ENG2087,영어말하기와의사소통능력2,2016,2,2014/1 ~ 2016/2,영어영문학(학부/서울),19.57,43.48,28.26,2.17,2.17,2.17,2.17,,,,,,9,20,13,1,1,1,1,,,,,,ok,outputs/pdfs_full/영어영문학과__ENG2087__영어말하기와의사소통능력2.pdf,,46
H0002256,H0002800,영어영문학과,ENG2088,영어연습,2015,2,2013/1 ~ 2015/2,영어영문학(학부/서울),32.84,1.49,43.28,4.48,16.42,1.49,,,,,,,22,1,29,3,11,1,,,,,,,ok,outputs/pdfs_full/영어영문학과__ENG2088__영어연습.pdf,,67
H0002256,H0002800,영어영문학과,ENG2090,영어말하기와의사소통능력,2025,1,2017/1 ~ 2025/2,영어영문학(학부/서울),25.37,32.84,14.93,19.4,1.49,4.48,1.49,,,,,,17,22,10,13,1,3,1,,,,,,ok,outputs/pdfs_full/영어영문학과__ENG2090__영어말하기와의사소통능력.pdf,,67
H0002256,H0002800,영어영문학과,ENG2091,영미미디어문화,2017,1,2017/1 ~ 2017/2,영어영문학(학부/서울),44.44,37.04,7.41,7.41,,3.7,,,,,,,12,10,2,2,,1,,,,,,,ok,outputs/pdfs_full/영어영문학과__ENG2091__영미미디어문화.pdf,,27
H0002256,H0002800,영어영문학과,ENG2092,글로벌영어,2025,2,2017/1 ~ 2025/2,영어영문학(학부/서울),32.35,41.18,2.94,8.82,5.88,2.94,,5.88,,,,,11,14,1,3,2,1,,2,,,,,ok,outputs/pdfs_full/영어영문학과__ENG2092__글로벌영어.pdf,,34
H0002256,H0002800,영어영문학과,ENG3002,17.18세기영시,2015,2,2006/1 ~ 2016/2,영어영문학(학부/서울),43.33,23.33,10,20,,3.33,,,,,,,13,7,3,6,,1,,,,,,,ok,outputs/pdfs_full/영어영문학과__ENG3002__17.18세기영시.pdf,,30
H0002256,H0002800,영어영문학과,ENG3007,영어학개론,2025,2,1990/1 ~ 2027/2,영어영문학(학부/서울),32.56,18.6,13.95,12.79,6.98,4.65,2.33,8.14,,,,,28,16,12,11,6,4,2,7,,,,,ok,outputs/pdfs_full/영어영문학과__ENG3007__영어학개론.pdf,,86
H0002256,H0002800,영어영문학과,ENG3012,세익스피어,2017,1,2009/1 ~ 2017/2,영어영문학(학부/서울),31.58,10.53,31.58,5.26,15.79,5.26,,,,,,,6,2,6,1,3,1,,,,,,,ok,outputs/pdfs_full/영어영문학과__ENG3012__세익스피어.pdf,,19
H0002256,H0002800,영어영문학과,ENG3054,영미단편소설,2026,1,1990/1 ~ 2028/2,영어영문학(학부/서울),9.3,32.56,13.95,11.63,18.6,2.33,4.65,6.98,,,,,4,14,6,5,8,1,2,3,,,,,ok,outputs/pdfs_full/영어영문학과__ENG3054__영미단편소설.pdf,,43
H0002256,H0002800,영어영문학과,ENG3071,영어권문학,2017,1,2007/1 ~ 2017/2,영어영문학(학부/서울),29.41,17.65,47.06,,5.88,,,,,,,,5,3,8,,1,,,,,,,,ok,outputs/pdfs_full/영어영문학과__ENG3071__영어권문학.pdf,,17
H0002256,H0002800,영어영문학과,ENG3073,현대문학,2025,2,2007/1 ~ 2029/2,영어영문학(학부/서울),45.95,27.03,10.81,5.41,,8.11,2.7,,,,,,17,10,4,2,,3,1,,,,,,ok,outputs/pdfs_full/영어영문학과__ENG3073__현대문학.pdf,,37
H0002256,H0002800,영어영문학과,ENG3074,영미문화와언어,2025,1,2007/1 ~ 2030/2,영어영문학(학부/서울),30,6.67,13.33,6.67,16.67,20,6.67,,,,,,9,2,4,2,5,6,2,,,,,,ok,outputs/pdfs_full/영어영문학과__ENG3074__영미문화와언어.pdf,,30
H0002256,H0002800,영어영문학과,ENG3075,현대영미시와유럽사,2017,1,2007/1 ~ 2017/2,영어영문학(학부/서울),43.59,30.77,7.69,10.26,2.56,5.13,,,,,,,17,12,3,4,1,2,,,,,,,ok,outputs/pdfs_full/영어영문학과__ENG3075__현대영미시와유럽사.pdf,,39
H0002256,H0002800,영어영문학과,ENG3080,현대영미문학,2017,2,2007/1 ~ 2017/2,영어영문학(학부/서울),42.31,,26.92,15.38,15.38,,,,,,,,11,,7,4,4,,,,,,,,ok,outputs/pdfs_full/영어영문학과__ENG3080__현대영미문학.pdf,,26
H0002256,H0002800,영어영문학과,ENG3081,실험영어음성학,2014,1,2009/1 ~ 2017/2,영어영문학(학부/서울),,,25,,,,,,,75,,,,,1,,,,,,,3,,,ok,outputs/pdfs_full/영어영문학과__ENG3081__실험영어음성학.pdf,,4
H0002256,H0002800,영어영문학과,ENG3082,영어구문론,2025,1,2010/1 ~ 2028/2,영어영문학(학부/서울),20,20,6.67,33.33,6.67,,6.67,6.67,,,,,3,3,1,5,1,,1,1,,,,,ok,outputs/pdfs_full/영어영문학과__ENG3082__영어구문론.pdf,,15
H0002256,H0002800,영어영문학과,ENG3083,제2언어습득과인공지능,2025,2,2010/1 ~ 2029/2,영어영문학(학부/서울),13.64,22.73,27.27,9.09,22.73,4.55,,,,,,,3,5,6,2,5,1,,,,,,,ok,outputs/pdfs_full/영어영문학과__ENG3083__제2언어습득과인공지능.pdf,,22
H0002256,H0002800,영어영문학과,ENG3084,문학분석입문,2017,1,2010/1 ~ 2017/2,영어영문학(학부/서울),35.71,7.14,28.57,14.29,7.14,7.14,,,,,,,5,1,4,2,1,1,,,,,,,ok,outputs/pdfs_full/영어영문학과__ENG3084__문학분석입문.pdf,,14
H0002256,H0002800,영어영문학과,ENG3090,젠더와영미문학,2017,1,2015/1 ~ 2017/2,영어영문학(학부/서울),26.32,21.05,15.79,5.26,21.05,,5.26,5.26,,,,,5,4,3,1,4,,1,1,,,,,ok,outputs/pdfs_full/영어영문학과__ENG3090__젠더와영미문학.pdf,,19
H0002256,H0002800,영어영문학과,ENG3091,영어쓰기캡스톤디자인,2025,2,2015/1 ~ 2030/2,영어영문학(학부/서울),26.67,40,13.33,6.67,6.67,,6.67,,,,,,4,6,2,1,1,,1,,,,,,ok,outputs/pdfs_full/영어영문학과__ENG3091__영어쓰기캡스톤디자인.pdf,,15
H0002256,H0002800,영어영문학과,ENG3092,영어말하기와의사소통능력3,2017,2,2015/1 ~ 2017/2,영어영문학(학부/서울),43.24,27.03,18.92,10.81,,,,,,,,,16,10,7,4,,,,,,,,,ok,outputs/pdfs_full/영어영문학과__ENG3092__영어말하기와의사소통능력3.pdf,,37
H0002256,H0002800,영어영문학과,ENG3093,비판적영어쓰기3,2017,2,2015/1 ~ 2017/2,영어영문학(학부/서울),83.87,16.13,,,,,,,,,,,26,5,,,,,,,,,,,ok,outputs/pdfs_full/영어영문학과__ENG3093__비판적영어쓰기3.pdf,,31
H0002256,H0002800,영어영문학과,ENG3099,영어담화의이해와분석,2024,1,2018/1 ~ 2029/2,영어영문학(학부/서울),63.33,20,10,6.67,,,,,,,,,19,6,3,2,,,,,,,,,ok,outputs/pdfs_full/영어영문학과__ENG3099__영어담화의이해와분석.pdf,,30
H0002256,H0002800,영어영문학과,ENG3100,미국과세계경제,2018,1,2016/2 ~ 2023/1,영어영문학(학부/서울),36.84,5.26,36.84,,21.05,,,,,,,,7,1,7,,4,,,,,,,,ok,outputs/pdfs_full/영어영문학과__ENG3100__미국과세계경제.pdf,,19
H0002256,H0002800,영어영문학과,ENG3101,영미통상실무,2017,2,2016/2 ~ 2021/2,영어영문학(학부/서울),100,,,,,,,,,,,,3,,,,,,,,,,,,ok,outputs/pdfs_full/영어영문학과__ENG3101__영미통상실무.pdf,,3
H0002256,H0002800,영어영문학과,ENG3102,영어권문학과사회,2026,1,2018/1 ~ 2029/2,영어영문학(학부/서울),39.29,16.07,16.07,5.36,14.29,5.36,1.79,1.79,,,,,22,9,9,3,8,3,1,1,,,,,ok,outputs/pdfs_full/영어영문학과__ENG3102__영어권문학과사회.pdf,,56
H0002256,H0002800,영어영문학과,ENG3104,언어와뇌,2026,1,2018/1 ~ 2029/2,영어영문학(학부/서울),17.14,17.14,14.29,14.29,22.86,8.57,,5.71,,,,,6,6,5,5,8,3,,2,,,,,ok,outputs/pdfs_full/영어영문학과__ENG3104__언어와뇌.pdf,,35
H0002256,H0002720,영어교육과,ENG4004,고급영어리터러시,2025,2,2008/1 ~ 2030/2,영어교육과(학부/서울),100,,,,,,,,,,,,2,,,,,,,,,,,,ok,outputs/pdfs_full/영어교육과__ENG4004__고급영어리터러시.pdf,,2
H0002256,H0002720,영어교육과,ENG4007,영어학특강,2025,2,1996/1 ~ 2030/2,영어교육과(학부/서울),14.29,28.57,14.29,28.57,,,14.29,,,,,,1,2,1,2,,,1,,,,,,ok,outputs/pdfs_full/영어교육과__ENG4007__영어학특강.pdf,,7
H0002256,H0002800,영어영문학과,ENG4013,영어회화연습,2017,2,1992/1 ~ 1995/2,영어영문학(학부/서울),58.33,16.67,25,,,,,,,,,,7,2,3,,,,,,,,,,ok,outputs/pdfs_full/영어영문학과__ENG4013__영어회화연습.pdf,,12
H0002256,H0002800,영어영문학과,ENG4015,영어의미론,2018,2,1996/1 ~ 2018/2,영어영문학(학부/서울),15.15,24.24,21.21,18.18,12.12,3.03,,6.06,,,,,5,8,7,6,4,1,,2,,,,,ok,outputs/pdfs_full/영어영문학과__ENG4015__영어의미론.pdf,,33
H0002256,H0002256,서울 대학,ENG4017,실용영문법,2026,1,2005/1 ~ 2027/2,대학(학부/서울),28.76,,42.04,,28.76,0.44,,,,,,,65,,95,,65,1,,,,,,,ok,outputs/pdfs_seoul_university/서울_대학__ENG4017__실용영문법.pdf,,226
H0002256,H0002800,영어영문학과,ENG4019,르네상스영희곡,2018,2,2009/1 ~ 2018/2,영어영문학(학부/서울),30.3,39.39,6.06,6.06,9.09,3.03,,6.06,,,,,10,13,2,2,3,1,,2,,,,,ok,outputs/pdfs_full/영어영문학과__ENG4019__르네상스영희곡.pdf,,33
H0002256,H0002800,영어영문학과,ENG4029,영국사회와문화,2017,2,2007/1 ~ 2017/2,영어영문학(학부/서울),11.76,35.29,17.65,17.65,11.76,,5.88,,,,,,4,12,6,6,4,,2,,,,,,ok,outputs/pdfs_full/영어영문학과__ENG4029__영국사회와문화.pdf,,34
H0002256,H0002800,영어영문학과,ENG4075,언어심리와영어학,2025,2,2007/1 ~ 2029/2,영어영문학(학부/서울),11.11,38.89,27.78,11.11,5.56,5.56,,,,,,,2,7,5,2,1,1,,,,,,,ok,outputs/pdfs_full/영어영문학과__ENG4075__언어심리와영어학.pdf,,18
H0002256,H0002800,영어영문학과,ENG4076,영미과학소설읽기,2018,1,2008/1 ~ 2018/2,영어영문학(학부/서울),83.67,8.16,2.04,4.08,2.04,,,,,,,,41,4,1,2,1,,,,,,,,ok,outputs/pdfs_full/영어영문학과__ENG4076__영미과학소설읽기.pdf,,49
H0002256,H0002800,영어영문학과,ENG4077,미국문화와미디어,2018,1,2008/1 ~ 2018/2,영어영문학(학부/서울),17.78,33.33,28.89,8.89,6.67,2.22,,2.22,,,,,8,15,13,4,3,1,,1,,,,,ok,outputs/pdfs_full/영어영문학과__ENG4077__미국문화와미디어.pdf,,45
H0002256,H0002800,영어영문학과,ENG4078,영어어휘연습과커뮤니케이션,2018,1,2008/1 ~ 2018/2,영어영문학(학부/서울),28.57,9.52,19.05,23.81,14.29,4.76,,,,,,,6,2,4,5,3,1,,,,,,,ok,outputs/pdfs_full/영어영문학과__ENG4078__영어어휘연습과커뮤니케이션.pdf,,21
H0002256,H0002800,영어영문학과,ENG4079,시사영어듣기와커뮤니케이션,2018,2,2008/1 ~ 2018/2,영어영문학(학부/서울),37.5,18.75,18.75,,18.75,6.25,,,,,,,6,3,3,,3,1,,,,,,,ok,outputs/pdfs_full/영어영문학과__ENG4079__시사영어듣기와커뮤니케이션.pdf,,16
H0002256,H0002939,영어커뮤니케이션전공,ENG4081,영한대조와전환,2016,1,2007/1 ~ 2017/2,영어커뮤니케이션전공,60,10,20,,,10,,,,,,,12,2,4,,,2,,,,,,,ok,outputs/pdfs_full/영어커뮤니케이션전공__ENG4081__영한대조와전환.pdf,,20
H0002256,H0002939,영어커뮤니케이션전공,ENG4082,국제회의및협상영어,2017,1,2011/1 ~ 2022/2,영어커뮤니케이션전공,44.44,22.22,11.11,22.22,,,,,,,,,4,2,1,2,,,,,,,,,ok,outputs/pdfs_full/영어커뮤니케이션전공__ENG4082__국제회의및협상영어.pdf,,9
H0002256,H0002800,영어영문학과,ENG4085,영국역사와영어발달,2025,2,2012/1 ~ 2029/2,영어영문학(학부/서울),90.63,9.38,,,,,,,,,,,29,3,,,,,,,,,,,ok,outputs/pdfs_full/영어영문학과__ENG4085__영국역사와영어발달.pdf,,32
H0002256,H0002800,영어영문학과,ENG4087,현대문학이론입문,2017,2,2011/1 ~ 2021/2,영어영문학(학부/서울),15.38,23.08,23.08,15.38,23.08,,,,,,,,2,3,3,2,3,,,,,,,,ok,outputs/pdfs_full/영어영문학과__ENG4087__현대문학이론입문.pdf,,13
H0002256,H0002800,영어영문학과,ENG4088,영어논문작성캡스톤디자인1,2018,1,2012/1 ~ 2018/2,영어영문학(학부/서울),27.27,45.45,9.09,,9.09,9.09,,,,,,,3,5,1,,1,1,,,,,,,ok,outputs/pdfs_full/영어영문학과__ENG4088__영어논문작성캡스톤디자인1.pdf,,11
H0002256,H0002800,영어영문학과,ENG4089,영어논문작성캡스톤디자인2,2018,2,2012/1 ~ 2018/2,영어영문학(학부/서울),26.67,33.33,20,13.33,6.67,,,,,,,,4,5,3,2,1,,,,,,,,ok,outputs/pdfs_full/영어영문학과__ENG4089__영어논문작성캡스톤디자인2.pdf,,15
H0002256,H0002800,영어영문학과,ENG4092,영미지역캡스톤디자인,2018,2,2016/2 ~ 2021/2,영어영문학(학부/서울),77.27,13.64,,4.55,,,,4.55,,,,,17,3,,1,,,,1,,,,,ok,outputs/pdfs_full/영어영문학과__ENG4092__영미지역캡스톤디자인.pdf,,22
H0002256,H0002800,영어영문학과,ENG4093,현대영미역사와시,2026,1,2018/1 ~ 2029/2,영어영문학(학부/서울),36,26,16,6,16,,,,,,,,18,13,8,3,8,,,,,,,,ok,outputs/pdfs_full/영어영문학과__ENG4093__현대영미역사와시.pdf,,50
H0002256,H0002800,영어영문학과,ENG4095,셰익스피어,2025,2,2019/1 ~ 2030/2,영어영문학(학부/서울),31.25,9.38,25,15.63,6.25,6.25,3.13,3.13,,,,,10,3,8,5,2,2,1,1,,,,,ok,outputs/pdfs_full/영어영문학과__ENG4095__셰익스피어.pdf,,32
H0002256,H0002800,영어영문학과,ENG4096,과학과영미소설,2026,1,2023/1 ~ 2030/2,영어영문학(학부/서울),53.33,23.33,16.67,,3.33,3.33,,,,,,,16,7,5,,1,1,,,,,,,ok,outputs/pdfs_full/영어영문학과__ENG4096__과학과영미소설.pdf,,30
H0002256,H0002800,영어영문학과,ENG4097,언어학과언어장애,2025,2,2023/2 ~ 2030/2,영어영문학(학부/서울),25,16.67,25,25,8.33,,,,,,,,3,2,3,3,1,,,,,,,,ok,outputs/pdfs_full/영어영문학과__ENG4097__언어학과언어장애.pdf,,12
H0002256,H0002800,영어영문학과,ENG4098,담화및멀티모달분석,2026,1,2025/1 ~ 2030/2,영어영문학(학부/서울),83.33,13.33,3.33,,,,,,,,,,25,4,1,,,,,,,,,,ok,outputs/pdfs_full/영어영문학과__ENG4098__담화및멀티모달분석.pdf,,30
H0002256,H0003584,식품영양학과,F-N1003,기초영양학,2026,1,2013/1 ~ 2028/2,식품영양학과,29.41,1.47,41.18,,13.24,,1.47,13.24,,,,,20,1,28,,9,,1,9,,,,,ok,outputs/pdfs_full/식품영양학과__F-N1003__기초영양학.pdf,,68
H0002256,H0003584,식품영양학과,F-N1004,일반생물,2026,1,2013/1 ~ 2027/2,식품영양학과,41.94,1.61,43.55,,12.9,,,,,,,,26,1,27,,8,,,,,,,,ok,outputs/pdfs_full/식품영양학과__F-N1004__일반생물.pdf,,62
H0002256,H0003584,식품영양학과,F-N1005,기초통계학,2025,1,2013/1 ~ 2027/2,식품영양학과,39.66,,43.1,,17.24,,,,,,,,23,,25,,10,,,,,,,,ok,outputs/pdfs_full/식품영양학과__F-N1005__기초통계학.pdf,,58
H0002256,H0003584,식품영양학과,F-N1006,생활일반화학,2025,2,2016/1 ~ 2025/2,식품영양학과,37.29,3.39,20.34,18.64,10.17,10.17,,,,,,,22,2,12,11,6,6,,,,,,,ok,outputs/pdfs_full/식품영양학과__F-N1006__생활일반화학.pdf,,59
H0002256,H0003584,식품영양학과,F-N2001,생활유기화학,2026,1,2013/1 ~ 2028/2,식품영양학과,22.03,13.56,18.64,13.56,15.25,16.95,,,,,,,13,8,11,8,9,10,,,,,,,ok,outputs/pdfs_full/식품영양학과__F-N2001__생활유기화학.pdf,,59
H0002256,H0003584,식품영양학과,F-N2002,식품미생물학실험,2017,2,2013/1 ~ 2028/2,식품영양학과,46.43,28.57,21.43,,3.57,,,,,,,,13,8,6,,1,,,,,,,,ok,outputs/pdfs_full/식품영양학과__F-N2002__식품미생물학실험.pdf,,28
H0002256,H0003584,식품영양학과,F-N2006,영양생리학,2025,2,2013/1 ~ 2028/2,식품영양학과,13.04,17.39,30.43,4.35,34.78,,,,,,,,3,4,7,1,8,,,,,,,,ok,outputs/pdfs_full/식품영양학과__F-N2006__영양생리학.pdf,,23
H0002256,H0003584,식품영양학과,F-N2008,식품미생물학,2025,2,2013/1 ~ 2028/2,식품영양학과,26.09,19.57,19.57,13.04,21.74,,,,,,,,12,9,9,6,10,,,,,,,,ok,outputs/pdfs_full/식품영양학과__F-N2008__식품미생물학.pdf,,46
H0002256,H0003584,식품영양학과,F-N2009,식품분석학,2026,1,2013/1 ~ 2028/2,식품영양학과,27.12,13.56,13.56,6.78,15.25,23.73,,,,,,,16,8,8,4,9,14,,,,,,,ok,outputs/pdfs_full/식품영양학과__F-N2009__식품분석학.pdf,,59
H0002256,H0003584,식품영양학과,F-N2010,식품분석학실험,2025,1,2013/1 ~ 2026/1,식품영양학과,27.27,36.36,18.18,18.18,,,,,,,,,3,4,2,2,,,,,,,,,ok,outputs/pdfs_full/식품영양학과__F-N2010__식품분석학실험.pdf,,11
H0002256,H0003584,식품영양학과,F-N2014,식품가공및저장학,2026,1,2013/1 ~ 2029/2,식품영양학과,18.87,18.87,26.42,13.21,7.55,13.21,,,,,1.89,,10,10,14,7,4,7,,,,,1,,ok,outputs/pdfs_full/식품영양학과__F-N2014__식품가공및저장학.pdf,,53
H0002256,H0003584,식품영양학과,F-N2015,조리원리,2026,1,2013/1 ~ 2028/2,식품영양학과,38.89,,41.67,,19.44,,,,,,,,14,,15,,7,,,,,,,,ok,outputs/pdfs_full/식품영양학과__F-N2015__조리원리.pdf,,36
H0002256,H0003584,식품영양학과,F-N2017,생활주기영양학,2025,2,2013/1 ~ 2029/2,식품영양학과,31.71,,39.02,,29.27,,,,,,,,13,,16,,12,,,,,,,,ok,outputs/pdfs_full/식품영양학과__F-N2017__생활주기영양학.pdf,,41
H0002256,H0003584,식품영양학과,F-N3002,생화학1,2026,1,2013/1 ~ 2029/2,식품영양학과,20.69,8.62,13.79,25.86,20.69,10.34,,,,,,,12,5,8,15,12,6,,,,,,,ok,outputs/pdfs_full/식품영양학과__F-N3002__생화학1.pdf,,58
H0002256,H0003584,식품영양학과,F-N3003,생화학2,2025,2,2013/1 ~ 2029/2,식품영양학과,26.09,30.43,13.04,13.04,17.39,,,,,,,,6,7,3,3,4,,,,,,,,ok,outputs/pdfs_full/식품영양학과__F-N3003__생화학2.pdf,,23
H0002256,H0003584,식품영양학과,F-N3011,임상영양학,2026,1,2013/1 ~ 2029/2,식품영양학과,23.53,15.69,21.57,17.65,11.76,7.84,1.96,,,,,,12,8,11,9,6,4,1,,,,,,ok,outputs/pdfs_full/식품영양학과__F-N3011__임상영양학.pdf,,51
H0002256,H0003584,식품영양학과,F-N3016,고급영양학실험,2025,2,2013/1 ~ 2029/2,식품영양학과,42.86,28.57,14.29,14.29,,,,,,,,,6,4,2,2,,,,,,,,,ok,outputs/pdfs_full/식품영양학과__F-N3016__고급영양학실험.pdf,,14
H0002256,H0003584,식품영양학과,F-N3018,실험조리,2025,2,2013/1 ~ 2028/2,식품영양학과,74.19,22.58,,,3.23,,,,,,,,23,7,,,1,,,,,,,,ok,outputs/pdfs_full/식품영양학과__F-N3018__실험조리.pdf,,31
H0002256,H0003584,식품영양학과,F-N3019,고급영양학,2026,1,2013/1 ~ 2029/2,식품영양학과,22.22,16.67,27.78,5.56,11.11,16.67,,,,,,,4,3,5,1,2,3,,,,,,,ok,outputs/pdfs_full/식품영양학과__F-N3019__고급영양학.pdf,,18
H0002256,H0003584,식품영양학과,F-N3020,영양소대사,2025,2,2013/1 ~ 2029/2,식품영양학과,64.29,,28.57,7.14,,,,,,,,,9,,4,1,,,,,,,,,ok,outputs/pdfs_full/식품영양학과__F-N3020__영양소대사.pdf,,14
H0002256,H0003584,식품영양학과,F-N3023,임상영양학실험,2025,2,2013/1 ~ 2029/2,식품영양학과,62.5,18.75,18.75,,,,,,,,,,10,3,3,,,,,,,,,,ok,outputs/pdfs_full/식품영양학과__F-N3023__임상영양학실험.pdf,,16
H0002256,H0003584,식품영양학과,F-N3024,영양정보와인터넷,2014,1,2013/1 ~ 2016/2,식품영양학과,46.43,32.14,14.29,7.14,,,,,,,,,13,9,4,2,,,,,,,,,ok,outputs/pdfs_full/식품영양학과__F-N3024__영양정보와인터넷.pdf,,28
H0002256,H0003584,식품영양학과,F-N3025,식품위생학,2026,1,2013/1 ~ 2029/2,식품영양학과,46.15,15.38,11.54,11.54,15.38,,,,,,,,12,4,3,3,4,,,,,,,,ok,outputs/pdfs_full/식품영양학과__F-N3025__식품위생학.pdf,,26
H0002256,H0003584,식품영양학과,F-N3026,식품가공및저장학실험,2022,1,2013/1 ~ 2029/2,식품영양학과,94.12,,,5.88,,,,,,,,,16,,,1,,,,,,,,,ok,outputs/pdfs_full/식품영양학과__F-N3026__식품가공및저장학실험.pdf,,17
H0002256,H0003584,식품영양학과,F-N3027,발효식품학,2025,2,2013/1 ~ 2029/2,식품영양학과,16.13,22.58,16.13,25.81,19.35,,,,,,,,5,7,5,8,6,,,,,,,,ok,outputs/pdfs_full/식품영양학과__F-N3027__발효식품학.pdf,,31
H0002256,H0003584,식품영양학과,F-N3028,식품위생관계법규,2025,2,2013/1 ~ 2030/2,식품영양학과,38.89,,41.67,,19.44,,,,,,,,14,,15,,7,,,,,,,,ok,outputs/pdfs_full/식품영양학과__F-N3028__식품위생관계법규.pdf,,36
H0002256,H0003584,식품영양학과,F-N4001,식품화학,2025,2,2013/1 ~ 2029/2,식품영양학과,33.33,6.06,39.39,,21.21,,,,,,,,11,2,13,,7,,,,,,,,ok,outputs/pdfs_full/식품영양학과__F-N4001__식품화학.pdf,,33
H0002256,H0003584,식품영양학과,F-N4002,영양교육,2026,1,2013/1 ~ 2030/2,식품영양학과,16.67,22.22,19.44,19.44,8.33,5.56,5.56,2.78,,,,,6,8,7,7,3,2,2,1,,,,,ok,outputs/pdfs_full/식품영양학과__F-N4002__영양교육.pdf,,36
H0002256,H0003584,식품영양학과,F-N4015,영양판정,2025,2,2013/1 ~ 2030/2,식품영양학과,31.25,,31.25,12.5,6.25,6.25,,12.5,,,,,5,,5,2,1,1,,2,,,,,ok,outputs/pdfs_full/식품영양학과__F-N4015__영양판정.pdf,,16
H0002256,H0003584,식품영양학과,F-N4018,영양사현장실습,2025,2,2013/1 ~ 2030/2,식품영양학과,,,,,,,,,,100,,,,,,,,,,,,9,,,ok,outputs/pdfs_full/식품영양학과__F-N4018__영양사현장실습.pdf,,9
H0002256,H0003584,식품영양학과,F-N4020,영양상담,2018,1,2013/1 ~ 2018/2,식품영양학과,18.75,21.88,31.25,9.38,9.38,9.38,,,,,,,6,7,10,3,3,3,,,,,,,ok,outputs/pdfs_full/식품영양학과__F-N4020__영양상담.pdf,,32
H0002256,H0003584,식품영양학과,F-N4021,식품학,2026,1,2013/1 ~ 2030/2,식품영양학과,40.91,,38.64,,20.45,,,,,,,,18,,17,,9,,,,,,,,ok,outputs/pdfs_full/식품영양학과__F-N4021__식품학.pdf,,44
H0002256,H0003584,식품영양학과,F-N4022,급식경영학,2025,2,2013/1 ~ 2030/2,식품영양학과,39.29,,39.29,,21.43,,,,,,,,11,,11,,6,,,,,,,,ok,outputs/pdfs_full/식품영양학과__F-N4022__급식경영학.pdf,,28
H0002256,H0003584,식품영양학과,F-N4023,기능성식품과제품개발,2025,2,2013/1 ~ 2030/2,식품영양학과,25,12.5,25,12.5,18.75,,,,,,6.25,,4,2,4,2,3,,,,,,1,,ok,outputs/pdfs_full/식품영양학과__F-N4023__기능성식품과제품개발.pdf,,16
H0002256,H0003584,식품영양학과,F-N4024,지역사회영양학,2018,2,2013/1 ~ 2018/2,식품영양학과,40,,25,15,20,,,,,,,,8,,5,3,4,,,,,,,,ok,outputs/pdfs_full/식품영양학과__F-N4024__지역사회영양학.pdf,,20
H0002256,H0003584,식품영양학과,F-N4025,공중보건학,2014,1,2013/1 ~ 2018/2,식품영양학과,13.04,30.43,26.09,13.04,8.7,8.7,,,,,,,3,7,6,3,2,2,,,,,,,ok,outputs/pdfs_full/식품영양학과__F-N4025__공중보건학.pdf,,23
H0002256,H0003584,식품영양학과,F-N4026,캡스톤디자인창의적연구설계,2024,2,2013/1 ~ 2030/2,식품영양학과,100,,,,,,,,,,,,6,,,,,,,,,,,,ok,outputs/pdfs_full/식품영양학과__F-N4026__캡스톤디자인창의적연구설계.pdf,,6
H0002256,H0002722,응용미술교육과,FAE2004,서양미술사,2026,1,1990/1 ~ 2028/2,응용미술교육과(학부/서울),57.14,28.57,14.29,,,,,,,,,,4,2,1,,,,,,,,,,ok,outputs/pdfs_full/응용미술교육과__FAE2004__서양미술사.pdf,,7
H0002256,H0002722,응용미술교육과,FAE2007,입체구성,2026,1,1989/1 ~ 2027/2,응용미술교육과(학부/서울),33.33,4.76,33.33,9.52,4.76,14.29,,,,,,,7,1,7,2,1,3,,,,,,,ok,outputs/pdfs_full/응용미술교육과__FAE2007__입체구성.pdf,,21
H0002256,H0002722,응용미술교육과,FAE4014,현대미술사,2018,2,2008/1 ~ 2018/2,응용미술교육과(학부/서울),42.86,,35.71,,21.43,,,,,,,,6,,5,,3,,,,,,,,ok,outputs/pdfs_full/응용미술교육과__FAE4014__현대미술사.pdf,,14
H0002256,H0004713,미래전기에너지신기술융합전공,FET1001,스마트에너지와지속가능한미래,2026,1,2025/2 ~ 2027/2,미래전기에너지신기술융합전공,62.02,14.38,8.8,4.51,3.22,4.08,1.93,1.07,,,,,289,67,41,21,15,19,9,5,,,,,ok,outputs/pdfs_full/미래전기에너지신기술융합전공__FET1001__스마트에너지와지속가능한미래.pdf,,466
H0002256,H0002520,전기공학전공,FET3001,차세대전력전자및전기기기,2026,1,2022/1 ~ 2029/2,전기공학전공(학부/서울),57.02,4.96,5.79,4.13,8.26,5.79,4.13,3.31,,,6.61,,69,6,7,5,10,7,5,4,,,8,,ok,outputs/pdfs_full/전기공학전공__FET3001__차세대전력전자및전기기기.pdf,,121
H0002256,H0002520,전기공학전공,FET3002,AI기반에너지관리,2026,1,2022/1 ~ 2029/2,전기공학전공(학부/서울),19.74,27.63,19.74,18.42,10.53,1.32,,,,,2.63,,15,21,15,14,8,1,,,,,2,,ok,outputs/pdfs_full/전기공학전공__FET3002__AI기반에너지관리.pdf,,76
H0002256,H0004713,미래전기에너지신기술융합전공,FET3003,에너지기후변화정책연구,2025,2,2025/2 ~ 2029/2,미래전기에너지신기술융합전공,47.06,52.94,,,,,,,,,,,8,9,,,,,,,,,,,ok,outputs/pdfs_full/미래전기에너지신기술융합전공__FET3003__에너지기후변화정책연구.pdf,,17
H0002256,H0002520,전기공학전공,FET4001,에너지신산업이슈연구,2025,2,2021/2 ~ 2030/2,전기공학전공(학부/서울),53.62,26.09,15.94,4.35,,,,,,,,,37,18,11,3,,,,,,,,,ok,outputs/pdfs_full/전기공학전공__FET4001__에너지신산업이슈연구.pdf,,69
H0002256,H0002520,전기공학전공,FET4002,스마트그리드,2025,2,2022/1 ~ 2030/2,전기공학전공(학부/서울),38.24,20.59,17.65,23.53,,,,,,,,,13,7,6,8,,,,,,,,,ok,outputs/pdfs_full/전기공학전공__FET4002__스마트그리드.pdf,,34
H0002256,H0002520,전기공학전공,FET4003,플라즈마에너지공학,2026,1,2023/1 ~ 2030/2,전기공학전공(학부/서울),30.77,15.38,7.69,3.85,3.85,11.54,15.38,11.54,,,,,8,4,2,1,1,3,4,3,,,,,ok,outputs/pdfs_full/전기공학전공__FET4003__플라즈마에너지공학.pdf,,26
H0002256,H0002520,전기공학전공,FET4004,광전에너지변환소자,2025,2,2025/2 ~ 2030/2,전기공학전공(학부/서울),63.64,27.27,9.09,,,,,,,,,,14,6,2,,,,,,,,,,ok,outputs/pdfs_full/전기공학전공__FET4004__광전에너지변환소자.pdf,,22
H0002256,H0002256,서울 대학,FRE1055,기초프랑스어,2026,1,2003/1 ~ 2027/2,대학(학부/서울),32.89,25,18.42,9.21,5.26,6.58,,2.63,,,,,25,19,14,7,4,5,,2,,,,,ok,outputs/pdfs_seoul_university/서울_대학__FRE1055__기초프랑스어.pdf,,76
H0002256,H0004157,미래인문학융합전공,FUT1001,아르테와테크네의만남,2026,1,2017/1 ~ 2027/2,미래인문학융합전공,92.86,7.14,,,,,,,,,,,13,1,,,,,,,,,,,ok,outputs/pdfs_full/미래인문학융합전공__FUT1001__아르테와테크네의만남.pdf,,14
H0002256,H0002938,미디어문화전공,FUT1002,디지털스토리텔링의이해,2026,1,2017/1 ~ 2017/2,미디어문화전공,33.33,,42.86,,23.81,,,,,,,,7,,9,,5,,,,,,,,ok,outputs/pdfs_full/미디어문화전공__FUT1002__디지털스토리텔링의이해.pdf,,21
H0002256,H0004157,미래인문학융합전공,FUT1003,엔지니어를위한영어의사소통,2023,1,2017/1 ~ 2027/2,미래인문학융합전공,19.05,76.19,4.76,,,,,,,,,,4,16,1,,,,,,,,,,ok,outputs/pdfs_full/미래인문학융합전공__FUT1003__엔지니어를위한영어의사소통.pdf,,21
H0002256,H0004157,미래인문학융합전공,FUT1004,과학기술자의상상력과창의성,2026,1,2017/1 ~ 2027/2,미래인문학융합전공,40,28,24,8,,,,,,,,,10,7,6,2,,,,,,,,,ok,outputs/pdfs_full/미래인문학융합전공__FUT1004__과학기술자의상상력과창의성.pdf,,25
H0002256,H0004157,미래인문학융합전공,FUT1005,초학제시대의미래인문학,2026,1,2017/1 ~ 2027/2,미래인문학융합전공,30,,45,,5,15,,5,,,,,6,,9,,1,3,,1,,,,,ok,outputs/pdfs_full/미래인문학융합전공__FUT1005__초학제시대의미래인문학.pdf,,20
H0002256,H0002937,공공수행인문학전공,FUT1006,탈진실시대의언론텍스트읽기와쓰기,2026,1,2017/1 ~ 2017/2,공공수행인문학전공,35,,40,,20,5,,,,,,,7,,8,,4,1,,,,,,,ok,outputs/pdfs_full/공공수행인문학전공__FUT1006__탈진실시대의언론텍스트읽기와쓰기.pdf,,20
H0002256,H0004253,인문소프트웨어융합전공,FUT1007,데이터과학트렌드,2026,1,2009/1 ~ 2027/2,인문소프트웨어융합전공,42.86,,42.86,,14.29,,,,,,,,9,,9,,3,,,,,,,,ok,outputs/pdfs_full/인문소프트웨어융합전공__FUT1007__데이터과학트렌드.pdf,,21
H0002256,H0004253,인문소프트웨어융합전공,FUT1008,인문대생을위한창의적프로그래밍,2025,2,2009/1 ~ 2027/2,인문소프트웨어융합전공,72.73,18.18,9.09,,,,,,,,,,8,2,1,,,,,,,,,,ok,outputs/pdfs_full/인문소프트웨어융합전공__FUT1008__인문대생을위한창의적프로그래밍.pdf,,11
H0002256,H0004157,미래인문학융합전공,FUT2001,가상/증강현실의예술,2026,1,2017/1 ~ 2028/2,미래인문학융합전공,43.75,31.25,12.5,12.5,,,,,,,,,7,5,2,2,,,,,,,,,ok,outputs/pdfs_full/미래인문학융합전공__FUT2001__가상_증강현실의예술.pdf,,16
H0002256,H0004157,미래인문학융합전공,FUT2002,AI시대의상상력과디자인씽킹,2021,2,2017/1 ~ 2028/2,미래인문학융합전공,20,30,50,,,,,,,,,,2,3,5,,,,,,,,,,ok,outputs/pdfs_full/미래인문학융합전공__FUT2002__AI시대의상상력과디자인씽킹.pdf,,10
H0002256,H0002938,미디어문화전공,FUT2003,디지털게임과현대사회,2025,2,2017/1 ~ 2018/2,미디어문화전공,50,10,30,10,,,,,,,,,5,1,3,1,,,,,,,,,ok,outputs/pdfs_full/미디어문화전공__FUT2003__디지털게임과현대사회.pdf,,10
H0002256,H0004157,미래인문학융합전공,FUT2004,문화콘텐츠+나,2026,1,2017/1 ~ 2028/2,미래인문학융합전공,35.71,7.14,35.71,7.14,14.29,,,,,,,,10,2,10,2,4,,,,,,,,ok,outputs/pdfs_full/미래인문학융합전공__FUT2004__문화콘텐츠+나.pdf,,28
H0002256,H0004157,미래인문학융합전공,FUT2005,공학영어읽기,2026,1,2017/1 ~ 2028/2,미래인문학융합전공,95.83,4.17,,,,,,,,,,,23,1,,,,,,,,,,,ok,outputs/pdfs_full/미래인문학융합전공__FUT2005__공학영어읽기.pdf,,24
H0002256,H0004157,미래인문학융합전공,FUT2006,엔지니어를위한영어프리젠테이션,2024,2,2017/1 ~ 2028/2,미래인문학융합전공,66.67,33.33,,,,,,,,,,,14,7,,,,,,,,,,,ok,outputs/pdfs_full/미래인문학융합전공__FUT2006__엔지니어를위한영어프리젠테이션.pdf,,21
H0002256,H0004157,미래인문학융합전공,FUT2007,테크노사이언스가만드는세상,2025,2,2017/1 ~ 2028/2,미래인문학융합전공,50,16.67,16.67,,,16.67,,,,,,,3,1,1,,,1,,,,,,,ok,outputs/pdfs_full/미래인문학융합전공__FUT2007__테크노사이언스가만드는세상.pdf,,6
H0002256,H0004157,미래인문학융합전공,FUT2008,지속가능한미래를위한과학기술정책,2018,1,2017/1 ~ 2028/2,미래인문학융합전공,66.67,16.67,,,16.67,,,,,,,,4,1,,,1,,,,,,,,ok,outputs/pdfs_full/미래인문학융합전공__FUT2008__지속가능한미래를위한과학기술정책.pdf,,6
H0002256,H0004157,미래인문학융합전공,FUT2009,네트워크사회를위한미래인문학,2025,2,2017/1 ~ 2028/2,미래인문학융합전공,14.29,85.71,,,,,,,,,,,1,6,,,,,,,,,,,ok,outputs/pdfs_full/미래인문학융합전공__FUT2009__네트워크사회를위한미래인문학.pdf,,7
H0002256,H0002936,STS(과학기술학)전공,FUT2010,은유와프레임전략,2026,1,2017/1 ~ 2017/2,STS(과학기술학)전공,14.29,14.29,28.57,14.29,9.52,,9.52,9.52,,,,,3,3,6,3,2,,2,2,,,,,ok,outputs/pdfs_full/STS(과학기술학)전공__FUT2010__은유와프레임전략.pdf,,21
H0002256,H0002937,공공수행인문학전공,FUT2011,사회적상상력을여는소통과혁신의수사학,2025,2,2017/1 ~ 2018/2,공공수행인문학전공,100,,,,,,,,,,,,19,,,,,,,,,,,,ok,outputs/pdfs_full/공공수행인문학전공__FUT2011__사회적상상력을여는소통과혁신의수사학.pdf,,19
H0002256,H0002937,공공수행인문학전공,FUT2012,동서양사상을통해본정의,2026,1,2017/1 ~ 2018/2,공공수행인문학전공,35.71,,14.29,28.57,21.43,,,,,,,,5,,2,4,3,,,,,,,,ok,outputs/pdfs_full/공공수행인문학전공__FUT2012__동서양사상을통해본정의.pdf,,14
H0002256,H0004253,인문소프트웨어융합전공,FUT2013,인문대생을위한트렌드프로그래밍,2026,1,2010/1 ~ 2028/2,인문소프트웨어융합전공,68.75,21.88,6.25,3.13,,,,,,,,,22,7,2,1,,,,,,,,,ok,outputs/pdfs_full/인문소프트웨어융합전공__FUT2013__인문대생을위한트렌드프로그래밍.pdf,,32
H0002256,H0003959,정보융합전공,FUT2014,데이터시각화,2026,1,2018/1 ~ 2029/2,정보융합전공,20.59,73.53,5.88,,,,,,,,,,7,25,2,,,,,,,,,,ok,outputs/pdfs_full/정보융합전공__FUT2014__데이터시각화.pdf,,34
H0002256,H0004254,인문공공행정전공,FUT2015,"회복을위한인문학과다크리서치:불,전염병,멸종의어젠다읽기",2026,1,2021/1 ~ 2029/2,인문공공행정전공,31.58,,36.84,,31.58,,,,,,,,6,,7,,6,,,,,,,,ok,"outputs/pdfs_full/인문공공행정전공__FUT2015__회복을위한인문학과다크리서치_불,전염병,멸종의어젠다읽기.pdf",,19
H0002256,H0004157,미래인문학융합전공,FUT3001,아트테크놀로지캡스톤디자인,2025,2,2017/1 ~ 2029/2,미래인문학융합전공,46.67,53.33,,,,,,,,,,,7,8,,,,,,,,,,,ok,outputs/pdfs_full/미래인문학융합전공__FUT3001__아트테크놀로지캡스톤디자인.pdf,,15
H0002256,H0004157,미래인문학융합전공,FUT3002,인문학으로예술읽기,2025,2,2017/1 ~ 2029/2,미래인문학융합전공,30.77,,38.46,,30.77,,,,,,,,8,,10,,8,,,,,,,,ok,outputs/pdfs_full/미래인문학융합전공__FUT3002__인문학으로예술읽기.pdf,,26
H0002256,H0002938,미디어문화전공,FUT3003,마음을사로잡는정보스토리텔링,2025,2,2017/1 ~ 2021/2,미디어문화전공,33.33,44.44,,,22.22,,,,,,,,3,4,,,2,,,,,,,,ok,outputs/pdfs_full/미디어문화전공__FUT3003__마음을사로잡는정보스토리텔링.pdf,,9
H0002256,H0004157,미래인문학융합전공,FUT3004,문화콘텐츠아나토미:비평이론과실제,2026,1,2017/1 ~ 2029/2,미래인문학융합전공,40.91,4.55,50,,4.55,,,,,,,,9,1,11,,1,,,,,,,,ok,outputs/pdfs_full/미래인문학융합전공__FUT3004__문화콘텐츠아나토미_비평이론과실제.pdf,,22
H0002256,H0004157,미래인문학융합전공,FUT3005,엔지니어를위한실용영작문,2025,2,2017/1 ~ 2029/2,미래인문학융합전공,96.55,3.45,,,,,,,,,,,28,1,,,,,,,,,,,ok,outputs/pdfs_full/미래인문학융합전공__FUT3005__엔지니어를위한실용영작문.pdf,,29
H0002256,H0004157,미래인문학융합전공,FUT3006,엔지니어를위한학술영작문,2026,1,2017/1 ~ 2029/2,미래인문학융합전공,96.3,3.7,,,,,,,,,,,26,1,,,,,,,,,,,ok,outputs/pdfs_full/미래인문학융합전공__FUT3006__엔지니어를위한학술영작문.pdf,,27
H0002256,H0004157,미래인문학융합전공,FUT3007,역사를바꾼과학혁명,2026,1,2017/1 ~ 2029/2,미래인문학융합전공,24.14,31.03,27.59,6.9,3.45,,3.45,3.45,,,,,7,9,8,2,1,,1,1,,,,,ok,outputs/pdfs_full/미래인문학융합전공__FUT3007__역사를바꾼과학혁명.pdf,,29
H0002256,H0004157,미래인문학융합전공,FUT3008,인류세시대를위한미래인문학,2025,2,2017/1 ~ 2029/2,미래인문학융합전공,80,,,10,,,10,,,,,,8,,,1,,,1,,,,,,ok,outputs/pdfs_full/미래인문학융합전공__FUT3008__인류세시대를위한미래인문학.pdf,,10
H0002256,H0004157,미래인문학융합전공,FUT3009,과학기술학의새로운지형도,2025,1,2017/1 ~ 2029/2,미래인문학융합전공,73.33,20,6.67,,,,,,,,,,11,3,1,,,,,,,,,,ok,outputs/pdfs_full/미래인문학융합전공__FUT3009__과학기술학의새로운지형도.pdf,,15
H0002256,H0004254,인문공공행정전공,FUT3010,"공정한시민을위한미디어리터러시:팩트,믿음,재미",2025,2,2011/1 ~ 2029/2,인문공공행정전공,31.82,,45.45,,22.73,,,,,,,,7,,10,,5,,,,,,,,ok,"outputs/pdfs_full/인문공공행정전공__FUT3010__공정한시민을위한미디어리터러시_팩트,믿음,재미.pdf",,22
H0002256,H0004254,인문공공행정전공,FUT3011,품위있는사회와지속가능성을위한의제들,2026,1,2011/1 ~ 2029/2,인문공공행정전공,75,10,15,,,,,,,,,,15,2,3,,,,,,,,,,ok,outputs/pdfs_full/인문공공행정전공__FUT3011__품위있는사회와지속가능성을위한의제들.pdf,,20
H0002256,H0004253,인문소프트웨어융합전공,FUT3012,인문대생을위한객체지향프로그래밍,2026,1,2011/1 ~ 2029/2,인문소프트웨어융합전공,69.23,23.08,7.69,,,,,,,,,,9,3,1,,,,,,,,,,ok,outputs/pdfs_full/인문소프트웨어융합전공__FUT3012__인문대생을위한객체지향프로그래밍.pdf,,13
H0002256,H0004253,인문소프트웨어융합전공,FUT3013,인문대생을위한앱프로그래밍,2025,2,2011/1 ~ 2029/2,인문소프트웨어융합전공,85.71,14.29,,,,,,,,,,,12,2,,,,,,,,,,,ok,outputs/pdfs_full/인문소프트웨어융합전공__FUT3013__인문대생을위한앱프로그래밍.pdf,,14
H0002256,H0004157,미래인문학융합전공,FUT4001,인문학으로기술읽기,2025,1,2017/1 ~ 2030/2,미래인문학융합전공,31.25,,43.75,,25,,,,,,,,5,,7,,4,,,,,,,,ok,outputs/pdfs_full/미래인문학융합전공__FUT4001__인문학으로기술읽기.pdf,,16
H0002256,H0004157,미래인문학융합전공,FUT4002,공학영어캡스톤디자인,2025,2,2017/1 ~ 2030/2,미래인문학융합전공,81.82,13.64,4.55,,,,,,,,,,18,3,1,,,,,,,,,,ok,outputs/pdfs_full/미래인문학융합전공__FUT4002__공학영어캡스톤디자인.pdf,,22
H0002256,H0004157,미래인문학융합전공,FUT4003,한국과학혁신의역사,2025,2,2017/1 ~ 2030/2,미래인문학융합전공,28.57,52.38,9.52,,9.52,,,,,,,,6,11,2,,2,,,,,,,,ok,outputs/pdfs_full/미래인문학융합전공__FUT4003__한국과학혁신의역사.pdf,,21
H0002256,H0004253,인문소프트웨어융합전공,FUT4006,게임프로그래밍을위한캡스톤디자인,2026,1,2012/1 ~ 2030/2,인문소프트웨어융합전공,63.64,18.18,18.18,,,,,,,,,,7,2,2,,,,,,,,,,ok,outputs/pdfs_full/인문소프트웨어융합전공__FUT4006__게임프로그래밍을위한캡스톤디자인.pdf,,11
H0002256,H0004253,인문소프트웨어융합전공,FUT4007,인문학기반디지털콘텐츠구축을위한캡스톤디자인,2023,2,2012/1 ~ 2030/2,인문소프트웨어융합전공,50,50,,,,,,,,,,,3,3,,,,,,,,,,,ok,outputs/pdfs_full/인문소프트웨어융합전공__FUT4007__인문학기반디지털콘텐츠구축을위한캡스톤디자인.pdf,,6
H0002256,H0002599,의예과,GEN0036,통계학개론,2026,1,2010/1 ~ 2028/2,의예과(학부/서울),10.65,24.26,17.16,18.93,18.93,10.06,,,,,,,18,41,29,32,32,17,,,,,,,ok,outputs/pdfs_full/의예과__GEN0036__통계학개론.pdf,,169
H0002256,H0002794,국어국문학과,GEN0039,심리학개론,2019,1,1989/1 ~ 1992/2,국어국문학(학부-인문과/서울),13.79,13.79,31.03,20.69,10.34,6.9,3.45,,,,,,4,4,9,6,3,2,1,,,,,,ok,outputs/pdfs_full/국어국문학과__GEN0039__심리학개론.pdf,,29
H0002256,H0003542,법학과,GEN0041,현대사회와나의삶,2025,2,1989/1 ~ 1992/2,법학과(학부/서울),72.73,24.24,3.03,,,,,,,,,,24,8,1,,,,,,,,,,ok,outputs/pdfs_full/법학과__GEN0041__현대사회와나의삶.pdf,,33
H0002256,H0002834,사회과학부,GEN0043,경제원론,2015,2,2006/1 ~ 2013/2,사회과학부(학부/서울),19.35,11.29,33.87,12.9,14.52,3.23,1.61,3.23,,,,,12,7,21,8,9,2,1,2,,,,,ok,outputs/pdfs_full/사회과학부__GEN0043__경제원론.pdf,,62
H0002256,H0002867,정보시스템학과,GEN0044,경영학원론,2026,1,2009/1 ~ 2028/2,정보시스템학과(학과/서울),29.27,,43.9,,26.83,,,,,,,,12,,18,,11,,,,,,,,ok,outputs/pdfs_full/정보시스템학과__GEN0044__경영학원론.pdf,,41
H0002256,H0003542,법학과,GEN0059,경제원론1,2017,2,1989/1 ~ 2014/2,법학과(학부/서울),15.38,23.08,46.15,,15.38,,,,,,,,4,6,12,,4,,,,,,,,ok,outputs/pdfs_full/법학과__GEN0059__경제원론1.pdf,,26
H0002256,H0002570,도시공학과,GEN0068,일반화학1,2015,1,1989/1 ~ 1996/2,도시공학과(학부/서울),30.61,,30.61,8.16,30.61,,,,,,,,15,,15,4,15,,,,,,,,ok,outputs/pdfs_full/도시공학과__GEN0068__일반화학1.pdf,,49
H0002256,H0002570,도시공학과,GEN0069,일반화학2,2015,2,1989/1 ~ 1996/2,도시공학과(학부/서울),24.49,6.12,24.49,16.33,26.53,2.04,,,,,,,12,3,12,8,13,1,,,,,,,ok,outputs/pdfs_full/도시공학과__GEN0069__일반화학2.pdf,,49
H0002256,H0002517,건설환경공학과,GEN0072,일반화학및실험,2026,1,2016/1 ~ 2027/2,건설환경공학과(학부/서울),19.26,15.3,28.23,12.93,14.78,8.44,1.06,,,,,,73,58,107,49,56,32,4,,,,,,ok,outputs/pdfs_full/건설환경공학과__GEN0072__일반화학및실험.pdf,,379
H0002256,H0002599,의예과,GEN0074,일반생물학1,2026,1,1989/1 ~ 1996/2,의예과(학부/서울),58.46,12.31,10.77,3.08,4.62,3.08,3.08,4.62,,,,,38,8,7,2,3,2,2,3,,,,,ok,outputs/pdfs_full/의예과__GEN0074__일반생물학1.pdf,,65
H0002256,H0002599,의예과,GEN0075,일반생물학2,2025,2,1989/1 ~ 1996/2,의예과(학부/서울),44.93,14.49,11.59,8.7,5.8,10.14,1.45,1.45,,,1.45,,31,10,8,6,4,7,1,1,,,1,,ok,outputs/pdfs_full/의예과__GEN0075__일반생물학2.pdf,,69
H0002256,H0002599,의예과,GEN0076,일반생물학실험1,2026,1,1989/1 ~ 1996/2,의예과(학부/서울),40,36,22,2,,,,,,,,,20,18,11,1,,,,,,,,,ok,outputs/pdfs_full/의예과__GEN0076__일반생물학실험1.pdf,,50
H0002256,H0002599,의예과,GEN0077,일반생물학실험2,2025,2,1989/1 ~ 1996/2,의예과(학부/서울),70.45,15.91,9.09,2.27,,,,,,,2.27,,31,7,4,1,,,,,,,1,,ok,outputs/pdfs_full/의예과__GEN0077__일반생물학실험2.pdf,,44
H0002256,H0003663,정치외교학과,GEN0087,정치학개론,2026,1,2014/1 ~ 2027/2,정치외교학과,37.29,,37.29,,15.25,,1.69,,,6.78,1.69,,22,,22,,9,,1,,,4,1,,ok,outputs/pdfs_full/정치외교학과__GEN0087__정치학개론.pdf,,59
H0002256,H0002886,건축학부,GEN1002,전공영어,2015,2,2005/1 ~ 2012/2,건축학부(학부/서울),37.5,37.5,16.67,8.33,,,,,,,,,9,9,4,2,,,,,,,,,ok,outputs/pdfs_full/건축학부__GEN1002__전공영어.pdf,,24
H0002256,H0002575,융합전자공학부,GEN1012,일반화학,2015,1,2010/1 ~ 2015/2,융합전자공학부,12.41,14.6,24.09,18.98,15.33,10.95,3.65,,,,,,17,20,33,26,21,15,5,,,,,,ok,outputs/pdfs_full/융합전자공학부__GEN1012__일반화학.pdf,,137
H0002256,H0002575,융합전자공학부,GEN1014,일반물리학,2026,1,2010/1 ~ 2015/2,융합전자공학부,22.31,17.36,24.79,15.7,14.05,5.79,,,,,,,27,21,30,19,17,7,,,,,,,ok,outputs/pdfs_full/융합전자공학부__GEN1014__일반물리학.pdf,,121
H0002256,H0002517,건설환경공학과,GEN1016,일반생물학,2026,1,2016/1 ~ 2027/2,건설환경공학과(학부/서울),27.17,11.56,11.56,15.61,19.08,6.94,2.31,5.2,,,0.58,,47,20,20,27,33,12,4,9,,,1,,ok,outputs/pdfs_full/건설환경공학과__GEN1016__일반생물학.pdf,,173
H0002256,H0002886,건축학부,GEN1031,공학도를위한창의적컴퓨팅,2026,1,2017/1 ~ 2027/2,건축학부(학부/서울),30.4,6.56,35.04,5.44,14.24,3.52,4.8,,,,,,190,41,219,34,89,22,30,,,,,,ok,outputs/pdfs_full/건축학부__GEN1031__공학도를위한창의적컴퓨팅.pdf,,625
H0002256,H0002256,서울 대학,GEN1035,중급스페인어,2026,1,1993/1 ~ 2027/2,대학(학부/서울),13.64,18.18,22.73,18.18,27.27,,,,,,,,3,4,5,4,6,,,,,,,,ok,outputs/pdfs_seoul_university/서울_대학__GEN1035__중급스페인어.pdf,,22
H0002256,H0002801,독어독문학과,GEN1040,초급독일어,2026,1,1993/1 ~ 1996/2,독어독문학(학부/서울),15.07,15.07,27.4,10.96,13.7,9.59,8.22,,,,,,11,11,20,8,10,7,6,,,,,,ok,outputs/pdfs_full/독어독문학과__GEN1040__초급독일어.pdf,,73
H0002256,H0002809,중어중문학과,GEN1043,중급중국어,2026,1,1993/1 ~ 1996/2,중어중문학(학부/서울),86.96,,8.7,,4.35,,,,,,,,20,,2,,1,,,,,,,,ok,outputs/pdfs_full/중어중문학과__GEN1043__중급중국어.pdf,,23
H0002256,H0002814,사학과,GEN1056,인간과역사,2014,1,2008/1 ~ 2008/2,사학(학부-인문과/서울),19.23,11.54,23.08,23.08,7.69,7.69,7.69,,,,,,5,3,6,6,2,2,2,,,,,,ok,outputs/pdfs_full/사학과__GEN1056__인간과역사.pdf,,26
H0002256,H0002256,서울 대학,GEN1073,관광과문화행동,2014,2,1993/1 ~ 2014/2,대학(학부/서울),8.7,23.91,39.13,4.35,23.91,,,,,,,,8,22,36,4,22,,,,,,,,ok,outputs/pdfs_seoul_university/서울_대학__GEN1073__관광과문화행동.pdf,,92
H0002256,H0002256,서울 대학,GEN1076,여성학,2025,2,1993/1 ~ 2027/2,대학(학부/서울),85.71,7.14,7.14,,,,,,,,,,24,2,2,,,,,,,,,,ok,outputs/pdfs_seoul_university/서울_대학__GEN1076__여성학.pdf,,28
H0002256,H0002256,서울 대학,GEN1078,문화론특강,2026,1,1993/1 ~ 2027/2,대학(학부/서울),27.27,3.03,39.39,3.03,27.27,,,,,,,,9,1,13,1,9,,,,,,,,ok,outputs/pdfs_seoul_university/서울_대학__GEN1078__문화론특강.pdf,,33
H0002256,H0002599,의예과,GEN1082,고급영어회화,2019,2,1998/1 ~ 2019/2,의예과(학부/서울),11.11,20.37,14.81,27.78,14.81,11.11,,,,,,,12,22,16,30,16,12,,,,,,,ok,outputs/pdfs_full/의예과__GEN1082__고급영어회화.pdf,,108
H0002256,H0002256,서울 대학,GEN1092,한국근현대사,2026,1,1996/1 ~ 2027/2,대학(학부/서울),29.73,2.16,42.7,,21.62,,3.78,,,,,,55,4,79,,40,,7,,,,,,ok,outputs/pdfs_seoul_university/서울_대학__GEN1092__한국근현대사.pdf,,185
H0002256,H0002886,건축학부,GEN1100,공학도를위한창의적프로그래밍,2026,1,2024/1 ~ 2029/2,건축학부(학부/서울),37.77,1.99,40.95,0.99,17.1,1.19,,,,,,,190,10,206,5,86,6,,,,,,,ok,outputs/pdfs_full/건축학부__GEN1100__공학도를위한창의적프로그래밍.pdf,,503
H0002256,H0002518,소프트웨어전공,GEN2026,논리학,2015,1,2013/1 ~ 2015/2,소프트웨어전공,13.33,20,33.33,10,6.67,6.67,3.33,6.67,,,,,4,6,10,3,2,2,1,2,,,,,ok,outputs/pdfs_full/소프트웨어전공__GEN2026__논리학.pdf,,30
H0002256,H0002256,서울 대학,GEN2034,기독교와현대사회1,2014,1,1993/1 ~ 2015/2,대학(학부/서울),25,33.33,16.67,,16.67,8.33,,,,,,,3,4,2,,2,1,,,,,,,ok,outputs/pdfs_seoul_university/서울_대학__GEN2034__기독교와현대사회1.pdf,,12
H0002256,H0002256,서울 대학,GEN2035,기독교와현대사회2,2013,2,1993/1 ~ 2015/1,대학(학부/서울),14.29,14.29,42.86,,28.57,,,,,,,,3,3,9,,6,,,,,,,,ok,outputs/pdfs_seoul_university/서울_대학__GEN2035__기독교와현대사회2.pdf,,21
H0002256,H0002521,건축공학부,GEN2052,미분적분학1,2026,1,2005/1 ~ 2027/2,건축공학부(학부/서울),19.81,21.14,24.82,10.34,9.01,5.79,6.11,2.74,,,0.23,,253,270,317,132,115,74,78,35,,,3,,ok,outputs/pdfs_full/건축공학부__GEN2052__미분적분학1.pdf,,1277
H0002256,H0002521,건축공학부,GEN2053,미분적분학2,2026,1,2005/1 ~ 2027/2,건축공학부(학부/서울),2.41,18.07,22.89,14.46,12.05,7.23,14.46,8.43,,,,,2,15,19,12,10,6,12,7,,,,,ok,outputs/pdfs_full/건축공학부__GEN2053__미분적분학2.pdf,,83
H0002256,H0002519,컴퓨터전공,GEN2055,생물학,2015,2,2012/1 ~ 2015/2,컴퓨터전공,22,12,23,12,20,11,,,,,,,22,12,23,12,20,11,,,,,,,ok,outputs/pdfs_full/컴퓨터전공__GEN2055__생물학.pdf,,100
H0002256,H0002256,서울 대학,GEN2076,무용의이해,2017,1,1993/1 ~ 2027/2,대학(학부/서울),31.25,,31.25,6.25,6.25,25,,,,,,,5,,5,1,1,4,,,,,,,ok,outputs/pdfs_seoul_university/서울_대학__GEN2076__무용의이해.pdf,,16
H0002256,H0002256,서울 대학,GEN2078,연극의이해,2026,1,1993/1 ~ 2027/2,대학(학부/서울),17.39,13.04,28.26,13.04,17.39,4.35,6.52,,,,,,8,6,13,6,8,2,3,,,,,,ok,outputs/pdfs_seoul_university/서울_대학__GEN2078__연극의이해.pdf,,46
H0002256,H0002256,서울 대학,GEN2079,영화의이해,2026,1,1993/1 ~ 2027/2,대학(학부/서울),23.71,6.19,36.08,4.12,22.68,5.15,1.03,1.03,,,,,23,6,35,4,22,5,1,1,,,,,ok,outputs/pdfs_seoul_university/서울_대학__GEN2079__영화의이해.pdf,,97
H0002256,H0002256,서울 대학,GEN2081,미술의이해,2015,2,1993/1 ~ 2015/2,대학(학부/서울),20.13,10.06,31.45,10.69,24.53,1.89,1.26,,,,,,32,16,50,17,39,3,2,,,,,,ok,outputs/pdfs_seoul_university/서울_대학__GEN2081__미술의이해.pdf,,159
H0002256,H0002256,서울 대학,GEN2082,미학의이해,2015,2,1993/1 ~ 2015/2,대학(학부/서울),19.83,11.57,26.45,14.88,19.01,7.44,0.83,,,,,,24,14,32,18,23,9,1,,,,,,ok,outputs/pdfs_seoul_university/서울_대학__GEN2082__미학의이해.pdf,,121
H0002256,H0002256,서울 대학,GEN2094,초급일본어,2026,1,2003/1 ~ 2027/2,대학(학부/서울),20.86,10.7,29.41,12.83,12.83,5.35,6.95,1.07,,,,,39,20,55,24,24,10,13,2,,,,,ok,outputs/pdfs_seoul_university/서울_대학__GEN2094__초급일본어.pdf,,187
H0002256,H0002256,서울 대학,GEN2095,중급일본어,2026,1,2003/1 ~ 2027/2,대학(학부/서울),32.56,,46.51,,16.28,4.65,,,,,,,14,,20,,7,2,,,,,,,ok,outputs/pdfs_seoul_university/서울_대학__GEN2095__중급일본어.pdf,,43
H0002256,H0002256,서울 대학,GEN2101,성의과학적이해,2025,2,2015/1 ~ 2027/2,대학(학부/서울),21.95,7.32,31.71,9.76,29.27,,,,,,,,9,3,13,4,12,,,,,,,,ok,outputs/pdfs_seoul_university/서울_대학__GEN2101__성의과학적이해.pdf,,41
H0002256,H0002256,서울 대학,GEN3001,안보학(군사학),2026,1,1993/1 ~ 2027/2,대학(학부/서울),100,,,,,,,,,,,,11,,,,,,,,,,,,ok,outputs/pdfs_seoul_university/서울_대학__GEN3001__안보학(군사학).pdf,,11
H0002256,H0002256,서울 대학,GEN3002,안전및조직관리사례연구(군사학),2025,2,1993/1 ~ 2027/2,대학(학부/서울),100,,,,,,,,,,,,4,,,,,,,,,,,,ok,outputs/pdfs_seoul_university/서울_대학__GEN3002__안전및조직관리사례연구(군사학).pdf,,4
H0002256,H0003542,법학과,GEN3015,법학일반론,2014,1,1993/1 ~ 2014/2,법학과(학부/서울),,42.86,35.71,14.29,7.14,,,,,,,,,6,5,2,1,,,,,,,,ok,outputs/pdfs_full/법학과__GEN3015__법학일반론.pdf,,14
H0002256,H0002256,서울 대학,GEN3016,생활법률,2026,1,1993/1 ~ 2027/2,대학(학부/서울),29.83,0.55,40.88,,27.62,,1.1,,,,,,54,1,74,,50,,2,,,,,,ok,outputs/pdfs_seoul_university/서울_대학__GEN3016__생활법률.pdf,,181
H0002256,H0002256,서울 대학,GEN3032,기초물리학,2018,1,2007/1 ~ 2027/2,대학(학부/서울),43.75,31.25,18.75,6.25,,,,,,,,,7,5,3,1,,,,,,,,,ok,outputs/pdfs_seoul_university/서울_대학__GEN3032__기초물리학.pdf,,16
H0002256,H0002256,서울 대학,GEN3033,기초화학,2023,1,2007/1 ~ 2027/2,대학(학부/서울),57.14,14.29,28.57,,,,,,,,,,4,1,2,,,,,,,,,,ok,outputs/pdfs_seoul_university/서울_대학__GEN3033__기초화학.pdf,,7
H0002256,H0002256,서울 대학,GEN3039,환타지소설과문화콘텐츠,2013,2,2007/1 ~ 2015/1,대학(학부/서울),22.22,12.42,33.33,12.42,9.8,4.58,5.23,,,,,,34,19,51,19,15,7,8,,,,,,ok,outputs/pdfs_seoul_university/서울_대학__GEN3039__환타지소설과문화콘텐츠.pdf,,153
H0002256,H0002574,전기·생체공학부,GEN3041,초급중국어1,2026,1,2016/1 ~ 2019/2,전기·생체공학부(학부/서울),31.34,2.61,39.55,2.99,17.91,2.61,2.61,0.37,,,,,84,7,106,8,48,7,7,1,,,,,ok,outputs/pdfs_full/전기·생체공학부__GEN3041__초급중국어1.pdf,,268
H0002256,H0002256,서울 대학,GEN3042,초급중국어2,2019,2,2009/1 ~ 2027/2,대학(학부/서울),36.84,,42.11,,15.79,,5.26,,,,,,7,,8,,3,,1,,,,,,ok,outputs/pdfs_seoul_university/서울_대학__GEN3042__초급중국어2.pdf,,19
H0002256,H0002570,도시공학과,GEN3052,환경공학,2025,2,2000/1 ~ 2001/2,도시공학과(학부/서울),22.22,42.22,33.33,,,,,2.22,,,,,10,19,15,,,,,1,,,,,ok,outputs/pdfs_full/도시공학과__GEN3052__환경공학.pdf,,45
H0002256,H0002521,건축공학부,GEN3058,공업경제학,2026,1,2008/1 ~ 2030/2,건축공학부(학부/서울),31.11,,28.89,11.11,17.78,8.89,,2.22,,,,,14,,13,5,8,4,,1,,,,,ok,outputs/pdfs_full/건축공학부__GEN3058__공업경제학.pdf,,45
H0002256,H0002737,성악과,GEN3073,연주와비평1,2026,1,1994/1 ~ 2027/2,성악과(학부/서울),78.85,6.73,3.85,2.88,4.81,,2.88,,,,,,82,7,4,3,5,,3,,,,,,ok,outputs/pdfs_full/성악과__GEN3073__연주와비평1.pdf,,104
H0002256,H0002737,성악과,GEN3074,연주와비평2,2025,2,1994/1 ~ 2027/2,성악과(학부/서울),74.68,11.39,5.06,3.8,2.53,1.27,,1.27,,,,,59,9,4,3,2,1,,1,,,,,ok,outputs/pdfs_full/성악과__GEN3074__연주와비평2.pdf,,79
H0002256,H0002737,성악과,GEN3075,연주와비평3,2026,1,1995/1 ~ 2028/2,성악과(학부/서울),64.1,17.09,9.4,1.71,3.42,1.71,0.85,1.71,,,,,75,20,11,2,4,2,1,2,,,,,ok,outputs/pdfs_full/성악과__GEN3075__연주와비평3.pdf,,117
H0002256,H0002737,성악과,GEN3076,연주와비평4,2025,2,1995/1 ~ 2028/2,성악과(학부/서울),62.93,18.97,6.9,2.59,5.17,1.72,0.86,0.86,,,,,73,22,8,3,6,2,1,1,,,,,ok,outputs/pdfs_full/성악과__GEN3076__연주와비평4.pdf,,116
H0002256,H0004816,간호학과,GEN3083,영양과건강,2025,2,2017/1 ~ 2027/2,간호학과,12.28,40.35,21.05,15.79,3.51,3.51,3.51,,,,,,7,23,12,9,2,2,2,,,,,,ok,outputs/pdfs_full/간호학과__GEN3083__영양과건강.pdf,,57
H0002256,H0002256,서울 대학,GEN3086,구급법,2026,1,1993/1 ~ 2027/2,대학(학부/서울),61.9,16.67,19.05,2.38,,,,,,,,,26,7,8,1,,,,,,,,,ok,outputs/pdfs_seoul_university/서울_대학__GEN3086__구급법.pdf,,42
H0002256,H0002256,서울 대학,GEN3093,벤처실전전략,2015,1,2006/1 ~ 2015/1,대학(학부/서울),,,,,,,,,,100,,,,,,,,,,,,158,,,ok,outputs/pdfs_seoul_university/서울_대학__GEN3093__벤처실전전략.pdf,,158
H0002256,H0004360,글로벌 CEO 창업 융합전공,GEN3096,Modern Stress and You,2026,1,2025/2 ~ 2026/1,글로벌 CEO 창업 융합전공,46.97,21.21,7.58,7.58,6.06,3.03,4.55,3.03,,,,,31,14,5,5,4,2,3,2,,,,,ok,outputs/pdfs_full/글로벌_CEO_창업_융합전공__GEN3096__Modern_Stress_and_You.pdf,,66
H0002256,H0002256,서울 대학,GEN3097,디자인으로 세상읽기,2026,1,2014/2 ~ 2027/2,대학(학부/서울),75,25,,,,,,,,,,,18,6,,,,,,,,,,,ok,outputs/pdfs_seoul_university/서울_대학__GEN3097__디자인으로_세상읽기.pdf,,24
H0002256,H0002256,서울 대학,GEN3098,알기쉬운경제원리,2018,2,2017/1 ~ 2027/2,대학(학부/서울),24.24,9.09,36.36,9.09,21.21,,,,,,,,8,3,12,3,7,,,,,,,,ok,outputs/pdfs_seoul_university/서울_대학__GEN3098__알기쉬운경제원리.pdf,,33
H0002256,H0002256,서울 대학,GEN4001,조직리더십(군사학),2026,1,1993/1 ~ 2027/2,대학(학부/서울),100,,,,,,,,,,,,3,,,,,,,,,,,,ok,outputs/pdfs_seoul_university/서울_대학__GEN4001__조직리더십(군사학).pdf,,3
H0002256,H0002256,서울 대학,GEN4002,조직리더십사례연구(군사학),2025,2,1993/1 ~ 2027/2,대학(학부/서울),100,,,,,,,,,,,,6,,,,,,,,,,,,ok,outputs/pdfs_seoul_university/서울_대학__GEN4002__조직리더십사례연구(군사학).pdf,,6
H0002256,H0003584,식품영양학과,GEN4012,식생활문화,2026,1,2013/1 ~ 2030/2,식품영양학과,38.89,,41.67,,13.89,5.56,,,,,,,14,,15,,5,2,,,,,,,ok,outputs/pdfs_full/식품영양학과__GEN4012__식생활문화.pdf,,36
H0002256,H0002256,서울 대학,GEN4027,교육과사회,2021,2,1993/1 ~ 2024/2,대학(학부/서울),33.33,7.41,33.33,25.93,,,,,,,,,9,2,9,7,,,,,,,,,ok,outputs/pdfs_seoul_university/서울_대학__GEN4027__교육과사회.pdf,,27
H0002256,H0002256,서울 대학,GEN4029,인간관계훈련,2026,1,1993/1 ~ 2027/2,대학(학부/서울),20.83,8.33,34.72,6.94,20.83,,8.33,,,,,,15,6,25,5,15,,6,,,,,,ok,outputs/pdfs_seoul_university/서울_대학__GEN4029__인간관계훈련.pdf,,72
H0002256,H0002256,서울 대학,GEN4065,원자력과환경,2015,2,1993/1 ~ 2004/2,대학(학부/서울),11.11,17.78,22.22,22.22,13.33,13.33,,,,,,,5,8,10,10,6,6,,,,,,,ok,outputs/pdfs_seoul_university/서울_대학__GEN4065__원자력과환경.pdf,,45
H0002256,H0002256,서울 대학,GEN4066,기초수학,2026,1,1993/1 ~ 2027/2,대학(학부/서울),25,22.92,22.92,14.58,6.25,6.25,,2.08,,,,,12,11,11,7,3,3,,1,,,,,ok,outputs/pdfs_seoul_university/서울_대학__GEN4066__기초수학.pdf,,48
H0002256,H0002256,서울 대학,GEN4070,천체와우주,2014,2,1993/1 ~ 2014/2,대학(학부/서울),8,21,31,11,16,12,1,,,,,,8,21,31,11,16,12,1,,,,,,ok,outputs/pdfs_seoul_university/서울_대학__GEN4070__천체와우주.pdf,,100
H0002256,H0003621,간호학전공(야),GEN4073,사람과유전자,2025,2,2013/1 ~ 2014/2,간호학전공(야),23.08,7.69,23.08,15.38,17.95,12.82,,,,,,,9,3,9,6,7,5,,,,,,,ok,outputs/pdfs_full/간호학전공(야)__GEN4073__사람과유전자.pdf,,39
H0002256,H0003621,간호학전공(야),GEN4075,미래지구환경과생태계,2026,1,2013/1 ~ 2015/2,간호학전공(야),34.21,,42.11,,23.68,,,,,,,,13,,16,,9,,,,,,,,ok,outputs/pdfs_full/간호학전공(야)__GEN4075__미래지구환경과생태계.pdf,,38
H0002256,H0002256,서울 대학,GEN4078,유엔과세계평화,2015,1,1994/1 ~ 2015/2,대학(학부/서울),13.33,20,40,,26.67,,,,,,,,2,3,6,,4,,,,,,,,ok,outputs/pdfs_seoul_university/서울_대학__GEN4078__유엔과세계평화.pdf,,15
H0002256,H0002599,의예과,GEN4079,사회봉사,2026,1,2005/1 ~ 2005/2,의예과(학부/서울),,,,,,,,,,100,,,,,,,,,,,,1100,,,ok,outputs/pdfs_full/의예과__GEN4079__사회봉사.pdf,,1100
H0002256,H0002256,서울 대학,GEN4084,사회봉사리더십,2015,1,1997/1 ~ 2027/2,대학(학부/서울),33.33,,50,,11.11,5.56,,,,,,,6,,9,,2,1,,,,,,,ok,outputs/pdfs_seoul_university/서울_대학__GEN4084__사회봉사리더십.pdf,,18
H0002256,H0002256,서울 대학,GEN4088,결혼적응교육,2014,1,2002/1 ~ 2015/2,대학(학부/서울),28.97,1.87,42.06,,22.43,,4.67,,,,,,31,2,45,,24,,5,,,,,,ok,outputs/pdfs_seoul_university/서울_대학__GEN4088__결혼적응교육.pdf,,107
H0002256,H0002886,건축학부,GEN4091,과학기술의철학적이해,2026,1,2005/1 ~ 2027/2,건축학부(학부/서울),16.55,23.02,30.22,8.63,8.63,10.79,2.16,,,,,,23,32,42,12,12,15,3,,,,,,ok,outputs/pdfs_full/건축학부__GEN4091__과학기술의철학적이해.pdf,,139
H0002256,H0002256,서울 대학,GEN4092,영어듣기의원리,2018,2,2003/1 ~ 2027/2,대학(학부/서울),30.77,7.69,38.46,7.69,15.38,,,,,,,,4,1,5,1,2,,,,,,,,ok,outputs/pdfs_seoul_university/서울_대학__GEN4092__영어듣기의원리.pdf,,13
H0002256,H0002256,서울 대학,GEN4093,영어읽기의원리,2015,2,2003/1 ~ 2015/2,대학(학부/서울),31.58,,39.47,,28.95,,,,,,,,12,,15,,11,,,,,,,,ok,outputs/pdfs_seoul_university/서울_대학__GEN4093__영어읽기의원리.pdf,,38
H0002256,H0002519,컴퓨터전공,GEN4094,영문쓰기의원리,2018,2,2009/1 ~ 2009/2,컴퓨터전공,27.27,9.09,36.36,,27.27,,,,,,,,3,1,4,,3,,,,,,,,ok,outputs/pdfs_full/컴퓨터전공__GEN4094__영문쓰기의원리.pdf,,11
H0002256,H0002256,서울 대학,GEN4095,스노보드,2016,2,2003/1 ~ 2019/2,대학(학부/서울),,,,,,,,,,100,,,,,,,,,,,,28,,,ok,outputs/pdfs_seoul_university/서울_대학__GEN4095__스노보드.pdf,,28
H0002256,H0002256,서울 대학,GEN4100,융합캡스톤디자인과TRIZ1,2016,1,2015/1 ~ 2027/2,대학(학부/서울),100,,,,,,,,,,,,10,,,,,,,,,,,,ok,outputs/pdfs_seoul_university/서울_대학__GEN4100__융합캡스톤디자인과TRIZ1.pdf,,10
H0002256,H0003878,창업융합전공,GEN5010,지적재산법,2026,1,2021/1 ~ 2028/2,창업융합전공,25.81,4.84,33.87,6.45,29.03,,,,,,,,16,3,21,4,18,,,,,,,,ok,outputs/pdfs_full/창업융합전공__GEN5010__지적재산법.pdf,,62
H0002256,H0002256,서울 대학,GEN5014,기초스페인어,2026,1,2003/1 ~ 2027/2,대학(학부/서울),23.46,9.88,33.33,7.41,23.46,2.47,,,,,,,19,8,27,6,19,2,,,,,,,ok,outputs/pdfs_seoul_university/서울_대학__GEN5014__기초스페인어.pdf,,81
H0002256,H0002256,서울 대학,GEN5019,매경-한양CEO특강,2024,2,2003/1 ~ 2025/2,대학(학부/서울),,,,,,,,,,100,,,,,,,,,,,,94,,,ok,outputs/pdfs_seoul_university/서울_대학__GEN5019__매경-한양CEO특강.pdf,,94
H0002256,H0002886,건축학부,GEN5026,테크노경영학(스타트업종합설계),2026,1,2014/1 ~ 2028/2,건축학부(학부/서울),47.42,33.42,15.19,3.17,0.66,0.13,,,,,,,359,253,115,24,5,1,,,,,,,ok,outputs/pdfs_full/건축학부__GEN5026__테크노경영학(스타트업종합설계).pdf,,757
H0002256,H0003542,법학과,GEN5027,인터넷과법,2015,1,2005/1 ~ 2016/2,법학과(학부/서울),33.33,11.11,38.89,,16.67,,,,,,,,6,2,7,,3,,,,,,,,ok,outputs/pdfs_full/법학과__GEN5027__인터넷과법.pdf,,18
H0002256,H0002256,서울 대학,GEN5028,민법의이해,2026,1,2005/1 ~ 2027/2,대학(학부/서울),33.33,,31.58,12.28,10.53,3.51,3.51,5.26,,,,,19,,18,7,6,2,2,3,,,,,ok,outputs/pdfs_seoul_university/서울_대학__GEN5028__민법의이해.pdf,,57
H0002256,H0002886,건축학부,GEN5029,커리어개발Ⅰ:취.창업진로로드맵,2026,1,2005/1 ~ 2027/2,건축학부(학부/서울),83.22,8.46,1.56,1.23,0.36,0.33,0.24,0.12,,4.49,,,2783,283,52,41,12,11,8,4,,150,,,ok,outputs/pdfs_full/건축학부__GEN5029__커리어개발I_취.창업진로로드맵.pdf,,3344
H0002256,H0002256,서울 대학,GEN5047,관광과레저,2018,1,2007/1 ~ 2027/2,대학(학부/서울),20.59,8.82,23.53,20.59,17.65,8.82,,,,,,,7,3,8,7,6,3,,,,,,,ok,outputs/pdfs_seoul_university/서울_대학__GEN5047__관광과레저.pdf,,34
H0002256,H0002256,서울 대학,GEN5048,호텔산업의이해,2026,1,2007/1 ~ 2027/2,대학(학부/서울),15.38,13.85,36.92,,27.69,,6.15,,,,,,10,9,24,,18,,4,,,,,,ok,outputs/pdfs_seoul_university/서울_대학__GEN5048__호텔산업의이해.pdf,,65
H0002256,H0002256,서울 대학,GEN5049,대중문화와패션,2025,2,2005/1 ~ 2027/2,대학(학부/서울),15.28,13.89,26.39,13.89,23.61,5.56,1.39,,,,,,11,10,19,10,17,4,1,,,,,,ok,outputs/pdfs_seoul_university/서울_대학__GEN5049__대중문화와패션.pdf,,72
H0002256,H0003621,간호학전공(야),GEN5060,동양철학의이해,2026,1,2013/1 ~ 2017/2,간호학전공(야),15.15,18.18,42.42,,24.24,,,,,,,,5,6,14,,8,,,,,,,,ok,outputs/pdfs_full/간호학전공(야)__GEN5060__동양철학의이해.pdf,,33
H0002256,H0002256,서울 대학,GEN5061,사랑의철학,2018,2,2005/1 ~ 2027/2,대학(학부/서울),30.91,1.82,38.18,7.27,14.55,,3.64,3.64,,,,,17,1,21,4,8,,2,2,,,,,ok,outputs/pdfs_seoul_university/서울_대학__GEN5061__사랑의철학.pdf,,55
H0002256,H0002256,서울 대학,GEN5069,중급프랑스어,2026,1,2005/1 ~ 2027/2,대학(학부/서울),20.69,34.48,10.34,17.24,6.9,3.45,,6.9,,,,,6,10,3,5,2,1,,2,,,,,ok,outputs/pdfs_seoul_university/서울_대학__GEN5069__중급프랑스어.pdf,,29
H0002256,H0002256,서울 대학,GEN5072,영어연기개론,2026,1,2005/1 ~ 2027/2,대학(학부/서울),80.43,13.04,2.17,2.17,2.17,,,,,,,,37,6,1,1,1,,,,,,,,ok,outputs/pdfs_seoul_university/서울_대학__GEN5072__영어연기개론.pdf,,46
H0002256,H0002256,서울 대학,GEN5073,영어권생활문화와영어학습,2026,1,2005/1 ~ 2027/2,대학(학부/서울),27.78,2.78,38.89,,30.56,,,,,,,,10,1,14,,11,,,,,,,,ok,outputs/pdfs_seoul_university/서울_대학__GEN5073__영어권생활문화와영어학습.pdf,,36
H0002256,H0003542,법학과,GEN5078,기본법률한자,2014,1,2006/1 ~ 2014/2,법학과(학부/서울),9.09,36.36,27.27,9.09,9.09,9.09,,,,,,,1,4,3,1,1,1,,,,,,,ok,outputs/pdfs_full/법학과__GEN5078__기본법률한자.pdf,,11
H0002256,H0002936,STS(과학기술학)전공,GEN5081,비즈니스설득심리,2018,2,2006/1 ~ 2018/2,STS(과학기술학)전공,10.75,20.43,24.73,17.2,20.43,5.38,,1.08,,,,,10,19,23,16,19,5,,1,,,,,ok,outputs/pdfs_full/STS(과학기술학)전공__GEN5081__비즈니스설득심리.pdf,,93
H0002256,H0002256,서울 대학,GEN5083,세계화와법의이해,2019,1,2007/1 ~ 2019/1,대학(학부/서울),26.32,7.89,34.21,10.53,7.89,2.63,10.53,,,,,,10,3,13,4,3,1,4,,,,,,ok,outputs/pdfs_seoul_university/서울_대학__GEN5083__세계화와법의이해.pdf,,38
H0002256,H0003587,체육학과,GEN5091,생활영어회화1,2015,1,2013/1 ~ 2016/2,체육학과,40,56.67,,,3.33,,,,,,,,12,17,,,1,,,,,,,,ok,outputs/pdfs_full/체육학과__GEN5091__생활영어회화1.pdf,,30
H0002256,H0003587,체육학과,GEN5092,생활영어회화2,2014,2,2013/1 ~ 2016/2,체육학과,26.09,47.83,21.74,4.35,,,,,,,,,6,11,5,1,,,,,,,,,ok,outputs/pdfs_full/체육학과__GEN5092__생활영어회화2.pdf,,23
H0002256,H0003587,체육학과,GEN5093,생활영어회화3,2015,1,2013/1 ~ 2017/2,체육학과,37.04,25.93,14.81,,11.11,,11.11,,,,,,10,7,4,,3,,3,,,,,,ok,outputs/pdfs_full/체육학과__GEN5093__생활영어회화3.pdf,,27
H0002256,H0003587,체육학과,GEN5094,생활영어회화4,2014,2,2013/1 ~ 2017/2,체육학과,13.64,59.09,27.27,,,,,,,,,,3,13,6,,,,,,,,,,ok,outputs/pdfs_full/체육학과__GEN5094__생활영어회화4.pdf,,22
H0002256,H0003587,체육학과,GEN5095,생활영어회화5,2015,1,2013/1 ~ 2018/2,체육학과,45,35,10,10,,,,,,,,,9,7,2,2,,,,,,,,,ok,outputs/pdfs_full/체육학과__GEN5095__생활영어회화5.pdf,,20
H0002256,H0003587,체육학과,GEN5096,생활영어회화6,2018,2,2013/1 ~ 2018/2,체육학과,69.23,30.77,,,,,,,,,,,9,4,,,,,,,,,,,ok,outputs/pdfs_full/체육학과__GEN5096__생활영어회화6.pdf,,13
H0002256,H0002256,서울 대학,GEN5097,문화콘텐츠의비전과전략,2018,2,2007/1 ~ 2018/2,대학(학부/서울),11.76,29.41,47.06,,11.76,,,,,,,,2,5,8,,2,,,,,,,,ok,outputs/pdfs_seoul_university/서울_대학__GEN5097__문화콘텐츠의비전과전략.pdf,,17
H0002256,H0002256,서울 대학,GEN5099,국제비지니스윤리,2015,1,2008/1 ~ 2027/2,대학(학부/서울),65,22.5,10,,,2.5,,,,,,,26,9,4,,,1,,,,,,,ok,outputs/pdfs_seoul_university/서울_대학__GEN5099__국제비지니스윤리.pdf,,40
H0002256,H0002886,건축학부,GEN5100,커리어개발Ⅱ:취.창업진로포트폴리오,2025,2,2015/1 ~ 2030/2,건축학부(학부/서울),90.86,6.61,1.16,0.85,0.24,0.21,0.03,0.03,,,,,2984,217,38,28,8,7,1,1,,,,,ok,outputs/pdfs_full/건축학부__GEN5100__커리어개발II_취.창업진로포트폴리오.pdf,,3284
H0002256,H0002518,소프트웨어전공,GEN6006,특허법의이해,2026,1,2013/1 ~ 2016/2,소프트웨어전공,43.28,24.63,11.94,5.97,5.22,1.49,5.97,1.49,,,,,58,33,16,8,7,2,8,2,,,,,ok,outputs/pdfs_full/소프트웨어전공__GEN6006__특허법의이해.pdf,,134
H0002256,H0002256,서울 대학,GEN6007,대중문화와법,2026,1,2008/1 ~ 2027/2,대학(학부/서울),32.47,,44.16,,16.88,6.49,,,,,,,25,,34,,13,5,,,,,,,ok,outputs/pdfs_seoul_university/서울_대학__GEN6007__대중문화와법.pdf,,77
H0002256,H0002256,서울 대학,GEN6023,상상과창조,2026,1,2008/1 ~ 2027/2,대학(학부/서울),12.78,19.44,42.22,,25.56,,,,,,,,23,35,76,,46,,,,,,,,ok,outputs/pdfs_seoul_university/서울_대학__GEN6023__상상과창조.pdf,,180
H0002256,H0002256,서울 대학,GEN6024,젠더와미래사회,2013,2,2008/1 ~ 2013/2,대학(학부/서울),35.59,,44.07,,16.95,1.69,1.69,,,,,,21,,26,,10,1,1,,,,,,ok,outputs/pdfs_seoul_university/서울_대학__GEN6024__젠더와미래사회.pdf,,59
H0002256,H0002886,건축학부,GEN6032,전문학술영어,2026,1,2009/1 ~ 2027/2,건축학부(학부/서울),24.52,31.4,16.99,10.32,5.38,4.95,2.15,4.3,,,,,114,146,79,48,25,23,10,20,,,,,ok,outputs/pdfs_full/건축학부__GEN6032__전문학술영어.pdf,,465
H0002256,H0002886,건축학부,GEN6044,한양사회봉사,2014,2,2009/1 ~ 2014/2,건축학부(학부/서울),,,,,,,,,,100,,,,,,,,,,,,1028,,,ok,outputs/pdfs_full/건축학부__GEN6044__한양사회봉사.pdf,,1028
H0002256,H0002256,서울 대학,GEN6045,기초학술영어,2026,1,2009/1 ~ 2027/2,대학(학부/서울),9.38,28.13,14.06,23.44,10.94,10.94,1.56,1.56,,,,,6,18,9,15,7,7,1,1,,,,,ok,outputs/pdfs_seoul_university/서울_대학__GEN6045__기초학술영어.pdf,,64
H0002256,H0002256,서울 대학,GEN6047,기업가를위한상법실무,2014,2,2009/1 ~ 2015/1,대학(학부/서울),73.33,26.67,,,,,,,,,,,11,4,,,,,,,,,,,ok,outputs/pdfs_seoul_university/서울_대학__GEN6047__기업가를위한상법실무.pdf,,15
H0002256,H0002256,서울 대학,GEN6048,세무및재무관리의기초,2015,1,2009/1 ~ 2015/1,대학(학부/서울),28.57,2.38,26.19,14.29,7.14,11.9,7.14,2.38,,,,,12,1,11,6,3,5,3,1,,,,,ok,outputs/pdfs_seoul_university/서울_대학__GEN6048__세무및재무관리의기초.pdf,,42
H0002256,H0002256,서울 대학,GEN6049,기업현장에서의실전마케팅,2014,2,2009/1 ~ 2015/1,대학(학부/서울),23.08,7.69,48.72,,20.51,,,,,,,,9,3,19,,8,,,,,,,,ok,outputs/pdfs_seoul_university/서울_대학__GEN6049__기업현장에서의실전마케팅.pdf,,39
H0002256,H0002256,서울 대학,GEN6050,지구화와개발,2018,2,2009/1 ~ 2022/1,대학(학부/서울),24.56,7.02,42.11,,24.56,1.75,,,,,,,14,4,24,,14,1,,,,,,,ok,outputs/pdfs_seoul_university/서울_대학__GEN6050__지구화와개발.pdf,,57
H0002256,H0002936,STS(과학기술학)전공,GEN6058,혁신과잡종의과학사,2026,1,2018/1 ~ 2021/2,STS(과학기술학)전공,8.82,14.71,38.24,17.65,14.71,5.88,,,,,,,3,5,13,6,5,2,,,,,,,ok,outputs/pdfs_full/STS(과학기술학)전공__GEN6058__혁신과잡종의과학사.pdf,,34
H0002256,H0002256,서울 대학,GEN6060,경영원론,2015,2,2009/1 ~ 2017/1,대학(학부/서울),16.67,16.67,25,16.67,16.67,,8.33,,,,,,2,2,3,2,2,,1,,,,,,ok,outputs/pdfs_seoul_university/서울_대학__GEN6060__경영원론.pdf,,12
H0002256,H0002256,서울 대학,GEN6064,고급한국어,2026,1,2009/1 ~ 2027/2,대학(학부/서울),26.74,4.28,40.11,2.67,21.39,2.67,2.14,,,,,,50,8,75,5,40,5,4,,,,,,ok,outputs/pdfs_seoul_university/서울_대학__GEN6064__고급한국어.pdf,,187
H0002256,H0002256,서울 대학,GEN6065,사회적기업가정신,2016,1,2011/1 ~ 2027/2,대학(학부/서울),25,8.33,44.44,,19.44,2.78,,,,,,,9,3,16,,7,1,,,,,,,ok,outputs/pdfs_seoul_university/서울_대학__GEN6065__사회적기업가정신.pdf,,36
H0002256,H0002256,서울 대학,GEN6066,생명과바다,2026,1,2011/1 ~ 2027/2,대학(학부/서울),26.88,1.08,39.78,,32.26,,,,,,,,25,1,37,,30,,,,,,,,ok,outputs/pdfs_seoul_university/서울_대학__GEN6066__생명과바다.pdf,,93
H0002256,H0002256,서울 대학,GEN6068,세계빈곤과기아의정책,2015,1,2011/1 ~ 2015/2,대학(학부/서울),11.76,26.47,35.29,23.53,,,,2.94,,,,,4,9,12,8,,,,1,,,,,ok,outputs/pdfs_seoul_university/서울_대학__GEN6068__세계빈곤과기아의정책.pdf,,34
H0002256,H0002256,서울 대학,GEN6072,비즈니스모델혁신사례분석,2014,2,2009/1 ~ 2015/1,대학(학부/서울),73.68,10.53,,10.53,,5.26,,,,,,,14,2,,2,,1,,,,,,,ok,outputs/pdfs_seoul_university/서울_대학__GEN6072__비즈니스모델혁신사례분석.pdf,,19
H0002256,H0002256,서울 대학,GEN6073,기업가를위한국제통상실무,2015,1,2009/1 ~ 2015/1,대학(학부/서울),23.81,4.76,23.81,14.29,23.81,9.52,,,,,,,5,1,5,3,5,2,,,,,,,ok,outputs/pdfs_seoul_university/서울_대학__GEN6073__기업가를위한국제통상실무.pdf,,21
H0002256,H0002256,서울 대학,GEN6074,뇌과학의이해,2026,1,2009/1 ~ 2027/2,대학(학부/서울),31.48,,42.59,,25.93,,,,,,,,17,,23,,14,,,,,,,,ok,outputs/pdfs_seoul_university/서울_대학__GEN6074__뇌과학의이해.pdf,,54
H0002256,H0002256,서울 대학,GEN6075,인체탐험,2019,2,2009/1 ~ 2021/2,대학(학부/서울),25,5,40,,30,,,,,,,,15,3,24,,18,,,,,,,,ok,outputs/pdfs_seoul_university/서울_대학__GEN6075__인체탐험.pdf,,60
H0002256,H0002256,서울 대학,GEN6084,인문학적건축학,2018,2,2012/1 ~ 2027/2,대학(학부/서울),17.31,13.46,22.12,17.31,18.27,9.62,1.92,,,,,,18,14,23,18,19,10,2,,,,,,ok,outputs/pdfs_seoul_university/서울_대학__GEN6084__인문학적건축학.pdf,,104
H0002256,H0002256,서울 대학,GEN6085,상상력과과학기술,2013,2,2012/1 ~ 2015/2,대학(학부/서울),17.46,17.46,25.4,19.05,7.94,4.76,4.76,3.17,,,,,11,11,16,12,5,3,3,2,,,,,ok,outputs/pdfs_seoul_university/서울_대학__GEN6085__상상력과과학기술.pdf,,63
H0002256,H0002256,서울 대학,GEN6086,생활속의화학,2026,1,2012/1 ~ 2027/2,대학(학부/서울),27.53,29.78,29.78,6.74,5.62,,,0.56,,,,,49,53,53,12,10,,,1,,,,,ok,outputs/pdfs_seoul_university/서울_대학__GEN6086__생활속의화학.pdf,,178
H0002256,H0002256,서울 대학,GEN6087,생활속에서만나는생물학,2025,2,2012/1 ~ 2027/2,대학(학부/서울),25,6.82,36.36,4.55,27.27,,,,,,,,11,3,16,2,12,,,,,,,,ok,outputs/pdfs_seoul_university/서울_대학__GEN6087__생활속에서만나는생물학.pdf,,44
H0002256,H0002256,서울 대학,GEN6088,생활속의마케팅,2015,1,2012/1 ~ 2022/1,대학(학부/서울),17.5,12.5,31.25,13.75,18.75,6.25,,,,,,,14,10,25,11,15,5,,,,,,,ok,outputs/pdfs_seoul_university/서울_대학__GEN6088__생활속의마케팅.pdf,,80
H0002256,H0002256,서울 대학,GEN6089,기초인체생리학,2012,2,2012/1 ~ 2014/1,대학(학부/서울),12.9,21.51,32.26,9.68,9.68,13.98,,,,,,,12,20,30,9,9,13,,,,,,,ok,outputs/pdfs_seoul_university/서울_대학__GEN6089__기초인체생리학.pdf,,93
H0002256,H0002256,서울 대학,GEN6090,분자의학시대,2015,1,2012/1 ~ 2015/2,대학(학부/서울),30.56,0.93,40.74,,27.78,,,,,,,,33,1,44,,30,,,,,,,,ok,outputs/pdfs_seoul_university/서울_대학__GEN6090__분자의학시대.pdf,,108
H0002256,H0002256,서울 대학,GEN6091,소립자에서우주론까지,2013,1,2012/1 ~ 2014/2,대학(학부/서울),19.28,14.46,39.76,4.82,12.05,6.02,2.41,1.2,,,,,16,12,33,4,10,5,2,1,,,,,ok,outputs/pdfs_seoul_university/서울_대학__GEN6091__소립자에서우주론까지.pdf,,83
H0002256,H0002256,서울 대학,GEN6092,첨단기술을이끄는물리학,2013,1,2012/1 ~ 2013/2,대학(학부/서울),14.81,16.05,22.22,23.46,23.46,,,,,,,,12,13,18,19,19,,,,,,,,ok,outputs/pdfs_seoul_university/서울_대학__GEN6092__첨단기술을이끄는물리학.pdf,,81
H0002256,H0002886,건축학부,GEN6094,전공현장실습1,2015,1,2014/1 ~ 2023/2,건축학부(학부/서울),59.69,39.29,0.51,,,,,0.51,,,,,117,77,1,,,,,1,,,,,ok,outputs/pdfs_full/건축학부__GEN6094__전공현장실습1.pdf,,196
H0002256,H0002886,건축학부,GEN6095,전공현장실습2,2014,2,2013/1 ~ 2023/2,건축학부(학부/서울),63.01,34.25,2.74,,,,,,,,,,92,50,4,,,,,,,,,,ok,outputs/pdfs_full/건축학부__GEN6095__전공현장실습2.pdf,,146
H0002256,H0002256,서울 대학,GEN7003,창의와소통,2018,1,2012/1 ~ 2018/1,대학(학부/서울),34.21,34.21,15.79,10.53,5.26,,,,,,,,13,13,6,4,2,,,,,,,,ok,outputs/pdfs_seoul_university/서울_대학__GEN7003__창의와소통.pdf,,38
H0002256,H0002256,서울 대학,GEN7005,미래에너지혁명,2014,1,2012/1 ~ 2015/2,대학(학부/서울),20.83,9.38,31.25,9.38,29.17,,,,,,,,20,9,30,9,28,,,,,,,,ok,outputs/pdfs_seoul_university/서울_대학__GEN7005__미래에너지혁명.pdf,,96
H0002256,H0002256,서울 대학,GEN7006,인문계를위한수학,2015,2,2013/1 ~ 2015/2,대학(학부/서울),36.36,,36.36,,18.18,9.09,,,,,,,4,,4,,2,1,,,,,,,ok,outputs/pdfs_seoul_university/서울_대학__GEN7006__인문계를위한수학.pdf,,11
H0002256,H0002256,서울 대학,GEN7023,스포츠와사회적책임,2026,1,2013/1 ~ 2027/2,대학(학부/서울),27.27,40.91,4.55,13.64,9.09,4.55,,,,,,,6,9,1,3,2,1,,,,,,,ok,outputs/pdfs_seoul_university/서울_대학__GEN7023__스포츠와사회적책임.pdf,,22
H0002256,H0002256,서울 대학,GEN7024,비판적사고와창의적추론:현대적사고를위한툴,2026,1,2013/1 ~ 2027/2,대학(학부/서울),21.05,55.26,15.79,2.63,,,2.63,2.63,,,,,8,21,6,1,,,1,1,,,,,ok,outputs/pdfs_seoul_university/서울_대학__GEN7024__비판적사고와창의적추론_현대적사고를위한툴.pdf,,38
H0002256,H0002256,서울 대학,GEN7025,멀티미디어영작문,2026,1,2013/1 ~ 2027/2,대학(학부/서울),50,10,10,13.33,3.33,6.67,3.33,3.33,,,,,15,3,3,4,1,2,1,1,,,,,ok,outputs/pdfs_seoul_university/서울_대학__GEN7025__멀티미디어영작문.pdf,,30
H0002256,H0002256,서울 대학,GEN7026,온라인영어프레젠테이션,2018,1,2013/1 ~ 2018/1,대학(학부/서울),91.67,8.33,,,,,,,,,,,22,2,,,,,,,,,,,ok,outputs/pdfs_seoul_university/서울_대학__GEN7026__온라인영어프레젠테이션.pdf,,24
H0002256,H0002256,서울 대학,GEN7027,취업영어커뮤니케이션,2026,1,2013/1 ~ 2027/2,대학(학부/서울),19.51,46.34,21.95,4.88,2.44,,,4.88,,,,,8,19,9,2,1,,,2,,,,,ok,outputs/pdfs_seoul_university/서울_대학__GEN7027__취업영어커뮤니케이션.pdf,,41
H0002256,H0002256,서울 대학,GEN7028,기업·공공부문커뮤니케이션실전,2026,1,2013/1 ~ 2027/2,대학(학부/서울),37.78,42.22,8.89,4.44,4.44,2.22,,,,,,,17,19,4,2,2,1,,,,,,,ok,outputs/pdfs_seoul_university/서울_대학__GEN7028__기업·공공부문커뮤니케이션실전.pdf,,45
H0002256,H0002256,서울 대학,GEN7029,시나리오영작문,2026,1,2013/1 ~ 2027/2,대학(학부/서울),23.26,34.88,13.95,2.33,9.3,6.98,4.65,4.65,,,,,10,15,6,1,4,3,2,2,,,,,ok,outputs/pdfs_seoul_university/서울_대학__GEN7029__시나리오영작문.pdf,,43
H0002256,H0002256,서울 대학,GEN7030,영어와남녀의사소통의차이,2026,1,2013/1 ~ 2027/2,대학(학부/서울),28.57,33.33,28.57,4.76,,,4.76,,,,,,6,7,6,1,,,1,,,,,,ok,outputs/pdfs_seoul_university/서울_대학__GEN7030__영어와남녀의사소통의차이.pdf,,21
H0002256,H0002256,서울 대학,GEN7031,자원환경기술경영,2014,2,2013/1 ~ 2015/2,대학(학부/서울),23.81,9.52,38.1,,19.05,9.52,,,,,,,5,2,8,,4,2,,,,,,,ok,outputs/pdfs_seoul_university/서울_대학__GEN7031__자원환경기술경영.pdf,,21
H0002256,H0002256,서울 대학,GEN7032,정보혁명속의컴퓨터기술,2015,2,2013/1 ~ 2015/2,대학(학부/서울),33.33,,33.33,,33.33,,,,,,,,5,,5,,5,,,,,,,,ok,outputs/pdfs_seoul_university/서울_대학__GEN7032__정보혁명속의컴퓨터기술.pdf,,15
H0002256,H0002256,서울 대학,GEN7033,비전공자를위한재무금융,2026,1,2013/1 ~ 2027/2,대학(학부/서울),15.15,39.39,24.24,12.12,9.09,,,,,,,,5,13,8,4,3,,,,,,,,ok,outputs/pdfs_seoul_university/서울_대학__GEN7033__비전공자를위한재무금융.pdf,,33
H0002256,H0002256,서울 대학,GEN7034,초급독일어회화,2026,1,2013/1 ~ 2027/2,대학(학부/서울),33.33,40,23.33,3.33,,,,,,,,,10,12,7,1,,,,,,,,,ok,outputs/pdfs_seoul_university/서울_대학__GEN7034__초급독일어회화.pdf,,30
H0002256,H0002256,서울 대학,GEN7035,비즈니스중국어회화,2018,1,2013/1 ~ 2027/2,대학(학부/서울),40,20,10,30,,,,,,,,,4,2,1,3,,,,,,,,,ok,outputs/pdfs_seoul_university/서울_대학__GEN7035__비즈니스중국어회화.pdf,,10
H0002256,H0002256,서울 대학,GEN7037,영문독해1(분석적글읽기),2020,1,2013/1 ~ 2020/2,대학(학부/서울),75,6.25,6.25,,6.25,6.25,,,,,,,12,1,1,,1,1,,,,,,,ok,outputs/pdfs_seoul_university/서울_대학__GEN7037__영문독해1(분석적글읽기).pdf,,16
H0002256,H0002256,서울 대학,GEN7038,비판적글읽기,2026,1,2013/1 ~ 2027/2,대학(학부/서울),31.58,15.79,21.05,10.53,,5.26,15.79,,,,,,6,3,4,2,,1,3,,,,,,ok,outputs/pdfs_seoul_university/서울_대학__GEN7038__비판적글읽기.pdf,,19
H0002256,H0002256,서울 대학,GEN7039,영어작문1(단문에세이),2020,1,2013/1 ~ 2020/2,대학(학부/서울),3.03,15.15,33.33,27.27,3.03,6.06,12.12,,,,,,1,5,11,9,1,2,4,,,,,,ok,outputs/pdfs_seoul_university/서울_대학__GEN7039__영어작문1(단문에세이).pdf,,33
H0002256,H0002256,서울 대학,GEN7040,영어작문2(장문에세이),2020,1,2013/1 ~ 2020/2,대학(학부/서울),42.11,31.58,26.32,,,,,,,,,,8,6,5,,,,,,,,,,ok,outputs/pdfs_seoul_university/서울_대학__GEN7040__영어작문2(장문에세이).pdf,,19
H0002256,H0002256,서울 대학,GEN7041,창의적글쓰기,2026,1,2013/1 ~ 2027/2,대학(학부/서울),65,25,5,,5,,,,,,,,13,5,1,,1,,,,,,,,ok,outputs/pdfs_seoul_university/서울_대학__GEN7041__창의적글쓰기.pdf,,20
H0002256,H0002256,서울 대학,GEN7042,영어작문4(비판적글쓰기),2020,1,2013/1 ~ 2020/2,대학(학부/서울),55.56,22.22,11.11,,5.56,5.56,,,,,,,10,4,2,,1,1,,,,,,,ok,outputs/pdfs_seoul_university/서울_대학__GEN7042__영어작문4(비판적글쓰기).pdf,,18
H0002256,H0002256,서울 대학,GEN7043,영어말하기및표현연습1(학술기초영어회화),2016,1,2013/1 ~ 2027/2,대학(학부/서울),38,36,14,10,,2,,,,,,,19,18,7,5,,1,,,,,,,ok,outputs/pdfs_seoul_university/서울_대학__GEN7043__영어말하기및표현연습1(학술기초영어회화).pdf,,50
H0002256,H0002256,서울 대학,GEN7044,영어말하기및표현연습2(영어노래분석과표현기법),2026,1,2013/1 ~ 2027/2,대학(학부/서울),51.11,28.89,8.89,6.67,2.22,2.22,,,,,,,23,13,4,3,1,1,,,,,,,ok,outputs/pdfs_seoul_university/서울_대학__GEN7044__영어말하기및표현연습2(영어노래분석과표현기법).pdf,,45
H0002256,H0002256,서울 대학,GEN7045,생태친화적기업경영,2026,1,2013/1 ~ 2027/2,대학(학부/서울),16.22,14.05,33.51,8.65,8.11,7.57,7.57,4.32,,,,,30,26,62,16,15,14,14,8,,,,,ok,outputs/pdfs_seoul_university/서울_대학__GEN7045__생태친화적기업경영.pdf,,185
H0002256,H0002256,서울 대학,GEN7046,기업경영과비즈니스전략,2026,1,2013/1 ~ 2027/2,대학(학부/서울),23.2,7.18,23.2,17.13,16.57,9.39,2.21,1.1,,,,,42,13,42,31,30,17,4,2,,,,,ok,outputs/pdfs_seoul_university/서울_대학__GEN7046__기업경영과비즈니스전략.pdf,,181
H0002256,H0002256,서울 대학,GEN7047,모바일시대의창업전략,2014,1,2013/1 ~ 2014/2,대학(학부/서울),16.67,50,33.33,,,,,,,,,,2,6,4,,,,,,,,,,ok,outputs/pdfs_seoul_university/서울_대학__GEN7047__모바일시대의창업전략.pdf,,12
H0002256,H0002256,서울 대학,GEN7048,지식융합과기업가정신,2015,1,2013/1 ~ 2015/1,대학(학부/서울),22.58,6.45,32.26,9.68,25.81,3.23,,,,,,,7,2,10,3,8,1,,,,,,,ok,outputs/pdfs_seoul_university/서울_대학__GEN7048__지식융합과기업가정신.pdf,,31
H0002256,H0002256,서울 대학,GEN8003,중급독일어회화,2026,1,2013/1 ~ 2027/2,대학(학부/서울),52.17,26.09,13.04,8.7,,,,,,,,,12,6,3,2,,,,,,,,,ok,outputs/pdfs_seoul_university/서울_대학__GEN8003__중급독일어회화.pdf,,23
H0002256,H0002256,서울 대학,GEN8004,브리꼴뢰르-관계융합형인재,2026,1,2013/1 ~ 2027/2,대학(학부/서울),80,20,,,,,,,,,,,16,4,,,,,,,,,,,ok,outputs/pdfs_seoul_university/서울_대학__GEN8004__브리꼴뢰르-관계융합형인재.pdf,,20
H0002256,H0002256,서울 대학,GEN8036,지속가능한개발을위한과학기술,2024,2,2013/1 ~ 2027/2,대학(학부/서울),64,8,26.67,1.33,,,,,,,,,48,6,20,1,,,,,,,,,ok,outputs/pdfs_seoul_university/서울_대학__GEN8036__지속가능한개발을위한과학기술.pdf,,75
H0002256,H0002936,STS(과학기술학)전공,GEN8039,과학자의리더십,2026,1,2018/1 ~ 2021/2,STS(과학기술학)전공,29.41,2.94,23.53,11.76,26.47,5.88,,,,,,,10,1,8,4,9,2,,,,,,,ok,outputs/pdfs_full/STS(과학기술학)전공__GEN8039__과학자의리더십.pdf,,34
H0002256,H0002936,STS(과학기술학)전공,GEN8040,생물학연대기,2025,2,2019/1 ~ 2022/2,STS(과학기술학)전공,87.18,7.69,,5.13,,,,,,,,,34,3,,2,,,,,,,,,ok,outputs/pdfs_full/STS(과학기술학)전공__GEN8040__생물학연대기.pdf,,39
H0002256,H0002256,서울 대학,GEN8048,융합시대의경영트렌드,2014,2,2014/1 ~ 2015/2,대학(학부/서울),42.86,28.57,14.29,14.29,,,,,,,,,3,2,1,1,,,,,,,,,ok,outputs/pdfs_seoul_university/서울_대학__GEN8048__융합시대의경영트렌드.pdf,,7
H0002256,H0002256,서울 대학,GEN8049,디지털시대보고서쓰기,2015,1,2014/1 ~ 2027/2,대학(학부/서울),36.36,,36.36,,27.27,,,,,,,,4,,4,,3,,,,,,,,ok,outputs/pdfs_seoul_university/서울_대학__GEN8049__디지털시대보고서쓰기.pdf,,11
H0002256,H0002256,서울 대학,GEN9001,Introductory Korean (Level 1),2022,2,2017/2 ~ 2027/2,대학(학부/서울),31.06,35.61,14.39,9.85,4.55,2.27,1.52,0.76,,,,,41,47,19,13,6,3,2,1,,,,,ok,outputs/pdfs_seoul_university/서울_대학__GEN9001__Introductory_Korean_(Level_1).pdf,,132
H0002256,H0002256,서울 대학,GEN9002,Introductory Korean (Level 2),2022,2,2017/2 ~ 2027/2,대학(학부/서울),16.67,41.67,29.17,4.17,4.17,4.17,,,,,,,4,10,7,1,1,1,,,,,,,ok,outputs/pdfs_seoul_university/서울_대학__GEN9002__Introductory_Korean_(Level_2).pdf,,24
H0002256,H0002256,서울 대학,GEN9003,Intensive Korean (Intro),2018,2,2017/2 ~ 2027/2,대학(학부/서울),16.67,16.67,33.33,16.67,,,,16.67,,,,,1,1,2,1,,,,1,,,,,ok,outputs/pdfs_seoul_university/서울_대학__GEN9003__Intensive_Korean_(Intro).pdf,,6
H0002256,H0002256,서울 대학,GEN9004,Intensive Korean (Level 1),2022,2,2017/2 ~ 2027/2,대학(학부/서울),,33.33,8.33,16.67,16.67,16.67,8.33,,,,,,,4,1,2,2,2,1,,,,,,ok,outputs/pdfs_seoul_university/서울_대학__GEN9004__Intensive_Korean_(Level_1).pdf,,12
H0002256,H0002256,서울 대학,GEN9005,Intensive Korean (Level 2),2022,2,2017/2 ~ 2027/2,대학(학부/서울),23.53,23.53,23.53,17.65,11.76,,,,,,,,4,4,4,3,2,,,,,,,,ok,outputs/pdfs_seoul_university/서울_대학__GEN9005__Intensive_Korean_(Level_2).pdf,,17
H0002256,H0002256,서울 대학,GEN9006,Intensive Korean (Level 3),2022,2,2017/2 ~ 2027/2,대학(학부/서울),9.09,27.27,27.27,27.27,,9.09,,,,,,,1,3,3,3,,1,,,,,,,ok,outputs/pdfs_seoul_university/서울_대학__GEN9006__Intensive_Korean_(Level_3).pdf,,11
H0002256,H0002256,서울 대학,GEN9007,Intensive Korean (Level 4),2022,2,2017/2 ~ 2027/2,대학(학부/서울),8.33,50,8.33,16.67,8.33,,8.33,,,,,,1,6,1,2,1,,1,,,,,,ok,outputs/pdfs_seoul_university/서울_대학__GEN9007__Intensive_Korean_(Level_4).pdf,,12
H0002256,H0002256,서울 대학,GEN9008,Intensive Korean (Level 5),2022,2,2017/2 ~ 2027/2,대학(학부/서울),,31.58,42.11,5.26,15.79,,5.26,,,,,,,6,8,1,3,,1,,,,,,ok,outputs/pdfs_seoul_university/서울_대학__GEN9008__Intensive_Korean_(Level_5).pdf,,19
H0002256,H0002256,서울 대학,GEN9009,Intensive Korean (Level 6),2022,2,2017/2 ~ 2027/2,대학(학부/서울),50,50,,,,,,,,,,,1,1,,,,,,,,,,,ok,outputs/pdfs_seoul_university/서울_대학__GEN9009__Intensive_Korean_(Level_6).pdf,,2
H0002256,H0002256,서울 대학,GEN9176,빅데이터와패션트렌드,2026,1,2020/2 ~ 2027/2,대학(학부/서울),73.68,19.3,7.02,,,,,,,,,,42,11,4,,,,,,,,,,ok,outputs/pdfs_seoul_university/서울_대학__GEN9176__빅데이터와패션트렌드.pdf,,57
H0002256,H0002256,서울 대학,GEN9177,4차산업혁명시대리더십트레이닝,2022,1,2020/2 ~ 2027/2,대학(학부/서울),42.11,,57.89,,,,,,,,,,8,,11,,,,,,,,,,ok,outputs/pdfs_seoul_university/서울_대학__GEN9177__4차산업혁명시대리더십트레이닝.pdf,,19
H0002256,H0002256,서울 대학,GEN9178,트랜스미디어상호작용설계,2025,1,2020/2 ~ 2027/2,대학(학부/서울),60,40,,,,,,,,,,,6,4,,,,,,,,,,,ok,outputs/pdfs_seoul_university/서울_대학__GEN9178__트랜스미디어상호작용설계.pdf,,10
H0002256,H0002256,서울 대학,GEN9180,4차산업혁명과환경기술,2026,1,2020/2 ~ 2027/2,대학(학부/서울),41.38,13.79,31.03,13.79,,,,,,,,,12,4,9,4,,,,,,,,,ok,outputs/pdfs_seoul_university/서울_대학__GEN9180__4차산업혁명과환경기술.pdf,,29
H0002256,H0002801,독어독문학과,GER1055,기초독문법,2026,1,2008/1 ~ 2027/2,독어독문학(학부/서울),35.48,38.71,3.23,12.9,,6.45,,,,3.23,,,11,12,1,4,,2,,,,1,,,ok,outputs/pdfs_full/독어독문학과__GER1055__기초독문법.pdf,,31
H0002256,H0002801,독어독문학과,GER1064,유럽문화지역의이해,2025,2,2009/1 ~ 2029/2,독어독문학(학부/서울),38.1,,47.62,,9.52,4.76,,,,,,,8,,10,,2,1,,,,,,,ok,outputs/pdfs_full/독어독문학과__GER1064__유럽문화지역의이해.pdf,,21
H0002256,H0002801,독어독문학과,GER1065,멀티미디어독일어,2019,1,2009/1 ~ 2019/2,독어독문학(학부/서울),25,16.67,20.83,25,8.33,4.17,,,,,,,6,4,5,6,2,1,,,,,,,ok,outputs/pdfs_full/독어독문학과__GER1065__멀티미디어독일어.pdf,,24
H0002256,H0002801,독어독문학과,GER1066,독일어회화B1-2,2025,1,2020/1 ~ 2025/2,독어독문학(학부/서울),33.33,66.67,,,,,,,,,,,3,6,,,,,,,,,,,ok,outputs/pdfs_full/독어독문학과__GER1066__독일어회화B1-2.pdf,,9
H0002256,H0002801,독어독문학과,GER1067,독일어회화B2-2,2025,2,2020/1 ~ 2025/2,독어독문학(학부/서울),60,20,20,,,,,,,,,,3,1,1,,,,,,,,,,ok,outputs/pdfs_full/독어독문학과__GER1067__독일어회화B2-2.pdf,,5
H0002256,H0002801,독어독문학과,GER1068,독일문학의흐름,2025,1,2020/1 ~ 2028/2,독어독문학(학부/서울),36.84,5.26,42.11,5.26,10.53,,,,,,,,7,1,8,1,2,,,,,,,,ok,outputs/pdfs_full/독어독문학과__GER1068__독일문학의흐름.pdf,,19
H0002256,H0002801,독어독문학과,GER1069,언어와마음,2025,2,2022/1 ~ 2028/2,독어독문학(학부/서울),23.53,52.94,11.76,11.76,,,,,,,,,4,9,2,2,,,,,,,,,ok,outputs/pdfs_full/독어독문학과__GER1069__언어와마음.pdf,,17
H0002256,H0002801,독어독문학과,GER2005,중급독문법,2025,2,2008/1 ~ 2028/2,독어독문학(학부/서울),34.62,7.69,34.62,7.69,11.54,,,,,3.85,,,9,2,9,2,3,,,,,1,,,ok,outputs/pdfs_full/독어독문학과__GER2005__중급독문법.pdf,,26
H0002256,H0002801,독어독문학과,GER2028,문학과신화,2015,2,2006/1 ~ 2016/1,독어독문학(학부/서울),27.27,,63.64,,9.09,,,,,,,,3,,7,,1,,,,,,,,ok,outputs/pdfs_full/독어독문학과__GER2028__문학과신화.pdf,,11
H0002256,H0002801,독어독문학과,GER2036,유럽속의독일역사,2016,1,2006/1 ~ 2016/1,독어독문학(학부/서울),40,,46.67,,13.33,,,,,,,,6,,7,,2,,,,,,,,ok,outputs/pdfs_full/독어독문학과__GER2036__유럽속의독일역사.pdf,,15
H0002256,H0002801,독어독문학과,GER2059,생활독일어,2016,1,2010/1 ~ 2016/1,독어독문학(학부/서울),35.29,5.88,29.41,5.88,23.53,,,,,,,,6,1,5,1,4,,,,,,,,ok,outputs/pdfs_full/독어독문학과__GER2059__생활독일어.pdf,,17
H0002256,H0002801,독어독문학과,GER2063,독일문학의대표작품,2020,1,2008/1 ~ 2026/2,독어독문학(학부/서울),40,5,30,15,5,5,,,,,,,8,1,6,3,1,1,,,,,,,ok,outputs/pdfs_full/독어독문학과__GER2063__독일문학의대표작품.pdf,,20
H0002256,H0002801,독어독문학과,GER2066,독일어회화A1,2025,1,2008/1 ~ 2027/2,독어독문학(학부/서울),36.36,18.18,27.27,9.09,9.09,,,,,,,,4,2,3,1,1,,,,,,,,ok,outputs/pdfs_full/독어독문학과__GER2066__독일어회화A1.pdf,,11
H0002256,H0002801,독어독문학과,GER2068,독일어회화A2,2026,1,2008/1 ~ 2028/2,독어독문학(학부/서울),37.5,37.5,12.5,,,,,,,,12.5,,3,3,1,,,,,,,,1,,ok,outputs/pdfs_full/독어독문학과__GER2068__독일어회화A2.pdf,,8
H0002256,H0002801,독어독문학과,GER2070,독일문화와유럽문화,2014,2,2007/1 ~ 2016/1,독어독문학(학부/서울),71.43,28.57,,,,,,,,,,,10,4,,,,,,,,,,,ok,outputs/pdfs_full/독어독문학과__GER2070__독일문화와유럽문화.pdf,,14
H0002256,H0002801,독어독문학과,GER2071,독일어회화B1,2026,1,2008/1 ~ 2029/2,독어독문학(학부/서울),55.56,22.22,22.22,,,,,,,,,,5,2,2,,,,,,,,,,ok,outputs/pdfs_full/독어독문학과__GER2071__독일어회화B1.pdf,,9
H0002256,H0002801,독어독문학과,GER2072,독일어회화B2,2025,2,2008/1 ~ 2029/2,독어독문학(학부/서울),71.43,14.29,,,14.29,,,,,,,,5,1,,,1,,,,,,,,ok,outputs/pdfs_full/독어독문학과__GER2072__독일어회화B2.pdf,,7
H0002256,H0002801,독어독문학과,GER2074,독문학입문,2025,1,2010/1 ~ 2028/2,독어독문학(학부/서울),37.5,6.25,31.25,6.25,12.5,,6.25,,,,,,6,1,5,1,2,,1,,,,,,ok,outputs/pdfs_full/독어독문학과__GER2074__독문학입문.pdf,,16
H0002256,H0002801,독어독문학과,GER2075,독문법연습,2016,1,2014/1 ~ 2016/1,독어독문학(학부/서울),31.25,6.25,43.75,,6.25,12.5,,,,,,,5,1,7,,1,2,,,,,,,ok,outputs/pdfs_full/독어독문학과__GER2075__독문법연습.pdf,,16
H0002256,H0002801,독어독문학과,GER2076,독일어문장의이해,2015,2,2014/1 ~ 2016/1,독어독문학(학부/서울),27.27,9.09,36.36,9.09,18.18,,,,,,,,3,1,4,1,2,,,,,,,,ok,outputs/pdfs_full/독어독문학과__GER2076__독일어문장의이해.pdf,,11
H0002256,H0002801,독어독문학과,GER2077,독어회화의길잡이,2020,2,2016/2 ~ 2020/2,독어독문학(학부/서울),41.67,,41.67,16.67,,,,,,,,,5,,5,2,,,,,,,,,ok,outputs/pdfs_full/독어독문학과__GER2077__독어회화의길잡이.pdf,,12
H0002256,H0002801,독어독문학과,GER2078,독일어회화의기초,2019,1,2017/1 ~ 2020/2,독어독문학(학부/서울),34.78,4.35,39.13,,17.39,4.35,,,,,,,8,1,9,,4,1,,,,,,,ok,outputs/pdfs_full/독어독문학과__GER2078__독일어회화의기초.pdf,,23
H0002256,H0002801,독어독문학과,GER2079,유럽의역사와문화,2026,1,2017/1 ~ 2028/2,독어독문학(학부/서울),40.91,,40.91,,4.55,9.09,4.55,,,,,,9,,9,,1,2,1,,,,,,ok,outputs/pdfs_full/독어독문학과__GER2079__유럽의역사와문화.pdf,,22
H0002256,H0002801,독어독문학과,GER2080,독일어텍스트분석,2025,2,2016/2 ~ 2026/1,독어독문학(학부/서울),57.14,14.29,14.29,,,,,14.29,,,,,4,1,1,,,,,1,,,,,ok,outputs/pdfs_full/독어독문학과__GER2080__독일어텍스트분석.pdf,,7
H0002256,H0002801,독어독문학과,GER2081,유럽과세계경제,2018,2,2016/2 ~ 2020/2,독어독문학(학부/서울),60,10,30,,,,,,,,,,6,1,3,,,,,,,,,,ok,outputs/pdfs_full/독어독문학과__GER2081__유럽과세계경제.pdf,,10
H0002256,H0002801,독어독문학과,GER2082,유럽현대예술,2025,2,2016/2 ~ 2029/2,독어독문학(학부/서울),25,15,35,5,10,10,,,,,,,5,3,7,1,2,2,,,,,,,ok,outputs/pdfs_full/독어독문학과__GER2082__유럽현대예술.pdf,,20
H0002256,H0002801,독어독문학과,GER2083,독일어문장분석,2026,1,2016/2 ~ 2028/2,독어독문학(학부/서울),40.91,,40.91,,18.18,,,,,,,,9,,9,,4,,,,,,,,ok,outputs/pdfs_full/독어독문학과__GER2083__독일어문장분석.pdf,,22
H0002256,H0002801,독어독문학과,GER2084,독일어권시사토픽,2025,2,2019/1 ~ 2028/2,독어독문학(학부/서울),52.94,23.53,17.65,,5.88,,,,,,,,9,4,3,,1,,,,,,,,ok,outputs/pdfs_full/독어독문학과__GER2084__독일어권시사토픽.pdf,,17
H0002256,H0002801,독어독문학과,GER2085,독일어회화C1,2021,1,2021/1 ~ 2029/2,독어독문학(학부/서울),66.67,33.33,,,,,,,,,,,4,2,,,,,,,,,,,ok,outputs/pdfs_full/독어독문학과__GER2085__독일어회화C1.pdf,,6
H0002256,H0002801,독어독문학과,GER3035,세계속독일과유럽의새로운위상,2023,2,2007/1 ~ 2030/2,독어독문학(학부/서울),25,50,12.5,12.5,,,,,,,,,2,4,1,1,,,,,,,,,ok,outputs/pdfs_full/독어독문학과__GER3035__세계속독일과유럽의새로운위상.pdf,,8
H0002256,H0002801,독어독문학과,GER3048,독일드라마의이해,2016,2,2005/1 ~ 2016/2,독어독문학(학부/서울),23.81,14.29,28.57,9.52,19.05,,4.76,,,,,,5,3,6,2,4,,1,,,,,,ok,outputs/pdfs_full/독어독문학과__GER3048__독일드라마의이해.pdf,,21
H0002256,H0002801,독어독문학과,GER3068,실용독일어,2018,1,2016/2 ~ 2021/2,독어독문학(학부/서울),100,,,,,,,,,,,,13,,,,,,,,,,,,ok,outputs/pdfs_full/독어독문학과__GER3068__실용독일어.pdf,,13
H0002256,H0002801,독어독문학과,GER3083,중급독일어회화1,2018,1,2007/1 ~ 2021/2,독어독문학(학부/서울),30.77,30.77,30.77,7.69,,,,,,,,,4,4,4,1,,,,,,,,,ok,outputs/pdfs_full/독어독문학과__GER3083__중급독일어회화1.pdf,,13
H0002256,H0002801,독어독문학과,GER3086,독일어회화C2,2023,2,2007/1 ~ 2029/2,독어독문학(학부/서울),60,40,,,,,,,,,,,6,4,,,,,,,,,,,ok,outputs/pdfs_full/독어독문학과__GER3086__독일어회화C2.pdf,,10
H0002256,H0002801,독어독문학과,GER3089,독일어구문분석및연습,2011,2,2008/1 ~ 2016/1,독어독문학(학부/서울),66.67,,16.67,16.67,,,,,,,,,4,,1,1,,,,,,,,,ok,outputs/pdfs_full/독어독문학과__GER3089__독일어구문분석및연습.pdf,,6
H0002256,H0002801,독어독문학과,GER3090,유럽문화연구,2014,2,2011/1 ~ 2016/1,독어독문학(학부/서울),8.33,54.17,37.5,,,,,,,,,,2,13,9,,,,,,,,,,ok,outputs/pdfs_full/독어독문학과__GER3090__유럽문화연구.pdf,,24
H0002256,H0002801,독어독문학과,GER3093,독일어에세이강독,2021,1,2011/1 ~ 2021/2,독어독문학(학부/서울),42.11,,52.63,5.26,,,,,,,,,8,,10,1,,,,,,,,,ok,outputs/pdfs_full/독어독문학과__GER3093__독일어에세이강독.pdf,,19
H0002256,H0002801,독어독문학과,GER3096,독일연극제작실습워크샵캡스톤디자인,2018,1,2012/1 ~ 2022/2,독어독문학(학부/서울),87.5,12.5,,,,,,,,,,,7,1,,,,,,,,,,,ok,outputs/pdfs_full/독어독문학과__GER3096__독일연극제작실습워크샵캡스톤디자인.pdf,,8
H0002256,H0002801,독어독문학과,GER3097,독일드라마캡스톤디자인,2024,2,2012/1 ~ 2029/2,독어독문학(학부/서울),78.57,21.43,,,,,,,,,,,11,3,,,,,,,,,,,ok,outputs/pdfs_full/독어독문학과__GER3097__독일드라마캡스톤디자인.pdf,,14
H0002256,H0002801,독어독문학과,GER3098,독일문학의고전,2016,1,2015/1 ~ 2016/1,독어독문학(학부/서울),30,45,15,5,5,,,,,,,,6,9,3,1,1,,,,,,,,ok,outputs/pdfs_full/독어독문학과__GER3098__독일문학의고전.pdf,,20
H0002256,H0002801,독어독문학과,GER3100,유럽지역캡스톤디자인,2018,1,2016/2 ~ 2021/2,독어독문학(학부/서울),30.77,61.54,7.69,,,,,,,,,,4,8,1,,,,,,,,,,ok,outputs/pdfs_full/독어독문학과__GER3100__유럽지역캡스톤디자인.pdf,,13
H0002256,H0002801,독어독문학과,GER3101,현대독일사회와문화,2021,1,2016/2 ~ 2021/2,독어독문학(학부/서울),29.41,47.06,17.65,5.88,,,,,,,,,5,8,3,1,,,,,,,,,ok,outputs/pdfs_full/독어독문학과__GER3101__현대독일사회와문화.pdf,,17
H0002256,H0002801,독어독문학과,GER3102,유럽통상실무,2018,2,2016/2 ~ 2021/2,독어독문학(학부/서울),66.67,33.33,,,,,,,,,,,4,2,,,,,,,,,,,ok,outputs/pdfs_full/독어독문학과__GER3102__유럽통상실무.pdf,,6
H0002256,H0002801,독어독문학과,GER3103,유럽영상문화와예술,2025,2,2016/2 ~ 2029/2,독어독문학(학부/서울),57.14,42.86,,,,,,,,,,,4,3,,,,,,,,,,,ok,outputs/pdfs_full/독어독문학과__GER3103__유럽영상문화와예술.pdf,,7
H0002256,H0002801,독어독문학과,GER3105,언어인지데이터분석방법론,2026,1,2023/1 ~ 2029/2,독어독문학(학부/서울),100,,,,,,,,,,,,5,,,,,,,,,,,,ok,outputs/pdfs_full/독어독문학과__GER3105__언어인지데이터분석방법론.pdf,,5
H0002256,H0002801,독어독문학과,GER3106,제2언어습득,2024,2,2023/2 ~ 2030/2,독어독문학(학부/서울),60,40,,,,,,,,,,,3,2,,,,,,,,,,,ok,outputs/pdfs_full/독어독문학과__GER3106__제2언어습득.pdf,,5
H0002256,H0002801,독어독문학과,GER4030,독일어읽기와쓰기,2024,2,2015/1 ~ 2029/2,독어독문학(학부/서울),71.43,14.29,14.29,,,,,,,,,,5,1,1,,,,,,,,,,ok,outputs/pdfs_full/독어독문학과__GER4030__독일어읽기와쓰기.pdf,,7
H0002256,H0002801,독어독문학과,GER4039,디지털예술과문화,2015,2,2012/1 ~ 2016/1,독어독문학(학부/서울),41.67,,41.67,,16.67,,,,,,,,5,,5,,2,,,,,,,,ok,outputs/pdfs_full/독어독문학과__GER4039__디지털예술과문화.pdf,,12
H0002256,H0002801,독어독문학과,GER4043,유럽영상문화,2015,2,2007/1 ~ 2016/1,독어독문학(학부/서울),40.74,3.7,37.04,7.41,11.11,,,,,,,,11,1,10,2,3,,,,,,,,ok,outputs/pdfs_full/독어독문학과__GER4043__유럽영상문화.pdf,,27
H0002256,H0002801,독어독문학과,GER4060,광고와언어,2015,2,1999/1 ~ 2016/2,독어독문학(학부/서울),38.46,7.69,30.77,,23.08,,,,,,,,5,1,4,,3,,,,,,,,ok,outputs/pdfs_full/독어독문학과__GER4060__광고와언어.pdf,,13
H0002256,H0002801,독어독문학과,GER4062,스크린독일어,2018,1,2006/1 ~ 2018/2,독어독문학(학부/서울),41.67,,37.5,,20.83,,,,,,,,10,,9,,5,,,,,,,,ok,outputs/pdfs_full/독어독문학과__GER4062__스크린독일어.pdf,,24
H0002256,H0002801,독어독문학과,GER4069,독어회화입문,2015,2,2006/1 ~ 2016/1,독어독문학(학부/서울),27.78,16.67,33.33,5.56,11.11,5.56,,,,,,,5,3,6,1,2,1,,,,,,,ok,outputs/pdfs_full/독어독문학과__GER4069__독어회화입문.pdf,,18
H0002256,H0002256,서울 대학,GER4070,독일문학읽기,2019,2,2002/1 ~ 2027/2,대학(학부/서울),4.76,28.57,28.57,9.52,14.29,9.52,,4.76,,,,,1,6,6,2,3,2,,1,,,,,ok,outputs/pdfs_seoul_university/서울_대학__GER4070__독일문학읽기.pdf,,21
H0002256,H0002801,독어독문학과,GER4088,고급독일어회화연습,2014,2,2008/1 ~ 2016/1,독어독문학(학부/서울),80,,20,,,,,,,,,,4,,1,,,,,,,,,,ok,outputs/pdfs_full/독어독문학과__GER4088__고급독일어회화연습.pdf,,5
H0002256,H0002801,독어독문학과,GER4090,유럽문학과종교,2018,1,2012/1 ~ 2018/1,독어독문학(학부/서울),71.43,28.57,,,,,,,,,,,5,2,,,,,,,,,,,ok,outputs/pdfs_full/독어독문학과__GER4090__유럽문학과종교.pdf,,7
H0002256,H0002801,독어독문학과,GER4091,영상커뮤니케이션과언어학,2015,1,2012/1 ~ 2016/1,독어독문학(학부/서울),22.22,22.22,33.33,11.11,11.11,,,,,,,,2,2,3,1,1,,,,,,,,ok,outputs/pdfs_full/독어독문학과__GER4091__영상커뮤니케이션과언어학.pdf,,9
H0002256,H0002801,독어독문학과,GER4094,독일문제작가연구,2015,2,2012/1 ~ 2016/1,독어독문학(학부/서울),71.43,28.57,,,,,,,,,,,5,2,,,,,,,,,,,ok,outputs/pdfs_full/독어독문학과__GER4094__독일문제작가연구.pdf,,7
H0002256,H0002801,독어독문학과,GER4095,젠더와문학,2026,1,2016/1 ~ 2030/2,독어독문학(학부/서울),75,25,,,,,,,,,,,6,2,,,,,,,,,,,ok,outputs/pdfs_full/독어독문학과__GER4095__젠더와문학.pdf,,8
H0002256,H0002801,독어독문학과,GER4096,현대독문학과영화,2016,1,2014/1 ~ 2016/1,독어독문학(학부/서울),38.46,,38.46,,23.08,,,,,,,,5,,5,,3,,,,,,,,ok,outputs/pdfs_full/독어독문학과__GER4096__현대독문학과영화.pdf,,13
H0002256,H0002801,독어독문학과,GER4097,유럽신화와서사,2018,1,2016/2 ~ 2026/2,독어독문학(학부/서울),41.67,,41.67,,16.67,,,,,,,,5,,5,,2,,,,,,,,ok,outputs/pdfs_full/독어독문학과__GER4097__유럽신화와서사.pdf,,12
H0002256,H0002801,독어독문학과,GER4098,유럽의기억문화,2019,2,2016/2 ~ 2026/2,독어독문학(학부/서울),25,75,,,,,,,,,,,1,3,,,,,,,,,,,ok,outputs/pdfs_full/독어독문학과__GER4098__유럽의기억문화.pdf,,4
H0002256,H0002801,독어독문학과,GER4099,현대유럽의문화와사상,2021,2,2020/2 ~ 2023/1,독어독문학(학부/서울),9.09,27.27,45.45,18.18,,,,,,,,,1,3,5,2,,,,,,,,,ok,outputs/pdfs_full/독어독문학과__GER4099__현대유럽의문화와사상.pdf,,11
H0002256,H0002801,독어독문학과,GER4100,현대독일문학의지형도,2026,1,2023/2 ~ 2030/2,독어독문학(학부/서울),71.43,14.29,,14.29,,,,,,,,,5,1,,1,,,,,,,,,ok,outputs/pdfs_full/독어독문학과__GER4100__현대독일문학의지형도.pdf,,7
H0002256,H0002801,독어독문학과,GER4101,글로벌사회문화변동의비교와분석,2025,2,2024/2 ~ 2030/2,독어독문학(학부/서울),28.57,28.57,28.57,14.29,,,,,,,,,2,2,2,1,,,,,,,,,ok,outputs/pdfs_full/독어독문학과__GER4101__글로벌사회문화변동의비교와분석.pdf,,7
H0002256,H0002801,독어독문학과,GER5001,독어학의첫걸음,2016,1,2013/1 ~ 2016/1,독어독문학(학부/서울),30,15,30,15,5,5,,,,,,,6,3,6,3,1,1,,,,,,,ok,outputs/pdfs_full/독어독문학과__GER5001__독어학의첫걸음.pdf,,20
H0002256,H0002801,독어독문학과,GER5002,독일어와영어의언어체계,2014,2,2013/1 ~ 2016/1,독어독문학(학부/서울),58.33,8.33,25,8.33,,,,,,,,,7,1,3,1,,,,,,,,,ok,outputs/pdfs_full/독어독문학과__GER5002__독일어와영어의언어체계.pdf,,12
H0002256,H0002256,서울 대학,H-P0007,해외석학세미나1,2012,2,2009/1 ~ 2014/2,대학(학부/서울),17.65,82.35,,,,,,,,,,,3,14,,,,,,,,,,,ok,outputs/pdfs_seoul_university/서울_대학__H-P0007__해외석학세미나1.pdf,,17
H0002256,H0002256,서울 대학,H-P0010,Honors Lab1,2016,2,2009/1 ~ 2019/1,대학(학부/서울),100,,,,,,,,,,,,1,,,,,,,,,,,,ok,outputs/pdfs_seoul_university/서울_대학__H-P0010__Honors_Lab1.pdf,,1
H0002256,H0002256,서울 대학,H-P0011,Honors Lab2,2016,1,2012/1 ~ 2019/1,대학(학부/서울),100,,,,,,,,,,,,1,,,,,,,,,,,,ok,outputs/pdfs_seoul_university/서울_대학__H-P0011__Honors_Lab2.pdf,,1
H0002256,H0002256,서울 대학,H-P0012,Honors Lab3,2015,2,2012/1 ~ 2019/1,대학(학부/서울),100,,,,,,,,,,,,2,,,,,,,,,,,,ok,outputs/pdfs_seoul_university/서울_대학__H-P0012__Honors_Lab3.pdf,,2
H0002256,H0003585,실내건축디자인학과,HEC1002,주거학,2015,1,2013/1 ~ 2016/2,실내건축디자인학과,44.44,,44.44,,11.11,,,,,,,,4,,4,,1,,,,,,,,ok,outputs/pdfs_full/실내건축디자인학과__HEC1002__주거학.pdf,,9
H0002256,H0003583,의류학과,HEC1006,패션과사회,2026,1,2013/1 ~ 2027/2,의류학과,33.33,7.94,34.92,4.76,12.7,3.17,,,,,3.17,,21,5,22,3,8,2,,,,,2,,ok,outputs/pdfs_full/의류학과__HEC1006__패션과사회.pdf,,63
H0002256,H0003585,실내건축디자인학과,HEC2005,공간조명과색채,2025,1,2013/1 ~ 2028/2,실내건축디자인학과,21.88,15.63,21.88,15.63,18.75,,,,,3.13,3.13,,7,5,7,5,6,,,,,1,1,,ok,outputs/pdfs_full/실내건축디자인학과__HEC2005__공간조명과색채.pdf,,32
H0002256,H0003585,실내건축디자인학과,HEC2006,공간과사진,2014,1,2013/1 ~ 2016/2,실내건축디자인학과,37.5,43.75,6.25,,12.5,,,,,,,,6,7,1,,2,,,,,,,,ok,outputs/pdfs_full/실내건축디자인학과__HEC2006__공간과사진.pdf,,16
H0002256,H0003583,의류학과,HEC2012,패션비지니스,2025,2,2013/1 ~ 2027/2,의류학과,30.99,8.45,22.54,9.86,11.27,7.04,,,,5.63,4.23,,22,6,16,7,8,5,,,,4,3,,ok,outputs/pdfs_full/의류학과__HEC2012__패션비지니스.pdf,,71
H0002256,H0003585,실내건축디자인학과,HEC3004,환경행태심리론,2026,1,2013/1 ~ 2030/2,실내건축디자인학과,42.86,,19.05,14.29,9.52,14.29,,,,,,,9,,4,3,2,3,,,,,,,ok,outputs/pdfs_full/실내건축디자인학과__HEC3004__환경행태심리론.pdf,,21
H0002256,H0003585,실내건축디자인학과,HEC3007,드로잉과AI시각화,2026,1,2013/1 ~ 2028/2,실내건축디자인학과,17.39,26.09,26.09,17.39,8.7,,4.35,,,,,,4,6,6,4,2,,1,,,,,,ok,outputs/pdfs_full/실내건축디자인학과__HEC3007__드로잉과AI시각화.pdf,,23
H0002256,H0003585,실내건축디자인학과,HEC3010,공간심리학,2018,1,2013/1 ~ 2018/2,실내건축디자인학과,22.73,18.18,22.73,15.91,9.09,11.36,,,,,,,10,8,10,7,4,5,,,,,,,ok,outputs/pdfs_full/실내건축디자인학과__HEC3010__공간심리학.pdf,,44
H0002256,H0003585,실내건축디자인학과,HEC3011,가구디자인,2017,2,2013/1 ~ 2017/2,실내건축디자인학과,23.08,46.15,23.08,,,,,7.69,,,,,3,6,3,,,,,1,,,,,ok,outputs/pdfs_full/실내건축디자인학과__HEC3011__가구디자인.pdf,,13
H0002256,H0003585,실내건축디자인학과,HEC3017,조명디자인1,2016,1,2013/1 ~ 2014/2,실내건축디자인학과,29.63,11.11,14.81,14.81,22.22,,,7.41,,,,,8,3,4,4,6,,,2,,,,,ok,outputs/pdfs_full/실내건축디자인학과__HEC3017__조명디자인1.pdf,,27
H0002256,H0003583,의류학과,HEC3019,패션CAD,2026,1,2013/1 ~ 2028/2,의류학과,33.33,20.63,23.81,9.52,7.94,3.17,1.59,,,,,,21,13,15,6,5,2,1,,,,,,ok,outputs/pdfs_full/의류학과__HEC3019__패션CAD.pdf,,63
H0002256,H0003583,의류학과,HEC3020,패션디자인상품기획,2025,2,2013/1 ~ 2029/2,의류학과,25.93,33.33,29.63,11.11,,,,,,,,,7,9,8,3,,,,,,,,,ok,outputs/pdfs_full/의류학과__HEC3020__패션디자인상품기획.pdf,,27
H0002256,H0003589,연극영화학과,HEC3022,조명디자인2,2016,2,2013/1 ~ 2016/2,연극영화학과,40,20,40,,,,,,,,,,4,2,4,,,,,,,,,,ok,outputs/pdfs_full/연극영화학과__HEC3022__조명디자인2.pdf,,10
H0002256,H0003585,실내건축디자인학과,HEC4008,디자인마케팅,2015,2,2013/1 ~ 2015/2,실내건축디자인학과,12.9,25.81,22.58,19.35,19.35,,,,,,,,4,8,7,6,6,,,,,,,,ok,outputs/pdfs_full/실내건축디자인학과__HEC4008__디자인마케팅.pdf,,31
H0002256,H0003585,실내건축디자인학과,HEC4009,포트폴리오,2018,2,2013/1 ~ 2018/2,실내건축디자인학과,62.5,37.5,,,,,,,,,,,5,3,,,,,,,,,,,ok,outputs/pdfs_full/실내건축디자인학과__HEC4009__포트폴리오.pdf,,8
H0002256,H0003584,식품영양학과,HEC4015,식품독성학,2025,2,2013/1 ~ 2029/2,식품영양학과,33.33,7.41,22.22,,37.04,,,,,,,,9,2,6,,10,,,,,,,,ok,outputs/pdfs_full/식품영양학과__HEC4015__식품독성학.pdf,,27
H0002256,H0005006,한양인터칼리지학부,HIC0001,Mindshift Bootcamp for Leading the World,2026,1,2025/1 ~ 2027/2,한양인터칼리지학부,,,,,,,,,,100,,,,,,,,,,,,232,,,ok,outputs/pdfs_full/한양인터칼리지학부__HIC0001__Mindshift_Bootcamp_for_Leading_the_World.pdf,,232
H0002256,H0005006,한양인터칼리지학부,HIC0002,SPARK,2026,1,2025/1 ~ 2027/2,한양인터칼리지학부,,,,,,,,,,100,,,,,,,,,,,,17,,,ok,outputs/pdfs_full/한양인터칼리지학부__HIC0002__SPARK.pdf,,17
H0002256,H0005006,한양인터칼리지학부,HIC1001,Systems Thinking and Design Thinking,2026,1,2025/1 ~ 2027/2,한양인터칼리지학부,17.17,31.82,28.28,18.18,3.54,1.01,,,,,,,34,63,56,36,7,2,,,,,,,ok,outputs/pdfs_full/한양인터칼리지학부__HIC1001__Systems_Thinking_and_Design_Thinking.pdf,,198
H0002256,H0005006,한양인터칼리지학부,HIC1013,Scientific Entrepreneurship,2026,1,2026/1 ~ 2027/2,한양인터칼리지학부,,,,,,,,,,100,,,,,,,,,,,,11,,,ok,outputs/pdfs_full/한양인터칼리지학부__HIC1013__Scientific_Entrepreneurship.pdf,,11
H0002256,H0005006,한양인터칼리지학부,HIC2001,기술경영에센셜,2026,1,2026/1 ~ 2028/2,한양인터칼리지학부,50,30,,,5,,,,,,15,,10,6,,,1,,,,,,3,,ok,outputs/pdfs_full/한양인터칼리지학부__HIC2001__기술경영에센셜.pdf,,20
H0002256,H0005006,한양인터칼리지학부,HIC2002,기초반도체물리,2026,1,2026/1 ~ 2028/2,한양인터칼리지학부,100,,,,,,,,,,,,20,,,,,,,,,,,,ok,outputs/pdfs_full/한양인터칼리지학부__HIC2002__기초반도체물리.pdf,,20
H0002256,H0005006,한양인터칼리지학부,HIC2003,뇌의구조와기능,2026,1,2026/1 ~ 2028/2,한양인터칼리지학부,22.22,11.11,25.93,14.81,3.7,,,,,,22.22,,6,3,7,4,1,,,,,,6,,ok,outputs/pdfs_full/한양인터칼리지학부__HIC2003__뇌의구조와기능.pdf,,27
H0002256,H0005006,한양인터칼리지학부,HIC2009,반도체전자기학1,2026,1,2026/1 ~ 2028/2,한양인터칼리지학부,36.36,3.03,33.33,,15.15,,,,,,12.12,,12,1,11,,5,,,,,,4,,ok,outputs/pdfs_full/한양인터칼리지학부__HIC2009__반도체전자기학1.pdf,,33
H0002256,H0005006,한양인터칼리지학부,HIC2015,융합생명과학,2026,1,2026/1 ~ 2028/2,한양인터칼리지학부,85.71,14.29,,,,,,,,,,,6,1,,,,,,,,,,,ok,outputs/pdfs_full/한양인터칼리지학부__HIC2015__융합생명과학.pdf,,7
H0002256,H0005006,한양인터칼리지학부,HIC2019,인지과학개론,2026,1,2026/1 ~ 2028/2,한양인터칼리지학부,40,,36,,16,,,,,,8,,10,,9,,4,,,,,,2,,ok,outputs/pdfs_full/한양인터칼리지학부__HIC2019__인지과학개론.pdf,,25
H0002256,H0005006,한양인터칼리지학부,HIC2020,인지과학의영상데이터분석,2026,1,2026/1 ~ 2028/2,한양인터칼리지학부,40,,40,,14.29,,,,,,5.71,,14,,14,,5,,,,,,2,,ok,outputs/pdfs_full/한양인터칼리지학부__HIC2020__인지과학의영상데이터분석.pdf,,35
H0002256,H0005006,한양인터칼리지학부,HIC2023,임팩트스타트업과퓨처메이커십,2026,1,2026/1 ~ 2028/2,한양인터칼리지학부,100,,,,,,,,,,,,8,,,,,,,,,,,,ok,outputs/pdfs_full/한양인터칼리지학부__HIC2023__임팩트스타트업과퓨처메이커십.pdf,,8
H0002256,H0005006,한양인터칼리지학부,HIC2026,확률과통계의기초,2026,1,2026/1 ~ 2028/2,한양인터칼리지학부,12.12,27.27,15.15,15.15,,,3.03,,,,27.27,,4,9,5,5,,,1,,,,9,,ok,outputs/pdfs_full/한양인터칼리지학부__HIC2026__확률과통계의기초.pdf,,33
H0002256,H0005006,한양인터칼리지학부,HIC3031,제품-서비스경험디자인,2026,1,2026/1 ~ 2028/2,한양인터칼리지학부,47.06,47.06,,,,,,,,,5.88,,8,8,,,,,,,,,1,,ok,outputs/pdfs_full/한양인터칼리지학부__HIC3031__제품-서비스경험디자인.pdf,,17
H0002256,H0002814,사학과,HIS1005,역사연구방법론,2025,2,2008/1 ~ 2027/2,사학(학부-인문과/서울),32,28,16,12,12,,,,,,,,8,7,4,3,3,,,,,,,,ok,outputs/pdfs_full/사학과__HIS1005__역사연구방법론.pdf,,25
H0002256,H0002814,사학과,HIS1006,한국역사학입문,2026,1,2009/1 ~ 2027/2,사학(학부-인문과/서울),70.97,6.45,6.45,3.23,6.45,3.23,3.23,,,,,,22,2,2,1,2,1,1,,,,,,ok,outputs/pdfs_full/사학과__HIS1006__한국역사학입문.pdf,,31
H0002256,H0002814,사학과,HIS1007,동아시아사연구입문,2026,1,2016/1 ~ 2027/2,사학(학부-인문과/서울),18.75,40.63,18.75,6.25,3.13,3.13,3.13,3.13,,,3.13,,6,13,6,2,1,1,1,1,,,1,,ok,outputs/pdfs_full/사학과__HIS1007__동아시아사연구입문.pdf,,32
H0002256,H0002814,사학과,HIS1008,한국문화유산의이해,2025,2,2024/1 ~ 2027/2,사학(학부-인문과/서울),36.36,36.36,13.64,9.09,4.55,,,,,,,,8,8,3,2,1,,,,,,,,ok,outputs/pdfs_full/사학과__HIS1008__한국문화유산의이해.pdf,,22
H0002256,H0002814,사학과,HIS1009,지역사연구의이론과실습,2026,1,2025/1 ~ 2028/2,사학(학부-인문과/서울),59.09,36.36,,4.55,,,,,,,,,13,8,,1,,,,,,,,,ok,outputs/pdfs_full/사학과__HIS1009__지역사연구의이론과실습.pdf,,22
H0002256,H0002814,사학과,HIS2003,한국고대사,2025,2,1994/1 ~ 2028/2,사학(학부-인문과/서울),38.89,5.56,16.67,22.22,11.11,5.56,,,,,,,7,1,3,4,2,1,,,,,,,ok,outputs/pdfs_full/사학과__HIS2003__한국고대사.pdf,,18
H0002256,H0002814,사학과,HIS2006,한국고고미술사,2016,1,1992/1 ~ 2016/2,사학(학부-인문과/서울),23.81,19.05,23.81,14.29,14.29,,4.76,,,,,,5,4,5,3,3,,1,,,,,,ok,outputs/pdfs_full/사학과__HIS2006__한국고고미술사.pdf,,21
H0002256,H0002814,사학과,HIS2011,중국고중세사,2026,1,1990/1 ~ 2028/2,사학(학부-인문과/서울),59.09,27.27,13.64,,,,,,,,,,13,6,3,,,,,,,,,,ok,outputs/pdfs_full/사학과__HIS2011__중국고중세사.pdf,,22
H0002256,H0002814,사학과,HIS2027,동아시아비교경제사,2025,2,2007/1 ~ 2030/2,사학(학부-인문과/서울),36.36,,63.64,,,,,,,,,,4,,7,,,,,,,,,,ok,outputs/pdfs_full/사학과__HIS2027__동아시아비교경제사.pdf,,11
H0002256,H0002814,사학과,HIS2032,한국고전과역사의만남,2026,1,2006/1 ~ 2028/2,사학(학부-인문과/서울),42.86,57.14,,,,,,,,,,,3,4,,,,,,,,,,,ok,outputs/pdfs_full/사학과__HIS2032__한국고전과역사의만남.pdf,,7
H0002256,H0002814,사학과,HIS2034,중국고전과역사의만남,2025,2,2006/1 ~ 2027/2,사학(학부-인문과/서울),22.22,33.33,33.33,7.41,3.7,,,,,,,,6,9,9,2,1,,,,,,,,ok,outputs/pdfs_full/사학과__HIS2034__중국고전과역사의만남.pdf,,27
H0002256,H0002814,사학과,HIS2035,글로벌시대역사사료읽기,2026,1,2006/1 ~ 2028/2,사학(학부-인문과/서울),40.63,,40.63,,18.75,,,,,,,,13,,13,,6,,,,,,,,ok,outputs/pdfs_full/사학과__HIS2035__글로벌시대역사사료읽기.pdf,,32
H0002256,H0002814,사학과,HIS2036,그리스. 로마와그리스도교세계,2016,1,2006/1 ~ 2016/2,사학(학부-인문과/서울),20.83,20.83,33.33,8.33,8.33,4.17,4.17,,,,,,5,5,8,2,2,1,1,,,,,,ok,outputs/pdfs_full/사학과__HIS2036__그리스._로마와그리스도교세계.pdf,,24
H0002256,H0002814,사학과,HIS2038,중국문명의기원과국가의발전,2024,1,2006/1 ~ 2024/2,사학(학부-인문과/서울),57.14,9.52,19.05,4.76,,4.76,,4.76,,,,,12,2,4,1,,1,,1,,,,,ok,outputs/pdfs_full/사학과__HIS2038__중국문명의기원과국가의발전.pdf,,21
H0002256,H0002814,사학과,HIS2039,동아시아세계속의일본사,2025,2,2007/1 ~ 2030/2,사학(학부-인문과/서울),28.57,9.52,33.33,14.29,14.29,,,,,,,,6,2,7,3,3,,,,,,,,ok,outputs/pdfs_full/사학과__HIS2039__동아시아세계속의일본사.pdf,,21
H0002256,H0002814,사학과,HIS2040,글로벌서양사,2026,1,2006/1 ~ 2029/2,사학(학부-인문과/서울),36.67,16.67,20,23.33,,3.33,,,,,,,11,5,6,7,,1,,,,,,,ok,outputs/pdfs_full/사학과__HIS2040__글로벌서양사.pdf,,30
H0002256,H0002814,사학과,HIS2064,서양과학기술의역사적전개,2014,2,2006/1 ~ 2016/2,사학(학부-인문과/서울),7.69,23.08,61.54,7.69,,,,,,,,,1,3,8,1,,,,,,,,,ok,outputs/pdfs_full/사학과__HIS2064__서양과학기술의역사적전개.pdf,,13
H0002256,H0002814,사학과,HIS2065,중국전통과학기술의역사적전개,2018,1,2007/1 ~ 2018/2,사학(학부-인문과/서울),38.89,5.56,38.89,,16.67,,,,,,,,7,1,7,,3,,,,,,,,ok,outputs/pdfs_full/사학과__HIS2065__중국전통과학기술의역사적전개.pdf,,18
H0002256,H0002814,사학과,HIS2066,고려시대사와문명교류,2026,1,2010/1 ~ 2029/2,사학(학부-인문과/서울),38.46,,42.31,,19.23,,,,,,,,10,,11,,5,,,,,,,,ok,outputs/pdfs_full/사학과__HIS2066__고려시대사와문명교류.pdf,,26
H0002256,H0002814,사학과,HIS2067,일제지배정책과한국독립운동,2025,2,2010/1 ~ 2030/2,사학(학부-인문과/서울),100,,,,,,,,,,,,3,,,,,,,,,,,,ok,outputs/pdfs_full/사학과__HIS2067__일제지배정책과한국독립운동.pdf,,3
H0002256,H0002814,사학과,HIS2068,문화유적답사Ⅰ,2015,2,2010/1 ~ 2016/2,사학(학부-인문과/서울),,100,,,,,,,,,,,,6,,,,,,,,,,,ok,outputs/pdfs_full/사학과__HIS2068__문화유적답사I.pdf,,6
H0002256,H0002814,사학과,HIS2069,사료로읽는아시아사,2026,1,2017/1 ~ 2028/2,사학(학부-인문과/서울),40,,40,,16,,,,,,4,,10,,10,,4,,,,,,1,,ok,outputs/pdfs_full/사학과__HIS2069__사료로읽는아시아사.pdf,,25
H0002256,H0002814,사학과,HIS3006,서양사학사,2025,2,1991/1 ~ 2029/2,사학(학부-인문과/서울),71.43,,,14.29,,14.29,,,,,,,5,,,1,,1,,,,,,,ok,outputs/pdfs_full/사학과__HIS3006__서양사학사.pdf,,7
H0002256,H0002814,사학과,HIS3012,한국근대사와문화접촉,2026,1,1991/1 ~ 2029/2,사학(학부-인문과/서울),60,26.67,,6.67,6.67,,,,,,,,9,4,,1,1,,,,,,,,ok,outputs/pdfs_full/사학과__HIS3012__한국근대사와문화접촉.pdf,,15
H0002256,H0002814,사학과,HIS3020,일본근현대사,2017,2,1991/1 ~ 2017/2,사학(학부-인문과/서울),26.32,15.79,36.84,,15.79,,,5.26,,,,,5,3,7,,3,,,1,,,,,ok,outputs/pdfs_full/사학과__HIS3020__일본근현대사.pdf,,19
H0002256,H0002814,사학과,HIS3027,근대중국과동아시아,2026,1,2007/1 ~ 2029/2,사학(학부-인문과/서울),28,8,36,4,24,,,,,,,,7,2,9,1,6,,,,,,,,ok,outputs/pdfs_full/사학과__HIS3027__근대중국과동아시아.pdf,,25
H0002256,H0002814,사학과,HIS3030,중화제국의발전과유목세계,2025,2,2006/1 ~ 2028/2,사학(학부-인문과/서울),35.71,42.86,7.14,7.14,7.14,,,,,,,,5,6,1,1,1,,,,,,,,ok,outputs/pdfs_full/사학과__HIS3030__중화제국의발전과유목세계.pdf,,14
H0002256,H0002814,사학과,HIS3036,시민혁명과볼세비키혁명,2017,2,2007/1 ~ 2017/2,사학(학부-인문과/서울),11.76,29.41,20.59,17.65,20.59,,,,,,,,4,10,7,6,7,,,,,,,,ok,outputs/pdfs_full/사학과__HIS3036__시민혁명과볼세비키혁명.pdf,,34
H0002256,H0002814,사학과,HIS3037,중국역사가와역사서,2017,2,2011/1 ~ 2017/2,사학(학부-인문과/서울),20,20,40,,20,,,,,,,,2,2,4,,2,,,,,,,,ok,outputs/pdfs_full/사학과__HIS3037__중국역사가와역사서.pdf,,10
H0002256,H0002814,사학과,HIS3038,동아시아속의조선시대사,2025,2,2011/1 ~ 2029/2,사학(학부-인문과/서울),33.33,38.89,,16.67,,11.11,,,,,,,6,7,,3,,2,,,,,,,ok,outputs/pdfs_full/사학과__HIS3038__동아시아속의조선시대사.pdf,,18
H0002256,H0002814,사학과,HIS3058,법과젠더의역사,2026,1,2007/1 ~ 2030/2,사학(학부-인문과/서울),28.57,28.57,14.29,21.43,7.14,,,,,,,,4,4,2,3,1,,,,,,,,ok,outputs/pdfs_full/사학과__HIS3058__법과젠더의역사.pdf,,14
H0002256,H0002814,사학과,HIS3059,현대과학기술의역사적쟁점,2015,1,2007/1 ~ 2017/2,사학(학부-인문과/서울),10,30,30,10,10,,10,,,,,,1,3,3,1,1,,1,,,,,,ok,outputs/pdfs_full/사학과__HIS3059__현대과학기술의역사적쟁점.pdf,,10
H0002256,H0002814,사학과,HIS3060,역사콘텐츠실습,2024,2,2007/1 ~ 2030/2,사학(학부-인문과/서울),50,50,,,,,,,,,,,5,5,,,,,,,,,,,ok,outputs/pdfs_full/사학과__HIS3060__역사콘텐츠실습.pdf,,10
H0002256,H0002814,사학과,HIS3061,유럽사특강,2025,2,2007/1 ~ 2028/2,사학(학부-인문과/서울),12.9,29.03,16.13,12.9,6.45,6.45,6.45,9.68,,,,,4,9,5,4,2,2,2,3,,,,,ok,outputs/pdfs_full/사학과__HIS3061__유럽사특강.pdf,,31
H0002256,H0002814,사학과,HIS3064,폭력과서양문명,2021,2,2011/1 ~ 2021/2,사학(학부-인문과/서울),20.83,20.83,25,25,4.17,,4.17,,,,,,5,5,6,6,1,,1,,,,,,ok,outputs/pdfs_full/사학과__HIS3064__폭력과서양문명.pdf,,24
H0002256,H0002814,사학과,HIS3065,한국사와공공역사,2026,1,2011/1 ~ 2030/2,사학(학부-인문과/서울),41.67,,41.67,8.33,8.33,,,,,,,,5,,5,1,1,,,,,,,,ok,outputs/pdfs_full/사학과__HIS3065__한국사와공공역사.pdf,,12
H0002256,H0002814,사학과,HIS3066,중국지성사,2016,1,2011/1 ~ 2016/2,사학(학부-인문과/서울),42.86,,42.86,,14.29,,,,,,,,6,,6,,2,,,,,,,,ok,outputs/pdfs_full/사학과__HIS3066__중국지성사.pdf,,14
H0002256,H0002814,사학과,HIS3067,문화유적답사Ⅱ,2018,1,2012/1 ~ 2018/2,사학(학부-인문과/서울),21.43,78.57,,,,,,,,,,,3,11,,,,,,,,,,,ok,outputs/pdfs_full/사학과__HIS3067__문화유적답사II.pdf,,14
H0002256,H0002814,사학과,HIS4006,한국사회경제사,2017,1,1995/1 ~ 2017/2,사학(학부-인문과/서울),17.24,20.69,24.14,20.69,17.24,,,,,,,,5,6,7,6,5,,,,,,,,ok,outputs/pdfs_full/사학과__HIS4006__한국사회경제사.pdf,,29
H0002256,H0002814,사학과,HIS4009,한국현대사,2023,2,1992/1 ~ 2029/2,사학(학부-인문과/서울),46.15,46.15,7.69,,,,,,,,,,12,12,2,,,,,,,,,,ok,outputs/pdfs_full/사학과__HIS4009__한국현대사.pdf,,26
H0002256,H0002814,사학과,HIS4027,현대중국의탄생,2025,2,2008/1 ~ 2029/2,사학(학부-인문과/서울),30,10,25,20,15,,,,,,,,6,2,5,4,3,,,,,,,,ok,outputs/pdfs_full/사학과__HIS4027__현대중국의탄생.pdf,,20
H0002256,H0002814,사학과,HIS4029,북한현대사의이해,2018,2,2012/1 ~ 2018/2,사학(학부-인문과/서울),34.78,8.7,39.13,,13.04,4.35,,,,,,,8,2,9,,3,1,,,,,,,ok,outputs/pdfs_full/사학과__HIS4029__북한현대사의이해.pdf,,23
H0002256,H0002814,사학과,HIS4031,중국여성의사회사,2018,2,2008/1 ~ 2018/2,사학(학부-인문과/서울),77.78,22.22,,,,,,,,,,,7,2,,,,,,,,,,,ok,outputs/pdfs_full/사학과__HIS4031__중국여성의사회사.pdf,,9
H0002256,H0002814,사학과,HIS4032,서양현대사특강,2026,1,2008/1 ~ 2030/2,사학(학부-인문과/서울),50,25,12.5,,,12.5,,,,,,,4,2,1,,,1,,,,,,,ok,outputs/pdfs_full/사학과__HIS4032__서양현대사특강.pdf,,8
H0002256,H0002814,사학과,HIS4034,제노사이드의역사,2018,1,2012/1 ~ 2018/2,사학(학부-인문과/서울),20,20,26.67,20,13.33,,,,,,,,3,3,4,3,2,,,,,,,,ok,outputs/pdfs_full/사학과__HIS4034__제노사이드의역사.pdf,,15
H0002256,H0002814,사학과,HIS4035,동서문화교류사,2018,2,2012/1 ~ 2018/2,사학(학부-인문과/서울),11.76,23.53,29.41,17.65,5.88,5.88,5.88,,,,,,2,4,5,3,1,1,1,,,,,,ok,outputs/pdfs_full/사학과__HIS4035__동서문화교류사.pdf,,17
H0002256,H0002814,사학과,HIS4059,중국사회변천사,2015,2,2008/1 ~ 2016/2,사학(학부-인문과/서울),33.33,22.22,22.22,11.11,11.11,,,,,,,,3,2,2,1,1,,,,,,,,ok,outputs/pdfs_full/사학과__HIS4059__중국사회변천사.pdf,,9
H0002256,H0002814,사학과,HIS4061,민족주의와제국주의,2021,1,2008/1 ~ 2021/2,사학(학부-인문과/서울),20.83,20.83,29.17,4.17,12.5,,12.5,,,,,,5,5,7,1,3,,3,,,,,,ok,outputs/pdfs_full/사학과__HIS4061__민족주의와제국주의.pdf,,24
H0002256,H0002814,사학과,HIS4062,서양사회경제사의대안적상상,2025,2,2008/1 ~ 2030/2,사학(학부-인문과/서울),41.18,,23.53,29.41,5.88,,,,,,,,7,,4,5,1,,,,,,,,ok,outputs/pdfs_full/사학과__HIS4062__서양사회경제사의대안적상상.pdf,,17
H0002256,H0002814,사학과,HIS4063,한국생활문화사,2018,1,2008/1 ~ 2018/2,사학(학부-인문과/서울),11.11,88.89,,,,,,,,,,,1,8,,,,,,,,,,,ok,outputs/pdfs_full/사학과__HIS4063__한국생활문화사.pdf,,9
H0002256,H0002814,사학과,HIS4064,한국고대사의제문제,2018,2,2016/1 ~ 2018/2,사학(학부-인문과/서울),23.81,19.05,23.81,19.05,4.76,9.52,,,,,,,5,4,5,4,1,2,,,,,,,ok,outputs/pdfs_full/사학과__HIS4064__한국고대사의제문제.pdf,,21
H0002256,H0002814,사학과,HIS4066,역사학위논문지도2,2022,2,2016/2 ~ 2022/2,사학(학부-인문과/서울),20,20,60,,,,,,,,,,1,1,3,,,,,,,,,,ok,outputs/pdfs_full/사학과__HIS4066__역사학위논문지도2.pdf,,5
H0002256,H0003584,식품영양학과,HOE4005,식생활관리,2026,1,2013/1 ~ 2028/2,식품영양학과,39.71,,39.71,,14.71,5.88,,,,,,,27,,27,,10,4,,,,,,,ok,outputs/pdfs_full/식품영양학과__HOE4005__식생활관리.pdf,,68
H0002256,H0003585,실내건축디자인학과,HOM1004,기초조형2,2025,2,2013/1 ~ 2025/2,실내건축디자인학과,59.57,17.02,21.28,,,,,,,2.13,,,28,8,10,,,,,,,1,,,ok,outputs/pdfs_full/실내건축디자인학과__HOM1004__기초조형2.pdf,,47
H0002256,H0003585,실내건축디자인학과,HOM1005,실내건축제도,2025,1,2013/1 ~ 2025/2,실내건축디자인학과,17.74,24.19,27.42,16.13,11.29,3.23,,,,,,,11,15,17,10,7,2,,,,,,,ok,outputs/pdfs_full/실내건축디자인학과__HOM1005__실내건축제도.pdf,,62
H0002256,H0003585,실내건축디자인학과,HOM1006,건축3D모델링1,2026,1,2013/1 ~ 2028/2,실내건축디자인학과,40.43,27.66,17.02,4.26,2.13,2.13,2.13,,,,4.26,,19,13,8,2,1,1,1,,,,2,,ok,outputs/pdfs_full/실내건축디자인학과__HOM1006__건축3D모델링1.pdf,,47
H0002256,H0003585,실내건축디자인학과,HOM1007,공간기초스튜디오,2025,2,2013/1 ~ 2027/2,실내건축디자인학과,17.5,37.5,37.5,5,,,,,,2.5,,,7,15,15,2,,,,,,1,,,ok,outputs/pdfs_full/실내건축디자인학과__HOM1007__공간기초스튜디오.pdf,,40
H0002256,H0003585,실내건축디자인학과,HOM1008,실내건축디자인론,2026,1,2013/1 ~ 2028/2,실내건축디자인학과,31.58,5.26,15.79,10.53,15.79,15.79,5.26,,,,,,6,1,3,2,3,3,1,,,,,,ok,outputs/pdfs_full/실내건축디자인학과__HOM1008__실내건축디자인론.pdf,,19
H0002256,H0003585,실내건축디자인학과,HOM1009,공간과문화컨텐츠,2025,1,2016/1 ~ 2025/2,실내건축디자인학과,21.05,18.42,31.58,10.53,15.79,2.63,,,,,,,8,7,12,4,6,1,,,,,,,ok,outputs/pdfs_full/실내건축디자인학과__HOM1009__공간과문화컨텐츠.pdf,,38
H0002256,H0002718,교육학과,HOM2013,인간자원개발론,2020,2,1995/1 ~ 2014/2,교육학과(학부/서울),10.71,67.86,7.14,,,,,,,14.29,,,3,19,2,,,,,,,4,,,ok,outputs/pdfs_full/교육학과__HOM2013__인간자원개발론.pdf,,28
H0002256,H0003585,실내건축디자인학과,HOM2021,공간디자인스튜디오1,2026,1,2014/1 ~ 2028/2,실내건축디자인학과,50,35.42,14.58,,,,,,,,,,24,17,7,,,,,,,,,,ok,outputs/pdfs_full/실내건축디자인학과__HOM2021__공간디자인스튜디오1.pdf,,48
H0002256,H0003585,실내건축디자인학과,HOM2022,동서양건축양식사,2022,1,2014/1 ~ 2022/2,실내건축디자인학과,21.43,19.64,28.57,,25,,5.36,,,,,,12,11,16,,14,,3,,,,,,ok,outputs/pdfs_full/실내건축디자인학과__HOM2022__동서양건축양식사.pdf,,56
H0002256,H0003585,실내건축디자인학과,HOM2023,기초조형,2026,1,2014/1 ~ 2027/2,실내건축디자인학과,43.1,36.21,13.79,6.9,,,,,,,,,25,21,8,4,,,,,,,,,ok,outputs/pdfs_full/실내건축디자인학과__HOM2023__기초조형.pdf,,58
H0002256,H0003585,실내건축디자인학과,HOM2024,공간디자인스튜디오2,2025,2,2014/1 ~ 2028/2,실내건축디자인학과,40.32,25.81,30.65,,,3.23,,,,,,,25,16,19,,,2,,,,,,,ok,outputs/pdfs_full/실내건축디자인학과__HOM2024__공간디자인스튜디오2.pdf,,62
H0002256,H0003585,실내건축디자인학과,HOM2025,실내계획론,2025,2,2014/1 ~ 2028/2,실내건축디자인학과,21.05,21.05,18.42,21.05,15.79,,,,,,2.63,,8,8,7,8,6,,,,,,1,,ok,outputs/pdfs_full/실내건축디자인학과__HOM2025__실내계획론.pdf,,38
H0002256,H0003585,실내건축디자인학과,HOM2026,실내건축재료및구조학,2018,1,2014/1 ~ 2018/2,실내건축디자인학과,40.91,,40.91,,18.18,,,,,,,,18,,18,,8,,,,,,,,ok,outputs/pdfs_full/실내건축디자인학과__HOM2026__실내건축재료및구조학.pdf,,44
H0002256,H0003585,실내건축디자인학과,HOM2027,건축3D모델링2,2025,2,2014/1 ~ 2028/2,실내건축디자인학과,38,22,22,8,8,,,,,,2,,19,11,11,4,4,,,,,,1,,ok,outputs/pdfs_full/실내건축디자인학과__HOM2027__건축3D모델링2.pdf,,50
H0002256,H0003585,실내건축디자인학과,HOM2028,근거기반디자인,2025,2,2022/2 ~ 2026/1,실내건축디자인학과,30,60,,10,,,,,,,,,3,6,,1,,,,,,,,,ok,outputs/pdfs_full/실내건축디자인학과__HOM2028__근거기반디자인.pdf,,10
H0002256,H0003585,실내건축디자인학과,HOM3030,디자인경영과캡스톤디자인,2025,2,2013/1 ~ 2029/2,실내건축디자인학과,70,25,,5,,,,,,,,,14,5,,1,,,,,,,,,ok,outputs/pdfs_full/실내건축디자인학과__HOM3030__디자인경영과캡스톤디자인.pdf,,20
H0002256,H0003585,실내건축디자인학과,HOM3031,실내건축스튜디오1,2026,1,2015/1 ~ 2029/2,실내건축디자인학과,56.52,19.57,19.57,4.35,,,,,,,,,26,9,9,2,,,,,,,,,ok,outputs/pdfs_full/실내건축디자인학과__HOM3031__실내건축스튜디오1.pdf,,46
H0002256,H0003585,실내건축디자인학과,HOM3032,실내조명디자인,2017,1,2015/1 ~ 2017/2,실내건축디자인학과,37.5,50,,12.5,,,,,,,,,6,8,,2,,,,,,,,,ok,outputs/pdfs_full/실내건축디자인학과__HOM3032__실내조명디자인.pdf,,16
H0002256,H0003585,실내건축디자인학과,HOM3033,실내건축구조학,2016,1,2015/1 ~ 2017/2,실내건축디자인학과,35.48,3.23,41.94,,19.35,,,,,,,,11,1,13,,6,,,,,,,,ok,outputs/pdfs_full/실내건축디자인학과__HOM3033__실내건축구조학.pdf,,31
H0002256,H0003585,실내건축디자인학과,HOM3034,디지털디자인과BIM,2025,2,2015/1 ~ 2029/2,실내건축디자인학과,20,26.67,26.67,20,,6.67,,,,,,,3,4,4,3,,1,,,,,,,ok,outputs/pdfs_full/실내건축디자인학과__HOM3034__디지털디자인과BIM.pdf,,15
H0002256,H0003585,실내건축디자인학과,HOM3036,현대실내건축사,2026,1,2015/1 ~ 2029/2,실내건축디자인학과,40,,35,,15,5,,,,,5,,8,,7,,3,1,,,,,1,,ok,outputs/pdfs_full/실내건축디자인학과__HOM3036__현대실내건축사.pdf,,20
H0002256,H0003585,실내건축디자인학과,HOM3037,디지털디자인2,2017,2,2015/1 ~ 2017/2,실내건축디자인학과,8.33,33.33,41.67,8.33,,8.33,,,,,,,1,4,5,1,,1,,,,,,,ok,outputs/pdfs_full/실내건축디자인학과__HOM3037__디지털디자인2.pdf,,12
H0002256,H0003585,실내건축디자인학과,HOM3038,설비및법규,2025,2,2015/1 ~ 2029/2,실내건축디자인학과,36.67,,40,,20,,,,,,3.33,,11,,12,,6,,,,,,1,,ok,outputs/pdfs_full/실내건축디자인학과__HOM3038__설비및법규.pdf,,30
H0002256,H0003585,실내건축디자인학과,HOM3039,실내건축스튜디오2,2025,2,2015/1 ~ 2029/2,실내건축디자인학과,68.42,5.26,5.26,10.53,10.53,,,,,,,,13,1,1,2,2,,,,,,,,ok,outputs/pdfs_full/실내건축디자인학과__HOM3039__실내건축스튜디오2.pdf,,19
H0002256,H0003585,실내건축디자인학과,HOM3040,실내건축캡스톤디자인1,2017,2,2013/1 ~ 2017/2,실내건축디자인학과,100,,,,,,,,,,,,21,,,,,,,,,,,,ok,outputs/pdfs_full/실내건축디자인학과__HOM3040__실내건축캡스톤디자인1.pdf,,21
H0002256,H0003585,실내건축디자인학과,HOM3041,피지컬컴퓨팅개론,2025,2,2018/1 ~ 2029/2,실내건축디자인학과,100,,,,,,,,,,,,12,,,,,,,,,,,,ok,outputs/pdfs_full/실내건축디자인학과__HOM3041__피지컬컴퓨팅개론.pdf,,12
H0002256,H0003585,실내건축디자인학과,HOM3042,가구디자인과디지털패브리케이션,2026,1,2018/1 ~ 2029/2,실내건축디자인학과,42.86,50,7.14,,,,,,,,,,6,7,1,,,,,,,,,,ok,outputs/pdfs_full/실내건축디자인학과__HOM3042__가구디자인과디지털패브리케이션.pdf,,14
H0002256,H0003585,실내건축디자인학과,HOM3043,디지털미디어와디자인,2026,1,2019/1 ~ 2029/2,실내건축디자인학과,79.17,8.33,8.33,,,2.08,,2.08,,,,,38,4,4,,,1,,1,,,,,ok,outputs/pdfs_full/실내건축디자인학과__HOM3043__디지털미디어와디자인.pdf,,48
H0002256,H0003585,실내건축디자인학과,HOM4017,실내건축시공구조및디테일,2026,1,2013/1 ~ 2030/2,실내건축디자인학과,55.88,29.41,5.88,8.82,,,,,,,,,19,10,2,3,,,,,,,,,ok,outputs/pdfs_full/실내건축디자인학과__HOM4017__실내건축시공구조및디테일.pdf,,34
H0002256,H0003585,실내건축디자인학과,HOM4021,졸업작품캡스톤디자인1,2026,1,2013/1 ~ 2030/2,실내건축디자인학과,61.54,23.08,7.69,7.69,,,,,,,,,16,6,2,2,,,,,,,,,ok,outputs/pdfs_full/실내건축디자인학과__HOM4021__졸업작품캡스톤디자인1.pdf,,26
H0002256,H0003585,실내건축디자인학과,HOM4022,졸업작품캡스톤디자인2,2025,2,2013/1 ~ 2030/2,실내건축디자인학과,64,26,4,6,,,,,,,,,32,13,2,3,,,,,,,,,ok,outputs/pdfs_full/실내건축디자인학과__HOM4022__졸업작품캡스톤디자인2.pdf,,50
H0002256,H0003585,실내건축디자인학과,HOM4023,환경캡스톤디자인1,2019,1,2013/1 ~ 2019/2,실내건축디자인학과,40.82,40.82,10.2,8.16,,,,,,,,,20,20,5,4,,,,,,,,,ok,outputs/pdfs_full/실내건축디자인학과__HOM4023__환경캡스톤디자인1.pdf,,49
H0002256,H0003585,실내건축디자인학과,HOM4024,환경캡스톤디자인2,2019,2,2013/1 ~ 2019/2,실내건축디자인학과,15.79,26.32,21.05,36.84,,,,,,,,,3,5,4,7,,,,,,,,,ok,outputs/pdfs_full/실내건축디자인학과__HOM4024__환경캡스톤디자인2.pdf,,19
H0002256,H0003585,실내건축디자인학과,HOM4025,디자인컴퓨팅,2026,1,2016/1 ~ 2030/2,실내건축디자인학과,69.23,15.38,7.69,,7.69,,,,,,,,9,2,1,,1,,,,,,,,ok,outputs/pdfs_full/실내건축디자인학과__HOM4025__디자인컴퓨팅.pdf,,13
H0002256,H0003585,실내건축디자인학과,HOM4026,실내건축비평,2018,1,2016/1 ~ 2018/2,실내건축디자인학과,33.33,8.33,25,16.67,16.67,,,,,,,,4,1,3,2,2,,,,,,,,ok,outputs/pdfs_full/실내건축디자인학과__HOM4026__실내건축비평.pdf,,12
H0002256,H0003585,실내건축디자인학과,HOM4028,디자인연구,2018,2,2016/1 ~ 2018/2,실내건축디자인학과,57.14,14.29,28.57,,,,,,,,,,4,1,2,,,,,,,,,,ok,outputs/pdfs_full/실내건축디자인학과__HOM4028__디자인연구.pdf,,7
H0002256,H0003585,실내건축디자인학과,HOM4029,FM과디자인,2018,2,2016/1 ~ 2018/2,실내건축디자인학과,23.53,11.76,23.53,23.53,11.76,5.88,,,,,,,4,2,4,4,2,1,,,,,,,ok,outputs/pdfs_full/실내건축디자인학과__HOM4029__FM과디자인.pdf,,17
H0002256,H0003585,실내건축디자인학과,HOM4030,유니버설디자인,2018,2,2016/1 ~ 2018/2,실내건축디자인학과,40,,46.67,,13.33,,,,,,,,6,,7,,2,,,,,,,,ok,outputs/pdfs_full/실내건축디자인학과__HOM4030__유니버설디자인.pdf,,15
H0002256,H0003585,실내건축디자인학과,HOM4031,실내건축캡스톤디자인2,2017,2,2013/1 ~ 2018/2,실내건축디자인학과,76.92,23.08,,,,,,,,,,,20,6,,,,,,,,,,,ok,outputs/pdfs_full/실내건축디자인학과__HOM4031__실내건축캡스톤디자인2.pdf,,26
H0002256,H0003585,실내건축디자인학과,HOM4032,FM리서치프로젝트,2022,1,2019/1 ~ 2026/2,실내건축디자인학과,,66.67,16.67,16.67,,,,,,,,,,4,1,1,,,,,,,,,ok,outputs/pdfs_full/실내건축디자인학과__HOM4032__FM리서치프로젝트.pdf,,6
H0002256,H0003585,실내건축디자인학과,HOM4033,FM과공간,2020,2,2019/1 ~ 2026/2,실내건축디자인학과,44.44,22.22,,,11.11,11.11,11.11,,,,,,4,2,,,1,1,1,,,,,,ok,outputs/pdfs_full/실내건축디자인학과__HOM4033__FM과공간.pdf,,9
H0002256,H0003585,실내건축디자인학과,HOM4034,디자인리서치방법론,2025,2,2019/1 ~ 2030/2,실내건축디자인학과,42.11,36.84,15.79,,5.26,,,,,,,,8,7,3,,1,,,,,,,,ok,outputs/pdfs_full/실내건축디자인학과__HOM4034__디자인리서치방법론.pdf,,19
H0002256,H0003585,실내건축디자인학과,HOM4035,VR/AR디자인,2022,1,2020/1 ~ 2026/2,실내건축디자인학과,50,12.5,18.75,12.5,6.25,,,,,,,,8,2,3,2,1,,,,,,,,ok,outputs/pdfs_full/실내건축디자인학과__HOM4035__VR_AR디자인.pdf,,16
H0002256,H0003585,실내건축디자인학과,HOM4036,실무다큐멘테이션,2025,2,2020/1 ~ 2030/2,실내건축디자인학과,29.41,70.59,,,,,,,,,,,5,12,,,,,,,,,,,ok,outputs/pdfs_full/실내건축디자인학과__HOM4036__실무다큐멘테이션.pdf,,17
H0002256,H0003585,실내건축디자인학과,HOM4037,디자인데이터분석,2025,2,2022/2 ~ 2030/2,실내건축디자인학과,41.18,,35.29,,17.65,,,,,,5.88,,7,,6,,3,,,,,,1,,ok,outputs/pdfs_full/실내건축디자인학과__HOM4037__디자인데이터분석.pdf,,17
H0002256,H0003585,실내건축디자인학과,HOM4039,실내공간재료학,2026,1,2023/1 ~ 2029/2,실내건축디자인학과,70,20,,5,,,,,,,5,,14,4,,1,,,,,,,1,,ok,outputs/pdfs_full/실내건축디자인학과__HOM4039__실내공간재료학.pdf,,20
H0002256,H0003585,실내건축디자인학과,HOM4040,디자인연구,2026,1,2023/1 ~ 2030/2,실내건축디자인학과,66.67,25,8.33,,,,,,,,,,8,3,1,,,,,,,,,,ok,outputs/pdfs_full/실내건축디자인학과__HOM4040__디자인연구.pdf,,12
H0002256,H0002719,국어교육과,HUM1002,언어와시민교양(PBL),2026,1,2005/1 ~ 2027/2,국어교육과(학부/서울),63.64,27.27,4.55,4.55,,,,,,,,,14,6,1,1,,,,,,,,,ok,outputs/pdfs_full/국어교육과__HUM1002__언어와시민교양(PBL).pdf,,22
H0002256,H0002867,정보시스템학과,HYP1002,정보시스템HY-UP(실용연구실습)1,2026,1,2026/1 ~ 2029/2,정보시스템학과(학과/서울),,,,,,,,,,100,,,,,,,,,,,,6,,,ok,outputs/pdfs_full/정보시스템학과__HYP1002__정보시스템HY-UP(실용연구실습)1.pdf,,6
H0002256,H0004816,간호학과,HYP1003,간호학HY-UP(실용연구실습)1,2026,1,2024/1 ~ 2029/2,간호학과,,,,,,,,,,100,,,,,,,,,,,,21,,,ok,outputs/pdfs_full/간호학과__HYP1003__간호학HY-UP(실용연구실습)1.pdf,,21
H0002256,H0004708,스포츠사이언스전공,HYP1004,스포츠사이언스HY-UP(실용연구실습)1,2026,1,2024/1 ~ 2029/2,스포츠사이언스전공,,,,,,,,,,100,,,,,,,,,,,,7,,,ok,outputs/pdfs_full/스포츠사이언스전공__HYP1004__스포츠사이언스HY-UP(실용연구실습)1.pdf,,7
H0002256,H0004800,미래자동차기술융합전공,HYP1005,미래자동차공학HY-UP(실용연구실습)1,2026,1,2026/1 ~ 2029/2,미래자동차기술융합전공,,,,,,,,,,100,,,,,,,,,,,,2,,,ok,outputs/pdfs_full/미래자동차기술융합전공__HYP1005__미래자동차공학HY-UP(실용연구실습)1.pdf,,2
H0002256,H0004743,심리뇌과학전공,HYP1011,심리뇌과학HY-UP(실용연구실습)1,2026,1,2026/1 ~ 2029/2,심리뇌과학전공,,,,,,,,,,100,,,,,,,,,,,,1,,,ok,outputs/pdfs_full/심리뇌과학전공__HYP1011__심리뇌과학HY-UP(실용연구실습)1.pdf,,1
H0002256,H0004744,데이터사이언스전공,HYP1012,데이터사이언스HY-UP(실용연구실습)1,2026,1,2026/1 ~ 2029/2,데이터사이언스전공,,,,,,,,,,100,,,,,,,,,,,,49,,,ok,outputs/pdfs_full/데이터사이언스전공__HYP1012__데이터사이언스HY-UP(실용연구실습)1.pdf,,49
H0002256,H0002570,도시공학과,HYP1013,도시공학HY-UP(실용연구실습)1,2026,1,2026/1 ~ 2029/2,도시공학과(학부/서울),,,,,,,,,,100,,,,,,,,,,,,2,,,ok,outputs/pdfs_full/도시공학과__HYP1013__도시공학HY-UP(실용연구실습)1.pdf,,2
H0002256,H0004134,컴퓨터소프트웨어학부,HYP1019,컴퓨터소프트웨어HY-UP(실용연구실습)1,2026,1,2026/1 ~ 2029/2,컴퓨터소프트웨어학부,,,,,,,,,,100,,,,,,,,,,,,18,,,ok,outputs/pdfs_full/컴퓨터소프트웨어학부__HYP1019__컴퓨터소프트웨어HY-UP(실용연구실습)1.pdf,,18
H0002256,H0003560,수학과,HYP1020,수학HY-UP(실용연구실습)1,2026,1,2024/1 ~ 2029/2,수학과,,,,,,,,,,100,,,,,,,,,,,,5,,,ok,outputs/pdfs_full/수학과__HYP1020__수학HY-UP(실용연구실습)1.pdf,,5
H0002256,H0002520,전기공학전공,HYP1023,전기공학HY-UP(실용연구실습)1,2026,1,2026/1 ~ 2029/2,전기공학전공(학부/서울),,,,,,,,,,100,,,,,,,,,,,,6,,,ok,outputs/pdfs_full/전기공학전공__HYP1023__전기공학HY-UP(실용연구실습)1.pdf,,6
H0002256,H0004816,간호학과,HYP2001,간호학HY-UP(실용연구실습)2,2023,2,2023/2 ~ 2029/2,간호학과,,,,,,,,,,100,,,,,,,,,,,,1,,,ok,outputs/pdfs_full/간호학과__HYP2001__간호학HY-UP(실용연구실습)2.pdf,,1
H0002256,H0004708,스포츠사이언스전공,HYP2003,스포츠사이언스HY-UP(실용연구실습)2,2025,2,2024/1 ~ 2029/2,스포츠사이언스전공,,,,,,,,,,100,,,,,,,,,,,,1,,,ok,outputs/pdfs_full/스포츠사이언스전공__HYP2003__스포츠사이언스HY-UP(실용연구실습)2.pdf,,1
H0002256,H0002801,독어독문학과,HYP2020,독어독문학HY-UP(실용연구실습)2,2025,2,2025/1 ~ 2029/2,독어독문학(학부/서울),,,,,,,,,,100,,,,,,,,,,,,1,,,ok,outputs/pdfs_full/독어독문학과__HYP2020__독어독문학HY-UP(실용연구실습)2.pdf,,1
H0002256,H0004816,간호학과,HYP3001,간호학HY-UP(실용연구실습)3,2026,1,2024/1 ~ 2030/2,간호학과,,,,,,,,,,100,,,,,,,,,,,,7,,,ok,outputs/pdfs_full/간호학과__HYP3001__간호학HY-UP(실용연구실습)3.pdf,,7
H0002256,H0003587,체육학과,HYP3004,스포츠사이언스HY-UP(실용연구실습)3,2025,1,2024/1 ~ 2026/2,체육학과,,,,,,,,,,100,,,,,,,,,,,,3,,,ok,outputs/pdfs_full/체육학과__HYP3004__스포츠사이언스HY-UP(실용연구실습)3.pdf,,3
H0002256,H0002801,독어독문학과,HYP3017,독어독문학HY-UP(실용연구실습)3,2026,1,2025/1 ~ 2030/2,독어독문학(학부/서울),,,,,,,,,,100,,,,,,,,,,,,1,,,ok,outputs/pdfs_full/독어독문학과__HYP3017__독어독문학HY-UP(실용연구실습)3.pdf,,1
H0002256,H0004816,간호학과,HYP4001,간호학HY-UP(실용연구실습)4,2025,2,2023/2 ~ 2030/2,간호학과,,,,,,,,,,100,,,,,,,,,,,,2,,,ok,outputs/pdfs_full/간호학과__HYP4001__간호학HY-UP(실용연구실습)4.pdf,,2
H0002256,H0003587,체육학과,HYP4003,스포츠사이언스HY-UP(실용연구실습)4,2024,2,2024/1 ~ 2026/2,체육학과,,,,,,,,,,100,,,,,,,,,,,,2,,,ok,outputs/pdfs_full/체육학과__HYP4003__스포츠사이언스HY-UP(실용연구실습)4.pdf,,2
H0002256,H0002801,독어독문학과,HYP4015,독어독문학HY-UP(실용연구실습)4,2025,2,2025/1 ~ 2030/2,독어독문학(학부/서울),,,,,,,,,,100,,,,,,,,,,,,1,,,ok,outputs/pdfs_full/독어독문학과__HYP4015__독어독문학HY-UP(실용연구실습)4.pdf,,1
H0002256,H0002933,경제금융학부,HYR0001,경제금융HY-UROP(실용연구심화),2026,1,2023/2 ~ 2030/2,경제금융학부(학부/서울),100,,,,,,,,,,,,4,,,,,,,,,,,,ok,outputs/pdfs_full/경제금융학부__HYR0001__경제금융HY-UROP(실용연구심화).pdf,,4
H0002256,H0002719,국어교육과,HYR0002,국어교육HY-UROP(실용연구심화),2024,1,2023/2 ~ 2030/2,국어교육과(학부/서울),100,,,,,,,,,,,,10,,,,,,,,,,,,ok,outputs/pdfs_full/국어교육과__HYR0002__국어교육HY-UROP(실용연구심화).pdf,,10
H0002256,H0002920,국제학부,HYR0005,국제학HY-UROP(실용연구심화),2026,1,2024/2 ~ 2026/2,국제학부,100,,,,,,,,,,,,3,,,,,,,,,,,,ok,outputs/pdfs_full/국제학부__HYR0005__국제학HY-UROP(실용연구심화).pdf,,3
H0002256,H0002801,독어독문학과,HYR0007,독어독문학HY-UROP(실용연구심화),2026,1,2025/1 ~ 2030/2,독어독문학(학부/서울),50,50,,,,,,,,,,,3,3,,,,,,,,,,,ok,outputs/pdfs_full/독어독문학과__HYR0007__독어독문학HY-UROP(실용연구심화).pdf,,6
H0002256,H0002809,중어중문학과,HYR0008,중어중문학HY-UROP(실용연구심화),2025,2,2025/2 ~ 2030/2,중어중문학(학부/서울),100,,,,,,,,,,,,5,,,,,,,,,,,,ok,outputs/pdfs_full/중어중문학과__HYR0008__중어중문학HY-UROP(실용연구심화).pdf,,5
H0002256,H0002867,정보시스템학과,HYU0002,대학수학,2015,2,2009/1 ~ 2015/2,정보시스템학과(학과/서울),22.22,9.52,34.92,6.35,22.22,4.76,,,,,,,14,6,22,4,14,3,,,,,,,ok,outputs/pdfs_full/정보시스템학과__HYU0002__대학수학.pdf,,63
H0002256,H0002722,응용미술교육과,I-D2004,포토그래피,2025,2,1990/1 ~ 2028/2,응용미술교육과(학부/서울),44.44,55.56,,,,,,,,,,,4,5,,,,,,,,,,,ok,outputs/pdfs_full/응용미술교육과__I-D2004__포토그래피.pdf,,9
H0002256,H0002722,응용미술교육과,I-D3001,디자인사,2017,1,2008/1 ~ 2017/2,응용미술교육과(학부/서울),46.15,,38.46,,15.38,,,,,,,,6,,5,,2,,,,,,,,ok,outputs/pdfs_full/응용미술교육과__I-D3001__디자인사.pdf,,13
H0002256,H0002722,응용미술교육과,I-D3011,환경디자인1,2021,2,1996/1 ~ 2021/2,응용미술교육과(학부/서울),75,25,,,,,,,,,,,9,3,,,,,,,,,,,ok,outputs/pdfs_full/응용미술교육과__I-D3011__환경디자인1.pdf,,12
H0002256,H0002722,응용미술교육과,I-D3012,환경디자인2,2018,1,1996/1 ~ 2018/2,응용미술교육과(학부/서울),18.18,54.55,9.09,18.18,,,,,,,,,2,6,1,2,,,,,,,,,ok,outputs/pdfs_full/응용미술교육과__I-D3012__환경디자인2.pdf,,11
H0002256,H0002722,응용미술교육과,I-D3015,일러스트레이션1,2026,1,1999/1 ~ 2028/2,응용미술교육과(학부/서울),42.11,,42.11,,15.79,,,,,,,,8,,8,,3,,,,,,,,ok,outputs/pdfs_full/응용미술교육과__I-D3015__일러스트레이션1.pdf,,19
H0002256,H0002722,응용미술교육과,I-D3016,일러스트레이션2,2014,2,1999/1 ~ 2016/2,응용미술교육과(학부/서울),37.5,37.5,25,,,,,,,,,,3,3,2,,,,,,,,,,ok,outputs/pdfs_full/응용미술교육과__I-D3016__일러스트레이션2.pdf,,8
H0002256,H0002867,정보시스템학과,I-D3018,마케팅개론,2026,1,2010/1 ~ 2028/2,정보시스템학과(학과/서울),21.15,26.92,32.69,13.46,3.85,1.92,,,,,,,11,14,17,7,2,1,,,,,,,ok,outputs/pdfs_full/정보시스템학과__I-D3018__마케팅개론.pdf,,52
H0002256,H0002722,응용미술교육과,I-D4025,영상디자인1,2025,2,2000/1 ~ 2028/2,응용미술교육과(학부/서울),45,55,,,,,,,,,,,9,11,,,,,,,,,,,ok,outputs/pdfs_full/응용미술교육과__I-D4025__영상디자인1.pdf,,20
H0002256,H0002722,응용미술교육과,I-D4026,영상디자인2,2017,2,2000/1 ~ 2017/2,응용미술교육과(학부/서울),7.69,76.92,15.38,,,,,,,,,,1,10,2,,,,,,,,,,ok,outputs/pdfs_full/응용미술교육과__I-D4026__영상디자인2.pdf,,13
H0002256,H0003960,응용시스템전공,IDC2001,경영학입문,2026,1,2016/1 ~ 2028/2,응용시스템전공,23.88,25.37,16.42,22.39,5.97,2.99,1.49,1.49,,,,,16,17,11,15,4,2,1,1,,,,,ok,outputs/pdfs_full/응용시스템전공__IDC2001__경영학입문.pdf,,67
H0002256,H0005006,한양인터칼리지학부,IEN1002,선형대수학,2026,1,2026/1 ~ 2028/2,한양인터칼리지학부,30,,40,10,,,,,,,20,,3,,4,1,,,,,,,2,,ok,outputs/pdfs_full/한양인터칼리지학부__IEN1002__선형대수학.pdf,,10
H0002256,H0004800,미래자동차기술융합전공,INE3017,생산공학,2026,1,2018/1 ~ 2029/2,미래자동차기술융합전공,12.24,18.37,26.53,12.24,18.37,4.08,8.16,,,,,,6,9,13,6,9,2,4,,,,,,ok,outputs/pdfs_full/미래자동차기술융합전공__INE3017__생산공학.pdf,,49
H0002256,H0004800,미래자동차기술융합전공,INE3028,CAD,2026,1,2023/2 ~ 2028/2,미래자동차기술융합전공,40,,40,,20,,,,,,,,18,,18,,9,,,,,,,,ok,outputs/pdfs_full/미래자동차기술융합전공__INE3028__CAD.pdf,,45
H0002256,H0003960,응용시스템전공,INE4004,실험계획법,2026,1,2018/1 ~ 2022/2,응용시스템전공,20,6.67,33.33,6.67,24.44,8.89,,,,,,,9,3,15,3,11,4,,,,,,,ok,outputs/pdfs_full/응용시스템전공__INE4004__실험계획법.pdf,,45
H0002256,H0003960,응용시스템전공,INE4005,작업관리,2015,1,2014/1 ~ 2020/2,응용시스템전공,14.61,14.61,20.22,21.35,29.21,,,,,,,,13,13,18,19,26,,,,,,,,ok,outputs/pdfs_full/응용시스템전공__INE4005__작업관리.pdf,,89
H0002256,H0003960,응용시스템전공,INE4023,물류관리,2026,1,2018/1 ~ 2021/2,응용시스템전공,12.9,19.35,25.81,16.13,3.23,6.45,6.45,,,9.68,,,4,6,8,5,1,2,2,,,3,,,ok,outputs/pdfs_full/응용시스템전공__INE4023__물류관리.pdf,,31
H0002256,H0003959,정보융합전공,INE5006,데이터마이닝,2026,1,2018/1 ~ 2029/2,정보융합전공,12.24,18.37,22.45,18.37,24.49,4.08,,,,,,,6,9,11,9,12,2,,,,,,,ok,outputs/pdfs_full/정보융합전공__INE5006__데이터마이닝.pdf,,49
H0002256,H0002256,서울 대학,INO0001,유쾌한이노베이션,2026,1,2003/1 ~ 2027/2,대학(학부/서울),28.69,3.28,41.8,,26.23,,,,,,,,35,4,51,,32,,,,,,,,ok,outputs/pdfs_seoul_university/서울_대학__INO0001__유쾌한이노베이션.pdf,,122
H0002256,H0002894,경영학부,INT3004,국제마케팅,2025,2,1999/1 ~ 2030/2,경영학부(학부/서울/경영),68.87,20.75,8.49,,,,0.94,0.94,,,,,73,22,9,,,,1,1,,,,,ok,outputs/pdfs_full/경영학부__INT3004__국제마케팅.pdf,,106
H0002256,H0002939,영어커뮤니케이션전공,INT3052,무역영어,2016,2,2010/1 ~ 2021/2,영어커뮤니케이션전공,26.67,13.33,26.67,13.33,20,,,,,,,,4,2,4,2,3,,,,,,,,ok,outputs/pdfs_full/영어커뮤니케이션전공__INT3052__무역영어.pdf,,15
H0002256,H0003542,법학과,INT4002,국제거래법,2014,1,1999/1 ~ 2016/2,법학과(학부/서울),76.74,16.28,4.65,2.33,,,,,,,,,33,7,2,1,,,,,,,,,ok,outputs/pdfs_full/법학과__INT4002__국제거래법.pdf,,43
H0002256,H0004318,사회혁신융합전공,INV2001,국제개발협력의이해,2024,1,2017/1 ~ 2026/1,사회혁신융합전공,22.22,27.78,22.22,13.89,5.56,5.56,2.78,,,,,,8,10,8,5,2,2,1,,,,,,ok,outputs/pdfs_full/사회혁신융합전공__INV2001__국제개발협력의이해.pdf,,36
H0002256,H0004318,사회혁신융합전공,INV2002,사회적금융과미래혁신,2025,2,2017/1 ~ 2028/2,사회혁신융합전공,73.68,26.32,,,,,,,,,,,14,5,,,,,,,,,,,ok,outputs/pdfs_full/사회혁신융합전공__INV2002__사회적금융과미래혁신.pdf,,19
H0002256,H0004318,사회혁신융합전공,INV2003,사회혁신공감실습,2025,2,2017/1 ~ 2026/1,사회혁신융합전공,81.48,11.11,3.7,3.7,,,,,,,,,22,3,1,1,,,,,,,,,ok,outputs/pdfs_full/사회혁신융합전공__INV2003__사회혁신공감실습.pdf,,27
H0002256,H0004318,사회혁신융합전공,INV2004,CSR과사회혁신,2024,1,2017/2 ~ 2028/2,사회혁신융합전공,100,,,,,,,,,,,,15,,,,,,,,,,,,ok,outputs/pdfs_full/사회혁신융합전공__INV2004__CSR과사회혁신.pdf,,15
H0002256,H0004318,사회혁신융합전공,INV2006,체인지메이커십,2025,1,2017/1 ~ 2026/1,사회혁신융합전공,55.56,44.44,,,,,,,,,,,15,12,,,,,,,,,,,ok,outputs/pdfs_full/사회혁신융합전공__INV2006__체인지메이커십.pdf,,27
H0002256,H0004318,사회혁신융합전공,INV2007,사회혁신과시민사회조직,2024,2,2019/2 ~ 2026/1,사회혁신융합전공,78.57,21.43,,,,,,,,,,,11,3,,,,,,,,,,,ok,outputs/pdfs_full/사회혁신융합전공__INV2007__사회혁신과시민사회조직.pdf,,14
H0002256,H0004318,사회혁신융합전공,INV2008,지속가능한도시와소셜리빙랩,2024,1,2020/1 ~ 2025/1,사회혁신융합전공,46.67,53.33,,,,,,,,,,,7,8,,,,,,,,,,,ok,outputs/pdfs_full/사회혁신융합전공__INV2008__지속가능한도시와소셜리빙랩.pdf,,15
H0002256,H0004318,사회혁신융합전공,INV2009,사회혁신캡스톤디자인(Basic),2021,2,2020/1 ~ 2024/1,사회혁신융합전공,100,,,,,,,,,,,,2,,,,,,,,,,,,ok,outputs/pdfs_full/사회혁신융합전공__INV2009__사회혁신캡스톤디자인(Basic).pdf,,2
H0002256,H0004318,사회혁신융합전공,INV2010,지속가능한도시와소셜리빙랩2,2024,2,2020/2 ~ 2025/1,사회혁신융합전공,100,,,,,,,,,,,,7,,,,,,,,,,,,ok,outputs/pdfs_full/사회혁신융합전공__INV2010__지속가능한도시와소셜리빙랩2.pdf,,7
H0002256,H0004318,사회혁신융합전공,INV2011,SDGs와인권,2025,2,2021/1 ~ 2028/2,사회혁신융합전공,100,,,,,,,,,,,,8,,,,,,,,,,,,ok,outputs/pdfs_full/사회혁신융합전공__INV2011__SDGs와인권.pdf,,8
H0002256,H0005006,한양인터칼리지학부,INV2012,지속가능한사회와건강,2021,2,2027/1 ~ 2029/2,한양인터칼리지학부,13.33,26.67,53.33,,,,,6.67,,,,,2,4,8,,,,,1,,,,,ok,outputs/pdfs_full/한양인터칼리지학부__INV2012__지속가능한사회와건강.pdf,,15
H0002256,H0004318,사회혁신융합전공,INV2013,패션액티비즘과사회혁신,2022,1,2022/1 ~ 2025/1,사회혁신융합전공,22.22,44.44,33.33,,,,,,,,,,2,4,3,,,,,,,,,,ok,outputs/pdfs_full/사회혁신융합전공__INV2013__패션액티비즘과사회혁신.pdf,,9
H0002256,H0004318,사회혁신융합전공,INV2015,사회혁신과임팩트비즈니스,2025,2,2024/2 ~ 2028/2,사회혁신융합전공,50,28.57,7.14,14.29,,,,,,,,,7,4,1,2,,,,,,,,,ok,outputs/pdfs_full/사회혁신융합전공__INV2015__사회혁신과임팩트비즈니스.pdf,,14
H0002256,H0004318,사회혁신융합전공,INV3001,사회적경제와미래혁신,2026,1,2018/1 ~ 2029/2,사회혁신융합전공,88.89,,5.56,5.56,,,,,,,,,16,,1,1,,,,,,,,,ok,outputs/pdfs_full/사회혁신융합전공__INV3001__사회적경제와미래혁신.pdf,,18
H0002256,H0004318,사회혁신융합전공,INV3002,사회혁신캡스톤디자인을위한창의적문제해결론,2026,1,2018/1 ~ 2029/2,사회혁신융합전공,94.74,,,,5.26,,,,,,,,18,,,,1,,,,,,,,ok,outputs/pdfs_full/사회혁신융합전공__INV3002__사회혁신캡스톤디자인을위한창의적문제해결론.pdf,,19
H0002256,H0004318,사회혁신융합전공,INV3007,임팩트측정및커뮤니케이션,2025,2,2022/1 ~ 2029/2,사회혁신융합전공,86.67,,,,,,,,,,13.33,,13,,,,,,,,,,2,,ok,outputs/pdfs_full/사회혁신융합전공__INV3007__임팩트측정및커뮤니케이션.pdf,,15
H0002256,H0004318,사회혁신융합전공,INV3008,기후위기와지속가능한푸드시스템,2022,2,2022/1 ~ 2029/2,사회혁신융합전공,25,16.67,58.33,,,,,,,,,,3,2,7,,,,,,,,,,ok,outputs/pdfs_full/사회혁신융합전공__INV3008__기후위기와지속가능한푸드시스템.pdf,,12
H0002256,H0004318,사회혁신융합전공,INV3009,ESG와지속가능경영,2026,1,2025/1 ~ 2028/2,사회혁신융합전공,100,,,,,,,,,,,,21,,,,,,,,,,,,ok,outputs/pdfs_full/사회혁신융합전공__INV3009__ESG와지속가능경영.pdf,,21
H0002256,H0004318,사회혁신융합전공,INV3010,Age-tech와AI혁신,2025,2,2024/2 ~ 2028/2,사회혁신융합전공,100,,,,,,,,,,,,10,,,,,,,,,,,,ok,outputs/pdfs_full/사회혁신융합전공__INV3010__Age-tech와AI혁신.pdf,,10
H0002256,H0004318,사회혁신융합전공,INV3011,사회혁신을위한시스템사고,2025,1,2025/1 ~ 2026/1,사회혁신융합전공,38.46,61.54,,,,,,,,,,,5,8,,,,,,,,,,,ok,outputs/pdfs_full/사회혁신융합전공__INV3011__사회혁신을위한시스템사고.pdf,,13
H0002256,H0004318,사회혁신융합전공,INV3013,로컬리즘과사회혁신,2025,2,2025/2 ~ 2029/2,사회혁신융합전공,100,,,,,,,,,,,,7,,,,,,,,,,,,ok,outputs/pdfs_full/사회혁신융합전공__INV3013__로컬리즘과사회혁신.pdf,,7
H0002256,H0004318,사회혁신융합전공,INV4002,사회혁신을위한질적연구방법론및실습,2024,2,2023/2 ~ 2029/2,사회혁신융합전공,100,,,,,,,,,,,,16,,,,,,,,,,,,ok,outputs/pdfs_full/사회혁신융합전공__INV4002__사회혁신을위한질적연구방법론및실습.pdf,,16
H0002256,H0004318,사회혁신융합전공,INV4003,"글로벌사회혁신의여정:개념,접근,그리고사례",2026,1,2025/1 ~ 2030/2,사회혁신융합전공,94.12,,5.88,,,,,,,,,,16,,1,,,,,,,,,,ok,"outputs/pdfs_full/사회혁신융합전공__INV4003__글로벌사회혁신의여정_개념,접근,그리고사례.pdf",,17
H0002256,H0004318,사회혁신융합전공,INV4004,테크포임팩트프랙티컴,2025,2,2025/2 ~ 2029/2,사회혁신융합전공,100,,,,,,,,,,,,6,,,,,,,,,,,,ok,outputs/pdfs_full/사회혁신융합전공__INV4004__테크포임팩트프랙티컴.pdf,,6
H0002256,H0004318,사회혁신융합전공,INV4005,ESG프랙티컴,2025,2,2025/2 ~ 2029/2,사회혁신융합전공,80.95,19.05,,,,,,,,,,,17,4,,,,,,,,,,,ok,outputs/pdfs_full/사회혁신융합전공__INV4005__ESG프랙티컴.pdf,,21
H0002256,H0003959,정보융합전공,ITC2003,데이터구조입문,2026,1,2017/1 ~ 2028/2,정보융합전공,33.78,14.86,16.22,9.46,17.57,6.76,,1.35,,,,,25,11,12,7,13,5,,1,,,,,ok,outputs/pdfs_full/정보융합전공__ITC2003__데이터구조입문.pdf,,74
H0002256,H0003959,정보융합전공,ITC3009,텍스트마이닝,2025,2,2018/1 ~ 2029/2,정보융합전공,40,,35,,15,,,,,,10,,8,,7,,3,,,,,,2,,ok,outputs/pdfs_full/정보융합전공__ITC3009__텍스트마이닝.pdf,,20
H0002256,H0003959,정보융합전공,ITC4006,정보공학창의설계,2026,1,2019/1 ~ 2030/2,정보융합전공,53.49,30.23,16.28,,,,,,,,,,23,13,7,,,,,,,,,,ok,outputs/pdfs_full/정보융합전공__ITC4006__정보공학창의설계.pdf,,43
H0002256,H0003959,정보융합전공,ITC4009,인공지능1,2026,1,2019/1 ~ 2030/2,정보융합전공,14.58,20.83,18.75,25,18.75,,,2.08,,,,,7,10,9,12,9,,,1,,,,,ok,outputs/pdfs_full/정보융합전공__ITC4009__인공지능1.pdf,,48
H0002256,H0002519,컴퓨터전공,ITE1009,C프로그래밍,2026,1,2009/1 ~ 2015/2,컴퓨터전공,27.85,30.38,20.25,8.86,6.33,6.33,,,,,,,22,24,16,7,5,5,,,,,,,ok,outputs/pdfs_full/컴퓨터전공__ITE1009__C프로그래밍.pdf,,79
H0002256,H0002867,정보시스템학과,ITE1010,C++프로그래밍,2025,2,2009/1 ~ 2028/2,정보시스템학과(학과/서울),17.7,15.93,11.5,14.16,16.81,13.27,5.31,5.31,,,,,20,18,13,16,19,15,6,6,,,,,ok,outputs/pdfs_full/정보시스템학과__ITE1010__C++프로그래밍.pdf,,113
H0002256,H0002867,정보시스템학과,ITE1012,정보시스템개론,2025,2,2009/1 ~ 2027/2,정보시스템학과(학과/서울),18.75,31.25,26.25,13.75,6.25,1.25,,,,,2.5,,15,25,21,11,5,1,,,,,2,,ok,outputs/pdfs_full/정보시스템학과__ITE1012__정보시스템개론.pdf,,80
H0002256,H0002519,컴퓨터전공,ITE1013,컴퓨터개론및실습,2015,1,2009/1 ~ 2015/2,컴퓨터전공,19.38,22.5,30,8.75,17.5,0.63,1.25,,,,,,31,36,48,14,28,1,2,,,,,,ok,outputs/pdfs_full/컴퓨터전공__ITE1013__컴퓨터개론및실습.pdf,,160
H0002256,H0002518,소프트웨어전공,ITE1014,소프트웨어입문설계,2025,1,2012/1 ~ 2019/2,소프트웨어전공,20.67,27.88,31.73,18.75,0.96,,,,,,,,43,58,66,39,2,,,,,,,,ok,outputs/pdfs_full/소프트웨어전공__ITE1014__소프트웨어입문설계.pdf,,208
H0002256,H0002518,소프트웨어전공,ITE1015,창의적소프트웨어프로그래밍,2025,2,2012/1 ~ 2019/2,소프트웨어전공,15.38,21.79,23.08,17.52,10.26,7.69,3.42,0.43,,,0.43,,36,51,54,41,24,18,8,1,,,1,,ok,outputs/pdfs_full/소프트웨어전공__ITE1015__창의적소프트웨어프로그래밍.pdf,,234
H0002256,H0002518,소프트웨어전공,ITE1016,전공멘토링1,2026,1,2012/1 ~ 2022/2,소프트웨어전공,90.63,3.91,5.47,,,,,,,,,,116,5,7,,,,,,,,,,ok,outputs/pdfs_full/소프트웨어전공__ITE1016__전공멘토링1.pdf,,128
H0002256,H0002518,소프트웨어전공,ITE1017,전공멘토링2,2025,2,2012/1 ~ 2022/2,소프트웨어전공,82.31,13.08,3.85,0.77,,,,,,,,,107,17,5,1,,,,,,,,,ok,outputs/pdfs_full/소프트웨어전공__ITE1017__전공멘토링2.pdf,,130
H0002256,H0002519,컴퓨터전공,ITE2011,파일처리,2017,1,2014/1 ~ 2021/2,컴퓨터전공,24.14,10.34,24.14,13.79,13.79,6.9,3.45,3.45,,,,,7,3,7,4,4,2,1,1,,,,,ok,outputs/pdfs_full/컴퓨터전공__ITE2011__파일처리.pdf,,29
H0002256,H0002519,컴퓨터전공,ITE2014,회로이론및실험,2014,2,2013/1 ~ 2014/2,컴퓨터전공,13.79,20.69,20.69,10.34,17.24,6.9,6.9,3.45,,,,,4,6,6,3,5,2,2,1,,,,,ok,outputs/pdfs_full/컴퓨터전공__ITE2014__회로이론및실험.pdf,,29
H0002256,H0002518,소프트웨어전공,ITE2015,디지털논리,2026,1,2017/1 ~ 2020/2,소프트웨어전공,27.01,4.6,38.51,2.3,16.67,4.02,4.02,2.3,,,,,47,8,67,4,29,7,7,4,,,,,ok,outputs/pdfs_full/소프트웨어전공__ITE2015__디지털논리.pdf,,173
H0002256,H0002867,정보시스템학과,ITE2020,웹시스템프로그래밍1,2025,1,2010/1 ~ 2025/2,정보시스템학과(학과/서울),14.71,17.65,20.59,17.65,17.65,11.76,,,,,,,5,6,7,6,6,4,,,,,,,ok,outputs/pdfs_full/정보시스템학과__ITE2020__웹시스템프로그래밍1.pdf,,34
H0002256,H0002867,정보시스템학과,ITE2021,웹시스템프로그래밍2,2024,2,2010/1 ~ 2025/2,정보시스템학과(학과/서울),12.5,20.83,16.67,20.83,20.83,8.33,,,,,,,3,5,4,5,5,2,,,,,,,ok,outputs/pdfs_full/정보시스템학과__ITE2021__웹시스템프로그래밍2.pdf,,24
H0002256,H0002867,정보시스템학과,ITE2023,알고리즘분석,2025,2,2010/1 ~ 2028/2,정보시스템학과(학과/서울),14.29,15.87,19.05,15.87,15.87,14.29,1.59,,,,3.17,,9,10,12,10,10,9,1,,,,2,,ok,outputs/pdfs_full/정보시스템학과__ITE2023__알고리즘분석.pdf,,63
H0002256,H0002867,정보시스템학과,ITE2024,정보시스템분석,2026,1,2010/1 ~ 2028/2,정보시스템학과(학과/서울),58.82,23.53,10.59,1.18,2.35,3.53,,,,,,,50,20,9,1,2,3,,,,,,,ok,outputs/pdfs_full/정보시스템학과__ITE2024__정보시스템분석.pdf,,85
H0002256,H0002867,정보시스템학과,ITE2025,전자정부시스템,2016,2,2009/1 ~ 2016/2,정보시스템학과(학과/서울),31.91,,40.43,,27.66,,,,,,,,15,,19,,13,,,,,,,,ok,outputs/pdfs_full/정보시스템학과__ITE2025__전자정부시스템.pdf,,47
H0002256,H0002518,소프트웨어전공,ITE2026,자료구조및알고리즘,2016,1,2013/1 ~ 2020/2,소프트웨어전공,15.15,27.27,33.33,6.06,9.09,3.03,,,,6.06,,,5,9,11,2,3,1,,,,2,,,ok,outputs/pdfs_full/소프트웨어전공__ITE2026__자료구조및알고리즘.pdf,,33
H0002256,H0002518,소프트웨어전공,ITE2027,컴퓨터구성및어셈블리프로그래밍,2016,1,2013/1 ~ 2020/2,소프트웨어전공,29.03,6.45,35.48,9.68,19.35,,,,,,,,9,2,11,3,6,,,,,,,,ok,outputs/pdfs_full/소프트웨어전공__ITE2027__컴퓨터구성및어셈블리프로그래밍.pdf,,31
H0002256,H0002518,소프트웨어전공,ITE2028,소프트웨어시스템설계,2014,1,2013/1 ~ 2014/2,소프트웨어전공,18.18,9.09,45.45,,18.18,,4.55,4.55,,,,,4,2,10,,4,,1,1,,,,,ok,outputs/pdfs_full/소프트웨어전공__ITE2028__소프트웨어시스템설계.pdf,,22
H0002256,H0002518,소프트웨어전공,ITE2029,전공멘토링3,2014,1,2013/1 ~ 2014/2,소프트웨어전공,42.86,57.14,,,,,,,,,,,9,12,,,,,,,,,,,ok,outputs/pdfs_full/소프트웨어전공__ITE2029__전공멘토링3.pdf,,21
H0002256,H0002867,정보시스템학과,ITE2030,정보시스템설계,2025,2,2010/1 ~ 2028/2,정보시스템학과(학과/서울),30.77,,38.46,,25.64,,,,,,5.13,,12,,15,,10,,,,,,2,,ok,outputs/pdfs_full/정보시스템학과__ITE2030__정보시스템설계.pdf,,39
H0002256,H0002518,소프트웨어전공,ITE2031,컴퓨터구조론,2026,1,2013/1 ~ 2021/2,소프트웨어전공,19.17,15.54,25.91,13.99,10.88,12.44,,1.04,,,1.04,,37,30,50,27,21,24,,2,,,2,,ok,outputs/pdfs_full/소프트웨어전공__ITE2031__컴퓨터구조론.pdf,,193
H0002256,H0002518,소프트웨어전공,ITE2032,운영체제및시스템프로그래밍,2016,2,2013/1 ~ 2020/2,소프트웨어전공,24.24,9.09,27.27,27.27,12.12,,,,,,,,8,3,9,9,4,,,,,,,,ok,outputs/pdfs_full/소프트웨어전공__ITE2032__운영체제및시스템프로그래밍.pdf,,33
H0002256,H0002518,소프트웨어전공,ITE2034,데이터베이스모델링및응용,2014,2,2013/1 ~ 2014/2,소프트웨어전공,10,20,30,20,10,10,,,,,,,1,2,3,2,1,1,,,,,,,ok,outputs/pdfs_full/소프트웨어전공__ITE2034__데이터베이스모델링및응용.pdf,,10
H0002256,H0002518,소프트웨어전공,ITE2035,소프트웨어인턴쉽1,2022,1,2013/1 ~ 2022/2,소프트웨어전공,100,,,,,,,,,,,,3,,,,,,,,,,,,ok,outputs/pdfs_full/소프트웨어전공__ITE2035__소프트웨어인턴쉽1.pdf,,3
H0002256,H0002518,소프트웨어전공,ITE2036,전공멘토링4,2014,2,2013/1 ~ 2014/2,소프트웨어전공,100,,,,,,,,,,,,11,,,,,,,,,,,,ok,outputs/pdfs_full/소프트웨어전공__ITE2036__전공멘토링4.pdf,,11
H0002256,H0002518,소프트웨어전공,ITE2037,객체지향시스템설계,2026,1,2015/1 ~ 2020/2,소프트웨어전공,29.29,23.21,23.57,9.29,7.5,6.79,0.36,,,,,,82,65,66,26,21,19,1,,,,,,ok,outputs/pdfs_full/소프트웨어전공__ITE2037__객체지향시스템설계.pdf,,280
H0002256,H0002518,소프트웨어전공,ITE2038,데이터베이스시스템및응용,2025,2,2015/1 ~ 2020/2,소프트웨어전공,20.33,14.94,21.58,14.94,18.67,6.22,1.24,0.41,,0.41,1.24,,49,36,52,36,45,15,3,1,,1,3,,ok,outputs/pdfs_full/소프트웨어전공__ITE2038__데이터베이스시스템및응용.pdf,,241
H0002256,H0002518,소프트웨어전공,ITE2039,알고리즘및문제해결기법,2025,2,2017/1 ~ 2020/2,소프트웨어전공,24.28,19.36,23.12,13.58,7.8,4.34,2.31,2.89,,,2.31,,84,67,80,47,27,15,8,10,,,8,,ok,outputs/pdfs_full/소프트웨어전공__ITE2039__알고리즘및문제해결기법.pdf,,346
H0002256,H0002518,소프트웨어전공,ITE2040,소프트웨어실무영어,2021,2,2017/1 ~ 2020/2,소프트웨어전공,75.68,13.51,,,,5.41,5.41,,,,,,28,5,,,,2,2,,,,,,ok,outputs/pdfs_full/소프트웨어전공__ITE2040__소프트웨어실무영어.pdf,,37
H0002256,H0002519,컴퓨터전공,ITE3003,데이터통신,2017,1,2014/1 ~ 2021/2,컴퓨터전공,21.15,15.38,36.54,9.62,5.77,7.69,,3.85,,,,,11,8,19,5,3,4,,2,,,,,ok,outputs/pdfs_full/컴퓨터전공__ITE3003__데이터통신.pdf,,52
H0002256,H0002867,정보시스템학과,ITE3009,의사결정시스템,2017,1,2011/1 ~ 2017/2,정보시스템학과(학과/서울),25.93,7.41,33.33,7.41,22.22,3.7,,,,,,,7,2,9,2,6,1,,,,,,,ok,outputs/pdfs_full/정보시스템학과__ITE3009__의사결정시스템.pdf,,27
H0002256,H0002575,융합전자공학부,ITE3013,랜덤프로세스,2026,1,2012/1 ~ 2029/2,융합전자공학부,30.56,19.44,19.44,15.28,11.11,4.17,,,,,,,22,14,14,11,8,3,,,,,,,ok,outputs/pdfs_full/융합전자공학부__ITE3013__랜덤프로세스.pdf,,72
H0002256,H0002518,소프트웨어전공,ITE3016,데이터베이스시스템,2026,1,2014/1 ~ 2017/2,소프트웨어전공,14.89,17.02,21.28,10.64,12.77,4.26,10.64,,,,8.51,,7,8,10,5,6,2,5,,,,4,,ok,outputs/pdfs_full/소프트웨어전공__ITE3016__데이터베이스시스템.pdf,,47
H0002256,H0002867,정보시스템학과,ITE3023,e-business컴퓨팅,2017,2,2011/1 ~ 2017/2,정보시스템학과(학과/서울),94.34,5.66,,,,,,,,,,,50,3,,,,,,,,,,,ok,outputs/pdfs_full/정보시스템학과__ITE3023__e-business컴퓨팅.pdf,,53
H0002256,H0002867,정보시스템학과,ITE3026,전사적애플리케이션,2026,1,2026/1 ~ 2029/2,정보시스템학과(학과/서울),20.69,31.03,27.59,12.07,5.17,3.45,,,,,,,12,18,16,7,3,2,,,,,,,ok,outputs/pdfs_full/정보시스템학과__ITE3026__전사적애플리케이션.pdf,,58
H0002256,H0002867,정보시스템학과,ITE3031,시스템소프트웨어론,2026,1,2011/1 ~ 2029/2,정보시스템학과(학과/서울),19.7,25.76,25.76,15.15,10.61,1.52,1.52,,,,,,13,17,17,10,7,1,1,,,,,,ok,outputs/pdfs_full/정보시스템학과__ITE3031__시스템소프트웨어론.pdf,,66
H0002256,H0002867,정보시스템학과,ITE3032,객체지향프로그래밍-JAVA,2026,1,2011/1 ~ 2028/2,정보시스템학과(학과/서울),24.66,17.81,24.66,9.59,12.33,4.11,4.11,1.37,,,1.37,,18,13,18,7,9,3,3,1,,,1,,ok,outputs/pdfs_full/정보시스템학과__ITE3032__객체지향프로그래밍-JAVA.pdf,,73
H0002256,H0002867,정보시스템학과,ITE3035,ERP시스템,2026,1,2011/1 ~ 2029/2,정보시스템학과(학과/서울),70.45,15.91,6.82,2.27,4.55,,,,,,,,31,7,3,1,2,,,,,,,,ok,outputs/pdfs_full/정보시스템학과__ITE3035__ERP시스템.pdf,,44
H0002256,H0002867,정보시스템학과,ITE3050,통신망이론,2025,1,2011/1 ~ 2025/2,정보시스템학과(학과/서울),22.86,25.71,34.29,14.29,,,,,,,2.86,,8,9,12,5,,,,,,,1,,ok,outputs/pdfs_full/정보시스템학과__ITE3050__통신망이론.pdf,,35
H0002256,H0002867,정보시스템학과,ITE3051,인공지능및응용,2025,2,2011/1 ~ 2029/2,정보시스템학과(학과/서울),9.64,30.12,18.07,7.23,20.48,4.82,9.64,,,,,,8,25,15,6,17,4,8,,,,,,ok,outputs/pdfs_full/정보시스템학과__ITE3051__인공지능및응용.pdf,,83
H0002256,H0002518,소프트웨어전공,ITE3061,계산이론및오토마타,2026,1,2014/1 ~ 2021/2,소프트웨어전공,14.43,12.89,22.68,18.04,13.4,12.89,5.67,,,,,,28,25,44,35,26,25,11,,,,,,ok,outputs/pdfs_full/소프트웨어전공__ITE3061__계산이론및오토마타.pdf,,194
H0002256,H0002518,소프트웨어전공,ITE3062,인간컴퓨터상호작용,2026,1,2014/1 ~ 2022/2,소프트웨어전공,23.53,,29.41,11.76,11.76,23.53,,,,,,,4,,5,2,2,4,,,,,,,ok,outputs/pdfs_full/소프트웨어전공__ITE3062__인간컴퓨터상호작용.pdf,,17
H0002256,H0002518,소프트웨어전공,ITE3063,소프트웨어스튜디오1,2022,1,2014/1 ~ 2021/2,소프트웨어전공,38.1,4.76,57.14,,,,,,,,,,8,1,12,,,,,,,,,,ok,outputs/pdfs_full/소프트웨어전공__ITE3063__소프트웨어스튜디오1.pdf,,21
H0002256,H0002518,소프트웨어전공,ITE3064,소프트웨어인턴쉽2,2021,2,2014/1 ~ 2022/2,소프트웨어전공,100,,,,,,,,,,,,5,,,,,,,,,,,,ok,outputs/pdfs_full/소프트웨어전공__ITE3064__소프트웨어인턴쉽2.pdf,,5
H0002256,H0002518,소프트웨어전공,ITE3068,소프트웨어스튜디오2,2024,2,2014/1 ~ 2021/2,소프트웨어전공,41.46,,41.46,,17.07,,,,,,,,17,,17,,7,,,,,,,,ok,outputs/pdfs_full/소프트웨어전공__ITE3068__소프트웨어스튜디오2.pdf,,41
H0002256,H0002518,소프트웨어전공,ITE3071,데이터베이스관리시스템,2014,1,2014/1 ~ 2017/2,소프트웨어전공,10,40,30,,10,10,,,,,,,1,4,3,,1,1,,,,,,,ok,outputs/pdfs_full/소프트웨어전공__ITE3071__데이터베이스관리시스템.pdf,,10
H0002256,H0002518,소프트웨어전공,ITE3072,융합소프트웨어프로젝트,2016,2,2015/1 ~ 2022/2,소프트웨어전공,18.33,20,23.33,13.33,16.67,8.33,,,,,,,11,12,14,8,10,5,,,,,,,ok,outputs/pdfs_full/소프트웨어전공__ITE3072__융합소프트웨어프로젝트.pdf,,60
H0002256,H0002518,소프트웨어전공,ITE3073,컴퓨터알고리즘기초,2020,1,2018/1 ~ 2021/2,소프트웨어전공,6.67,26.67,33.33,6.67,,10,6.67,10,,,,,2,8,10,2,,3,2,3,,,,,ok,outputs/pdfs_full/소프트웨어전공__ITE3073__컴퓨터알고리즘기초.pdf,,30
H0002256,H0002518,소프트웨어전공,ITE3074,소프트웨어기술창업1,2025,2,2017/1 ~ 2021/2,소프트웨어전공,57.89,21.05,21.05,,,,,,,,,,11,4,4,,,,,,,,,,ok,outputs/pdfs_full/소프트웨어전공__ITE3074__소프트웨어기술창업1.pdf,,19
H0002256,H0002867,정보시스템학과,ITE3075,기술분석과전략,2018,2,2018/2 ~ 2022/1,정보시스템학과(학과/서울),22.73,22.73,31.82,22.73,,,,,,,,,5,5,7,5,,,,,,,,,ok,outputs/pdfs_full/정보시스템학과__ITE3075__기술분석과전략.pdf,,22
H0002256,H0002575,융합전자공학부,ITE4003,SOC설계,2026,1,2013/1 ~ 2030/2,융합전자공학부,32.56,11.63,31.4,11.63,8.14,2.33,,1.16,,,1.16,,28,10,27,10,7,2,,1,,,1,,ok,outputs/pdfs_full/융합전자공학부__ITE4003__SOC설계.pdf,,86
H0002256,H0002518,소프트웨어전공,ITE4004,네트워크프로토콜,2025,1,2019/1 ~ 2022/2,소프트웨어전공,66.67,,16.67,,,16.67,,,,,,,4,,1,,,1,,,,,,,ok,outputs/pdfs_full/소프트웨어전공__ITE4004__네트워크프로토콜.pdf,,6
H0002256,H0002518,소프트웨어전공,ITE4005,데이터사이언스,2026,1,2015/1 ~ 2022/2,소프트웨어전공,42.86,19.58,16.4,7.41,6.35,6.35,1.06,,,,,,81,37,31,14,12,12,2,,,,,,ok,outputs/pdfs_full/소프트웨어전공__ITE4005__데이터사이언스.pdf,,189
H0002256,H0002518,소프트웨어전공,ITE4006,분산컴퓨팅,2025,2,2014/2 ~ 2022/2,소프트웨어전공,14,12,24,18,12,8,12,,,,,,7,6,12,9,6,4,6,,,,,,ok,outputs/pdfs_full/소프트웨어전공__ITE4006__분산컴퓨팅.pdf,,50
H0002256,H0002518,소프트웨어전공,ITE4007,컴퓨터보안,2025,2,2015/1 ~ 2021/2,소프트웨어전공,18.6,6.98,20.93,22.09,18.6,11.63,1.16,,,,,,16,6,18,19,16,10,1,,,,,,ok,outputs/pdfs_full/소프트웨어전공__ITE4007__컴퓨터보안.pdf,,86
H0002256,H0003960,응용시스템전공,ITE4012,신제품개발,2026,1,2015/1 ~ 2030/2,응용시스템전공,38.89,38.89,16.67,,,,,,,,5.56,,7,7,3,,,,,,,,1,,ok,outputs/pdfs_full/응용시스템전공__ITE4012__신제품개발.pdf,,18
H0002256,H0002518,소프트웨어전공,ITE4020,멀티미디어시스템,2017,2,2015/1 ~ 2018/2,소프트웨어전공,21.43,21.43,28.57,,21.43,7.14,,,,,,,3,3,4,,3,1,,,,,,,ok,outputs/pdfs_full/소프트웨어전공__ITE4020__멀티미디어시스템.pdf,,14
H0002256,H0002867,정보시스템학과,ITE4023,정보보호,2026,1,2012/1 ~ 2030/2,정보시스템학과(학과/서울),,24,36,22,6,8,4,,,,,,,12,18,11,3,4,2,,,,,,ok,outputs/pdfs_full/정보시스템학과__ITE4023__정보보호.pdf,,50
H0002256,H0002867,정보시스템학과,ITE4031,전자상거래이론,2026,1,2012/1 ~ 2030/2,정보시스템학과(학과/서울),26.79,28.57,21.43,16.07,5.36,,,,,,1.79,,15,16,12,9,3,,,,,,1,,ok,outputs/pdfs_full/정보시스템학과__ITE4031__전자상거래이론.pdf,,56
H0002256,H0002867,정보시스템학과,ITE4035,시스템감리론,2025,2,2011/1 ~ 2029/2,정보시스템학과(학과/서울),16.13,32.26,22.58,25.81,3.23,,,,,,,,5,10,7,8,1,,,,,,,,ok,outputs/pdfs_full/정보시스템학과__ITE4035__시스템감리론.pdf,,31
H0002256,H0002867,정보시스템학과,ITE4037,시스템플래닝실습,2025,2,2012/1 ~ 2030/2,정보시스템학과(학과/서울),32.81,67.19,,,,,,,,,,,21,43,,,,,,,,,,,ok,outputs/pdfs_full/정보시스템학과__ITE4037__시스템플래닝실습.pdf,,64
H0002256,H0002518,소프트웨어전공,ITE4043,인터넷보안,2018,2,2015/1 ~ 2022/2,소프트웨어전공,21.05,5.26,36.84,5.26,21.05,10.53,,,,,,,4,1,7,1,4,2,,,,,,,ok,outputs/pdfs_full/소프트웨어전공__ITE4043__인터넷보안.pdf,,19
H0002256,H0003959,정보융합전공,ITE4046,웹프로그래밍,2026,1,2018/1 ~ 2028/2,정보융합전공,27.71,,42.17,,26.51,3.61,,,,,,,23,,35,,22,3,,,,,,,ok,outputs/pdfs_full/정보융합전공__ITE4046__웹프로그래밍.pdf,,83
H0002256,H0002867,정보시스템학과,ITE4047,정보시스템정책,2018,1,2012/1 ~ 2018/2,정보시스템학과(학과/서울),100,,,,,,,,,,,,47,,,,,,,,,,,,ok,outputs/pdfs_full/정보시스템학과__ITE4047__정보시스템정책.pdf,,47
H0002256,H0002867,정보시스템학과,ITE4048,IT프로젝트관리론,2025,2,2012/1 ~ 2030/2,정보시스템학과(학과/서울),100,,,,,,,,,,,,5,,,,,,,,,,,,ok,outputs/pdfs_full/정보시스템학과__ITE4048__IT프로젝트관리론.pdf,,5
H0002256,H0002867,정보시스템학과,ITE4049,블록체인개론,2024,2,2012/1 ~ 2030/2,정보시스템학과(학과/서울),20,20,20,20,20,,,,,,,,4,4,4,4,4,,,,,,,,ok,outputs/pdfs_full/정보시스템학과__ITE4049__블록체인개론.pdf,,20
H0002256,H0002867,정보시스템학과,ITE4050,IT와경영전략,2025,2,2012/1 ~ 2029/2,정보시스템학과(학과/서울),25,41.67,29.17,4.17,,,,,,,,,6,10,7,1,,,,,,,,,ok,outputs/pdfs_full/정보시스템학과__ITE4050__IT와경영전략.pdf,,24
H0002256,H0002519,컴퓨터전공,ITE4051,무선통신네트워크,2018,1,2015/1 ~ 2022/2,컴퓨터전공,13.33,20,33.33,,13.33,20,,,,,,,2,3,5,,2,3,,,,,,,ok,outputs/pdfs_full/컴퓨터전공__ITE4051__무선통신네트워크.pdf,,15
H0002256,H0002518,소프트웨어전공,ITE4052,컴퓨터비전,2025,2,2015/1 ~ 2022/2,소프트웨어전공,23.08,25.64,20.51,12.82,10.26,5.13,,,,,2.56,,9,10,8,5,4,2,,,,,1,,ok,outputs/pdfs_full/소프트웨어전공__ITE4052__컴퓨터비전.pdf,,39
H0002256,H0002518,소프트웨어전공,ITE4053,딥러닝및응용,2026,1,2014/2 ~ 2022/2,소프트웨어전공,18.99,24.05,20.25,13.92,15.82,5.06,1.27,,,,0.63,,30,38,32,22,25,8,2,,,,1,,ok,outputs/pdfs_full/소프트웨어전공__ITE4053__딥러닝및응용.pdf,,158
H0002256,H0002518,소프트웨어전공,ITE4054,캡스톤소프트웨어프로젝트1,2026,1,2019/1 ~ 2022/2,소프트웨어전공,89.78,3.65,5.11,,0.73,0.73,,,,,,,123,5,7,,1,1,,,,,,,ok,outputs/pdfs_full/소프트웨어전공__ITE4054__캡스톤소프트웨어프로젝트1.pdf,,137
H0002256,H0002518,소프트웨어전공,ITE4055,캡스톤소프트웨어프로젝트2,2025,2,2019/1 ~ 2022/2,소프트웨어전공,80.15,13.74,4.58,0.76,,0.76,,,,,,,105,18,6,1,,1,,,,,,,ok,outputs/pdfs_full/소프트웨어전공__ITE4055__캡스톤소프트웨어프로젝트2.pdf,,131
H0002256,H0002867,정보시스템학과,ITE4059,삼성SDS글로벌인턴십과정,2015,1,2012/1 ~ 2021/2,정보시스템학과(학과/서울),100,,,,,,,,,,,,27,,,,,,,,,,,,ok,outputs/pdfs_full/정보시스템학과__ITE4059__삼성SDS글로벌인턴십과정.pdf,,27
H0002256,H0002518,소프트웨어전공,ITE4064,전공멘토링7,2018,1,2015/1 ~ 2018/2,소프트웨어전공,50,42.86,,7.14,,,,,,,,,14,12,,2,,,,,,,,,ok,outputs/pdfs_full/소프트웨어전공__ITE4064__전공멘토링7.pdf,,28
H0002256,H0002518,소프트웨어전공,ITE4065,병렬프로그래밍,2022,2,2015/1 ~ 2022/2,소프트웨어전공,21.05,31.58,21.05,26.32,,,,,,,,,4,6,4,5,,,,,,,,,ok,outputs/pdfs_full/소프트웨어전공__ITE4065__병렬프로그래밍.pdf,,19
H0002256,H0002518,소프트웨어전공,ITE4072,전공멘토링8,2018,2,2015/1 ~ 2018/2,소프트웨어전공,57.69,34.62,3.85,3.85,,,,,,,,,15,9,1,1,,,,,,,,,ok,outputs/pdfs_full/소프트웨어전공__ITE4072__전공멘토링8.pdf,,26
H0002256,H0002518,소프트웨어전공,ITE4075,CSE융합세미나1,2026,1,2015/1 ~ 2022/2,소프트웨어전공,95.93,2.44,1.63,,,,,,,,,,118,3,2,,,,,,,,,,ok,outputs/pdfs_full/소프트웨어전공__ITE4075__CSE융합세미나1.pdf,,123
H0002256,H0002518,소프트웨어전공,ITE4076,CSE융합세미나2,2025,2,2015/1 ~ 2022/2,소프트웨어전공,57.29,39.58,,2.08,,1.04,,,,,,,55,38,,2,,1,,,,,,,ok,outputs/pdfs_full/소프트웨어전공__ITE4076__CSE융합세미나2.pdf,,96
H0002256,H0002518,소프트웨어전공,ITE4077,소프트웨어종합설계1,2018,1,2015/1 ~ 2022/2,소프트웨어전공,50,42.86,,7.14,,,,,,,,,14,12,,2,,,,,,,,,ok,outputs/pdfs_full/소프트웨어전공__ITE4077__소프트웨어종합설계1.pdf,,28
H0002256,H0002518,소프트웨어전공,ITE4078,소프트웨어종합설계2,2018,2,2015/1 ~ 2022/2,소프트웨어전공,57.69,34.62,3.85,3.85,,,,,,,,,15,9,1,1,,,,,,,,,ok,outputs/pdfs_full/소프트웨어전공__ITE4078__소프트웨어종합설계2.pdf,,26
H0002256,H0002518,소프트웨어전공,ITE4080,지능형생물정보학,2025,2,2015/1 ~ 2022/2,소프트웨어전공,21.43,28.57,21.43,7.14,7.14,,7.14,,,,7.14,,3,4,3,1,1,,1,,,,1,,ok,outputs/pdfs_full/소프트웨어전공__ITE4080__지능형생물정보학.pdf,,14
H0002256,H0002518,소프트웨어전공,ITE4083,소프트웨어기술창업2,2025,1,2017/1 ~ 2022/2,소프트웨어전공,55.56,27.78,16.67,,,,,,,,,,10,5,3,,,,,,,,,,ok,outputs/pdfs_full/소프트웨어전공__ITE4083__소프트웨어기술창업2.pdf,,18
H0002256,H0002867,정보시스템학과,ITE4084,정보시스템학종합설계1,2025,1,2019/1 ~ 2030/2,정보시스템학과(학과/서울),100,,,,,,,,,,,,43,,,,,,,,,,,,ok,outputs/pdfs_full/정보시스템학과__ITE4084__정보시스템학종합설계1.pdf,,43
H0002256,H0002867,정보시스템학과,ITE4085,정보시스템학종합설계2,2025,2,2018/2 ~ 2030/2,정보시스템학과(학과/서울),100,,,,,,,,,,,,30,,,,,,,,,,,,ok,outputs/pdfs_full/정보시스템학과__ITE4085__정보시스템학종합설계2.pdf,,30
H0002256,H0002867,정보시스템학과,ITE4086,비즈니스인텔리전스와인공지능의실재,2026,1,2025/1 ~ 2029/2,정보시스템학과(학과/서울),25,,40,,25,,,5,,,5,,5,,8,,5,,,1,,,1,,ok,outputs/pdfs_full/정보시스템학과__ITE4086__비즈니스인텔리전스와인공지능의실재.pdf,,20
H0002256,H0002867,정보시스템학과,ITE4087,데이터사이언스기반의사결정지원,2025,2,2025/2 ~ 2030/2,정보시스템학과(학과/서울),32.14,,42.86,,21.43,,,3.57,,,,,9,,12,,6,,,1,,,,,ok,outputs/pdfs_full/정보시스템학과__ITE4087__데이터사이언스기반의사결정지원.pdf,,28
H0002256,H0002867,정보시스템학과,ITE4088,정보시스템학종합설계,2026,1,2026/1 ~ 2030/2,정보시스템학과(학과/서울),100,,,,,,,,,,,,40,,,,,,,,,,,,ok,outputs/pdfs_full/정보시스템학과__ITE4088__정보시스템학종합설계.pdf,,40
H0002256,H0003665,미디어커뮤니케이션학과,JMC1004,미디어읽기와보기,2015,1,2014/1 ~ 2015/2,미디어커뮤니케이션학과,14.46,16.87,20.48,16.87,14.46,10.84,3.61,2.41,,,,,12,14,17,14,12,9,3,2,,,,,ok,outputs/pdfs_full/미디어커뮤니케이션학과__JMC1004__미디어읽기와보기.pdf,,83
H0002256,H0003665,미디어커뮤니케이션학과,JMC1005,미디어의이해,2026,1,2014/1 ~ 2028/2,미디어커뮤니케이션학과,42.86,38.89,10.32,0.79,1.59,,,,,3.97,1.59,,54,49,13,1,2,,,,,5,2,,ok,outputs/pdfs_full/미디어커뮤니케이션학과__JMC1005__미디어의이해.pdf,,126
H0002256,H0003665,미디어커뮤니케이션학과,JMC1009,미디어커뮤니케이션의이해,2015,1,2014/1 ~ 2015/2,미디어커뮤니케이션학과,27.27,,37.88,,24.24,10.61,,,,,,,18,,25,,16,7,,,,,,,ok,outputs/pdfs_full/미디어커뮤니케이션학과__JMC1009__미디어커뮤니케이션의이해.pdf,,66
H0002256,H0003665,미디어커뮤니케이션학과,JMC1010,커뮤니케이션과사회,2015,2,2014/1 ~ 2015/2,미디어커뮤니케이션학과,25.64,15.38,38.46,2.56,15.38,2.56,,,,,,,10,6,15,1,6,1,,,,,,,ok,outputs/pdfs_full/미디어커뮤니케이션학과__JMC1010__커뮤니케이션과사회.pdf,,39
H0002256,H0003665,미디어커뮤니케이션학과,JMC1011,미디어커뮤니케이션과사회,2025,1,2020/1 ~ 2027/2,미디어커뮤니케이션학과,37.36,31.87,12.09,5.49,8.79,2.2,,1.1,,,1.1,,34,29,11,5,8,2,,1,,,1,,ok,outputs/pdfs_full/미디어커뮤니케이션학과__JMC1011__미디어커뮤니케이션과사회.pdf,,91
H0002256,H0003665,미디어커뮤니케이션학과,JMC2002,커뮤니케이션발달사,2017,1,2011/1 ~ 2017/2,미디어커뮤니케이션학과,9.38,37.5,9.38,21.88,3.13,9.38,3.13,6.25,,,,,3,12,3,7,1,3,1,2,,,,,ok,outputs/pdfs_full/미디어커뮤니케이션학과__JMC2002__커뮤니케이션발달사.pdf,,32
H0002256,H0003665,미디어커뮤니케이션학과,JMC2008,방송론,2025,2,2014/1 ~ 2028/2,미디어커뮤니케이션학과,28.13,21.88,20.31,6.25,1.56,6.25,6.25,4.69,,3.13,1.56,,18,14,13,4,1,4,4,3,,2,1,,ok,outputs/pdfs_full/미디어커뮤니케이션학과__JMC2008__방송론.pdf,,64
H0002256,H0003665,미디어커뮤니케이션학과,JMC2021,미디어글쓰기,2016,1,2014/1 ~ 2016/2,미디어커뮤니케이션학과,17.07,26.83,41.46,,14.63,,,,,,,,7,11,17,,6,,,,,,,,ok,outputs/pdfs_full/미디어커뮤니케이션학과__JMC2021__미디어글쓰기.pdf,,41
H0002256,H0003665,미디어커뮤니케이션학과,JMC2022,미디어전략과기획,2025,2,2014/1 ~ 2025/2,미디어커뮤니케이션학과,40.63,,28.13,,18.75,,,,,,12.5,,13,,9,,6,,,,,,4,,ok,outputs/pdfs_full/미디어커뮤니케이션학과__JMC2022__미디어전략과기획.pdf,,32
H0002256,H0003665,미디어커뮤니케이션학과,JMC2026,설득커뮤니케이션과광고,2024,1,2021/1 ~ 2024/2,미디어커뮤니케이션학과,33.71,6.74,25.84,4.49,11.24,6.74,1.12,2.25,,7.87,,,30,6,23,4,10,6,1,2,,7,,,ok,outputs/pdfs_full/미디어커뮤니케이션학과__JMC2026__설득커뮤니케이션과광고.pdf,,89
H0002256,H0003665,미디어커뮤니케이션학과,JMC2027,광고전략과비평,2025,2,2025/1 ~ 2028/2,미디어커뮤니케이션학과,35.29,29.41,17.65,16.18,,,,,,,1.47,,24,20,12,11,,,,,,,1,,ok,outputs/pdfs_full/미디어커뮤니케이션학과__JMC2027__광고전략과비평.pdf,,68
H0002256,H0003665,미디어커뮤니케이션학과,JMC2028,광고와커뮤니케이션,2025,1,2025/1 ~ 2025/2,미디어커뮤니케이션학과,30.83,7.5,23.33,15.83,15,3.33,0.83,,,3.33,,,37,9,28,19,18,4,1,,,4,,,ok,outputs/pdfs_full/미디어커뮤니케이션학과__JMC2028__광고와커뮤니케이션.pdf,,120
H0002256,H0003665,미디어커뮤니케이션학과,JMC3002,커뮤니케이션연구방법론,2025,1,2011/1 ~ 2029/2,미디어커뮤니케이션학과,14.58,22.92,10.42,25,6.25,10.42,,,,10.42,,,7,11,5,12,3,5,,,,5,,,ok,outputs/pdfs_full/미디어커뮤니케이션학과__JMC3002__커뮤니케이션연구방법론.pdf,,48
H0002256,H0003665,미디어커뮤니케이션학과,JMC3003,신문제작,2026,1,2011/1 ~ 2029/2,미디어커뮤니케이션학과,26.92,38.46,23.08,7.69,,,,,,,3.85,,7,10,6,2,,,,,,,1,,ok,outputs/pdfs_full/미디어커뮤니케이션학과__JMC3003__신문제작.pdf,,26
H0002256,H0003665,미디어커뮤니케이션학과,JMC3015,영상제작실습1,2026,1,2011/1 ~ 2028/2,미디어커뮤니케이션학과,75.38,15.38,3.08,4.62,,,1.54,,,,,,49,10,2,3,,,1,,,,,,ok,outputs/pdfs_full/미디어커뮤니케이션학과__JMC3015__영상제작실습1.pdf,,65
H0002256,H0003665,미디어커뮤니케이션학과,JMC3017,정치커뮤니케이션,2025,2,2012/1 ~ 2030/2,미디어커뮤니케이션학과,43.33,,36.67,,16.67,,,3.33,,,,,13,,11,,5,,,1,,,,,ok,outputs/pdfs_full/미디어커뮤니케이션학과__JMC3017__정치커뮤니케이션.pdf,,30
H0002256,H0003665,미디어커뮤니케이션학과,JMC3035,방송편성,2017,1,2011/1 ~ 2017/2,미디어커뮤니케이션학과,40,,42,,18,,,,,,,,20,,21,,9,,,,,,,,ok,outputs/pdfs_full/미디어커뮤니케이션학과__JMC3035__방송편성.pdf,,50
H0002256,H0003665,미디어커뮤니케이션학과,JMC3040,디지털미디어의이해,2017,2,2011/1 ~ 2017/2,미디어커뮤니케이션학과,36.36,52.73,5.45,1.82,1.82,,1.82,,,,,,20,29,3,1,1,,1,,,,,,ok,outputs/pdfs_full/미디어커뮤니케이션학과__JMC3040__디지털미디어의이해.pdf,,55
H0002256,H0003665,미디어커뮤니케이션학과,JMC3042,미디어논술과작문,2026,1,2012/1 ~ 2029/2,미디어커뮤니케이션학과,59.09,40.91,,,,,,,,,,,13,9,,,,,,,,,,,ok,outputs/pdfs_full/미디어커뮤니케이션학과__JMC3042__미디어논술과작문.pdf,,22
H0002256,H0003665,미디어커뮤니케이션학과,JMC3043,리더십커뮤니케이션,2021,2,2012/1 ~ 2025/2,미디어커뮤니케이션학과,45.16,54.84,,,,,,,,,,,14,17,,,,,,,,,,,ok,outputs/pdfs_full/미디어커뮤니케이션학과__JMC3043__리더십커뮤니케이션.pdf,,31
H0002256,H0003665,미디어커뮤니케이션학과,JMC3046,글로벌방송영상제작실습,2017,1,2016/1 ~ 2017/2,미디어커뮤니케이션학과,68.66,29.85,,,,1.49,,,,,,,46,20,,,,1,,,,,,,ok,outputs/pdfs_full/미디어커뮤니케이션학과__JMC3046__글로벌방송영상제작실습.pdf,,67
H0002256,H0003665,미디어커뮤니케이션학과,JMC3047,커뮤니케이션과미디어심리,2026,1,2023/1 ~ 2029/2,미디어커뮤니케이션학과,21.54,35.38,24.62,12.31,,,,1.54,,,4.62,,14,23,16,8,,,,1,,,3,,ok,outputs/pdfs_full/미디어커뮤니케이션학과__JMC3047__커뮤니케이션과미디어심리.pdf,,65
H0002256,H0003665,미디어커뮤니케이션학과,JMC3048,필란트로피커뮤니케이션,2025,2,2023/1 ~ 2029/2,미디어커뮤니케이션학과,23.53,17.65,17.65,23.53,17.65,,,,,,,,4,3,3,4,3,,,,,,,,ok,outputs/pdfs_full/미디어커뮤니케이션학과__JMC3048__필란트로피커뮤니케이션.pdf,,17
H0002256,H0003665,미디어커뮤니케이션학과,JMC3049,설득커뮤니케이션의이해,2026,1,2026/1 ~ 2029/2,미디어커뮤니케이션학과,9.52,35.71,11.9,9.52,9.52,7.14,,,,16.67,,,4,15,5,4,4,3,,,,7,,,ok,outputs/pdfs_full/미디어커뮤니케이션학과__JMC3049__설득커뮤니케이션의이해.pdf,,42
H0002256,H0003665,미디어커뮤니케이션학과,JMC4003,언론학특강,2016,2,2012/1 ~ 2018/2,미디어커뮤니케이션학과,25.71,17.14,37.14,5.71,11.43,2.86,,,,,,,9,6,13,2,4,1,,,,,,,ok,outputs/pdfs_full/미디어커뮤니케이션학과__JMC4003__언론학특강.pdf,,35
H0002256,H0003665,미디어커뮤니케이션학과,JMC4004,언론과대중문화,2015,1,2012/1 ~ 2018/2,미디어커뮤니케이션학과,29.17,10.42,29.17,10.42,12.5,4.17,2.08,2.08,,,,,14,5,14,5,6,2,1,1,,,,,ok,outputs/pdfs_full/미디어커뮤니케이션학과__JMC4004__언론과대중문화.pdf,,48
H0002256,H0003665,미디어커뮤니케이션학과,JMC4013,비판커뮤니케이션,2018,2,2012/1 ~ 2018/2,미디어커뮤니케이션학과,29.79,34.04,14.89,17.02,4.26,,,,,,,,14,16,7,8,2,,,,,,,,ok,outputs/pdfs_full/미디어커뮤니케이션학과__JMC4013__비판커뮤니케이션.pdf,,47
H0002256,H0003665,미디어커뮤니케이션학과,JMC4018,조직커뮤니케이션,2022,2,2012/1 ~ 2026/2,미디어커뮤니케이션학과,32.79,6.56,40.98,16.39,3.28,,,,,,,,20,4,25,10,2,,,,,,,,ok,outputs/pdfs_full/미디어커뮤니케이션학과__JMC4018__조직커뮤니케이션.pdf,,61
H0002256,H0003665,미디어커뮤니케이션학과,JMC4024,언론법제,2026,1,2012/1 ~ 2030/2,미디어커뮤니케이션학과,36.05,,27.91,3.49,18.6,,,1.16,,4.65,8.14,,31,,24,3,16,,,1,,4,7,,ok,outputs/pdfs_full/미디어커뮤니케이션학과__JMC4024__언론법제.pdf,,86
H0002256,H0003665,미디어커뮤니케이션학과,JMC4039,대중문화와문화산업,2026,1,2016/1 ~ 2030/2,미디어커뮤니케이션학과,23.08,17.95,30.77,7.69,15.38,,2.56,,,,2.56,,9,7,12,3,6,,1,,,,1,,ok,outputs/pdfs_full/미디어커뮤니케이션학과__JMC4039__대중문화와문화산업.pdf,,39
H0002256,H0003665,미디어커뮤니케이션학과,JOU2001,광고론,2020,1,2014/1 ~ 2020/2,미디어커뮤니케이션학과,25.45,11.82,36.36,16.36,6.36,,,,,3.64,,,28,13,40,18,7,,,,,4,,,ok,outputs/pdfs_full/미디어커뮤니케이션학과__JOU2001__광고론.pdf,,110
H0002256,H0003665,미디어커뮤니케이션학과,JOU2004,AI저널리즘,2025,2,2014/1 ~ 2028/2,미디어커뮤니케이션학과,61.7,19.15,6.38,4.26,,2.13,4.26,,,2.13,,,29,9,3,2,,1,2,,,1,,,ok,outputs/pdfs_full/미디어커뮤니케이션학과__JOU2004__AI저널리즘.pdf,,47
H0002256,H0003665,미디어커뮤니케이션학과,JOU2005,커뮤니케이션원론,2019,1,2014/1 ~ 2019/2,미디어커뮤니케이션학과,20.15,15.67,21.64,9.7,20.15,12.69,,,,,,,27,21,29,13,27,17,,,,,,,ok,outputs/pdfs_full/미디어커뮤니케이션학과__JOU2005__커뮤니케이션원론.pdf,,134
H0002256,H0003665,미디어커뮤니케이션학과,JOU2006,한국언론사,2020,1,2014/1 ~ 2024/2,미디어커뮤니케이션학과,17.95,17.95,10.26,11.54,7.69,12.82,3.85,15.38,,2.56,,,14,14,8,9,6,10,3,12,,2,,,ok,outputs/pdfs_full/미디어커뮤니케이션학과__JOU2006__한국언론사.pdf,,78
H0002256,H0003665,미디어커뮤니케이션학과,JOU2009,보도사진실습,2025,1,2011/1 ~ 2029/2,미디어커뮤니케이션학과,93.83,2.47,1.23,1.23,,1.23,,,,,,,76,2,1,1,,1,,,,,,,ok,outputs/pdfs_full/미디어커뮤니케이션학과__JOU2009__보도사진실습.pdf,,81
H0002256,H0003665,미디어커뮤니케이션학과,JOU2011,저널리즘과테크놀로지,2026,1,2014/1 ~ 2028/2,미디어커뮤니케이션학과,32.14,7.14,28.57,10.71,3.57,,,10.71,,7.14,,,9,2,8,3,1,,,3,,2,,,ok,outputs/pdfs_full/미디어커뮤니케이션학과__JOU2011__저널리즘과테크놀로지.pdf,,28
H0002256,H0003665,미디어커뮤니케이션학과,JOU2012,영상문화,2026,1,2014/1 ~ 2028/2,미디어커뮤니케이션학과,36.23,24.64,8.7,5.8,15.94,5.8,2.9,,,,,,25,17,6,4,11,4,2,,,,,,ok,outputs/pdfs_full/미디어커뮤니케이션학과__JOU2012__영상문화.pdf,,69
H0002256,H0003665,미디어커뮤니케이션학과,JOU2013,디지털출판기획과제작,2026,1,2014/1 ~ 2028/2,미디어커뮤니케이션학과,37.74,32.08,20.75,3.77,3.77,,,,,,1.89,,20,17,11,2,2,,,,,,1,,ok,outputs/pdfs_full/미디어커뮤니케이션학과__JOU2013__디지털출판기획과제작.pdf,,53
H0002256,H0003665,미디어커뮤니케이션학과,JOU2014,광고기획제작,2025,2,2014/1 ~ 2029/2,미디어커뮤니케이션학과,44.44,5.56,33.33,16.67,,,,,,,,,8,1,6,3,,,,,,,,,ok,outputs/pdfs_full/미디어커뮤니케이션학과__JOU2014__광고기획제작.pdf,,18
H0002256,H0003665,미디어커뮤니케이션학과,JOU2015,매스컴론,2025,2,2014/1 ~ 2028/2,미디어커뮤니케이션학과,34.21,32.46,7.02,7.89,3.51,7.02,1.75,1.75,,4.39,,,39,37,8,9,4,8,2,2,,5,,,ok,outputs/pdfs_full/미디어커뮤니케이션학과__JOU2015__매스컴론.pdf,,114
H0002256,H0003665,미디어커뮤니케이션학과,JOU2017,영상언어의이해,2025,1,2014/1 ~ 2029/2,미디어커뮤니케이션학과,42.42,22.73,12.12,10.61,9.09,3.03,,,,,,,28,15,8,7,6,2,,,,,,,ok,outputs/pdfs_full/미디어커뮤니케이션학과__JOU2017__영상언어의이해.pdf,,66
H0002256,H0003665,미디어커뮤니케이션학과,JOU2018,대인간커뮤니케이션,2026,1,2014/1 ~ 2030/2,미디어커뮤니케이션학과,48.98,48.98,,,,,,,,,2.04,,24,24,,,,,,,,,1,,ok,outputs/pdfs_full/미디어커뮤니케이션학과__JOU2018__대인간커뮤니케이션.pdf,,49
H0002256,H0003665,미디어커뮤니케이션학과,JOU2019,인터넷취재작성,2016,2,2014/1 ~ 2016/2,미디어커뮤니케이션학과,79.66,16.95,1.69,,1.69,,,,,,,,47,10,1,,1,,,,,,,,ok,outputs/pdfs_full/미디어커뮤니케이션학과__JOU2019__인터넷취재작성.pdf,,59
H0002256,H0003665,미디어커뮤니케이션학과,JOU2052,스피치커뮤니케이션,2017,1,2012/1 ~ 2017/2,미디어커뮤니케이션학과,39.47,,39.47,,15.79,5.26,,,,,,,15,,15,,6,2,,,,,,,ok,outputs/pdfs_full/미디어커뮤니케이션학과__JOU2052__스피치커뮤니케이션.pdf,,38
H0002256,H0003665,미디어커뮤니케이션학과,JOU3011,미디어현장교육,2017,2,2011/1 ~ 2017/2,미디어커뮤니케이션학과,59.09,13.64,4.55,4.55,4.55,13.64,,,,,,,13,3,1,1,1,3,,,,,,,ok,outputs/pdfs_full/미디어커뮤니케이션학과__JOU3011__미디어현장교육.pdf,,22
H0002256,H0003665,미디어커뮤니케이션학과,JOU3012,미디어커뮤니케이션학입문,2026,1,2011/1 ~ 2027/2,미디어커뮤니케이션학과,44.76,23.81,11.43,14.29,3.81,0.95,,,,,0.95,,47,25,12,15,4,1,,,,,1,,ok,outputs/pdfs_full/미디어커뮤니케이션학과__JOU3012__미디어커뮤니케이션학입문.pdf,,105
H0002256,H0003665,미디어커뮤니케이션학과,JOU3020,PR커뮤니케이션의이해,2026,1,2011/1 ~ 2029/2,미디어커뮤니케이션학과,58.82,19.12,7.35,4.41,2.94,4.41,1.47,,,,1.47,,40,13,5,3,2,3,1,,,,1,,ok,outputs/pdfs_full/미디어커뮤니케이션학과__JOU3020__PR커뮤니케이션의이해.pdf,,68
H0002256,H0003665,미디어커뮤니케이션학과,JOU3021,여론과캠페인,2025,2,2011/1 ~ 2029/2,미디어커뮤니케이션학과,60.61,9.09,15.15,9.09,,3.03,,,,3.03,,,20,3,5,3,,1,,,,1,,,ok,outputs/pdfs_full/미디어커뮤니케이션학과__JOU3021__여론과캠페인.pdf,,33
H0002256,H0003665,미디어커뮤니케이션학과,JOU3058,언론제도,2025,2,2011/1 ~ 2029/2,미디어커뮤니케이션학과,39.62,,41.51,,15.09,1.89,,,,1.89,,,21,,22,,8,1,,,,1,,,ok,outputs/pdfs_full/미디어커뮤니케이션학과__JOU3058__언론제도.pdf,,53
H0002256,H0003665,미디어커뮤니케이션학과,JOU3061,디지털미디어와문화,2017,1,2015/1 ~ 2017/2,미디어커뮤니케이션학과,61.29,32.26,3.23,,1.61,1.61,,,,,,,38,20,2,,1,1,,,,,,,ok,outputs/pdfs_full/미디어커뮤니케이션학과__JOU3061__디지털미디어와문화.pdf,,62
H0002256,H0003665,미디어커뮤니케이션학과,JOU3062,디지털방송저널리즘,2025,2,2015/1 ~ 2029/2,미디어커뮤니케이션학과,38.18,23.64,14.55,10.91,7.27,1.82,1.82,,,,1.82,,21,13,8,6,4,1,1,,,,1,,ok,outputs/pdfs_full/미디어커뮤니케이션학과__JOU3062__디지털방송저널리즘.pdf,,55
H0002256,H0003665,미디어커뮤니케이션학과,JOU3066,스피치커뮤니케이션의이해,2025,2,2016/1 ~ 2028/2,미디어커뮤니케이션학과,29.11,39.24,15.19,10.13,1.27,2.53,1.27,1.27,,,,,23,31,12,8,1,2,1,1,,,,,ok,outputs/pdfs_full/미디어커뮤니케이션학과__JOU3066__스피치커뮤니케이션의이해.pdf,,79
H0002256,H0003665,미디어커뮤니케이션학과,JOU3067,미디어와문화,2025,2,2022/1 ~ 2029/2,미디어커뮤니케이션학과,41.67,26.67,15,5,5,3.33,,,,,3.33,,25,16,9,3,3,2,,,,,2,,ok,outputs/pdfs_full/미디어커뮤니케이션학과__JOU3067__미디어와문화.pdf,,60
H0002256,H0003665,미디어커뮤니케이션학과,JOU3068,미디어와문화정책,2024,2,2022/1 ~ 2029/2,미디어커뮤니케이션학과,43.18,,40.91,,15.91,,,,,,,,19,,18,,7,,,,,,,,ok,outputs/pdfs_full/미디어커뮤니케이션학과__JOU3068__미디어와문화정책.pdf,,44
H0002256,H0003665,미디어커뮤니케이션학과,JOU3069,프로젝트리더십커뮤니케이션,2025,2,2022/1 ~ 2025/2,미디어커뮤니케이션학과,28.57,71.43,,,,,,,,,,,4,10,,,,,,,,,,,ok,outputs/pdfs_full/미디어커뮤니케이션학과__JOU3069__프로젝트리더십커뮤니케이션.pdf,,14
H0002256,H0003665,미디어커뮤니케이션학과,JOU4009,영상제작실습2,2025,2,2011/1 ~ 2028/2,미디어커뮤니케이션학과,29.33,37.33,17.33,9.33,6.67,,,,,,,,22,28,13,7,5,,,,,,,,ok,outputs/pdfs_full/미디어커뮤니케이션학과__JOU4009__영상제작실습2.pdf,,75
H0002256,H0003665,미디어커뮤니케이션학과,JOU4014,영상미디어산업과인공지능,2026,1,2012/1 ~ 2030/2,미디어커뮤니케이션학과,42.03,21.74,17.39,5.8,8.7,1.45,,,,,2.9,,29,15,12,4,6,1,,,,,2,,ok,outputs/pdfs_full/미디어커뮤니케이션학과__JOU4014__영상미디어산업과인공지능.pdf,,69
H0002256,H0003665,미디어커뮤니케이션학과,JOU4015,커뮤니케이션연구지도캡스톤디자인Ⅰ,2018,1,2012/1 ~ 2026/2,미디어커뮤니케이션학과,,70.59,,5.88,5.88,17.65,,,,,,,,12,,1,1,3,,,,,,,ok,outputs/pdfs_full/미디어커뮤니케이션학과__JOU4015__커뮤니케이션연구지도캡스톤디자인I.pdf,,17
H0002256,H0003665,미디어커뮤니케이션학과,JOU4016,커뮤니케이션연구지도캡스톤디자인Ⅱ,2019,2,2012/1 ~ 2026/2,미디어커뮤니케이션학과,77.78,22.22,,,,,,,,,,,7,2,,,,,,,,,,,ok,outputs/pdfs_full/미디어커뮤니케이션학과__JOU4016__커뮤니케이션연구지도캡스톤디자인II.pdf,,9
H0002256,H0003665,미디어커뮤니케이션학과,JOU4017,글로벌커뮤니케이션이론및과제,2018,1,2016/1 ~ 2018/2,미디어커뮤니케이션학과,19.67,18.03,22.95,14.75,9.84,11.48,3.28,,,,,,12,11,14,9,6,7,2,,,,,,ok,outputs/pdfs_full/미디어커뮤니케이션학과__JOU4017__글로벌커뮤니케이션이론및과제.pdf,,61
H0002256,H0003665,미디어커뮤니케이션학과,JOU4018,글로벌미디어와커뮤니케이션,2026,1,2019/1 ~ 2029/2,미디어커뮤니케이션학과,17.39,17.39,15.94,11.59,5.8,10.14,8.7,5.8,,4.35,2.9,,12,12,11,8,4,7,6,4,,3,2,,ok,outputs/pdfs_full/미디어커뮤니케이션학과__JOU4018__글로벌미디어와커뮤니케이션.pdf,,69
H0002256,H0003665,미디어커뮤니케이션학과,JOU4019,미디어비즈니스실무,2025,2,2025/1 ~ 2030/2,미디어커뮤니케이션학과,61.7,31.91,2.13,4.26,,,,,,,,,29,15,1,2,,,,,,,,,ok,outputs/pdfs_full/미디어커뮤니케이션학과__JOU4019__미디어비즈니스실무.pdf,,47
H0002256,H0002718,교육학과,KLE1005,현대교육과한문,2015,1,2005/1 ~ 2015/2,교육학과(학부/서울),20.8,9.6,39.2,2.4,20,4.8,0.8,2.4,,,,,26,12,49,3,25,6,1,3,,,,,ok,outputs/pdfs_full/교육학과__KLE1005__현대교육과한문.pdf,,125
H0002256,H0002719,국어교육과,KLE1011,문화와국어교육,2015,1,2009/1 ~ 2015/2,국어교육과(학부/서울),14.81,14.81,33.33,,29.63,7.41,,,,,,,4,4,9,,8,2,,,,,,,ok,outputs/pdfs_full/국어교육과__KLE1011__문화와국어교육.pdf,,27
H0002256,H0002719,국어교육과,KLE2004,국어과교육론,2025,2,1994/1 ~ 2027/2,국어교육과(학부/서울),9.52,52.38,23.81,,9.52,,4.76,,,,,,2,11,5,,2,,1,,,,,,ok,outputs/pdfs_full/국어교육과__KLE2004__국어과교육론.pdf,,21
H0002256,H0002719,국어교육과,KLE2009,문학의이해,2026,1,2001/1 ~ 2015/2,국어교육과(학부/서울),29.63,3.7,42.59,,24.07,,,,,,,,32,4,46,,26,,,,,,,,ok,outputs/pdfs_full/국어교육과__KLE2009__문학의이해.pdf,,108
H0002256,H0002719,국어교육과,KLE2019,독서교육론,2026,1,2006/1 ~ 2028/2,국어교육과(학부/서울),68.42,26.32,5.26,,,,,,,,,,13,5,1,,,,,,,,,,ok,outputs/pdfs_full/국어교육과__KLE2019__독서교육론.pdf,,19
H0002256,H0002719,국어교육과,KLE2024,국어규범론,2026,1,2010/1 ~ 2028/2,국어교육과(학부/서울),60,40,,,,,,,,,,,9,6,,,,,,,,,,,ok,outputs/pdfs_full/국어교육과__KLE2024__국어규범론.pdf,,15
H0002256,H0002719,국어교육과,KLE2025,국어교사를위한고전읽기,2016,1,2014/1 ~ 2016/2,국어교육과(학부/서울),29.17,,41.67,,29.17,,,,,,,,7,,10,,7,,,,,,,,ok,outputs/pdfs_full/국어교육과__KLE2025__국어교사를위한고전읽기.pdf,,24
H0002256,H0002719,국어교육과,KLE2026,외국인을위한문학교육,2015,2,2014/1 ~ 2016/2,국어교육과(학부/서울),42.31,,42.31,,15.38,,,,,,,,11,,11,,4,,,,,,,,ok,outputs/pdfs_full/국어교육과__KLE2026__외국인을위한문학교육.pdf,,26
H0002256,H0002719,국어교육과,KLE2027,국어형태통사론,2025,2,2021/1 ~ 2028/2,국어교육과(학부/서울),20,20,40,13.33,,6.67,,,,,,,3,3,6,2,,1,,,,,,,ok,outputs/pdfs_full/국어교육과__KLE2027__국어형태통사론.pdf,,15
H0002256,H0002719,국어교육과,KLE2028,현대시작품론,2026,1,2021/1 ~ 2028/2,국어교육과(학부/서울),58.82,23.53,17.65,,,,,,,,,,10,4,3,,,,,,,,,,ok,outputs/pdfs_full/국어교육과__KLE2028__현대시작품론.pdf,,17
H0002256,H0002719,국어교육과,KLE2029,현대소설작품론,2025,2,2021/1 ~ 2028/2,국어교육과(학부/서울),100,,,,,,,,,,,,6,,,,,,,,,,,,ok,outputs/pdfs_full/국어교육과__KLE2029__현대소설작품론.pdf,,6
H0002256,H0002719,국어교육과,KLE3002,국어교육론,2020,1,2010/1 ~ 2020/2,국어교육과(학부/서울),40.74,,51.85,7.41,,,,,,,,,11,,14,2,,,,,,,,,ok,outputs/pdfs_full/국어교육과__KLE3002__국어교육론.pdf,,27
H0002256,H0002719,국어교육과,KLE3005,고전산문론,2017,1,1999/1 ~ 2017/2,국어교육과(학부/서울),21.74,17.39,34.78,4.35,17.39,4.35,,,,,,,5,4,8,1,4,1,,,,,,,ok,outputs/pdfs_full/국어교육과__KLE3005__고전산문론.pdf,,23
H0002256,H0002719,국어교육과,KLE3011,작문교육론,2026,1,2007/1 ~ 2029/2,국어교육과(학부/서울),76.47,17.65,,,5.88,,,,,,,,13,3,,,1,,,,,,,,ok,outputs/pdfs_full/국어교육과__KLE3011__작문교육론.pdf,,17
H0002256,H0002719,국어교육과,KLE3013,국어과교육과정및교재연구,2026,1,2011/1 ~ 2029/2,국어교육과(학부/서울),96.15,3.85,,,,,,,,,,,25,1,,,,,,,,,,,ok,outputs/pdfs_full/국어교육과__KLE3013__국어과교육과정및교재연구.pdf,,26
H0002256,H0002719,국어교육과,KLE3016,현대시교육론,2025,2,2011/1 ~ 2030/2,국어교육과(학부/서울),61.11,11.11,16.67,5.56,,5.56,,,,,,,11,2,3,1,,1,,,,,,,ok,outputs/pdfs_full/국어교육과__KLE3016__현대시교육론.pdf,,18
H0002256,H0002719,국어교육과,KLE3017,현대소설교육론,2025,2,2011/1 ~ 2029/2,국어교육과(학부/서울),84,16,,,,,,,,,,,21,4,,,,,,,,,,,ok,outputs/pdfs_full/국어교육과__KLE3017__현대소설교육론.pdf,,25
H0002256,H0002719,국어교육과,KLE3019,세계화시대의한국어교육,2017,2,2011/1 ~ 2017/2,국어교육과(학부/서울),22.58,,22.58,,9.68,,,,,45.16,,,7,,7,,3,,,,,14,,,ok,outputs/pdfs_full/국어교육과__KLE3019__세계화시대의한국어교육.pdf,,31
H0002256,H0002719,국어교육과,KLE3022,외국인을위한문법교육,2016,1,2015/1 ~ 2017/2,국어교육과(학부/서울),17.24,24.14,37.93,3.45,10.34,6.9,,,,,,,5,7,11,1,3,2,,,,,,,ok,outputs/pdfs_full/국어교육과__KLE3022__외국인을위한문법교육.pdf,,29
H0002256,H0002719,국어교육과,KLE3023,국어의미화용론,2026,1,2022/1 ~ 2029/2,국어교육과(학부/서울),55,35,,5,,5,,,,,,,11,7,,1,,1,,,,,,,ok,outputs/pdfs_full/국어교육과__KLE3023__국어의미화용론.pdf,,20
H0002256,H0002719,국어교육과,KLE4008,문학교육론,2017,2,2000/1 ~ 2017/2,국어교육과(학부/서울),20.83,20.83,33.33,,12.5,12.5,,,,,,,5,5,8,,3,3,,,,,,,ok,outputs/pdfs_full/국어교육과__KLE4008__문학교육론.pdf,,24
H0002256,H0002719,국어교육과,KLE4012,문학비평교육론,2026,1,2004/1 ~ 2029/2,국어교육과(학부/서울),72.22,27.78,,,,,,,,,,,13,5,,,,,,,,,,,ok,outputs/pdfs_full/국어교육과__KLE4012__문학비평교육론.pdf,,18
H0002256,H0002719,국어교육과,KLE4013,화법교육론,2025,2,2008/1 ~ 2029/2,국어교육과(학부/서울),59.09,18.18,9.09,9.09,,4.55,,,,,,,13,4,2,2,,1,,,,,,,ok,outputs/pdfs_full/국어교육과__KLE4013__화법교육론.pdf,,22
H0002256,H0002719,국어교육과,KLE4015,국어교육평가론,2015,1,2008/1 ~ 2018/2,국어교육과(학부/서울),36.36,,36.36,9.09,9.09,,9.09,,,,,,4,,4,1,1,,1,,,,,,ok,outputs/pdfs_full/국어교육과__KLE4015__국어교육평가론.pdf,,11
H0002256,H0002719,국어교육과,KLE4019,현대소설강독,2018,2,2012/1 ~ 2018/2,국어교육과(학부/서울),33.33,8.33,41.67,,16.67,,,,,,,,4,1,5,,2,,,,,,,,ok,outputs/pdfs_full/국어교육과__KLE4019__현대소설강독.pdf,,12
H0002256,H0002719,국어교육과,KLE4020,현대시강독,2018,1,2012/1 ~ 2018/2,국어교육과(학부/서울),20,20,40,,20,,,,,,,,6,6,12,,6,,,,,,,,ok,outputs/pdfs_full/국어교육과__KLE4020__현대시강독.pdf,,30
H0002256,H0002719,국어교육과,KLE4021,고전문학교육론,2026,1,2012/1 ~ 2030/2,국어교육과(학부/서울),18.75,18.75,31.25,6.25,,12.5,,12.5,,,,,3,3,5,1,,2,,2,,,,,ok,outputs/pdfs_full/국어교육과__KLE4021__고전문학교육론.pdf,,16
H0002256,H0002719,국어교육과,KLE4022,국어과논리및논술,2025,1,2012/1 ~ 2028/2,국어교육과(학부/서울),16.67,25,37.5,,20.83,,,,,,,,4,6,9,,5,,,,,,,,ok,outputs/pdfs_full/국어교육과__KLE4022__국어과논리및논술.pdf,,24
H0002256,H0002719,국어교육과,KLE4023,문법교육론,2025,2,2012/1 ~ 2030/2,국어교육과(학부/서울),41.67,37.5,16.67,4.17,,,,,,,,,10,9,4,1,,,,,,,,,ok,outputs/pdfs_full/국어교육과__KLE4023__문법교육론.pdf,,24
H0002256,H0002719,국어교육과,KLE4024,국어과교수학습및평가,2026,1,2023/1 ~ 2026/2,국어교육과(학부/서울),100,,,,,,,,,,,,10,,,,,,,,,,,,ok,outputs/pdfs_full/국어교육과__KLE4024__국어과교수학습및평가.pdf,,10
H0002256,H0002719,국어교육과,KLE4025,국어교과교실수업연구,2023,2,2023/2 ~ 2025/2,국어교육과(학부/서울),100,,,,,,,,,,,,3,,,,,,,,,,,,ok,outputs/pdfs_full/국어교육과__KLE4025__국어교과교실수업연구.pdf,,3
H0002256,H0002719,국어교육과,KLE4026,국어과현장수업연구,2024,2,2024/2 ~ 2025/2,국어교육과(학부/서울),100,,,,,,,,,,,,1,,,,,,,,,,,,ok,outputs/pdfs_full/국어교육과__KLE4026__국어과현장수업연구.pdf,,1
H0002256,H0002794,국어국문학과,KOR1014,한국문학의이해,2015,1,2008/1 ~ 2015/2,국어국문학(학부-인문과/서울),25,4.55,38.64,2.27,18.18,11.36,,,,,,,11,2,17,1,8,5,,,,,,,ok,outputs/pdfs_full/국어국문학과__KOR1014__한국문학의이해.pdf,,44
H0002256,H0002794,국어국문학과,KOR1015,문학작품어떻게읽을까,2026,1,2008/1 ~ 2027/2,국어국문학(학부-인문과/서울),42,,42,,16,,,,,,,,21,,21,,8,,,,,,,,ok,outputs/pdfs_full/국어국문학과__KOR1015__문학작품어떻게읽을까.pdf,,50
H0002256,H0004739,글로벌한국학전공,KOR1016,글로벌한국어Ⅰ,2026,1,2023/1 ~ 2027/2,글로벌한국학전공,33.33,8.33,29.17,12.5,16.67,,,,,,,,8,2,7,3,4,,,,,,,,ok,outputs/pdfs_full/글로벌한국학전공__KOR1016__글로벌한국어I.pdf,,24
H0002256,H0002719,국어교육과,KOR1018,현대사회와문학,2026,1,2016/1 ~ 2027/2,국어교육과(학부/서울),43.48,,47.83,,8.7,,,,,,,,10,,11,,2,,,,,,,,ok,outputs/pdfs_full/국어교육과__KOR1018__현대사회와문학.pdf,,23
H0002256,H0002719,국어교육과,KOR1019,AI리터러시교육,2025,2,2016/1 ~ 2028/2,국어교육과(학부/서울),87.5,12.5,,,,,,,,,,,14,2,,,,,,,,,,,ok,outputs/pdfs_full/국어교육과__KOR1019__AI리터러시교육.pdf,,16
H0002256,H0002719,국어교육과,KOR1020,고전소설작품론,2025,2,2016/1 ~ 2028/2,국어교육과(학부/서울),30,10,50,10,,,,,,,,,3,1,5,1,,,,,,,,,ok,outputs/pdfs_full/국어교육과__KOR1020__고전소설작품론.pdf,,10
H0002256,H0002794,국어국문학과,KOR2001,국문학개론,2025,2,1989/1 ~ 1996/2,국어국문학(학부-인문과/서울),14.81,22.22,22.22,18.52,22.22,,,,,,,,4,6,6,5,6,,,,,,,,ok,outputs/pdfs_full/국어국문학과__KOR2001__국문학개론.pdf,,27
H0002256,H0002794,국어국문학과,KOR2002,국어학개론,2026,1,1989/1 ~ 1996/2,국어국문학(학부-인문과/서울),31.58,68.42,,,,,,,,,,,6,13,,,,,,,,,,,ok,outputs/pdfs_full/국어국문학과__KOR2002__국어학개론.pdf,,19
H0002256,H0002794,국어국문학과,KOR2003,국문학사,2024,2,1990/1 ~ 1996/2,국어국문학(학부-인문과/서울),37.5,25,25,,,,12.5,,,,,,3,2,2,,,,1,,,,,,ok,outputs/pdfs_full/국어국문학과__KOR2003__국문학사.pdf,,8
H0002256,H0002794,국어국문학과,KOR2006,현대소설론,2020,2,1991/1 ~ 1998/2,국어국문학(학부-인문과/서울),31.25,18.75,43.75,6.25,,,,,,,,,5,3,7,1,,,,,,,,,ok,outputs/pdfs_full/국어국문학과__KOR2006__현대소설론.pdf,,16
H0002256,H0002794,국어국문학과,KOR2007,중세국어강독,2017,2,1991/1 ~ 1998/2,국어국문학(학부-인문과/서울),17.86,21.43,39.29,,21.43,,,,,,,,5,6,11,,6,,,,,,,,ok,outputs/pdfs_full/국어국문학과__KOR2007__중세국어강독.pdf,,28
H0002256,H0002794,국어국문학과,KOR2016,국어문법론,2020,2,1990/1 ~ 1997/2,국어국문학(학부-인문과/서울),16.22,16.22,32.43,10.81,2.7,,,,,21.62,,,6,6,12,4,1,,,,,8,,,ok,outputs/pdfs_full/국어국문학과__KOR2016__국어문법론.pdf,,37
H0002256,H0002794,국어국문학과,KOR2023,국문학입문,2025,2,2008/1 ~ 2027/2,국어국문학(학부-인문과/서울),19.57,19.57,21.74,19.57,17.39,,,,,2.17,,,9,9,10,9,8,,,,,1,,,ok,outputs/pdfs_full/국어국문학과__KOR2023__국문학입문.pdf,,46
H0002256,H0002794,국어국문학과,KOR2025,현대소설의이해,2026,1,2006/1 ~ 2028/2,국어국문학(학부-인문과/서울),38.3,,38.3,,19.15,,,,,,4.26,,18,,18,,9,,,,,,2,,ok,outputs/pdfs_full/국어국문학과__KOR2025__현대소설의이해.pdf,,47
H0002256,H0002794,국어국문학과,KOR2026,현대시의이해,2026,1,2006/1 ~ 2028/2,국어국문학(학부-인문과/서울),43.33,,43.33,,13.33,,,,,,,,13,,13,,4,,,,,,,,ok,outputs/pdfs_full/국어국문학과__KOR2026__현대시의이해.pdf,,30
H0002256,H0002794,국어국문학과,KOR2030,한국문학의쟁점과인문학적확장탐색,2026,1,2008/1 ~ 2030/2,국어국문학(학부-인문과/서울),33.33,,43.33,,23.33,,,,,,,,10,,13,,7,,,,,,,,ok,outputs/pdfs_full/국어국문학과__KOR2030__한국문학의쟁점과인문학적확장탐색.pdf,,30
H0002256,H0002256,서울 대학,KOR2040,실용한문,2013,2,2005/1 ~ 2015/1,대학(학부/서울),27.59,10.34,34.48,13.79,,13.79,,,,,,,8,3,10,4,,4,,,,,,,ok,outputs/pdfs_seoul_university/서울_대학__KOR2040__실용한문.pdf,,29
H0002256,H0002794,국어국문학과,KOR2041,국어학입문,2026,1,2008/1 ~ 2027/2,국어국문학(학부-인문과/서울),20.97,19.35,17.74,11.29,12.9,12.9,,,,3.23,1.61,,13,12,11,7,8,8,,,,2,1,,ok,outputs/pdfs_full/국어국문학과__KOR2041__국어학입문.pdf,,62
H0002256,H0002794,국어국문학과,KOR2042,고전명문감상,2026,1,2006/1 ~ 2028/2,국어국문학(학부-인문과/서울),62.5,37.5,,,,,,,,,,,5,3,,,,,,,,,,,ok,outputs/pdfs_full/국어국문학과__KOR2042__고전명문감상.pdf,,8
H0002256,H0002794,국어국문학과,KOR2045,한국어음운의이해,2026,1,2006/1 ~ 2028/2,국어국문학(학부-인문과/서울),22.92,16.67,25,8.33,16.67,6.25,,,,,4.17,,11,8,12,4,8,3,,,,,2,,ok,outputs/pdfs_full/국어국문학과__KOR2045__한국어음운의이해.pdf,,48
H0002256,H0002794,국어국문학과,KOR2049,한국어의문장구조,2026,1,2007/1 ~ 2029/2,국어국문학(학부-인문과/서울),20,20,40,5,10,,5,,,,,,4,4,8,1,2,,1,,,,,,ok,outputs/pdfs_full/국어국문학과__KOR2049__한국어의문장구조.pdf,,20
H0002256,H0002794,국어국문학과,KOR2062,문학과역사,2026,1,2006/1 ~ 2030/2,국어국문학(학부-인문과/서울),38.71,,41.94,,12.9,6.45,,,,,,,12,,13,,4,2,,,,,,,ok,outputs/pdfs_full/국어국문학과__KOR2062__문학과역사.pdf,,31
H0002256,H0002794,국어국문학과,KOR2063,한국문학의역사1,2025,2,2006/1 ~ 2028/2,국어국문학(학부-인문과/서울),23.26,20.93,23.26,18.6,6.98,,,4.65,,,2.33,,10,9,10,8,3,,,2,,,1,,ok,outputs/pdfs_full/국어국문학과__KOR2063__한국문학의역사1.pdf,,43
H0002256,H0002794,국어국문학과,KOR2064,설화와소설,2024,2,2006/1 ~ 2028/2,국어국문학(학부-인문과/서울),33.33,11.11,55.56,,,,,,,,,,3,1,5,,,,,,,,,,ok,outputs/pdfs_full/국어국문학과__KOR2064__설화와소설.pdf,,9
H0002256,H0002794,국어국문학과,KOR2066,한글맞춤법과교정의실제,2025,2,2006/1 ~ 2028/2,국어국문학(학부-인문과/서울),38.1,2.38,30.95,9.52,19.05,,,,,,,,16,1,13,4,8,,,,,,,,ok,outputs/pdfs_full/국어국문학과__KOR2066__한글맞춤법과교정의실제.pdf,,42
H0002256,H0003725,한중통번역전공,KOR2068,한국어의사소통,2025,2,2017/1 ~ 2020/2,한중통번역전공,35,10,20,25,5,5,,,,,,,7,2,4,5,1,1,,,,,,,ok,outputs/pdfs_full/한중통번역전공__KOR2068__한국어의사소통.pdf,,20
H0002256,H0002794,국어국문학과,KOR2071,한국어단어의세계,2026,1,2012/1 ~ 2028/2,국어국문학(학부-인문과/서울),30.43,13.04,30.43,8.7,17.39,,,,,,,,7,3,7,2,4,,,,,,,,ok,outputs/pdfs_full/국어국문학과__KOR2071__한국어단어의세계.pdf,,23
H0002256,H0002794,국어국문학과,KOR2072,현대명작감상,2025,2,2014/1 ~ 2028/2,국어국문학(학부-인문과/서울),36.67,6.67,43.33,,13.33,,,,,,,,11,2,13,,4,,,,,,,,ok,outputs/pdfs_full/국어국문학과__KOR2072__현대명작감상.pdf,,30
H0002256,H0002719,국어교육과,KOR2073,미디어시대의문학읽기,2025,1,2017/1 ~ 2025/2,국어교육과(학부/서울),26.67,53.33,6.67,13.33,,,,,,,,,4,8,1,2,,,,,,,,,ok,outputs/pdfs_full/국어교육과__KOR2073__미디어시대의문학읽기.pdf,,15
H0002256,H0002719,국어교육과,KOR2074,고전시가작품론,2026,1,2017/1 ~ 2028/2,국어교육과(학부/서울),38.89,44.44,5.56,11.11,,,,,,,,,7,8,1,2,,,,,,,,,ok,outputs/pdfs_full/국어교육과__KOR2074__고전시가작품론.pdf,,18
H0002256,H0002794,국어국문학과,KOR3002,현대시론,2020,1,1990/1 ~ 1997/2,국어국문학(학부-인문과/서울),24.14,31.03,34.48,3.45,3.45,,3.45,,,,,,7,9,10,1,1,,1,,,,,,ok,outputs/pdfs_full/국어국문학과__KOR3002__현대시론.pdf,,29
H0002256,H0002794,국어국문학과,KOR3004,국어음운론,2026,1,1990/1 ~ 1997/2,국어국문학(학부-인문과/서울),36.36,,45.45,18.18,,,,,,,,,4,,5,2,,,,,,,,,ok,outputs/pdfs_full/국어국문학과__KOR3004__국어음운론.pdf,,11
H0002256,H0002719,국어교육과,KOR3005,고전시가론,2016,2,1991/1 ~ 2016/2,국어교육과(학부/서울),31.82,9.09,22.73,13.64,9.09,13.64,,,,,,,7,2,5,3,2,3,,,,,,,ok,outputs/pdfs_full/국어교육과__KOR3005__고전시가론.pdf,,22
H0002256,H0002794,국어국문학과,KOR3006,국어사,2025,2,1991/1 ~ 1998/2,국어국문학(학부-인문과/서울),25,15,30,5,20,,5,,,,,,5,3,6,1,4,,1,,,,,,ok,outputs/pdfs_full/국어국문학과__KOR3006__국어사.pdf,,20
H0002256,H0002794,국어국문학과,KOR3013,고전문학강독,2017,2,1992/1 ~ 1997/2,국어국문학(학부-인문과/서울),24,12,36,12,12,,4,,,,,,6,3,9,3,3,,1,,,,,,ok,outputs/pdfs_full/국어국문학과__KOR3013__고전문학강독.pdf,,25
H0002256,H0002794,국어국문학과,KOR3026,텍스트이해의이론과실제,2026,1,2007/1 ~ 2029/2,국어국문학(학부-인문과/서울),40,,60,,,,,,,,,,4,,6,,,,,,,,,,ok,outputs/pdfs_full/국어국문학과__KOR3026__텍스트이해의이론과실제.pdf,,10
H0002256,H0002794,국어국문학과,KOR3031,한시의감상과이해,2026,1,2015/1 ~ 2029/2,국어국문학(학부-인문과/서울),26.67,13.33,33.33,13.33,13.33,,,,,,,,4,2,5,2,2,,,,,,,,ok,outputs/pdfs_full/국어국문학과__KOR3031__한시의감상과이해.pdf,,15
H0002256,H0002794,국어국문학과,KOR3040,대화와텍스트분석,2018,1,2008/1 ~ 2018/2,국어국문학(학부-인문과/서울),38.89,2.78,41.67,,16.67,,,,,,,,14,1,15,,6,,,,,,,,ok,outputs/pdfs_full/국어국문학과__KOR3040__대화와텍스트분석.pdf,,36
H0002256,H0002794,국어국문학과,KOR3048,한국어의미론,2025,2,2007/1 ~ 2029/2,국어국문학(학부-인문과/서울),39.58,14.58,10.42,10.42,18.75,6.25,,,,,,,19,7,5,5,9,3,,,,,,,ok,outputs/pdfs_full/국어국문학과__KOR3048__한국어의미론.pdf,,48
H0002256,H0002794,국어국문학과,KOR3064,한국문학의역사2,2025,1,2007/1 ~ 2029/2,국어국문학(학부-인문과/서울),23.08,15.38,30.77,7.69,15.38,3.85,3.85,,,,,,6,4,8,2,4,1,1,,,,,,ok,outputs/pdfs_full/국어국문학과__KOR3064__한국문학의역사2.pdf,,26
H0002256,H0002794,국어국문학과,KOR3065,생활속의한국어자료해석,2026,1,2007/1 ~ 2029/2,국어국문학(학부-인문과/서울),33.33,,40,,20,,,6.67,,,,,5,,6,,3,,,1,,,,,ok,outputs/pdfs_full/국어국문학과__KOR3065__생활속의한국어자료해석.pdf,,15
H0002256,H0002794,국어국문학과,KOR3067,철학으로읽는한국문학,2026,1,2007/1 ~ 2029/2,국어국문학(학부-인문과/서울),20.69,17.24,37.93,,17.24,,,,,3.45,3.45,,6,5,11,,5,,,,,1,1,,ok,outputs/pdfs_full/국어국문학과__KOR3067__철학으로읽는한국문학.pdf,,29
H0002256,H0002794,국어국문학과,KOR3068,역사속의한국어변화해독,2025,2,2007/1 ~ 2029/2,국어국문학(학부-인문과/서울),21.05,21.05,36.84,,15.79,,5.26,,,,,,4,4,7,,3,,1,,,,,,ok,outputs/pdfs_full/국어국문학과__KOR3068__역사속의한국어변화해독.pdf,,19
H0002256,H0002794,국어국문학과,KOR3069,창의적시쓰기와철학적해석,2025,2,2007/1 ~ 2029/2,국어국문학(학부-인문과/서울),40,,40,,20,,,,,,,,12,,12,,6,,,,,,,,ok,outputs/pdfs_full/국어국문학과__KOR3069__창의적시쓰기와철학적해석.pdf,,30
H0002256,H0002794,국어국문학과,KOR3070,동서양신화읽기,2025,2,2007/1 ~ 2029/2,국어국문학(학부-인문과/서울),38.46,3.85,26.92,15.38,3.85,11.54,,,,,,,10,1,7,4,1,3,,,,,,,ok,outputs/pdfs_full/국어국문학과__KOR3070__동서양신화읽기.pdf,,26
H0002256,H0002794,국어국문학과,KOR3071,국문인의미래학,2017,2,2007/1 ~ 2017/2,국어국문학(학부-인문과/서울),39.39,,39.39,,21.21,,,,,,,,13,,13,,7,,,,,,,,ok,outputs/pdfs_full/국어국문학과__KOR3071__국문인의미래학.pdf,,33
H0002256,H0002794,국어국문학과,KOR3072,문학텍스트의상징재해석,2025,2,2007/1 ~ 2029/2,국어국문학(학부-인문과/서울),22.22,15.56,40,4.44,11.11,6.67,,,,,,,10,7,18,2,5,3,,,,,,,ok,outputs/pdfs_full/국어국문학과__KOR3072__문학텍스트의상징재해석.pdf,,45
H0002256,H0002794,국어국문학과,KOR3074,4차산업혁명시대의문예비평,2025,2,2007/1 ~ 2028/2,국어국문학(학부-인문과/서울),41.67,,58.33,,,,,,,,,,5,,7,,,,,,,,,,ok,outputs/pdfs_full/국어국문학과__KOR3074__4차산업혁명시대의문예비평.pdf,,12
H0002256,H0002794,국어국문학과,KOR3079,옛사람의시와노래,2025,2,2015/1 ~ 2029/2,국어국문학(학부-인문과/서울),30,10,30,30,,,,,,,,,3,1,3,3,,,,,,,,,ok,outputs/pdfs_full/국어국문학과__KOR3079__옛사람의시와노래.pdf,,10
H0002256,H0002794,국어국문학과,KOR4009,국어의미론,2021,1,1992/1 ~ 1998/2,국어국문학(학부-인문과/서울),52.94,29.41,11.76,,5.88,,,,,,,,9,5,2,,1,,,,,,,,ok,outputs/pdfs_full/국어국문학과__KOR4009__국어의미론.pdf,,17
H0002256,H0002719,국어교육과,KOR4019,국어화용론,2022,1,1997/1 ~ 2022/2,국어교육과(학부/서울),62.5,25,12.5,,,,,,,,,,5,2,1,,,,,,,,,,ok,outputs/pdfs_full/국어교육과__KOR4019__국어화용론.pdf,,8
H0002256,H0002794,국어국문학과,KOR4035,한국문학과동아시아적사유를통한재해석,2025,2,2008/1 ~ 2030/2,국어국문학(학부-인문과/서울),38.1,,38.1,,23.81,,,,,,,,8,,8,,5,,,,,,,,ok,outputs/pdfs_full/국어국문학과__KOR4035__한국문학과동아시아적사유를통한재해석.pdf,,21
H0002256,H0002794,국어국문학과,KOR4048,상황속의한국어실제통찰,2026,1,2008/1 ~ 2030/2,국어국문학(학부-인문과/서울),57.58,12.12,6.06,24.24,,,,,,,,,19,4,2,8,,,,,,,,,ok,outputs/pdfs_full/국어국문학과__KOR4048__상황속의한국어실제통찰.pdf,,33
H0002256,H0002256,서울 대학,KOR4056,소설과영화,2026,1,2002/1 ~ 2027/2,대학(학부/서울),30,,40,,24,6,,,,,,,15,,20,,12,3,,,,,,,ok,outputs/pdfs_seoul_university/서울_대학__KOR4056__소설과영화.pdf,,50
H0002256,H0002794,국어국문학과,KOR4060,현대소설창작과감상,2026,1,2008/1 ~ 2030/2,국어국문학(학부-인문과/서울),42.11,,42.11,,15.79,,,,,,,,16,,16,,6,,,,,,,,ok,outputs/pdfs_full/국어국문학과__KOR4060__현대소설창작과감상.pdf,,38
H0002256,H0002794,국어국문학과,KOR4062,문화기호로서사읽기,2022,2,2008/1 ~ 2022/2,국어국문학(학부-인문과/서울),26.67,13.33,40,20,,,,,,,,,4,2,6,3,,,,,,,,,ok,outputs/pdfs_full/국어국문학과__KOR4062__문화기호로서사읽기.pdf,,15
H0002256,H0002794,국어국문학과,KOR4065,한국문학과근대과학,2018,2,2008/1 ~ 2018/2,국어국문학(학부-인문과/서울),42.86,,35.71,21.43,,,,,,,,,6,,5,3,,,,,,,,,ok,outputs/pdfs_full/국어국문학과__KOR4065__한국문학과근대과학.pdf,,14
H0002256,H0003725,한중통번역전공,KOR4066,무역한국어,2026,1,2019/1 ~ 2022/2,한중통번역전공,42.86,,28.57,7.14,21.43,,,,,,,,6,,4,1,3,,,,,,,,ok,outputs/pdfs_full/한중통번역전공__KOR4066__무역한국어.pdf,,14
H0002256,H0002794,국어국문학과,KOR4071,국어국문학캡스톤디자인1,2013,1,2012/1 ~ 2018/2,국어국문학(학부-인문과/서울),50,30,20,,,,,,,,,,5,3,2,,,,,,,,,,ok,outputs/pdfs_full/국어국문학과__KOR4071__국어국문학캡스톤디자인1.pdf,,10
H0002256,H0002794,국어국문학과,KOR4072,국어국문학캡스톤디자인2,2013,2,2012/1 ~ 2018/2,국어국문학(학부-인문과/서울),27.27,9.09,54.55,9.09,,,,,,,,,3,1,6,1,,,,,,,,,ok,outputs/pdfs_full/국어국문학과__KOR4072__국어국문학캡스톤디자인2.pdf,,11
H0002256,H0002794,국어국문학과,KOR4073,문학으로역사읽기,2024,1,2016/1 ~ 2030/2,국어국문학(학부-인문과/서울),31.25,6.25,31.25,12.5,6.25,12.5,,,,,,,5,1,5,2,1,2,,,,,,,ok,outputs/pdfs_full/국어국문학과__KOR4073__문학으로역사읽기.pdf,,16
H0002256,H0002794,국어국문학과,KOR4074,언어와의사소통,2022,2,2016/1 ~ 2022/2,국어국문학(학부-인문과/서울),55.56,22.22,22.22,,,,,,,,,,5,2,2,,,,,,,,,,ok,outputs/pdfs_full/국어국문학과__KOR4074__언어와의사소통.pdf,,9
H0002256,H0002794,국어국문학과,KOR4075,지역속의한국어모습이해,2025,2,2016/1 ~ 2030/2,국어국문학(학부-인문과/서울),40.63,,37.5,,18.75,,3.13,,,,,,13,,12,,6,,1,,,,,,ok,outputs/pdfs_full/국어국문학과__KOR4075__지역속의한국어모습이해.pdf,,32
H0002256,H0002794,국어국문학과,KOR4081,영상내러티브를통한문화연구,2026,1,2026/1 ~ 2029/2,국어국문학(학부-인문과/서울),32.65,6.12,42.86,,18.37,,,,,,,,16,3,21,,9,,,,,,,,ok,outputs/pdfs_full/국어국문학과__KOR4081__영상내러티브를통한문화연구.pdf,,49
H0002256,H0002737,성악과,KTM1001,국악개론1,2026,1,1995/1 ~ 1998/2,성악과(학부/서울),17.24,20.69,24.14,17.24,13.79,3.45,,,,3.45,,,5,6,7,5,4,1,,,,1,,,ok,outputs/pdfs_full/성악과__KTM1001__국악개론1.pdf,,29
H0002256,H0002737,성악과,KTM1002,국악개론 2,2025,2,1995/1 ~ 1998/2,성악과(학부/서울),23.33,16.67,16.67,23.33,13.33,3.33,,,,3.33,,,7,5,5,7,4,1,,,,1,,,ok,outputs/pdfs_full/성악과__KTM1002__국악개론_2.pdf,,30
H0002256,H0002741,국악과,KTM1013,국악총론1,2026,1,1989/1 ~ 2029/2,국악과(학부/서울),66.67,33.33,,,,,,,,,,,6,3,,,,,,,,,,,ok,outputs/pdfs_full/국악과__KTM1013__국악총론1.pdf,,9
H0002256,H0002741,국악과,KTM1014,국악총론2,2025,2,1989/1 ~ 2029/2,국악과(학부/서울),38.46,,30.77,30.77,,,,,,,,,5,,4,4,,,,,,,,,ok,outputs/pdfs_full/국악과__KTM1014__국악총론2.pdf,,13
H0002256,H0002741,국악과,KTM1053,국악전공실기1,2026,1,1999/1 ~ 2027/2,국악과(학부/서울),20,46.67,33.33,,,,,,,,,,6,14,10,,,,,,,,,,ok,outputs/pdfs_full/국악과__KTM1053__국악전공실기1.pdf,,30
H0002256,H0002741,국악과,KTM1054,국악전공실기2,2025,2,1999/1 ~ 2027/2,국악과(학부/서울),7.69,42.31,34.62,15.38,,,,,,,,,2,11,9,4,,,,,,,,,ok,outputs/pdfs_full/국악과__KTM1054__국악전공실기2.pdf,,26
H0002256,H0002741,국악과,KTM1071,국악성악세미나1,2015,1,2009/1 ~ 2015/2,국악과(학부/서울),25,75,,,,,,,,,,,1,3,,,,,,,,,,,ok,outputs/pdfs_full/국악과__KTM1071__국악성악세미나1.pdf,,4
H0002256,H0002741,국악과,KTM1072,국악성악세미나2,2015,2,2009/1 ~ 2015/2,국악과(학부/서울),25,75,,,,,,,,,,,1,3,,,,,,,,,,,ok,outputs/pdfs_full/국악과__KTM1072__국악성악세미나2.pdf,,4
H0002256,H0002741,국악과,KTM1073,국악이론세미나1,2015,1,2009/1 ~ 2015/2,국악과(학부/서울),100,,,,,,,,,,,,2,,,,,,,,,,,,ok,outputs/pdfs_full/국악과__KTM1073__국악이론세미나1.pdf,,2
H0002256,H0002741,국악과,KTM1074,국악이론세미나2,2015,2,2009/1 ~ 2015/2,국악과(학부/서울),66.67,33.33,,,,,,,,,,,2,1,,,,,,,,,,,ok,outputs/pdfs_full/국악과__KTM1074__국악이론세미나2.pdf,,3
H0002256,H0002741,국악과,KTM1075,국악작곡세미나1,2015,1,2009/1 ~ 2015/2,국악과(학부/서울),100,,,,,,,,,,,,2,,,,,,,,,,,,ok,outputs/pdfs_full/국악과__KTM1075__국악작곡세미나1.pdf,,2
H0002256,H0002741,국악과,KTM1076,국악작곡세미나2,2015,2,2009/1 ~ 2015/2,국악과(학부/서울),100,,,,,,,,,,,,2,,,,,,,,,,,,ok,outputs/pdfs_full/국악과__KTM1076__국악작곡세미나2.pdf,,2
H0002256,H0002741,국악과,KTM1078,관악기합주1,2015,1,2013/1 ~ 2015/2,국악과(학부/서울),100,,,,,,,,,,,,16,,,,,,,,,,,,ok,outputs/pdfs_full/국악과__KTM1078__관악기합주1.pdf,,16
H0002256,H0002741,국악과,KTM1079,현악기합주1,2015,1,2013/1 ~ 2015/2,국악과(학부/서울),33.33,58.33,8.33,,,,,,,,,,4,7,1,,,,,,,,,,ok,outputs/pdfs_full/국악과__KTM1079__현악기합주1.pdf,,12
H0002256,H0002741,국악과,KTM1080,타악기실기1,2019,1,2013/1 ~ 2019/2,국악과(학부/서울),33.33,48.48,18.18,,,,,,,,,,11,16,6,,,,,,,,,,ok,outputs/pdfs_full/국악과__KTM1080__타악기실기1.pdf,,33
H0002256,H0002741,국악과,KTM1081,관악기합주2,2015,2,2013/1 ~ 2015/2,국악과(학부/서울),87.5,6.25,6.25,,,,,,,,,,14,1,1,,,,,,,,,,ok,outputs/pdfs_full/국악과__KTM1081__관악기합주2.pdf,,16
H0002256,H0002741,국악과,KTM1082,현악기합주2,2015,2,2013/1 ~ 2015/2,국악과(학부/서울),25,66.67,8.33,,,,,,,,,,3,8,1,,,,,,,,,,ok,outputs/pdfs_full/국악과__KTM1082__현악기합주2.pdf,,12
H0002256,H0002741,국악과,KTM1083,타악기실기2,2019,2,2013/1 ~ 2019/2,국악과(학부/서울),32.26,64.52,,,3.23,,,,,,,,10,20,,,1,,,,,,,,ok,outputs/pdfs_full/국악과__KTM1083__타악기실기2.pdf,,31
H0002256,H0002737,성악과,KTM1084,국악개론및감상1,2026,1,2013/1 ~ 2015/2,성악과(학부/서울),22.22,22.22,33.33,22.22,,,,,,,,,2,2,3,2,,,,,,,,,ok,outputs/pdfs_full/성악과__KTM1084__국악개론및감상1.pdf,,9
H0002256,H0002737,성악과,KTM1085,국악개론및감상2,2021,2,2013/1 ~ 2015/2,성악과(학부/서울),44.44,,44.44,11.11,,,,,,,,,4,,4,1,,,,,,,,,ok,outputs/pdfs_full/성악과__KTM1085__국악개론및감상2.pdf,,9
H0002256,H0002741,국악과,KTM1086,국악실습1,2026,1,2016/1 ~ 2027/2,국악과(학부/서울),66.67,23.33,10,,,,,,,,,,20,7,3,,,,,,,,,,ok,outputs/pdfs_full/국악과__KTM1086__국악실습1.pdf,,30
H0002256,H0002741,국악과,KTM1087,정악합주1,2026,1,2016/1 ~ 2027/2,국악과(학부/서울),72.73,27.27,,,,,,,,,,,16,6,,,,,,,,,,,ok,outputs/pdfs_full/국악과__KTM1087__정악합주1.pdf,,22
H0002256,H0002741,국악과,KTM1088,국악가창,2019,2,2016/2 ~ 2019/2,국악과(학부/서울),41.94,48.39,3.23,6.45,,,,,,,,,13,15,1,2,,,,,,,,,ok,outputs/pdfs_full/국악과__KTM1088__국악가창.pdf,,31
H0002256,H0002741,국악과,KTM1089,국악실습2,2025,2,2016/1 ~ 2027/2,국악과(학부/서울),88,4,4,4,,,,,,,,,22,1,1,1,,,,,,,,,ok,outputs/pdfs_full/국악과__KTM1089__국악실습2.pdf,,25
H0002256,H0002741,국악과,KTM1090,정악합주2,2025,2,2016/1 ~ 2027/2,국악과(학부/서울),81.25,6.25,12.5,,,,,,,,,,13,1,2,,,,,,,,,,ok,outputs/pdfs_full/국악과__KTM1090__정악합주2.pdf,,16
H0002256,H0002741,국악과,KTM1091,세계악기론,2026,1,2020/1 ~ 2027/2,국악과(학부/서울),30,,46.67,3.33,20,,,,,,,,9,,14,1,6,,,,,,,,ok,outputs/pdfs_full/국악과__KTM1091__세계악기론.pdf,,30
H0002256,H0002741,국악과,KTM2003,국악관현악1,2015,1,2009/1 ~ 2015/2,국악과(학부/서울),89.29,10.71,,,,,,,,,,,25,3,,,,,,,,,,,ok,outputs/pdfs_full/국악과__KTM2003__국악관현악1.pdf,,28
H0002256,H0002741,국악과,KTM2004,국악관현악2,2015,2,2009/1 ~ 2015/2,국악과(학부/서울),78.57,10.71,7.14,,3.57,,,,,,,,22,3,2,,1,,,,,,,,ok,outputs/pdfs_full/국악과__KTM2004__국악관현악2.pdf,,28
H0002256,H0002741,국악과,KTM2005,국악실내악1,2026,1,1990/1 ~ 2027/2,국악과(학부/서울),66.67,26.67,6.67,,,,,,,,,,20,8,2,,,,,,,,,,ok,outputs/pdfs_full/국악과__KTM2005__국악실내악1.pdf,,30
H0002256,H0002741,국악과,KTM2006,국악실내악2,2025,2,1990/1 ~ 2027/2,국악과(학부/서울),79.31,20.69,,,,,,,,,,,23,6,,,,,,,,,,,ok,outputs/pdfs_full/국악과__KTM2006__국악실내악2.pdf,,29
H0002256,H0002741,국악과,KTM2007,국악가창1,2015,1,1989/1 ~ 2015/2,국악과(학부/서울),30.56,,36.11,,22.22,11.11,,,,,,,11,,13,,8,4,,,,,,,ok,outputs/pdfs_full/국악과__KTM2007__국악가창1.pdf,,36
H0002256,H0002741,국악과,KTM2008,국악가창2,2015,2,1989/1 ~ 2015/2,국악과(학부/서울),24.32,5.41,37.84,,32.43,,,,,,,,9,2,14,,12,,,,,,,,ok,outputs/pdfs_full/국악과__KTM2008__국악가창2.pdf,,37
H0002256,H0002741,국악과,KTM2009,국악문헌1,2026,1,1990/1 ~ 2030/2,국악과(학부/서울),30.77,7.69,38.46,15.38,7.69,,,,,,,,4,1,5,2,1,,,,,,,,ok,outputs/pdfs_full/국악과__KTM2009__국악문헌1.pdf,,13
H0002256,H0002741,국악과,KTM2010,국악문헌2,2025,2,1990/1 ~ 2030/2,국악과(학부/서울),50,,12.5,,12.5,12.5,12.5,,,,,,4,,1,,1,1,1,,,,,,ok,outputs/pdfs_full/국악과__KTM2010__국악문헌2.pdf,,8
H0002256,H0002741,국악과,KTM2013,국악특수악기1,2026,1,1989/1 ~ 2028/2,국악과(학부/서울),95,5,,,,,,,,,,,19,1,,,,,,,,,,,ok,outputs/pdfs_full/국악과__KTM2013__국악특수악기1.pdf,,20
H0002256,H0002741,국악과,KTM2014,국악특수악기2,2025,2,1989/1 ~ 2028/2,국악과(학부/서울),68.18,27.27,4.55,,,,,,,,,,15,6,1,,,,,,,,,,ok,outputs/pdfs_full/국악과__KTM2014__국악특수악기2.pdf,,22
H0002256,H0002741,국악과,KTM2033,국악전공실기3,2026,1,1999/1 ~ 2028/2,국악과(학부/서울),14.81,55.56,25.93,3.7,,,,,,,,,4,15,7,1,,,,,,,,,ok,outputs/pdfs_full/국악과__KTM2033__국악전공실기3.pdf,,27
H0002256,H0002741,국악과,KTM2034,국악전공실기4,2025,2,1999/1 ~ 2028/2,국악과(학부/서울),7.69,65.38,26.92,,,,,,,,,,2,17,7,,,,,,,,,,ok,outputs/pdfs_full/국악과__KTM2034__국악전공실기4.pdf,,26
H0002256,H0002741,국악과,KTM2040,전통무용실습1,2015,1,2006/1 ~ 2015/2,국악과(학부/서울),38.71,,16.13,25.81,19.35,,,,,,,,12,,5,8,6,,,,,,,,ok,outputs/pdfs_full/국악과__KTM2040__전통무용실습1.pdf,,31
H0002256,H0002741,국악과,KTM2044,전통무용실습2,2015,2,2006/1 ~ 2015/2,국악과(학부/서울),40,,45,,15,,,,,,,,8,,9,,3,,,,,,,,ok,outputs/pdfs_full/국악과__KTM2044__전통무용실습2.pdf,,20
H0002256,H0002741,국악과,KTM2071,국악성악세미나3,2016,1,2010/1 ~ 2016/2,국악과(학부/서울),75,25,,,,,,,,,,,3,1,,,,,,,,,,,ok,outputs/pdfs_full/국악과__KTM2071__국악성악세미나3.pdf,,4
H0002256,H0002741,국악과,KTM2072,국악성악세미나4,2016,2,2010/1 ~ 2016/2,국악과(학부/서울),100,,,,,,,,,,,,4,,,,,,,,,,,,ok,outputs/pdfs_full/국악과__KTM2072__국악성악세미나4.pdf,,4
H0002256,H0002741,국악과,KTM2073,국악이론세미나3,2016,1,2010/1 ~ 2016/2,국악과(학부/서울),66.67,33.33,,,,,,,,,,,2,1,,,,,,,,,,,ok,outputs/pdfs_full/국악과__KTM2073__국악이론세미나3.pdf,,3
H0002256,H0002741,국악과,KTM2074,국악이론세미나4,2016,2,2010/1 ~ 2016/2,국악과(학부/서울),66.67,33.33,,,,,,,,,,,2,1,,,,,,,,,,,ok,outputs/pdfs_full/국악과__KTM2074__국악이론세미나4.pdf,,3
H0002256,H0002741,국악과,KTM2075,국악작곡세미나3,2016,1,2010/1 ~ 2016/2,국악과(학부/서울),50,50,,,,,,,,,,,1,1,,,,,,,,,,,ok,outputs/pdfs_full/국악과__KTM2075__국악작곡세미나3.pdf,,2
H0002256,H0002741,국악과,KTM2076,국악작곡세미나4,2016,2,2010/1 ~ 2016/2,국악과(학부/서울),50,50,,,,,,,,,,,1,1,,,,,,,,,,,ok,outputs/pdfs_full/국악과__KTM2076__국악작곡세미나4.pdf,,2
H0002256,H0002741,국악과,KTM2077,관악기합주3,2016,1,2014/1 ~ 2016/2,국악과(학부/서울),50,43.75,6.25,,,,,,,,,,8,7,1,,,,,,,,,,ok,outputs/pdfs_full/국악과__KTM2077__관악기합주3.pdf,,16
H0002256,H0002741,국악과,KTM2078,현악기합주3,2016,1,2014/1 ~ 2016/2,국악과(학부/서울),66.67,33.33,,,,,,,,,,,8,4,,,,,,,,,,,ok,outputs/pdfs_full/국악과__KTM2078__현악기합주3.pdf,,12
H0002256,H0002741,국악과,KTM2079,정가와반주실기1,2016,1,2014/1 ~ 2016/2,국악과(학부/서울),25,13.89,41.67,,19.44,,,,,,,,9,5,15,,7,,,,,,,,ok,outputs/pdfs_full/국악과__KTM2079__정가와반주실기1.pdf,,36
H0002256,H0002741,국악과,KTM2080,화성및대위법1,2016,1,2014/1 ~ 2016/2,국악과(학부/서울),40,,40,,20,,,,,,,,8,,8,,4,,,,,,,,ok,outputs/pdfs_full/국악과__KTM2080__화성및대위법1.pdf,,20
H0002256,H0002741,국악과,KTM2081,관악기합주4,2016,2,2014/1 ~ 2016/2,국악과(학부/서울),52.94,47.06,,,,,,,,,,,9,8,,,,,,,,,,,ok,outputs/pdfs_full/국악과__KTM2081__관악기합주4.pdf,,17
H0002256,H0002741,국악과,KTM2082,현악기합주4,2016,2,2014/1 ~ 2016/2,국악과(학부/서울),66.67,33.33,,,,,,,,,,,8,4,,,,,,,,,,,ok,outputs/pdfs_full/국악과__KTM2082__현악기합주4.pdf,,12
H0002256,H0002741,국악과,KTM2083,정가와반주실기2,2016,2,2014/1 ~ 2016/2,국악과(학부/서울),42.86,,39.29,,14.29,,3.57,,,,,,12,,11,,4,,1,,,,,,ok,outputs/pdfs_full/국악과__KTM2083__정가와반주실기2.pdf,,28
H0002256,H0002741,국악과,KTM2084,화성및대위법2,2016,2,2014/1 ~ 2016/2,국악과(학부/서울),46.15,,23.08,15.38,7.69,7.69,,,,,,,6,,3,2,1,1,,,,,,,ok,outputs/pdfs_full/국악과__KTM2084__화성및대위법2.pdf,,13
H0002256,H0002741,국악과,KTM2085,국악실습3,2026,1,2017/1 ~ 2028/2,국악과(학부/서울),73.08,15.38,,7.69,3.85,,,,,,,,19,4,,2,1,,,,,,,,ok,outputs/pdfs_full/국악과__KTM2085__국악실습3.pdf,,26
H0002256,H0002741,국악과,KTM2086,기악및성악합주1,2020,1,2017/1 ~ 2020/2,국악과(학부/서울),80.77,11.54,7.69,,,,,,,,,,21,3,2,,,,,,,,,,ok,outputs/pdfs_full/국악과__KTM2086__기악및성악합주1.pdf,,26
H0002256,H0002741,국악과,KTM2087,정가실습1,2026,1,2017/1 ~ 2028/2,국악과(학부/서울),25,50,18.75,,6.25,,,,,,,,4,8,3,,1,,,,,,,,ok,outputs/pdfs_full/국악과__KTM2087__정가실습1.pdf,,16
H0002256,H0002741,국악과,KTM2088,정악합주3,2026,1,2017/1 ~ 2028/2,국악과(학부/서울),77.78,5.56,16.67,,,,,,,,,,14,1,3,,,,,,,,,,ok,outputs/pdfs_full/국악과__KTM2088__정악합주3.pdf,,18
H0002256,H0002741,국악과,KTM2089,국악실습4,2025,2,2017/1 ~ 2028/2,국악과(학부/서울),80,16,,4,,,,,,,,,20,4,,1,,,,,,,,,ok,outputs/pdfs_full/국악과__KTM2089__국악실습4.pdf,,25
H0002256,H0002741,국악과,KTM2090,기악및성악합주2,2020,2,2017/1 ~ 2020/2,국악과(학부/서울),76,16,,8,,,,,,,,,19,4,,2,,,,,,,,,ok,outputs/pdfs_full/국악과__KTM2090__기악및성악합주2.pdf,,25
H0002256,H0002741,국악과,KTM2091,정가실습2,2025,2,2017/1 ~ 2028/2,국악과(학부/서울),7.69,46.15,38.46,7.69,,,,,,,,,1,6,5,1,,,,,,,,,ok,outputs/pdfs_full/국악과__KTM2091__정가실습2.pdf,,13
H0002256,H0002741,국악과,KTM2092,정악합주4,2025,2,2017/1 ~ 2028/2,국악과(학부/서울),72.22,22.22,5.56,,,,,,,,,,13,4,1,,,,,,,,,,ok,outputs/pdfs_full/국악과__KTM2092__정악합주4.pdf,,18
H0002256,H0002741,국악과,KTM2093,국악관현실습2,2025,2,2021/1 ~ 2028/2,국악과(학부/서울),65,35,,,,,,,,,,,13,7,,,,,,,,,,,ok,outputs/pdfs_full/국악과__KTM2093__국악관현실습2.pdf,,20
H0002256,H0002741,국악과,KTM2094,공연예술산업1,2026,1,2021/1 ~ 2028/2,국악과(학부/서울),100,,,,,,,,,,,,23,,,,,,,,,,,,ok,outputs/pdfs_full/국악과__KTM2094__공연예술산업1.pdf,,23
H0002256,H0002741,국악과,KTM2095,공연예술산업2,2025,2,2021/1 ~ 2028/2,국악과(학부/서울),100,,,,,,,,,,,,21,,,,,,,,,,,,ok,outputs/pdfs_full/국악과__KTM2095__공연예술산업2.pdf,,21
H0002256,H0002741,국악과,KTM2096,국악관현실습1,2026,1,2021/1 ~ 2028/2,국악과(학부/서울),76.19,23.81,,,,,,,,,,,16,5,,,,,,,,,,,ok,outputs/pdfs_full/국악과__KTM2096__국악관현실습1.pdf,,21
H0002256,H0002741,국악과,KTM3003,국악관현악3,2016,1,2010/1 ~ 2016/2,국악과(학부/서울),89.29,10.71,,,,,,,,,,,25,3,,,,,,,,,,,ok,outputs/pdfs_full/국악과__KTM3003__국악관현악3.pdf,,28
H0002256,H0002741,국악과,KTM3004,국악관현악4,2016,2,2010/1 ~ 2016/2,국악과(학부/서울),92.86,7.14,,,,,,,,,,,26,2,,,,,,,,,,,ok,outputs/pdfs_full/국악과__KTM3004__국악관현악4.pdf,,28
H0002256,H0002741,국악과,KTM3005,국악실내악3,2026,1,1991/1 ~ 2028/2,국악과(학부/서울),73.08,15.38,3.85,7.69,,,,,,,,,19,4,1,2,,,,,,,,,ok,outputs/pdfs_full/국악과__KTM3005__국악실내악3.pdf,,26
H0002256,H0002741,국악과,KTM3006,국악실내악4,2025,2,1991/1 ~ 2028/2,국악과(학부/서울),80,15,5,,,,,,,,,,16,3,1,,,,,,,,,,ok,outputs/pdfs_full/국악과__KTM3006__국악실내악4.pdf,,20
H0002256,H0002741,국악과,KTM3009,국악사1,2026,1,1991/1 ~ 2028/2,국악과(학부/서울),40,,30,,30,,,,,,,,8,,6,,6,,,,,,,,ok,outputs/pdfs_full/국악과__KTM3009__국악사1.pdf,,20
H0002256,H0002741,국악과,KTM3010,국악사2,2024,2,1991/1 ~ 2028/2,국악과(학부/서울),21.88,,25,25,28.13,,,,,,,,7,,8,8,9,,,,,,,,ok,outputs/pdfs_full/국악과__KTM3010__국악사2.pdf,,32
H0002256,H0002741,국악과,KTM3013,국악특수악기3,2026,1,1990/1 ~ 2029/2,국악과(학부/서울),84.21,15.79,,,,,,,,,,,16,3,,,,,,,,,,,ok,outputs/pdfs_full/국악과__KTM3013__국악특수악기3.pdf,,19
H0002256,H0002741,국악과,KTM3014,국악특수악기4,2025,2,1990/1 ~ 2029/2,국악과(학부/서울),88.89,5.56,5.56,,,,,,,,,,16,1,1,,,,,,,,,,ok,outputs/pdfs_full/국악과__KTM3014__국악특수악기4.pdf,,18
H0002256,H0002741,국악과,KTM3017,국악기론1,2021,1,1991/1 ~ 2021/2,국악과(학부/서울),38.89,,16.67,27.78,,11.11,5.56,,,,,,7,,3,5,,2,1,,,,,,ok,outputs/pdfs_full/국악과__KTM3017__국악기론1.pdf,,18
H0002256,H0002741,국악과,KTM3018,국악기론2,2018,2,1991/1 ~ 2021/2,국악과(학부/서울),16.67,16.67,25,16.67,16.67,8.33,,,,,,,2,2,3,2,2,1,,,,,,,ok,outputs/pdfs_full/국악과__KTM3018__국악기론2.pdf,,12
H0002256,H0002741,국악과,KTM3032,국악특수악기5,2026,1,1995/1 ~ 2030/2,국악과(학부/서울),80.95,19.05,,,,,,,,,,,17,4,,,,,,,,,,,ok,outputs/pdfs_full/국악과__KTM3032__국악특수악기5.pdf,,21
H0002256,H0002741,국악과,KTM3033,국악특수악기6,2025,2,1995/1 ~ 2030/2,국악과(학부/서울),100,,,,,,,,,,,,11,,,,,,,,,,,,ok,outputs/pdfs_full/국악과__KTM3033__국악특수악기6.pdf,,11
H0002256,H0002741,국악과,KTM3043,국악전공실기5,2026,1,1999/1 ~ 2029/2,국악과(학부/서울),21.74,65.22,13.04,,,,,,,,,,5,15,3,,,,,,,,,,ok,outputs/pdfs_full/국악과__KTM3043__국악전공실기5.pdf,,23
H0002256,H0002741,국악과,KTM3044,국악전공실기6,2025,2,1999/1 ~ 2029/2,국악과(학부/서울),5.56,63.89,27.78,2.78,,,,,,,,,2,23,10,1,,,,,,,,,ok,outputs/pdfs_full/국악과__KTM3044__국악전공실기6.pdf,,36
H0002256,H0002741,국악과,KTM3059,일반서양음악사1,2019,1,2007/1 ~ 2021/2,국악과(학부/서울),33.33,6.67,40,,20,,,,,,,,5,1,6,,3,,,,,,,,ok,outputs/pdfs_full/국악과__KTM3059__일반서양음악사1.pdf,,15
H0002256,H0002741,국악과,KTM3063,일반서양음악사2,2017,2,2007/1 ~ 2021/2,국악과(학부/서울),22.5,20,22.5,20,10,5,,,,,,,9,8,9,8,4,2,,,,,,,ok,outputs/pdfs_full/국악과__KTM3063__일반서양음악사2.pdf,,40
H0002256,H0002741,국악과,KTM3071,국악성악세미나5,2017,1,2011/1 ~ 2017/2,국악과(학부/서울),40,60,,,,,,,,,,,2,3,,,,,,,,,,,ok,outputs/pdfs_full/국악과__KTM3071__국악성악세미나5.pdf,,5
H0002256,H0002741,국악과,KTM3072,국악성악세미나6,2017,2,2011/1 ~ 2017/2,국악과(학부/서울),50,50,,,,,,,,,,,3,3,,,,,,,,,,,ok,outputs/pdfs_full/국악과__KTM3072__국악성악세미나6.pdf,,6
H0002256,H0002741,국악과,KTM3073,국악이론세미나5,2017,1,2011/1 ~ 2017/2,국악과(학부/서울),66.67,,33.33,,,,,,,,,,2,,1,,,,,,,,,,ok,outputs/pdfs_full/국악과__KTM3073__국악이론세미나5.pdf,,3
H0002256,H0002741,국악과,KTM3074,국악이론세미나6,2017,2,2011/1 ~ 2017/2,국악과(학부/서울),100,,,,,,,,,,,,3,,,,,,,,,,,,ok,outputs/pdfs_full/국악과__KTM3074__국악이론세미나6.pdf,,3
H0002256,H0002741,국악과,KTM3075,국악작곡세미나5,2017,1,2011/1 ~ 2017/2,국악과(학부/서울),100,,,,,,,,,,,,2,,,,,,,,,,,,ok,outputs/pdfs_full/국악과__KTM3075__국악작곡세미나5.pdf,,2
H0002256,H0002741,국악과,KTM3076,국악작곡세미나6,2017,2,2011/1 ~ 2017/2,국악과(학부/서울),100,,,,,,,,,,,,2,,,,,,,,,,,,ok,outputs/pdfs_full/국악과__KTM3076__국악작곡세미나6.pdf,,2
H0002256,H0002741,국악과,KTM3077,관악기합주5,2017,1,2015/1 ~ 2017/2,국악과(학부/서울),72.22,27.78,,,,,,,,,,,13,5,,,,,,,,,,,ok,outputs/pdfs_full/국악과__KTM3077__관악기합주5.pdf,,18
H0002256,H0002741,국악과,KTM3078,현악기합주5,2017,1,2015/1 ~ 2017/2,국악과(학부/서울),100,,,,,,,,,,,,10,,,,,,,,,,,,ok,outputs/pdfs_full/국악과__KTM3078__현악기합주5.pdf,,10
H0002256,H0002741,국악과,KTM3079,판소리와반주실기1,2017,1,2015/1 ~ 2017/2,국악과(학부/서울),35.29,41.18,11.76,,,5.88,5.88,,,,,,6,7,2,,,1,1,,,,,,ok,outputs/pdfs_full/국악과__KTM3079__판소리와반주실기1.pdf,,17
H0002256,H0002741,국악과,KTM3081,관악기합주6,2017,2,2015/1 ~ 2017/2,국악과(학부/서울),73.68,26.32,,,,,,,,,,,14,5,,,,,,,,,,,ok,outputs/pdfs_full/국악과__KTM3081__관악기합주6.pdf,,19
H0002256,H0002741,국악과,KTM3082,현악기합주6,2017,2,2015/1 ~ 2017/2,국악과(학부/서울),30.77,69.23,,,,,,,,,,,4,9,,,,,,,,,,,ok,outputs/pdfs_full/국악과__KTM3082__현악기합주6.pdf,,13
H0002256,H0002741,국악과,KTM3083,판소리와반주실기2,2017,2,2015/1 ~ 2017/2,국악과(학부/서울),54.17,37.5,4.17,,4.17,,,,,,,,13,9,1,,1,,,,,,,,ok,outputs/pdfs_full/국악과__KTM3083__판소리와반주실기2.pdf,,24
H0002256,H0002741,국악과,KTM3084,국악실습5,2026,1,2018/1 ~ 2029/2,국악과(학부/서울),57.14,28.57,9.52,4.76,,,,,,,,,12,6,2,1,,,,,,,,,ok,outputs/pdfs_full/국악과__KTM3084__국악실습5.pdf,,21
H0002256,H0002741,국악과,KTM3085,기악및성악합주3,2021,1,2018/1 ~ 2021/2,국악과(학부/서울),50,26.92,23.08,,,,,,,,,,13,7,6,,,,,,,,,,ok,outputs/pdfs_full/국악과__KTM3085__기악및성악합주3.pdf,,26
H0002256,H0002741,국악과,KTM3086,정악합주5,2026,1,2018/1 ~ 2029/2,국악과(학부/서울),85.71,14.29,,,,,,,,,,,12,2,,,,,,,,,,,ok,outputs/pdfs_full/국악과__KTM3086__정악합주5.pdf,,14
H0002256,H0002741,국악과,KTM3087,판소리실습1,2026,1,2018/1 ~ 2027/2,국악과(학부/서울),86.67,13.33,,,,,,,,,,,26,4,,,,,,,,,,,ok,outputs/pdfs_full/국악과__KTM3087__판소리실습1.pdf,,30
H0002256,H0002741,국악과,KTM3088,국악실습6,2025,2,2018/1 ~ 2029/2,국악과(학부/서울),81.25,9.38,3.13,,6.25,,,,,,,,26,3,1,,2,,,,,,,,ok,outputs/pdfs_full/국악과__KTM3088__국악실습6.pdf,,32
H0002256,H0002741,국악과,KTM3089,기악및성악합주4,2021,2,2018/1 ~ 2021/2,국악과(학부/서울),48,40,8,4,,,,,,,,,12,10,2,1,,,,,,,,,ok,outputs/pdfs_full/국악과__KTM3089__기악및성악합주4.pdf,,25
H0002256,H0002741,국악과,KTM3090,정악합주6,2025,2,2018/1 ~ 2029/2,국악과(학부/서울),100,,,,,,,,,,,,23,,,,,,,,,,,,ok,outputs/pdfs_full/국악과__KTM3090__정악합주6.pdf,,23
H0002256,H0002741,국악과,KTM3091,판소리실습2,2025,2,2018/1 ~ 2027/2,국악과(학부/서울),22.22,44.44,29.63,,3.7,,,,,,,,6,12,8,,1,,,,,,,,ok,outputs/pdfs_full/국악과__KTM3091__판소리실습2.pdf,,27
H0002256,H0002741,국악과,KTM3092,국악관현실습3,2026,1,2022/1 ~ 2029/2,국악과(학부/서울),90.48,9.52,,,,,,,,,,,19,2,,,,,,,,,,,ok,outputs/pdfs_full/국악과__KTM3092__국악관현실습3.pdf,,21
H0002256,H0002741,국악과,KTM4003,국악관현악5,2017,1,2011/1 ~ 2017/2,국악과(학부/서울),21.43,57.14,17.86,3.57,,,,,,,,,6,16,5,1,,,,,,,,,ok,outputs/pdfs_full/국악과__KTM4003__국악관현악5.pdf,,28
H0002256,H0002741,국악과,KTM4004,국악관현악6,2017,2,2011/1 ~ 2017/2,국악과(학부/서울),46.88,37.5,15.63,,,,,,,,,,15,12,5,,,,,,,,,,ok,outputs/pdfs_full/국악과__KTM4004__국악관현악6.pdf,,32
H0002256,H0002741,국악과,KTM4005,국악실내악5,2026,1,1992/1 ~ 2029/2,국악과(학부/서울),43.48,43.48,13.04,,,,,,,,,,10,10,3,,,,,,,,,,ok,outputs/pdfs_full/국악과__KTM4005__국악실내악5.pdf,,23
H0002256,H0002741,국악과,KTM4006,국악실내악6,2025,2,1992/1 ~ 2029/2,국악과(학부/서울),37.04,62.96,,,,,,,,,,,10,17,,,,,,,,,,,ok,outputs/pdfs_full/국악과__KTM4006__국악실내악6.pdf,,27
H0002256,H0002741,국악과,KTM4009,국악분석1,2017,1,1991/1 ~ 2017/2,국악과(학부/서울),35.14,5.41,29.73,5.41,8.11,5.41,5.41,5.41,,,,,13,2,11,2,3,2,2,2,,,,,ok,outputs/pdfs_full/국악과__KTM4009__국악분석1.pdf,,37
H0002256,H0002741,국악과,KTM4010,국악분석2,2017,2,1991/1 ~ 2017/2,국악과(학부/서울),41.46,,39.02,2.44,7.32,9.76,,,,,,,17,,16,1,3,4,,,,,,,ok,outputs/pdfs_full/국악과__KTM4010__국악분석2.pdf,,41
H0002256,H0002741,국악과,KTM4031,국악실내악7,2022,1,1996/1 ~ 2022/2,국악과(학부/서울),72.73,27.27,,,,,,,,,,,16,6,,,,,,,,,,,ok,outputs/pdfs_full/국악과__KTM4031__국악실내악7.pdf,,22
H0002256,H0002741,국악과,KTM4032,국악실내악8,2022,2,1996/1 ~ 2022/2,국악과(학부/서울),66.67,25,,,,8.33,,,,,,,8,3,,,,1,,,,,,,ok,outputs/pdfs_full/국악과__KTM4032__국악실내악8.pdf,,12
H0002256,H0002741,국악과,KTM4057,국악전공실기7,2026,1,1999/1 ~ 2030/2,국악과(학부/서울),20.59,50,29.41,,,,,,,,,,7,17,10,,,,,,,,,,ok,outputs/pdfs_full/국악과__KTM4057__국악전공실기7.pdf,,34
H0002256,H0002741,국악과,KTM4058,국악전공실기8,2025,2,1999/1 ~ 2030/2,국악과(학부/서울),8.33,87.5,,4.17,,,,,,,,,2,21,,1,,,,,,,,,ok,outputs/pdfs_full/국악과__KTM4058__국악전공실기8.pdf,,24
H0002256,H0002741,국악과,KTM4071,국악성악세미나7,2018,1,2012/1 ~ 2018/2,국악과(학부/서울),50,33.33,16.67,,,,,,,,,,3,2,1,,,,,,,,,,ok,outputs/pdfs_full/국악과__KTM4071__국악성악세미나7.pdf,,6
H0002256,H0002741,국악과,KTM4072,국악성악세미나8,2018,2,2012/1 ~ 2018/2,국악과(학부/서울),25,75,,,,,,,,,,,2,6,,,,,,,,,,,ok,outputs/pdfs_full/국악과__KTM4072__국악성악세미나8.pdf,,8
H0002256,H0002741,국악과,KTM4073,국악이론세미나7,2018,1,2012/1 ~ 2018/2,국악과(학부/서울),66.67,,,33.33,,,,,,,,,2,,,1,,,,,,,,,ok,outputs/pdfs_full/국악과__KTM4073__국악이론세미나7.pdf,,3
H0002256,H0002741,국악과,KTM4074,국악이론세미나8,2018,2,2012/1 ~ 2018/2,국악과(학부/서울),100,,,,,,,,,,,,2,,,,,,,,,,,,ok,outputs/pdfs_full/국악과__KTM4074__국악이론세미나8.pdf,,2
H0002256,H0002741,국악과,KTM4075,국악작곡세미나7,2018,1,2012/1 ~ 2018/2,국악과(학부/서울),100,,,,,,,,,,,,2,,,,,,,,,,,,ok,outputs/pdfs_full/국악과__KTM4075__국악작곡세미나7.pdf,,2
H0002256,H0002741,국악과,KTM4076,국악작곡세미나8,2018,2,2012/1 ~ 2018/2,국악과(학부/서울),100,,,,,,,,,,,,2,,,,,,,,,,,,ok,outputs/pdfs_full/국악과__KTM4076__국악작곡세미나8.pdf,,2
H0002256,H0002741,국악과,KTM4077,관악기합주7,2018,1,2016/1 ~ 2018/2,국악과(학부/서울),82.35,17.65,,,,,,,,,,,14,3,,,,,,,,,,,ok,outputs/pdfs_full/국악과__KTM4077__관악기합주7.pdf,,17
H0002256,H0002741,국악과,KTM4078,현악기합주7,2018,1,2016/1 ~ 2018/2,국악과(학부/서울),23.08,69.23,,,7.69,,,,,,,,3,9,,,1,,,,,,,,ok,outputs/pdfs_full/국악과__KTM4078__현악기합주7.pdf,,13
H0002256,H0002741,국악과,KTM4079,민요와반주실기1,2018,1,2016/1 ~ 2018/2,국악과(학부/서울),72.41,17.24,6.9,3.45,,,,,,,,,21,5,2,1,,,,,,,,,ok,outputs/pdfs_full/국악과__KTM4079__민요와반주실기1.pdf,,29
H0002256,H0002741,국악과,KTM4080,관악기합주8,2018,2,2016/1 ~ 2018/2,국악과(학부/서울),75,25,,,,,,,,,,,12,4,,,,,,,,,,,ok,outputs/pdfs_full/국악과__KTM4080__관악기합주8.pdf,,16
H0002256,H0002741,국악과,KTM4081,현악기합주8,2018,2,2016/1 ~ 2018/2,국악과(학부/서울),28.57,50,14.29,7.14,,,,,,,,,4,7,2,1,,,,,,,,,ok,outputs/pdfs_full/국악과__KTM4081__현악기합주8.pdf,,14
H0002256,H0002741,국악과,KTM4082,민요와반주실기2,2018,2,2016/1 ~ 2018/2,국악과(학부/서울),83.33,16.67,,,,,,,,,,,10,2,,,,,,,,,,,ok,outputs/pdfs_full/국악과__KTM4082__민요와반주실기2.pdf,,12
H0002256,H0002741,국악과,KTM4083,국악실습7,2026,1,2019/1 ~ 2030/2,국악과(학부/서울),59.38,28.13,6.25,,6.25,,,,,,,,19,9,2,,2,,,,,,,,ok,outputs/pdfs_full/국악과__KTM4083__국악실습7.pdf,,32
H0002256,H0002741,국악과,KTM4084,단소실습1,2021,1,2019/1 ~ 2022/2,국악과(학부/서울),40,30,20,10,,,,,,,,,4,3,2,1,,,,,,,,,ok,outputs/pdfs_full/국악과__KTM4084__단소실습1.pdf,,10
H0002256,H0002741,국악과,KTM4085,민요실습1,2026,1,2019/1 ~ 2030/2,국악과(학부/서울),28.57,35.71,35.71,,,,,,,,,,4,5,5,,,,,,,,,,ok,outputs/pdfs_full/국악과__KTM4085__민요실습1.pdf,,14
H0002256,H0002741,국악과,KTM4086,정악합주7,2026,1,2019/1 ~ 2026/2,국악과(학부/서울),72.22,16.67,11.11,,,,,,,,,,13,3,2,,,,,,,,,,ok,outputs/pdfs_full/국악과__KTM4086__정악합주7.pdf,,18
H0002256,H0002741,국악과,KTM4087,국악실습8,2025,2,2019/1 ~ 2030/2,국악과(학부/서울),92.31,7.69,,,,,,,,,,,12,1,,,,,,,,,,,ok,outputs/pdfs_full/국악과__KTM4087__국악실습8.pdf,,13
H0002256,H0002741,국악과,KTM4088,단소실습2,2019,2,2019/1 ~ 2022/2,국악과(학부/서울),37.5,56.25,6.25,,,,,,,,,,6,9,1,,,,,,,,,,ok,outputs/pdfs_full/국악과__KTM4088__단소실습2.pdf,,16
H0002256,H0002741,국악과,KTM4089,민요실습2,2025,2,2019/1 ~ 2030/2,국악과(학부/서울),40,20,40,,,,,,,,,,2,1,2,,,,,,,,,,ok,outputs/pdfs_full/국악과__KTM4089__민요실습2.pdf,,5
H0002256,H0002741,국악과,KTM4090,정악합주8,2025,2,2019/1 ~ 2026/2,국악과(학부/서울),66.67,33.33,,,,,,,,,,,6,3,,,,,,,,,,,ok,outputs/pdfs_full/국악과__KTM4090__정악합주8.pdf,,9
H0002256,H0002741,국악과,KTM4091,국악관현실습4,2025,2,2022/1 ~ 2029/2,국악과(학부/서울),93.33,3.33,,,3.33,,,,,,,,28,1,,,1,,,,,,,,ok,outputs/pdfs_full/국악과__KTM4091__국악관현실습4.pdf,,30
H0002256,H0002741,국악과,KTM4092,민속악창작연구,2026,1,2023/1 ~ 2026/2,국악과(학부/서울),41.67,,58.33,,,,,,,,,,5,,7,,,,,,,,,,ok,outputs/pdfs_full/국악과__KTM4092__민속악창작연구.pdf,,12
H0002256,H0002741,국악과,KTM5003,국악관현악7,2018,1,2012/1 ~ 2018/2,국악과(학부/서울),80,13.33,6.67,,,,,,,,,,24,4,2,,,,,,,,,,ok,outputs/pdfs_full/국악과__KTM5003__국악관현악7.pdf,,30
H0002256,H0002741,국악과,KTM5004,국악관현악8,2018,2,2012/1 ~ 2018/2,국악과(학부/서울),83.87,12.9,,,,3.23,,,,,,,26,4,,,,1,,,,,,,ok,outputs/pdfs_full/국악과__KTM5004__국악관현악8.pdf,,31
H0002256,H0003542,법학과,LAW1003,소비자보호법,2016,1,2008/1 ~ 2016/2,법학과(학부/서울),44.44,44.44,11.11,,,,,,,,,,4,4,1,,,,,,,,,,ok,outputs/pdfs_full/법학과__LAW1003__소비자보호법.pdf,,9
H0002256,H0002836,행정학전공,LAW1053,헌법1,2014,2,2003/1 ~ 2005/2,행정학전공(학부/서울),,35.29,29.41,23.53,,11.76,,,,,,,,6,5,4,,2,,,,,,,ok,outputs/pdfs_full/행정학전공__LAW1053__헌법1.pdf,,17
H0002256,H0003542,법학과,LAW1054,헌법2,2016,1,1990/1 ~ 2016/2,법학과(학부/서울),27.27,18.18,45.45,,9.09,,,,,,,,3,2,5,,1,,,,,,,,ok,outputs/pdfs_full/법학과__LAW1054__헌법2.pdf,,11
H0002256,H0002834,사회과학부,LAW1059,법학개론,2015,1,2007/1 ~ 2013/2,사회과학부(학부/서울),31.71,2.44,43.9,,21.95,,,,,,,,13,1,18,,9,,,,,,,,ok,outputs/pdfs_full/사회과학부__LAW1059__법학개론.pdf,,41
H0002256,H0003542,법학과,LAW2001,민법총칙,2014,2,1989/1 ~ 2014/2,법학과(학부/서울),33.33,44.44,,11.11,,,11.11,,,,,,3,4,,1,,,1,,,,,,ok,outputs/pdfs_full/법학과__LAW2001__민법총칙.pdf,,9
H0002256,H0003542,법학과,LAW2002,상법총론,2015,1,1990/1 ~ 2016/2,법학과(학부/서울),25,14.29,39.29,,21.43,,,,,,,,7,4,11,,6,,,,,,,,ok,outputs/pdfs_full/법학과__LAW2002__상법총론.pdf,,28
H0002256,H0003542,법학과,LAW2003,형법총론,2015,1,2002/1 ~ 2016/2,법학과(학부/서울),15.38,30.77,38.46,,7.69,,,,,7.69,,,2,4,5,,1,,,,,1,,,ok,outputs/pdfs_full/법학과__LAW2003__형법총론.pdf,,13
H0002256,H0002836,행정학전공,LAW2004,행정법1,2016,1,2003/1 ~ 2010/2,행정학전공(학부/서울),16.67,33.33,16.67,16.67,,,,16.67,,,,,1,2,1,1,,,,1,,,,,ok,outputs/pdfs_full/행정학전공__LAW2004__행정법1.pdf,,6
H0002256,H0003542,법학과,LAW2005,행정법2,2016,2,1990/1 ~ 2016/2,법학과(학부/서울),16.67,83.33,,,,,,,,,,,1,5,,,,,,,,,,,ok,outputs/pdfs_full/법학과__LAW2005__행정법2.pdf,,6
H0002256,H0003542,법학과,LAW2006,물권법,2014,1,2002/1 ~ 2016/2,법학과(학부/서울),6.67,40,26.67,13.33,6.67,6.67,,,,,,,1,6,4,2,1,1,,,,,,,ok,outputs/pdfs_full/법학과__LAW2006__물권법.pdf,,15
H0002256,H0003542,법학과,LAW2007,형법각론,2015,2,1990/1 ~ 2016/2,법학과(학부/서울),50,37.5,12.5,,,,,,,,,,4,3,1,,,,,,,,,,ok,outputs/pdfs_full/법학과__LAW2007__형법각론.pdf,,8
H0002256,H0003542,법학과,LAW2008,회사법,2016,2,1990/1 ~ 2016/2,법학과(학부/서울),100,,,,,,,,,,,,9,,,,,,,,,,,,ok,outputs/pdfs_full/법학과__LAW2008__회사법.pdf,,9
H0002256,H0003542,법학과,LAW2010,영미법,2014,1,1990/1 ~ 2016/2,법학과(학부/서울),12.5,37.5,50,,,,,,,,,,1,3,4,,,,,,,,,,ok,outputs/pdfs_full/법학과__LAW2010__영미법.pdf,,8
H0002256,H0003542,법학과,LAW2011,법제사,2013,1,2002/1 ~ 2016/2,법학과(학부/서울),86.36,13.64,,,,,,,,,,,38,6,,,,,,,,,,,ok,outputs/pdfs_full/법학과__LAW2011__법제사.pdf,,44
H0002256,H0003542,법학과,LAW2012,형사정책,2015,1,1990/1 ~ 2016/2,법학과(학부/서울),45.45,,36.36,4.55,9.09,4.55,,,,,,,10,,8,1,2,1,,,,,,,ok,outputs/pdfs_full/법학과__LAW2012__형사정책.pdf,,22
H0002256,H0003542,법학과,LAW2025,채권법총론,2016,2,1990/1 ~ 2016/2,법학과(학부/서울),30,10,40,,20,,,,,,,,3,1,4,,2,,,,,,,,ok,outputs/pdfs_full/법학과__LAW2025__채권법총론.pdf,,10
H0002256,H0003542,법학과,LAW2028,독일법,2010,2,1990/1 ~ 2016/2,법학과(학부/서울),39.29,10.71,17.86,10.71,7.14,14.29,,,,,,,11,3,5,3,2,4,,,,,,,ok,outputs/pdfs_full/법학과__LAW2028__독일법.pdf,,28
H0002256,H0003542,법학과,LAW2067,헌법특강1,2014,1,2003/1 ~ 2016/2,법학과(학부/서울),23.53,47.06,23.53,5.88,,,,,,,,,4,8,4,1,,,,,,,,,ok,outputs/pdfs_full/법학과__LAW2067__헌법특강1.pdf,,17
H0002256,H0003542,법학과,LAW2068,헌법특강2,2014,2,2003/1 ~ 2016/2,법학과(학부/서울),20,46.67,13.33,13.33,,6.67,,,,,,,3,7,2,2,,1,,,,,,,ok,outputs/pdfs_full/법학과__LAW2068__헌법특강2.pdf,,15
H0002256,H0003542,법학과,LAW2069,법경제학,2011,2,2008/1 ~ 2016/2,법학과(학부/서울),29.71,28.99,21.74,12.32,5.8,1.45,,,,,,,41,40,30,17,8,2,,,,,,,ok,outputs/pdfs_full/법학과__LAW2069__법경제학.pdf,,138
H0002256,H0003542,법학과,LAW2070,법률문장론,2009,2,2008/1 ~ 2016/2,법학과(학부/서울),58,34,6,2,,,,,,,,,29,17,3,1,,,,,,,,,ok,outputs/pdfs_full/법학과__LAW2070__법률문장론.pdf,,50
H0002256,H0003542,법학과,LAW3001,국제법1,2015,1,1991/1 ~ 2016/2,법학과(학부/서울),41.67,,37.5,,16.67,,4.17,,,,,,10,,9,,4,,1,,,,,,ok,outputs/pdfs_full/법학과__LAW3001__국제법1.pdf,,24
H0002256,H0003542,법학과,LAW3002,국제법2,2015,2,1991/1 ~ 2016/2,법학과(학부/서울),35,,45,,15,,5,,,,,,7,,9,,3,,1,,,,,,ok,outputs/pdfs_full/법학과__LAW3002__국제법2.pdf,,20
H0002256,H0003542,법학과,LAW3003,어음수표법,2014,1,1991/1 ~ 2016/2,법학과(학부/서울),34.38,37.5,15.63,12.5,,,,,,,,,11,12,5,4,,,,,,,,,ok,outputs/pdfs_full/법학과__LAW3003__어음수표법.pdf,,32
H0002256,H0003542,법학과,LAW3006,친족상속법,2016,2,1991/1 ~ 2016/2,법학과(학부/서울),100,,,,,,,,,,,,9,,,,,,,,,,,,ok,outputs/pdfs_full/법학과__LAW3006__친족상속법.pdf,,9
H0002256,H0003542,법학과,LAW3008,법사상사,2012,2,1990/1 ~ 2016/2,법학과(학부/서울),30.11,36.56,15.05,11.83,2.15,4.3,,,,,,,28,34,14,11,2,4,,,,,,,ok,outputs/pdfs_full/법학과__LAW3008__법사상사.pdf,,93
H0002256,H0003663,정치외교학과,LAW3015,국제법,2025,2,2012/1 ~ 2030/2,정치외교학과,75,15,,5,,,,,,,5,,15,3,,1,,,,,,,1,,ok,outputs/pdfs_full/정치외교학과__LAW3015__국제법.pdf,,20
H0002256,H0003542,법학과,LAW3016,채권법각론,2016,1,1991/1 ~ 2016/2,법학과(학부/서울),75,12.5,,,,,,,,12.5,,,6,1,,,,,,,,1,,,ok,outputs/pdfs_full/법학과__LAW3016__채권법각론.pdf,,8
H0002256,H0003542,법학과,LAW3017,형사소송법1,2015,2,1991/1 ~ 2016/2,법학과(학부/서울),10.53,26.32,52.63,,5.26,5.26,,,,,,,2,5,10,,1,1,,,,,,,ok,outputs/pdfs_full/법학과__LAW3017__형사소송법1.pdf,,19
H0002256,H0003542,법학과,LAW3018,형사소송법2,2014,1,1992/1 ~ 2016/2,법학과(학부/서울),20,30,10,10,20,10,,,,,,,2,3,1,1,2,1,,,,,,,ok,outputs/pdfs_full/법학과__LAW3018__형사소송법2.pdf,,10
H0002256,H0003542,법학과,LAW3019,민사소송법1,2016,2,1991/1 ~ 2016/2,법학과(학부/서울),40,,40,,20,,,,,,,,6,,6,,3,,,,,,,,ok,outputs/pdfs_full/법학과__LAW3019__민사소송법1.pdf,,15
H0002256,H0003542,법학과,LAW3020,민사소송법2,2016,1,1992/1 ~ 2016/2,법학과(학부/서울),62.5,25,,,12.5,,,,,,,,5,2,,,1,,,,,,,,ok,outputs/pdfs_full/법학과__LAW3020__민사소송법2.pdf,,8
H0002256,H0003542,법학과,LAW3021,행정구제법,2013,1,1991/1 ~ 2016/2,법학과(학부/서울),11.11,50,,16.67,16.67,5.56,,,,,,,2,9,,3,3,1,,,,,,,ok,outputs/pdfs_full/법학과__LAW3021__행정구제법.pdf,,18
H0002256,H0003663,정치외교학과,LAW3024,법과정치,2025,2,2011/1 ~ 2029/2,정치외교학과,66.67,25,4.17,4.17,,,,,,,,,16,6,1,1,,,,,,,,,ok,outputs/pdfs_full/정치외교학과__LAW3024__법과정치.pdf,,24
H0002256,H0003542,법학과,LAW3026,노동법1,2015,1,2003/1 ~ 2016/2,법학과(학부/서울),37.5,,50,,6.25,,6.25,,,,,,6,,8,,1,,1,,,,,,ok,outputs/pdfs_full/법학과__LAW3026__노동법1.pdf,,16
H0002256,H0003542,법학과,LAW3028,보험.해상법,2015,2,2003/1 ~ 2016/2,법학과(학부/서울),38.46,,38.46,,23.08,,,,,,,,5,,5,,3,,,,,,,,ok,outputs/pdfs_full/법학과__LAW3028__보험.해상법.pdf,,13
H0002256,H0003542,법학과,LAW3029,노동법2,2014,2,2003/1 ~ 2016/2,법학과(학부/서울),26.67,33.33,13.33,13.33,13.33,,,,,,,,4,5,2,2,2,,,,,,,,ok,outputs/pdfs_full/법학과__LAW3029__노동법2.pdf,,15
H0002256,H0003542,법학과,LAW3061,민법특강1,2014,1,2003/1 ~ 2016/2,법학과(학부/서울),20,30,15,30,,5,,,,,,,4,6,3,6,,1,,,,,,,ok,outputs/pdfs_full/법학과__LAW3061__민법특강1.pdf,,20
H0002256,H0003542,법학과,LAW3062,민법특강2,2014,2,2003/1 ~ 2016/2,법학과(학부/서울),16.67,27.78,33.33,,11.11,11.11,,,,,,,3,5,6,,2,2,,,,,,,ok,outputs/pdfs_full/법학과__LAW3062__민법특강2.pdf,,18
H0002256,H0003542,법학과,LAW3063,형법특강1,2015,1,2003/1 ~ 2016/2,법학과(학부/서울),12.5,75,,12.5,,,,,,,,,1,6,,1,,,,,,,,,ok,outputs/pdfs_full/법학과__LAW3063__형법특강1.pdf,,8
H0002256,H0003542,법학과,LAW3064,형법특강2,2014,2,2003/1 ~ 2016/2,법학과(학부/서울),27.27,36.36,18.18,9.09,9.09,,,,,,,,3,4,2,1,1,,,,,,,,ok,outputs/pdfs_full/법학과__LAW3064__형법특강2.pdf,,11
H0002256,H0003542,법학과,LAW3065,중국법개론,2008,2,2007/1 ~ 2016/2,법학과(학부/서울),29.17,29.17,20.83,20.83,,,,,,,,,7,7,5,5,,,,,,,,,ok,outputs/pdfs_full/법학과__LAW3065__중국법개론.pdf,,24
H0002256,H0003542,법학과,LAW4001,민법세미나,2015,2,1992/1 ~ 2016/2,법학과(학부/서울),25,12.5,25,18.75,18.75,,,,,,,,4,2,4,3,3,,,,,,,,ok,outputs/pdfs_full/법학과__LAW4001__민법세미나.pdf,,16
H0002256,H0003542,법학과,LAW4002,헌법세미나,2016,2,1992/1 ~ 2016/2,법학과(학부/서울),85.71,14.29,,,,,,,,,,,6,1,,,,,,,,,,,ok,outputs/pdfs_full/법학과__LAW4002__헌법세미나.pdf,,7
H0002256,H0003542,법학과,LAW4003,형법세미나,2011,2,1992/1 ~ 2016/2,법학과(학부/서울),29.41,58.82,11.76,,,,,,,,,,5,10,2,,,,,,,,,,ok,outputs/pdfs_full/법학과__LAW4003__형법세미나.pdf,,17
H0002256,H0002815,철학과,LAW4005,법철학,2026,1,2019/1 ~ 2030/2,철학(학부/서울),41.67,,41.67,,16.67,,,,,,,,10,,10,,4,,,,,,,,ok,outputs/pdfs_full/철학과__LAW4005__법철학.pdf,,24
H0002256,H0003542,법학과,LAW4008,국제사법,2013,2,1991/1 ~ 2016/2,법학과(학부/서울),42.86,57.14,,,,,,,,,,,6,8,,,,,,,,,,,ok,outputs/pdfs_full/법학과__LAW4008__국제사법.pdf,,14
H0002256,H0003542,법학과,LAW4009,국제법세미나,2008,2,1992/1 ~ 2016/2,법학과(학부/서울),55.56,22.22,11.11,,,11.11,,,,,,,5,2,1,,,1,,,,,,,ok,outputs/pdfs_full/법학과__LAW4009__국제법세미나.pdf,,9
H0002256,H0003542,법학과,LAW4011,상법세미나,2012,1,1992/1 ~ 2016/2,법학과(학부/서울),36.36,27.27,36.36,,,,,,,,,,4,3,4,,,,,,,,,,ok,outputs/pdfs_full/법학과__LAW4011__상법세미나.pdf,,11
H0002256,H0003542,법학과,LAW4012,행정법세미나,2015,2,1992/1 ~ 2016/2,법학과(학부/서울),33.33,55.56,11.11,,,,,,,,,,3,5,1,,,,,,,,,,ok,outputs/pdfs_full/법학과__LAW4012__행정법세미나.pdf,,9
H0002256,H0003542,법학과,LAW4014,환경법,2015,1,1991/1 ~ 2016/2,법학과(학부/서울),29.17,,54.17,,16.67,,,,,,,,7,,13,,4,,,,,,,,ok,outputs/pdfs_full/법학과__LAW4014__환경법.pdf,,24
H0002256,H0003542,법학과,LAW4015,경제법,2015,2,1992/1 ~ 2016/2,법학과(학부/서울),25,16.67,41.67,,8.33,8.33,,,,,,,3,2,5,,1,1,,,,,,,ok,outputs/pdfs_full/법학과__LAW4015__경제법.pdf,,12
H0002256,H0003664,사회학과,LAW4016,법사회학,2017,1,2011/1 ~ 2017/2,사회학과,41.67,,41.67,,16.67,,,,,,,,5,,5,,2,,,,,,,,ok,outputs/pdfs_full/사회학과__LAW4016__법사회학.pdf,,12
H0002256,H0003542,법학과,LAW4018,국제경제법,2014,1,1992/1 ~ 2016/2,법학과(학부/서울),76.19,19.05,,4.76,,,,,,,,,16,4,,1,,,,,,,,,ok,outputs/pdfs_full/법학과__LAW4018__국제경제법.pdf,,21
H0002256,H0003542,법학과,LAW4019,사회보장법,2015,2,1992/1 ~ 2016/2,법학과(학부/서울),38.89,,38.89,,22.22,,,,,,,,7,,7,,4,,,,,,,,ok,outputs/pdfs_full/법학과__LAW4019__사회보장법.pdf,,18
H0002256,H0003542,법학과,LAW4023,금융증권법,2011,2,1996/1 ~ 2016/2,법학과(학부/서울),29.85,34.33,25.37,8.96,1.49,,,,,,,,20,23,17,6,1,,,,,,,,ok,outputs/pdfs_full/법학과__LAW4023__금융증권법.pdf,,67
H0002256,H0003542,법학과,LAW4024,헌법중점강의,2014,1,2004/1 ~ 2016/2,법학과(학부/서울),41.67,33.33,16.67,,,8.33,,,,,,,5,4,2,,,1,,,,,,,ok,outputs/pdfs_full/법학과__LAW4024__헌법중점강의.pdf,,12
H0002256,H0003542,법학과,LAW4025,민법중점강의,2013,1,2004/1 ~ 2016/2,법학과(학부/서울),50,33.33,11.11,,,,,5.56,,,,,9,6,2,,,,,1,,,,,ok,outputs/pdfs_full/법학과__LAW4025__민법중점강의.pdf,,18
H0002256,H0003542,법학과,LAW4026,법률상담론,2012,1,2004/1 ~ 2016/2,법학과(학부/서울),15.91,38.64,36.36,4.55,4.55,,,,,,,,7,17,16,2,2,,,,,,,,ok,outputs/pdfs_full/법학과__LAW4026__법률상담론.pdf,,44
H0002256,H0003542,법학과,LAW4027,국제거래법세미나,2006,1,2004/1 ~ 2016/2,법학과(학부/서울),37.5,25,6.25,12.5,12.5,6.25,,,,,,,6,4,1,2,2,1,,,,,,,ok,outputs/pdfs_full/법학과__LAW4027__국제거래법세미나.pdf,,16
H0002256,H0003542,법학과,LAW4028,법률실무론,2013,2,2004/1 ~ 2016/2,법학과(학부/서울),40,60,,,,,,,,,,,6,9,,,,,,,,,,,ok,outputs/pdfs_full/법학과__LAW4028__법률실무론.pdf,,15
H0002256,H0003542,법학과,LAW4029,환경법세미나,2012,2,2004/1 ~ 2016/2,법학과(학부/서울),22.22,46.67,20,6.67,4.44,,,,,,,,10,21,9,3,2,,,,,,,,ok,outputs/pdfs_full/법학과__LAW4029__환경법세미나.pdf,,45
H0002256,H0003542,법학과,LAW4030,국제지적재산법,2009,2,2008/1 ~ 2016/2,법학과(학부/서울),47.62,42.86,9.52,,,,,,,,,,10,9,2,,,,,,,,,,ok,outputs/pdfs_full/법학과__LAW4030__국제지적재산법.pdf,,21
H0002256,H0003542,법학과,LAW4055,국제환경법,2014,2,1999/1 ~ 2016/2,법학과(학부/서울),23.08,42.31,19.23,15.38,,,,,,,,,6,11,5,4,,,,,,,,,ok,outputs/pdfs_full/법학과__LAW4055__국제환경법.pdf,,26
H0002256,H0003542,법학과,LAW4056,기업법실무,2012,2,2000/1 ~ 2016/2,법학과(학부/서울),20,22,30,28,,,,,,,,,10,11,15,14,,,,,,,,,ok,outputs/pdfs_full/법학과__LAW4056__기업법실무.pdf,,50
H0002256,H0003542,법학과,LAW4058,저작권법,2014,2,2000/1 ~ 2016/2,법학과(학부/서울),71.43,21.43,7.14,,,,,,,,,,10,3,1,,,,,,,,,,ok,outputs/pdfs_full/법학과__LAW4058__저작권법.pdf,,14
H0002256,H0003542,법학과,LAW4059,도산법,2016,2,2000/1 ~ 2016/2,법학과(학부/서울),88.89,11.11,,,,,,,,,,,8,1,,,,,,,,,,,ok,outputs/pdfs_full/법학과__LAW4059__도산법.pdf,,9
H0002256,H0003542,법학과,LAW4060,민사소송법세미나,2015,1,1996/1 ~ 2016/2,법학과(학부/서울),40,,40,,20,,,,,,,,6,,6,,3,,,,,,,,ok,outputs/pdfs_full/법학과__LAW4060__민사소송법세미나.pdf,,15
H0002256,H0003542,법학과,LAW4065,인권법개론,2015,2,2007/1 ~ 2016/2,법학과(학부/서울),17.39,21.74,21.74,17.39,17.39,,,,,4.35,,,4,5,5,4,4,,,,,1,,,ok,outputs/pdfs_full/법학과__LAW4065__인권법개론.pdf,,23
H0002256,H0003542,법학과,LAW4066,경제법세미나,2014,1,2008/1 ~ 2016/2,법학과(학부/서울),45,37.5,10,2.5,5,,,,,,,,18,15,4,1,2,,,,,,,,ok,outputs/pdfs_full/법학과__LAW4066__경제법세미나.pdf,,40
H0002256,H0003542,법학과,LAW4067,조세법세미나,2013,1,2008/1 ~ 2016/2,법학과(학부/서울),31.25,50,18.75,,,,,,,,,,5,8,3,,,,,,,,,,ok,outputs/pdfs_full/법학과__LAW4067__조세법세미나.pdf,,16
H0002256,H0003542,법학과,LAW4068,지적재산법세미나,2011,1,2008/1 ~ 2016/2,법학과(학부/서울),36.36,31.82,22.73,7.58,1.52,,,,,,,,24,21,15,5,1,,,,,,,,ok,outputs/pdfs_full/법학과__LAW4068__지적재산법세미나.pdf,,66
H0002256,H0003542,법학과,LAW4069,영미사법입문,2016,2,2009/1 ~ 2016/2,법학과(학부/서울),47.37,21.05,5.26,10.53,5.26,5.26,,5.26,,,,,9,4,1,2,1,1,,1,,,,,ok,outputs/pdfs_full/법학과__LAW4069__영미사법입문.pdf,,19
H0002256,H0003563,생명과학과,LIF1001,생명과학캡스톤연구실험1,2023,2,2020/1 ~ 2023/2,생명과학과,100,,,,,,,,,,,,12,,,,,,,,,,,,ok,outputs/pdfs_full/생명과학과__LIF1001__생명과학캡스톤연구실험1.pdf,,12
H0002256,H0003563,생명과학과,LIF2001,식물학개론,2016,1,2014/1 ~ 2016/2,생명과학과,33.33,,41.67,,16.67,,,,,8.33,,,8,,10,,4,,,,,2,,,ok,outputs/pdfs_full/생명과학과__LIF2001__식물학개론.pdf,,24
H0002256,H0003563,생명과학과,LIF2002,생명과학야외실습,2026,1,2014/1 ~ 2028/2,생명과학과,80,17.14,,2.86,,,,,,,,,28,6,,1,,,,,,,,,ok,outputs/pdfs_full/생명과학과__LIF2002__생명과학야외실습.pdf,,35
H0002256,H0003563,생명과학과,LIF2003,식물생리학실험1,2016,2,2014/1 ~ 2016/2,생명과학과,59.09,22.73,18.18,,,,,,,,,,13,5,4,,,,,,,,,,ok,outputs/pdfs_full/생명과학과__LIF2003__식물생리학실험1.pdf,,22
H0002256,H0003563,생명과학과,LIF2004,식물생리학1,2016,2,2014/1 ~ 2016/2,생명과학과,31.71,12.2,36.59,4.88,14.63,,,,,,,,13,5,15,2,6,,,,,,,,ok,outputs/pdfs_full/생명과학과__LIF2004__식물생리학1.pdf,,41
H0002256,H0003563,생명과학과,LIF2005,무척추생물학,2015,2,2014/1 ~ 2016/2,생명과학과,41.86,4.65,16.28,13.95,11.63,2.33,6.98,2.33,,,,,18,2,7,6,5,1,3,1,,,,,ok,outputs/pdfs_full/생명과학과__LIF2005__무척추생물학.pdf,,43
H0002256,H0003563,생명과학과,LIF2006,미생물학실험,2019,2,2014/1 ~ 2020/2,생명과학과,90,5,,5,,,,,,,,,18,1,,1,,,,,,,,,ok,outputs/pdfs_full/생명과학과__LIF2006__미생물학실험.pdf,,20
H0002256,H0003563,생명과학과,LIF2011,해부조직학,2016,2,2014/1 ~ 2016/2,생명과학과,20.93,20.93,32.56,9.3,16.28,,,,,,,,9,9,14,4,7,,,,,,,,ok,outputs/pdfs_full/생명과학과__LIF2011__해부조직학.pdf,,43
H0002256,H0003563,생명과학과,LIF2021,해부조직학실험,2016,2,2014/1 ~ 2016/2,생명과학과,57.14,42.86,,,,,,,,,,,12,9,,,,,,,,,,,ok,outputs/pdfs_full/생명과학과__LIF2021__해부조직학실험.pdf,,21
H0002256,H0003563,생명과학과,LIF2022,분자생명과학실험,2026,1,2017/1 ~ 2029/2,생명과학과,50,21.88,21.88,6.25,,,,,,,,,16,7,7,2,,,,,,,,,ok,outputs/pdfs_full/생명과학과__LIF2022__분자생명과학실험.pdf,,32
H0002256,H0003563,생명과학과,LIF2023,생태환경과학실험,2025,2,2017/1 ~ 2028/2,생명과학과,100,,,,,,,,,,,,19,,,,,,,,,,,,ok,outputs/pdfs_full/생명과학과__LIF2023__생태환경과학실험.pdf,,19
H0002256,H0003563,생명과학과,LIF2024,식물학,2025,1,2017/1 ~ 2028/2,생명과학과,28.57,9.52,23.81,19.05,14.29,4.76,,,,,,,6,2,5,4,3,1,,,,,,,ok,outputs/pdfs_full/생명과학과__LIF2024__식물학.pdf,,21
H0002256,H0003563,생명과학과,LIF2025,동물의다양성및실험,2025,1,2017/1 ~ 2025/2,생명과학과,50,35.71,7.14,7.14,,,,,,,,,7,5,1,1,,,,,,,,,ok,outputs/pdfs_full/생명과학과__LIF2025__동물의다양성및실험.pdf,,14
H0002256,H0003563,생명과학과,LIF2026,생명과학연구개론,2025,2,2018/1 ~ 2027/2,생명과학과,,,,,,,,,,100,,,,,,,,,,,,50,,,ok,outputs/pdfs_full/생명과학과__LIF2026__생명과학연구개론.pdf,,50
H0002256,H0003563,생명과학과,LIF2027,기초분자생물학,2020,1,2018/1 ~ 2020/2,생명과학과,10,26.67,35,16.67,3.33,3.33,,5,,,,,6,16,21,10,2,2,,3,,,,,ok,outputs/pdfs_full/생명과학과__LIF2027__기초분자생물학.pdf,,60
H0002256,H0003563,생명과학과,LIF2028,미생물학및세포생물학실험,2025,2,2021/1 ~ 2025/2,생명과학과,71.43,23.81,4.76,,,,,,,,,,15,5,1,,,,,,,,,,ok,outputs/pdfs_full/생명과학과__LIF2028__미생물학및세포생물학실험.pdf,,21
H0002256,H0003563,생명과학과,LIF3001,생명과학야외실습2,2025,1,2015/1 ~ 2029/2,생명과학과,75,25,,,,,,,,,,,30,10,,,,,,,,,,,ok,outputs/pdfs_full/생명과학과__LIF3001__생명과학야외실습2.pdf,,40
H0002256,H0003563,생명과학과,LIF3002,현대생물학실험,2017,1,2015/1 ~ 2017/2,생명과학과,33.33,54.17,8.33,4.17,,,,,,,,,8,13,2,1,,,,,,,,,ok,outputs/pdfs_full/생명과학과__LIF3002__현대생물학실험.pdf,,24
H0002256,H0003563,생명과학과,LIF3003,식물생리학실험2,2017,1,2015/1 ~ 2017/2,생명과학과,29.03,25.81,16.13,16.13,12.9,,,,,,,,9,8,5,5,4,,,,,,,,ok,outputs/pdfs_full/생명과학과__LIF3003__식물생리학실험2.pdf,,31
H0002256,H0003563,생명과학과,LIF3004,식물생리학2,2017,1,2015/1 ~ 2017/2,생명과학과,17.02,12.77,21.28,25.53,10.64,6.38,,6.38,,,,,8,6,10,12,5,3,,3,,,,,ok,outputs/pdfs_full/생명과학과__LIF3004__식물생리학2.pdf,,47
H0002256,H0003563,생명과학과,LIF3005,생물지리학,2017,2,2015/1 ~ 2017/2,생명과학과,45.16,9.68,25.81,,,9.68,9.68,,,,,,14,3,8,,,3,3,,,,,,ok,outputs/pdfs_full/생명과학과__LIF3005__생물지리학.pdf,,31
H0002256,H0003563,생명과학과,LIF3006,수서생태학및실험,2017,2,2015/1 ~ 2017/2,생명과학과,45,15,10,5,5,10,,,,10,,,9,3,2,1,1,2,,,,2,,,ok,outputs/pdfs_full/생명과학과__LIF3006__수서생태학및실험.pdf,,20
H0002256,H0003563,생명과학과,LIF3007,나노생명과학,2025,1,2015/1 ~ 2030/2,생명과학과,26.09,8.7,17.39,17.39,8.7,17.39,4.35,,,,,,6,2,4,4,2,4,1,,,,,,ok,outputs/pdfs_full/생명과학과__LIF3007__나노생명과학.pdf,,23
H0002256,H0003563,생명과학과,LIF3008,면역학1,2025,1,2015/1 ~ 2029/2,생명과학과,18.64,28.81,11.86,16.95,5.08,11.86,6.78,,,,,,11,17,7,10,3,7,4,,,,,,ok,outputs/pdfs_full/생명과학과__LIF3008__면역학1.pdf,,59
H0002256,H0003563,생명과학과,LIF3009,식물생명공학,2017,2,2015/1 ~ 2017/2,생명과학과,25.81,12.9,25.81,16.13,19.35,,,,,,,,8,4,8,5,6,,,,,,,,ok,outputs/pdfs_full/생명과학과__LIF3009__식물생명공학.pdf,,31
H0002256,H0003563,생명과학과,LIF3013,생명과학심화연구캡스톤디자인1,2018,1,2016/1 ~ 2022/2,생명과학과,93.1,3.45,3.45,,,,,,,,,,27,1,1,,,,,,,,,,ok,outputs/pdfs_full/생명과학과__LIF3013__생명과학심화연구캡스톤디자인1.pdf,,29
H0002256,H0003563,생명과학과,LIF3014,생명과학심화연구캡스톤디자인2,2018,2,2016/1 ~ 2018/2,생명과학과,84.62,15.38,,,,,,,,,,,22,4,,,,,,,,,,,ok,outputs/pdfs_full/생명과학과__LIF3014__생명과학심화연구캡스톤디자인2.pdf,,26
H0002256,H0003563,생명과학과,LIF3015,전산생물학,2017,1,2015/1 ~ 2017/2,생명과학과,21.88,15.63,28.13,12.5,12.5,6.25,3.13,,,,,,7,5,9,4,4,2,1,,,,,,ok,outputs/pdfs_full/생명과학과__LIF3015__전산생물학.pdf,,32
H0002256,H0003563,생명과학과,LIF3016,분자신경생물학,2016,1,2015/1 ~ 2017/2,생명과학과,22.73,18.18,18.18,31.82,,4.55,,4.55,,,,,5,4,4,7,,1,,1,,,,,ok,outputs/pdfs_full/생명과학과__LIF3016__분자신경생물학.pdf,,22
H0002256,H0003563,생명과학과,LIF3017,생리및발생학실험,2021,1,2018/1 ~ 2021/2,생명과학과,25,33.33,25,8.33,,,,8.33,,,,,3,4,3,1,,,,1,,,,,ok,outputs/pdfs_full/생명과학과__LIF3017__생리및발생학실험.pdf,,12
H0002256,H0003563,생명과학과,LIF3018,생명과학연구실험1,2021,1,2018/1 ~ 2021/2,생명과학과,87.5,12.5,,,,,,,,,,,28,4,,,,,,,,,,,ok,outputs/pdfs_full/생명과학과__LIF3018__생명과학연구실험1.pdf,,32
H0002256,H0003563,생명과학과,LIF3019,면역학2및실험,2025,2,2018/1 ~ 2030/2,생명과학과,60,40,,,,,,,,,,,6,4,,,,,,,,,,,ok,outputs/pdfs_full/생명과학과__LIF3019__면역학2및실험.pdf,,10
H0002256,H0003563,생명과학과,LIF3020,식물생리학실험,2021,2,2019/2 ~ 2021/2,생명과학과,61.9,19.05,9.52,9.52,,,,,,,,,13,4,2,2,,,,,,,,,ok,outputs/pdfs_full/생명과학과__LIF3020__식물생리학실험.pdf,,21
H0002256,H0003563,생명과학과,LIF3021,동식물생리학실험,2025,2,2022/1 ~ 2029/2,생명과학과,18.18,27.27,27.27,4.55,4.55,9.09,9.09,,,,,,4,6,6,1,1,2,2,,,,,,ok,outputs/pdfs_full/생명과학과__LIF3021__동식물생리학실험.pdf,,22
H0002256,H0003563,생명과학과,LIF3022,생명과학캡스톤연구실험2,2024,2,2022/1 ~ 2025/2,생명과학과,45.45,45.45,,9.09,,,,,,,,,5,5,,1,,,,,,,,,ok,outputs/pdfs_full/생명과학과__LIF3022__생명과학캡스톤연구실험2.pdf,,11
H0002256,H0003563,생명과학과,LIF4001,바이오기술,2025,2,2016/1 ~ 2030/2,생명과학과,21.05,10.53,26.32,15.79,15.79,5.26,5.26,,,,,,4,2,5,3,3,1,1,,,,,,ok,outputs/pdfs_full/생명과학과__LIF4001__바이오기술.pdf,,19
H0002256,H0003563,생명과학과,LIF4002,인체질병학개론,2018,1,2016/1 ~ 2018/2,생명과학과,10.71,21.43,21.43,14.29,14.29,7.14,10.71,,,,,,3,6,6,4,4,2,3,,,,,,ok,outputs/pdfs_full/생명과학과__LIF4002__인체질병학개론.pdf,,28
H0002256,H0003563,생명과학과,LIF4003,생명과학야외실습3,2025,1,2016/1 ~ 2030/2,생명과학과,81.82,4.55,9.09,4.55,,,,,,,,,18,1,2,1,,,,,,,,,ok,outputs/pdfs_full/생명과학과__LIF4003__생명과학야외실습3.pdf,,22
H0002256,H0003563,생명과학과,LIF4011,생명과학세미나1,2026,1,2016/1 ~ 2030/2,생명과학과,85.96,3.51,3.51,3.51,,,1.75,,,,1.75,,49,2,2,2,,,1,,,,1,,ok,outputs/pdfs_full/생명과학과__LIF4011__생명과학세미나1.pdf,,57
H0002256,H0003563,생명과학과,LIF4012,생명과학세미나2,2025,2,2016/1 ~ 2030/2,생명과학과,77.42,19.35,,3.23,,,,,,,,,24,6,,1,,,,,,,,,ok,outputs/pdfs_full/생명과학과__LIF4012__생명과학세미나2.pdf,,31
H0002256,H0003563,생명과학과,LIF4013,식물기능유전체학,2025,1,2016/1 ~ 2030/2,생명과학과,35.71,14.29,35.71,,,14.29,,,,,,,5,2,5,,,2,,,,,,,ok,outputs/pdfs_full/생명과학과__LIF4013__식물기능유전체학.pdf,,14
H0002256,H0003563,생명과학과,LIF4014,면역학2,2018,1,2016/1 ~ 2021/2,생명과학과,25,15,30,25,5,,,,,,,,5,3,6,5,1,,,,,,,,ok,outputs/pdfs_full/생명과학과__LIF4014__면역학2.pdf,,20
H0002256,H0003563,생명과학과,LIF4015,시스템생물정보학,2022,1,2019/1 ~ 2022/2,생명과학과,40,13.33,6.67,6.67,6.67,,6.67,6.67,,13.33,,,6,2,1,1,1,,1,1,,2,,,ok,outputs/pdfs_full/생명과학과__LIF4015__시스템생물정보학.pdf,,15
H0002256,H0003563,생명과학과,LIF4016,조류생물학,2022,1,2019/1 ~ 2022/2,생명과학과,35.71,,50,,,,,,,14.29,,,5,,7,,,,,,,2,,,ok,outputs/pdfs_full/생명과학과__LIF4016__조류생물학.pdf,,14
H0002256,H0003563,생명과학과,LIF4017,생명과학연구실험2,2019,1,2019/1 ~ 2021/2,생명과학과,87.5,6.25,,6.25,,,,,,,,,14,1,,1,,,,,,,,,ok,outputs/pdfs_full/생명과학과__LIF4017__생명과학연구실험2.pdf,,16
H0002256,H0003563,생명과학과,LIF4018,캡스톤논문연구1,2019,1,2019/1 ~ 2019/2,생명과학과,100,,,,,,,,,,,,31,,,,,,,,,,,,ok,outputs/pdfs_full/생명과학과__LIF4018__캡스톤논문연구1.pdf,,31
H0002256,H0003563,생명과학과,LIF4019,단백질구조생물학,2022,2,2019/2 ~ 2022/2,생명과학과,24,16,12,4,4,20,8,12,,,,,6,4,3,1,1,5,2,3,,,,,ok,outputs/pdfs_full/생명과학과__LIF4019__단백질구조생물학.pdf,,25
H0002256,H0003560,수학과,MAT1003,행렬과기하,2026,1,2024/1 ~ 2027/2,수학과,18,18,28,16,8,12,,,,,,,9,9,14,8,4,6,,,,,,,ok,outputs/pdfs_full/수학과__MAT1003__행렬과기하.pdf,,50
H0002256,H0003560,수학과,MAT2001,미분방정식1,2016,1,2014/1 ~ 2016/2,수학과,19.4,26.87,22.39,17.91,10.45,1.49,,1.49,,,,,13,18,15,12,7,1,,1,,,,,ok,outputs/pdfs_full/수학과__MAT2001__미분방정식1.pdf,,67
H0002256,H0003560,수학과,MAT2002,미분방정식2,2016,2,2014/1 ~ 2016/2,수학과,6.9,24.14,17.24,22.41,15.52,8.62,3.45,1.72,,,,,4,14,10,13,9,5,2,1,,,,,ok,outputs/pdfs_full/수학과__MAT2002__미분방정식2.pdf,,58
H0002256,H0002575,융합전자공학부,MAT2003,선형대수,2026,1,2012/1 ~ 2028/2,융합전자공학부,20.97,26.88,23.92,9.41,11.56,5.11,0.27,0.54,,,1.34,,78,100,89,35,43,19,1,2,,,5,,ok,outputs/pdfs_full/융합전자공학부__MAT2003__선형대수.pdf,,372
H0002256,H0002725,수학교육과,MAT2004,집합론,2015,1,2007/1 ~ 2015/2,수학교육과,13.64,18.18,27.27,18.18,18.18,,4.55,,,,,,3,4,6,4,4,,1,,,,,,ok,outputs/pdfs_full/수학교육과__MAT2004__집합론.pdf,,22
H0002256,H0003560,수학과,MAT2006,정수론,2026,1,2017/1 ~ 2027/2,수학과,31.58,5.26,31.58,10.53,15.79,,5.26,,,,,,6,1,6,2,3,,1,,,,,,ok,outputs/pdfs_full/수학과__MAT2006__정수론.pdf,,19
H0002256,H0003560,수학과,MAT2009,미분방정식,2025,2,2017/1 ~ 2028/2,수학과,40.82,,40.82,,14.29,2.04,,2.04,,,,,20,,20,,7,1,,1,,,,,ok,outputs/pdfs_full/수학과__MAT2009__미분방정식.pdf,,49
H0002256,H0003560,수학과,MAT2015,고등미적분학1,2026,1,2014/1 ~ 2028/2,수학과,13.89,19.44,6.94,23.61,4.17,12.5,8.33,,,5.56,5.56,,10,14,5,17,3,9,6,,,4,4,,ok,outputs/pdfs_full/수학과__MAT2015__고등미적분학1.pdf,,72
H0002256,H0003560,수학과,MAT2016,고등미적분학2,2025,2,2014/1 ~ 2028/2,수학과,25,15,23.33,13.33,18.33,3.33,,,,,1.67,,15,9,14,8,11,2,,,,,1,,ok,outputs/pdfs_full/수학과__MAT2016__고등미적분학2.pdf,,60
H0002256,H0002521,건축공학부,MAT2017,확률통계론,2026,1,2006/1 ~ 2030/2,건축공학부(학부/서울),13.91,18.1,19.21,16.78,15.45,7.95,5.08,2.87,,,0.66,,63,82,87,76,70,36,23,13,,,3,,ok,outputs/pdfs_full/건축공학부__MAT2017__확률통계론.pdf,,453
H0002256,H0002518,소프트웨어전공,MAT2020,이산수학,2026,1,2012/1 ~ 2019/2,소프트웨어전공,22.34,22.34,20.21,14.89,18.09,2.13,,,,,,,21,21,19,14,17,2,,,,,,,ok,outputs/pdfs_full/소프트웨어전공__MAT2020__이산수학.pdf,,94
H0002256,H0003560,수학과,MAT2021,전산통계,2024,2,2014/1 ~ 2024/2,수학과,14.63,36.59,24.39,14.63,7.32,2.44,,,,,,,6,15,10,6,3,1,,,,,,,ok,outputs/pdfs_full/수학과__MAT2021__전산통계.pdf,,41
H0002256,H0003560,수학과,MAT2022,통계학의원리,2026,1,2014/1 ~ 2028/2,수학과,16.36,27.27,30.91,18.18,5.45,1.82,,,,,,,9,15,17,10,3,1,,,,,,,ok,outputs/pdfs_full/수학과__MAT2022__통계학의원리.pdf,,55
H0002256,H0003560,수학과,MAT2023,선형대수1,2026,1,2014/1 ~ 2028/2,수학과,23.38,5.19,24.68,23.38,15.58,3.9,3.9,,,,,,18,4,19,18,12,3,3,,,,,,ok,outputs/pdfs_full/수학과__MAT2023__선형대수1.pdf,,77
H0002256,H0003560,수학과,MAT2024,선형대수2,2025,2,2014/1 ~ 2028/2,수학과,14,16,34,10,8,8,6,4,,,,,7,8,17,5,4,4,3,2,,,,,ok,outputs/pdfs_full/수학과__MAT2024__선형대수2.pdf,,50
H0002256,H0003560,수학과,MAT2031,수학적알고리듬,2026,1,2025/1 ~ 2028/2,수학과,21.43,17.86,25,10.71,21.43,,,,,,3.57,,6,5,7,3,6,,,,,,1,,ok,outputs/pdfs_full/수학과__MAT2031__수학적알고리듬.pdf,,28
H0002256,H0003560,수학과,MAT2032,조합수학,2026,1,2025/1 ~ 2028/2,수학과,15.63,15.63,15.63,25,12.5,15.63,,,,,,,5,5,5,8,4,5,,,,,,,ok,outputs/pdfs_full/수학과__MAT2032__조합수학.pdf,,32
H0002256,H0003560,수학과,MAT2033,통계자료분석방법론,2025,2,2025/1 ~ 2028/2,수학과,16.67,25,31.25,20.83,2.08,,,,,,4.17,,8,12,15,10,1,,,,,,2,,ok,outputs/pdfs_full/수학과__MAT2033__통계자료분석방법론.pdf,,48
H0002256,H0003560,수학과,MAT2034,계산수론,2025,2,2025/1 ~ 2028/2,수학과,21.43,10.71,32.14,28.57,7.14,,,,,,,,6,3,9,8,2,,,,,,,,ok,outputs/pdfs_full/수학과__MAT2034__계산수론.pdf,,28
H0002256,H0003560,수학과,MAT2066,해석학1,2017,1,2015/1 ~ 2017/2,수학과,19.44,19.44,13.89,19.44,19.44,5.56,2.78,,,,,,7,7,5,7,7,2,1,,,,,,ok,outputs/pdfs_full/수학과__MAT2066__해석학1.pdf,,36
H0002256,H0003560,수학과,MAT2067,해석학2,2017,2,2015/1 ~ 2017/2,수학과,13.89,25,25,16.67,19.44,,,,,,,,5,9,9,6,7,,,,,,,,ok,outputs/pdfs_full/수학과__MAT2067__해석학2.pdf,,36
H0002256,H0002725,수학교육과,MAT2068,수학사와수학교육사,2025,2,2007/1 ~ 2027/2,수학교육과,30,30,20,20,,,,,,,,,3,3,2,2,,,,,,,,,ok,outputs/pdfs_full/수학교육과__MAT2068__수학사와수학교육사.pdf,,10
H0002256,H0002725,수학교육과,MAT2069,수학교육과컴퓨터,2015,2,2008/1 ~ 2026/1,수학교육과,33.33,8.33,16.67,25,8.33,,,8.33,,,,,4,1,2,3,1,,,1,,,,,ok,outputs/pdfs_full/수학교육과__MAT2069__수학교육과컴퓨터.pdf,,12
H0002256,H0002725,수학교육과,MAT2072,해석학연습1,2015,1,2014/1 ~ 2016/2,수학교육과,,11.11,18.52,11.11,14.81,14.81,14.81,14.81,,,,,,3,5,3,4,4,4,4,,,,,ok,outputs/pdfs_full/수학교육과__MAT2072__해석학연습1.pdf,,27
H0002256,H0002725,수학교육과,MAT2073,해석학개론1,2026,1,2014/1 ~ 2028/2,수학교육과,9.09,9.09,27.27,9.09,27.27,,18.18,,,,,,1,1,3,1,3,,2,,,,,,ok,outputs/pdfs_full/수학교육과__MAT2073__해석학개론1.pdf,,11
H0002256,H0002725,수학교육과,MAT2074,미분기하학,2017,2,2014/1 ~ 2017/2,수학교육과,16.67,22.22,16.67,11.11,16.67,5.56,11.11,,,,,,3,4,3,2,3,1,2,,,,,,ok,outputs/pdfs_full/수학교육과__MAT2074__미분기하학.pdf,,18
H0002256,H0002725,수학교육과,MAT2075,해석학연습2,2015,2,2014/1 ~ 2016/2,수학교육과,12.5,4.17,16.67,25,8.33,16.67,8.33,8.33,,,,,3,1,4,6,2,4,2,2,,,,,ok,outputs/pdfs_full/수학교육과__MAT2075__해석학연습2.pdf,,24
H0002256,H0002725,수학교육과,MAT2076,해석학개론2,2025,2,2014/1 ~ 2028/2,수학교육과,40,,20,,20,20,,,,,,,2,,1,,1,1,,,,,,,ok,outputs/pdfs_full/수학교육과__MAT2076__해석학개론2.pdf,,5
H0002256,H0003560,수학과,MAT3001,현대대수1,2026,1,2015/1 ~ 2029/2,수학과,12.28,22.81,15.79,12.28,21.05,12.28,,,,1.75,1.75,,7,13,9,7,12,7,,,,1,1,,ok,outputs/pdfs_full/수학과__MAT3001__현대대수1.pdf,,57
H0002256,H0003560,수학과,MAT3002,현대대수2,2025,2,2015/1 ~ 2029/2,수학과,40,16,20,4,20,,,,,,,,10,4,5,1,5,,,,,,,,ok,outputs/pdfs_full/수학과__MAT3002__현대대수2.pdf,,25
H0002256,H0003560,수학과,MAT3004,위상수학1,2026,1,2015/1 ~ 2029/2,수학과,22.86,14.29,20,17.14,11.43,11.43,2.86,,,,,,8,5,7,6,4,4,1,,,,,,ok,outputs/pdfs_full/수학과__MAT3004__위상수학1.pdf,,35
H0002256,H0002521,건축공학부,MAT3008,수치해석,2026,1,2007/1 ~ 2030/2,건축공학부(학부/서울),24.25,18.94,21.25,10.39,14.09,7.85,2.31,0.46,,,0.46,,105,82,92,45,61,34,10,2,,,2,,ok,outputs/pdfs_full/건축공학부__MAT3008__수치해석.pdf,,433
H0002256,H0003560,수학과,MAT3011,기하학,2024,2,2016/1 ~ 2026/2,수학과,33.33,33.33,33.33,,,,,,,,,,2,2,2,,,,,,,,,,ok,outputs/pdfs_full/수학과__MAT3011__기하학.pdf,,6
H0002256,H0003560,수학과,MAT3018,수리계획법,2024,2,2015/1 ~ 2025/2,수학과,17.39,21.74,17.39,13.04,21.74,8.7,,,,,,,4,5,4,3,5,2,,,,,,,ok,outputs/pdfs_full/수학과__MAT3018__수리계획법.pdf,,23
H0002256,H0003560,수학과,MAT3022,수리통계학1,2026,1,2015/1 ~ 2029/2,수학과,24.53,22.64,18.87,20.75,5.66,3.77,,1.89,,,1.89,,13,12,10,11,3,2,,1,,,1,,ok,outputs/pdfs_full/수학과__MAT3022__수리통계학1.pdf,,53
H0002256,H0003560,수학과,MAT3023,수리통계학2,2025,2,2015/1 ~ 2029/2,수학과,39.47,21.05,10.53,13.16,5.26,7.89,,2.63,,,,,15,8,4,5,2,3,,1,,,,,ok,outputs/pdfs_full/수학과__MAT3023__수리통계학2.pdf,,38
H0002256,H0002725,수학교육과,MAT3024,기하학개론,2017,1,2008/1 ~ 2017/2,수학교육과,85.71,14.29,,,,,,,,,,,6,1,,,,,,,,,,,ok,outputs/pdfs_full/수학교육과__MAT3024__기하학개론.pdf,,7
H0002256,H0002725,수학교육과,MAT3025,복소함수론1,2025,2,2009/1 ~ 2029/2,수학교육과,11.11,22.22,22.22,22.22,11.11,,,11.11,,,,,1,2,2,2,1,,,1,,,,,ok,outputs/pdfs_full/수학교육과__MAT3025__복소함수론1.pdf,,9
H0002256,H0002725,수학교육과,MAT3026,복소함수론2,2026,1,2009/1 ~ 2030/2,수학교육과,25,25,,50,,,,,,,,,1,1,,2,,,,,,,,,ok,outputs/pdfs_full/수학교육과__MAT3026__복소함수론2.pdf,,4
H0002256,H0003560,수학과,MAT3027,복소수해석학1,2026,1,2015/1 ~ 2029/2,수학과,21.05,21.05,10.53,18.42,10.53,18.42,,,,,,,8,8,4,7,4,7,,,,,,,ok,outputs/pdfs_full/수학과__MAT3027__복소수해석학1.pdf,,38
H0002256,H0003560,수학과,MAT3028,복소수해석학2,2025,2,2015/1 ~ 2029/2,수학과,10.53,31.58,10.53,15.79,21.05,5.26,5.26,,,,,,2,6,2,3,4,1,1,,,,,,ok,outputs/pdfs_full/수학과__MAT3028__복소수해석학2.pdf,,19
H0002256,H0003560,수학과,MAT3038,행렬계산론,2026,1,2026/1 ~ 2029/2,수학과,31.25,25,6.25,12.5,18.75,,,,,,6.25,,5,4,1,2,3,,,,,,1,,ok,outputs/pdfs_full/수학과__MAT3038__행렬계산론.pdf,,16
H0002256,H0003560,수학과,MAT3051,수치해석1,2025,1,2015/1 ~ 2025/2,수학과,26.47,20.59,32.35,8.82,5.88,,5.88,,,,,,9,7,11,3,2,,2,,,,,,ok,outputs/pdfs_full/수학과__MAT3051__수치해석1.pdf,,34
H0002256,H0003560,수학과,MAT3052,수치해석2,2025,2,2015/1 ~ 2025/2,수학과,28.57,9.52,33.33,4.76,9.52,9.52,4.76,,,,,,6,2,7,1,2,2,1,,,,,,ok,outputs/pdfs_full/수학과__MAT3052__수치해석2.pdf,,21
H0002256,H0002725,수학교육과,MAT3056,수학교육론,2026,1,2008/1 ~ 2028/2,수학교육과,23.08,30.77,23.08,,7.69,7.69,7.69,,,,,,3,4,3,,1,1,1,,,,,,ok,outputs/pdfs_full/수학교육과__MAT3056__수학교육론.pdf,,13
H0002256,H0002725,수학교육과,MAT3057,수학교재연구및지도법,2025,2,2009/1 ~ 2028/2,수학교육과,40,30,,20,10,,,,,,,,4,3,,2,1,,,,,,,,ok,outputs/pdfs_full/수학교육과__MAT3057__수학교재연구및지도법.pdf,,10
H0002256,H0002725,수학교육과,MAT3058,수학교육과정과평가,2024,1,2009/1 ~ 2029/2,수학교육과,25,25,37.5,,12.5,,,,,,,,2,2,3,,1,,,,,,,,ok,outputs/pdfs_full/수학교육과__MAT3058__수학교육과정과평가.pdf,,8
H0002256,H0002725,수학교육과,MAT3060,수학교육의다문화적이해,2026,1,2009/1 ~ 2030/2,수학교육과,77.78,22.22,,,,,,,,,,,7,2,,,,,,,,,,,ok,outputs/pdfs_full/수학교육과__MAT3060__수학교육의다문화적이해.pdf,,9
H0002256,H0002725,수학교육과,MAT3062,현대대수연습1,2016,1,2015/1 ~ 2017/2,수학교육과,3.45,3.45,27.59,13.79,27.59,24.14,,,,,,,1,1,8,4,8,7,,,,,,,ok,outputs/pdfs_full/수학교육과__MAT3062__현대대수연습1.pdf,,29
H0002256,H0002725,수학교육과,MAT3064,현대대수연습2,2016,2,2015/1 ~ 2017/2,수학교육과,,5.56,38.89,5.56,50,,,,,,,,,1,7,1,9,,,,,,,,ok,outputs/pdfs_full/수학교육과__MAT3064__현대대수연습2.pdf,,18
H0002256,H0002725,수학교육과,MAT3065,위상수학연습2,2016,2,2015/1 ~ 2017/2,수학교육과,59.09,18.18,4.55,13.64,,4.55,,,,,,,13,4,1,3,,1,,,,,,,ok,outputs/pdfs_full/수학교육과__MAT3065__위상수학연습2.pdf,,22
H0002256,H0003560,수학과,MAT3066,벡터해석학,2026,1,2018/1 ~ 2029/2,수학과,41.67,16.67,20.83,8.33,4.17,,4.17,4.17,,,,,10,4,5,2,1,,1,1,,,,,ok,outputs/pdfs_full/수학과__MAT3066__벡터해석학.pdf,,24
H0002256,H0002725,수학교육과,MAT3068,해석학개론3,2026,1,2018/1 ~ 2029/2,수학교육과,25,12.5,12.5,25,25,,,,,,,,2,1,1,2,2,,,,,,,,ok,outputs/pdfs_full/수학교육과__MAT3068__해석학개론3.pdf,,8
H0002256,H0003560,수학과,MAT3069,수학연구실현장실습3,2021,2,2019/2 ~ 2025/2,수학과,,,,,,,,,,100,,,,,,,,,,,,4,,,ok,outputs/pdfs_full/수학과__MAT3069__수학연구실현장실습3.pdf,,4
H0002256,H0003560,수학과,MAT4004,위상수학2,2025,2,2015/1 ~ 2029/2,수학과,22.73,31.82,4.55,9.09,18.18,4.55,4.55,4.55,,,,,5,7,1,2,4,1,1,1,,,,,ok,outputs/pdfs_full/수학과__MAT4004__위상수학2.pdf,,22
H0002256,H0003560,수학과,MAT4005,미분기하,2026,1,2015/1 ~ 2030/2,수학과,23.53,11.76,17.65,17.65,17.65,11.76,,,,,,,4,2,3,3,3,2,,,,,,,ok,outputs/pdfs_full/수학과__MAT4005__미분기하.pdf,,17
H0002256,H0003560,수학과,MAT4008,추상대수학,2017,1,2016/1 ~ 2018/2,수학과,28.57,14.29,,,,28.57,,28.57,,,,,2,1,,,,2,,2,,,,,ok,outputs/pdfs_full/수학과__MAT4008__추상대수학.pdf,,7
H0002256,H0003560,수학과,MAT4009,그래프론,2024,1,2016/1 ~ 2026/2,수학과,10.87,17.39,17.39,28.26,6.52,6.52,13.04,,,,,,5,8,8,13,3,3,6,,,,,,ok,outputs/pdfs_full/수학과__MAT4009__그래프론.pdf,,46
H0002256,H0002518,소프트웨어전공,MAT4015,확률및통계,2025,2,2012/1 ~ 2016/2,소프트웨어전공,21.31,29.51,19.67,18.03,11.48,,,,,,,,13,18,12,11,7,,,,,,,,ok,outputs/pdfs_full/소프트웨어전공__MAT4015__확률및통계.pdf,,61
H0002256,H0003560,수학과,MAT4023,수학적모델링,2022,1,2016/1 ~ 2026/2,수학과,25,,75,,,,,,,,,,3,,9,,,,,,,,,,ok,outputs/pdfs_full/수학과__MAT4023__수학적모델링.pdf,,12
H0002256,H0003560,수학과,MAT4031,편미분방정식과응용,2025,2,2016/1 ~ 2030/2,수학과,37.5,12.5,,18.75,25,,,,,,6.25,,6,2,,3,4,,,,,,1,,ok,outputs/pdfs_full/수학과__MAT4031__편미분방정식과응용.pdf,,16
H0002256,H0003560,수학과,MAT4032,푸리에해석과응용,2018,2,2016/1 ~ 2018/2,수학과,17.65,17.65,17.65,23.53,17.65,5.88,,,,,,,3,3,3,4,3,1,,,,,,,ok,outputs/pdfs_full/수학과__MAT4032__푸리에해석과응용.pdf,,17
H0002256,H0003560,수학과,MAT4033,실변수함수론,2026,1,2016/1 ~ 2030/2,수학과,25.93,22.22,14.81,11.11,18.52,3.7,,,,,3.7,,7,6,4,3,5,1,,,,,1,,ok,outputs/pdfs_full/수학과__MAT4033__실변수함수론.pdf,,27
H0002256,H0002725,수학교육과,MAT4034,수학교육논술,2025,2,2009/1 ~ 2029/2,수학교육과,40,,40,20,,,,,,,,,4,,4,2,,,,,,,,,ok,outputs/pdfs_full/수학교육과__MAT4034__수학교육논술.pdf,,10
H0002256,H0002725,수학교육과,MAT4056,미분기하학1,2026,1,2008/1 ~ 2028/2,수학교육과,33.33,8.33,25,,16.67,16.67,,,,,,,4,1,3,,2,2,,,,,,,ok,outputs/pdfs_full/수학교육과__MAT4056__미분기하학1.pdf,,12
H0002256,H0002725,수학교육과,MAT4057,미분기하학2,2025,2,2009/1 ~ 2028/2,수학교육과,11.11,33.33,22.22,22.22,,11.11,,,,,,,1,3,2,2,,1,,,,,,,ok,outputs/pdfs_full/수학교육과__MAT4057__미분기하학2.pdf,,9
H0002256,H0002725,수학교육과,MAT4060,조합론,2025,2,2010/1 ~ 2030/2,수학교육과,36.36,,54.55,9.09,,,,,,,,,4,,6,1,,,,,,,,,ok,outputs/pdfs_full/수학교육과__MAT4060__조합론.pdf,,11
H0002256,H0002725,수학교육과,MAT4061,수학교육특론,2018,2,2010/1 ~ 2018/2,수학교육과,25,12.5,25,18.75,18.75,,,,,,,,4,2,4,3,3,,,,,,,,ok,outputs/pdfs_full/수학교육과__MAT4061__수학교육특론.pdf,,16
H0002256,H0002725,수학교육과,MAT4063,대수학특론,2026,1,2010/1 ~ 2030/2,수학교육과,20,10,30,40,,,,,,,,,2,1,3,4,,,,,,,,,ok,outputs/pdfs_full/수학교육과__MAT4063__대수학특론.pdf,,10
H0002256,H0002725,수학교육과,MAT4065,해석학특론,2017,2,2010/1 ~ 2018/2,수학교육과,77.27,9.09,4.55,4.55,4.55,,,,,,,,17,2,1,1,1,,,,,,,,ok,outputs/pdfs_full/수학교육과__MAT4065__해석학특론.pdf,,22
H0002256,H0002725,수학교육과,MAT4066,기하위상특론,2018,1,2010/1 ~ 2018/2,수학교육과,30.77,7.69,38.46,,7.69,7.69,,7.69,,,,,4,1,5,,1,1,,1,,,,,ok,outputs/pdfs_full/수학교육과__MAT4066__기하위상특론.pdf,,13
H0002256,H0003560,수학과,MAT4070,정수론1,2016,1,2014/1 ~ 2016/2,수학과,11.11,16.67,16.67,5.56,13.89,5.56,8.33,22.22,,,,,4,6,6,2,5,2,3,8,,,,,ok,outputs/pdfs_full/수학과__MAT4070__정수론1.pdf,,36
H0002256,H0003560,수학과,MAT4071,정수론2,2016,2,2014/1 ~ 2016/2,수학과,35.71,7.14,42.86,7.14,,7.14,,,,,,,5,1,6,1,,1,,,,,,,ok,outputs/pdfs_full/수학과__MAT4071__정수론2.pdf,,14
H0002256,H0003560,수학과,MAT4072,집합과논리,2023,2,2014/1 ~ 2023/2,수학과,14.55,23.64,14.55,12.73,23.64,10.91,,,,,,,8,13,8,7,13,6,,,,,,,ok,outputs/pdfs_full/수학과__MAT4072__집합과논리.pdf,,55
H0002256,H0003560,수학과,MAT4073,확률론,2025,2,2016/1 ~ 2030/2,수학과,31.25,31.25,18.75,6.25,12.5,,,,,,,,5,5,3,1,2,,,,,,,,ok,outputs/pdfs_full/수학과__MAT4073__확률론.pdf,,16
H0002256,H0003560,수학과,MAT4075,수학연구캡스톤디자인1,2022,1,2016/1 ~ 2022/2,수학과,100,,,,,,,,,,,,6,,,,,,,,,,,,ok,outputs/pdfs_full/수학과__MAT4075__수학연구캡스톤디자인1.pdf,,6
H0002256,H0003560,수학과,MAT4084,금융통계방법론,2018,1,2016/1 ~ 2018/2,수학과,12.5,25,25,12.5,6.25,18.75,,,,,,,2,4,4,2,1,3,,,,,,,ok,outputs/pdfs_full/수학과__MAT4084__금융통계방법론.pdf,,16
H0002256,H0003560,수학과,MAT4085,기하및위상특강,2015,2,2016/1 ~ 2018/2,수학과,50,25,12.5,,12.5,,,,,,,,4,2,1,,1,,,,,,,,ok,outputs/pdfs_full/수학과__MAT4085__기하및위상특강.pdf,,8
H0002256,H0003560,수학과,MAT4092,암호론PBL,2026,1,2023/1 ~ 2030/2,수학과,36.84,52.63,10.53,,,,,,,,,,7,10,2,,,,,,,,,,ok,outputs/pdfs_full/수학과__MAT4092__암호론PBL.pdf,,19
H0002256,H0002725,수학교육과,MAT4098,수학과현장수업연구,2024,2,2024/2 ~ 2025/2,수학교육과,100,,,,,,,,,,,,3,,,,,,,,,,,,ok,outputs/pdfs_full/수학교육과__MAT4098__수학과현장수업연구.pdf,,3
H0002256,H0002601,의학과,MED1012,생리학및실습,2008,1,1997/1 ~ 2008/2,의학과(학부/서울),1.77,10.62,14.16,17.7,21.24,16.81,16.81,0.88,,,,,2,12,16,20,24,19,19,1,,,,,ok,outputs/pdfs_full/의학과__MED1012__생리학및실습.pdf,,113
H0002256,H0002601,의학과,MED1013,미생물학및실습,2008,2,1997/1 ~ 2008/2,의학과(학부/서울),15.25,25.42,24.58,16.95,15.25,2.54,,,,,,,18,30,29,20,18,3,,,,,,,ok,outputs/pdfs_full/의학과__MED1013__미생물학및실습.pdf,,118
H0002256,H0002601,의학과,MED1014,생화학및실습,2008,1,1997/1 ~ 2008/2,의학과(학부/서울),15.04,27.43,23.01,15.93,8.85,5.31,2.65,1.77,,,,,17,31,26,18,10,6,3,2,,,,,ok,outputs/pdfs_full/의학과__MED1014__생화학및실습.pdf,,113
H0002256,H0002601,의학과,MED1015,약리학및실습,2008,2,1997/1 ~ 2008/2,의학과(학부/서울),10.71,11.61,13.39,21.43,25.89,8.04,7.14,,,,,,12,13,15,24,29,9,8,,,,,,ok,outputs/pdfs_full/의학과__MED1015__약리학및실습.pdf,,110
H0002256,H0002599,의예과,MED1030,유전학및실습,2016,2,1998/1 ~ 2016/2,의예과(학부/서울),6.58,10.53,19.74,19.74,17.11,18.42,3.95,3.95,,,,,5,8,15,15,13,14,3,3,,,,,ok,outputs/pdfs_full/의예과__MED1030__유전학및실습.pdf,,76
H0002256,H0002601,의학과,MED1031,해부학및실습,2008,1,1997/1 ~ 2008/2,의학과(학부/서울),1.77,15.04,31.86,27.43,15.04,3.54,3.54,1.77,,,,,2,17,36,31,17,4,4,2,,,,,ok,outputs/pdfs_full/의학과__MED1031__해부학및실습.pdf,,113
H0002256,H0002599,의예과,MED1033,의학영양학,2017,1,2002/1 ~ 2017/1,의예과(학부/서울),4,8,18.67,24,16,10.67,9.33,9.33,,,,,3,6,14,18,12,8,7,7,,,,,ok,outputs/pdfs_full/의예과__MED1033__의학영양학.pdf,,75
H0002256,H0002601,의학과,MED1037,인체의구조,2025,2,2009/1 ~ 2027/2,의학과(학부/서울),1.08,18.28,26.88,22.58,15.05,7.53,7.53,1.08,,,,,1,17,25,21,14,7,7,1,,,,,ok,outputs/pdfs_full/의학과__MED1037__인체의구조.pdf,,93
H0002256,H0002601,의학과,MED1038,의학생화학,2025,2,2009/1 ~ 2027/2,의학과(학부/서울),26.88,34.41,10.75,11.83,8.6,4.3,3.23,,,,,,25,32,10,11,8,4,3,,,,,,ok,outputs/pdfs_full/의학과__MED1038__의학생화학.pdf,,93
H0002256,H0002601,의학과,MED1039,면역학총론,2025,2,2009/1 ~ 2027/2,의학과(학부/서울),2.15,9.68,18.28,18.28,15.05,18.28,10.75,7.53,,,,,2,9,17,17,14,17,10,7,,,,,ok,outputs/pdfs_full/의학과__MED1039__면역학총론.pdf,,93
H0002256,H0002601,의학과,MED1040,병리학총론및실습,2025,2,2009/1 ~ 2027/2,의학과(학부/서울),21.51,32.26,22.58,13.98,5.38,4.3,,,,,,,20,30,21,13,5,4,,,,,,,ok,outputs/pdfs_full/의학과__MED1040__병리학총론및실습.pdf,,93
H0002256,H0002601,의학과,MED1041,의학미생물학,2025,2,2009/1 ~ 2027/2,의학과(학부/서울),1.08,5.38,13.98,19.35,23.66,17.2,15.05,4.3,,,,,1,5,13,18,22,16,14,4,,,,,ok,outputs/pdfs_full/의학과__MED1041__의학미생물학.pdf,,93
H0002256,H0002601,의학과,MED1042,약리학개론,2025,2,2009/1 ~ 2027/2,의학과(학부/서울),37.63,45.16,10.75,4.3,2.15,,,,,,,,35,42,10,4,2,,,,,,,,ok,outputs/pdfs_full/의학과__MED1042__약리학개론.pdf,,93
H0002256,H0002601,의학과,MED1043,예방의학및실습,2025,2,2009/1 ~ 2027/2,의학과(학부/서울),2.15,16.13,34.41,26.88,12.9,6.45,1.08,,,,,,2,15,32,25,12,6,1,,,,,,ok,outputs/pdfs_full/의학과__MED1043__예방의학및실습.pdf,,93
H0002256,H0002601,의학과,MED1044,의학생리학,2025,2,2009/1 ~ 2027/2,의학과(학부/서울),2.15,5.38,9.68,13.98,48.39,18.28,2.15,,,,,,2,5,9,13,45,17,2,,,,,,ok,outputs/pdfs_full/의학과__MED1044__의학생리학.pdf,,93
H0002256,H0002601,의학과,MED1045,임상의학입문,2025,2,2009/1 ~ 2027/2,의학과(학부/서울),17.02,60.64,13.83,3.19,4.26,1.06,,,,,,,16,57,13,3,4,1,,,,,,,ok,outputs/pdfs_full/의학과__MED1045__임상의학입문.pdf,,94
H0002256,H0002601,의학과,MED1046,근골격학,2025,2,2009/1 ~ 2027/2,의학과(학부/서울),1.06,26.6,30.85,19.15,11.7,6.38,4.26,,,,,,1,25,29,18,11,6,4,,,,,,ok,outputs/pdfs_full/의학과__MED1046__근골격학.pdf,,94
H0002256,H0002601,의학과,MED1047,감각계,2025,2,2009/1 ~ 2027/2,의학과(학부/서울),3.19,20.21,32.98,12.77,8.51,13.83,6.38,2.13,,,,,3,19,31,12,8,13,6,2,,,,,ok,outputs/pdfs_full/의학과__MED1047__감각계.pdf,,94
H0002256,H0002601,의학과,MED1048,정신과행동,2025,2,2009/1 ~ 2027/2,의학과(학부/서울),46.81,30.85,12.77,4.26,4.26,1.06,,,,,,,44,29,12,4,4,1,,,,,,,ok,outputs/pdfs_full/의학과__MED1048__정신과행동.pdf,,94
H0002256,H0002601,의학과,MED1049,환자.의사.사회1-2,2025,2,2009/1 ~ 2027/2,의학과(학부/서울),9.57,35.11,39.36,8.51,6.38,,1.06,,,,,,9,33,37,8,6,,1,,,,,,ok,outputs/pdfs_full/의학과__MED1049__환자.의사.사회1-2.pdf,,94
H0002256,H0002601,의학과,MED1050,신경학,2025,2,2009/1 ~ 2027/2,의학과(학부/서울),4.26,32.98,26.6,8.51,10.64,9.57,6.38,1.06,,,,,4,31,25,8,10,9,6,1,,,,,ok,outputs/pdfs_full/의학과__MED1050__신경학.pdf,,94
H0002256,H0002601,의학과,MED1051,의학연구프로젝트1,2025,2,2020/2 ~ 2027/2,의학과(학부/서울),86.67,6.67,,,,6.67,,,,,,,13,1,,,,1,,,,,,,ok,outputs/pdfs_full/의학과__MED1051__의학연구프로젝트1.pdf,,15
H0002256,H0002601,의학과,MED1052,초급문제중심학습,2025,2,2020/2 ~ 2027/2,의학과(학부/서울),4.26,22.34,23.4,22.34,19.15,3.19,4.26,1.06,,,,,4,21,22,21,18,3,4,1,,,,,ok,outputs/pdfs_full/의학과__MED1052__초급문제중심학습.pdf,,94
H0002256,H0002601,의학과,MED2008,기생충학및실습,2025,2,1990/1 ~ 2027/2,의학과(학부/서울),13.98,24.73,31.18,8.6,8.6,6.45,6.45,,,,,,13,23,29,8,8,6,6,,,,,,ok,outputs/pdfs_full/의학과__MED2008__기생충학및실습.pdf,,93
H0002256,H0002599,의예과,MED2010,유전학,2025,2,1990/1 ~ 2028/2,의예과(학부/서울),22.34,20.21,26.6,12.77,11.7,5.32,1.06,,,,,,21,19,25,12,11,5,1,,,,,,ok,outputs/pdfs_full/의예과__MED2010__유전학.pdf,,94
H0002256,H0002601,의학과,MED2051,제1시기종합평가,2025,2,1998/1 ~ 2027/2,의학과(학부/서울),7.61,7.61,9.78,17.39,26.09,11.96,13.04,6.52,,,,,7,7,9,16,24,11,12,6,,,,,ok,outputs/pdfs_full/의학과__MED2051__제1시기종합평가.pdf,,92
H0002256,H0002599,의예과,MED2065,한의학개론1,2017,2,2003/1 ~ 2017/2,의예과(학부/서울),9.59,9.59,6.85,15.07,24.66,12.33,6.85,15.07,,,,,7,7,5,11,18,9,5,11,,,,,ok,outputs/pdfs_full/의예과__MED2065__한의학개론1.pdf,,73
H0002256,H0002601,의학과,MED2078,심혈관학,2025,2,2010/1 ~ 2028/2,의학과(학부/서울),5.26,28.95,27.63,17.11,10.53,3.95,5.26,1.32,,,,,4,22,21,13,8,3,4,1,,,,,ok,outputs/pdfs_full/의학과__MED2078__심혈관학.pdf,,76
H0002256,H0002601,의학과,MED2079,호흡기학,2025,2,2010/1 ~ 2028/2,의학과(학부/서울),2.63,21.05,25,19.74,13.16,14.47,2.63,1.32,,,,,2,16,19,15,10,11,2,1,,,,,ok,outputs/pdfs_full/의학과__MED2079__호흡기학.pdf,,76
H0002256,H0002601,의학과,MED2080,신장과요로,2025,2,2010/1 ~ 2028/2,의학과(학부/서울),6.58,13.16,31.58,18.42,13.16,9.21,6.58,1.32,,,,,5,10,24,14,10,7,5,1,,,,,ok,outputs/pdfs_full/의학과__MED2080__신장과요로.pdf,,76
H0002256,H0002601,의학과,MED2081,소화기학,2025,2,2010/1 ~ 2028/2,의학과(학부/서울),15.79,27.63,23.68,21.05,11.84,,,,,,,,12,21,18,16,9,,,,,,,,ok,outputs/pdfs_full/의학과__MED2081__소화기학.pdf,,76
H0002256,H0002601,의학과,MED2082,내분비대사,2025,2,2010/1 ~ 2028/2,의학과(학부/서울),7.89,14.47,32.89,13.16,11.84,7.89,9.21,2.63,,,,,6,11,25,10,9,6,7,2,,,,,ok,outputs/pdfs_full/의학과__MED2082__내분비대사.pdf,,76
H0002256,H0002601,의학과,MED2083,생식의학,2025,2,2010/1 ~ 2028/2,의학과(학부/서울),2.63,23.68,19.74,18.42,19.74,10.53,3.95,1.32,,,,,2,18,15,14,15,8,3,1,,,,,ok,outputs/pdfs_full/의학과__MED2083__생식의학.pdf,,76
H0002256,H0002601,의학과,MED2084,환자.의사.사회2-1,2025,2,2010/1 ~ 2028/2,의학과(학부/서울),5.26,21.05,28.95,26.32,14.47,3.95,,,,,,,4,16,22,20,11,3,,,,,,,ok,outputs/pdfs_full/의학과__MED2084__환자.의사.사회2-1.pdf,,76
H0002256,H0002601,의학과,MED2085,면역,2025,2,2010/1 ~ 2028/2,의학과(학부/서울),21.05,40.79,17.11,13.16,6.58,1.32,,,,,,,16,31,13,10,5,1,,,,,,,ok,outputs/pdfs_full/의학과__MED2085__면역.pdf,,76
H0002256,H0002601,의학과,MED2086,감염,2025,2,2010/1 ~ 2028/2,의학과(학부/서울),14.47,27.63,26.32,11.84,7.89,6.58,5.26,,,,,,11,21,20,9,6,5,4,,,,,,ok,outputs/pdfs_full/의학과__MED2086__감염.pdf,,76
H0002256,H0002601,의학과,MED2087,혈액과종양,2025,2,2010/1 ~ 2028/2,의학과(학부/서울),17.11,31.58,19.74,13.16,10.53,2.63,5.26,,,,,,13,24,15,10,8,2,4,,,,,,ok,outputs/pdfs_full/의학과__MED2087__혈액과종양.pdf,,76
H0002256,H0002601,의학과,MED2088,직업병및손상,2025,2,2010/1 ~ 2028/2,의학과(학부/서울),7.89,27.63,21.05,30.26,10.53,1.32,1.32,,,,,,6,21,16,23,8,1,1,,,,,,ok,outputs/pdfs_full/의학과__MED2088__직업병및손상.pdf,,76
H0002256,H0002601,의학과,MED2089,출생과성장,2025,2,2010/1 ~ 2028/2,의학과(학부/서울),3.95,36.84,26.32,19.74,7.89,5.26,,,,,,,3,28,20,15,6,4,,,,,,,ok,outputs/pdfs_full/의학과__MED2089__출생과성장.pdf,,76
H0002256,H0002601,의학과,MED2090,노화,2025,2,2010/1 ~ 2028/2,의학과(학부/서울),31.58,32.89,19.74,9.21,5.26,,1.32,,,,,,24,25,15,7,4,,1,,,,,,ok,outputs/pdfs_full/의학과__MED2090__노화.pdf,,76
H0002256,H0002601,의학과,MED2092,환자.의사.사회2-2,2025,2,2010/1 ~ 2028/2,의학과(학부/서울),19.74,36.84,30.26,11.84,1.32,,,,,,,,15,28,23,9,1,,,,,,,,ok,outputs/pdfs_full/의학과__MED2092__환자.의사.사회2-2.pdf,,76
H0002256,H0002601,의학과,MED2093,제2시기종합평가,2025,2,2015/1 ~ 2028/2,의학과(학부/서울),7.89,18.42,19.74,11.84,18.42,14.47,5.26,3.95,,,,,6,14,15,9,14,11,4,3,,,,,ok,outputs/pdfs_full/의학과__MED2093__제2시기종합평가.pdf,,76
H0002256,H0002601,의학과,MED2094,의학연구프로젝트2,2025,2,2021/2 ~ 2028/2,의학과(학부/서울),100,,,,,,,,,,,,3,,,,,,,,,,,,ok,outputs/pdfs_full/의학과__MED2094__의학연구프로젝트2.pdf,,3
H0002256,H0002601,의학과,MED2095,중급문제중심학습,2025,2,2021/1 ~ 2028/2,의학과(학부/서울),13.16,25,18.42,14.47,10.53,11.84,6.58,,,,,,10,19,14,11,8,9,5,,,,,,ok,outputs/pdfs_full/의학과__MED2095__중급문제중심학습.pdf,,76
H0002256,H0002601,의학과,MED2096,고급문제중심학습,2025,2,2020/2 ~ 2028/2,의학과(학부/서울),10.53,31.58,17.11,18.42,13.16,7.89,,1.32,,,,,8,24,13,14,10,6,,1,,,,,ok,outputs/pdfs_full/의학과__MED2096__고급문제중심학습.pdf,,76
H0002256,H0002601,의학과,MED2097,환자.의사.사회1-1,2025,2,2024/1 ~ 2027/2,의학과(학부/서울),6.45,29.03,36.56,17.2,7.53,3.23,,,,,,,6,27,34,16,7,3,,,,,,,ok,outputs/pdfs_full/의학과__MED2097__환자.의사.사회1-1.pdf,,93
H0002256,H0002601,의학과,MED3054,정형외과학및임상실습,2025,2,1995/1 ~ 2029/2,의학과(학부/서울),5.71,18.57,24.29,17.14,20,8.57,4.29,1.43,,,,,4,13,17,12,14,6,3,1,,,,,ok,outputs/pdfs_full/의학과__MED3054__정형외과학및임상실습.pdf,,70
H0002256,H0002601,의학과,MED3055,신경외과학및임상실습,2026,1,1995/1 ~ 2030/2,의학과(학부/서울),10.61,12.12,68.18,9.09,,,,,,,,,7,8,45,6,,,,,,,,,ok,outputs/pdfs_full/의학과__MED3055__신경외과학및임상실습.pdf,,66
H0002256,H0002601,의학과,MED3056,흉부외과학및임상실습,2026,1,1995/1 ~ 2030/2,의학과(학부/서울),4.55,27.27,33.33,27.27,7.58,,,,,,,,3,18,22,18,5,,,,,,,,ok,outputs/pdfs_full/의학과__MED3056__흉부외과학및임상실습.pdf,,66
H0002256,H0002601,의학과,MED3057,성형외과학및임상실습,2026,1,1995/1 ~ 2030/2,의학과(학부/서울),16.67,24.24,39.39,13.64,6.06,,,,,,,,11,16,26,9,4,,,,,,,,ok,outputs/pdfs_full/의학과__MED3057__성형외과학및임상실습.pdf,,66
H0002256,H0002601,의학과,MED3058,안과학및임상실습,2026,1,1995/1 ~ 2030/2,의학과(학부/서울),7.58,30.3,42.42,10.61,7.58,1.52,,,,,,,5,20,28,7,5,1,,,,,,,ok,outputs/pdfs_full/의학과__MED3058__안과학및임상실습.pdf,,66
H0002256,H0002601,의학과,MED3059,이비인후과학및임상실습,2026,1,1995/1 ~ 2030/2,의학과(학부/서울),13.64,28.79,43.94,12.12,1.52,,,,,,,,9,19,29,8,1,,,,,,,,ok,outputs/pdfs_full/의학과__MED3059__이비인후과학및임상실습.pdf,,66
H0002256,H0002601,의학과,MED3060,피부과학및임상실습,2026,1,1995/1 ~ 2030/2,의학과(학부/서울),1.52,34.85,43.94,19.7,,,,,,,,,1,23,29,13,,,,,,,,,ok,outputs/pdfs_full/의학과__MED3060__피부과학및임상실습.pdf,,66
H0002256,H0002601,의학과,MED3061,비뇨의학및임상실습,2026,1,1995/1 ~ 2030/2,의학과(학부/서울),4.55,21.21,34.85,25.76,12.12,1.52,,,,,,,3,14,23,17,8,1,,,,,,,ok,outputs/pdfs_full/의학과__MED3061__비뇨의학및임상실습.pdf,,66
H0002256,H0002601,의학과,MED3065,신경과학및임상실습,2025,2,1995/1 ~ 2029/2,의학과(학부/서울),2.86,32.86,40,21.43,2.86,,,,,,,,2,23,28,15,2,,,,,,,,ok,outputs/pdfs_full/의학과__MED3065__신경과학및임상실습.pdf,,70
H0002256,H0002601,의학과,MED3066,재활의학및임상실습,2026,1,1995/1 ~ 2030/2,의학과(학부/서울),16.67,28.79,30.3,18.18,6.06,,,,,,,,11,19,20,12,4,,,,,,,,ok,outputs/pdfs_full/의학과__MED3066__재활의학및임상실습.pdf,,66
H0002256,H0002601,의학과,MED3067,가정의학및임상실습,2026,1,1995/1 ~ 2030/2,의학과(학부/서울),24.24,33.33,27.27,7.58,3.03,4.55,,,,,,,16,22,18,5,2,3,,,,,,,ok,outputs/pdfs_full/의학과__MED3067__가정의학및임상실습.pdf,,66
H0002256,H0002601,의학과,MED3068,방사선종양학및임상실습,2026,1,1995/1 ~ 2030/2,의학과(학부/서울),42.86,21.43,28.57,,7.14,,,,,,,,6,3,4,,1,,,,,,,,ok,outputs/pdfs_full/의학과__MED3068__방사선종양학및임상실습.pdf,,14
H0002256,H0002601,의학과,MED3075,임상종합강의,2026,1,2000/1 ~ 2030/2,의학과(학부/서울),90.91,4.55,3.03,1.52,,,,,,,,,60,3,2,1,,,,,,,,,ok,outputs/pdfs_full/의학과__MED3075__임상종합강의.pdf,,66
H0002256,H0002601,의학과,MED3085,진단검사의학및임상실습,2025,2,2003/1 ~ 2029/2,의학과(학부/서울),10,40,30,17.14,1.43,1.43,,,,,,,7,28,21,12,1,1,,,,,,,ok,outputs/pdfs_full/의학과__MED3085__진단검사의학및임상실습.pdf,,70
H0002256,H0002601,의학과,MED3090,내과학및임상실습,2025,2,2007/1 ~ 2029/2,의학과(학부/서울),8.57,20,30,24.29,8.57,7.14,1.43,,,,,,6,14,21,17,6,5,1,,,,,,ok,outputs/pdfs_full/의학과__MED3090__내과학및임상실습.pdf,,70
H0002256,H0002601,의학과,MED3091,정신건강의학및임상실습,2025,2,2007/1 ~ 2029/2,의학과(학부/서울),2.86,25.71,50,15.71,4.29,1.43,,,,,,,2,18,35,11,3,1,,,,,,,ok,outputs/pdfs_full/의학과__MED3091__정신건강의학및임상실습.pdf,,70
H0002256,H0002601,의학과,MED3092,외과학및임상실습,2025,2,2007/1 ~ 2029/2,의학과(학부/서울),2.86,22.86,54.29,12.86,7.14,,,,,,,,2,16,38,9,5,,,,,,,,ok,outputs/pdfs_full/의학과__MED3092__외과학및임상실습.pdf,,70
H0002256,H0002601,의학과,MED3093,소아청소년과학및임상실습,2025,2,2007/1 ~ 2029/2,의학과(학부/서울),8.57,41.43,32.86,15.71,1.43,,,,,,,,6,29,23,11,1,,,,,,,,ok,outputs/pdfs_full/의학과__MED3093__소아청소년과학및임상실습.pdf,,70
H0002256,H0002601,의학과,MED3094,산부인과학및임상실습,2025,2,2007/1 ~ 2029/2,의학과(학부/서울),2.86,25.71,30,21.43,12.86,7.14,,,,,,,2,18,21,15,9,5,,,,,,,ok,outputs/pdfs_full/의학과__MED3094__산부인과학및임상실습.pdf,,70
H0002256,H0002601,의학과,MED3095,환자.의사.사회4-1,2026,1,2011/1 ~ 2030/2,의학과(학부/서울),13.64,34.85,25.76,15.15,9.09,1.52,,,,,,,9,23,17,10,6,1,,,,,,,ok,outputs/pdfs_full/의학과__MED3095__환자.의사.사회4-1.pdf,,66
H0002256,H0002601,의학과,MED3097,종합선택실습1,2023,2,2011/1 ~ 2029/2,의학과(학부/서울),,,,,,,,,,100,,,,,,,,,,,,110,,,ok,outputs/pdfs_full/의학과__MED3097__종합선택실습1.pdf,,110
H0002256,H0002601,의학과,MED3099,기본임상술기1,2019,2,2012/1 ~ 2025/2,의학과(학부/서울),7.07,23.23,30.3,24.24,11.11,3.03,1.01,,,,,,7,23,30,24,11,3,1,,,,,,ok,outputs/pdfs_full/의학과__MED3099__기본임상술기1.pdf,,99
H0002256,H0002601,의학과,MED3100,환자.의사.사회3-1,2025,2,2014/1 ~ 2029/2,의학과(학부/서울),14.29,64.29,18.57,2.86,,,,,,,,,10,45,13,2,,,,,,,,,ok,outputs/pdfs_full/의학과__MED3100__환자.의사.사회3-1.pdf,,70
H0002256,H0002601,의학과,MED4080,지역사회의학임상실습,2026,1,1996/1 ~ 2030/2,의학과(학부/서울),81.82,18.18,,,,,,,,,,,54,12,,,,,,,,,,,ok,outputs/pdfs_full/의학과__MED4080__지역사회의학임상실습.pdf,,66
H0002256,H0002601,의학과,MED4081,임상종합평가,2025,2,1996/1 ~ 2029/2,의학과(학부/서울),,1.43,,21.43,22.86,30,18.57,5.71,,,,,,1,,15,16,21,13,4,,,,,ok,outputs/pdfs_full/의학과__MED4081__임상종합평가.pdf,,70
H0002256,H0002601,의학과,MED4093,마취통증의학및임상실습,2026,1,2003/1 ~ 2030/2,의학과(학부/서울),9.09,28.79,59.09,3.03,,,,,,,,,6,19,39,2,,,,,,,,,ok,outputs/pdfs_full/의학과__MED4093__마취통증의학및임상실습.pdf,,66
H0002256,H0002601,의학과,MED4094,응급의학및임상실습,2026,1,2008/1 ~ 2030/2,의학과(학부/서울),4.55,31.82,42.42,16.67,4.55,,,,,,,,3,21,28,11,3,,,,,,,,ok,outputs/pdfs_full/의학과__MED4094__응급의학및임상실습.pdf,,66
H0002256,H0002601,의학과,MED4095,핵의학및임상실습,2026,1,2008/1 ~ 2030/2,의학과(학부/서울),6.67,46.67,33.33,6.67,6.67,,,,,,,,1,7,5,1,1,,,,,,,,ok,outputs/pdfs_full/의학과__MED4095__핵의학및임상실습.pdf,,15
H0002256,H0002601,의학과,MED4096,진료수행평가CPX,2026,1,2005/1 ~ 2030/2,의학과(학부/서울),1.52,10.61,9.09,27.27,19.7,24.24,7.58,,,,,,1,7,6,18,13,16,5,,,,,,ok,outputs/pdfs_full/의학과__MED4096__진료수행평가CPX.pdf,,66
H0002256,H0002601,의학과,MED4097,직업환경의학및임상실습,2026,1,2008/1 ~ 2030/2,의학과(학부/서울),,38.89,44.44,11.11,5.56,,,,,,,,,7,8,2,1,,,,,,,,ok,outputs/pdfs_full/의학과__MED4097__직업환경의학및임상실습.pdf,,18
H0002256,H0002601,의학과,MED4099,영상의학및임상실습,2025,2,2011/1 ~ 2029/2,의학과(학부/서울),12.86,24.29,24.29,20,5.71,7.14,4.29,1.43,,,,,9,17,17,14,4,5,3,1,,,,,ok,outputs/pdfs_full/의학과__MED4099__영상의학및임상실습.pdf,,70
H0002256,H0002601,의학과,MED5042,임상종합평가1,2026,1,2012/1 ~ 2030/2,의학과(학부/서울),1.52,3.03,19.7,16.67,31.82,15.15,9.09,3.03,,,,,1,2,13,11,21,10,6,2,,,,,ok,outputs/pdfs_full/의학과__MED5042__임상종합평가1.pdf,,66
H0002256,H0002601,의학과,MED5043,종합선택실습2,2026,1,2012/1 ~ 2030/2,의학과(학부/서울),,,,,,,,,,100,,,,,,,,,,,,66,,,ok,outputs/pdfs_full/의학과__MED5043__종합선택실습2.pdf,,66
H0002256,H0002601,의학과,MED5044,종합선택실습3,2024,2,2012/1 ~ 2030/2,의학과(학부/서울),,,,,,,,,,100,,,,,,,,,,,,5,,,ok,outputs/pdfs_full/의학과__MED5044__종합선택실습3.pdf,,5
H0002256,H0002601,의학과,MED5045,임상종합평가2,2026,1,2012/1 ~ 2030/2,의학과(학부/서울),1.52,10.61,21.21,19.7,30.3,10.61,4.55,1.52,,,,,1,7,14,13,20,7,3,1,,,,,ok,outputs/pdfs_full/의학과__MED5045__임상종합평가2.pdf,,66
H0002256,H0002601,의학과,MED5046,병리학및임상실습,2026,1,2012/1 ~ 2030/2,의학과(학부/서울),15.79,21.05,57.89,5.26,,,,,,,,,3,4,11,1,,,,,,,,,ok,outputs/pdfs_full/의학과__MED5046__병리학및임상실습.pdf,,19
H0002256,H0002601,의학과,MED5047,임상수기평가,2026,1,2012/1 ~ 2030/2,의학과(학부/서울),31.82,28.79,19.7,16.67,1.52,,1.52,,,,,,21,19,13,11,1,,1,,,,,,ok,outputs/pdfs_full/의학과__MED5047__임상수기평가.pdf,,66
H0002256,H0002517,건설환경공학과,MEE3003,유체역학1,2026,1,2010/1 ~ 2013/2,건설환경공학과(학부/서울),8.65,14.9,19.23,21.63,10.58,17.31,3.37,3.37,,,,,18,31,40,45,22,36,7,7,,,,,ok,outputs/pdfs_full/건설환경공학과__MEE3003__유체역학1.pdf,,206
H0002256,H0002517,건설환경공학과,MEE3004,유체역학2,2025,2,2010/1 ~ 2013/2,건설환경공학과(학부/서울),12.5,21.09,17.97,14.06,10.16,9.38,6.25,8.59,,,,,16,27,23,18,13,12,8,11,,,,,ok,outputs/pdfs_full/건설환경공학과__MEE3004__유체역학2.pdf,,128
H0002256,H0002517,건설환경공학과,MEE3007,유체역학,2026,1,2014/1 ~ 2028/2,건설환경공학과(학부/서울),18.63,16.67,19.61,16.67,15.69,6.86,1.96,,,,3.92,,19,17,20,17,16,7,2,,,,4,,ok,outputs/pdfs_full/건설환경공학과__MEE3007__유체역학.pdf,,102
H0002256,H0004800,미래자동차기술융합전공,MEE3008,로보트공학,2026,1,2019/1 ~ 2030/2,미래자동차기술융합전공,17.78,13.33,13.33,26.67,11.11,17.78,,,,,,,8,6,6,12,5,8,,,,,,,ok,outputs/pdfs_full/미래자동차기술융합전공__MEE3008__로보트공학.pdf,,45
H0002256,H0004800,미래자동차기술융합전공,MEE4001,열전달,2025,2,2018/1 ~ 2029/2,미래자동차기술융합전공,16.88,11.69,29.87,11.69,16.88,6.49,1.95,4.55,,,,,26,18,46,18,26,10,3,7,,,,,ok,outputs/pdfs_full/미래자동차기술융합전공__MEE4001__열전달.pdf,,154
H0002256,H0002520,전기공학전공,MEE4011,계측공학,2025,1,2010/1 ~ 2013/2,전기공학전공(학부/서울),13.79,17.24,34.48,10.34,13.79,10.34,,,,,,,4,5,10,3,4,3,,,,,,,ok,outputs/pdfs_full/전기공학전공__MEE4011__계측공학.pdf,,29
H0002256,H0004800,미래자동차기술융합전공,MEE4035,차량동역학시스템,2025,2,2019/2 ~ 2030/2,미래자동차기술융합전공,17.78,13.33,33.33,4.44,13.33,11.11,,,,,6.67,,8,6,15,2,6,5,,,,,3,,ok,outputs/pdfs_full/미래자동차기술융합전공__MEE4035__차량동역학시스템.pdf,,45
H0002256,H0002560,자원환경공학과,MME1002,지구과학개론,2024,2,2009/1 ~ 2024/2,자원환경공학과(학부/서울),17.39,17.39,30.43,13.04,13.04,4.35,4.35,,,,,,4,4,7,3,3,1,1,,,,,,ok,outputs/pdfs_full/자원환경공학과__MME1002__지구과학개론.pdf,,23
H0002256,H0002560,자원환경공학과,MME2006,광상학,2022,2,2010/1 ~ 2023/1,자원환경공학과(학부/서울),31.58,10.53,31.58,21.05,5.26,,,,,,,,6,2,6,4,1,,,,,,,,ok,outputs/pdfs_full/자원환경공학과__MME2006__광상학.pdf,,19
H0002256,H0002560,자원환경공학과,MME2007,친환경에너지공학개론,2026,1,2010/1 ~ 2028/2,자원환경공학과(학부/서울),32,,40,,28,,,,,,,,8,,10,,7,,,,,,,,ok,outputs/pdfs_full/자원환경공학과__MME2007__친환경에너지공학개론.pdf,,25
H0002256,H0002560,자원환경공학과,MME2009,석유천연가스공학,2025,2,2010/1 ~ 2028/2,자원환경공학과(학부/서울),41.67,41.67,,8.33,,8.33,,,,,,,5,5,,1,,1,,,,,,,ok,outputs/pdfs_full/자원환경공학과__MME2009__석유천연가스공학.pdf,,12
H0002256,H0002560,자원환경공학과,MME2012,미립자공학개론,2016,2,2010/1 ~ 2016/2,자원환경공학과(학부/서울),12,16,28,8,16,16,,,,4,,,3,4,7,2,4,4,,,,1,,,ok,outputs/pdfs_full/자원환경공학과__MME2012__미립자공학개론.pdf,,25
H0002256,H0002560,자원환경공학과,MME2018,석유지질학,2024,1,2010/1 ~ 2024/2,자원환경공학과(학부/서울),16,16,20,20,16,12,,,,,,,4,4,5,5,4,3,,,,,,,ok,outputs/pdfs_full/자원환경공학과__MME2018__석유지질학.pdf,,25
H0002256,H0002560,자원환경공학과,MME2019,에너지자원지질,2025,1,2025/1 ~ 2028/2,자원환경공학과(학부/서울),13.64,13.64,22.73,22.73,9.09,18.18,,,,,,,3,3,5,5,2,4,,,,,,,ok,outputs/pdfs_full/자원환경공학과__MME2019__에너지자원지질.pdf,,22
H0002256,H0002560,자원환경공학과,MME2053,자원경제원론,2026,1,2011/1 ~ 2028/2,자원환경공학과(학부/서울),26.67,36.67,23.33,13.33,,,,,,,,,8,11,7,4,,,,,,,,,ok,outputs/pdfs_full/자원환경공학과__MME2053__자원경제원론.pdf,,30
H0002256,H0002560,자원환경공학과,MME2054,탄성파탐사의원리,2025,2,2017/1 ~ 2028/2,자원환경공학과(학부/서울),25,8.33,25,8.33,16.67,16.67,,,,,,,3,1,3,1,2,2,,,,,,,ok,outputs/pdfs_full/자원환경공학과__MME2054__탄성파탐사의원리.pdf,,12
H0002256,H0002560,자원환경공학과,MME2055,분리공학개론,2025,2,2017/1 ~ 2025/2,자원환경공학과(학부/서울),58.82,17.65,23.53,,,,,,,,,,10,3,4,,,,,,,,,,ok,outputs/pdfs_full/자원환경공학과__MME2055__분리공학개론.pdf,,17
H0002256,H0002560,자원환경공학과,MME3016,자원경제성평가,2026,1,1994/1 ~ 2030/2,자원환경공학과(학부/서울),60,33.33,6.67,,,,,,,,,,9,5,1,,,,,,,,,,ok,outputs/pdfs_full/자원환경공학과__MME3016__자원경제성평가.pdf,,15
H0002256,H0002560,자원환경공학과,MME3019,중력및자력탐사,2016,2,1995/1 ~ 2016/2,자원환경공학과(학부/서울),18.18,9.09,31.82,13.64,18.18,9.09,,,,,,,4,2,7,3,4,2,,,,,,,ok,outputs/pdfs_full/자원환경공학과__MME3019__중력및자력탐사.pdf,,22
H0002256,H0002560,자원환경공학과,MME3022,탄성파탐사,2016,1,1995/1 ~ 2016/2,자원환경공학과(학부/서울),13.79,13.79,31.03,13.79,10.34,13.79,,3.45,,,,,4,4,9,4,3,4,,1,,,,,ok,outputs/pdfs_full/자원환경공학과__MME3022__탄성파탐사.pdf,,29
H0002256,H0002517,건설환경공학과,MME3026,암반공학,2025,2,2011/1 ~ 2030/2,건설환경공학과(학부/서울),63.33,26.67,3.33,,3.33,3.33,,,,,,,19,8,1,,1,1,,,,,,,ok,outputs/pdfs_full/건설환경공학과__MME3026__암반공학.pdf,,30
H0002256,H0002560,자원환경공학과,MME3030,석유공학실험및설계,2026,1,2011/1 ~ 2029/2,자원환경공학과(학부/서울),54.55,45.45,,,,,,,,,,,6,5,,,,,,,,,,,ok,outputs/pdfs_full/자원환경공학과__MME3030__석유공학실험및설계.pdf,,11
H0002256,H0002560,자원환경공학과,MME3031,암반공학응용,2017,1,2011/1 ~ 2017/2,자원환경공학과(학부/서울),33.33,,40,,26.67,,,,,,,,5,,6,,4,,,,,,,,ok,outputs/pdfs_full/자원환경공학과__MME3031__암반공학응용.pdf,,15
H0002256,H0002560,자원환경공학과,MME3032,암반공학실험및설계,2025,2,2011/1 ~ 2029/2,자원환경공학과(학부/서울),91.67,8.33,,,,,,,,,,,11,1,,,,,,,,,,,ok,outputs/pdfs_full/자원환경공학과__MME3032__암반공학실험및설계.pdf,,12
H0002256,H0002560,자원환경공학과,MME3033,자원지질실습,2025,1,2011/1 ~ 2025/2,자원환경공학과(학부/서울),45.45,45.45,,9.09,,,,,,,,,5,5,,1,,,,,,,,,ok,outputs/pdfs_full/자원환경공학과__MME3033__자원지질실습.pdf,,11
H0002256,H0002560,자원환경공학과,MME3035,자원환경기기분석,2025,2,2025/1 ~ 2028/2,자원환경공학과(학부/서울),38.1,52.38,,,,,,9.52,,,,,8,11,,,,,,2,,,,,ok,outputs/pdfs_full/자원환경공학과__MME3035__자원환경기기분석.pdf,,21
H0002256,H0002560,자원환경공학과,MME3058,발파굴착공학,2017,2,2011/1 ~ 2017/2,자원환경공학과(학부/서울),15.79,15.79,42.11,,26.32,,,,,,,,3,3,8,,5,,,,,,,,ok,outputs/pdfs_full/자원환경공학과__MME3058__발파굴착공학.pdf,,19
H0002256,H0002560,자원환경공학과,MME3059,물리탐사실험및설계,2025,2,2011/1 ~ 2029/2,자원환경공학과(학부/서울),90.91,9.09,,,,,,,,,,,10,1,,,,,,,,,,,ok,outputs/pdfs_full/자원환경공학과__MME3059__물리탐사실험및설계.pdf,,11
H0002256,H0002560,자원환경공학과,MME3060,자원환경공정실험,2017,2,2011/1 ~ 2017/2,자원환경공학과(학부/서울),75,25,,,,,,,,,,,9,3,,,,,,,,,,,ok,outputs/pdfs_full/자원환경공학과__MME3060__자원환경공정실험.pdf,,12
H0002256,H0002560,자원환경공학과,MME3061,제련공학개론,2017,2,2011/1 ~ 2017/2,자원환경공학과(학부/서울),11.76,17.65,23.53,17.65,17.65,11.76,,,,,,,2,3,4,3,3,2,,,,,,,ok,outputs/pdfs_full/자원환경공학과__MME3061__제련공학개론.pdf,,17
H0002256,H0002560,자원환경공학과,MME3062,자원시장분석론,2025,2,2011/1 ~ 2029/2,자원환경공학과(학부/서울),53.33,33.33,,,,,,,,13.33,,,8,5,,,,,,,,2,,,ok,outputs/pdfs_full/자원환경공학과__MME3062__자원시장분석론.pdf,,15
H0002256,H0002560,자원환경공학과,MME3063,시추공학,2026,1,2011/1 ~ 2029/2,자원환경공학과(학부/서울),35.71,21.43,21.43,21.43,,,,,,,,,5,3,3,3,,,,,,,,,ok,outputs/pdfs_full/자원환경공학과__MME3063__시추공학.pdf,,14
H0002256,H0002560,자원환경공학과,MME3064,석유공학수학,2020,2,2015/1 ~ 2021/2,자원환경공학과(학부/서울),45.45,27.27,18.18,9.09,,,,,,,,,5,3,2,1,,,,,,,,,ok,outputs/pdfs_full/자원환경공학과__MME3064__석유공학수학.pdf,,11
H0002256,H0002560,자원환경공학과,MME3065,토양오염학,2017,2,2015/1 ~ 2017/2,자원환경공학과(학부/서울),25,37.5,12.5,12.5,12.5,,,,,,,,2,3,1,1,1,,,,,,,,ok,outputs/pdfs_full/자원환경공학과__MME3065__토양오염학.pdf,,8
H0002256,H0002560,자원환경공학과,MME3066,토목환경물리탐사,2024,1,2018/1 ~ 2029/2,자원환경공학과(학부/서울),21.43,7.14,42.86,,28.57,,,,,,,,3,1,6,,4,,,,,,,,ok,outputs/pdfs_full/자원환경공학과__MME3066__토목환경물리탐사.pdf,,14
H0002256,H0002560,자원환경공학과,MME3067,자원처리실험및설계,2025,2,2018/1 ~ 2029/2,자원환경공학과(학부/서울),85.19,14.81,,,,,,,,,,,23,4,,,,,,,,,,,ok,outputs/pdfs_full/자원환경공학과__MME3067__자원처리실험및설계.pdf,,27
H0002256,H0002560,자원환경공학과,MME3068,이산화탄소지중저장설계,2025,2,2020/1 ~ 2029/2,자원환경공학과(학부/서울),40.91,27.27,22.73,4.55,4.55,,,,,,,,9,6,5,1,1,,,,,,,,ok,outputs/pdfs_full/자원환경공학과__MME3068__이산화탄소지중저장설계.pdf,,22
H0002256,H0002560,자원환경공학과,MME4003,암석역학,2026,1,2010/1 ~ 2028/2,자원환경공학과(학부/서울),39.29,25,17.86,,3.57,3.57,10.71,,,,,,11,7,5,,1,1,3,,,,,,ok,outputs/pdfs_full/자원환경공학과__MME4003__암석역학.pdf,,28
H0002256,H0002560,자원환경공학과,MME4008,석유생산공학,2025,2,2012/1 ~ 2029/2,자원환경공학과(학부/서울),37.5,25,25,12.5,,,,,,,,,3,2,2,1,,,,,,,,,ok,outputs/pdfs_full/자원환경공학과__MME4008__석유생산공학.pdf,,8
H0002256,H0002517,건설환경공학과,MME4014,지하수공학,2020,1,2019/1 ~ 2022/2,건설환경공학과(학부/서울),30.77,48.72,7.69,5.13,,7.69,,,,,,,12,19,3,2,,3,,,,,,,ok,outputs/pdfs_full/건설환경공학과__MME4014__지하수공학.pdf,,39
H0002256,H0002560,자원환경공학과,MME4022,전기전자탐사,2016,1,1996/1 ~ 2017/2,자원환경공학과(학부/서울),27.27,,45.45,,27.27,,,,,,,,3,,5,,3,,,,,,,,ok,outputs/pdfs_full/자원환경공학과__MME4022__전기전자탐사.pdf,,11
H0002256,H0002560,자원환경공학과,MME4028,물리검층,2018,2,1996/1 ~ 2018/2,자원환경공학과(학부/서울),20,60,20,,,,,,,,,,1,3,1,,,,,,,,,,ok,outputs/pdfs_full/자원환경공학과__MME4028__물리검층.pdf,,5
H0002256,H0002560,자원환경공학과,MME4033,구조지질공학,2018,1,2012/1 ~ 2018/2,자원환경공학과(학부/서울),30,,50,,20,,,,,,,,3,,5,,2,,,,,,,,ok,outputs/pdfs_full/자원환경공학과__MME4033__구조지질공학.pdf,,10
H0002256,H0002560,자원환경공학과,MME4039,응용지구화학,2017,2,2011/1 ~ 2026/2,자원환경공학과(학부/서울),20,10,35,5,15,15,,,,,,,4,2,7,1,3,3,,,,,,,ok,outputs/pdfs_full/자원환경공학과__MME4039__응용지구화학.pdf,,20
H0002256,H0002560,자원환경공학과,MME4040,광해관리및설계,2015,1,2012/1 ~ 2018/2,자원환경공학과(학부/서울),22.73,9.09,27.27,9.09,31.82,,,,,,,,5,2,6,2,7,,,,,,,,ok,outputs/pdfs_full/자원환경공학과__MME4040__광해관리및설계.pdf,,22
H0002256,H0002560,자원환경공학과,MME4056,터널지하공간설계공학,2018,1,2012/1 ~ 2018/2,자원환경공학과(학부/서울),53.33,33.33,6.67,6.67,,,,,,,,,8,5,1,1,,,,,,,,,ok,outputs/pdfs_full/자원환경공학과__MME4056__터널지하공간설계공학.pdf,,15
H0002256,H0002560,자원환경공학과,MME4059,미래에너지자원공학,2025,2,2012/1 ~ 2026/2,자원환경공학과(학부/서울),28.57,42.86,14.29,14.29,,,,,,,,,2,3,1,1,,,,,,,,,ok,outputs/pdfs_full/자원환경공학과__MME4059__미래에너지자원공학.pdf,,7
H0002256,H0002560,자원환경공학과,MME4061,탐사자료처리설계,2017,2,2011/1 ~ 2017/2,자원환경공학과(학부/서울),30,,30,20,20,,,,,,,,3,,3,2,2,,,,,,,,ok,outputs/pdfs_full/자원환경공학과__MME4061__탐사자료처리설계.pdf,,10
H0002256,H0002560,자원환경공학과,MME4062,자원환경공학종합설계,2025,2,2012/1 ~ 2030/2,자원환경공학과(학부/서울),100,,,,,,,,,,,,21,,,,,,,,,,,,ok,outputs/pdfs_full/자원환경공학과__MME4062__자원환경공학종합설계.pdf,,21
H0002256,H0002560,자원환경공학과,MME4065,도시광산개발,2018,1,2012/1 ~ 2018/2,자원환경공학과(학부/서울),20,13.33,40,,20,6.67,,,,,,,3,2,6,,3,1,,,,,,,ok,outputs/pdfs_full/자원환경공학과__MME4065__도시광산개발.pdf,,15
H0002256,H0002560,자원환경공학과,MME4066,자원물질전달학,2016,1,2015/1 ~ 2018/2,자원환경공학과(학부/서울),25,41.67,16.67,16.67,,,,,,,,,3,5,2,2,,,,,,,,,ok,outputs/pdfs_full/자원환경공학과__MME4066__자원물질전달학.pdf,,12
H0002256,H0002560,자원환경공학과,MME4068,순환자원공학,2026,1,2019/1 ~ 2030/2,자원환경공학과(학부/서울),70,20,5,5,,,,,,,,,14,4,1,1,,,,,,,,,ok,outputs/pdfs_full/자원환경공학과__MME4068__순환자원공학.pdf,,20
H0002256,H0002560,자원환경공학과,MME4069,물리검층의이해,2024,1,2019/1 ~ 2030/2,자원환경공학과(학부/서울),32.14,14.29,14.29,25,14.29,,,,,,,,9,4,4,7,4,,,,,,,,ok,outputs/pdfs_full/자원환경공학과__MME4069__물리검층의이해.pdf,,28
H0002256,H0002560,자원환경공학과,MME4070,친환경에너지공학,2019,1,2019/1 ~ 2026/2,자원환경공학과(학부/서울),40,40,20,,,,,,,,,,4,4,2,,,,,,,,,,ok,outputs/pdfs_full/자원환경공학과__MME4070__친환경에너지공학.pdf,,10
H0002256,H0002560,자원환경공학과,MME4071,스마트지하공간및자원개발,2024,2,2019/1 ~ 2030/2,자원환경공학과(학부/서울),90.91,,,9.09,,,,,,,,,10,,,1,,,,,,,,,ok,outputs/pdfs_full/자원환경공학과__MME4071__스마트지하공간및자원개발.pdf,,11
H0002256,H0002560,자원환경공학과,MME4072,폐기물에너지전환공학,2026,1,2023/2 ~ 2029/2,자원환경공학과(학부/서울),40.91,36.36,18.18,4.55,,,,,,,,,9,8,4,1,,,,,,,,,ok,outputs/pdfs_full/자원환경공학과__MME4072__폐기물에너지전환공학.pdf,,22
H0002256,H0002560,자원환경공학과,MME4073,폐기물처리,2026,1,2023/2 ~ 2030/2,자원환경공학과(학부/서울),27.27,36.36,,27.27,,,,9.09,,,,,3,4,,3,,,,1,,,,,ok,outputs/pdfs_full/자원환경공학과__MME4073__폐기물처리.pdf,,11
H0002256,H0004361,예술융합소프트웨어 융합전공,MOT0006,감성마케팅기술,2018,2,2014/2 ~ 2028/2,예술융합소프트웨어 융합전공,30.77,,46.15,,23.08,,,,,,,,4,,6,,3,,,,,,,,ok,outputs/pdfs_full/예술융합소프트웨어_융합전공__MOT0006__감성마케팅기술.pdf,,13
H0002256,H0002560,자원환경공학과,MPE2001,지구환경공학개론,2025,2,1994/1 ~ 2027/2,자원환경공학과(학부/서울),34.29,22.86,34.29,8.57,,,,,,,,,12,8,12,3,,,,,,,,,ok,outputs/pdfs_full/자원환경공학과__MPE2001__지구환경공학개론.pdf,,35
H0002256,H0002560,자원환경공학과,MPE2005,자원처리공학,2026,1,1995/1 ~ 2029/2,자원환경공학과(학부/서울),66.67,14.81,11.11,3.7,3.7,,,,,,,,18,4,3,1,1,,,,,,,,ok,outputs/pdfs_full/자원환경공학과__MPE2005__자원처리공학.pdf,,27
H0002256,H0002560,자원환경공학과,MPE2007,자원경제및정책,2015,1,2012/1 ~ 2018/2,자원환경공학과(학부/서울),31.25,,37.5,,31.25,,,,,,,,5,,6,,5,,,,,,,,ok,outputs/pdfs_full/자원환경공학과__MPE2007__자원경제및정책.pdf,,16
H0002256,H0002560,자원환경공학과,MPE2008,토양환경,2025,1,2025/1 ~ 2028/2,자원환경공학과(학부/서울),18.18,22.73,13.64,27.27,18.18,,,,,,,,4,5,3,6,4,,,,,,,,ok,outputs/pdfs_full/자원환경공학과__MPE2008__토양환경.pdf,,22
H0002256,H0002560,자원환경공학과,MPE3003,저류층지구역학기초,2026,1,1995/1 ~ 2030/2,자원환경공학과(학부/서울),53.85,30.77,15.38,,,,,,,,,,7,4,2,,,,,,,,,,ok,outputs/pdfs_full/자원환경공학과__MPE3003__저류층지구역학기초.pdf,,13
H0002256,H0002560,자원환경공학과,MPE4005,자원개발공학,2014,2,1996/1 ~ 2018/2,자원환경공학과(학부/서울),30,,40,,30,,,,,,,,6,,8,,6,,,,,,,,ok,outputs/pdfs_full/자원환경공학과__MPE4005__자원개발공학.pdf,,20
H0002256,H0002520,전기공학전공,NUE4030,플라즈마공학입문,2024,1,2019/1 ~ 2030/2,전기공학전공(학부/서울),12.5,18.75,12.5,18.75,,12.5,18.75,6.25,,,,,2,3,2,3,,2,3,1,,,,,ok,outputs/pdfs_full/전기공학전공__NUE4030__플라즈마공학입문.pdf,,16
H0002256,H0004816,간호학과,NUR1002,간호학개론,2025,2,2016/1 ~ 2027/2,간호학과,18.87,22.64,33.96,5.66,13.21,5.66,,,,,,,10,12,18,3,7,3,,,,,,,ok,outputs/pdfs_full/간호학과__NUR1002__간호학개론.pdf,,53
H0002256,H0004816,간호학과,NUR1009,간호해부학,2026,1,2016/1 ~ 2027/2,간호학과,17.86,25,26.79,17.86,12.5,,,,,,,,10,14,15,10,7,,,,,,,,ok,outputs/pdfs_full/간호학과__NUR1009__간호해부학.pdf,,56
H0002256,H0004816,간호학과,NUR1010,건강의고전적이해,2026,1,2016/1 ~ 2027/2,간호학과,12.5,44.64,37.5,5.36,,,,,,,,,7,25,21,3,,,,,,,,,ok,outputs/pdfs_full/간호학과__NUR1010__건강의고전적이해.pdf,,56
H0002256,H0004816,간호학과,NUR1011,인류학의이해,2022,2,2016/1 ~ 2019/2,간호학과,14.58,20.83,25,25,12.5,,,2.08,,,,,7,10,12,12,6,,,1,,,,,ok,outputs/pdfs_full/간호학과__NUR1011__인류학의이해.pdf,,48
H0002256,H0004816,간호학과,NUR1012,간호공학입문,2025,2,2020/2 ~ 2027/2,간호학과,29.17,12.5,25,12.5,16.67,2.08,2.08,,,,,,14,6,12,6,8,1,1,,,,,,ok,outputs/pdfs_full/간호학과__NUR1012__간호공학입문.pdf,,48
H0002256,H0004816,간호학과,NUR1013,건강인류학,2026,1,2020/2 ~ 2027/2,간호학과,15.79,15.79,26.32,15.79,26.32,,,,,,,,3,3,5,3,5,,,,,,,,ok,outputs/pdfs_full/간호학과__NUR1013__건강인류학.pdf,,19
H0002256,H0004816,간호학과,NUR1014,돌봄의사회적가치,2025,2,2024/1 ~ 2027/2,간호학과,88.71,9.68,1.61,,,,,,,,,,55,6,1,,,,,,,,,,ok,outputs/pdfs_full/간호학과__NUR1014__돌봄의사회적가치.pdf,,62
H0002256,H0004816,간호학과,NUR2014,간호과정,2026,1,2018/1 ~ 2029/2,간호학과,16.67,22.22,33.33,6.94,20.83,,,,,,,,12,16,24,5,15,,,,,,,,ok,outputs/pdfs_full/간호학과__NUR2014__간호과정.pdf,,72
H0002256,H0004816,간호학과,NUR2020,간호정보학,2026,1,2017/1 ~ 2028/2,간호학과,32,8,30,10,14,6,,,,,,,16,4,15,5,7,3,,,,,,,ok,outputs/pdfs_full/간호학과__NUR2020__간호정보학.pdf,,50
H0002256,H0004816,간호학과,NUR2022,출산기가족의간호,2026,1,2018/1 ~ 2029/2,간호학과,83.02,11.32,3.77,,,,1.89,,,,,,44,6,2,,,,1,,,,,,ok,outputs/pdfs_full/간호학과__NUR2022__출산기가족의간호.pdf,,53
H0002256,H0004816,간호학과,NUR2024,의사소통론,2025,2,2017/1 ~ 2027/2,간호학과,37.5,21.88,17.19,14.06,6.25,1.56,,1.56,,,,,24,14,11,9,4,1,,1,,,,,ok,outputs/pdfs_full/간호학과__NUR2024__의사소통론.pdf,,64
H0002256,H0004816,간호학과,NUR2035,간호약리학,2026,1,2017/1 ~ 2028/2,간호학과,30.36,8.93,39.29,,21.43,,,,,,,,17,5,22,,12,,,,,,,,ok,outputs/pdfs_full/간호학과__NUR2035__간호약리학.pdf,,56
H0002256,H0004816,간호학과,NUR2037,인간발달과사회,2026,1,2021/1 ~ 2028/2,간호학과,21.05,50.88,19.3,3.51,3.51,,1.75,,,,,,12,29,11,2,2,,1,,,,,,ok,outputs/pdfs_full/간호학과__NUR2037__인간발달과사회.pdf,,57
H0002256,H0004816,간호학과,NUR2038,디지털헬스디자인,2025,2,2021/1 ~ 2028/2,간호학과,94.74,2.63,2.63,,,,,,,,,,36,1,1,,,,,,,,,,ok,outputs/pdfs_full/간호학과__NUR2038__디지털헬스디자인.pdf,,38
H0002256,H0004816,간호학과,NUR2039,기본간호학2,2025,2,2022/1 ~ 2028/2,간호학과,9.8,29.41,37.25,3.92,15.69,1.96,1.96,,,,,,5,15,19,2,8,1,1,,,,,,ok,outputs/pdfs_full/간호학과__NUR2039__기본간호학2.pdf,,51
H0002256,H0004816,간호학과,NUR2040,기본간호학실습2,2025,2,2022/1 ~ 2028/2,간호학과,66.67,29.41,3.92,,,,,,,,,,34,15,2,,,,,,,,,,ok,outputs/pdfs_full/간호학과__NUR2040__기본간호학실습2.pdf,,51
H0002256,H0004816,간호학과,NUR2041,기본간호학1,2026,1,2023/1 ~ 2028/2,간호학과,11.48,29.51,22.95,18.03,9.84,6.56,1.64,,,,,,7,18,14,11,6,4,1,,,,,,ok,outputs/pdfs_full/간호학과__NUR2041__기본간호학1.pdf,,61
H0002256,H0004816,간호학과,NUR2042,기본간호학실습1,2026,1,2023/1 ~ 2028/2,간호학과,17.54,36.84,28.07,14.04,,1.75,1.75,,,,,,10,21,16,8,,1,1,,,,,,ok,outputs/pdfs_full/간호학과__NUR2042__기본간호학실습1.pdf,,57
H0002256,H0004816,간호학과,NUR3007,지역사회간호학1,2025,2,2018/1 ~ 2030/2,간호학과,26.42,13.21,30.19,9.43,13.21,7.55,,,,,,,14,7,16,5,7,4,,,,,,,ok,outputs/pdfs_full/간호학과__NUR3007__지역사회간호학1.pdf,,53
H0002256,H0004816,간호학과,NUR3008,지역사회간호학2,2025,2,2019/1 ~ 2030/2,간호학과,50,50,,,,,,,,,,,3,3,,,,,,,,,,,ok,outputs/pdfs_full/간호학과__NUR3008__지역사회간호학2.pdf,,6
H0002256,H0004817,간호학과(야),NUR3026,호스피스,2025,2,2019/1 ~ 2030/2,간호학과(야),25,13.89,36.11,2.78,22.22,,,,,,,,9,5,13,1,8,,,,,,,,ok,outputs/pdfs_full/간호학과(야)__NUR3026__호스피스.pdf,,36
H0002256,H0004816,간호학과,NUR3029,건강사정,2025,2,2017/1 ~ 2028/2,간호학과,35.29,47.06,9.8,3.92,,1.96,1.96,,,,,,18,24,5,2,,1,1,,,,,,ok,outputs/pdfs_full/간호학과__NUR3029__건강사정.pdf,,51
H0002256,H0004816,간호학과,NUR3031,간호병태생리학,2025,2,2016/1 ~ 2027/2,간호학과,32.2,8.47,28.81,13.56,6.78,8.47,,1.69,,,,,19,5,17,8,4,5,,1,,,,,ok,outputs/pdfs_full/간호학과__NUR3031__간호병태생리학.pdf,,59
H0002256,H0002601,의학과,NUR3032,간호이슈와비평적사고,2026,1,1999/1 ~ 2002/2,의학과(학부/서울),21.05,21.05,26.32,10.53,21.05,,,,,,,,4,4,5,2,4,,,,,,,,ok,outputs/pdfs_full/의학과__NUR3032__간호이슈와비평적사고.pdf,,19
H0002256,H0004817,간호학과(야),NUR3038,간호병리학,2025,2,2018/1 ~ 2029/2,간호학과(야),20,20,20,20,12,8,,,,,,,5,5,5,5,3,2,,,,,,,ok,outputs/pdfs_full/간호학과(야)__NUR3038__간호병리학.pdf,,25
H0002256,H0004816,간호학과,NUR3045,아동건강문제와가족간호1,2026,1,2018/1 ~ 2029/2,간호학과,33.96,,45.28,,15.09,5.66,,,,,,,18,,24,,8,3,,,,,,,ok,outputs/pdfs_full/간호학과__NUR3045__아동건강문제와가족간호1.pdf,,53
H0002256,H0004816,간호학과,NUR3051,여성의부인과적장애와간호,2025,2,2019/1 ~ 2029/2,간호학과,18.87,20.75,26.42,13.21,20.75,,,,,,,,10,11,14,7,11,,,,,,,,ok,outputs/pdfs_full/간호학과__NUR3051__여성의부인과적장애와간호.pdf,,53
H0002256,H0004816,간호학과,NUR3054,영유아기가족간호,2026,1,2019/1 ~ 2030/2,간호학과,40,,41.82,,12.73,5.45,,,,,,,22,,23,,7,3,,,,,,,ok,outputs/pdfs_full/간호학과__NUR3054__영유아기가족간호.pdf,,55
H0002256,H0004816,간호학과,NUR3056,지역사회정신간호,2026,1,2019/1 ~ 2030/2,간호학과,29.27,12.2,31.71,9.76,17.07,,,,,,,,12,5,13,4,7,,,,,,,,ok,outputs/pdfs_full/간호학과__NUR3056__지역사회정신간호.pdf,,41
H0002256,H0004816,간호학과,NUR3058,아동건강문제와가족간호2,2025,2,2018/1 ~ 2029/2,간호학과,40,,40,,12.73,7.27,,,,,,,22,,22,,7,4,,,,,,,ok,outputs/pdfs_full/간호학과__NUR3058__아동건강문제와가족간호2.pdf,,55
H0002256,H0004817,간호학과(야),NUR3065,근거중심의간호실무,2026,1,2018/1 ~ 2029/2,간호학과(야),15.79,15.79,21.05,26.32,21.05,,,,,,,,3,3,4,5,4,,,,,,,,ok,outputs/pdfs_full/간호학과(야)__NUR3065__근거중심의간호실무.pdf,,19
H0002256,H0004816,간호학과,NUR3070,정신건강간호,2026,1,2018/1 ~ 2028/2,간호학과,21.05,21.05,21.05,15.79,21.05,,,,,,,,4,4,4,3,4,,,,,,,,ok,outputs/pdfs_full/간호학과__NUR3070__정신건강간호.pdf,,19
H0002256,H0004816,간호학과,NUR3072,정신질환간호중재,2026,1,2018/1 ~ 2029/2,간호학과,37.74,1.89,35.85,3.77,18.87,1.89,,,,,,,20,1,19,2,10,1,,,,,,,ok,outputs/pdfs_full/간호학과__NUR3072__정신질환간호중재.pdf,,53
H0002256,H0004817,간호학과(야),NUR3075,노인건강간호,2025,2,2018/1 ~ 2029/2,간호학과(야),18.52,22.22,11.11,29.63,7.41,11.11,,,,,,,5,6,3,8,2,3,,,,,,,ok,outputs/pdfs_full/간호학과(야)__NUR3075__노인건강간호.pdf,,27
H0002256,H0004816,간호학과,NUR3076,성인간호학:소화배설,2026,1,2018/1 ~ 2029/2,간호학과,79.25,13.21,3.77,1.89,,1.89,,,,,,,42,7,2,1,,1,,,,,,,ok,outputs/pdfs_full/간호학과__NUR3076__성인간호학_소화배설.pdf,,53
H0002256,H0004816,간호학과,NUR3077,성인간호학:대사,2025,2,2019/1 ~ 2029/2,간호학과,30.19,9.43,28.3,11.32,9.43,,3.77,7.55,,,,,16,5,15,6,5,,2,4,,,,,ok,outputs/pdfs_full/간호학과__NUR3077__성인간호학_대사.pdf,,53
H0002256,H0004816,간호학과,NUR3078,성인간호학:산소화및감각,2025,2,2018/1 ~ 2028/2,간호학과,31.37,29.41,25.49,11.76,,1.96,,,,,,,16,15,13,6,,1,,,,,,,ok,outputs/pdfs_full/간호학과__NUR3078__성인간호학_산소화및감각.pdf,,51
H0002256,H0004816,간호학과,NUR3079,성인간호학:인지조절,2025,2,2018/1 ~ 2029/2,간호학과,25.93,11.11,33.33,9.26,9.26,9.26,,1.85,,,,,14,6,18,5,5,5,,1,,,,,ok,outputs/pdfs_full/간호학과__NUR3079__성인간호학_인지조절.pdf,,54
H0002256,H0004816,간호학과,NUR3080,성인간호실습1,2025,2,2018/1 ~ 2029/2,간호학과,70.37,27.78,1.85,,,,,,,,,,38,15,1,,,,,,,,,,ok,outputs/pdfs_full/간호학과__NUR3080__성인간호실습1.pdf,,54
H0002256,H0004816,간호학과,NUR3081,성인간호실습2,2025,2,2018/1 ~ 2029/2,간호학과,74.07,24.07,1.85,,,,,,,,,,40,13,1,,,,,,,,,,ok,outputs/pdfs_full/간호학과__NUR3081__성인간호실습2.pdf,,54
H0002256,H0004816,간호학과,NUR3082,여성간호실습,2025,2,2018/1 ~ 2029/2,간호학과,79.63,16.67,3.7,,,,,,,,,,43,9,2,,,,,,,,,,ok,outputs/pdfs_full/간호학과__NUR3082__여성간호실습.pdf,,54
H0002256,H0004816,간호학과,NUR3083,아동간호실습,2026,1,2018/1 ~ 2030/2,간호학과,71.43,28.57,,,,,,,,,,,40,16,,,,,,,,,,,ok,outputs/pdfs_full/간호학과__NUR3083__아동간호실습.pdf,,56
H0002256,H0004816,간호학과,NUR3084,간호과정실습,2025,2,2018/1 ~ 2029/2,간호학과,77.78,20.37,,1.85,,,,,,,,,42,11,,1,,,,,,,,,ok,outputs/pdfs_full/간호학과__NUR3084__간호과정실습.pdf,,54
H0002256,H0004816,간호학과,NUR3087,핵심술기실습,2026,1,2022/1 ~ 2029/2,간호학과,90.57,7.55,,,,1.89,,,,,,,48,4,,,,1,,,,,,,ok,outputs/pdfs_full/간호학과__NUR3087__핵심술기실습.pdf,,53
H0002256,H0004816,간호학과,NUR3088,간호데이터분석과시각화,2026,1,2022/1 ~ 2029/2,간호학과,14.29,19.05,23.81,23.81,14.29,,4.76,,,,,,3,4,5,5,3,,1,,,,,,ok,outputs/pdfs_full/간호학과__NUR3088__간호데이터분석과시각화.pdf,,21
H0002256,H0004816,간호학과,NUR4014,노인간호학,2025,2,2017/1 ~ 2028/2,간호학과,5.77,34.62,40.38,,15.38,,3.85,,,,,,3,18,21,,8,,2,,,,,,ok,outputs/pdfs_full/간호학과__NUR4014__노인간호학.pdf,,52
H0002256,H0004817,간호학과(야),NUR4018,가정간호학,2026,1,2019/1 ~ 2030/2,간호학과(야),25.93,14.81,18.52,22.22,14.81,,,3.7,,,,,7,4,5,6,4,,,1,,,,,ok,outputs/pdfs_full/간호학과(야)__NUR4018__가정간호학.pdf,,27
H0002256,H0004816,간호학과,NUR4019,여성건강간호,2025,2,2017/1 ~ 2028/2,간호학과,26.32,13.16,27.63,11.84,21.05,,,,,,,,20,10,21,9,16,,,,,,,,ok,outputs/pdfs_full/간호학과__NUR4019__여성건강간호.pdf,,76
H0002256,H0004816,간호학과,NUR4023,보건의료법규,2025,2,2019/1 ~ 2030/2,간호학과,11.63,23.26,18.6,23.26,18.6,4.65,,,,,,,5,10,8,10,8,2,,,,,,,ok,outputs/pdfs_full/간호학과__NUR4023__보건의료법규.pdf,,43
H0002256,H0004816,간호학과,NUR4031,간호연구,2025,2,2018/1 ~ 2029/2,간호학과,40.24,32.93,18.29,1.22,1.22,6.1,,,,,,,33,27,15,1,1,5,,,,,,,ok,outputs/pdfs_full/간호학과__NUR4031__간호연구.pdf,,82
H0002256,H0004817,간호학과(야),NUR4032,지역사회간호,2025,2,2019/1 ~ 2030/2,간호학과(야),20.83,20.83,20.83,16.67,16.67,4.17,,,,,,,5,5,5,4,4,1,,,,,,,ok,outputs/pdfs_full/간호학과(야)__NUR4032__지역사회간호.pdf,,24
H0002256,H0004817,간호학과(야),NUR4033,만성간호,2026,1,2019/1 ~ 2030/2,간호학과(야),33.33,,48.15,,18.52,,,,,,,,9,,13,,5,,,,,,,,ok,outputs/pdfs_full/간호학과(야)__NUR4033__만성간호.pdf,,27
H0002256,H0004817,간호학과(야),NUR4039,치매간호,2025,2,2019/1 ~ 2030/2,간호학과(야),17.86,21.43,28.57,28.57,,3.57,,,,,,,5,6,8,8,,1,,,,,,,ok,outputs/pdfs_full/간호학과(야)__NUR4039__치매간호.pdf,,28
H0002256,H0004816,간호학과,NUR4048,간호정책,2026,1,2018/1 ~ 2028/2,간호학과,28.3,13.21,24.53,13.21,13.21,7.55,,,,,,,15,7,13,7,7,4,,,,,,,ok,outputs/pdfs_full/간호학과__NUR4048__간호정책.pdf,,53
H0002256,H0004816,간호학과,NUR4052,전공종합평가,2022,2,2019/1 ~ 2026/2,간호학과,71.74,26.09,,2.17,,,,,,,,,33,12,,1,,,,,,,,,ok,outputs/pdfs_full/간호학과__NUR4052__전공종합평가.pdf,,46
H0002256,H0004817,간호학과(야),NUR4054,간호이론,2025,2,2019/1 ~ 2030/2,간호학과(야),100,,,,,,,,,,,,34,,,,,,,,,,,,ok,outputs/pdfs_full/간호학과(야)__NUR4054__간호이론.pdf,,34
H0002256,H0004817,간호학과(야),NUR4056,간호조직관리,2025,2,2019/1 ~ 2030/2,간호학과(야),32.14,60.71,3.57,3.57,,,,,,,,,9,17,1,1,,,,,,,,,ok,outputs/pdfs_full/간호학과(야)__NUR4056__간호조직관리.pdf,,28
H0002256,H0004817,간호학과(야),NUR4059,간호통계,2025,2,2018/1 ~ 2029/2,간호학과(야),28.57,10.71,39.29,,21.43,,,,,,,,8,3,11,,6,,,,,,,,ok,outputs/pdfs_full/간호학과(야)__NUR4059__간호통계.pdf,,28
H0002256,H0004816,간호학과,NUR4067,간호전문직과윤리,2026,1,2017/1 ~ 2028/2,간호학과,29.63,11.11,25.93,14.81,7.41,7.41,3.7,,,,,,8,3,7,4,2,2,1,,,,,,ok,outputs/pdfs_full/간호학과__NUR4067__간호전문직과윤리.pdf,,27
H0002256,H0004817,간호학과(야),NUR4071,여성의평생건강전략,2025,1,2019/1 ~ 2030/2,간호학과(야),36.11,,44.44,,19.44,,,,,,,,13,,16,,7,,,,,,,,ok,outputs/pdfs_full/간호학과(야)__NUR4071__여성의평생건강전략.pdf,,36
H0002256,H0004816,간호학과,NUR4080,간호연구의실제,2026,1,2019/1 ~ 2026/2,간호학과,100,,,,,,,,,,,,25,,,,,,,,,,,,ok,outputs/pdfs_full/간호학과__NUR4080__간호연구의실제.pdf,,25
H0002256,H0004816,간호학과,NUR4083,간호관리학,2026,1,2019/1 ~ 2029/2,간호학과,18.18,21.82,27.27,14.55,5.45,5.45,3.64,3.64,,,,,10,12,15,8,3,3,2,2,,,,,ok,outputs/pdfs_full/간호학과__NUR4083__간호관리학.pdf,,55
H0002256,H0004817,간호학과(야),NUR4084,중년건강간호,2026,1,2019/1 ~ 2030/2,간호학과(야),26.67,33.33,26.67,13.33,,,,,,,,,4,5,4,2,,,,,,,,,ok,outputs/pdfs_full/간호학과(야)__NUR4084__중년건강간호.pdf,,15
H0002256,H0004817,간호학과(야),NUR4085,심혈관건강증진,2025,2,2019/1 ~ 2030/2,간호학과(야),18.52,22.22,25.93,14.81,18.52,,,,,,,,5,6,7,4,5,,,,,,,,ok,outputs/pdfs_full/간호학과(야)__NUR4085__심혈관건강증진.pdf,,27
H0002256,H0004817,간호학과(야),NUR4086,아동건강간호,2025,2,2019/1 ~ 2030/2,간호학과(야),77.27,22.73,,,,,,,,,,,17,5,,,,,,,,,,,ok,outputs/pdfs_full/간호학과(야)__NUR4086__아동건강간호.pdf,,22
H0002256,H0004816,간호학과,NUR4089,성인간호학:순환,2026,1,2019/1 ~ 2029/2,간호학과,22.64,30.19,24.53,16.98,1.89,1.89,,1.89,,,,,12,16,13,9,1,1,,1,,,,,ok,outputs/pdfs_full/간호학과__NUR4089__성인간호학_순환.pdf,,53
H0002256,H0004816,간호학과,NUR4090,성인간호학:종양과안위,2026,1,2019/1 ~ 2030/2,간호학과,29.03,,41.94,3.23,25.81,,,,,,,,9,,13,1,8,,,,,,,,ok,outputs/pdfs_full/간호학과__NUR4090__성인간호학_종양과안위.pdf,,31
H0002256,H0004816,간호학과,NUR4091,성인간호실습3,2026,1,2019/1 ~ 2030/2,간호학과,82.14,17.86,,,,,,,,,,,46,10,,,,,,,,,,,ok,outputs/pdfs_full/간호학과__NUR4091__성인간호실습3.pdf,,56
H0002256,H0004816,간호학과,NUR4092,정신간호실습,2026,1,2019/1 ~ 2030/2,간호학과,94.55,5.45,,,,,,,,,,,52,3,,,,,,,,,,,ok,outputs/pdfs_full/간호학과__NUR4092__정신간호실습.pdf,,55
H0002256,H0004816,간호학과,NUR4093,간호관리실습,2026,1,2019/1 ~ 2030/2,간호학과,78.57,21.43,,,,,,,,,,,44,12,,,,,,,,,,,ok,outputs/pdfs_full/간호학과__NUR4093__간호관리실습.pdf,,56
H0002256,H0004816,간호학과,NUR4094,지역사회간호실습1,2025,2,2019/1 ~ 2026/2,간호학과,62.79,34.88,,2.33,,,,,,,,,27,15,,1,,,,,,,,,ok,outputs/pdfs_full/간호학과__NUR4094__지역사회간호실습1.pdf,,43
H0002256,H0004816,간호학과,NUR4095,지역사회정신간호실습,2025,2,2019/1 ~ 2030/2,간호학과,95.35,4.65,,,,,,,,,,,41,2,,,,,,,,,,,ok,outputs/pdfs_full/간호학과__NUR4095__지역사회정신간호실습.pdf,,43
H0002256,H0004816,간호학과,NUR4096,임상종합실습,2025,2,2019/1 ~ 2030/2,간호학과,90.7,,6.98,2.33,,,,,,,,,39,,3,1,,,,,,,,,ok,outputs/pdfs_full/간호학과__NUR4096__임상종합실습.pdf,,43
H0002256,H0004816,간호학과,NUR4097,심화통합실습,2025,2,2023/1 ~ 2030/2,간호학과,67.44,30.23,2.33,,,,,,,,,,29,13,1,,,,,,,,,,ok,outputs/pdfs_full/간호학과__NUR4097__심화통합실습.pdf,,43
H0002256,H0002740,관현악과,OCH1003,관현악1,2026,1,1993/1 ~ 2027/2,관현악과(학부/서울),50,,31.58,,13.16,,5.26,,,,,,19,,12,,5,,2,,,,,,ok,outputs/pdfs_full/관현악과__OCH1003__관현악1.pdf,,38
H0002256,H0002740,관현악과,OCH1004,관현악2,2025,2,1993/1 ~ 2027/2,관현악과(학부/서울),61.11,,25,,2.78,,11.11,,,,,,22,,9,,1,,4,,,,,,ok,outputs/pdfs_full/관현악과__OCH1004__관현악2.pdf,,36
H0002256,H0002740,관현악과,OCH1005,실내악1,2026,1,1993/1 ~ 2027/2,관현악과(학부/서울),4.88,73.17,21.95,,,,,,,,,,2,30,9,,,,,,,,,,ok,outputs/pdfs_full/관현악과__OCH1005__실내악1.pdf,,41
H0002256,H0002740,관현악과,OCH1006,실내악2,2025,2,1993/1 ~ 2027/2,관현악과(학부/서울),,71.43,28.57,,,,,,,,,,,20,8,,,,,,,,,,ok,outputs/pdfs_full/관현악과__OCH1006__실내악2.pdf,,28
H0002256,H0002740,관현악과,OCH1007,관현악전공실기1,2026,1,1999/1 ~ 2027/2,관현악과(학부/서울),,30.77,64.1,2.56,,2.56,,,,,,,,12,25,1,,1,,,,,,,ok,outputs/pdfs_full/관현악과__OCH1007__관현악전공실기1.pdf,,39
H0002256,H0002740,관현악과,OCH1008,관현악전공실기2,2025,2,1999/1 ~ 2027/2,관현악과(학부/서울),,61.76,26.47,11.76,,,,,,,,,,21,9,4,,,,,,,,,ok,outputs/pdfs_full/관현악과__OCH1008__관현악전공실기2.pdf,,34
H0002256,H0002740,관현악과,OCH1011,오케스트라1,2026,1,2006/1 ~ 2029/2,관현악과(학부/서울),46.51,,32.56,,13.95,,6.98,,,,,,20,,14,,6,,3,,,,,,ok,outputs/pdfs_full/관현악과__OCH1011__오케스트라1.pdf,,43
H0002256,H0002740,관현악과,OCH1012,오케스트라2,2025,2,2006/1 ~ 2029/2,관현악과(학부/서울),62.96,,25.93,,11.11,,,,,,,,17,,7,,3,,,,,,,,ok,outputs/pdfs_full/관현악과__OCH1012__오케스트라2.pdf,,27
H0002256,H0002740,관현악과,OCH1013,오케스트라3,2026,1,2007/1 ~ 2030/2,관현악과(학부/서울),76.67,,6.67,,3.33,,13.33,,,,,,23,,2,,1,,4,,,,,,ok,outputs/pdfs_full/관현악과__OCH1013__오케스트라3.pdf,,30
H0002256,H0002740,관현악과,OCH1014,오케스트라4,2025,2,2007/1 ~ 2030/2,관현악과(학부/서울),54.29,,28.57,,5.71,,11.43,,,,,,19,,10,,2,,4,,,,,,ok,outputs/pdfs_full/관현악과__OCH1014__오케스트라4.pdf,,35
H0002256,H0002740,관현악과,OCH1017,관악합주1,2015,1,2013/1 ~ 2015/2,관현악과(학부/서울),100,,,,,,,,,,,,20,,,,,,,,,,,,ok,outputs/pdfs_full/관현악과__OCH1017__관악합주1.pdf,,20
H0002256,H0002740,관현악과,OCH1018,현악합주1,2015,1,2013/1 ~ 2015/2,관현악과(학부/서울),90,,10,,,,,,,,,,18,,2,,,,,,,,,,ok,outputs/pdfs_full/관현악과__OCH1018__현악합주1.pdf,,20
H0002256,H0002740,관현악과,OCH1019,관악합주2,2015,2,2013/1 ~ 2015/2,관현악과(학부/서울),100,,,,,,,,,,,,19,,,,,,,,,,,,ok,outputs/pdfs_full/관현악과__OCH1019__관악합주2.pdf,,19
H0002256,H0002740,관현악과,OCH1020,현악합주2,2015,2,2013/1 ~ 2015/2,관현악과(학부/서울),83.33,,16.67,,,,,,,,,,15,,3,,,,,,,,,,ok,outputs/pdfs_full/관현악과__OCH1020__현악합주2.pdf,,18
H0002256,H0002740,관현악과,OCH1021,기초뮤지션쉽1,2026,1,2016/1 ~ 2027/2,관현악과(학부/서울),10.81,32.43,16.22,18.92,13.51,5.41,2.7,,,,,,4,12,6,7,5,2,1,,,,,,ok,outputs/pdfs_full/관현악과__OCH1021__기초뮤지션쉽1.pdf,,37
H0002256,H0002740,관현악과,OCH2003,관악.현악합주1,2026,1,1989/1 ~ 2027/2,관현악과(학부/서울),77.5,,12.5,,7.5,,2.5,,,,,,31,,5,,3,,1,,,,,,ok,outputs/pdfs_full/관현악과__OCH2003__관악.현악합주1.pdf,,40
H0002256,H0002740,관현악과,OCH2004,관악.현악합주2,2025,2,1989/1 ~ 2027/2,관현악과(학부/서울),90.91,,9.09,,,,,,,,,,30,,3,,,,,,,,,,ok,outputs/pdfs_full/관현악과__OCH2004__관악.현악합주2.pdf,,33
H0002256,H0002738,작곡과,OCH2005,특수악기1,2026,1,1989/1 ~ 1992/2,작곡과(학부/서울),23.08,53.85,23.08,,,,,,,,,,3,7,3,,,,,,,,,,ok,outputs/pdfs_full/작곡과__OCH2005__특수악기1.pdf,,13
H0002256,H0002738,작곡과,OCH2006,특수악기2,2025,2,1989/1 ~ 1992/2,작곡과(학부/서울),30,45,15,5,5,,,,,,,,6,9,3,1,1,,,,,,,,ok,outputs/pdfs_full/작곡과__OCH2006__특수악기2.pdf,,20
H0002256,H0002740,관현악과,OCH2011,관현악3,2026,1,1994/1 ~ 2028/2,관현악과(학부/서울),70,,20,,3.33,,6.67,,,,,,21,,6,,1,,2,,,,,,ok,outputs/pdfs_full/관현악과__OCH2011__관현악3.pdf,,30
H0002256,H0002740,관현악과,OCH2012,관현악4,2025,2,1994/1 ~ 2028/2,관현악과(학부/서울),58.82,,23.53,,11.76,,5.88,,,,,,20,,8,,4,,2,,,,,,ok,outputs/pdfs_full/관현악과__OCH2012__관현악4.pdf,,34
H0002256,H0002740,관현악과,OCH2013,실내악3,2026,1,1994/1 ~ 2028/2,관현악과(학부/서울),,84.85,15.15,,,,,,,,,,,28,5,,,,,,,,,,ok,outputs/pdfs_full/관현악과__OCH2013__실내악3.pdf,,33
H0002256,H0002740,관현악과,OCH2014,실내악4,2025,2,1994/1 ~ 2028/2,관현악과(학부/서울),,78.79,18.18,,,,3.03,,,,,,,26,6,,,,1,,,,,,ok,outputs/pdfs_full/관현악과__OCH2014__실내악4.pdf,,33
H0002256,H0002740,관현악과,OCH2015,관현악전공실기3,2026,1,1999/1 ~ 2028/2,관현악과(학부/서울),,47.06,50,2.94,,,,,,,,,,16,17,1,,,,,,,,,ok,outputs/pdfs_full/관현악과__OCH2015__관현악전공실기3.pdf,,34
H0002256,H0002740,관현악과,OCH2016,관현악전공실기4,2025,2,1999/1 ~ 2028/2,관현악과(학부/서울),2.5,45,40,12.5,,,,,,,,,1,18,16,5,,,,,,,,,ok,outputs/pdfs_full/관현악과__OCH2016__관현악전공실기4.pdf,,40
H0002256,H0002740,관현악과,OCH2023,관악합주3,2016,1,2014/1 ~ 2016/2,관현악과(학부/서울),80,10,10,,,,,,,,,,16,2,2,,,,,,,,,,ok,outputs/pdfs_full/관현악과__OCH2023__관악합주3.pdf,,20
H0002256,H0002740,관현악과,OCH2024,현악합주3,2016,1,2014/1 ~ 2016/2,관현악과(학부/서울),78.95,5.26,10.53,5.26,,,,,,,,,15,1,2,1,,,,,,,,,ok,outputs/pdfs_full/관현악과__OCH2024__현악합주3.pdf,,19
H0002256,H0002740,관현악과,OCH2025,관악합주4,2016,2,2014/1 ~ 2016/2,관현악과(학부/서울),100,,,,,,,,,,,,22,,,,,,,,,,,,ok,outputs/pdfs_full/관현악과__OCH2025__관악합주4.pdf,,22
H0002256,H0002740,관현악과,OCH2026,현악합주4,2016,2,2014/1 ~ 2016/2,관현악과(학부/서울),100,,,,,,,,,,,,21,,,,,,,,,,,,ok,outputs/pdfs_full/관현악과__OCH2026__현악합주4.pdf,,21
H0002256,H0002740,관현악과,OCH3003,관악.현악합주3,2026,1,1990/1 ~ 2028/2,관현악과(학부/서울),73.33,,16.67,,6.67,,3.33,,,,,,22,,5,,2,,1,,,,,,ok,outputs/pdfs_full/관현악과__OCH3003__관악.현악합주3.pdf,,30
H0002256,H0002740,관현악과,OCH3004,관악.현악합주4,2025,2,1990/1 ~ 2028/2,관현악과(학부/서울),88.89,,11.11,,,,,,,,,,32,,4,,,,,,,,,,ok,outputs/pdfs_full/관현악과__OCH3004__관악.현악합주4.pdf,,36
H0002256,H0002738,작곡과,OCH3015,특수악기3,2026,1,1990/1 ~ 1993/2,작곡과(학부/서울),14.29,50,35.71,,,,,,,,,,2,7,5,,,,,,,,,,ok,outputs/pdfs_full/작곡과__OCH3015__특수악기3.pdf,,14
H0002256,H0002738,작곡과,OCH3016,특수악기4,2025,2,1990/1 ~ 1993/2,작곡과(학부/서울),28.57,71.43,,,,,,,,,,,2,5,,,,,,,,,,,ok,outputs/pdfs_full/작곡과__OCH3016__특수악기4.pdf,,7
H0002256,H0002740,관현악과,OCH3027,관현악전공실기5,2026,1,1999/1 ~ 2029/2,관현악과(학부/서울),,42.86,52.38,2.38,,,,2.38,,,,,,18,22,1,,,,1,,,,,ok,outputs/pdfs_full/관현악과__OCH3027__관현악전공실기5.pdf,,42
H0002256,H0002740,관현악과,OCH3028,관현악전공실기6,2025,2,1999/1 ~ 2029/2,관현악과(학부/서울),,60,36.67,,,3.33,,,,,,,,18,11,,,1,,,,,,,ok,outputs/pdfs_full/관현악과__OCH3028__관현악전공실기6.pdf,,30
H0002256,H0002739,피아노과,OCH3032,기악앙상블1,2026,1,2007/1 ~ 2029/2,피아노과(학부/서울),,91.3,8.7,,,,,,,,,,,21,2,,,,,,,,,,ok,outputs/pdfs_full/피아노과__OCH3032__기악앙상블1.pdf,,23
H0002256,H0002739,피아노과,OCH3033,기악앙상블2,2025,2,2007/1 ~ 2029/2,피아노과(학부/서울),,86.36,13.64,,,,,,,,,,,19,3,,,,,,,,,,ok,outputs/pdfs_full/피아노과__OCH3033__기악앙상블2.pdf,,22
H0002256,H0002740,관현악과,OCH3043,관악합주5,2017,1,2015/1 ~ 2017/2,관현악과(학부/서울),100,,,,,,,,,,,,22,,,,,,,,,,,,ok,outputs/pdfs_full/관현악과__OCH3043__관악합주5.pdf,,22
H0002256,H0002740,관현악과,OCH3044,바로크음악연주1,2021,1,2015/1 ~ 2021/2,관현악과(학부/서울),80,20,,,,,,,,,,,4,1,,,,,,,,,,,ok,outputs/pdfs_full/관현악과__OCH3044__바로크음악연주1.pdf,,5
H0002256,H0002740,관현악과,OCH3045,현악합주5,2017,1,2015/1 ~ 2017/2,관현악과(학부/서울),100,,,,,,,,,,,,21,,,,,,,,,,,,ok,outputs/pdfs_full/관현악과__OCH3045__현악합주5.pdf,,21
H0002256,H0002740,관현악과,OCH3046,관악합주6,2017,2,2015/1 ~ 2017/2,관현악과(학부/서울),100,,,,,,,,,,,,20,,,,,,,,,,,,ok,outputs/pdfs_full/관현악과__OCH3046__관악합주6.pdf,,20
H0002256,H0002740,관현악과,OCH3047,바로크음악연주2,2021,2,2015/1 ~ 2021/2,관현악과(학부/서울),100,,,,,,,,,,,,5,,,,,,,,,,,,ok,outputs/pdfs_full/관현악과__OCH3047__바로크음악연주2.pdf,,5
H0002256,H0002740,관현악과,OCH3048,현악합주6,2017,2,2015/1 ~ 2017/2,관현악과(학부/서울),100,,,,,,,,,,,,22,,,,,,,,,,,,ok,outputs/pdfs_full/관현악과__OCH3048__현악합주6.pdf,,22
H0002256,H0002740,관현악과,OCH3049,공연비즈니스와클래식콘서트제작1,2026,1,2022/1 ~ 2029/2,관현악과(학부/서울),36.36,,63.64,,,,,,,,,,4,,7,,,,,,,,,,ok,outputs/pdfs_full/관현악과__OCH3049__공연비즈니스와클래식콘서트제작1.pdf,,11
H0002256,H0002740,관현악과,OCH3050,공연비즈니스와클래식콘서트제작2,2023,2,2022/1 ~ 2029/2,관현악과(학부/서울),40,,60,,,,,,,,,,4,,6,,,,,,,,,,ok,outputs/pdfs_full/관현악과__OCH3050__공연비즈니스와클래식콘서트제작2.pdf,,10
H0002256,H0002740,관현악과,OCH4003,관악.현악합주5,2026,1,1991/1 ~ 2029/2,관현악과(학부/서울),71.43,,22.86,,2.86,,2.86,,,,,,25,,8,,1,,1,,,,,,ok,outputs/pdfs_full/관현악과__OCH4003__관악.현악합주5.pdf,,35
H0002256,H0002740,관현악과,OCH4004,관악.현악합주6,2025,2,1991/1 ~ 2029/2,관현악과(학부/서울),70.37,,14.81,,11.11,,3.7,,,,,,19,,4,,3,,1,,,,,,ok,outputs/pdfs_full/관현악과__OCH4004__관악.현악합주6.pdf,,27
H0002256,H0002737,성악과,OCH4011,지휘법1,2026,1,1991/1 ~ 1994/2,성악과(학부/서울),45.45,,45.45,,9.09,,,,,,,,5,,5,,1,,,,,,,,ok,outputs/pdfs_full/성악과__OCH4011__지휘법1.pdf,,11
H0002256,H0002737,성악과,OCH4012,지휘법2,2025,2,1991/1 ~ 1994/2,성악과(학부/서울),36.36,,54.55,9.09,,,,,,,,,4,,6,1,,,,,,,,,ok,outputs/pdfs_full/성악과__OCH4012__지휘법2.pdf,,11
H0002256,H0002740,관현악과,OCH4013,관악.현악합주7,2026,1,1992/1 ~ 2030/2,관현악과(학부/서울),80,,6.67,,6.67,,6.67,,,,,,24,,2,,2,,2,,,,,,ok,outputs/pdfs_full/관현악과__OCH4013__관악.현악합주7.pdf,,30
H0002256,H0002740,관현악과,OCH4014,관악.현악합주8,2025,2,1992/1 ~ 2030/2,관현악과(학부/서울),62.86,,17.14,,17.14,,2.86,,,,,,22,,6,,6,,1,,,,,,ok,outputs/pdfs_full/관현악과__OCH4014__관악.현악합주8.pdf,,35
H0002256,H0002740,관현악과,OCH4015,관현악문헌1,2026,1,2015/1 ~ 2029/2,관현악과(학부/서울),27.27,9.09,27.27,36.36,,,,,,,,,3,1,3,4,,,,,,,,,ok,outputs/pdfs_full/관현악과__OCH4015__관현악문헌1.pdf,,11
H0002256,H0002740,관현악과,OCH4016,관현악문헌2,2017,2,2015/1 ~ 2021/2,관현악과(학부/서울),23.53,17.65,29.41,11.76,17.65,,,,,,,,4,3,5,2,3,,,,,,,,ok,outputs/pdfs_full/관현악과__OCH4016__관현악문헌2.pdf,,17
H0002256,H0002740,관현악과,OCH4023,관현악전공실기7,2026,1,1999/1 ~ 2030/2,관현악과(학부/서울),,73.33,26.67,,,,,,,,,,,22,8,,,,,,,,,,ok,outputs/pdfs_full/관현악과__OCH4023__관현악전공실기7.pdf,,30
H0002256,H0002740,관현악과,OCH4024,관현악전공실기8,2025,2,1999/1 ~ 2030/2,관현악과(학부/서울),,93.75,3.13,,,3.13,,,,,,,,30,1,,,1,,,,,,,ok,outputs/pdfs_full/관현악과__OCH4024__관현악전공실기8.pdf,,32
H0002256,H0002739,피아노과,OCH4027,기악앙상블3,2026,1,2008/1 ~ 2030/2,피아노과(학부/서울),,66.67,33.33,,,,,,,,,,,2,1,,,,,,,,,,ok,outputs/pdfs_full/피아노과__OCH4027__기악앙상블3.pdf,,3
H0002256,H0002739,피아노과,OCH4028,기악앙상블4,2025,2,2008/1 ~ 2030/2,피아노과(학부/서울),,33.33,66.67,,,,,,,,,,,1,2,,,,,,,,,,ok,outputs/pdfs_full/피아노과__OCH4028__기악앙상블4.pdf,,3
H0002256,H0002740,관현악과,OCH4039,관악합주7,2018,1,2016/1 ~ 2018/2,관현악과(학부/서울),100,,,,,,,,,,,,19,,,,,,,,,,,,ok,outputs/pdfs_full/관현악과__OCH4039__관악합주7.pdf,,19
H0002256,H0002740,관현악과,OCH4040,마스터클래스1,2026,1,2016/1 ~ 2030/2,관현악과(학부/서울),70,10,10,,,,10,,,,,,7,1,1,,,,1,,,,,,ok,outputs/pdfs_full/관현악과__OCH4040__마스터클래스1.pdf,,10
H0002256,H0002740,관현악과,OCH4041,현악합주7,2018,1,2016/1 ~ 2018/2,관현악과(학부/서울),95.83,,4.17,,,,,,,,,,23,,1,,,,,,,,,,ok,outputs/pdfs_full/관현악과__OCH4041__현악합주7.pdf,,24
H0002256,H0002740,관현악과,OCH4042,관악합주8,2018,2,2016/1 ~ 2018/2,관현악과(학부/서울),89.47,,10.53,,,,,,,,,,17,,2,,,,,,,,,,ok,outputs/pdfs_full/관현악과__OCH4042__관악합주8.pdf,,19
H0002256,H0002740,관현악과,OCH4043,마스터클래스2,2025,2,2016/1 ~ 2030/2,관현악과(학부/서울),8.33,91.67,,,,,,,,,,,1,11,,,,,,,,,,,ok,outputs/pdfs_full/관현악과__OCH4043__마스터클래스2.pdf,,12
H0002256,H0002740,관현악과,OCH4044,현악합주8,2018,2,2016/1 ~ 2018/2,관현악과(학부/서울),48,,36,,12,,4,,,,,,12,,9,,3,,1,,,,,,ok,outputs/pdfs_full/관현악과__OCH4044__현악합주8.pdf,,25
H0002256,H0002839,관광학부,PAD1053,행정학의이해,2015,2,1997/1 ~ 2000/2,관광학부(학부/서울),30.43,2.17,45.65,,19.57,2.17,,,,,,,14,1,21,,9,1,,,,,,,ok,outputs/pdfs_full/관광학부__PAD1053__행정학의이해.pdf,,46
H0002256,H0002834,사회과학부,PAD1054,행정학의탐색,2015,1,2001/1 ~ 2013/2,사회과학부(학부/서울),32,4,40,,18,,,,,6,,,16,2,20,,9,,,,,3,,,ok,outputs/pdfs_full/사회과학부__PAD1054__행정학의탐색.pdf,,50
H0002256,H0003666,행정학과,PAD1055,심리학입문,2015,1,2014/1 ~ 2015/2,행정학과,16.28,13.95,30.23,9.3,18.6,11.63,,,,,,,7,6,13,4,8,5,,,,,,,ok,outputs/pdfs_full/행정학과__PAD1055__심리학입문.pdf,,43
H0002256,H0003666,행정학과,PAD1056,통계학의기초,2015,2,2014/1 ~ 2015/2,행정학과,28.26,4.35,41.3,,26.09,,,,,,,,13,2,19,,12,,,,,,,,ok,outputs/pdfs_full/행정학과__PAD1056__통계학의기초.pdf,,46
H0002256,H0002836,행정학전공,PAD2001,한국행정론,2017,2,1999/1 ~ 2013/2,행정학전공(학부/서울),40,,40,,20,,,,,,,,4,,4,,2,,,,,,,,ok,outputs/pdfs_full/행정학전공__PAD2001__한국행정론.pdf,,10
H0002256,H0002836,행정학전공,PAD2002,행정조사방법론,2016,1,1998/1 ~ 2013/2,행정학전공(학부/서울),36.36,4.55,40.91,,9.09,,,,,9.09,,,8,1,9,,2,,,,,2,,,ok,outputs/pdfs_full/행정학전공__PAD2002__행정조사방법론.pdf,,22
H0002256,H0002836,행정학전공,PAD2017,경제분석,2026,1,2003/1 ~ 2013/2,행정학전공(학부/서울),38.71,,35.48,,16.13,,,,,,9.68,,12,,11,,5,,,,,,3,,ok,outputs/pdfs_full/행정학전공__PAD2017__경제분석.pdf,,31
H0002256,H0002836,행정학전공,PAD2020,행정학의이론,2026,1,2010/1 ~ 2013/2,행정학전공(학부/서울),35.09,5.26,26.32,14.04,5.26,5.26,8.77,,,,,,20,3,15,8,3,3,5,,,,,,ok,outputs/pdfs_full/행정학전공__PAD2020__행정학의이론.pdf,,57
H0002256,H0002836,행정학전공,PAD2021,행정연구캡스톤디자인,2024,2,2010/1 ~ 2013/2,행정학전공(학부/서울),30.95,9.52,33.33,7.14,,16.67,2.38,,,,,,13,4,14,3,,7,1,,,,,,ok,outputs/pdfs_full/행정학전공__PAD2021__행정연구캡스톤디자인.pdf,,42
H0002256,H0002836,행정학전공,PAD2055,행정계량분석,2025,2,2006/1 ~ 2013/2,행정학전공(학부/서울),21.05,15.79,15.79,10.53,15.79,10.53,10.53,,,,,,4,3,3,2,3,2,2,,,,,,ok,outputs/pdfs_full/행정학전공__PAD2055__행정계량분석.pdf,,19
H0002256,H0002836,행정학전공,PAD2056,지방자치론,2025,2,2006/1 ~ 2013/2,행정학전공(학부/서울),34.69,6.12,32.65,6.12,14.29,4.08,,,,,2.04,,17,3,16,3,7,2,,,,,1,,ok,outputs/pdfs_full/행정학전공__PAD2056__지방자치론.pdf,,49
H0002256,H0002836,행정학전공,PAD2057,비교지방정부론,2016,1,2008/1 ~ 2013/2,행정학전공(학부/서울),37.5,,43.75,,12.5,6.25,,,,,,,12,,14,,4,2,,,,,,,ok,outputs/pdfs_full/행정학전공__PAD2057__비교지방정부론.pdf,,32
H0002256,H0002836,행정학전공,PAD2058,행정법Ⅰ,2016,2,2010/1 ~ 2013/2,행정학전공(학부/서울),27.59,10.34,34.48,10.34,17.24,,,,,,,,8,3,10,3,5,,,,,,,,ok,outputs/pdfs_full/행정학전공__PAD2058__행정법I.pdf,,29
H0002256,H0002836,행정학전공,PAD2059,공공투자론,2014,2,2011/1 ~ 2013/2,행정학전공(학부/서울),37.5,62.5,,,,,,,,,,,9,15,,,,,,,,,,,ok,outputs/pdfs_full/행정학전공__PAD2059__공공투자론.pdf,,24
H0002256,H0002836,행정학전공,PAD2060,행정학의핵심주제,2025,2,2012/1 ~ 2013/2,행정학전공(학부/서울),47.06,29.41,,11.76,5.88,,5.88,,,,,,8,5,,2,1,,1,,,,,,ok,outputs/pdfs_full/행정학전공__PAD2060__행정학의핵심주제.pdf,,17
H0002256,H0003666,행정학과,PAD2062,AI행정과데이터분석,2025,2,2022/1 ~ 2028/2,행정학과,69.23,23.08,7.69,,,,,,,,,,18,6,2,,,,,,,,,,ok,outputs/pdfs_full/행정학과__PAD2062__AI행정과데이터분석.pdf,,26
H0002256,H0002836,행정학전공,PAD3001,인사행정론,2026,1,1998/1 ~ 2013/2,행정학전공(학부/서울),28.57,33.33,19.05,9.52,9.52,,,,,,,,6,7,4,2,2,,,,,,,,ok,outputs/pdfs_full/행정학전공__PAD3001__인사행정론.pdf,,21
H0002256,H0002836,행정학전공,PAD3002,재무행정론,2025,2,1999/1 ~ 2013/2,행정학전공(학부/서울),62.5,12.5,6.25,6.25,,6.25,6.25,,,,,,10,2,1,1,,1,1,,,,,,ok,outputs/pdfs_full/행정학전공__PAD3002__재무행정론.pdf,,16
H0002256,H0002867,정보시스템학과,PAD3003,조직론,2026,1,2010/1 ~ 2028/2,정보시스템학과(학과/서울),26.32,21.05,31.58,5.26,5.26,5.26,,,,,5.26,,5,4,6,1,1,1,,,,,1,,ok,outputs/pdfs_full/정보시스템학과__PAD3003__조직론.pdf,,19
H0002256,H0002836,행정학전공,PAD3004,정책학개론,2025,2,1998/1 ~ 2013/2,행정학전공(학부/서울),29.3,11.46,29.94,7.64,8.92,6.37,1.91,0.64,,3.82,,,46,18,47,12,14,10,3,1,,6,,,ok,outputs/pdfs_full/행정학전공__PAD3004__정책학개론.pdf,,157
H0002256,H0004817,간호학과(야),PAD3010,인간관계론,2025,2,2018/1 ~ 2029/2,간호학과(야),17.86,21.43,28.57,10.71,14.29,,,7.14,,,,,5,6,8,3,4,,,2,,,,,ok,outputs/pdfs_full/간호학과(야)__PAD3010__인간관계론.pdf,,28
H0002256,H0002836,행정학전공,PAD3016,행정통제론,2018,1,2000/1 ~ 2013/2,행정학전공(학부/서울),40.74,,40.74,,18.52,,,,,,,,11,,11,,5,,,,,,,,ok,outputs/pdfs_full/행정학전공__PAD3016__행정통제론.pdf,,27
H0002256,H0002836,행정학전공,PAD3023,공기업경영론,2025,1,2003/1 ~ 2013/2,행정학전공(학부/서울),38.46,,61.54,,,,,,,,,,5,,8,,,,,,,,,,ok,outputs/pdfs_full/행정학전공__PAD3023__공기업경영론.pdf,,13
H0002256,H0002836,행정학전공,PAD3025,행정법Ⅱ,2017,1,2011/1 ~ 2013/2,행정학전공(학부/서울),22.73,13.64,22.73,22.73,18.18,,,,,,,,5,3,5,5,4,,,,,,,,ok,outputs/pdfs_full/행정학전공__PAD3025__행정법II.pdf,,22
H0002256,H0002836,행정학전공,PAD3026,감성정부론,2025,1,2011/1 ~ 2013/2,행정학전공(학부/서울),27.78,5.56,27.78,5.56,19.44,11.11,,,,,2.78,,10,2,10,2,7,4,,,,,1,,ok,outputs/pdfs_full/행정학전공__PAD3026__감성정부론.pdf,,36
H0002256,H0002894,경영학부,PAD3051,조직관리론,2017,1,1999/1 ~ 2017/2,경영학부(학부/서울/경영),18.05,27.82,27.07,12.78,9.77,3.01,0.75,0.75,,,,,24,37,36,17,13,4,1,1,,,,,ok,outputs/pdfs_full/경영학부__PAD3051__조직관리론.pdf,,133
H0002256,H0002836,행정학전공,PAD3052,복지행정론,2025,1,1999/1 ~ 2013/2,행정학전공(학부/서울),74.42,13.95,6.98,2.33,,2.33,,,,,,,32,6,3,1,,1,,,,,,,ok,outputs/pdfs_full/행정학전공__PAD3052__복지행정론.pdf,,43
H0002256,H0003663,정치외교학과,PAD3062,정치와행정,2020,2,2014/1 ~ 2016/2,정치외교학과,19.44,25,33.33,11.11,11.11,,,,,,,,7,9,12,4,4,,,,,,,,ok,outputs/pdfs_full/정치외교학과__PAD3062__정치와행정.pdf,,36
H0002256,H0002836,행정학전공,PAD3064,행정리더쉽트레이닝,2016,2,2008/1 ~ 2013/2,행정학전공(학부/서울),13.89,25,41.67,,13.89,,5.56,,,,,,5,9,15,,5,,2,,,,,,ok,outputs/pdfs_full/행정학전공__PAD3064__행정리더쉽트레이닝.pdf,,36
H0002256,H0002836,행정학전공,PAD3066,문화행정론,2026,1,2006/1 ~ 2013/2,행정학전공(학부/서울),29.51,9.84,32.79,8.2,8.2,3.28,3.28,3.28,,,1.64,,18,6,20,5,5,2,2,2,,,1,,ok,outputs/pdfs_full/행정학전공__PAD3066__문화행정론.pdf,,61
H0002256,H0002836,행정학전공,PAD3068,규제정책론,2025,2,2011/1 ~ 2013/2,행정학전공(학부/서울),46.67,,46.67,,6.67,,,,,,,,7,,7,,1,,,,,,,,ok,outputs/pdfs_full/행정학전공__PAD3068__규제정책론.pdf,,15
H0002256,H0002836,행정학전공,PAD3070,성과관리론,2025,2,2012/1 ~ 2013/2,행정학전공(학부/서울),31.82,22.73,22.73,9.09,4.55,9.09,,,,,,,7,5,5,2,1,2,,,,,,,ok,outputs/pdfs_full/행정학전공__PAD3070__성과관리론.pdf,,22
H0002256,H0003666,행정학과,PAD3071,조직행태론,2026,1,2014/1 ~ 2029/2,행정학과,36.36,30.3,21.21,3.03,,3.03,6.06,,,,,,12,10,7,1,,1,2,,,,,,ok,outputs/pdfs_full/행정학과__PAD3071__조직행태론.pdf,,33
H0002256,H0003666,행정학과,PAD3072,정책실험론,2025,2,2022/1 ~ 2029/2,행정학과,45.45,31.82,9.09,4.55,4.55,,,4.55,,,,,10,7,2,1,1,,,1,,,,,ok,outputs/pdfs_full/행정학과__PAD3072__정책실험론.pdf,,22
H0002256,H0003666,행정학과,PAD3073,서베이데이터수집론,2026,1,2022/1 ~ 2029/2,행정학과,78.95,,21.05,,,,,,,,,,15,,4,,,,,,,,,,ok,outputs/pdfs_full/행정학과__PAD3073__서베이데이터수집론.pdf,,19
H0002256,H0002836,행정학전공,PAD4004,도시행정론,2021,1,1999/1 ~ 2013/2,행정학전공(학부/서울),8.7,19.57,43.48,17.39,6.52,2.17,2.17,,,,,,4,9,20,8,3,1,1,,,,,,ok,outputs/pdfs_full/행정학전공__PAD4004__도시행정론.pdf,,46
H0002256,H0002836,행정학전공,PAD4015,정책분석평가론,2026,1,2003/1 ~ 2013/2,행정학전공(학부/서울),20,20,40,20,,,,,,,,,2,2,4,2,,,,,,,,,ok,outputs/pdfs_full/행정학전공__PAD4015__정책분석평가론.pdf,,10
H0002256,H0002836,행정학전공,PAD4031,정책사례연구,2018,1,2004/1 ~ 2013/2,행정학전공(학부/서울),40,,40,,20,,,,,,,,6,,6,,3,,,,,,,,ok,outputs/pdfs_full/행정학전공__PAD4031__정책사례연구.pdf,,15
H0002256,H0002836,행정학전공,PAD4035,Current Affairs And Public Policy,2017,2,2008/1 ~ 2013/2,행정학전공(학부/서울),9.09,18.18,27.27,18.18,18.18,9.09,,,,,,,1,2,3,2,2,1,,,,,,,ok,outputs/pdfs_full/행정학전공__PAD4035__Current_Affairs_And_Public_Policy.pdf,,11
H0002256,H0002836,행정학전공,PAD4037,거버넌스이론,2026,1,2012/1 ~ 2013/2,행정학전공(학부/서울),41.67,,41.67,,16.67,,,,,,,,10,,10,,4,,,,,,,,ok,outputs/pdfs_full/행정학전공__PAD4037__거버넌스이론.pdf,,24
H0002256,H0002836,행정학전공,PAD4038,Contemporary Public Administration,2014,1,2009/1 ~ 2013/2,행정학전공(학부/서울),40,50,5,5,,,,,,,,,8,10,1,1,,,,,,,,,ok,outputs/pdfs_full/행정학전공__PAD4038__Contemporary_Public_Administration.pdf,,20
H0002256,H0002836,행정학전공,PAD4039,위기관리정책론,2017,1,2012/1 ~ 2013/2,행정학전공(학부/서울),25,16.67,25,16.67,16.67,,,,,,,,3,2,3,2,2,,,,,,,,ok,outputs/pdfs_full/행정학전공__PAD4039__위기관리정책론.pdf,,12
H0002256,H0002836,행정학전공,PAD4040,시사정책현안분석,2015,1,2010/1 ~ 2013/2,행정학전공(학부/서울),15.79,10.53,47.37,5.26,21.05,,,,,,,,3,2,9,1,4,,,,,,,,ok,outputs/pdfs_full/행정학전공__PAD4040__시사정책현안분석.pdf,,19
H0002256,H0002836,행정학전공,PAD4041,도시행정사례분석,2017,2,2012/1 ~ 2013/2,행정학전공(학부/서울),36.36,,45.45,,18.18,,,,,,,,4,,5,,2,,,,,,,,ok,outputs/pdfs_full/행정학전공__PAD4041__도시행정사례분석.pdf,,11
H0002256,H0002836,행정학전공,PAD4044,졸업논문캡스톤디자인2,2018,2,2012/1 ~ 2013/2,행정학전공(학부/서울),100,,,,,,,,,,,,10,,,,,,,,,,,,ok,outputs/pdfs_full/행정학전공__PAD4044__졸업논문캡스톤디자인2.pdf,,10
H0002256,H0003666,행정학과,PAD4045,현대정책학이론,2025,1,2019/1 ~ 2030/2,행정학과,28.57,14.29,34.29,5.71,11.43,,5.71,,,,,,10,5,12,2,4,,2,,,,,,ok,outputs/pdfs_full/행정학과__PAD4045__현대정책학이론.pdf,,35
H0002256,H0003666,행정학과,PAD4046,환경행정의이해,2021,2,2019/1 ~ 2022/2,행정학과,62.5,12.5,,,25,,,,,,,,5,1,,,2,,,,,,,,ok,outputs/pdfs_full/행정학과__PAD4046__환경행정의이해.pdf,,8
H0002256,H0003666,행정학과,PAD4047,공직윤리론,2026,1,2019/1 ~ 2029/2,행정학과,41.18,11.76,23.53,17.65,,,,5.88,,,,,7,2,4,3,,,,1,,,,,ok,outputs/pdfs_full/행정학과__PAD4047__공직윤리론.pdf,,17
H0002256,H0003666,행정학과,PAD4048,창의행정캡스톤디자인,2025,2,2019/1 ~ 2030/2,행정학과,100,,,,,,,,,,,,13,,,,,,,,,,,,ok,outputs/pdfs_full/행정학과__PAD4048__창의행정캡스톤디자인.pdf,,13
H0002256,H0003666,행정학과,PAD4049,공공가치론,2024,2,2023/1 ~ 2029/2,행정학과,100,,,,,,,,,,,,13,,,,,,,,,,,,ok,outputs/pdfs_full/행정학과__PAD4049__공공가치론.pdf,,13
H0002256,H0002836,행정학전공,PAD5000,정부혁신론,2022,2,2012/1 ~ 2013/2,행정학전공(학부/서울),100,,,,,,,,,,,,12,,,,,,,,,,,,ok,outputs/pdfs_full/행정학전공__PAD5000__정부혁신론.pdf,,12
H0002256,H0002836,행정학전공,PAD5001,정책리더십연구,2018,2,2012/1 ~ 2013/2,행정학전공(학부/서울),40,,40,,20,,,,,,,,6,,6,,3,,,,,,,,ok,outputs/pdfs_full/행정학전공__PAD5001__정책리더십연구.pdf,,15
H0002256,H0002518,소프트웨어전공,PBL4001,컴퓨터소프트웨어캡스톤PBL,2026,1,2018/2 ~ 2022/2,소프트웨어전공,20.63,22.22,22.22,17.46,11.11,6.35,,,,,,,13,14,14,11,7,4,,,,,,,ok,outputs/pdfs_full/소프트웨어전공__PBL4001__컴퓨터소프트웨어캡스톤PBL.pdf,,63
H0002256,H0003589,연극영화학과,PBL4002,연극영화캡스톤PBL,2026,1,2018/2 ~ 2030/2,연극영화학과,51.16,39.53,6.98,2.33,,,,,,,,,22,17,3,1,,,,,,,,,ok,outputs/pdfs_full/연극영화학과__PBL4002__연극영화캡스톤PBL.pdf,,43
H0002256,H0002739,피아노과,PBL4003,피아노과캡스톤PBL,2025,2,2018/2 ~ 2030/2,피아노과(학부/서울),36.36,36.36,27.27,,,,,,,,,,4,4,3,,,,,,,,,,ok,outputs/pdfs_full/피아노과__PBL4003__피아노과캡스톤PBL.pdf,,11
H0002256,H0002521,건축공학부,PBL4004,건축공학캡스톤PBL,2026,1,2019/1 ~ 2030/2,건축공학부(학부/서울),73.68,13.16,10.53,2.63,,,,,,,,,28,5,4,1,,,,,,,,,ok,outputs/pdfs_full/건축공학부__PBL4004__건축공학캡스톤PBL.pdf,,38
H0002256,H0002894,경영학부,PBL4005,경영대학캡스톤PBL,2025,2,2018/2 ~ 2030/2,경영학부(학부/서울/경영),63.16,26.32,10.53,,,,,,,,,,12,5,2,,,,,,,,,,ok,outputs/pdfs_full/경영학부__PBL4005__경영대학캡스톤PBL.pdf,,19
H0002256,H0002520,전기공학전공,PBL4007,전기공학전공캡스톤PBL,2024,2,2019/1 ~ 2030/2,전기공학전공(학부/서울),42.86,57.14,,,,,,,,,,,3,4,,,,,,,,,,,ok,outputs/pdfs_full/전기공학전공__PBL4007__전기공학전공캡스톤PBL.pdf,,7
H0002256,H0002737,성악과,PBL4008,성악과캡스톤PBL,2019,1,2019/1 ~ 2022/2,성악과(학부/서울),80,20,,,,,,,,,,,8,2,,,,,,,,,,,ok,outputs/pdfs_full/성악과__PBL4008__성악과캡스톤PBL.pdf,,10
H0002256,H0002575,융합전자공학부,PBL4009,융합전자공학캡스톤PBL,2026,1,2019/2 ~ 2030/2,융합전자공학부,100,,,,,,,,,,,,45,,,,,,,,,,,,ok,outputs/pdfs_full/융합전자공학부__PBL4009__융합전자공학캡스톤PBL.pdf,,45
H0002256,H0002722,응용미술교육과,PBL4011,응용미술교육캡스톤PBL,2026,1,2019/2 ~ 2030/2,응용미술교육과(학부/서울),90.91,9.09,,,,,,,,,,,10,1,,,,,,,,,,,ok,outputs/pdfs_full/응용미술교육과__PBL4011__응용미술교육캡스톤PBL.pdf,,11
H0002256,H0003560,수학과,PBL4012,수학캡스톤PBL,2026,1,2019/2 ~ 2030/2,수학과,68.75,12.5,15.63,,,3.13,,,,,,,22,4,5,,,1,,,,,,,ok,outputs/pdfs_full/수학과__PBL4012__수학캡스톤PBL.pdf,,32
H0002256,H0003562,화학과,PBL4013,화학캡스톤PBL,2025,2,2019/2 ~ 2030/2,화학과,100,,,,,,,,,,,,12,,,,,,,,,,,,ok,outputs/pdfs_full/화학과__PBL4013__화학캡스톤PBL.pdf,,12
H0002256,H0003563,생명과학과,PBL4014,생명과학캡스톤PBL,2026,1,2019/2 ~ 2030/2,생명과학과,75,18.75,,,,,6.25,,,,,,12,3,,,,,1,,,,,,ok,outputs/pdfs_full/생명과학과__PBL4014__생명과학캡스톤PBL.pdf,,16
H0002256,H0002741,국악과,PBL4015,국악과캡스톤PBL,2020,1,2020/1 ~ 2030/2,국악과(학부/서울),90.91,9.09,,,,,,,,,,,10,1,,,,,,,,,,,ok,outputs/pdfs_full/국악과__PBL4015__국악과캡스톤PBL.pdf,,11
H0002256,H0002983,정책학과,PBL4017,정책연구캡스톤PBL,2026,1,2020/2 ~ 2030/2,정책학과,96.61,3.39,,,,,,,,,,,57,2,,,,,,,,,,,ok,outputs/pdfs_full/정책학과__PBL4017__정책연구캡스톤PBL.pdf,,59
H0002256,H0002800,영어영문학과,PBL4018,영어영문캡스톤PBL,2026,1,2023/1 ~ 2030/2,영어영문학(학부/서울),81.82,9.09,6.06,,,3.03,,,,,,,27,3,2,,,1,,,,,,,ok,outputs/pdfs_full/영어영문학과__PBL4018__영어영문캡스톤PBL.pdf,,33
H0002256,H0003583,의류학과,PBL4020,의류캡스톤PBL,2026,1,2021/1 ~ 2030/2,의류학과,87.5,,12.5,,,,,,,,,,7,,1,,,,,,,,,,ok,outputs/pdfs_full/의류학과__PBL4020__의류캡스톤PBL.pdf,,8
H0002256,H0003561,물리학과,PBL4021,물리학캡스톤PBL,2026,1,2021/1 ~ 2030/2,물리학과,86.67,13.33,,,,,,,,,,,13,2,,,,,,,,,,,ok,outputs/pdfs_full/물리학과__PBL4021__물리학캡스톤PBL.pdf,,15
H0002256,H0004816,간호학과,PBL4022,간호캡스톤PBL,2026,1,2023/1 ~ 2030/2,간호학과,58.18,40,,1.82,,,,,,,,,32,22,,1,,,,,,,,,ok,outputs/pdfs_full/간호학과__PBL4022__간호캡스톤PBL.pdf,,55
H0002256,H0002920,국제학부,PBL4023,국제학부캡스톤PBL,2026,1,2022/1 ~ 2026/2,국제학부,19.23,53.85,11.54,15.38,,,,,,,,,5,14,3,4,,,,,,,,,ok,outputs/pdfs_full/국제학부__PBL4023__국제학부캡스톤PBL.pdf,,26
H0002256,H0004318,사회혁신융합전공,PBL4028,사회혁신캡스톤PBL,2026,1,2025/1 ~ 2030/2,사회혁신융합전공,76.74,20.93,2.33,,,,,,,,,,33,9,1,,,,,,,,,,ok,outputs/pdfs_full/사회혁신융합전공__PBL4028__사회혁신캡스톤PBL.pdf,,43
H0002256,H0002937,공공수행인문학전공,PER0002,공공수행인문학의이론과실제,2017,1,2008/1 ~ 2017/2,공공수행인문학전공,26.67,13.33,40,,20,,,,,,,,4,2,6,,3,,,,,,,,ok,outputs/pdfs_full/공공수행인문학전공__PER0002__공공수행인문학의이론과실제.pdf,,15
H0002256,H0002813,수행인문학부,PER0003,생각과논리,2025,2,2010/1 ~ 2016/2,수행인문학부,39.13,,39.13,,21.74,,,,,,,,9,,9,,5,,,,,,,,ok,outputs/pdfs_full/수행인문학부__PER0003__생각과논리.pdf,,23
H0002256,H0002813,수행인문학부,PER0004,영어논리와표현,2015,2,2010/1 ~ 2015/2,수행인문학부,47.83,8.7,32.61,6.52,4.35,,,,,,,,22,4,15,3,2,,,,,,,,ok,outputs/pdfs_full/수행인문학부__PER0004__영어논리와표현.pdf,,46
H0002256,H0002794,국어국문학과,PER1001,수행인문학논술,2015,1,2010/1 ~ 2015/2,국어국문학(학부-인문과/서울),25.69,6.32,38.74,2.37,19.76,3.95,1.19,1.98,,,,,65,16,98,6,50,10,3,5,,,,,ok,outputs/pdfs_full/국어국문학과__PER1001__수행인문학논술.pdf,,253
H0002256,H0002936,STS(과학기술학)전공,PER2001,STS란무엇인가,2016,1,2007/1 ~ 2020/2,STS(과학기술학)전공,33.33,16.67,50,,,,,,,,,,2,1,3,,,,,,,,,,ok,outputs/pdfs_full/STS(과학기술학)전공__PER2001__STS란무엇인가.pdf,,6
H0002256,H0002936,STS(과학기술학)전공,PER2002,과학기술과문화,2016,1,2007/1 ~ 2020/2,STS(과학기술학)전공,21.74,13.04,39.13,4.35,21.74,,,,,,,,5,3,9,1,5,,,,,,,,ok,outputs/pdfs_full/STS(과학기술학)전공__PER2002__과학기술과문화.pdf,,23
H0002256,H0002936,STS(과학기술학)전공,PER2003,현대과학기술의윤리적쟁점,2015,2,2007/1 ~ 2020/2,STS(과학기술학)전공,,66.67,22.22,,,,11.11,,,,,,,6,2,,,,1,,,,,,ok,outputs/pdfs_full/STS(과학기술학)전공__PER2003__현대과학기술의윤리적쟁점.pdf,,9
H0002256,H0002936,STS(과학기술학)전공,PER2004,한국근현대과학기술사,2016,2,2007/1 ~ 2020/2,STS(과학기술학)전공,33.33,,33.33,,33.33,,,,,,,,4,,4,,4,,,,,,,,ok,outputs/pdfs_full/STS(과학기술학)전공__PER2004__한국근현대과학기술사.pdf,,12
H0002256,H0002937,공공수행인문학전공,PER2006,한자문화의이해,2014,2,2007/1 ~ 2016/2,공공수행인문학전공,29.41,11.76,29.41,29.41,,,,,,,,,5,2,5,5,,,,,,,,,ok,outputs/pdfs_full/공공수행인문학전공__PER2006__한자문화의이해.pdf,,17
H0002256,H0002937,공공수행인문학전공,PER2007,한국문화사론,2017,2,2007/1 ~ 2018/2,공공수행인문학전공,33.33,8.33,33.33,8.33,16.67,,,,,,,,4,1,4,1,2,,,,,,,,ok,outputs/pdfs_full/공공수행인문학전공__PER2007__한국문화사론.pdf,,12
H0002256,H0002938,미디어문화전공,PER2008,문화이론의쟁점과미디어읽기,2018,1,2007/1 ~ 2022/2,미디어문화전공,23.53,17.65,41.18,,17.65,,,,,,,,4,3,7,,3,,,,,,,,ok,outputs/pdfs_full/미디어문화전공__PER2008__문화이론의쟁점과미디어읽기.pdf,,17
H0002256,H0002938,미디어문화전공,PER2009,미디어와이미지,2016,1,2007/1 ~ 2020/2,미디어문화전공,33.33,,38.89,,22.22,,5.56,,,,,,6,,7,,4,,1,,,,,,ok,outputs/pdfs_full/미디어문화전공__PER2009__미디어와이미지.pdf,,18
H0002256,H0002938,미디어문화전공,PER2010,드라마를통한미국문화읽기,2017,2,2007/1 ~ 2021/2,미디어문화전공,42.86,,35.71,,21.43,,,,,,,,6,,5,,3,,,,,,,,ok,outputs/pdfs_full/미디어문화전공__PER2010__드라마를통한미국문화읽기.pdf,,14
H0002256,H0002940,중국어커뮤니케이션전공,PER2011,통번역입문,2016,2,2007/1 ~ 2016/2,중국어커뮤니케이션전공,16.95,32.2,18.64,13.56,8.47,3.39,3.39,3.39,,,,,10,19,11,8,5,2,2,2,,,,,ok,outputs/pdfs_full/중국어커뮤니케이션전공__PER2011__통번역입문.pdf,,59
H0002256,H0002940,중국어커뮤니케이션전공,PER2012,한국어의이해와활용,2016,1,2007/1 ~ 2016/2,중국어커뮤니케이션전공,32.26,8.06,32.26,8.06,19.35,,,,,,,,20,5,20,5,12,,,,,,,,ok,outputs/pdfs_full/중국어커뮤니케이션전공__PER2012__한국어의이해와활용.pdf,,62
H0002256,H0002940,중국어커뮤니케이션전공,PER2013,커뮤니케이션입문,2016,2,2007/1 ~ 2016/2,중국어커뮤니케이션전공,24,36,16,16,4,4,,,,,,,6,9,4,4,1,1,,,,,,,ok,outputs/pdfs_full/중국어커뮤니케이션전공__PER2013__커뮤니케이션입문.pdf,,25
H0002256,H0002939,영어커뮤니케이션전공,PER2015,영어커뮤니케이션기초,2018,1,2009/1 ~ 2020/2,영어커뮤니케이션전공,62.5,,25,,,12.5,,,,,,,5,,2,,,1,,,,,,,ok,outputs/pdfs_full/영어커뮤니케이션전공__PER2015__영어커뮤니케이션기초.pdf,,8
H0002256,H0002939,영어커뮤니케이션전공,PER2016,영어커뮤니케이션연습,2017,2,2009/1 ~ 2020/2,영어커뮤니케이션전공,45.45,18.18,18.18,,18.18,,,,,,,,5,2,2,,2,,,,,,,,ok,outputs/pdfs_full/영어커뮤니케이션전공__PER2016__영어커뮤니케이션연습.pdf,,11
H0002256,H0003725,한중통번역전공,PER2019,한국어작문,2026,1,2019/1 ~ 2022/2,한중통번역전공,33.33,33.33,15.15,15.15,3.03,,,,,,,,11,11,5,5,1,,,,,,,,ok,outputs/pdfs_full/한중통번역전공__PER2019__한국어작문.pdf,,33
H0002256,H0002938,미디어문화전공,PER2020,문화콘텐츠산업과마케팅,2016,2,2010/1 ~ 2020/2,미디어문화전공,16.67,16.67,45.83,,20.83,,,,,,,,4,4,11,,5,,,,,,,,ok,outputs/pdfs_full/미디어문화전공__PER2020__문화콘텐츠산업과마케팅.pdf,,24
H0002256,H0003725,한중통번역전공,PER2021,한국사회와문화,2026,1,2017/1 ~ 2020/2,한중통번역전공,40,,40,,20,,,,,,,,12,,12,,6,,,,,,,,ok,outputs/pdfs_full/한중통번역전공__PER2021__한국사회와문화.pdf,,30
H0002256,H0002942,통상한국어커뮤니케이션전공,PER2022,시장경제의이해,2025,2,2010/1 ~ 2020/2,통상한국어커뮤니케이션전공,36.67,,36.67,,26.67,,,,,,,,11,,11,,8,,,,,,,,ok,outputs/pdfs_full/통상한국어커뮤니케이션전공__PER2022__시장경제의이해.pdf,,30
H0002256,H0002942,통상한국어커뮤니케이션전공,PER2023,한국기업의이해,2024,2,2010/1 ~ 2021/2,통상한국어커뮤니케이션전공,59.09,22.73,18.18,,,,,,,,,,13,5,4,,,,,,,,,,ok,outputs/pdfs_full/통상한국어커뮤니케이션전공__PER2023__한국기업의이해.pdf,,22
H0002256,H0002939,영어커뮤니케이션전공,PER2024,CRITICAL READING,2017,1,2014/1 ~ 2016/2,영어커뮤니케이션전공,75,8.33,16.67,,,,,,,,,,9,1,2,,,,,,,,,,ok,outputs/pdfs_full/영어커뮤니케이션전공__PER2024__CRITICAL_READING.pdf,,12
H0002256,H0002943,글로벌비즈니스문화전공(영어전용),PER2025,Identity and Global Arguments,2018,1,2011/1 ~ 2020/2,글로벌비즈니스문화전공(영어전용),31.58,31.58,36.84,,,,,,,,,,6,6,7,,,,,,,,,,ok,outputs/pdfs_full/글로벌비즈니스문화전공(영어전용)__PER2025__Identity_and_Global_Arguments.pdf,,19
H0002256,H0003663,정치외교학과,PER2026,KOREA IN GLOBAL CONTEXT,2026,1,2014/1 ~ 2028/2,정치외교학과,78.57,14.29,,,,7.14,,,,,,,11,2,,,,1,,,,,,,ok,outputs/pdfs_full/정치외교학과__PER2026__KOREA_IN_GLOBAL_CONTEXT.pdf,,14
H0002256,H0002939,영어커뮤니케이션전공,PER2027,GLOBAL SOCIETY AND LANGUAGE,2019,2,2018/1 ~ 2021/2,영어커뮤니케이션전공,52.63,31.58,,15.79,,,,,,,,,10,6,,3,,,,,,,,,ok,outputs/pdfs_full/영어커뮤니케이션전공__PER2027__GLOBAL_SOCIETY_AND_LANGUAGE.pdf,,19
H0002256,H0002943,글로벌비즈니스문화전공(영어전용),PER2028,INTERNATIONAL ORGANIZATIONS AND THE NGOs,2018,2,2011/1 ~ 2020/2,글로벌비즈니스문화전공(영어전용),41.67,37.5,16.67,4.17,,,,,,,,,10,9,4,1,,,,,,,,,ok,outputs/pdfs_full/글로벌비즈니스문화전공(영어전용)__PER2028__INTERNATIONAL_ORGANIZATIONS_AND_THE_NGOs.pdf,,24
H0002256,H0002938,미디어문화전공,PER2032,판타지와서사,2015,2,2011/1 ~ 2020/2,미디어문화전공,44.44,,40.74,,14.81,,,,,,,,12,,11,,4,,,,,,,,ok,outputs/pdfs_full/미디어문화전공__PER2032__판타지와서사.pdf,,27
H0002256,H0002939,영어커뮤니케이션전공,PER2033,GLOBAL BUSINESS COMMUNICATION,2024,1,2014/1 ~ 2020/2,영어커뮤니케이션전공,5,5,5,35,30,10,5,5,,,,,1,1,1,7,6,2,1,1,,,,,ok,outputs/pdfs_full/영어커뮤니케이션전공__PER2033__GLOBAL_BUSINESS_COMMUNICATION.pdf,,20
H0002256,H0002943,글로벌비즈니스문화전공(영어전용),PER2034,GLOBAL BUSINESS COOPERATION,2018,1,2011/1 ~ 2020/2,글로벌비즈니스문화전공(영어전용),25,66.67,8.33,,,,,,,,,,6,16,2,,,,,,,,,,ok,outputs/pdfs_full/글로벌비즈니스문화전공(영어전용)__PER2034__GLOBAL_BUSINESS_COOPERATION.pdf,,24
H0002256,H0002943,글로벌비즈니스문화전공(영어전용),PER2035,KOREAN CINEMA AND MODERNIZATION,2023,2,2011/1 ~ 2020/2,글로벌비즈니스문화전공(영어전용),42.86,23.81,23.81,4.76,4.76,,,,,,,,9,5,5,1,1,,,,,,,,ok,outputs/pdfs_full/글로벌비즈니스문화전공(영어전용)__PER2035__KOREAN_CINEMA_AND_MODERNIZATION.pdf,,21
H0002256,H0002936,STS(과학기술학)전공,PER2036,융합적사고를위한인문고전읽기,2017,2,2014/1 ~ 2020/2,STS(과학기술학)전공,23.08,15.38,23.08,15.38,3.85,19.23,,,,,,,6,4,6,4,1,5,,,,,,,ok,outputs/pdfs_full/STS(과학기술학)전공__PER2036__융합적사고를위한인문고전읽기.pdf,,26
H0002256,H0003725,한중통번역전공,PER2037,한류와한국대중문화,2025,2,2017/1 ~ 2020/2,한중통번역전공,41.18,,38.24,,14.71,5.88,,,,,,,14,,13,,5,2,,,,,,,ok,outputs/pdfs_full/한중통번역전공__PER2037__한류와한국대중문화.pdf,,34
H0002256,H0003725,한중통번역전공,PER2038,한중커뮤니케이션기초,2017,1,2014/1 ~ 2017/2,한중통번역전공,28.57,4.76,47.62,,19.05,,,,,,,,12,2,20,,8,,,,,,,,ok,outputs/pdfs_full/한중통번역전공__PER2038__한중커뮤니케이션기초.pdf,,42
H0002256,H0003725,한중통번역전공,PER2039,한중커뮤니케이션연습,2015,2,2014/1 ~ 2016/1,한중통번역전공,5.56,33.33,22.22,16.67,22.22,,,,,,,,1,6,4,3,4,,,,,,,,ok,outputs/pdfs_full/한중통번역전공__PER2039__한중커뮤니케이션연습.pdf,,18
H0002256,H0002939,영어커뮤니케이션전공,PER2048,멀티미디어활용영어학습기초,2017,1,2017/1 ~ 2020/2,영어커뮤니케이션전공,34.62,30.77,23.08,7.69,3.85,,,,,,,,9,8,6,2,1,,,,,,,,ok,outputs/pdfs_full/영어커뮤니케이션전공__PER2048__멀티미디어활용영어학습기초.pdf,,26
H0002256,H0002939,영어커뮤니케이션전공,PER2050,멀티미디어활용영어학습응용,2017,2,2017/1 ~ 2020/2,영어커뮤니케이션전공,55.56,,22.22,11.11,11.11,,,,,,,,10,,4,2,2,,,,,,,,ok,outputs/pdfs_full/영어커뮤니케이션전공__PER2050__멀티미디어활용영어학습응용.pdf,,18
H0002256,H0002939,영어커뮤니케이션전공,PER2051,Cultural Crossings in the Global Age,2020,1,2018/1 ~ 2021/2,영어커뮤니케이션전공,66.67,,25,8.33,,,,,,,,,8,,3,1,,,,,,,,,ok,outputs/pdfs_full/영어커뮤니케이션전공__PER2051__Cultural_Crossings_in_the_Global_Age.pdf,,12
H0002256,H0003725,한중통번역전공,PER2057,중국어통역기초2,2017,2,2017/1 ~ 2020/2,한중통번역전공,18.75,18.75,31.25,12.5,12.5,6.25,,,,,,,6,6,10,4,4,2,,,,,,,ok,outputs/pdfs_full/한중통번역전공__PER2057__중국어통역기초2.pdf,,32
H0002256,H0003725,한중통번역전공,PER2058,한국어통역기초2,2017,2,2017/1 ~ 2020/2,한중통번역전공,38.71,,38.71,,22.58,,,,,,,,12,,12,,7,,,,,,,,ok,outputs/pdfs_full/한중통번역전공__PER2058__한국어통역기초2.pdf,,31
H0002256,H0003725,한중통번역전공,PER2059,한중커뮤니케이션기초2,2017,2,2017/1 ~ 2020/2,한중통번역전공,40,,40,,14.29,,,5.71,,,,,14,,14,,5,,,2,,,,,ok,outputs/pdfs_full/한중통번역전공__PER2059__한중커뮤니케이션기초2.pdf,,35
H0002256,H0002936,STS(과학기술학)전공,PER2060,지능기술시대를위한과학철학,2025,2,2016/2 ~ 2016/2,STS(과학기술학)전공,25,75,,,,,,,,,,,1,3,,,,,,,,,,,ok,outputs/pdfs_full/STS(과학기술학)전공__PER2060__지능기술시대를위한과학철학.pdf,,4
H0002256,H0002936,STS(과학기술학)전공,PER2061,"스마트시대의문자,구술,영상",2025,2,2016/2 ~ 2017/2,STS(과학기술학)전공,28.57,7.14,35.71,7.14,14.29,,7.14,,,,,,4,1,5,1,2,,1,,,,,,ok,"outputs/pdfs_full/STS(과학기술학)전공__PER2061__스마트시대의문자,구술,영상.pdf",,14
H0002256,H0002938,미디어문화전공,PER2063,신화와원형의스토리텔링,2025,2,2016/2 ~ 2022/2,미디어문화전공,94.74,5.26,,,,,,,,,,,18,1,,,,,,,,,,,ok,outputs/pdfs_full/미디어문화전공__PER2063__신화와원형의스토리텔링.pdf,,19
H0002256,H0002936,STS(과학기술학)전공,PER3001,동양의과학기술사상,2017,1,2007/1 ~ 2021/2,STS(과학기술학)전공,32.35,,41.18,,26.47,,,,,,,,11,,14,,9,,,,,,,,ok,outputs/pdfs_full/STS(과학기술학)전공__PER3001__동양의과학기술사상.pdf,,34
H0002256,H0002936,STS(과학기술학)전공,PER3002,과학기술커뮤니케이션,2016,1,2007/1 ~ 2021/2,STS(과학기술학)전공,11.11,16.67,33.33,11.11,16.67,11.11,,,,,,,2,3,6,2,3,2,,,,,,,ok,outputs/pdfs_full/STS(과학기술학)전공__PER3002__과학기술커뮤니케이션.pdf,,18
H0002256,H0002936,STS(과학기술학)전공,PER3003,STS특강,2015,2,2007/1 ~ 2021/2,STS(과학기술학)전공,31.25,,31.25,12.5,18.75,,,6.25,,,,,5,,5,2,3,,,1,,,,,ok,outputs/pdfs_full/STS(과학기술학)전공__PER3003__STS특강.pdf,,16
H0002256,H0002936,STS(과학기술학)전공,PER3004,현대과학기술정책의이해,2017,2,2007/1 ~ 2021/2,STS(과학기술학)전공,30,,40,,10,20,,,,,,,3,,4,,1,2,,,,,,,ok,outputs/pdfs_full/STS(과학기술학)전공__PER3004__현대과학기술정책의이해.pdf,,10
H0002256,H0002937,공공수행인문학전공,PER3005,공직자윤리,2016,2,2007/1 ~ 2018/2,공공수행인문학전공,41.67,,41.67,,16.67,,,,,,,,5,,5,,2,,,,,,,,ok,outputs/pdfs_full/공공수행인문학전공__PER3005__공직자윤리.pdf,,12
H0002256,H0002937,공공수행인문학전공,PER3006,현대사회의이해,2017,1,2007/1 ~ 2017/2,공공수행인문학전공,36.36,,45.45,,18.18,,,,,,,,4,,5,,2,,,,,,,,ok,outputs/pdfs_full/공공수행인문학전공__PER3006__현대사회의이해.pdf,,11
H0002256,H0002938,미디어문화전공,PER3008,디지털콘텐츠창작의이론과실제,2017,1,2007/1 ~ 2021/2,미디어문화전공,12.5,25,43.75,,18.75,,,,,,,,2,4,7,,3,,,,,,,,ok,outputs/pdfs_full/미디어문화전공__PER3008__디지털콘텐츠창작의이론과실제.pdf,,16
H0002256,H0002938,미디어문화전공,PER3009,포스트모더니즘시대의영화,2017,1,2007/1 ~ 2021/2,미디어문화전공,38.1,,38.1,,23.81,,,,,,,,8,,8,,5,,,,,,,,ok,outputs/pdfs_full/미디어문화전공__PER3009__포스트모더니즘시대의영화.pdf,,21
H0002256,H0002938,미디어문화전공,PER3010,중국문화와미디어콘텐츠분석,2016,2,2007/1 ~ 2021/2,미디어문화전공,41.67,,33.33,,25,,,,,,,,5,,4,,3,,,,,,,,ok,outputs/pdfs_full/미디어문화전공__PER3010__중국문화와미디어콘텐츠분석.pdf,,12
H0002256,H0002940,중국어커뮤니케이션전공,PER3011,중국어통역기초,2017,1,2007/1 ~ 2017/2,중국어커뮤니케이션전공,40.91,,38.64,,20.45,,,,,,,,18,,17,,9,,,,,,,,ok,outputs/pdfs_full/중국어커뮤니케이션전공__PER3011__중국어통역기초.pdf,,44
H0002256,H0002939,영어커뮤니케이션전공,PER3013,영어통역기초,2017,1,2007/1 ~ 2017/2,영어커뮤니케이션전공,61.54,30.77,7.69,,,,,,,,,,8,4,1,,,,,,,,,,ok,outputs/pdfs_full/영어커뮤니케이션전공__PER3013__영어통역기초.pdf,,13
H0002256,H0002939,영어커뮤니케이션전공,PER3014,영어통역연습,2016,2,2007/1 ~ 2017/2,영어커뮤니케이션전공,62.5,,37.5,,,,,,,,,,10,,6,,,,,,,,,,ok,outputs/pdfs_full/영어커뮤니케이션전공__PER3014__영어통역연습.pdf,,16
H0002256,H0002937,공공수행인문학전공,PER3018,언론문장작성법,2016,2,2009/1 ~ 2021/2,공공수행인문학전공,17.86,21.43,32.14,7.14,17.86,3.57,,,,,,,5,6,9,2,5,1,,,,,,,ok,outputs/pdfs_full/공공수행인문학전공__PER3018__언론문장작성법.pdf,,28
H0002256,H0002936,STS(과학기술학)전공,PER3019,발표와토론,2018,1,2011/1 ~ 2021/2,STS(과학기술학)전공,42.86,57.14,,,,,,,,,,,3,4,,,,,,,,,,,ok,outputs/pdfs_full/STS(과학기술학)전공__PER3019__발표와토론.pdf,,7
H0002256,H0002942,통상한국어커뮤니케이션전공,PER3020,미디어로보는한국경제,2025,1,2011/1 ~ 2021/2,통상한국어커뮤니케이션전공,38.89,,38.89,,22.22,,,,,,,,7,,7,,4,,,,,,,,ok,outputs/pdfs_full/통상한국어커뮤니케이션전공__PER3020__미디어로보는한국경제.pdf,,18
H0002256,H0002942,통상한국어커뮤니케이션전공,PER3021,비즈니스한국어작문,2026,1,2011/1 ~ 2021/2,통상한국어커뮤니케이션전공,36.36,,36.36,27.27,,,,,,,,,4,,4,3,,,,,,,,,ok,outputs/pdfs_full/통상한국어커뮤니케이션전공__PER3021__비즈니스한국어작문.pdf,,11
H0002256,H0002942,통상한국어커뮤니케이션전공,PER3024,한국경제개발과근대화,2020,2,2011/1 ~ 2021/2,통상한국어커뮤니케이션전공,21.05,21.05,31.58,21.05,5.26,,,,,,,,4,4,6,4,1,,,,,,,,ok,outputs/pdfs_full/통상한국어커뮤니케이션전공__PER3024__한국경제개발과근대화.pdf,,19
H0002256,H0002942,통상한국어커뮤니케이션전공,PER3025,한국어프레젠테이션,2025,2,2011/1 ~ 2021/2,통상한국어커뮤니케이션전공,38.89,,44.44,,16.67,,,,,,,,7,,8,,3,,,,,,,,ok,outputs/pdfs_full/통상한국어커뮤니케이션전공__PER3025__한국어프레젠테이션.pdf,,18
H0002256,H0002942,통상한국어커뮤니케이션전공,PER3026,동아시아경제,2026,1,2011/1 ~ 2021/2,통상한국어커뮤니케이션전공,33.33,,58.33,,8.33,,,,,,,,4,,7,,1,,,,,,,,ok,outputs/pdfs_full/통상한국어커뮤니케이션전공__PER3026__동아시아경제.pdf,,12
H0002256,H0002937,공공수행인문학전공,PER3029,문제해결텍스트:이해와작성,2016,1,2011/1 ~ 2017/2,공공수행인문학전공,55.56,,33.33,11.11,,,,,,,,,5,,3,1,,,,,,,,,ok,outputs/pdfs_full/공공수행인문학전공__PER3029__문제해결텍스트_이해와작성.pdf,,9
H0002256,H0002937,공공수행인문학전공,PER3030,공직적성텍스트이해와분석,2015,2,2011/1 ~ 2016/1,공공수행인문학전공,50,,30,10,,,10,,,,,,5,,3,1,,,1,,,,,,ok,outputs/pdfs_full/공공수행인문학전공__PER3030__공직적성텍스트이해와분석.pdf,,10
H0002256,H0003663,정치외교학과,PER3032,GLOBAL POLITICS AND ECONOMY,2020,1,2012/1 ~ 2017/2,정치외교학과,,60,20,,,,10,10,,,,,,6,2,,,,1,1,,,,,ok,outputs/pdfs_full/정치외교학과__PER3032__GLOBAL_POLITICS_AND_ECONOMY.pdf,,10
H0002256,H0002943,글로벌비즈니스문화전공(영어전용),PER3033,NEGOTIATION AND RESOLUTION,2014,1,2011/1 ~ 2021/2,글로벌비즈니스문화전공(영어전용),71.43,,28.57,,,,,,,,,,5,,2,,,,,,,,,,ok,outputs/pdfs_full/글로벌비즈니스문화전공(영어전용)__PER3033__NEGOTIATION_AND_RESOLUTION.pdf,,7
H0002256,H0002943,글로벌비즈니스문화전공(영어전용),PER3034,GLOBAL FILM AND COMPARATIVE LITERATURE,2015,1,2011/1 ~ 2021/2,글로벌비즈니스문화전공(영어전용),42.11,15.79,36.84,5.26,,,,,,,,,8,3,7,1,,,,,,,,,ok,outputs/pdfs_full/글로벌비즈니스문화전공(영어전용)__PER3034__GLOBAL_FILM_AND_COMPARATIVE_LITERATURE.pdf,,19
H0002256,H0002943,글로벌비즈니스문화전공(영어전용),PER3035,NATION AND EMPIRE,2015,1,2011/1 ~ 2017/2,글로벌비즈니스문화전공(영어전용),66.67,16.67,,,,,,16.67,,,,,4,1,,,,,,1,,,,,ok,outputs/pdfs_full/글로벌비즈니스문화전공(영어전용)__PER3035__NATION_AND_EMPIRE.pdf,,6
H0002256,H0002943,글로벌비즈니스문화전공(영어전용),PER3036,SUSTAINABLE DEVELOPMENT AND ECOLOGY,2020,2,2011/1 ~ 2021/2,글로벌비즈니스문화전공(영어전용),11.11,66.67,22.22,,,,,,,,,,1,6,2,,,,,,,,,,ok,outputs/pdfs_full/글로벌비즈니스문화전공(영어전용)__PER3036__SUSTAINABLE_DEVELOPMENT_AND_ECOLOGY.pdf,,9
H0002256,H0002943,글로벌비즈니스문화전공(영어전용),PER3037,MODERNITY AND SCIENCE,2019,2,2011/1 ~ 2021/2,글로벌비즈니스문화전공(영어전용),22.22,66.67,11.11,,,,,,,,,,2,6,1,,,,,,,,,,ok,outputs/pdfs_full/글로벌비즈니스문화전공(영어전용)__PER3037__MODERNITY_AND_SCIENCE.pdf,,9
H0002256,H0002943,글로벌비즈니스문화전공(영어전용),PER3039,TRANSNATIONAL LITERATURE,2017,2,2011/1 ~ 2017/2,글로벌비즈니스문화전공(영어전용),47.06,35.29,11.76,5.88,,,,,,,,,8,6,2,1,,,,,,,,,ok,outputs/pdfs_full/글로벌비즈니스문화전공(영어전용)__PER3039__TRANSNATIONAL_LITERATURE.pdf,,17
H0002256,H0002942,통상한국어커뮤니케이션전공,PER3040,경제와사회,2026,1,2015/1 ~ 2021/2,통상한국어커뮤니케이션전공,44.44,,55.56,,,,,,,,,,4,,5,,,,,,,,,,ok,outputs/pdfs_full/통상한국어커뮤니케이션전공__PER3040__경제와사회.pdf,,9
H0002256,H0003725,한중통번역전공,PER3041,외국인을위한한국문화원형,2026,1,2018/1 ~ 2021/2,한중통번역전공,23.81,14.29,28.57,4.76,14.29,9.52,,,,,4.76,,5,3,6,1,3,2,,,,,1,,ok,outputs/pdfs_full/한중통번역전공__PER3041__외국인을위한한국문화원형.pdf,,21
H0002256,H0002936,STS(과학기술학)전공,PER3042,취업역량개발과직무이해,2016,1,2014/1 ~ 2021/2,STS(과학기술학)전공,,,,,,,,,,100,,,,,,,,,,,,41,,,ok,outputs/pdfs_full/STS(과학기술학)전공__PER3042__취업역량개발과직무이해.pdf,,41
H0002256,H0003725,한중통번역전공,PER3043,한중드라마번역,2017,2,2014/1 ~ 2017/2,한중통번역전공,33.33,7.41,29.63,11.11,18.52,,,,,,,,9,2,8,3,5,,,,,,,,ok,outputs/pdfs_full/한중통번역전공__PER3043__한중드라마번역.pdf,,27
H0002256,H0003725,한중통번역전공,PER3044,한중프레젠테이션,2017,2,2014/1 ~ 2021/2,한중통번역전공,33.33,,41.67,,25,,,,,,,,4,,5,,3,,,,,,,,ok,outputs/pdfs_full/한중통번역전공__PER3044__한중프레젠테이션.pdf,,12
H0002256,H0002937,공공수행인문학전공,PER3045,현대사회의갈등관리와인문학,2025,2,2016/2 ~ 2021/2,공공수행인문학전공,30.77,,46.15,,23.08,,,,,,,,8,,12,,6,,,,,,,,ok,outputs/pdfs_full/공공수행인문학전공__PER3045__현대사회의갈등관리와인문학.pdf,,26
H0002256,H0002939,영어커뮤니케이션전공,PER3047,영어능력평가기초,2017,1,2017/1 ~ 2021/2,영어커뮤니케이션전공,46.15,46.15,7.69,,,,,,,,,,6,6,1,,,,,,,,,,ok,outputs/pdfs_full/영어커뮤니케이션전공__PER3047__영어능력평가기초.pdf,,13
H0002256,H0002939,영어커뮤니케이션전공,PER3048,영어능력평가응용,2017,2,2017/1 ~ 2021/2,영어커뮤니케이션전공,66.67,25,8.33,,,,,,,,,,8,3,1,,,,,,,,,,ok,outputs/pdfs_full/영어커뮤니케이션전공__PER3048__영어능력평가응용.pdf,,12
H0002256,H0002943,글로벌비즈니스문화전공(영어전용),PER3052,Contemporary Global Issues,2019,2,2018/1 ~ 2021/2,글로벌비즈니스문화전공(영어전용),9.09,45.45,9.09,18.18,18.18,,,,,,,,1,5,1,2,2,,,,,,,,ok,outputs/pdfs_full/글로벌비즈니스문화전공(영어전용)__PER3052__Contemporary_Global_Issues.pdf,,11
H0002256,H0002943,글로벌비즈니스문화전공(영어전용),PER3060,Korean Literature in Translation,2018,1,2018/1 ~ 2021/2,글로벌비즈니스문화전공(영어전용),31.25,37.5,25,6.25,,,,,,,,,5,6,4,1,,,,,,,,,ok,outputs/pdfs_full/글로벌비즈니스문화전공(영어전용)__PER3060__Korean_Literature_in_Translation.pdf,,16
H0002256,H0002937,공공수행인문학전공,PER4001,통계자료의이해,2016,1,2008/1 ~ 2016/2,공공수행인문학전공,20,40,20,,10,,,10,,,,,2,4,2,,1,,,1,,,,,ok,outputs/pdfs_full/공공수행인문학전공__PER4001__통계자료의이해.pdf,,10
H0002256,H0002937,공공수행인문학전공,PER4002,텍스트이해와분석,2015,1,2008/1 ~ 2016/2,공공수행인문학전공,45.45,,45.45,,9.09,,,,,,,,5,,5,,1,,,,,,,,ok,outputs/pdfs_full/공공수행인문학전공__PER4002__텍스트이해와분석.pdf,,11
H0002256,H0002938,미디어문화전공,PER4003,게임콘텐츠분석과실습,2016,1,2008/1 ~ 2022/2,미디어문화전공,40,,40,,20,,,,,,,,4,,4,,2,,,,,,,,ok,outputs/pdfs_full/미디어문화전공__PER4003__게임콘텐츠분석과실습.pdf,,10
H0002256,H0002938,미디어문화전공,PER4004,문화콘텐츠와브랜드전략,2015,2,2007/1 ~ 2021/2,미디어문화전공,33.33,,50,,16.67,,,,,,,,10,,15,,5,,,,,,,,ok,outputs/pdfs_full/미디어문화전공__PER4004__문화콘텐츠와브랜드전략.pdf,,30
H0002256,H0002940,중국어커뮤니케이션전공,PER4005,통역프랙티컴,2018,1,2008/1 ~ 2018/2,중국어커뮤니케이션전공,31.82,9.09,40.91,,18.18,,,,,,,,7,2,9,,4,,,,,,,,ok,outputs/pdfs_full/중국어커뮤니케이션전공__PER4005__통역프랙티컴.pdf,,22
H0002256,H0002940,중국어커뮤니케이션전공,PER4006,외국어커뮤니케이션과언어습득,2017,2,2008/1 ~ 2017/2,중국어커뮤니케이션전공,71.43,,21.43,,7.14,,,,,,,,10,,3,,1,,,,,,,,ok,outputs/pdfs_full/중국어커뮤니케이션전공__PER4006__외국어커뮤니케이션과언어습득.pdf,,14
H0002256,H0002940,중국어커뮤니케이션전공,PER4007,무역통상중국어,2017,1,2008/1 ~ 2018/2,중국어커뮤니케이션전공,22.58,16.13,25.81,16.13,19.35,,,,,,,,7,5,8,5,6,,,,,,,,ok,outputs/pdfs_full/중국어커뮤니케이션전공__PER4007__무역통상중국어.pdf,,31
H0002256,H0002940,중국어커뮤니케이션전공,PER4008,중국의비즈니스문화,2011,2,2010/1 ~ 2018/2,중국어커뮤니케이션전공,100,,,,,,,,,,,,9,,,,,,,,,,,,ok,outputs/pdfs_full/중국어커뮤니케이션전공__PER4008__중국의비즈니스문화.pdf,,9
H0002256,H0002936,STS(과학기술학)전공,PER4009,비즈니스커뮤니케이션의이론과실제,2018,1,2009/1 ~ 2018/2,STS(과학기술학)전공,9.23,15.38,12.31,23.08,16.92,18.46,4.62,,,,,,6,10,8,15,11,12,3,,,,,,ok,outputs/pdfs_full/STS(과학기술학)전공__PER4009__비즈니스커뮤니케이션의이론과실제.pdf,,65
H0002256,H0003725,한중통번역전공,PER4010,한국어텍스트의이해,2026,1,2019/1 ~ 2022/2,한중통번역전공,12.5,16.67,20.83,4.17,8.33,20.83,12.5,4.17,,,,,3,4,5,1,2,5,3,1,,,,,ok,outputs/pdfs_full/한중통번역전공__PER4010__한국어텍스트의이해.pdf,,24
H0002256,H0002936,STS(과학기술학)전공,PER4011,과학기술커뮤니케이터글쓰기,2016,1,2009/1 ~ 2022/2,STS(과학기술학)전공,42.86,57.14,,,,,,,,,,,3,4,,,,,,,,,,,ok,outputs/pdfs_full/STS(과학기술학)전공__PER4011__과학기술커뮤니케이터글쓰기.pdf,,7
H0002256,H0002936,STS(과학기술학)전공,PER4012,과학기술커뮤니케이터실습,2015,2,2010/1 ~ 2022/2,STS(과학기술학)전공,62.5,25,12.5,,,,,,,,,,5,2,1,,,,,,,,,,ok,outputs/pdfs_full/STS(과학기술학)전공__PER4012__과학기술커뮤니케이터실습.pdf,,8
H0002256,H0002937,공공수행인문학전공,PER4013,동양사상과공공수행,2016,1,2010/1 ~ 2022/2,공공수행인문학전공,13.33,26.67,26.67,13.33,6.67,6.67,6.67,,,,,,2,4,4,2,1,1,1,,,,,,ok,outputs/pdfs_full/공공수행인문학전공__PER4013__동양사상과공공수행.pdf,,15
H0002256,H0002938,미디어문화전공,PER4014,시나리오구조와전개,2015,2,2012/1 ~ 2022/2,미디어문화전공,24.24,18.18,21.21,18.18,12.12,3.03,3.03,,,,,,8,6,7,6,4,1,1,,,,,,ok,outputs/pdfs_full/미디어문화전공__PER4014__시나리오구조와전개.pdf,,33
H0002256,H0002942,통상한국어커뮤니케이션전공,PER4015,한국드라마와화용론,2025,2,2012/1 ~ 2022/2,통상한국어커뮤니케이션전공,41.67,,37.5,,20.83,,,,,,,,10,,9,,5,,,,,,,,ok,outputs/pdfs_full/통상한국어커뮤니케이션전공__PER4015__한국드라마와화용론.pdf,,24
H0002256,H0002937,공공수행인문학전공,PER4016,유비쿼터스시대의출판및기획,2016,1,2019/1 ~ 2022/2,공공수행인문학전공,39.13,,39.13,,21.74,,,,,,,,9,,9,,5,,,,,,,,ok,outputs/pdfs_full/공공수행인문학전공__PER4016__유비쿼터스시대의출판및기획.pdf,,23
H0002256,H0002943,글로벌비즈니스문화전공(영어전용),PER4017,TECHNOLOGY AND POLITICS,2020,1,2012/1 ~ 2022/2,글로벌비즈니스문화전공(영어전용),17.65,52.94,11.76,5.88,5.88,,,5.88,,,,,3,9,2,1,1,,,1,,,,,ok,outputs/pdfs_full/글로벌비즈니스문화전공(영어전용)__PER4017__TECHNOLOGY_AND_POLITICS.pdf,,17
H0002256,H0002939,영어커뮤니케이션전공,PER4019,DEBATES IN CULTURAL DISCOURSES: PROS AND CONS,2019,1,2019/1 ~ 2022/2,영어커뮤니케이션전공,73.68,10.53,,5.26,,,,10.53,,,,,14,2,,1,,,,2,,,,,ok,outputs/pdfs_full/영어커뮤니케이션전공__PER4019__DEBATES_IN_CULTURAL_DISCOURSES__PROS_AND_CONS.pdf,,19
H0002256,H0002937,공공수행인문학전공,PER4021,문화원형탐색,2018,1,2017/1 ~ 2020/2,공공수행인문학전공,100,,,,,,,,,,,,11,,,,,,,,,,,,ok,outputs/pdfs_full/공공수행인문학전공__PER4021__문화원형탐색.pdf,,11
H0002256,H0002939,영어커뮤니케이션전공,PER4022,비즈니스영어포트폴리오,2017,2,2012/1 ~ 2022/2,영어커뮤니케이션전공,60,40,,,,,,,,,,,9,6,,,,,,,,,,,ok,outputs/pdfs_full/영어커뮤니케이션전공__PER4022__비즈니스영어포트폴리오.pdf,,15
H0002256,H0002943,글로벌비즈니스문화전공(영어전용),PER4023,ORGANIZATION AND HUMAN RESOURCE MANAGEMENT,2021,2,2012/1 ~ 2022/2,글로벌비즈니스문화전공(영어전용),80,20,,,,,,,,,,,8,2,,,,,,,,,,,ok,outputs/pdfs_full/글로벌비즈니스문화전공(영어전용)__PER4023__ORGANIZATION_AND_HUMAN_RESOURCE_MANAGEMENT.pdf,,10
H0002256,H0003725,한중통번역전공,PER4025,한중비즈니스문화,2024,2,2014/1 ~ 2022/2,한중통번역전공,42.42,,36.36,,21.21,,,,,,,,14,,12,,7,,,,,,,,ok,outputs/pdfs_full/한중통번역전공__PER4025__한중비즈니스문화.pdf,,33
H0002256,H0005006,한양인터칼리지학부,PHA2031,해부생리학,2026,1,2026/1 ~ 2028/2,한양인터칼리지학부,35.71,7.14,42.86,,,,,,,,14.29,,5,1,6,,,,,,,,2,,ok,outputs/pdfs_full/한양인터칼리지학부__PHA2031__해부생리학.pdf,,14
H0002256,H0003587,체육학과,PHE1002,체조,2026,1,2017/1 ~ 2022/1,체육학과,16.13,25.81,35.48,19.35,3.23,,,,,,,,10,16,22,12,2,,,,,,,,ok,outputs/pdfs_full/체육학과__PHE1002__체조.pdf,,62
H0002256,H0003587,체육학과,PHE1005,기초체력1,2015,1,2009/1 ~ 2015/2,체육학과,74.29,8.57,,,,17.14,,,,,,,26,3,,,,6,,,,,,,ok,outputs/pdfs_full/체육학과__PHE1005__기초체력1.pdf,,35
H0002256,H0003587,체육학과,PHE1006,기초체력2,2015,2,2009/1 ~ 2015/2,체육학과,66.67,8.33,,25,,,,,,,,,24,3,,9,,,,,,,,,ok,outputs/pdfs_full/체육학과__PHE1006__기초체력2.pdf,,36
H0002256,H0003587,체육학과,PHE1036,인체해부학,2026,1,2009/1 ~ 2022/1,체육학과,16,24,16,24,20,,,,,,,,4,6,4,6,5,,,,,,,,ok,outputs/pdfs_full/체육학과__PHE1036__인체해부학.pdf,,25
H0002256,H0003587,체육학과,PHE1038,인체생리학,2015,2,2009/1 ~ 2015/2,체육학과,5.56,22.22,22.22,16.67,5.56,11.11,8.33,8.33,,,,,2,8,8,6,2,4,3,3,,,,,ok,outputs/pdfs_full/체육학과__PHE1038__인체생리학.pdf,,36
H0002256,H0003587,체육학과,PHE1041,스포츠개론,2026,1,2010/1 ~ 2022/1,체육학과,37.5,5.36,25,7.14,21.43,3.57,,,,,,,21,3,14,4,12,2,,,,,,,ok,outputs/pdfs_full/체육학과__PHE1041__스포츠개론.pdf,,56
H0002256,H0003587,체육학과,PHE1042,스포츠생물학,2019,2,2011/1 ~ 2019/2,체육학과,13.33,30,16.67,10,6.67,16.67,3.33,3.33,,,,,4,9,5,3,2,5,1,1,,,,,ok,outputs/pdfs_full/체육학과__PHE1042__스포츠생물학.pdf,,30
H0002256,H0003587,체육학과,PHE1043,건강과질병의이해,2023,1,2016/1 ~ 2022/1,체육학과,37.04,7.41,14.81,25.93,11.11,,,,,3.7,,,10,2,4,7,3,,,,,1,,,ok,outputs/pdfs_full/체육학과__PHE1043__건강과질병의이해.pdf,,27
H0002256,H0003587,체육학과,PHE1044,그룹운동,2025,2,2016/1 ~ 2022/1,체육학과,52.24,35.82,11.94,,,,,,,,,,35,24,8,,,,,,,,,,ok,outputs/pdfs_full/체육학과__PHE1044__그룹운동.pdf,,67
H0002256,H0003587,체육학과,PHE1045,기초실기1,2021,1,2016/1 ~ 2021/1,체육학과,94.44,5.56,,,,,,,,,,,34,2,,,,,,,,,,,ok,outputs/pdfs_full/체육학과__PHE1045__기초실기1.pdf,,36
H0002256,H0003587,체육학과,PHE1047,기초실기2,2021,2,2016/1 ~ 2022/1,체육학과,97.22,2.78,,,,,,,,,,,35,1,,,,,,,,,,,ok,outputs/pdfs_full/체육학과__PHE1047__기초실기2.pdf,,36
H0002256,H0003587,체육학과,PHE1048,스포츠문화와역사,2026,1,2020/1 ~ 2022/1,체육학과,37.93,,24.14,,17.24,17.24,3.45,,,,,,11,,7,,5,5,1,,,,,,ok,outputs/pdfs_full/체육학과__PHE1048__스포츠문화와역사.pdf,,29
H0002256,H0003587,체육학과,PHE1049,스포츠운동과학의기초,2025,2,2020/1 ~ 2022/1,체육학과,31.37,19.61,7.84,7.84,3.92,7.84,15.69,1.96,,3.92,,,16,10,4,4,2,4,8,1,,2,,,ok,outputs/pdfs_full/체육학과__PHE1049__스포츠운동과학의기초.pdf,,51
H0002256,H0004708,스포츠사이언스전공,PHE1050,스포츠역학,2023,2,2023/2 ~ 2029/2,스포츠사이언스전공,71.43,14.29,14.29,,,,,,,,,,5,1,1,,,,,,,,,,ok,outputs/pdfs_full/스포츠사이언스전공__PHE1050__스포츠역학.pdf,,7
H0002256,H0003587,체육학과,PHE2011,체육사,2022,1,2013/1 ~ 2022/2,체육학과,25,,25,25,25,,,,,,,,3,,3,3,3,,,,,,,,ok,outputs/pdfs_full/체육학과__PHE2011__체육사.pdf,,12
H0002256,H0003587,체육학과,PHE2015,스포츠의학,2024,2,2013/1 ~ 2022/2,체육학과,86.67,,,,,,,,,13.33,,,13,,,,,,,,,2,,,ok,outputs/pdfs_full/체육학과__PHE2015__스포츠의학.pdf,,15
H0002256,H0003587,체육학과,PHE2017,육상,2026,1,2016/1 ~ 2022/1,체육학과,40.82,34.69,20.41,4.08,,,,,,,,,20,17,10,2,,,,,,,,,ok,outputs/pdfs_full/체육학과__PHE2017__육상.pdf,,49
H0002256,H0003587,체육학과,PHE2018,배구,2026,1,2017/1 ~ 2022/1,체육학과,66.67,13.33,20,,,,,,,,,,20,4,6,,,,,,,,,,ok,outputs/pdfs_full/체육학과__PHE2018__배구.pdf,,30
H0002256,H0003587,체육학과,PHE2019,농구,2024,2,2017/1 ~ 2022/2,체육학과,90.63,6.25,3.13,,,,,,,,,,29,2,1,,,,,,,,,,ok,outputs/pdfs_full/체육학과__PHE2019__농구.pdf,,32
H0002256,H0003587,체육학과,PHE2020,레크레이션,2016,2,2015/1 ~ 2017/2,체육학과,35.71,7.14,28.57,,21.43,7.14,,,,,,,5,1,4,,3,1,,,,,,,ok,outputs/pdfs_full/체육학과__PHE2020__레크레이션.pdf,,14
H0002256,H0003588,스포츠산업학과,PHE2029,스포츠심리학,2015,2,2015/1 ~ 2015/2,스포츠산업학과,39.39,,39.39,,21.21,,,,,,,,13,,13,,7,,,,,,,,ok,outputs/pdfs_full/스포츠산업학과__PHE2029__스포츠심리학.pdf,,33
H0002256,H0003587,체육학과,PHE2061,생활체육론,2016,1,2014/1 ~ 2016/2,체육학과,40,,44,,16,,,,,,,,10,,11,,4,,,,,,,,ok,outputs/pdfs_full/체육학과__PHE2061__생활체육론.pdf,,25
H0002256,H0003587,체육학과,PHE2080,유도,2025,2,2018/1 ~ 2023/2,체육학과,66.67,23.33,3.33,6.67,,,,,,,,,20,7,1,2,,,,,,,,,ok,outputs/pdfs_full/체육학과__PHE2080__유도.pdf,,30
H0002256,H0003587,체육학과,PHE2083,전공심화실기1,2013,1,2013/1 ~ 2017/2,체육학과,48.65,18.92,27.03,5.41,,,,,,,,,18,7,10,2,,,,,,,,,ok,outputs/pdfs_full/체육학과__PHE2083__전공심화실기1.pdf,,37
H0002256,H0003587,체육학과,PHE2088,전공심화실기2,2016,2,2013/1 ~ 2016/2,체육학과,100,,,,,,,,,,,,16,,,,,,,,,,,,ok,outputs/pdfs_full/체육학과__PHE2088__전공심화실기2.pdf,,16
H0002256,H0003587,체육학과,PHE2096,스포츠마사지,2024,2,2013/1 ~ 2022/2,체육학과,45,30,25,,,,,,,,,,9,6,5,,,,,,,,,,ok,outputs/pdfs_full/체육학과__PHE2096__스포츠마사지.pdf,,20
H0002256,H0003587,체육학과,PHE2100,스포츠윤리,2024,1,2017/1 ~ 2022/1,체육학과,53.33,26.67,,13.33,3.33,3.33,,,,,,,16,8,,4,1,1,,,,,,,ok,outputs/pdfs_full/체육학과__PHE2100__스포츠윤리.pdf,,30
H0002256,H0003587,체육학과,PHE2101,기초실기3,2021,1,2017/1 ~ 2021/1,체육학과,100,,,,,,,,,,,,22,,,,,,,,,,,,ok,outputs/pdfs_full/체육학과__PHE2101__기초실기3.pdf,,22
H0002256,H0003587,체육학과,PHE2102,해양훈련,2017,1,2017/1 ~ 2019/1,체육학과,93.33,6.67,,,,,,,,,,,14,1,,,,,,,,,,,ok,outputs/pdfs_full/체육학과__PHE2102__해양훈련.pdf,,15
H0002256,H0003587,체육학과,PHE2103,기초실기4,2021,2,2017/1 ~ 2022/1,체육학과,81.48,7.41,11.11,,,,,,,,,,22,2,3,,,,,,,,,,ok,outputs/pdfs_full/체육학과__PHE2103__기초실기4.pdf,,27
H0002256,H0003587,체육학과,PHE2104,축구,2025,2,2017/1 ~ 2022/2,체육학과,73.33,15.56,2.22,8.89,,,,,,,,,33,7,1,4,,,,,,,,,ok,outputs/pdfs_full/체육학과__PHE2104__축구.pdf,,45
H0002256,H0003587,체육학과,PHE2116,뇌과학과운동,2025,2,2021/1 ~ 2022/2,체육학과,64.86,24.32,8.11,,,,,,,2.7,,,24,9,3,,,,,,,1,,,ok,outputs/pdfs_full/체육학과__PHE2116__뇌과학과운동.pdf,,37
H0002256,H0003587,체육학과,PHE3024,스포츠영양학개론,2016,1,2013/1 ~ 2016/2,체육학과,6.06,27.27,15.15,30.3,3.03,18.18,,,,,,,2,9,5,10,1,6,,,,,,,ok,outputs/pdfs_full/체육학과__PHE3024__스포츠영양학개론.pdf,,33
H0002256,H0003587,체육학과,PHE3068,스포츠현장실습,2025,2,2013/1 ~ 2023/2,체육학과,80,,20,,,,,,,,,,16,,4,,,,,,,,,,ok,outputs/pdfs_full/체육학과__PHE3068__스포츠현장실습.pdf,,20
H0002256,H0003587,체육학과,PHE3095,전공심화실기3,2016,2,2013/1 ~ 2016/2,체육학과,42.86,21.43,35.71,,,,,,,,,,6,3,5,,,,,,,,,,ok,outputs/pdfs_full/체육학과__PHE3095__전공심화실기3.pdf,,14
H0002256,H0003587,체육학과,PHE3100,기초실기5,2021,1,2018/1 ~ 2023/2,체육학과,96.88,3.13,,,,,,,,,,,31,1,,,,,,,,,,,ok,outputs/pdfs_full/체육학과__PHE3100__기초실기5.pdf,,32
H0002256,H0003587,체육학과,PHE3101,동계스포츠,2025,2,2018/1 ~ 2023/2,체육학과,92.31,5.13,,,,2.56,,,,,,,36,2,,,,1,,,,,,,ok,outputs/pdfs_full/체육학과__PHE3101__동계스포츠.pdf,,39
H0002256,H0003587,체육학과,PHE3102,여가레크레이션,2025,2,2018/1 ~ 2024/2,체육학과,100,,,,,,,,,,,,8,,,,,,,,,,,,ok,outputs/pdfs_full/체육학과__PHE3102__여가레크레이션.pdf,,8
H0002256,H0003587,체육학과,PHE3115,스포츠IT이벤트,2022,2,2019/2 ~ 2023/1,체육학과,100,,,,,,,,,,,,6,,,,,,,,,,,,ok,outputs/pdfs_full/체육학과__PHE3115__스포츠IT이벤트.pdf,,6
H0002256,H0003587,체육학과,PHE3120,버추얼피트니스,2026,1,2022/1 ~ 2025/2,체육학과,85.71,8.57,2.86,2.86,,,,,,,,,30,3,1,1,,,,,,,,,ok,outputs/pdfs_full/체육학과__PHE3120__버추얼피트니스.pdf,,35
H0002256,H0003587,체육학과,PHE3121,스포츠재활의실제,2026,1,2023/1 ~ 2026/2,체육학과,59.09,31.82,9.09,,,,,,,,,,13,7,2,,,,,,,,,,ok,outputs/pdfs_full/체육학과__PHE3121__스포츠재활의실제.pdf,,22
H0002256,H0003587,체육학과,PHE3122,체육시설안전관리,2025,2,2022/1 ~ 2023/2,체육학과,39.58,,39.58,,20.83,,,,,,,,19,,19,,10,,,,,,,,ok,outputs/pdfs_full/체육학과__PHE3122__체육시설안전관리.pdf,,48
H0002256,H0003587,체육학과,PHE4006,테니스,2024,1,2017/1 ~ 2022/1,체육학과,86.49,13.51,,,,,,,,,,,32,5,,,,,,,,,,,ok,outputs/pdfs_full/체육학과__PHE4006__테니스.pdf,,37
H0002256,H0003587,체육학과,PHE4026,특수체육,2026,1,2013/1 ~ 2026/2,체육학과,66.67,33.33,,,,,,,,,,,4,2,,,,,,,,,,,ok,outputs/pdfs_full/체육학과__PHE4026__특수체육.pdf,,6
H0002256,H0003588,스포츠산업학과,PHE4047,스포츠정책론,2016,2,2013/1 ~ 2016/2,스포츠산업학과,20,20,24,20,12,4,,,,,,,5,5,6,5,3,1,,,,,,,ok,outputs/pdfs_full/스포츠산업학과__PHE4047__스포츠정책론.pdf,,25
H0002256,H0003587,체육학과,PHE4068,전공심화실기5,2016,2,2015/1 ~ 2017/2,체육학과,35.71,42.86,,,,,21.43,,,,,,5,6,,,,,3,,,,,,ok,outputs/pdfs_full/체육학과__PHE4068__전공심화실기5.pdf,,14
H0002256,H0003588,스포츠산업학과,PHE4072,스포츠창업론,2025,2,2013/1 ~ 2024/2,스포츠산업학과,40.74,,40.74,,18.52,,,,,,,,11,,11,,5,,,,,,,,ok,outputs/pdfs_full/스포츠산업학과__PHE4072__스포츠창업론.pdf,,27
H0002256,H0003587,체육학과,PHE4074,전공심화실기6,2016,2,2016/1 ~ 2018/2,체육학과,46.15,15.38,23.08,15.38,,,,,,,,,6,2,3,2,,,,,,,,,ok,outputs/pdfs_full/체육학과__PHE4074__전공심화실기6.pdf,,13
H0002256,H0003587,체육학과,PHE4081,전공심화실기4,2016,2,2013/1 ~ 2017/2,체육학과,20,60,20,,,,,,,,,,2,6,2,,,,,,,,,,ok,outputs/pdfs_full/체육학과__PHE4081__전공심화실기4.pdf,,10
H0002256,H0003587,체육학과,PHE4085,건강학개론,2015,1,2009/1 ~ 2015/2,체육학과,27.78,13.89,33.33,5.56,8.33,11.11,,,,,,,10,5,12,2,3,4,,,,,,,ok,outputs/pdfs_full/체육학과__PHE4085__건강학개론.pdf,,36
H0002256,H0003587,체육학과,PHE4086,스포츠와인체기능학,2019,1,2009/1 ~ 2019/2,체육학과,23.53,20.59,23.53,20.59,11.76,,,,,,,,8,7,8,7,4,,,,,,,,ok,outputs/pdfs_full/체육학과__PHE4086__스포츠와인체기능학.pdf,,34
H0002256,H0003587,체육학과,PHE4087,기능학실험법,2015,2,2009/1 ~ 2015/2,체육학과,30.3,3.03,45.45,,15.15,,,6.06,,,,,10,1,15,,5,,,2,,,,,ok,outputs/pdfs_full/체육학과__PHE4087__기능학실험법.pdf,,33
H0002256,H0003587,체육학과,PHE4088,체육측정법,2022,1,2013/1 ~ 2022/2,체육학과,37.04,,55.56,,7.41,,,,,,,,10,,15,,2,,,,,,,,ok,outputs/pdfs_full/체육학과__PHE4088__체육측정법.pdf,,27
H0002256,H0003587,체육학과,PHE4089,기초기능학,2016,1,2013/1 ~ 2016/2,체육학과,15.15,18.18,27.27,15.15,15.15,,,9.09,,,,,5,6,9,5,5,,,3,,,,,ok,outputs/pdfs_full/체육학과__PHE4089__기초기능학.pdf,,33
H0002256,H0003587,체육학과,PHE4091,전공지도실기1,2016,1,2013/1 ~ 2016/2,체육학과,50,50,,,,,,,,,,,5,5,,,,,,,,,,,ok,outputs/pdfs_full/체육학과__PHE4091__전공지도실기1.pdf,,10
H0002256,H0003587,체육학과,PHE4094,전공지도실기2,2016,2,2013/1 ~ 2016/2,체육학과,100,,,,,,,,,,,,19,,,,,,,,,,,,ok,outputs/pdfs_full/체육학과__PHE4094__전공지도실기2.pdf,,19
H0002256,H0003562,화학과,PHE4095,기초생화학,2025,2,2017/1 ~ 2028/2,화학과,18.42,21.05,34.21,7.89,7.89,10.53,,,,,,,7,8,13,3,3,4,,,,,,,ok,outputs/pdfs_full/화학과__PHE4095__기초생화학.pdf,,38
H0002256,H0003587,체육학과,PHE4112,스포츠동작분석,2025,2,2023/2 ~ 2025/2,체육학과,15,20,20,18.33,16.67,,,,,10,,,9,12,12,11,10,,,,,6,,,ok,outputs/pdfs_full/체육학과__PHE4112__스포츠동작분석.pdf,,60
H0002256,H0003587,체육학과,PHE5004,운동기능학,2022,2,2013/1 ~ 2022/1,체육학과,32.43,8.11,24.32,10.81,24.32,,,,,,,,12,3,9,4,9,,,,,,,,ok,outputs/pdfs_full/체육학과__PHE5004__운동기능학.pdf,,37
H0002256,H0003587,체육학과,PHE5006,체육학실험법,2018,1,2013/1 ~ 2018/2,체육학과,42.11,,36.84,,21.05,,,,,,,,8,,7,,4,,,,,,,,ok,outputs/pdfs_full/체육학과__PHE5006__체육학실험법.pdf,,19
H0002256,H0003587,체육학과,PHE5010,스포츠교육학,2025,2,2013/1 ~ 2024/2,체육학과,83.33,,16.67,,,,,,,,,,10,,2,,,,,,,,,,ok,outputs/pdfs_full/체육학과__PHE5010__스포츠교육학.pdf,,12
H0002256,H0003587,체육학과,PHE5011,응급처치와테이핑,2022,2,2013/1 ~ 2022/2,체육학과,21.74,17.39,21.74,8.7,8.7,8.7,13.04,,,,,,5,4,5,2,2,2,3,,,,,,ok,outputs/pdfs_full/체육학과__PHE5011__응급처치와테이핑.pdf,,23
H0002256,H0003587,체육학과,PHE5013,고령자운동과건강,2025,2,2013/1 ~ 2023/2,체육학과,37.5,12.5,12.5,6.25,6.25,6.25,12.5,,,,6.25,,6,2,2,1,1,1,2,,,,1,,ok,outputs/pdfs_full/체육학과__PHE5013__고령자운동과건강.pdf,,16
H0002256,H0003587,체육학과,PHE5014,운동부하검사및심전도,2018,1,2013/1 ~ 2018/2,체육학과,30,10,40,,20,,,,,,,,3,1,4,,2,,,,,,,,ok,outputs/pdfs_full/체육학과__PHE5014__운동부하검사및심전도.pdf,,10
H0002256,H0003587,체육학과,PHE5015,스포츠상해및재활,2025,2,2013/1 ~ 2023/2,체육학과,50,30,,,10,,10,,,,,,5,3,,,1,,1,,,,,,ok,outputs/pdfs_full/체육학과__PHE5015__스포츠상해및재활.pdf,,10
H0002256,H0003587,체육학과,PHE5016,전공지도실기3,2016,2,2013/1 ~ 2017/2,체육학과,54.55,45.45,,,,,,,,,,,6,5,,,,,,,,,,,ok,outputs/pdfs_full/체육학과__PHE5016__전공지도실기3.pdf,,11
H0002256,H0003587,체육학과,PHE5017,전공지도실기4,2016,2,2013/1 ~ 2018/2,체육학과,18.18,81.82,,,,,,,,,,,2,9,,,,,,,,,,,ok,outputs/pdfs_full/체육학과__PHE5017__전공지도실기4.pdf,,11
H0002256,H0003587,체육학과,PHE5021,스포츠통계학1,2026,1,2013/1 ~ 2025/2,체육학과,69.44,22.22,,,,,,,,8.33,,,25,8,,,,,,,,3,,,ok,outputs/pdfs_full/체육학과__PHE5021__스포츠통계학1.pdf,,36
H0002256,H0003587,체육학과,PHE5022,스포츠통계학2,2023,2,2013/1 ~ 2022/2,체육학과,100,,,,,,,,,,,,12,,,,,,,,,,,,ok,outputs/pdfs_full/체육학과__PHE5022__스포츠통계학2.pdf,,12
H0002256,H0003587,체육학과,PHE5029,운동발달장애론,2017,1,2013/1 ~ 2017/2,체육학과,40,,20,20,20,,,,,,,,6,,3,3,3,,,,,,,,ok,outputs/pdfs_full/체육학과__PHE5029__운동발달장애론.pdf,,15
H0002256,H0003587,체육학과,PHE5030,운동학습및심리,2017,1,2013/1 ~ 2017/2,체육학과,20,13.33,20,13.33,26.67,,,,,6.67,,,3,2,3,2,4,,,,,1,,,ok,outputs/pdfs_full/체육학과__PHE5030__운동학습및심리.pdf,,15
H0002256,H0003587,체육학과,PHE5031,운동제어및심리,2017,2,2013/1 ~ 2017/2,체육학과,21.43,17.86,17.86,21.43,10.71,10.71,,,,,,,6,5,5,6,3,3,,,,,,,ok,outputs/pdfs_full/체육학과__PHE5031__운동제어및심리.pdf,,28
H0002256,H0003587,체육학과,PHE5032,체력관리학,2017,2,2013/1 ~ 2017/2,체육학과,31.82,9.09,27.27,13.64,18.18,,,,,,,,7,2,6,3,4,,,,,,,,ok,outputs/pdfs_full/체육학과__PHE5032__체력관리학.pdf,,22
H0002256,H0003587,체육학과,PHE5033,스포츠영양학,2024,1,2013/1 ~ 2022/1,체육학과,31.58,10.53,21.05,21.05,15.79,,,,,,,,6,2,4,4,3,,,,,,,,ok,outputs/pdfs_full/체육학과__PHE5033__스포츠영양학.pdf,,19
H0002256,H0003587,체육학과,PHE5034,스포츠유전학,2019,1,2013/1 ~ 2022/2,체육학과,30,,10,20,40,,,,,,,,3,,1,2,4,,,,,,,,ok,outputs/pdfs_full/체육학과__PHE5034__스포츠유전학.pdf,,10
H0002256,H0003587,체육학과,PHE5035,체육측정평가론,2024,2,2013/1 ~ 2022/2,체육학과,96.55,3.45,,,,,,,,,,,28,1,,,,,,,,,,,ok,outputs/pdfs_full/체육학과__PHE5035__체육측정평가론.pdf,,29
H0002256,H0003587,체육학과,PHE5036,체육학연구방법론,2019,2,2013/1 ~ 2024/2,체육학과,66.67,22.22,11.11,,,,,,,,,,6,2,1,,,,,,,,,,ok,outputs/pdfs_full/체육학과__PHE5036__체육학연구방법론.pdf,,9
H0002256,H0003587,체육학과,PHE5037,체육학실험연구캡스톤디자인I,2026,1,2013/1 ~ 2026/2,체육학과,100,,,,,,,,,,,,9,,,,,,,,,,,,ok,outputs/pdfs_full/체육학과__PHE5037__체육학실험연구캡스톤디자인I.pdf,,9
H0002256,H0003587,체육학과,PHE5038,체육학실험연구캡스톤디자인II,2025,2,2013/1 ~ 2024/2,체육학과,60,40,,,,,,,,,,,3,2,,,,,,,,,,,ok,outputs/pdfs_full/체육학과__PHE5038__체육학실험연구캡스톤디자인II.pdf,,5
H0002256,H0003587,체육학과,PHE5040,태권도,2025,1,2018/1 ~ 2025/2,체육학과,35.29,41.18,,11.76,,5.88,5.88,,,,,,6,7,,2,,1,1,,,,,,ok,outputs/pdfs_full/체육학과__PHE5040__태권도.pdf,,17
H0002256,H0003587,체육학과,PHE5041,전공기초실기(테니스),2016,1,2014/1 ~ 2016/2,체육학과,31.58,21.05,31.58,15.79,,,,,,,,,6,4,6,3,,,,,,,,,ok,outputs/pdfs_full/체육학과__PHE5041__전공기초실기(테니스).pdf,,19
H0002256,H0003587,체육학과,PHE5042,전공기초실기(해양훈련),2016,1,2014/1 ~ 2016/2,체육학과,25,75,,,,,,,,,,,3,9,,,,,,,,,,,ok,outputs/pdfs_full/체육학과__PHE5042__전공기초실기(해양훈련).pdf,,12
H0002256,H0003587,체육학과,PHE5043,전공기초실기(배구),2016,1,2014/1 ~ 2016/2,체육학과,100,,,,,,,,,,,,31,,,,,,,,,,,,ok,outputs/pdfs_full/체육학과__PHE5043__전공기초실기(배구).pdf,,31
H0002256,H0003587,체육학과,PHE5044,전공기초실기(농구),2016,1,2015/1 ~ 2017/2,체육학과,77.27,4.55,,,,18.18,,,,,,,17,1,,,,4,,,,,,,ok,outputs/pdfs_full/체육학과__PHE5044__전공기초실기(농구).pdf,,22
H0002256,H0003587,체육학과,PHE5045,전공기초실기(축구),2017,1,2015/1 ~ 2017/2,체육학과,55.56,33.33,11.11,,,,,,,,,,5,3,1,,,,,,,,,,ok,outputs/pdfs_full/체육학과__PHE5045__전공기초실기(축구).pdf,,9
H0002256,H0003587,체육학과,PHE5046,전공기초실기(골프),2016,1,2016/1 ~ 2018/2,체육학과,68.42,10.53,21.05,,,,,,,,,,13,2,4,,,,,,,,,,ok,outputs/pdfs_full/체육학과__PHE5046__전공기초실기(골프).pdf,,19
H0002256,H0002814,사학과,PHL1001,철학의기초,2014,1,2008/1 ~ 2014/2,사학(학부-인문과/서울),25.81,3.23,45.16,,25.81,,,,,,,,8,1,14,,8,,,,,,,,ok,outputs/pdfs_full/사학과__PHL1001__철학의기초.pdf,,31
H0002256,H0002815,철학과,PHL1002,철학명저읽기1,2015,1,2013/1 ~ 2015/2,철학(학부/서울),40,,15,30,10,5,,,,,,,8,,3,6,2,1,,,,,,,ok,outputs/pdfs_full/철학과__PHL1002__철학명저읽기1.pdf,,20
H0002256,H0002815,철학과,PHL1003,철학명저읽기2,2015,2,2013/1 ~ 2015/2,철학(학부/서울),19.05,14.29,28.57,14.29,23.81,,,,,,,,4,3,6,3,5,,,,,,,,ok,outputs/pdfs_full/철학과__PHL1003__철학명저읽기2.pdf,,21
H0002256,H0002815,철학과,PHL1004,철학과문화유산,2014,2,2013/1 ~ 2014/2,철학(학부/서울),57.14,42.86,,,,,,,,,,,4,3,,,,,,,,,,,ok,outputs/pdfs_full/철학과__PHL1004__철학과문화유산.pdf,,7
H0002256,H0002815,철학과,PHL1005,서양철학사,2025,1,2016/1 ~ 2025/2,철학(학부/서울),47.06,5.88,29.41,11.76,5.88,,,,,,,,8,1,5,2,1,,,,,,,,ok,outputs/pdfs_full/철학과__PHL1005__서양철학사.pdf,,17
H0002256,H0002815,철학과,PHL1006,철학명저읽기,2026,1,2016/1 ~ 2027/2,철학(학부/서울),36,,36,,16,,,,,4,8,,9,,9,,4,,,,,1,2,,ok,outputs/pdfs_full/철학과__PHL1006__철학명저읽기.pdf,,25
H0002256,H0002815,철학과,PHL1011,철학의개념,2015,1,2009/1 ~ 2015/2,철학(학부/서울),17.39,17.39,17.39,26.09,13.04,4.35,,4.35,,,,,4,4,4,6,3,1,,1,,,,,ok,outputs/pdfs_full/철학과__PHL1011__철학의개념.pdf,,23
H0002256,H0002815,철학과,PHL1012,철학의역사,2015,2,2009/1 ~ 2015/2,철학(학부/서울),27.59,34.48,6.9,13.79,10.34,3.45,3.45,,,,,,8,10,2,4,3,1,1,,,,,,ok,outputs/pdfs_full/철학과__PHL1012__철학의역사.pdf,,29
H0002256,H0002815,철학과,PHL1051,윤리학,2026,1,1994/1 ~ 2028/2,철학(학부/서울),33.33,6.67,46.67,,13.33,,,,,,,,5,1,7,,2,,,,,,,,ok,outputs/pdfs_full/철학과__PHL1051__윤리학.pdf,,15
H0002256,H0002815,철학과,PHL2009,형이상학,2026,1,1990/1 ~ 2029/2,철학(학부/서울),33.33,11.11,55.56,,,,,,,,,,3,1,5,,,,,,,,,,ok,outputs/pdfs_full/철학과__PHL2009__형이상학.pdf,,9
H0002256,H0002815,철학과,PHL2017,예술철학,2018,2,2016/1 ~ 2018/2,철학(학부/서울),28,16,32,16,8,,,,,,,,7,4,8,4,2,,,,,,,,ok,outputs/pdfs_full/철학과__PHL2017__예술철학.pdf,,25
H0002256,H0002815,철학과,PHL2021,기호논리학,2025,1,1994/1 ~ 2027/2,철학(학부/서울),16.67,25,41.67,,8.33,,,8.33,,,,,4,6,10,,2,,,2,,,,,ok,outputs/pdfs_full/철학과__PHL2021__기호논리학.pdf,,24
H0002256,H0002815,철학과,PHL2034,중국철학사,2026,1,2006/1 ~ 2028/2,철학(학부/서울),40,,30,30,,,,,,,,,4,,3,3,,,,,,,,,ok,outputs/pdfs_full/철학과__PHL2034__중국철학사.pdf,,10
H0002256,H0002815,철학과,PHL2035,현대유럽철학,2025,2,2006/1 ~ 2030/2,철학(학부/서울),38.46,,61.54,,,,,,,,,,5,,8,,,,,,,,,,ok,outputs/pdfs_full/철학과__PHL2035__현대유럽철학.pdf,,13
H0002256,H0002815,철학과,PHL2038,서양근대철학사,2025,2,2006/1 ~ 2029/2,철학(학부/서울),38.89,5.56,33.33,5.56,16.67,,,,,,,,7,1,6,1,3,,,,,,,,ok,outputs/pdfs_full/철학과__PHL2038__서양근대철학사.pdf,,18
H0002256,H0002815,철학과,PHL2039,서양고대철학사,2026,1,2006/1 ~ 2028/2,철학(학부/서울),44,,44,,12,,,,,,,,11,,11,,3,,,,,,,,ok,outputs/pdfs_full/철학과__PHL2039__서양고대철학사.pdf,,25
H0002256,H0002815,철학과,PHL2040,현대유럽인의사유방식,2014,1,2006/1 ~ 2022/2,철학(학부/서울),3.33,20,26.67,36.67,10,3.33,,,,,,,1,6,8,11,3,1,,,,,,,ok,outputs/pdfs_full/철학과__PHL2040__현대유럽인의사유방식.pdf,,30
H0002256,H0002815,철학과,PHL2041,물질과마음철학,2025,2,2006/1 ~ 2029/2,철학(학부/서울),40,20,20,,13.33,,,,,6.67,,,6,3,3,,2,,,,,1,,,ok,outputs/pdfs_full/철학과__PHL2041__물질과마음철학.pdf,,15
H0002256,H0002815,철학과,PHL2042,중국정치철학,2024,2,2014/1 ~ 2030/2,철학(학부/서울),18.18,18.18,54.55,9.09,,,,,,,,,2,2,6,1,,,,,,,,,ok,outputs/pdfs_full/철학과__PHL2042__중국정치철학.pdf,,11
H0002256,H0002815,철학과,PHL3005,인식론,2026,1,1991/1 ~ 2029/2,철학(학부/서울),40,,30,,10,,,,,10,10,,8,,6,,2,,,,,2,2,,ok,outputs/pdfs_full/철학과__PHL3005__인식론.pdf,,20
H0002256,H0002815,철학과,PHL3024,한국철학사,2026,1,1991/1 ~ 2028/2,철학(학부/서울),43.48,,43.48,,13.04,,,,,,,,10,,10,,3,,,,,,,,ok,outputs/pdfs_full/철학과__PHL3024__한국철학사.pdf,,23
H0002256,H0002815,철학과,PHL3054,독일관념론,2017,1,2015/1 ~ 2017/2,철학(학부/서울),43.48,,43.48,4.35,,8.7,,,,,,,10,,10,1,,2,,,,,,,ok,outputs/pdfs_full/철학과__PHL3054__독일관념론.pdf,,23
H0002256,H0002815,철학과,PHL3056,도가도교철학,2024,1,2007/1 ~ 2028/2,철학(학부/서울),78.57,21.43,,,,,,,,,,,11,3,,,,,,,,,,,ok,outputs/pdfs_full/철학과__PHL3056__도가도교철학.pdf,,14
H0002256,H0002815,철학과,PHL3063,기술철학,2026,1,2007/1 ~ 2029/2,철학(학부/서울),25,33.33,,8.33,,,,,,16.67,16.67,,3,4,,1,,,,,,2,2,,ok,outputs/pdfs_full/철학과__PHL3063__기술철학.pdf,,12
H0002256,H0002815,철학과,PHL3065,한국성리학,2024,2,2015/1 ~ 2028/2,철학(학부/서울),77.78,22.22,,,,,,,,,,,7,2,,,,,,,,,,,ok,outputs/pdfs_full/철학과__PHL3065__한국성리학.pdf,,9
H0002256,H0002815,철학과,PHL3066,유가철학,2026,1,2015/1 ~ 2029/2,철학(학부/서울),80,20,,,,,,,,,,,4,1,,,,,,,,,,,ok,outputs/pdfs_full/철학과__PHL3066__유가철학.pdf,,5
H0002256,H0002815,철학과,PHL3067,독일현대철학,2017,2,2015/1 ~ 2017/2,철학(학부/서울),,37.04,25.93,18.52,18.52,,,,,,,,,10,7,5,5,,,,,,,,ok,outputs/pdfs_full/철학과__PHL3067__독일현대철학.pdf,,27
H0002256,H0002815,철학과,PHL3068,한국실학,2025,2,2015/1 ~ 2029/2,철학(학부/서울),100,,,,,,,,,,,,11,,,,,,,,,,,,ok,outputs/pdfs_full/철학과__PHL3068__한국실학.pdf,,11
H0002256,H0002815,철학과,PHL3069,현대영미철학,2025,1,2018/1 ~ 2029/2,철학(학부/서울),53.33,,46.67,,,,,,,,,,8,,7,,,,,,,,,,ok,outputs/pdfs_full/철학과__PHL3069__현대영미철학.pdf,,15
H0002256,H0002815,철학과,PHL4005,과학철학,2025,2,1992/1 ~ 2028/2,철학(학부/서울),16.67,55.56,5.56,16.67,,,,,,5.56,,,3,10,1,3,,,,,,1,,,ok,outputs/pdfs_full/철학과__PHL4005__과학철학.pdf,,18
H0002256,H0002815,철학과,PHL4007,사회철학,2018,1,1992/1 ~ 2018/2,철학(학부/서울),40,,40,,20,,,,,,,,8,,8,,4,,,,,,,,ok,outputs/pdfs_full/철학과__PHL4007__사회철학.pdf,,20
H0002256,H0002815,철학과,PHL4036,불교철학,2025,2,2008/1 ~ 2029/2,철학(학부/서울),47.62,,42.86,,9.52,,,,,,,,10,,9,,2,,,,,,,,ok,outputs/pdfs_full/철학과__PHL4036__불교철학.pdf,,21
H0002256,H0002815,철학과,PHL4042,한국전통과학기술사상,2015,1,2008/1 ~ 2018/2,철학(학부/서울),45.45,,40.91,,13.64,,,,,,,,10,,9,,3,,,,,,,,ok,outputs/pdfs_full/철학과__PHL4042__한국전통과학기술사상.pdf,,22
H0002256,H0002815,철학과,PHL4045,철학과사회캡스톤디자인,2025,1,2012/1 ~ 2030/2,철학(학부/서울),53.33,20,20,6.67,,,,,,,,,8,3,3,1,,,,,,,,,ok,outputs/pdfs_full/철학과__PHL4045__철학과사회캡스톤디자인.pdf,,15
H0002256,H0002815,철학과,PHL4046,철학과사회실습,2015,2,2012/1 ~ 2022/2,철학(학부/서울),100,,,,,,,,,,,,24,,,,,,,,,,,,ok,outputs/pdfs_full/철학과__PHL4046__철학과사회실습.pdf,,24
H0002256,H0002815,철학과,PHL4047,글로벌시대의한자문화와사상,2025,1,2016/1 ~ 2030/2,철학(학부/서울),36.36,,63.64,,,,,,,,,,4,,7,,,,,,,,,,ok,outputs/pdfs_full/철학과__PHL4047__글로벌시대의한자문화와사상.pdf,,11
H0002256,H0002815,철학과,PHL4048,현대중국철학,2024,1,2016/1 ~ 2029/2,철학(학부/서울),33.33,50,,16.67,,,,,,,,,2,3,,1,,,,,,,,,ok,outputs/pdfs_full/철학과__PHL4048__현대중국철학.pdf,,6
H0002256,H0002815,철학과,PHL4049,서양철학의논쟁들,2016,1,2016/1 ~ 2018/2,철학(학부/서울),28.57,14.29,19.05,14.29,,4.76,19.05,,,,,,6,3,4,3,,1,4,,,,,,ok,outputs/pdfs_full/철학과__PHL4049__서양철학의논쟁들.pdf,,21
H0002256,H0002815,철학과,PHL4050,프랑스현대철학,2017,2,2016/1 ~ 2018/2,철학(학부/서울),30.43,13.04,21.74,13.04,4.35,8.7,8.7,,,,,,7,3,5,3,1,2,2,,,,,,ok,outputs/pdfs_full/철학과__PHL4050__프랑스현대철학.pdf,,23
H0002256,H0002815,철학과,PHL4051,영미현대철학,2018,2,2016/1 ~ 2018/2,철학(학부/서울),41.38,,41.38,,17.24,,,,,,,,12,,12,,5,,,,,,,,ok,outputs/pdfs_full/철학과__PHL4051__영미현대철학.pdf,,29
H0002256,H0002815,철학과,PHL4053,현대예술철학,2026,1,2019/1 ~ 2030/2,철학(학부/서울),72.41,,10.34,13.79,3.45,,,,,,,,21,,3,4,1,,,,,,,,ok,outputs/pdfs_full/철학과__PHL4053__현대예술철학.pdf,,29
H0002256,H0002815,철학과,PHL4054,현대사회철학,2025,2,2019/1 ~ 2030/2,철학(학부/서울),41.18,,41.18,,17.65,,,,,,,,7,,7,,3,,,,,,,,ok,outputs/pdfs_full/철학과__PHL4054__현대사회철학.pdf,,17
H0002256,H0003561,물리학과,PHY1005,일반물리학및실험Ⅰ,2026,1,2016/1 ~ 2027/2,물리학과,17.82,24.75,27.72,16.83,10.89,1.98,,,,,,,18,25,28,17,11,2,,,,,,,ok,outputs/pdfs_full/물리학과__PHY1005__일반물리학및실험I.pdf,,101
H0002256,H0003561,물리학과,PHY1006,일반물리학및실험Ⅱ,2025,2,2016/1 ~ 2027/2,물리학과,20,22.5,32.5,15,7.5,2.5,,,,,,,8,9,13,6,3,1,,,,,,,ok,outputs/pdfs_full/물리학과__PHY1006__일반물리학및실험II.pdf,,40
H0002256,H0002575,융합전자공학부,PHY2008,현대물리학,2026,1,2010/1 ~ 2025/2,융합전자공학부,14.63,19.51,24.39,19.51,21.95,,,,,,,,6,8,10,8,9,,,,,,,,ok,outputs/pdfs_full/융합전자공학부__PHY2008__현대물리학.pdf,,41
H0002256,H0003561,물리학과,PHY2009,지구과학,2016,1,2014/1 ~ 2016/2,물리학과,20.59,20.59,23.53,17.65,8.82,8.82,,,,,,,7,7,8,6,3,3,,,,,,,ok,outputs/pdfs_full/물리학과__PHY2009__지구과학.pdf,,34
H0002256,H0002575,융합전자공학부,PHY2013,전자기학,2026,1,2011/1 ~ 2028/2,융합전자공학부,19.14,22.22,24.38,11.42,16.05,4.63,0.93,0.62,,,0.62,,62,72,79,37,52,15,3,2,,,2,,ok,outputs/pdfs_full/융합전자공학부__PHY2013__전자기학.pdf,,324
H0002256,H0002575,융합전자공학부,PHY2014,전자장,2025,2,2011/1 ~ 2028/2,융합전자공학부,27.01,16.06,21.17,12.41,12.41,6.57,4.38,,,,,,37,22,29,17,17,9,6,,,,,,ok,outputs/pdfs_full/융합전자공학부__PHY2014__전자장.pdf,,137
H0002256,H0003561,물리학과,PHY2022,전기및전자회로실험,2026,1,2015/1 ~ 2029/2,물리학과,61.9,38.1,,,,,,,,,,,13,8,,,,,,,,,,,ok,outputs/pdfs_full/물리학과__PHY2022__전기및전자회로실험.pdf,,21
H0002256,H0003561,물리학과,PHY2027,역학실험,2026,1,2014/1 ~ 2028/2,물리학과,42.5,42.5,12.5,,,2.5,,,,,,,17,17,5,,,1,,,,,,,ok,outputs/pdfs_full/물리학과__PHY2027__역학실험.pdf,,40
H0002256,H0003561,물리학과,PHY2031,전기및전자회로,2020,2,2014/1 ~ 2020/2,물리학과,35.14,2.7,51.35,,10.81,,,,,,,,13,1,19,,4,,,,,,,,ok,outputs/pdfs_full/물리학과__PHY2031__전기및전자회로.pdf,,37
H0002256,H0003561,물리학과,PHY2033,물리학세미나1,2017,2,2015/1 ~ 2017/2,물리학과,18.52,18.52,33.33,11.11,14.81,3.7,,,,,,,5,5,9,3,4,1,,,,,,,ok,outputs/pdfs_full/물리학과__PHY2033__물리학세미나1.pdf,,27
H0002256,H0003561,물리학과,PHY2034,물리학세미나2,2018,1,2016/1 ~ 2018/2,물리학과,33.33,8.33,37.5,,20.83,,,,,,,,8,2,9,,5,,,,,,,,ok,outputs/pdfs_full/물리학과__PHY2034__물리학세미나2.pdf,,24
H0002256,H0003561,물리학과,PHY2070,고전역학1,2026,1,2014/1 ~ 2028/2,물리학과,25.58,13.95,25.58,20.93,9.3,4.65,,,,,,,11,6,11,9,4,2,,,,,,,ok,outputs/pdfs_full/물리학과__PHY2070__고전역학1.pdf,,43
H0002256,H0003561,물리학과,PHY2071,고전역학2,2025,2,2014/1 ~ 2028/2,물리학과,24.24,15.15,27.27,18.18,3.03,9.09,,3.03,,,,,8,5,9,6,1,3,,1,,,,,ok,outputs/pdfs_full/물리학과__PHY2071__고전역학2.pdf,,33
H0002256,H0003561,물리학과,PHY3005,전자기학1,2025,2,2014/1 ~ 2028/2,물리학과,15,20,22.5,20,10,7.5,,,,,5,,6,8,9,8,4,3,,,,,2,,ok,outputs/pdfs_full/물리학과__PHY3005__전자기학1.pdf,,40
H0002256,H0003561,물리학과,PHY3006,전자기학2,2026,1,2015/1 ~ 2029/2,물리학과,13.33,20,16.67,20,13.33,6.67,6.67,,,,3.33,,4,6,5,6,4,2,2,,,,1,,ok,outputs/pdfs_full/물리학과__PHY3006__전자기학2.pdf,,30
H0002256,H0003561,물리학과,PHY3007,수리물리학1,2025,1,2014/1 ~ 2025/2,물리학과,33.33,27.78,22.22,16.67,,,,,,,,,6,5,4,3,,,,,,,,,ok,outputs/pdfs_full/물리학과__PHY3007__수리물리학1.pdf,,18
H0002256,H0003561,물리학과,PHY3008,수리물리학2,2025,2,2014/1 ~ 2025/2,물리학과,14.81,11.11,29.63,22.22,7.41,3.7,3.7,,,,7.41,,4,3,8,6,2,1,1,,,,2,,ok,outputs/pdfs_full/물리학과__PHY3008__수리물리학2.pdf,,27
H0002256,H0003561,물리학과,PHY3015,물리광학,2026,1,2015/1 ~ 2029/2,물리학과,28.57,3.57,32.14,,25,,3.57,,,,7.14,,8,1,9,,7,,1,,,,2,,ok,outputs/pdfs_full/물리학과__PHY3015__물리광학.pdf,,28
H0002256,H0003561,물리학과,PHY3016,광학실험,2025,2,2015/1 ~ 2029/2,물리학과,33.33,55.56,5.56,5.56,,,,,,,,,6,10,1,1,,,,,,,,,ok,outputs/pdfs_full/물리학과__PHY3016__광학실험.pdf,,18
H0002256,H0003561,물리학과,PHY3019,수리물리학,2026,1,2017/1 ~ 2028/2,물리학과,28.95,10.53,34.21,7.89,5.26,13.16,,,,,,,11,4,13,3,2,5,,,,,,,ok,outputs/pdfs_full/물리학과__PHY3019__수리물리학.pdf,,38
H0002256,H0003561,물리학과,PHY3024,응용광학,2025,2,2015/1 ~ 2029/2,물리학과,25,33.33,33.33,8.33,,,,,,,,,3,4,4,1,,,,,,,,,ok,outputs/pdfs_full/물리학과__PHY3024__응용광학.pdf,,12
H0002256,H0003561,물리학과,PHY3026,전산물리학,2026,1,2014/1 ~ 2028/2,물리학과,15.38,50,34.62,,,,,,,,,,4,13,9,,,,,,,,,,ok,outputs/pdfs_full/물리학과__PHY3026__전산물리학.pdf,,26
H0002256,H0003561,물리학과,PHY3029,열및통계물리학1,2026,1,2015/1 ~ 2029/2,물리학과,21.62,16.22,18.92,18.92,21.62,2.7,,,,,,,8,6,7,7,8,1,,,,,,,ok,outputs/pdfs_full/물리학과__PHY3029__열및통계물리학1.pdf,,37
H0002256,H0003561,물리학과,PHY3030,열및통계물리학2,2025,2,2015/1 ~ 2029/2,물리학과,14.29,47.62,19.05,9.52,4.76,,,4.76,,,,,3,10,4,2,1,,,1,,,,,ok,outputs/pdfs_full/물리학과__PHY3030__열및통계물리학2.pdf,,21
H0002256,H0003561,물리학과,PHY3031,현대물리학실험,2025,2,2014/1 ~ 2028/2,물리학과,34.48,24.14,17.24,13.79,3.45,6.9,,,,,,,10,7,5,4,1,2,,,,,,,ok,outputs/pdfs_full/물리학과__PHY3031__현대물리학실험.pdf,,29
H0002256,H0003561,물리학과,PHY3032,양자역학1,2026,1,2015/1 ~ 2029/2,물리학과,18.42,18.42,26.32,18.42,7.89,5.26,2.63,,,,2.63,,7,7,10,7,3,2,1,,,,1,,ok,outputs/pdfs_full/물리학과__PHY3032__양자역학1.pdf,,38
H0002256,H0003561,물리학과,PHY3033,양자역학2,2025,2,2015/1 ~ 2029/2,물리학과,30.77,15.38,15.38,19.23,7.69,11.54,,,,,,,8,4,4,5,2,3,,,,,,,ok,outputs/pdfs_full/물리학과__PHY3033__양자역학2.pdf,,26
H0002256,H0003561,물리학과,PHY3063,고급수리물리학,2021,1,2015/1 ~ 2021/2,물리학과,25.81,3.23,41.94,9.68,9.68,9.68,,,,,,,8,1,13,3,3,3,,,,,,,ok,outputs/pdfs_full/물리학과__PHY3063__고급수리물리학.pdf,,31
H0002256,H0003561,물리학과,PHY3071,응집물질물리학1,2026,1,2016/1 ~ 2030/2,물리학과,30.43,26.09,21.74,13.04,,,4.35,4.35,,,,,7,6,5,3,,,1,1,,,,,ok,outputs/pdfs_full/물리학과__PHY3071__응집물질물리학1.pdf,,23
H0002256,H0003561,물리학과,PHY3072,응집물질물리학2,2025,2,2016/1 ~ 2030/2,물리학과,33.33,16.67,25,16.67,8.33,,,,,,,,4,2,3,2,1,,,,,,,,ok,outputs/pdfs_full/물리학과__PHY3072__응집물질물리학2.pdf,,12
H0002256,H0003561,물리학과,PHY4009,상대성이론,2025,2,2015/1 ~ 2029/2,물리학과,22.73,22.73,27.27,18.18,9.09,,,,,,,,5,5,6,4,2,,,,,,,,ok,outputs/pdfs_full/물리학과__PHY4009__상대성이론.pdf,,22
H0002256,H0003561,물리학과,PHY4014,플라즈마물리학,2022,1,2016/1 ~ 2030/2,물리학과,28.57,14.29,42.86,14.29,,,,,,,,,4,2,6,2,,,,,,,,,ok,outputs/pdfs_full/물리학과__PHY4014__플라즈마물리학.pdf,,14
H0002256,H0003561,물리학과,PHY4022,천체물리학,2025,2,2016/1 ~ 2030/2,물리학과,30,60,10,,,,,,,,,,3,6,1,,,,,,,,,,ok,outputs/pdfs_full/물리학과__PHY4022__천체물리학.pdf,,10
H0002256,H0003561,물리학과,PHY4023,반도체물리학,2025,2,2016/1 ~ 2029/2,물리학과,71.43,21.43,7.14,,,,,,,,,,10,3,1,,,,,,,,,,ok,outputs/pdfs_full/물리학과__PHY4023__반도체물리학.pdf,,14
H0002256,H0003561,물리학과,PHY4029,핵및입자물리학,2026,1,2016/1 ~ 2030/2,물리학과,38.89,50,5.56,5.56,,,,,,,,,7,9,1,1,,,,,,,,,ok,outputs/pdfs_full/물리학과__PHY4029__핵및입자물리학.pdf,,18
H0002256,H0003561,물리학과,PHY4060,양자광학,2026,1,2016/1 ~ 2030/2,물리학과,21.43,14.29,35.71,21.43,7.14,,,,,,,,3,2,5,3,1,,,,,,,,ok,outputs/pdfs_full/물리학과__PHY4060__양자광학.pdf,,14
H0002256,H0003561,물리학과,PHY4074,물리학연구캡스톤디자인1,2025,2,2016/1 ~ 2025/2,물리학과,41.67,41.67,16.67,,,,,,,,,,5,5,2,,,,,,,,,,ok,outputs/pdfs_full/물리학과__PHY4074__물리학연구캡스톤디자인1.pdf,,12
H0002256,H0003561,물리학과,PHY4075,물리학연구캡스톤디자인2,2026,1,2016/1 ~ 2026/2,물리학과,37.5,50,12.5,,,,,,,,,,3,4,1,,,,,,,,,,ok,outputs/pdfs_full/물리학과__PHY4075__물리학연구캡스톤디자인2.pdf,,8
H0002256,H0004800,미래자동차기술융합전공,PME3002,기계진동학,2025,2,2018/1 ~ 2029/2,미래자동차기술융합전공,16.42,17.16,26.12,17.91,10.45,4.48,5.22,2.24,,,,,22,23,35,24,14,6,7,3,,,,,ok,outputs/pdfs_full/미래자동차기술융합전공__PME3002__기계진동학.pdf,,134
H0002256,H0002739,피아노과,PNO1003,피아노전공실기1,2026,1,1999/1 ~ 2027/2,피아노과(학부/서울),,21.05,63.16,5.26,,5.26,5.26,,,,,,,4,12,1,,1,1,,,,,,ok,outputs/pdfs_full/피아노과__PNO1003__피아노전공실기1.pdf,,19
H0002256,H0002739,피아노과,PNO1004,피아노전공실기2,2025,2,1999/1 ~ 2027/2,피아노과(학부/서울),,28.57,71.43,,,,,,,,,,,4,10,,,,,,,,,,ok,outputs/pdfs_full/피아노과__PNO1004__피아노전공실기2.pdf,,14
H0002256,H0002739,피아노과,PNO2005,피아노전공실기3,2026,1,1999/1 ~ 2028/2,피아노과(학부/서울),,21.05,68.42,10.53,,,,,,,,,,4,13,2,,,,,,,,,ok,outputs/pdfs_full/피아노과__PNO2005__피아노전공실기3.pdf,,19
H0002256,H0002739,피아노과,PNO2006,피아노전공실기4,2025,2,1999/1 ~ 2028/2,피아노과(학부/서울),,15.38,46.15,38.46,,,,,,,,,,2,6,5,,,,,,,,,ok,outputs/pdfs_full/피아노과__PNO2006__피아노전공실기4.pdf,,13
H0002256,H0002739,피아노과,PNO2007,피아노반주법1,2026,1,2006/1 ~ 2028/2,피아노과(학부/서울),42.11,,36.84,,21.05,,,,,,,,8,,7,,4,,,,,,,,ok,outputs/pdfs_full/피아노과__PNO2007__피아노반주법1.pdf,,19
H0002256,H0002739,피아노과,PNO2009,피아노반주법2,2025,2,2006/1 ~ 2028/2,피아노과(학부/서울),70.59,23.53,,5.88,,,,,,,,,12,4,,1,,,,,,,,,ok,outputs/pdfs_full/피아노과__PNO2009__피아노반주법2.pdf,,17
H0002256,H0002739,피아노과,PNO3019,피아노전공실기5,2026,1,1999/1 ~ 2029/2,피아노과(학부/서울),,14.29,64.29,21.43,,,,,,,,,,2,9,3,,,,,,,,,ok,outputs/pdfs_full/피아노과__PNO3019__피아노전공실기5.pdf,,14
H0002256,H0002739,피아노과,PNO3020,피아노전공실기6,2025,2,1999/1 ~ 2029/2,피아노과(학부/서울),,34.62,61.54,3.85,,,,,,,,,,9,16,1,,,,,,,,,ok,outputs/pdfs_full/피아노과__PNO3020__피아노전공실기6.pdf,,26
H0002256,H0002739,피아노과,PNO3024,피아노반주법3,2017,1,2007/1 ~ 2017/2,피아노과(학부/서울),38.46,,42.31,,19.23,,,,,,,,10,,11,,5,,,,,,,,ok,outputs/pdfs_full/피아노과__PNO3024__피아노반주법3.pdf,,26
H0002256,H0002739,피아노과,PNO3028,피아노반주법4,2017,2,2007/1 ~ 2017/2,피아노과(학부/서울),32,8,40,,16,,,4,,,,,8,2,10,,4,,,1,,,,,ok,outputs/pdfs_full/피아노과__PNO3028__피아노반주법4.pdf,,25
H0002256,H0002739,피아노과,PNO3033,피아노앙상블1,2025,2,2011/1 ~ 2027/2,피아노과(학부/서울),83.33,16.67,,,,,,,,,,,10,2,,,,,,,,,,,ok,outputs/pdfs_full/피아노과__PNO3033__피아노앙상블1.pdf,,12
H0002256,H0002739,피아노과,PNO3034,피아노앙상블2,2025,1,2011/1 ~ 2028/2,피아노과(학부/서울),100,,,,,,,,,,,,6,,,,,,,,,,,,ok,outputs/pdfs_full/피아노과__PNO3034__피아노앙상블2.pdf,,6
H0002256,H0002739,피아노과,PNO3037,Bach건반음악의이해,2017,1,2015/1 ~ 2017/2,피아노과(학부/서울),35.71,,7.14,35.71,14.29,,7.14,,,,,,5,,1,5,2,,1,,,,,,ok,outputs/pdfs_full/피아노과__PNO3037__Bach건반음악의이해.pdf,,14
H0002256,H0002739,피아노과,PNO3038,베토벤피아노소나타,2015,2,2015/1 ~ 2017/2,피아노과(학부/서울),10,20,10,50,10,,,,,,,,1,2,1,5,1,,,,,,,,ok,outputs/pdfs_full/피아노과__PNO3038__베토벤피아노소나타.pdf,,10
H0002256,H0002739,피아노과,PNO3039,피아노앙상블3,2026,1,2018/1 ~ 2029/2,피아노과(학부/서울),66.67,33.33,,,,,,,,,,,4,2,,,,,,,,,,,ok,outputs/pdfs_full/피아노과__PNO3039__피아노앙상블3.pdf,,6
H0002256,H0002739,피아노과,PNO3040,피아노구조와관리,2025,2,2019/1 ~ 2030/2,피아노과(학부/서울),28.57,,35.71,14.29,14.29,,7.14,,,,,,4,,5,2,2,,1,,,,,,ok,outputs/pdfs_full/피아노과__PNO3040__피아노구조와관리.pdf,,14
H0002256,H0002739,피아노과,PNO3041,문화예술교육입문,2026,1,2022/1 ~ 2029/2,피아노과(학부/서울),40.74,,18.52,18.52,22.22,,,,,,,,11,,5,5,6,,,,,,,,ok,outputs/pdfs_full/피아노과__PNO3041__문화예술교육입문.pdf,,27
H0002256,H0002739,피아노과,PNO3042,음악교육론,2026,1,2022/1 ~ 2029/2,피아노과(학부/서울),14.81,25.93,22.22,33.33,3.7,,,,,,,,4,7,6,9,1,,,,,,,,ok,outputs/pdfs_full/피아노과__PNO3042__음악교육론.pdf,,27
H0002256,H0002739,피아노과,PNO3043,음악교수학습방법,2026,1,2022/1 ~ 2029/2,피아노과(학부/서울),90.91,9.09,,,,,,,,,,,20,2,,,,,,,,,,,ok,outputs/pdfs_full/피아노과__PNO3043__음악교수학습방법.pdf,,22
H0002256,H0002739,피아노과,PNO3044,음악교육프로그램개발,2025,2,2022/1 ~ 2029/2,피아노과(학부/서울),88.24,11.76,,,,,,,,,,,15,2,,,,,,,,,,,ok,outputs/pdfs_full/피아노과__PNO3044__음악교육프로그램개발.pdf,,17
H0002256,H0002739,피아노과,PNO3045,문화예술교육현장실습과이해,2025,2,2022/1 ~ 2029/2,피아노과(학부/서울),36,36,24,,4,,,,,,,,9,9,6,,1,,,,,,,,ok,outputs/pdfs_full/피아노과__PNO3045__문화예술교육현장실습과이해.pdf,,25
H0002256,H0002739,피아노과,PNO4003,피아노문헌1,2026,1,1992/1 ~ 2027/2,피아노과(학부/서울),10,,5,25,10,30,15,5,,,,,2,,1,5,2,6,3,1,,,,,ok,outputs/pdfs_full/피아노과__PNO4003__피아노문헌1.pdf,,20
H0002256,H0002739,피아노과,PNO4004,피아노문헌2,2025,2,1992/1 ~ 2027/2,피아노과(학부/서울),37.5,6.25,25,12.5,6.25,12.5,,,,,,,6,1,4,2,1,2,,,,,,,ok,outputs/pdfs_full/피아노과__PNO4004__피아노문헌2.pdf,,16
H0002256,H0002739,피아노과,PNO4008,피아노교수법1,2026,1,1996/1 ~ 2029/2,피아노과(학부/서울),83.33,16.67,,,,,,,,,,,5,1,,,,,,,,,,,ok,outputs/pdfs_full/피아노과__PNO4008__피아노교수법1.pdf,,6
H0002256,H0002739,피아노과,PNO4009,피아노교수법2,2025,2,1996/1 ~ 2029/2,피아노과(학부/서울),71.43,28.57,,,,,,,,,,,5,2,,,,,,,,,,,ok,outputs/pdfs_full/피아노과__PNO4009__피아노교수법2.pdf,,7
H0002256,H0002739,피아노과,PNO4025,피아노전공실기7,2026,1,1999/1 ~ 2030/2,피아노과(학부/서울),,31.03,48.28,13.79,3.45,,3.45,,,,,,,9,14,4,1,,1,,,,,,ok,outputs/pdfs_full/피아노과__PNO4025__피아노전공실기7.pdf,,29
H0002256,H0002739,피아노과,PNO4026,피아노전공실기8,2025,2,1999/1 ~ 2030/2,피아노과(학부/서울),,31.58,68.42,,,,,,,,,,,6,13,,,,,,,,,,ok,outputs/pdfs_full/피아노과__PNO4026__피아노전공실기8.pdf,,19
H0002256,H0002739,피아노과,PNO4027,피아노문헌3,2026,1,2004/1 ~ 2028/2,피아노과(학부/서울),21.05,21.05,21.05,15.79,10.53,10.53,,,,,,,4,4,4,3,2,2,,,,,,,ok,outputs/pdfs_full/피아노과__PNO4027__피아노문헌3.pdf,,19
H0002256,H0002739,피아노과,PNO4028,피아노문헌4,2025,2,2004/1 ~ 2028/2,피아노과(학부/서울),30,10,40,10,,10,,,,,,,3,1,4,1,,1,,,,,,,ok,outputs/pdfs_full/피아노과__PNO4028__피아노문헌4.pdf,,10
H0002256,H0002739,피아노과,PNO4030,협주곡실습1,2018,1,2008/1 ~ 2018/2,피아노과(학부/서울),27.27,9.09,45.45,,18.18,,,,,,,,6,2,10,,4,,,,,,,,ok,outputs/pdfs_full/피아노과__PNO4030__협주곡실습1.pdf,,22
H0002256,H0002739,피아노과,PNO4033,협주곡실습2,2018,2,2008/1 ~ 2018/2,피아노과(학부/서울),33.33,16.67,41.67,8.33,,,,,,,,,4,2,5,1,,,,,,,,,ok,outputs/pdfs_full/피아노과__PNO4033__협주곡실습2.pdf,,12
H0002256,H0002739,피아노과,PNO4034,피아노음악형식과분석1,2018,1,2016/1 ~ 2018/2,피아노과(학부/서울),32,8,20,20,12,8,,,,,,,8,2,5,5,3,2,,,,,,,ok,outputs/pdfs_full/피아노과__PNO4034__피아노음악형식과분석1.pdf,,25
H0002256,H0002739,피아노과,PNO4036,인상주의와20세기초피아노음악,2018,1,2016/1 ~ 2018/2,피아노과(학부/서울),31.58,10.53,21.05,15.79,10.53,10.53,,,,,,,6,2,4,3,2,2,,,,,,,ok,outputs/pdfs_full/피아노과__PNO4036__인상주의와20세기초피아노음악.pdf,,19
H0002256,H0002739,피아노과,PNO4037,20세기피아노음악,2017,2,2016/1 ~ 2018/2,피아노과(학부/서울),20,20,20,20,20,,,,,,,,2,2,2,2,2,,,,,,,,ok,outputs/pdfs_full/피아노과__PNO4037__20세기피아노음악.pdf,,10
H0002256,H0002739,피아노과,PNO4038,피아노음악형식과분석2,2018,2,2016/1 ~ 2018/2,피아노과(학부/서울),36.36,,36.36,9.09,18.18,,,,,,,,4,,4,1,2,,,,,,,,ok,outputs/pdfs_full/피아노과__PNO4038__피아노음악형식과분석2.pdf,,11
H0002256,H0002739,피아노과,PNO4039,예술경영및마케팅3,2022,1,2019/1 ~ 2026/2,피아노과(학부/서울),,66.67,33.33,,,,,,,,,,,6,3,,,,,,,,,,ok,outputs/pdfs_full/피아노과__PNO4039__예술경영및마케팅3.pdf,,9
H0002256,H0002739,피아노과,PNO4040,피아노협주곡문헌,2026,1,2019/1 ~ 2030/2,피아노과(학부/서울),6.25,25,43.75,6.25,18.75,,,,,,,,1,4,7,1,3,,,,,,,,ok,outputs/pdfs_full/피아노과__PNO4040__피아노협주곡문헌.pdf,,16
H0002256,H0002739,피아노과,PNO4041,예술경영및마케팅4,2021,2,2019/1 ~ 2026/2,피아노과(학부/서울),29.41,11.76,41.18,17.65,,,,,,,,,5,2,7,3,,,,,,,,,ok,outputs/pdfs_full/피아노과__PNO4041__예술경영및마케팅4.pdf,,17
H0002256,H0002739,피아노과,PNO4042,피아노테크닉의이해와적용,2026,1,2023/1 ~ 2030/2,피아노과(학부/서울),87.5,8.33,,4.17,,,,,,,,,21,2,,1,,,,,,,,,ok,outputs/pdfs_full/피아노과__PNO4042__피아노테크닉의이해와적용.pdf,,24
H0002256,H0002983,정책학과,PPL1001,논리적사고,2026,1,2009/1 ~ 2027/2,정책학과,15.44,26.85,26.85,12.08,10.07,2.01,5.37,1.34,,,,,23,40,40,18,15,3,8,2,,,,,ok,outputs/pdfs_full/정책학과__PPL1001__논리적사고.pdf,,149
H0002256,H0002983,정책학과,PPL1002,글쓰기의기초,2015,1,2009/1 ~ 2015/2,정책학과,24.56,6.14,38.6,3.51,25.44,1.75,,,,,,,28,7,44,4,29,2,,,,,,,ok,outputs/pdfs_full/정책학과__PPL1002__글쓰기의기초.pdf,,114
H0002256,H0002983,정책학과,PPL1003,법과사회,2026,1,2009/1 ~ 2027/2,정책학과,19.62,11.39,34.81,6.96,15.82,9.49,0.63,1.27,,,,,31,18,55,11,25,15,1,2,,,,,ok,outputs/pdfs_full/정책학과__PPL1003__법과사회.pdf,,158
H0002256,H0002983,정책학과,PPL1004,영문강독1,2015,1,2009/1 ~ 2015/2,정책학과,57.69,30.77,3.85,3.85,,,3.85,,,,,,15,8,1,1,,,1,,,,,,ok,outputs/pdfs_full/정책학과__PPL1004__영문강독1.pdf,,26
H0002256,H0002983,정책학과,PPL1005,사회윤리사상사,2026,1,2009/1 ~ 2027/2,정책학과,20.51,33.33,12.82,10.26,10.26,7.69,,2.56,,,2.56,,8,13,5,4,4,3,,1,,,1,,ok,outputs/pdfs_full/정책학과__PPL1005__사회윤리사상사.pdf,,39
H0002256,H0002983,정책학과,PPL1006,서구문명사,2012,1,2009/1 ~ 2015/2,정책학과,21.82,25.45,25.45,10.91,10.91,5.45,,,,,,,12,14,14,6,6,3,,,,,,,ok,outputs/pdfs_full/정책학과__PPL1006__서구문명사.pdf,,55
H0002256,H0002983,정책학과,PPL1007,비판적사고,2025,2,2009/1 ~ 2027/2,정책학과,44.06,20.98,23.08,0.7,9.79,,,0.7,,,0.7,,63,30,33,1,14,,,1,,,1,,ok,outputs/pdfs_full/정책학과__PPL1007__비판적사고.pdf,,143
H0002256,H0002983,정책학과,PPL1011,근대사상의전개,2025,2,2010/1 ~ 2028/2,정책학과,37.97,,39.24,,18.99,,,,,,3.8,,30,,31,,15,,,,,,3,,ok,outputs/pdfs_full/정책학과__PPL1011__근대사상의전개.pdf,,79
H0002256,H0002983,정책학과,PPL1012,문학과문화읽기,2015,2,2009/1 ~ 2015/2,정책학과,28.57,14.29,46.43,,10.71,,,,,,,,8,4,13,,3,,,,,,,,ok,outputs/pdfs_full/정책학과__PPL1012__문학과문화읽기.pdf,,28
H0002256,H0002983,정책학과,PPL1013,행정학원론,2015,1,2013/1 ~ 2015/2,정책학과,30.56,10.19,35.19,6.48,17.59,,,,,,,,33,11,38,7,19,,,,,,,,ok,outputs/pdfs_full/정책학과__PPL1013__행정학원론.pdf,,108
H0002256,H0002983,정책학과,PPL1014,경제학원론1,2015,1,2013/1 ~ 2015/2,정책학과,31,14,40,4,11,,,,,,,,31,14,40,4,11,,,,,,,,ok,outputs/pdfs_full/정책학과__PPL1014__경제학원론1.pdf,,100
H0002256,H0002983,정책학과,PPL1015,회의영어,2015,2,2013/1 ~ 2015/2,정책학과,46.81,51.06,2.13,,,,,,,,,,22,24,1,,,,,,,,,,ok,outputs/pdfs_full/정책학과__PPL1015__회의영어.pdf,,47
H0002256,H0002983,정책학과,PPL1016,정치학원론,2026,1,2013/1 ~ 2027/2,정책학과,28.45,12.07,36.21,5.17,15.52,,1.72,,,0.86,,,33,14,42,6,18,,2,,,1,,,ok,outputs/pdfs_full/정책학과__PPL1016__정치학원론.pdf,,116
H0002256,H0002983,정책학과,PPL1017,경제학원론2,2015,2,2013/1 ~ 2015/2,정책학과,56.14,12.28,22.81,,5.26,3.51,,,,,,,32,7,13,,3,2,,,,,,,ok,outputs/pdfs_full/정책학과__PPL1017__경제학원론2.pdf,,57
H0002256,H0002983,정책학과,PPL1018,민사법1,2025,2,2013/1 ~ 2027/2,정책학과,27.68,11.61,31.25,8.04,10.71,1.79,1.79,,,1.79,5.36,,31,13,35,9,12,2,2,,,2,6,,ok,outputs/pdfs_full/정책학과__PPL1018__민사법1.pdf,,112
H0002256,H0002983,정책학과,PPL1019,헌법학1,2021,1,2013/1 ~ 2021/2,정책학과,33.33,3.51,50.88,1.75,1.75,,,,,8.77,,,19,2,29,1,1,,,,,5,,,ok,outputs/pdfs_full/정책학과__PPL1019__헌법학1.pdf,,57
H0002256,H0002983,정책학과,PPL1020,헌법학개론,2019,2,2016/1 ~ 2019/2,정책학과,24.86,20.23,32.95,10.98,8.67,2.31,,,,,,,43,35,57,19,15,4,,,,,,,ok,outputs/pdfs_full/정책학과__PPL1020__헌법학개론.pdf,,173
H0002256,H0002983,정책학과,PPL1021,헌법과기본권,2025,2,2020/1 ~ 2027/2,정책학과,35.4,6.21,32.3,7.45,16.15,1.24,,,,,1.24,,57,10,52,12,26,2,,,,,2,,ok,outputs/pdfs_full/정책학과__PPL1021__헌법과기본권.pdf,,161
H0002256,H0002983,정책학과,PPL2001,논증의해부,2018,1,2012/1 ~ 2018/2,정책학과,35.14,8.11,43.24,,13.51,,,,,,,,13,3,16,,5,,,,,,,,ok,outputs/pdfs_full/정책학과__PPL2001__논증의해부.pdf,,37
H0002256,H0002983,정책학과,PPL2005,경제원론,2025,2,2009/1 ~ 2027/2,정책학과,41.33,21.33,17.33,13.33,4.67,0.67,0.67,,,,0.67,,62,32,26,20,7,1,1,,,,1,,ok,outputs/pdfs_full/정책학과__PPL2005__경제원론.pdf,,150
H0002256,H0002983,정책학과,PPL2006,과학기술철학특강,2018,1,2012/1 ~ 2018/2,정책학과,41.94,,38.71,3.23,16.13,,,,,,,,13,,12,1,5,,,,,,,,ok,outputs/pdfs_full/정책학과__PPL2006__과학기술철학특강.pdf,,31
H0002256,H0002983,정책학과,PPL2007,동양의지혜,2015,1,2010/1 ~ 2016/2,정책학과,19.57,19.57,21.74,17.39,21.74,,,,,,,,9,9,10,8,10,,,,,,,,ok,outputs/pdfs_full/정책학과__PPL2007__동양의지혜.pdf,,46
H0002256,H0002983,정책학과,PPL2008,문학과사회,2018,1,2012/1 ~ 2018/2,정책학과,42.86,,42.86,,14.29,,,,,,,,6,,6,,2,,,,,,,,ok,outputs/pdfs_full/정책학과__PPL2008__문학과사회.pdf,,14
H0002256,H0002983,정책학과,PPL2010,현대정치학이론,2025,2,2010/1 ~ 2029/2,정책학과,93.1,3.45,3.45,,,,,,,,,,27,1,1,,,,,,,,,,ok,outputs/pdfs_full/정책학과__PPL2010__현대정치학이론.pdf,,29
H0002256,H0002983,정책학과,PPL2011,행정학개론,2026,1,2010/1 ~ 2027/2,정책학과,22.3,15.54,29.73,11.49,12.16,2.7,4.73,,,0.68,0.68,,33,23,44,17,18,4,7,,,1,1,,ok,outputs/pdfs_full/정책학과__PPL2011__행정학개론.pdf,,148
H0002256,H0002983,정책학과,PPL2012,설득적글쓰기,2017,2,2011/1 ~ 2017/2,정책학과,30,10,33.33,6.67,20,,,,,,,,9,3,10,2,6,,,,,,,,ok,outputs/pdfs_full/정책학과__PPL2012__설득적글쓰기.pdf,,30
H0002256,H0002983,정책학과,PPL2013,현대사상의주요흐름,2026,1,2011/1 ~ 2029/2,정책학과,35.48,,32.26,,16.13,,,,,,16.13,,11,,10,,5,,,,,,5,,ok,outputs/pdfs_full/정책학과__PPL2013__현대사상의주요흐름.pdf,,31
H0002256,H0002983,정책학과,PPL2016,통계와자료해석,2016,1,2010/1 ~ 2016/2,정책학과,16.67,23.61,20.83,19.44,9.72,9.72,,,,,,,12,17,15,14,7,7,,,,,,,ok,outputs/pdfs_full/정책학과__PPL2016__통계와자료해석.pdf,,72
H0002256,H0002983,정책학과,PPL2017,정치사상사,2013,2,2010/1 ~ 2016/2,정책학과,23.28,42.24,27.59,2.59,3.45,0.86,,,,,,,27,49,32,3,4,1,,,,,,,ok,outputs/pdfs_full/정책학과__PPL2017__정치사상사.pdf,,116
H0002256,H0002983,정책학과,PPL2018,조사방법론,2026,1,2010/1 ~ 2028/2,정책학과,71.23,11.64,6.16,2.05,2.74,0.68,3.42,2.05,,,,,104,17,9,3,4,1,5,3,,,,,ok,outputs/pdfs_full/정책학과__PPL2018__조사방법론.pdf,,146
H0002256,H0002983,정책학과,PPL2019,행정법학1,2026,1,2014/1 ~ 2028/2,정책학과,33.33,6.17,25.93,11.11,19.75,,1.23,,,,2.47,,27,5,21,9,16,,1,,,,2,,ok,outputs/pdfs_full/정책학과__PPL2019__행정법학1.pdf,,81
H0002256,H0002983,정책학과,PPL2020,토론영어,2016,1,2014/1 ~ 2016/2,정책학과,77.78,22.22,,,,,,,,,,,21,6,,,,,,,,,,,ok,outputs/pdfs_full/정책학과__PPL2020__토론영어.pdf,,27
H0002256,H0002983,정책학과,PPL2021,한국사이해,2016,1,2014/1 ~ 2016/2,정책학과,31.48,7.41,31.48,5.56,22.22,1.85,,,,,,,17,4,17,3,12,1,,,,,,,ok,outputs/pdfs_full/정책학과__PPL2021__한국사이해.pdf,,54
H0002256,H0002983,정책학과,PPL2022,민사법2,2026,1,2014/1 ~ 2029/2,정책학과,19.18,17.81,23.29,12.33,17.81,1.37,,,,2.74,5.48,,14,13,17,9,13,1,,,,2,4,,ok,outputs/pdfs_full/정책학과__PPL2022__민사법2.pdf,,73
H0002256,H0002983,정책학과,PPL2023,재무행정,2016,1,2014/1 ~ 2016/2,정책학과,26.15,13.85,27.69,10.77,21.54,,,,,,,,17,9,18,7,14,,,,,,,,ok,outputs/pdfs_full/정책학과__PPL2023__재무행정.pdf,,65
H0002256,H0002983,정책학과,PPL2024,행정법학2,2025,2,2014/1 ~ 2028/2,정책학과,27.5,27.5,20,12.5,11.25,,,,,,1.25,,22,22,16,10,9,,,,,,1,,ok,outputs/pdfs_full/정책학과__PPL2024__행정법학2.pdf,,80
H0002256,H0002983,정책학과,PPL2025,형사법1,2016,2,2014/1 ~ 2016/2,정책학과,40.7,1.16,40.7,,17.44,,,,,,,,35,1,35,,15,,,,,,,,ok,outputs/pdfs_full/정책학과__PPL2025__형사법1.pdf,,86
H0002256,H0002983,정책학과,PPL2026,인사및조직행정,2016,2,2014/1 ~ 2016/2,정책학과,26.32,14.04,28.07,14.04,15.79,1.75,,,,,,,15,8,16,8,9,1,,,,,,,ok,outputs/pdfs_full/정책학과__PPL2026__인사및조직행정.pdf,,57
H0002256,H0002983,정책학과,PPL2027,형법학1,2025,2,2017/1 ~ 2028/2,정책학과,33.33,1.28,44.87,,15.38,2.56,,,,,2.56,,26,1,35,,12,2,,,,,2,,ok,outputs/pdfs_full/정책학과__PPL2027__형법학1.pdf,,78
H0002256,H0002983,정책학과,PPL3002,미시경제학,2016,1,2010/1 ~ 2016/2,정책학과,47.37,21.05,25,,6.58,,,,,,,,36,16,19,,5,,,,,,,,ok,outputs/pdfs_full/정책학과__PPL3002__미시경제학.pdf,,76
H0002256,H0002983,정책학과,PPL3009,추리의기법,2026,1,2010/1 ~ 2028/2,정책학과,32.91,5.06,39.24,,15.19,,,,,,7.59,,26,4,31,,12,,,,,,6,,ok,outputs/pdfs_full/정책학과__PPL3009__추리의기법.pdf,,79
H0002256,H0002983,정책학과,PPL3012,거시경제학,2016,2,2010/1 ~ 2016/2,정책학과,26.42,15.09,35.85,7.55,7.55,3.77,3.77,,,,,,14,8,19,4,4,2,2,,,,,,ok,outputs/pdfs_full/정책학과__PPL3012__거시경제학.pdf,,53
H0002256,H0002983,정책학과,PPL3013,도시및지방행정론,2017,2,2011/1 ~ 2017/2,정책학과,31.03,6.9,44.83,,17.24,,,,,,,,9,2,13,,5,,,,,,,,ok,outputs/pdfs_full/정책학과__PPL3013__도시및지방행정론.pdf,,29
H0002256,H0002983,정책학과,PPL3014,사회학의쟁점과이론,2012,1,2011/1 ~ 2017/2,정책학과,30,20,30,15,5,,,,,,,,6,4,6,3,1,,,,,,,,ok,outputs/pdfs_full/정책학과__PPL3014__사회학의쟁점과이론.pdf,,20
H0002256,H0002983,정책학과,PPL3016,비교정치론,2026,1,2011/1 ~ 2029/2,정책학과,50,,40,,,,,,,,10,,5,,4,,,,,,,,1,,ok,outputs/pdfs_full/정책학과__PPL3016__비교정치론.pdf,,10
H0002256,H0002983,정책학과,PPL3017,국제경제학,2026,1,2011/1 ~ 2029/2,정책학과,49.02,21.57,11.76,7.84,,7.84,1.96,,,,,,25,11,6,4,,4,1,,,,,,ok,outputs/pdfs_full/정책학과__PPL3017__국제경제학.pdf,,51
H0002256,H0002983,정책학과,PPL3020,국제정치학,2015,2,2011/1 ~ 2021/2,정책학과,25,45,15,15,,,,,,,,,5,9,3,3,,,,,,,,,ok,outputs/pdfs_full/정책학과__PPL3020__국제정치학.pdf,,20
H0002256,H0002983,정책학과,PPL3021,경제정책,2018,2,2011/1 ~ 2018/2,정책학과,42.11,,42.11,,15.79,,,,,,,,8,,8,,3,,,,,,,,ok,outputs/pdfs_full/정책학과__PPL3021__경제정책.pdf,,19
H0002256,H0002983,정책학과,PPL3022,상사법1,2017,1,2015/1 ~ 2017/2,정책학과,21.05,12.28,42.11,5.26,19.3,,,,,,,,12,7,24,3,11,,,,,,,,ok,outputs/pdfs_full/정책학과__PPL3022__상사법1.pdf,,57
H0002256,H0002983,정책학과,PPL3023,정책학,2017,1,2015/1 ~ 2017/2,정책학과,17.86,17.86,28.57,10.71,21.43,,,,,3.57,,,5,5,8,3,6,,,,,1,,,ok,outputs/pdfs_full/정책학과__PPL3023__정책학.pdf,,28
H0002256,H0002983,정책학과,PPL3024,고전의이해,2017,1,2015/1 ~ 2017/2,정책학과,26.09,13.04,26.09,13.04,13.04,8.7,,,,,,,6,3,6,3,3,2,,,,,,,ok,outputs/pdfs_full/정책학과__PPL3024__고전의이해.pdf,,23
H0002256,H0002983,정책학과,PPL3025,헌법학2,2021,2,2015/1 ~ 2021/2,정책학과,61.76,23.53,11.76,2.94,,,,,,,,,21,8,4,1,,,,,,,,,ok,outputs/pdfs_full/정책학과__PPL3025__헌법학2.pdf,,34
H0002256,H0002983,정책학과,PPL3026,행정법학3,2025,1,2015/1 ~ 2029/2,정책학과,38.46,7.69,30.77,23.08,,,,,,,,,5,1,4,3,,,,,,,,,ok,outputs/pdfs_full/정책학과__PPL3026__행정법학3.pdf,,13
H0002256,H0002983,정책학과,PPL3027,상사법2,2017,2,2015/1 ~ 2017/2,정책학과,38.3,,42.55,,19.15,,,,,,,,18,,20,,9,,,,,,,,ok,outputs/pdfs_full/정책학과__PPL3027__상사법2.pdf,,47
H0002256,H0002983,정책학과,PPL3028,상법학,2026,1,2018/1 ~ 2029/2,정책학과,41.07,1.79,41.07,,12.5,,,,,,3.57,,23,1,23,,7,,,,,,2,,ok,outputs/pdfs_full/정책학과__PPL3028__상법학.pdf,,56
H0002256,H0002983,정책학과,PPL3029,사회철학의이해,2025,2,2022/1 ~ 2029/2,정책학과,42.86,,50,,7.14,,,,,,,,6,,7,,1,,,,,,,,ok,outputs/pdfs_full/정책학과__PPL3029__사회철학의이해.pdf,,14
H0002256,H0002983,정책학과,PPL3030,헌법과국가,2026,1,2022/1 ~ 2028/2,정책학과,41.51,,45.28,,11.32,,,,,,1.89,,22,,24,,6,,,,,,1,,ok,outputs/pdfs_full/정책학과__PPL3030__헌법과국가.pdf,,53
H0002256,H0002983,정책학과,PPL3031,헌법과공공정책,2025,2,2022/1 ~ 2029/2,정책학과,52.17,47.83,,,,,,,,,,,12,11,,,,,,,,,,,ok,outputs/pdfs_full/정책학과__PPL3031__헌법과공공정책.pdf,,23
H0002256,H0002983,정책학과,PPL3032,정책분석통계,2025,1,2022/1 ~ 2029/2,정책학과,41.67,,50,,8.33,,,,,,,,5,,6,,1,,,,,,,,ok,outputs/pdfs_full/정책학과__PPL3032__정책분석통계.pdf,,12
H0002256,H0002983,정책학과,PPL4002,추리와문제해결,2025,2,2011/1 ~ 2029/2,정책학과,97.83,,,,,,,,,,2.17,,45,,,,,,,,,,1,,ok,outputs/pdfs_full/정책학과__PPL4002__추리와문제해결.pdf,,46
H0002256,H0002983,정책학과,PPL4013,언론자유론,2017,2,2012/1 ~ 2018/2,정책학과,40,,50,,10,,,,,,,,4,,5,,1,,,,,,,,ok,outputs/pdfs_full/정책학과__PPL4013__언론자유론.pdf,,10
H0002256,H0002983,정책학과,PPL4016,현대사회의윤리적쟁점들,2025,2,2012/1 ~ 2030/2,정책학과,58.33,20.83,12.5,8.33,,,,,,,,,14,5,3,2,,,,,,,,,ok,outputs/pdfs_full/정책학과__PPL4016__현대사회의윤리적쟁점들.pdf,,24
H0002256,H0002983,정책학과,PPL4018,한국경제론,2026,1,2012/1 ~ 2030/2,정책학과,100,,,,,,,,,,,,16,,,,,,,,,,,,ok,outputs/pdfs_full/정책학과__PPL4018__한국경제론.pdf,,16
H0002256,H0002983,정책학과,PPL4019,심리학과인지과학,2018,2,2012/1 ~ 2018/2,정책학과,22.22,5.56,22.22,22.22,22.22,5.56,,,,,,,4,1,4,4,4,1,,,,,,,ok,outputs/pdfs_full/정책학과__PPL4019__심리학과인지과학.pdf,,18
H0002256,H0002983,정책학과,PPL4021,창의적문제해결캡스톤디자인,2022,1,2012/1 ~ 2025/2,정책학과,95.24,,4.76,,,,,,,,,,20,,1,,,,,,,,,,ok,outputs/pdfs_full/정책학과__PPL4021__창의적문제해결캡스톤디자인.pdf,,21
H0002256,H0002983,정책학과,PPL4022,졸업논문작성캡스톤디자인,2018,2,2012/1 ~ 2018/2,정책학과,98.11,1.89,,,,,,,,,,,52,1,,,,,,,,,,,ok,outputs/pdfs_full/정책학과__PPL4022__졸업논문작성캡스톤디자인.pdf,,53
H0002256,H0002983,정책학과,PPL4023,민사법3,2025,2,2016/1 ~ 2029/2,정책학과,21.88,15.63,31.25,15.63,12.5,,,,,,3.13,,7,5,10,5,4,,,,,,1,,ok,outputs/pdfs_full/정책학과__PPL4023__민사법3.pdf,,32
H0002256,H0002983,정책학과,PPL4024,형사법2,2018,2,2016/1 ~ 2018/2,정책학과,10.53,31.58,10.53,36.84,5.26,,5.26,,,,,,2,6,2,7,1,,1,,,,,,ok,outputs/pdfs_full/정책학과__PPL4024__형사법2.pdf,,19
H0002256,H0002983,정책학과,PPL4025,한국정치학,2026,1,2016/1 ~ 2030/2,정책학과,38.89,,33.33,,16.67,5.56,,,,,5.56,,7,,6,,3,1,,,,,1,,ok,outputs/pdfs_full/정책학과__PPL4025__한국정치학.pdf,,18
H0002256,H0002983,정책학과,PPL4026,민사법4,2018,2,2016/1 ~ 2018/2,정책학과,25,8.33,33.33,16.67,16.67,,,,,,,,3,1,4,2,2,,,,,,,,ok,outputs/pdfs_full/정책학과__PPL4026__민사법4.pdf,,12
H0002256,H0002983,정책학과,PPL4027,과학기술철학,2022,1,2019/1 ~ 2022/2,정책학과,90,10,,,,,,,,,,,9,1,,,,,,,,,,,ok,outputs/pdfs_full/정책학과__PPL4027__과학기술철학.pdf,,10
H0002256,H0002983,정책학과,PPL4028,민사소송론,2026,1,2019/1 ~ 2030/2,정책학과,100,,,,,,,,,,,,20,,,,,,,,,,,,ok,outputs/pdfs_full/정책학과__PPL4028__민사소송론.pdf,,20
H0002256,H0002983,정책학과,PPL4029,형사소송론,2025,2,2019/1 ~ 2030/2,정책학과,100,,,,,,,,,,,,28,,,,,,,,,,,,ok,outputs/pdfs_full/정책학과__PPL4029__형사소송론.pdf,,28
H0002256,H0002983,정책학과,PPL4030,공공정책의계량경제학,2026,1,2019/1 ~ 2030/2,정책학과,86.96,13.04,,,,,,,,,,,20,3,,,,,,,,,,,ok,outputs/pdfs_full/정책학과__PPL4030__공공정책의계량경제학.pdf,,23
H0002256,H0002983,정책학과,PPL4031,과학철학의주요쟁점,2026,1,2023/1 ~ 2030/2,정책학과,34.85,25.76,21.21,4.55,9.09,,3.03,,,,1.52,,23,17,14,3,6,,2,,,,1,,ok,outputs/pdfs_full/정책학과__PPL4031__과학철학의주요쟁점.pdf,,66
H0002256,H0002983,정책학과,PPL4032,형법학2,2026,1,2023/1 ~ 2030/2,정책학과,38.1,,38.1,,19.05,,,,,,4.76,,8,,8,,4,,,,,,1,,ok,outputs/pdfs_full/정책학과__PPL4032__형법학2.pdf,,21
H0002256,H0002599,의예과,PRE1003,복지사회의이해,2017,1,1998/1 ~ 2017/1,의예과(학부/서울),4,5.33,10.67,20,32,17.33,5.33,5.33,,,,,3,4,8,15,24,13,4,4,,,,,ok,outputs/pdfs_full/의예과__PRE1003__복지사회의이해.pdf,,75
H0002256,H0002599,의예과,PRE1004,의학실무영어,2019,2,2000/1 ~ 2019/2,의예과(학부/서울),8.16,13.27,21.43,27.55,19.39,10.2,,,,,,,8,13,21,27,19,10,,,,,,,ok,outputs/pdfs_full/의예과__PRE1004__의학실무영어.pdf,,98
H0002256,H0002599,의예과,PRE1005,의학개론,2017,2,2003/1 ~ 2017/2,의예과(학부/서울),10.96,12.33,17.81,39.73,13.7,2.74,2.74,,,,,,8,9,13,29,10,2,2,,,,,,ok,outputs/pdfs_full/의예과__PRE1005__의학개론.pdf,,73
H0002256,H0002599,의예과,PRE1006,기초영어,2019,1,2003/1 ~ 2019/2,의예과(학부/서울),16.22,21.62,27.03,18.92,9.91,6.31,,,,,,,18,24,30,21,11,7,,,,,,,ok,outputs/pdfs_full/의예과__PRE1006__기초영어.pdf,,111
H0002256,H0002599,의예과,PRE1011,비교해부학및실습,2017,1,2005/1 ~ 2017/1,의예과(학부/서울),4,5.33,24,30.67,18.67,9.33,8,,,,,,3,4,18,23,14,7,6,,,,,,ok,outputs/pdfs_full/의예과__PRE1011__비교해부학및실습.pdf,,75
H0002256,H0002599,의예과,PRE1012,생명과윤리,2016,2,2005/1 ~ 2017/1,의예과(학부/서울),10.39,9.09,25.97,23.38,23.38,6.49,1.3,,,,,,8,7,20,18,18,5,1,,,,,,ok,outputs/pdfs_full/의예과__PRE1012__생명과윤리.pdf,,77
H0002256,H0002599,의예과,PRE1013,의료정보학및실습,2016,2,2005/1 ~ 2017/1,의예과(학부/서울),6.49,24.68,11.69,15.58,33.77,7.79,,,,,,,5,19,9,12,26,6,,,,,,,ok,outputs/pdfs_full/의예과__PRE1013__의료정보학및실습.pdf,,77
H0002256,H0002599,의예과,PRE1015,인간심리학,2026,1,2005/1 ~ 2027/2,의예과(학부/서울),32.43,5.41,35.14,5.41,18.92,,,,,,2.7,,12,2,13,2,7,,,,,,1,,ok,outputs/pdfs_full/의예과__PRE1015__인간심리학.pdf,,37
H0002256,H0002599,의예과,PRE1016,문화와비평,2023,2,2012/1 ~ 2023/2,의예과(학부/서울),1.87,13.08,17.76,21.5,22.43,17.76,5.61,,,,,,2,14,19,23,24,19,6,,,,,,ok,outputs/pdfs_full/의예과__PRE1016__문화와비평.pdf,,107
H0002256,H0002599,의예과,PRE1017,의료기기의이해,2025,2,2013/1 ~ 2027/2,의예과(학부/서울),18.34,20.12,24.26,17.16,12.43,5.92,1.78,,,,,,31,34,41,29,21,10,3,,,,,,ok,outputs/pdfs_full/의예과__PRE1017__의료기기의이해.pdf,,169
H0002256,H0002599,의예과,PRE1018,사람.의료.사회1-1,2026,1,2017/1 ~ 2027/2,의예과(학부/서울),20.49,18.03,18.85,21.31,12.3,4.1,3.28,1.64,,,,,25,22,23,26,15,5,4,2,,,,,ok,outputs/pdfs_full/의예과__PRE1018__사람.의료.사회1-1.pdf,,122
H0002256,H0002599,의예과,PRE1019,사람.의료.사회1-2,2025,2,2017/2 ~ 2027/2,의예과(학부/서울),18.02,36.63,23.26,13.37,5.23,1.74,1.16,0.58,,,,,31,63,40,23,9,3,2,1,,,,,ok,outputs/pdfs_full/의예과__PRE1019__사람.의료.사회1-2.pdf,,172
H0002256,H0002599,의예과,PRE1020,의공학입문,2019,2,2017/2 ~ 2019/2,의예과(학부/서울),18.52,20.37,29.63,12.04,19.44,,,,,,,,20,22,32,13,21,,,,,,,,ok,outputs/pdfs_full/의예과__PRE1020__의공학입문.pdf,,108
H0002256,H0002599,의예과,PRE1021,유기화학,2025,2,2020/1 ~ 2027/2,의예과(학부/서울),13.53,21.18,20,15.88,11.18,7.65,4.12,6.47,,,,,23,36,34,27,19,13,7,11,,,,,ok,outputs/pdfs_full/의예과__PRE1021__유기화학.pdf,,170
H0002256,H0002599,의예과,PRE1022,의과학기초실습,2025,2,2020/1 ~ 2027/2,의예과(학부/서울),46.78,34.5,8.77,6.43,3.51,,,,,,,,80,59,15,11,6,,,,,,,,ok,outputs/pdfs_full/의예과__PRE1022__의과학기초실습.pdf,,171
H0002256,H0002599,의예과,PRE1023,인체영양학개론,2025,2,2020/2 ~ 2027/2,의예과(학부/서울),3.79,15.91,18.18,27.27,18.18,9.09,5.3,2.27,,,,,5,21,24,36,24,12,7,3,,,,,ok,outputs/pdfs_full/의예과__PRE1023__인체영양학개론.pdf,,132
H0002256,H0002599,의예과,PRE1024,의료데이터사이언스입문,2025,2,2024/1 ~ 2027/2,의예과(학부/서울),,12.28,14.62,17.54,23.39,20.47,11.11,0.58,,,,,,21,25,30,40,35,19,1,,,,,ok,outputs/pdfs_full/의예과__PRE1024__의료데이터사이언스입문.pdf,,171
H0002256,H0002599,의예과,PRE2012,사회와의료,2016,2,2009/1 ~ 2017/1,의예과(학부/서울),4.08,31.63,38.78,5.1,,,,,,20.41,,,4,31,38,5,,,,,,20,,,ok,outputs/pdfs_full/의예과__PRE2012__사회와의료.pdf,,98
H0002256,H0002599,의예과,PRE2013,의학용어학1,2025,2,2010/1 ~ 2027/2,의예과(학부/서울),7.02,16.37,25.15,26.9,10.53,8.77,3.51,1.75,,,,,12,28,43,46,18,15,6,3,,,,,ok,outputs/pdfs_full/의예과__PRE2013__의학용어학1.pdf,,171
H0002256,H0002599,의예과,PRE2014,인체구조기능학,2017,2,2010/1 ~ 2017/2,의예과(학부/서울),6.85,13.7,21.92,26.03,17.81,6.85,4.11,2.74,,,,,5,10,16,19,13,5,3,2,,,,,ok,outputs/pdfs_full/의예과__PRE2014__인체구조기능학.pdf,,73
H0002256,H0002599,의예과,PRE2016,의학용어학2,2026,1,2011/1 ~ 2028/2,의예과(학부/서울),25.64,11.11,16.24,17.09,11.97,17.95,,,,,,,30,13,19,20,14,21,,,,,,,ok,outputs/pdfs_full/의예과__PRE2016__의학용어학2.pdf,,117
H0002256,H0002599,의예과,PRE2017,올바른건강관리,2017,2,2014/1 ~ 2017/2,의예과(학부/서울),8.22,17.81,41.1,15.07,17.81,,,,,,,,6,13,30,11,13,,,,,,,,ok,outputs/pdfs_full/의예과__PRE2017__올바른건강관리.pdf,,73
H0002256,H0002599,의예과,PRE2018,사람.의료.사회3,2020,1,2018/1 ~ 2020/2,의예과(학부/서울),9.82,28.57,33.04,27.68,,,,0.89,,,,,11,32,37,31,,,,1,,,,,ok,outputs/pdfs_full/의예과__PRE2018__사람.의료.사회3.pdf,,112
H0002256,H0002599,의예과,PRE2019,의학개론(사람.의료.사회4),2020,1,2018/1 ~ 2020/2,의예과(학부/서울),12.39,20.35,25.66,23.01,17.7,,,,,0.88,,,14,23,29,26,20,,,,,1,,,ok,outputs/pdfs_full/의예과__PRE2019__의학개론(사람.의료.사회4).pdf,,113
H0002256,H0002599,의예과,PRE2020,행동의학,2026,1,2018/1 ~ 2028/2,의예과(학부/서울),2.96,15.98,18.93,20.71,22.49,14.79,2.37,1.78,,,,,5,27,32,35,38,25,4,3,,,,,ok,outputs/pdfs_full/의예과__PRE2020__행동의학.pdf,,169
H0002256,H0002599,의예과,PRE2021,의약화학1,2020,1,2018/1 ~ 2020/2,의예과(학부/서울),8.93,11.61,12.5,27.68,22.32,13.39,3.57,,,,,,10,13,14,31,25,15,4,,,,,,ok,outputs/pdfs_full/의예과__PRE2021__의약화학1.pdf,,112
H0002256,H0002599,의예과,PRE2022,의약화학2,2020,2,2018/1 ~ 2020/2,의예과(학부/서울),6.03,12.07,13.79,17.24,21.55,15.52,7.76,6.03,,,,,7,14,16,20,25,18,9,7,,,,,ok,outputs/pdfs_full/의예과__PRE2022__의약화학2.pdf,,116
H0002256,H0002599,의예과,PRE2023,사람.의료.사회5,2020,2,2018/1 ~ 2020/2,의예과(학부/서울),8.62,20.69,20.69,28.45,12.93,6.9,0.86,0.86,,,,,10,24,24,33,15,8,1,1,,,,,ok,outputs/pdfs_full/의예과__PRE2023__사람.의료.사회5.pdf,,116
H0002256,H0002599,의예과,PRE2024,인체기능입문1,2020,2,2018/1 ~ 2020/2,의예과(학부/서울),13.79,12.07,20.69,31.9,9.48,7.76,4.31,,,,,,16,14,24,37,11,9,5,,,,,,ok,outputs/pdfs_full/의예과__PRE2024__인체기능입문1.pdf,,116
H0002256,H0002599,의예과,PRE2025,인체기능입문2,2020,2,2018/1 ~ 2020/2,의예과(학부/서울),16.38,20.69,17.24,18.97,14.66,9.48,2.59,,,,,,19,24,20,22,17,11,3,,,,,,ok,outputs/pdfs_full/의예과__PRE2025__인체기능입문2.pdf,,116
H0002256,H0002599,의예과,PRE2026,인체기능입문3,2020,2,2018/1 ~ 2020/2,의예과(학부/서울),16.38,16.38,24.14,37.93,5.17,,,,,,,,19,19,28,44,6,,,,,,,,ok,outputs/pdfs_full/의예과__PRE2026__인체기능입문3.pdf,,116
H0002256,H0002599,의예과,PRE2027,사람.의료.사회2-1A,2026,1,2021/1 ~ 2028/2,의예과(학부/서울),1.78,9.47,14.79,15.98,19.53,17.16,13.61,7.69,,,,,3,16,25,27,33,29,23,13,,,,,ok,outputs/pdfs_full/의예과__PRE2027__사람.의료.사회2-1A.pdf,,169
H0002256,H0002599,의예과,PRE2028,사람.의료.사회2-1B,2023,1,2021/1 ~ 2028/2,의예과(학부/서울),4.23,16.9,35.21,33.8,7.04,1.41,,,,1.41,,,3,12,25,24,5,1,,,,1,,,ok,outputs/pdfs_full/의예과__PRE2028__사람.의료.사회2-1B.pdf,,71
H0002256,H0002599,의예과,PRE2029,임상정보시스템과의료의미래,2023,1,2021/1 ~ 2024/2,의예과(학부/서울),14.29,25,21.43,21.43,7.14,3.57,3.57,3.57,,,,,4,7,6,6,2,1,1,1,,,,,ok,outputs/pdfs_full/의예과__PRE2029__임상정보시스템과의료의미래.pdf,,28
H0002256,H0002599,의예과,PRE2030,의과학기초연구,2026,1,2021/1 ~ 2028/2,의예과(학부/서울),12.43,26.63,30.77,16.57,10.65,2.96,,,,,,,21,45,52,28,18,5,,,,,,,ok,outputs/pdfs_full/의예과__PRE2030__의과학기초연구.pdf,,169
H0002256,H0002599,의예과,PRE2031,사람.의료.사회2-2,2025,2,2021/1 ~ 2028/2,의예과(학부/서울),1.06,9.57,37.23,32.98,10.64,3.19,4.26,1.06,,,,,1,9,35,31,10,3,4,1,,,,,ok,outputs/pdfs_full/의예과__PRE2031__사람.의료.사회2-2.pdf,,94
H0002256,H0002599,의예과,PRE2032,죽은자의이야기,2025,1,2021/1 ~ 2028/2,의예과(학부/서울),13.19,23.08,28.57,9.89,15.38,5.49,1.1,3.3,,,,,12,21,26,9,14,5,1,3,,,,,ok,outputs/pdfs_full/의예과__PRE2032__죽은자의이야기.pdf,,91
H0002256,H0002599,의예과,PRE2033,의학생화학입문,2025,2,2021/1 ~ 2028/2,의예과(학부/서울),20.21,15.96,30.85,11.7,19.15,2.13,,,,,,,19,15,29,11,18,2,,,,,,,ok,outputs/pdfs_full/의예과__PRE2033__의학생화학입문.pdf,,94
H0002256,H0002599,의예과,PRE2034,의학생리학입문,2025,2,2021/1 ~ 2028/2,의예과(학부/서울),7.45,15.96,21.28,11.7,14.89,24.47,3.19,1.06,,,,,7,15,20,11,14,23,3,1,,,,,ok,outputs/pdfs_full/의예과__PRE2034__의학생리학입문.pdf,,94
H0002256,H0002599,의예과,PRE2035,인간지능과인공지능의의학적이해,2022,2,2020/1 ~ 2024/2,의예과(학부/서울),100,,,,,,,,,,,,2,,,,,,,,,,,,ok,outputs/pdfs_full/의예과__PRE2035__인간지능과인공지능의의학적이해.pdf,,2
H0002256,H0002599,의예과,PRE2036,인구집단과건강,2025,2,2021/1 ~ 2028/2,의예과(학부/서울),12.5,37.5,25,25,,,,,,,,,1,3,2,2,,,,,,,,,ok,outputs/pdfs_full/의예과__PRE2036__인구집단과건강.pdf,,8
H0002256,H0002599,의예과,PRE2037,의료데이터사이언스응용,2026,1,2025/1 ~ 2028/2,의예과(학부/서울),3.03,18.18,21.21,15.15,24.24,18.18,,,,,,,1,6,7,5,8,6,,,,,,,ok,outputs/pdfs_full/의예과__PRE2037__의료데이터사이언스응용.pdf,,33
H0002256,H0003663,정치외교학과,PSD1002,정치와사회,2015,1,2014/1 ~ 2015/2,정치외교학과,23.53,9.8,45.1,,21.57,,,,,,,,12,5,23,,11,,,,,,,,ok,outputs/pdfs_full/정치외교학과__PSD1002__정치와사회.pdf,,51
H0002256,H0002834,사회과학부,PSD1003,정치학입문,2015,2,2001/1 ~ 2004/2,사회과학부(학부/서울),24.44,6.67,31.11,6.67,17.78,13.33,,,,,,,11,3,14,3,8,6,,,,,,,ok,outputs/pdfs_full/사회과학부__PSD1003__정치학입문.pdf,,45
H0002256,H0003663,정치외교학과,PSD1004,국제정치학입문,2025,2,2014/1 ~ 2027/2,정치외교학과,10.71,30.36,23.21,16.07,14.29,1.79,,,,1.79,1.79,,6,17,13,9,8,1,,,,1,1,,ok,outputs/pdfs_full/정치외교학과__PSD1004__국제정치학입문.pdf,,56
H0002256,H0003663,정치외교학과,PSD1005,외교정책의이해,2026,1,2014/1 ~ 2028/2,정치외교학과,84.62,7.69,7.69,,,,,,,,,,11,1,1,,,,,,,,,,ok,outputs/pdfs_full/정치외교학과__PSD1005__외교정책의이해.pdf,,13
H0002256,H0003663,정치외교학과,PSD1006,정치와이념,2016,2,2014/1 ~ 2016/2,정치외교학과,28.26,10.87,39.13,,21.74,,,,,,,,13,5,18,,10,,,,,,,,ok,outputs/pdfs_full/정치외교학과__PSD1006__정치와이념.pdf,,46
H0002256,H0003663,정치외교학과,PSD2002,비교정치론,2026,1,2014/1 ~ 2028/2,정치외교학과,50,2.5,7.5,10,5,7.5,12.5,,,,5,,20,1,3,4,2,3,5,,,,2,,ok,outputs/pdfs_full/정치외교학과__PSD2002__비교정치론.pdf,,40
H0002256,H0003663,정치외교학과,PSD2010,한국정치외교사,2025,2,2014/1 ~ 2028/2,정치외교학과,27.66,10.64,34.04,6.38,10.64,4.26,2.13,,,2.13,2.13,,13,5,16,3,5,2,1,,,1,1,,ok,outputs/pdfs_full/정치외교학과__PSD2010__한국정치외교사.pdf,,47
H0002256,H0003663,정치외교학과,PSD2014,유럽정치론,2025,2,2014/1 ~ 2028/2,정치외교학과,26.92,11.54,26.92,15.38,19.23,,,,,,,,7,3,7,4,5,,,,,,,,ok,outputs/pdfs_full/정치외교학과__PSD2014__유럽정치론.pdf,,26
H0002256,H0003663,정치외교학과,PSD2015,미국정치론,2025,1,2011/1 ~ 2029/2,정치외교학과,40,,40,,20,,,,,,,,12,,12,,6,,,,,,,,ok,outputs/pdfs_full/정치외교학과__PSD2015__미국정치론.pdf,,30
H0002256,H0003663,정치외교학과,PSD2020,통일문제연구,2025,2,2011/1 ~ 2029/2,정치외교학과,72.5,22.5,5,,,,,,,,,,29,9,2,,,,,,,,,,ok,outputs/pdfs_full/정치외교학과__PSD2020__통일문제연구.pdf,,40
H0002256,H0003663,정치외교학과,PSD2022,동북아국제관계,2026,1,2014/1 ~ 2028/2,정치외교학과,26.32,15.79,31.58,10.53,15.79,,,,,,,,5,3,6,2,3,,,,,,,,ok,outputs/pdfs_full/정치외교학과__PSD2022__동북아국제관계.pdf,,19
H0002256,H0003663,정치외교학과,PSD2052,국제정치사,2026,1,2014/1 ~ 2029/2,정치외교학과,23.08,15.38,30.77,10.26,17.95,,,,,,2.56,,9,6,12,4,7,,,,,,1,,ok,outputs/pdfs_full/정치외교학과__PSD2052__국제정치사.pdf,,39
H0002256,H0003663,정치외교학과,PSD2054,서양정치사상,2026,1,2014/1 ~ 2029/2,정치외교학과,45.45,9.09,27.27,9.09,9.09,,,,,,,,5,1,3,1,1,,,,,,,,ok,outputs/pdfs_full/정치외교학과__PSD2054__서양정치사상.pdf,,11
H0002256,H0003663,정치외교학과,PSD3003,한국정치론,2026,1,2011/1 ~ 2029/2,정치외교학과,40.91,,40.91,,13.64,,,,,,4.55,,9,,9,,3,,,,,,1,,ok,outputs/pdfs_full/정치외교학과__PSD3003__한국정치론.pdf,,22
H0002256,H0003663,정치외교학과,PSD3009,동양정치사상,2017,2,2011/1 ~ 2017/2,정치외교학과,18.92,21.62,35.14,5.41,10.81,5.41,2.7,,,,,,7,8,13,2,4,2,1,,,,,,ok,outputs/pdfs_full/정치외교학과__PSD3009__동양정치사상.pdf,,37
H0002256,H0003663,정치외교학과,PSD3011,정치사회학,2026,1,2012/1 ~ 2018/2,정치외교학과,14.29,19.05,28.57,19.05,19.05,,,,,,,,3,4,6,4,4,,,,,,,,ok,outputs/pdfs_full/정치외교학과__PSD3011__정치사회학.pdf,,21
H0002256,H0002983,정책학과,PSD3015,정치경제론,2025,2,2016/1 ~ 2030/2,정책학과,88.89,11.11,,,,,,,,,,,16,2,,,,,,,,,,,ok,outputs/pdfs_full/정책학과__PSD3015__정치경제론.pdf,,18
H0002256,H0003663,정치외교학과,PSD3019,국제협상론,2025,1,2011/1 ~ 2030/2,정치외교학과,34.78,4.35,34.78,8.7,17.39,,,,,,,,8,1,8,2,4,,,,,,,,ok,outputs/pdfs_full/정치외교학과__PSD3019__국제협상론.pdf,,23
H0002256,H0003663,정치외교학과,PSD3020,현대정치학이론,2018,1,2012/1 ~ 2018/2,정치외교학과,31.58,,26.32,,15.79,,,,,26.32,,,6,,5,,3,,,,,5,,,ok,outputs/pdfs_full/정치외교학과__PSD3020__현대정치학이론.pdf,,19
H0002256,H0003663,정치외교학과,PSD3021,정당과선거,2025,2,2012/1 ~ 2028/2,정치외교학과,28.57,16.67,11.9,11.9,9.52,9.52,4.76,7.14,,,,,12,7,5,5,4,4,2,3,,,,,ok,outputs/pdfs_full/정치외교학과__PSD3021__정당과선거.pdf,,42
H0002256,H0003663,정치외교학과,PSD3022,국제관계이론,2025,2,2014/1 ~ 2029/2,정치외교학과,94.44,5.56,,,,,,,,,,,17,1,,,,,,,,,,,ok,outputs/pdfs_full/정치외교학과__PSD3022__국제관계이론.pdf,,18
H0002256,H0003663,정치외교학과,PSD3023,국제제도와협력,2017,2,2011/1 ~ 2017/2,정치외교학과,32.43,40.54,24.32,,2.7,,,,,,,,12,15,9,,1,,,,,,,,ok,outputs/pdfs_full/정치외교학과__PSD3023__국제제도와협력.pdf,,37
H0002256,H0003663,정치외교학과,PSD3024,국가정보론,2017,1,2011/1 ~ 2017/2,정치외교학과,34.88,4.65,39.53,,20.93,,,,,,,,15,2,17,,9,,,,,,,,ok,outputs/pdfs_full/정치외교학과__PSD3024__국가정보론.pdf,,43
H0002256,H0003663,정치외교학과,PSD3054,비교정치경제론,2026,1,2011/1 ~ 2028/2,정치외교학과,22.22,66.67,11.11,,,,,,,,,,2,6,1,,,,,,,,,,ok,outputs/pdfs_full/정치외교학과__PSD3054__비교정치경제론.pdf,,9
H0002256,H0003663,정치외교학과,PSD3056,시민사회와사회운동,2025,2,2011/1 ~ 2029/2,정치외교학과,35.29,11.76,47.06,,5.88,,,,,,,,6,2,8,,1,,,,,,,,ok,outputs/pdfs_full/정치외교학과__PSD3056__시민사회와사회운동.pdf,,17
H0002256,H0003663,정치외교학과,PSD3057,국제개발협력과아프리카,2025,2,2012/1 ~ 2029/2,정치외교학과,34.38,3.13,40.63,3.13,18.75,,,,,,,,11,1,13,1,6,,,,,,,,ok,outputs/pdfs_full/정치외교학과__PSD3057__국제개발협력과아프리카.pdf,,32
H0002256,H0003663,정치외교학과,PSD3058,평화와안보,2026,1,2014/1 ~ 2028/2,정치외교학과,30,10,32,8,10,10,,,,,,,15,5,16,4,5,5,,,,,,,ok,outputs/pdfs_full/정치외교학과__PSD3058__평화와안보.pdf,,50
H0002256,H0003663,정치외교학과,PSD3059,국가발전론,2025,2,2015/1 ~ 2029/2,정치외교학과,39.47,,36.84,,15.79,5.26,,,,,2.63,,15,,14,,6,2,,,,,1,,ok,outputs/pdfs_full/정치외교학과__PSD3059__국가발전론.pdf,,38
H0002256,H0003663,정치외교학과,PSD4005,외교정책론,2018,2,2016/1 ~ 2018/2,정치외교학과,39.39,3.03,27.27,12.12,18.18,,,,,,,,13,1,9,4,6,,,,,,,,ok,outputs/pdfs_full/정치외교학과__PSD4005__외교정책론.pdf,,33
H0002256,H0003663,정치외교학과,PSD4006,정치학방법론,2025,2,2011/1 ~ 2028/2,정치외교학과,70.37,11.11,11.11,3.7,3.7,,,,,,,,19,3,3,1,1,,,,,,,,ok,outputs/pdfs_full/정치외교학과__PSD4006__정치학방법론.pdf,,27
H0002256,H0003663,정치외교학과,PSD4014,한국정치사상,2018,1,2012/1 ~ 2018/2,정치외교학과,19.35,19.35,22.58,19.35,19.35,,,,,,,,6,6,7,6,6,,,,,,,,ok,outputs/pdfs_full/정치외교학과__PSD4014__한국정치사상.pdf,,31
H0002256,H0003663,정치외교학과,PSD4016,중국의정치,2025,2,2012/1 ~ 2030/2,정치외교학과,15.79,15.79,42.11,,26.32,,,,,,,,3,3,8,,5,,,,,,,,ok,outputs/pdfs_full/정치외교학과__PSD4016__중국의정치.pdf,,19
H0002256,H0003663,정치외교학과,PSD4017,일본정치론,2025,2,2014/1 ~ 2028/2,정치외교학과,79.41,2.94,8.82,5.88,2.94,,,,,,,,27,1,3,2,1,,,,,,,,ok,outputs/pdfs_full/정치외교학과__PSD4017__일본정치론.pdf,,34
H0002256,H0003663,정치외교학과,PSD4019,국제정치경제론,2025,2,2012/1 ~ 2029/2,정치외교학과,33.33,,46.67,13.33,,,,,,,6.67,,5,,7,2,,,,,,,1,,ok,outputs/pdfs_full/정치외교학과__PSD4019__국제정치경제론.pdf,,15
H0002256,H0003663,정치외교학과,PSD4020,러시아정치론,2026,1,2012/1 ~ 2030/2,정치외교학과,38.46,,38.46,,23.08,,,,,,,,15,,15,,9,,,,,,,,ok,outputs/pdfs_full/정치외교학과__PSD4020__러시아정치론.pdf,,39
H0002256,H0003663,정치외교학과,PSD4021,정치권력과리더쉽,2016,2,2014/1 ~ 2016/2,정치외교학과,37.04,3.7,40.74,,18.52,,,,,,,,10,1,11,,5,,,,,,,,ok,outputs/pdfs_full/정치외교학과__PSD4021__정치권력과리더쉽.pdf,,27
H0002256,H0003663,정치외교학과,PSD4024,21세기국제환경과국제관계,2026,1,2011/1 ~ 2029/2,정치외교학과,34.62,15.38,26.92,15.38,7.69,,,,,,,,9,4,7,4,2,,,,,,,,ok,outputs/pdfs_full/정치외교학과__PSD4024__21세기국제환경과국제관계.pdf,,26
H0002256,H0003663,정치외교학과,PSD4025,북한의정치와사회,2026,1,2011/1 ~ 2028/2,정치외교학과,40.63,,37.5,3.13,15.63,3.13,,,,,,,13,,12,1,5,1,,,,,,,ok,outputs/pdfs_full/정치외교학과__PSD4025__북한의정치와사회.pdf,,32
H0002256,H0003663,정치외교학과,PSD4026,정보화사회의정치,2014,2,2011/1 ~ 2017/2,정치외교학과,55.56,38.89,,5.56,,,,,,,,,10,7,,1,,,,,,,,,ok,outputs/pdfs_full/정치외교학과__PSD4026__정보화사회의정치.pdf,,18
H0002256,H0003663,정치외교학과,PSD4027,세계화와법,2026,1,2012/1 ~ 2026/2,정치외교학과,60,8,16,16,,,,,,,,,15,2,4,4,,,,,,,,,ok,outputs/pdfs_full/정치외교학과__PSD4027__세계화와법.pdf,,25
H0002256,H0003663,정치외교학과,PSD4052,국제분쟁론,2018,2,2012/1 ~ 2018/2,정치외교학과,87.5,,,,,,,,,12.5,,,7,,,,,,,,,1,,,ok,outputs/pdfs_full/정치외교학과__PSD4052__국제분쟁론.pdf,,8
H0002256,H0003663,정치외교학과,PSD4054,국가위기관리론,2017,2,2012/1 ~ 2018/2,정치외교학과,16.67,25,41.67,,16.67,,,,,,,,2,3,5,,2,,,,,,,,ok,outputs/pdfs_full/정치외교학과__PSD4054__국가위기관리론.pdf,,12
H0002256,H0003663,정치외교학과,PSD4056,국제개발협력의거버넌스,2026,1,2012/1 ~ 2029/2,정치외교학과,63.16,15.79,10.53,7.89,2.63,,,,,,,,24,6,4,3,1,,,,,,,,ok,outputs/pdfs_full/정치외교학과__PSD4056__국제개발협력의거버넌스.pdf,,38
H0002256,H0003663,정치외교학과,PSD4057,아프리카와지역통합,2026,1,2015/1 ~ 2030/2,정치외교학과,45.45,,45.45,9.09,,,,,,,,,5,,5,1,,,,,,,,,ok,outputs/pdfs_full/정치외교학과__PSD4057__아프리카와지역통합.pdf,,11
H0002256,H0002256,서울 대학,SBC0001,생활속의반도체,2026,1,2024/2 ~ 2027/2,대학(학부/서울),83.33,11.11,5.56,,,,,,,,,,15,2,1,,,,,,,,,,ok,outputs/pdfs_seoul_university/서울_대학__SBC0001__생활속의반도체.pdf,,18
H0002256,H0002256,서울 대학,SBC0002,반도체8대공정개론,2026,1,2024/2 ~ 2027/2,대학(학부/서울),97.5,2.5,,,,,,,,,,,39,1,,,,,,,,,,,ok,outputs/pdfs_seoul_university/서울_대학__SBC0002__반도체8대공정개론.pdf,,40
H0002256,H0002256,서울 대학,SBC0003,반도체공정과장비의이해,2026,1,2024/2 ~ 2027/2,대학(학부/서울),27.78,22.22,22.22,16.67,,,,5.56,,,5.56,,5,4,4,3,,,,1,,,1,,ok,outputs/pdfs_seoul_university/서울_대학__SBC0003__반도체공정과장비의이해.pdf,,18
H0002256,H0002256,서울 대학,SBC0004,반도체공정응용,2026,1,2024/2 ~ 2027/2,대학(학부/서울),80,17.5,,,,,,,,,2.5,,32,7,,,,,,,,,1,,ok,outputs/pdfs_seoul_university/서울_대학__SBC0004__반도체공정응용.pdf,,40
H0002256,H0002256,서울 대학,SBC0005,플라즈마장비,2026,1,2024/2 ~ 2027/2,대학(학부/서울),51.35,27.03,13.51,2.7,2.7,2.7,,,,,,,19,10,5,1,1,1,,,,,,,ok,outputs/pdfs_seoul_university/서울_대학__SBC0005__플라즈마장비.pdf,,37
H0002256,H0002256,서울 대학,SBC0006,AI반도체응용기술,2026,1,2025/1 ~ 2027/2,대학(학부/서울),58.97,25.64,5.13,7.69,2.56,,,,,,,,23,10,2,3,1,,,,,,,,ok,outputs/pdfs_seoul_university/서울_대학__SBC0006__AI반도체응용기술.pdf,,39
H0002256,H0002256,서울 대학,SBC0007,AI반도체집적화기술,2026,1,2025/1 ~ 2027/2,대학(학부/서울),100,,,,,,,,,,,,40,,,,,,,,,,,,ok,outputs/pdfs_seoul_university/서울_대학__SBC0007__AI반도체집적화기술.pdf,,40
H0002256,H0002256,서울 대학,SBC0008,반도체부품설계공학,2026,1,2025/2 ~ 2027/2,대학(학부/서울),65.22,30.43,,,,4.35,,,,,,,15,7,,,,1,,,,,,,ok,outputs/pdfs_seoul_university/서울_대학__SBC0008__반도체부품설계공학.pdf,,23
H0002256,H0004761,반도체공학과,SCE1001,반도체리더십세미나,2026,1,2023/1 ~ 2027/2,반도체공학과,51.35,48.65,,,,,,,,,,,19,18,,,,,,,,,,,ok,outputs/pdfs_full/반도체공학과__SCE1001__반도체리더십세미나.pdf,,37
H0002256,H0004761,반도체공학과,SCE3001,반도체소자분석기술,2026,1,2025/1 ~ 2029/2,반도체공학과,100,,,,,,,,,,,,4,,,,,,,,,,,,ok,outputs/pdfs_full/반도체공학과__SCE3001__반도체소자분석기술.pdf,,4
H0002256,H0004761,반도체공학과,SCE3003,시스템반도체소자,2026,1,2026/1 ~ 2030/2,반도체공학과,88.89,11.11,,,,,,,,,,,8,1,,,,,,,,,,,ok,outputs/pdfs_full/반도체공학과__SCE3003__시스템반도체소자.pdf,,9
H0002256,H0004761,반도체공학과,SCE3004,메모리반도체소자,2025,2,2025/1 ~ 2029/2,반도체공학과,44.44,55.56,,,,,,,,,,,4,5,,,,,,,,,,,ok,outputs/pdfs_full/반도체공학과__SCE3004__메모리반도체소자.pdf,,9
H0002256,H0004761,반도체공학과,SCE3005,반도체소자공정실험,2025,2,2025/1 ~ 2029/2,반도체공학과,100,,,,,,,,,,,,5,,,,,,,,,,,,ok,outputs/pdfs_full/반도체공학과__SCE3005__반도체소자공정실험.pdf,,5
H0002256,H0005006,한양인터칼리지학부,SMC1006,공학프로그래밍기초,2026,1,2026/1 ~ 2028/2,한양인터칼리지학부,66.67,33.33,,,,,,,,,,,6,3,,,,,,,,,,,ok,outputs/pdfs_full/한양인터칼리지학부__SMC1006__공학프로그래밍기초.pdf,,9
H0002256,H0003664,사회학과,SOC1054,사회학입문,2019,1,2014/1 ~ 2019/2,사회학과,10.81,27.03,29.73,16.22,5.41,10.81,,,,,,,4,10,11,6,2,4,,,,,,,ok,outputs/pdfs_full/사회학과__SOC1054__사회학입문.pdf,,37
H0002256,H0003664,사회학과,SOC1055,사회학과새로운산업혁명,2024,2,2024/2 ~ 2025/1,사회학과,42.86,,45.24,,11.9,,,,,,,,18,,19,,5,,,,,,,,ok,outputs/pdfs_full/사회학과__SOC1055__사회학과새로운산업혁명.pdf,,42
H0002256,H0003664,사회학과,SOC2001,사회심리학,2025,2,2014/1 ~ 2028/2,사회학과,24.24,9.09,27.27,12.12,27.27,,,,,,,,8,3,9,4,9,,,,,,,,ok,outputs/pdfs_full/사회학과__SOC2001__사회심리학.pdf,,33
H0002256,H0003664,사회학과,SOC2002,사회통계,2025,2,2014/1 ~ 2028/2,사회학과,36.36,1.82,20,5.45,12.73,12.73,,,,10.91,,,20,1,11,3,7,7,,,,6,,,ok,outputs/pdfs_full/사회학과__SOC2002__사회통계.pdf,,55
H0002256,H0003664,사회학과,SOC2003,사회변동과발전,2025,2,2014/1 ~ 2028/2,사회학과,16.67,20,13.33,20,13.33,3.33,,,,,13.33,,5,6,4,6,4,1,,,,,4,,ok,outputs/pdfs_full/사회학과__SOC2003__사회변동과발전.pdf,,30
H0002256,H0003664,사회학과,SOC2004,사회학사,2026,1,2014/1 ~ 2028/2,사회학과,13.64,43.18,9.09,4.55,20.45,6.82,,,,,2.27,,6,19,4,2,9,3,,,,,1,,ok,outputs/pdfs_full/사회학과__SOC2004__사회학사.pdf,,44
H0002256,H0003664,사회학과,SOC2015,사회학전공영어,2026,1,2014/1 ~ 2028/2,사회학과,26.53,26.53,16.33,10.2,6.12,12.24,2.04,,,,,,13,13,8,5,3,6,1,,,,,,ok,outputs/pdfs_full/사회학과__SOC2015__사회학전공영어.pdf,,49
H0002256,H0003664,사회학과,SOC2016,인구의이해,2026,1,2014/1 ~ 2028/2,사회학과,33.33,20.51,20.51,5.13,7.69,2.56,5.13,,,,5.13,,13,8,8,2,3,1,2,,,,2,,ok,outputs/pdfs_full/사회학과__SOC2016__인구의이해.pdf,,39
H0002256,H0003664,사회학과,SOC2019,비교사회론,2021,1,2012/1 ~ 2029/2,사회학과,26.32,15.79,21.05,7.89,5.26,15.79,5.26,2.63,,,,,10,6,8,3,2,6,2,1,,,,,ok,outputs/pdfs_full/사회학과__SOC2019__비교사회론.pdf,,38
H0002256,H0003664,사회학과,SOC2038,사회조사방법의이해,2026,1,2017/1 ~ 2028/2,사회학과,35.19,27.78,9.26,7.41,16.67,3.7,,,,,,,19,15,5,4,9,2,,,,,,,ok,outputs/pdfs_full/사회학과__SOC2038__사회조사방법의이해.pdf,,54
H0002256,H0003664,사회학과,SOC3008,문화사회학,2026,1,2011/1 ~ 2028/2,사회학과,83.33,11.11,,5.56,,,,,,,,,15,2,,1,,,,,,,,,ok,outputs/pdfs_full/사회학과__SOC3008__문화사회학.pdf,,18
H0002256,H0003664,사회학과,SOC3012,경제사회학,2026,1,2011/1 ~ 2029/2,사회학과,64.29,,21.43,,7.14,7.14,,,,,,,9,,3,,1,1,,,,,,,ok,outputs/pdfs_full/사회학과__SOC3012__경제사회학.pdf,,14
H0002256,H0003664,사회학과,SOC3013,성의사회학,2026,1,2014/1 ~ 2030/2,사회학과,66.67,10.26,5.13,5.13,7.69,,2.56,,,,2.56,,26,4,2,2,3,,1,,,,1,,ok,outputs/pdfs_full/사회학과__SOC3013__성의사회학.pdf,,39
H0002256,H0002933,경제금융학부,SOC3018,정치경제학,2015,2,2012/1 ~ 2015/2,경제금융학부(학부/서울),30.21,7.29,42.71,2.08,13.54,,4.17,,,,,,29,7,41,2,13,,4,,,,,,ok,outputs/pdfs_full/경제금융학부__SOC3018__정치경제학.pdf,,96
H0002256,H0003664,사회학과,SOC3019,동양사회와사상,2016,2,2014/1 ~ 2016/2,사회학과,23.08,23.08,38.46,,15.38,,,,,,,,3,3,5,,2,,,,,,,,ok,outputs/pdfs_full/사회학과__SOC3019__동양사회와사상.pdf,,13
H0002256,H0003664,사회학과,SOC3030,질적연구방법의이해,2026,1,2011/1 ~ 2029/2,사회학과,51.61,32.26,6.45,6.45,,3.23,,,,,,,16,10,2,2,,1,,,,,,,ok,outputs/pdfs_full/사회학과__SOC3030__질적연구방법의이해.pdf,,31
H0002256,H0003664,사회학과,SOC3031,일탈과사회통제,2026,1,2011/1 ~ 2029/2,사회학과,13.79,17.24,27.59,20.69,17.24,3.45,,,,,,,4,5,8,6,5,1,,,,,,,ok,outputs/pdfs_full/사회학과__SOC3031__일탈과사회통제.pdf,,29
H0002256,H0003664,사회학과,SOC3032,사회문제분석:AI와데이터사회,2025,2,2011/1 ~ 2028/2,사회학과,66.13,27.42,4.84,1.61,,,,,,,,,41,17,3,1,,,,,,,,,ok,outputs/pdfs_full/사회학과__SOC3032__사회문제분석_AI와데이터사회.pdf,,62
H0002256,H0003664,사회학과,SOC3033,사회복지와사회정책,2025,2,2012/1 ~ 2029/2,사회학과,57.89,15.79,18.42,7.89,,,,,,,,,22,6,7,3,,,,,,,,,ok,outputs/pdfs_full/사회학과__SOC3033__사회복지와사회정책.pdf,,38
H0002256,H0003664,사회학과,SOC3034,결혼과가족의사회학,2025,2,2011/1 ~ 2028/2,사회학과,16.13,32.26,25.81,9.68,6.45,9.68,,,,,,,5,10,8,3,2,3,,,,,,,ok,outputs/pdfs_full/사회학과__SOC3034__결혼과가족의사회학.pdf,,31
H0002256,H0003664,사회학과,SOC3035,데이터분석Ⅰ,2025,2,2015/1 ~ 2028/2,사회학과,51.35,32.43,5.41,5.41,5.41,,,,,,,,19,12,2,2,2,,,,,,,,ok,outputs/pdfs_full/사회학과__SOC3035__데이터분석I.pdf,,37
H0002256,H0003664,사회학과,SOC3036,노동과기업문화,2018,1,2012/1 ~ 2026/2,사회학과,32.35,5.88,26.47,5.88,5.88,2.94,20.59,,,,,,11,2,9,2,2,1,7,,,,,,ok,outputs/pdfs_full/사회학과__SOC3036__노동과기업문화.pdf,,34
H0002256,H0003664,사회학과,SOC3052,동아시아연구,2021,2,2011/1 ~ 2022/2,사회학과,20,20,40,20,,,,,,,,,3,3,6,3,,,,,,,,,ok,outputs/pdfs_full/사회학과__SOC3052__동아시아연구.pdf,,15
H0002256,H0003664,사회학과,SOC3053,기업사회학,2025,2,2011/1 ~ 2029/2,사회학과,25,25,21.43,28.57,,,,,,,,,7,7,6,8,,,,,,,,,ok,outputs/pdfs_full/사회학과__SOC3053__기업사회학.pdf,,28
H0002256,H0003664,사회학과,SOC3054,사회학전공특수과제,2021,2,2011/1 ~ 2030/2,사회학과,80,,20,,,,,,,,,,8,,2,,,,,,,,,,ok,outputs/pdfs_full/사회학과__SOC3054__사회학전공특수과제.pdf,,10
H0002256,H0003664,사회학과,SOC3056,시민사회론,2017,2,2011/1 ~ 2017/2,사회학과,27.27,15.15,27.27,15.15,9.09,6.06,,,,,,,9,5,9,5,3,2,,,,,,,ok,outputs/pdfs_full/사회학과__SOC3056__시민사회론.pdf,,33
H0002256,H0003664,사회학과,SOC3064,사회불평등연구,2024,1,2022/1 ~ 2029/2,사회학과,35,5,40,,10,,,10,,,,,7,1,8,,2,,,2,,,,,ok,outputs/pdfs_full/사회학과__SOC3064__사회불평등연구.pdf,,20
H0002256,H0003664,사회학과,SOC4003,사회발전론,2017,2,2011/1 ~ 2017/2,사회학과,,22.73,31.82,4.55,18.18,,13.64,9.09,,,,,,5,7,1,4,,3,2,,,,,ok,outputs/pdfs_full/사회학과__SOC4003__사회발전론.pdf,,22
H0002256,H0003664,사회학과,SOC4004,사회조사실습,2026,1,2012/1 ~ 2030/2,사회학과,64.71,29.41,,,,,,,,,5.88,,11,5,,,,,,,,,1,,ok,outputs/pdfs_full/사회학과__SOC4004__사회조사실습.pdf,,17
H0002256,H0003664,사회학과,SOC4005,사회계층론,2021,1,2011/1 ~ 2021/2,사회학과,20,22.5,27.5,,10,7.5,5,7.5,,,,,8,9,11,,4,3,2,3,,,,,ok,outputs/pdfs_full/사회학과__SOC4005__사회계층론.pdf,,40
H0002256,H0003664,사회학과,SOC4007,사회조직론,2023,2,2014/1 ~ 2028/2,사회학과,27.27,9.09,18.18,18.18,9.09,9.09,,9.09,,,,,3,1,2,2,1,1,,1,,,,,ok,outputs/pdfs_full/사회학과__SOC4007__사회조직론.pdf,,11
H0002256,H0003664,사회학과,SOC4008,현대사회학이론,2025,2,2011/1 ~ 2029/2,사회학과,65.85,19.51,7.32,7.32,,,,,,,,,27,8,3,3,,,,,,,,,ok,outputs/pdfs_full/사회학과__SOC4008__현대사회학이론.pdf,,41
H0002256,H0003664,사회학과,SOC4015,한국사회의이해,2025,2,2012/1 ~ 2030/2,사회학과,83.87,9.68,,6.45,,,,,,,,,26,3,,2,,,,,,,,,ok,outputs/pdfs_full/사회학과__SOC4015__한국사회의이해.pdf,,31
H0002256,H0003664,사회학과,SOC4027,일과직업의사회학,2025,2,2011/1 ~ 2029/2,사회학과,27.59,34.48,24.14,13.79,,,,,,,,,8,10,7,4,,,,,,,,,ok,outputs/pdfs_full/사회학과__SOC4027__일과직업의사회학.pdf,,29
H0002256,H0003664,사회학과,SOC4031,성문화연구,2018,1,2012/1 ~ 2018/2,사회학과,16.67,25,41.67,,16.67,,,,,,,,4,6,10,,4,,,,,,,,ok,outputs/pdfs_full/사회학과__SOC4031__성문화연구.pdf,,24
H0002256,H0003664,사회학과,SOC4033,세계화평화와인권,2018,1,2012/1 ~ 2018/2,사회학과,29.41,11.76,11.76,29.41,17.65,,,,,,,,5,2,2,5,3,,,,,,,,ok,outputs/pdfs_full/사회학과__SOC4033__세계화평화와인권.pdf,,17
H0002256,H0003664,사회학과,SOC4036,복지사회학,2026,1,2012/1 ~ 2030/2,사회학과,66.67,12.12,9.09,3.03,6.06,3.03,,,,,,,22,4,3,1,2,1,,,,,,,ok,outputs/pdfs_full/사회학과__SOC4036__복지사회학.pdf,,33
H0002256,H0003664,사회학과,SOC4037,캡스톤디자인/졸업논문,2019,2,2012/1 ~ 2026/2,사회학과,80,20,,,,,,,,,,,4,1,,,,,,,,,,,ok,outputs/pdfs_full/사회학과__SOC4037__캡스톤디자인_졸업논문.pdf,,5
H0002256,H0003664,사회학과,SOC4040,현대사회와빅데이터,2024,2,2018/2 ~ 2030/2,사회학과,13.33,26.67,20,20,20,,,,,,,,2,4,3,3,3,,,,,,,,ok,outputs/pdfs_full/사회학과__SOC4040__현대사회와빅데이터.pdf,,15
H0002256,H0003664,사회학과,SOC4041,4차산업혁명과현대사회,2025,2,2023/1 ~ 2030/2,사회학과,91.67,8.33,,,,,,,,,,,11,1,,,,,,,,,,,ok,outputs/pdfs_full/사회학과__SOC4041__4차산업혁명과현대사회.pdf,,12
H0002256,H0003664,사회학과,SOC4042,인구학특수과제,2021,2,2021/2 ~ 2022/2,사회학과,50,20,20,10,,,,,,,,,5,2,2,1,,,,,,,,,ok,outputs/pdfs_full/사회학과__SOC4042__인구학특수과제.pdf,,10
H0002256,H0003664,사회학과,SOC4043,21세기전환의사회와기술혁신,2026,1,2023/1 ~ 2030/2,사회학과,40,60,,,,,,,,,,,2,3,,,,,,,,,,,ok,outputs/pdfs_full/사회학과__SOC4043__21세기전환의사회와기술혁신.pdf,,5
H0002256,H0003664,사회학과,SOC4046,건강과사회적행동,2026,1,2025/1 ~ 2030/2,사회학과,46.15,30.77,7.69,10.26,2.56,2.56,,,,,,,18,12,3,4,1,1,,,,,,,ok,outputs/pdfs_full/사회학과__SOC4046__건강과사회적행동.pdf,,39
H0002256,H0004707,데이터사이언스학부,SOI1003,데이터사이언스기초,2025,1,2022/1 ~ 2025/2,데이터사이언스학부,20,36,16,14,4,4,2,4,,,,,10,18,8,7,2,2,1,2,,,,,ok,outputs/pdfs_full/데이터사이언스학부__SOI1003__데이터사이언스기초.pdf,,50
H0002256,H0004707,데이터사이언스학부,SOI1008,데이터사이언스프로젝트,2024,2,2022/1 ~ 2024/2,데이터사이언스학부,12.9,67.74,19.35,,,,,,,,,,4,21,6,,,,,,,,,,ok,outputs/pdfs_full/데이터사이언스학부__SOI1008__데이터사이언스프로젝트.pdf,,31
H0002256,H0004707,데이터사이언스학부,SOI1009,머신러닝1,2026,1,2022/1 ~ 2028/2,데이터사이언스학부,20.63,35.71,31.75,7.94,2.38,1.59,,,,,,,26,45,40,10,3,2,,,,,,,ok,outputs/pdfs_full/데이터사이언스학부__SOI1009__머신러닝1.pdf,,126
H0002256,H0004707,데이터사이언스학부,SOI1010,머신러닝2,2025,2,2022/1 ~ 2028/2,데이터사이언스학부,13.22,26.45,16.53,24.79,7.44,3.31,3.31,4.96,,,,,16,32,20,30,9,4,4,6,,,,,ok,outputs/pdfs_full/데이터사이언스학부__SOI1010__머신러닝2.pdf,,121
H0002256,H0004707,데이터사이언스학부,SOI2007,인지신경과학,2025,2,2022/1 ~ 2028/2,데이터사이언스학부,28.57,10.71,28.57,10.71,10.71,7.14,,3.57,,,,,16,6,16,6,6,4,,2,,,,,ok,outputs/pdfs_full/데이터사이언스학부__SOI2007__인지신경과학.pdf,,56
H0002256,H0004707,데이터사이언스학부,SOI2008,인지과학입문,2026,1,2026/1 ~ 2028/2,데이터사이언스학부,25,10,10,17.5,10,7.5,17.5,2.5,,,,,10,4,4,7,4,3,7,1,,,,,ok,outputs/pdfs_full/데이터사이언스학부__SOI2008__인지과학입문.pdf,,40
H0002256,H0004743,심리뇌과학전공,SOI3006,계산인지과학,2023,1,2023/1 ~ 2029/2,심리뇌과학전공,33.33,5.56,50,5.56,5.56,,,,,,,,6,1,9,1,1,,,,,,,,ok,outputs/pdfs_full/심리뇌과학전공__SOI3006__계산인지과학.pdf,,18
H0002256,H0004743,심리뇌과학전공,SOI3007,인지과학연구방법론2,2025,1,2023/1 ~ 2029/2,심리뇌과학전공,33.33,50,,16.67,,,,,,,,,2,3,,1,,,,,,,,,ok,outputs/pdfs_full/심리뇌과학전공__SOI3007__인지과학연구방법론2.pdf,,6
H0002256,H0004743,심리뇌과학전공,SOI3008,인지행동모델링,2024,2,2023/1 ~ 2029/2,심리뇌과학전공,28.57,14.29,42.86,,14.29,,,,,,,,2,1,3,,1,,,,,,,,ok,outputs/pdfs_full/심리뇌과학전공__SOI3008__인지행동모델링.pdf,,7
H0002256,H0004744,데이터사이언스전공,SOI3010,데이터사이언스연구실현장실습2,2025,2,2022/1 ~ 2025/2,데이터사이언스전공,,,,,,,,,,100,,,,,,,,,,,,26,,,ok,outputs/pdfs_full/데이터사이언스전공__SOI3010__데이터사이언스연구실현장실습2.pdf,,26
H0002256,H0004744,데이터사이언스전공,SOI3011,컴퓨팅사고를통한문제해결,2024,2,2022/1 ~ 2029/2,데이터사이언스전공,36.36,9.09,27.27,27.27,,,,,,,,,4,1,3,3,,,,,,,,,ok,outputs/pdfs_full/데이터사이언스전공__SOI3011__컴퓨팅사고를통한문제해결.pdf,,11
H0002256,H0004744,데이터사이언스전공,SOI3012,데이터사이언스연구실현장실습1,2025,1,2023/1 ~ 2025/2,데이터사이언스전공,,,,,,,,,,100,,,,,,,,,,,,37,,,ok,outputs/pdfs_full/데이터사이언스전공__SOI3012__데이터사이언스연구실현장실습1.pdf,,37
H0002256,H0004743,심리뇌과학전공,SOI3013,심리뇌과학연구실현장실습1,2025,1,2023/2 ~ 2025/2,심리뇌과학전공,,,,,,,,,,100,,,,,,,,,,,,5,,,ok,outputs/pdfs_full/심리뇌과학전공__SOI3013__심리뇌과학연구실현장실습1.pdf,,5
H0002256,H0004743,심리뇌과학전공,SOI3014,심리뇌과학연구실현장실습2,2025,2,2023/2 ~ 2025/2,심리뇌과학전공,,,,,,,,,,100,,,,,,,,,,,,7,,,ok,outputs/pdfs_full/심리뇌과학전공__SOI3014__심리뇌과학연구실현장실습2.pdf,,7
H0002256,H0004743,심리뇌과학전공,SOI4004,뉴로이미징,2026,1,2024/1 ~ 2029/2,심리뇌과학전공,100,,,,,,,,,,,,13,,,,,,,,,,,,ok,outputs/pdfs_full/심리뇌과학전공__SOI4004__뉴로이미징.pdf,,13
H0002256,H0004743,심리뇌과학전공,SOI4005,글로벌인턴십,2026,1,2023/1 ~ 2029/2,심리뇌과학전공,100,,,,,,,,,,,,20,,,,,,,,,,,,ok,outputs/pdfs_full/심리뇌과학전공__SOI4005__글로벌인턴십.pdf,,20
H0002256,H0004743,심리뇌과학전공,SOI4006,인공지능프로젝트1(캡스톤디자인),2026,1,2023/2 ~ 2030/2,심리뇌과학전공,88.89,11.11,,,,,,,,,,,64,8,,,,,,,,,,,ok,outputs/pdfs_full/심리뇌과학전공__SOI4006__인공지능프로젝트1(캡스톤디자인).pdf,,72
H0002256,H0004743,심리뇌과학전공,SOI4007,인공지능프로젝트2(캡스톤디자인),2025,2,2023/2 ~ 2030/2,심리뇌과학전공,72.88,20.34,6.78,,,,,,,,,,43,12,4,,,,,,,,,,ok,outputs/pdfs_full/심리뇌과학전공__SOI4007__인공지능프로젝트2(캡스톤디자인).pdf,,59
H0002256,H0004744,데이터사이언스전공,SOI4008,디지털헬스케어리터러시및연결,2025,1,2024/1 ~ 2030/2,데이터사이언스전공,90,10,,,,,,,,,,,9,1,,,,,,,,,,,ok,outputs/pdfs_full/데이터사이언스전공__SOI4008__디지털헬스케어리터러시및연결.pdf,,10
H0002256,H0004744,데이터사이언스전공,SOI4010,컴퓨테이셔널소셜사이언스,2025,1,2024/1 ~ 2030/2,데이터사이언스전공,19.05,80.95,,,,,,,,,,,4,17,,,,,,,,,,,ok,outputs/pdfs_full/데이터사이언스전공__SOI4010__컴퓨테이셔널소셜사이언스.pdf,,21
H0002256,H0004743,심리뇌과학전공,SOI4012,비정형데이터분석,2025,2,2024/2 ~ 2029/2,심리뇌과학전공,23.53,23.53,32.35,14.71,5.88,,,,,,,,8,8,11,5,2,,,,,,,,ok,outputs/pdfs_full/심리뇌과학전공__SOI4012__비정형데이터분석.pdf,,34
H0002256,H0004743,심리뇌과학전공,SOI4013,시계열데이터분석및실습,2025,2,2024/2 ~ 2029/2,심리뇌과학전공,52.63,36.84,10.53,,,,,,,,,,30,21,6,,,,,,,,,,ok,outputs/pdfs_full/심리뇌과학전공__SOI4013__시계열데이터분석및실습.pdf,,57
H0002256,H0004743,심리뇌과학전공,SOI4015,마인드풀니스와테크놀로지,2025,2,2024/2 ~ 2030/2,심리뇌과학전공,72.73,18.18,9.09,,,,,,,,,,8,2,1,,,,,,,,,,ok,outputs/pdfs_full/심리뇌과학전공__SOI4015__마인드풀니스와테크놀로지.pdf,,11
H0002256,H0002256,서울 대학,SYB1050,희곡론,2004,1,2000/1 ~ 2027/2,대학(학부/서울),,,,,,100,,,,,,,,,,,,1,,,,,,,ok,outputs/pdfs_seoul_university/서울_대학__SYB1050__희곡론.pdf,,1
H0002256,H0002256,서울 대학,SYB1051,ASIC설계및연습,2000,2,2000/1 ~ 2027/2,대학(학부/서울),50,,,50,,,,,,,,,1,,,1,,,,,,,,,ok,outputs/pdfs_seoul_university/서울_대학__SYB1051__ASIC설계및연습.pdf,,2
H0002256,H0002256,서울 대학,SYB1100,시사일본어,2017,1,2014/1 ~ 2019/2,대학(학부/서울),18.18,45.45,18.18,,9.09,9.09,,,,,,,2,5,2,,1,1,,,,,,,ok,outputs/pdfs_seoul_university/서울_대학__SYB1100__시사일본어.pdf,,11
H0002256,H0002256,서울 대학,SYB1101,실용일본어작문,2019,1,2014/1 ~ 2019/2,대학(학부/서울),22.22,33.33,22.22,,11.11,11.11,,,,,,,2,3,2,,1,1,,,,,,,ok,outputs/pdfs_seoul_university/서울_대학__SYB1101__실용일본어작문.pdf,,9
H0002256,H0002256,서울 대학,SYB1102,보건프로그램개발평가,2014,1,2014/1 ~ 2019/2,대학(학부/서울),20,30,40,10,,,,,,,,,2,3,4,1,,,,,,,,,ok,outputs/pdfs_seoul_university/서울_대학__SYB1102__보건프로그램개발평가.pdf,,10
H0002256,H0002256,서울 대학,SYB1103,질병및수술분류,2014,1,2014/1 ~ 2019/2,대학(학부/서울),30,10,20,20,20,,,,,,,,3,1,2,2,2,,,,,,,,ok,outputs/pdfs_seoul_university/서울_대학__SYB1103__질병및수술분류.pdf,,10
H0002256,H0002256,서울 대학,SYB1104,전략정보의이해와활용,2016,1,2014/1 ~ 2019/2,대학(학부/서울),12.5,37.5,50,,,,,,,,,,1,3,4,,,,,,,,,,ok,outputs/pdfs_seoul_university/서울_대학__SYB1104__전략정보의이해와활용.pdf,,8
H0002256,H0002256,서울 대학,SYB1105,글로벌인적자원관리,2014,1,2014/1 ~ 2019/2,대학(학부/서울),45.45,,36.36,,9.09,,9.09,,,,,,5,,4,,1,,1,,,,,,ok,outputs/pdfs_seoul_university/서울_대학__SYB1105__글로벌인적자원관리.pdf,,11
H0002256,H0002256,서울 대학,SYB1107,정보엔터테인먼트산업론,2014,1,2014/1 ~ 2019/2,대학(학부/서울),36.36,18.18,9.09,18.18,18.18,,,,,,,,4,2,1,2,2,,,,,,,,ok,outputs/pdfs_seoul_university/서울_대학__SYB1107__정보엔터테인먼트산업론.pdf,,11
H0002256,H0002256,서울 대학,SYB1108,상권조사및사업타당성분석,2018,1,2014/1 ~ 2019/2,대학(학부/서울),60,,20,10,,10,,,,,,,6,,2,1,,1,,,,,,,ok,outputs/pdfs_seoul_university/서울_대학__SYB1108__상권조사및사업타당성분석.pdf,,10
H0002256,H0002256,서울 대학,SYB1109,전시산업의이해,2015,1,2014/1 ~ 2019/2,대학(학부/서울),40,20,40,,,,,,,,,,4,2,4,,,,,,,,,,ok,outputs/pdfs_seoul_university/서울_대학__SYB1109__전시산업의이해.pdf,,10
H0002256,H0002256,서울 대학,SYB1110,노인주거산업,2014,1,2014/1 ~ 2019/2,대학(학부/서울),30,,40,,20,10,,,,,,,3,,4,,2,1,,,,,,,ok,outputs/pdfs_seoul_university/서울_대학__SYB1110__노인주거산업.pdf,,10
H0002256,H0002256,서울 대학,SYB1111,실버산업조사방법론,2014,1,2014/1 ~ 2019/2,대학(학부/서울),25,50,12.5,,12.5,,,,,,,,2,4,1,,1,,,,,,,,ok,outputs/pdfs_seoul_university/서울_대학__SYB1111__실버산업조사방법론.pdf,,8
H0002256,H0002256,서울 대학,SYB1112,산업디자인1,2014,1,2014/1 ~ 2019/2,대학(학부/서울),,22.22,44.44,11.11,22.22,,,,,,,,,2,4,1,2,,,,,,,,ok,outputs/pdfs_seoul_university/서울_대학__SYB1112__산업디자인1.pdf,,9
H0002256,H0002256,서울 대학,SYB1113,디자인매니지먼트,2014,1,2014/1 ~ 2019/2,대학(학부/서울),27.27,9.09,27.27,9.09,27.27,,,,,,,,3,1,3,1,3,,,,,,,,ok,outputs/pdfs_seoul_university/서울_대학__SYB1113__디자인매니지먼트.pdf,,11
H0002256,H0002256,서울 대학,SYB1114,멀티미디어응용,2014,2,2014/2 ~ 2019/2,대학(학부/서울),36.36,27.27,18.18,18.18,,,,,,,,,4,3,2,2,,,,,,,,,ok,outputs/pdfs_seoul_university/서울_대학__SYB1114__멀티미디어응용.pdf,,11
H0002256,H0002256,서울 대학,SYB1115,통신망융합,2014,2,2014/2 ~ 2019/2,대학(학부/서울),33.33,11.11,44.44,,11.11,,,,,,,,3,1,4,,1,,,,,,,,ok,outputs/pdfs_seoul_university/서울_대학__SYB1115__통신망융합.pdf,,9
H0002256,H0002256,서울 대학,SYB1116,집단미술치료,2014,2,2014/2 ~ 2019/2,대학(학부/서울),33.33,8.33,50,,8.33,,,,,,,,4,1,6,,1,,,,,,,,ok,outputs/pdfs_seoul_university/서울_대학__SYB1116__집단미술치료.pdf,,12
H0002256,H0002256,서울 대학,SYB1117,미디어일본어,2018,2,2014/2 ~ 2019/2,대학(학부/서울),54.55,,27.27,,18.18,,,,,,,,6,,3,,2,,,,,,,,ok,outputs/pdfs_seoul_university/서울_대학__SYB1117__미디어일본어.pdf,,11
H0002256,H0002256,서울 대학,SYB1118,한일통역입문,2014,2,2014/2 ~ 2019/2,대학(학부/서울),44.44,,33.33,,22.22,,,,,,,,4,,3,,2,,,,,,,,ok,outputs/pdfs_seoul_university/서울_대학__SYB1118__한일통역입문.pdf,,9
H0002256,H0002256,서울 대학,SYB1119,청소년문제,2014,2,2014/2 ~ 2019/2,대학(학부/서울),33.33,11.11,11.11,11.11,22.22,,11.11,,,,,,3,1,1,1,2,,1,,,,,,ok,outputs/pdfs_seoul_university/서울_대학__SYB1119__청소년문제.pdf,,9
H0002256,H0002256,서울 대학,SYB1120,무역계약론,2014,2,2014/2 ~ 2019/2,대학(학부/서울),60,30,10,,,,,,,,,,6,3,1,,,,,,,,,,ok,outputs/pdfs_seoul_university/서울_대학__SYB1120__무역계약론.pdf,,10
H0002256,H0002256,서울 대학,SYB1121,경제사의이해,2014,2,2014/2 ~ 2019/2,대학(학부/서울),55.56,22.22,11.11,,11.11,,,,,,,,5,2,1,,1,,,,,,,,ok,outputs/pdfs_seoul_university/서울_대학__SYB1121__경제사의이해.pdf,,9
H0002256,H0002256,서울 대학,SYB1122,방송영상문화론,2014,2,2014/2 ~ 2019/2,대학(학부/서울),16.67,16.67,50,16.67,,,,,,,,,2,2,6,2,,,,,,,,,ok,outputs/pdfs_seoul_university/서울_대학__SYB1122__방송영상문화론.pdf,,12
H0002256,H0002256,서울 대학,SYB1123,방송미디어의이해,2014,2,2014/2 ~ 2019/2,대학(학부/서울),40,50,10,,,,,,,,,,4,5,1,,,,,,,,,,ok,outputs/pdfs_seoul_university/서울_대학__SYB1123__방송미디어의이해.pdf,,10
H0002256,H0002256,서울 대학,SYB1124,실버공학,2014,2,2014/2 ~ 2019/2,대학(학부/서울),60,,40,,,,,,,,,,6,,4,,,,,,,,,,ok,outputs/pdfs_seoul_university/서울_대학__SYB1124__실버공학.pdf,,10
H0002256,H0002256,서울 대학,SYB1125,IT융합공학개론,2020,1,2015/1 ~ 2027/2,대학(학부/서울),50,25,12.5,12.5,,,,,,,,,4,2,1,1,,,,,,,,,ok,outputs/pdfs_seoul_university/서울_대학__SYB1125__IT융합공학개론.pdf,,8
H0002256,H0002256,서울 대학,SYB1126,청소년문화,2017,1,2015/1 ~ 2019/2,대학(학부/서울),58.33,16.67,25,,,,,,,,,,7,2,3,,,,,,,,,,ok,outputs/pdfs_seoul_university/서울_대학__SYB1126__청소년문화.pdf,,12
H0002256,H0002256,서울 대학,SYB1127,정보사회학입문,2026,1,2015/2 ~ 2027/2,대학(학부/서울),7.32,19.51,26.83,17.07,7.32,14.63,4.88,2.44,,,,,3,8,11,7,3,6,2,1,,,,,ok,outputs/pdfs_seoul_university/서울_대학__SYB1127__정보사회학입문.pdf,,41
H0002256,H0002256,서울 대학,SYB1128,저작권과스마트폰의이해,2026,1,2016/1 ~ 2027/2,대학(학부/서울),80,13.85,1.54,,4.62,,,,,,,,52,9,1,,3,,,,,,,,ok,outputs/pdfs_seoul_university/서울_대학__SYB1128__저작권과스마트폰의이해.pdf,,65
H0002256,H0002256,서울 대학,SYB1130,국제사회복지론,2019,1,2016/1 ~ 2019/2,대학(학부/서울),45.45,27.27,,18.18,,,9.09,,,,,,5,3,,2,,,1,,,,,,ok,outputs/pdfs_seoul_university/서울_대학__SYB1130__국제사회복지론.pdf,,11
H0002256,H0002256,서울 대학,SYB1131,무역금융론,2019,1,2016/1 ~ 2019/2,대학(학부/서울),72.73,9.09,18.18,,,,,,,,,,8,1,2,,,,,,,,,,ok,outputs/pdfs_seoul_university/서울_대학__SYB1131__무역금융론.pdf,,11
H0002256,H0002256,서울 대학,SYB1132,글로벌시대의금융,2018,1,2016/1 ~ 2019/2,대학(학부/서울),40,30,20,,,,10,,,,,,4,3,2,,,,1,,,,,,ok,outputs/pdfs_seoul_university/서울_대학__SYB1132__글로벌시대의금융.pdf,,10
H0002256,H0002256,서울 대학,SYB1133,고령사회와실버세대의이해,2016,1,2016/1 ~ 2019/2,대학(학부/서울),36.36,18.18,27.27,9.09,9.09,,,,,,,,4,2,3,1,1,,,,,,,,ok,outputs/pdfs_seoul_university/서울_대학__SYB1133__고령사회와실버세대의이해.pdf,,11
H0002256,H0002256,서울 대학,SYB1134,실버산업과기업공헌,2016,1,2016/1 ~ 2019/2,대학(학부/서울),37.5,,37.5,12.5,12.5,,,,,,,,3,,3,1,1,,,,,,,,ok,outputs/pdfs_seoul_university/서울_대학__SYB1134__실버산업과기업공헌.pdf,,8
H0002256,H0002256,서울 대학,SYB1135,공간디자인과마케팅,2016,1,2016/1 ~ 2019/2,대학(학부/서울),63.64,9.09,18.18,,9.09,,,,,,,,7,1,2,,1,,,,,,,,ok,outputs/pdfs_seoul_university/서울_대학__SYB1135__공간디자인과마케팅.pdf,,11
H0002256,H0002256,서울 대학,SYB1136,캐릭터디자인,2017,1,2016/1 ~ 2019/2,대학(학부/서울),,,14.29,42.86,14.29,14.29,14.29,,,,,,,,1,3,1,1,1,,,,,,ok,outputs/pdfs_seoul_university/서울_대학__SYB1136__캐릭터디자인.pdf,,7
H0002256,H0002256,서울 대학,SYB1137,해킹대응실무,2017,2,2017/2 ~ 2019/2,대학(학부/서울),41.67,41.67,,8.33,,,8.33,,,,,,5,5,,1,,,1,,,,,,ok,outputs/pdfs_seoul_university/서울_대학__SYB1137__해킹대응실무.pdf,,12
H0002256,H0002256,서울 대학,SYB1138,장애의이해,2017,2,2016/2 ~ 2019/2,대학(학부/서울),,,14.29,28.57,28.57,28.57,,,,,,,,,1,2,2,2,,,,,,,ok,outputs/pdfs_seoul_university/서울_대학__SYB1138__장애의이해.pdf,,7
H0002256,H0002256,서울 대학,SYB1139,사회서비스론,2018,2,2016/2 ~ 2019/2,대학(학부/서울),50,16.67,,,33.33,,,,,,,,3,1,,,2,,,,,,,,ok,outputs/pdfs_seoul_university/서울_대학__SYB1139__사회서비스론.pdf,,6
H0002256,H0002256,서울 대학,SYB1140,가족법,2017,2,2016/2 ~ 2019/2,대학(학부/서울),54.55,27.27,9.09,,9.09,,,,,,,,6,3,1,,1,,,,,,,,ok,outputs/pdfs_seoul_university/서울_대학__SYB1140__가족법.pdf,,11
H0002256,H0002256,서울 대학,SYB1141,사업계획과창업실무,2017,2,2016/2 ~ 2019/2,대학(학부/서울),12.5,,25,25,12.5,12.5,12.5,,,,,,1,,2,2,1,1,1,,,,,,ok,outputs/pdfs_seoul_university/서울_대학__SYB1141__사업계획과창업실무.pdf,,8
H0002256,H0002256,서울 대학,SYB1142,청소년미술치료,2020,1,2017/2 ~ 2027/2,대학(학부/서울),18.18,18.18,36.36,,27.27,,,,,,,,2,2,4,,3,,,,,,,,ok,outputs/pdfs_seoul_university/서울_대학__SYB1142__청소년미술치료.pdf,,11
H0002256,H0002256,서울 대학,SYB1143,음악치료,2017,2,2017/2 ~ 2019/2,대학(학부/서울),45.45,9.09,18.18,,27.27,,,,,,,,5,1,2,,3,,,,,,,,ok,outputs/pdfs_seoul_university/서울_대학__SYB1143__음악치료.pdf,,11
H0002256,H0002256,서울 대학,SYB1144,도시공간구조론,2017,2,2017/2 ~ 2019/2,대학(학부/서울),30,40,10,20,,,,,,,,,3,4,1,2,,,,,,,,,ok,outputs/pdfs_seoul_university/서울_대학__SYB1144__도시공간구조론.pdf,,10
H0002256,H0002256,서울 대학,SYB1145,중급일본어청취,2017,2,2017/2 ~ 2019/2,대학(학부/서울),8.33,41.67,,33.33,,16.67,,,,,,,1,5,,4,,2,,,,,,,ok,outputs/pdfs_seoul_university/서울_대학__SYB1145__중급일본어청취.pdf,,12
H0002256,H0002256,서울 대학,SYB1146,메뉴관리론,2019,2,2017/2 ~ 2019/2,대학(학부/서울),41.67,25,33.33,,,,,,,,,,5,3,4,,,,,,,,,,ok,outputs/pdfs_seoul_university/서울_대학__SYB1146__메뉴관리론.pdf,,12
H0002256,H0002256,서울 대학,SYB1147,Introduction to Korean,2018,2,2017/2 ~ 2027/2,대학(학부/서울),,,,,,,,,,100,,,,,,,,,,,,184,,,ok,outputs/pdfs_seoul_university/서울_대학__SYB1147__Introduction_to_Korean.pdf,,184
H0002256,H0002256,서울 대학,SYB1148,커피아카데미아,2026,1,2018/1 ~ 2027/2,대학(학부/서울),12.82,25.64,35.9,20.51,2.56,2.56,,,,,,,5,10,14,8,1,1,,,,,,,ok,outputs/pdfs_seoul_university/서울_대학__SYB1148__커피아카데미아.pdf,,39
H0002256,H0002256,서울 대학,SYB1149,프레젠테이션기법,2025,2,2018/1 ~ 2027/2,대학(학부/서울),48.65,21.62,24.32,,5.41,,,,,,,,18,8,9,,2,,,,,,,,ok,outputs/pdfs_seoul_university/서울_대학__SYB1149__프레젠테이션기법.pdf,,37
H0002256,H0002256,서울 대학,SYB1150,이상심리학,2018,1,2018/1 ~ 2019/2,대학(학부/서울),,,22.22,33.33,22.22,22.22,,,,,,,,,2,3,2,2,,,,,,,ok,outputs/pdfs_seoul_university/서울_대학__SYB1150__이상심리학.pdf,,9
H0002256,H0002256,서울 대학,SYB1151,아동발달과병리,2018,1,2018/1 ~ 2019/2,대학(학부/서울),18.18,9.09,18.18,9.09,45.45,,,,,,,,2,1,2,1,5,,,,,,,,ok,outputs/pdfs_seoul_university/서울_대학__SYB1151__아동발달과병리.pdf,,11
H0002256,H0002256,서울 대학,SYB1152,성인및노인미술치료,2018,1,2018/1 ~ 2019/2,대학(학부/서울),30,,50,,10,10,,,,,,,3,,5,,1,1,,,,,,,ok,outputs/pdfs_seoul_university/서울_대학__SYB1152__성인및노인미술치료.pdf,,10
H0002256,H0002256,서울 대학,SYB1153,상담및심리치료,2018,1,2018/1 ~ 2019/2,대학(학부/서울),55.56,22.22,22.22,,,,,,,,,,5,2,2,,,,,,,,,,ok,outputs/pdfs_seoul_university/서울_대학__SYB1153__상담및심리치료.pdf,,9
H0002256,H0002256,서울 대학,SYB1154,놀이지도,2018,1,2018/1 ~ 2019/2,대학(학부/서울),16.67,16.67,16.67,8.33,25,16.67,,,,,,,2,2,2,1,3,2,,,,,,,ok,outputs/pdfs_seoul_university/서울_대학__SYB1154__놀이지도.pdf,,12
H0002256,H0002256,서울 대학,SYB1155,가족과문화,2018,1,2018/1 ~ 2019/2,대학(학부/서울),33.33,25,33.33,,8.33,,,,,,,,4,3,4,,1,,,,,,,,ok,outputs/pdfs_seoul_university/서울_대학__SYB1155__가족과문화.pdf,,12
H0002256,H0002256,서울 대학,SYB1156,가족복지론,2018,1,2018/1 ~ 2019/2,대학(학부/서울),22.22,,66.67,11.11,,,,,,,,,2,,6,1,,,,,,,,,ok,outputs/pdfs_seoul_university/서울_대학__SYB1156__가족복지론.pdf,,9
H0002256,H0002256,서울 대학,SYB1157,부동산투자론,2018,1,2018/1 ~ 2019/2,대학(학부/서울),70,,,20,10,,,,,,,,7,,,2,1,,,,,,,,ok,outputs/pdfs_seoul_university/서울_대학__SYB1157__부동산투자론.pdf,,10
H0002256,H0002256,서울 대학,SYB1158,민법총칙,2018,1,2018/1 ~ 2019/2,대학(학부/서울),70,20,10,,,,,,,,,,7,2,1,,,,,,,,,,ok,outputs/pdfs_seoul_university/서울_대학__SYB1158__민법총칙.pdf,,10
H0002256,H0002256,서울 대학,SYB1159,생애재무관리론,2018,2,2018/2 ~ 2019/2,대학(학부/서울),88.89,11.11,,,,,,,,,,,8,1,,,,,,,,,,,ok,outputs/pdfs_seoul_university/서울_대학__SYB1159__생애재무관리론.pdf,,9
H0002256,H0002256,서울 대학,SYB1160,창의력향상과비즈니스,2023,2,2018/2 ~ 2027/2,대학(학부/서울),41.18,11.76,23.53,5.88,17.65,,,,,,,,7,2,4,1,3,,,,,,,,ok,outputs/pdfs_seoul_university/서울_대학__SYB1160__창의력향상과비즈니스.pdf,,17
H0002256,H0002256,서울 대학,SYB1161,자바프로젝트,2018,2,2018/2 ~ 2019/2,대학(학부/서울),75,8.33,8.33,,8.33,,,,,,,,9,1,1,,1,,,,,,,,ok,outputs/pdfs_seoul_university/서울_대학__SYB1161__자바프로젝트.pdf,,12
H0002256,H0002256,서울 대학,SYB1162,웹기술,2018,2,2018/2 ~ 2019/2,대학(학부/서울),41.67,33.33,16.67,8.33,,,,,,,,,5,4,2,1,,,,,,,,,ok,outputs/pdfs_seoul_university/서울_대학__SYB1162__웹기술.pdf,,12
H0002256,H0002256,서울 대학,SYB1163,건축도시빅데이터,2018,2,2018/2 ~ 2019/2,대학(학부/서울),9.09,36.36,36.36,,,9.09,9.09,,,,,,1,4,4,,,1,1,,,,,,ok,outputs/pdfs_seoul_university/서울_대학__SYB1163__건축도시빅데이터.pdf,,11
H0002256,H0002256,서울 대학,SYB1164,색채심리학,2020,2,2018/2 ~ 2027/2,대학(학부/서울),45.45,9.09,45.45,,,,,,,,,,5,1,5,,,,,,,,,,ok,outputs/pdfs_seoul_university/서울_대학__SYB1164__색채심리학.pdf,,11
H0002256,H0002256,서울 대학,SYB1165,부동산공법,2018,2,2018/2 ~ 2019/2,대학(학부/서울),54.55,27.27,9.09,9.09,,,,,,,,,6,3,1,1,,,,,,,,,ok,outputs/pdfs_seoul_university/서울_대학__SYB1165__부동산공법.pdf,,11
H0002256,H0002256,서울 대학,SYB1166,법정책론,2021,2,2018/2 ~ 2027/2,대학(학부/서울),83.33,8.33,8.33,,,,,,,,,,10,1,1,,,,,,,,,,ok,outputs/pdfs_seoul_university/서울_대학__SYB1166__법정책론.pdf,,12
H0002256,H0002256,서울 대학,SYB1167,브랜드경영전략,2018,2,2018/2 ~ 2019/2,대학(학부/서울),80,,,,,20,,,,,,,8,,,,,2,,,,,,,ok,outputs/pdfs_seoul_university/서울_대학__SYB1167__브랜드경영전략.pdf,,10
H0002256,H0002256,서울 대학,SYB1168,소셜미디어광고마케팅,2018,2,2018/2 ~ 2019/2,대학(학부/서울),83.33,,16.67,,,,,,,,,,10,,2,,,,,,,,,,ok,outputs/pdfs_seoul_university/서울_대학__SYB1168__소셜미디어광고마케팅.pdf,,12
H0002256,H0002256,서울 대학,SYB1169,여행안내,2018,2,2018/2 ~ 2019/2,대학(학부/서울),50,,30,,20,,,,,,,,5,,3,,2,,,,,,,,ok,outputs/pdfs_seoul_university/서울_대학__SYB1169__여행안내.pdf,,10
H0002256,H0002256,서울 대학,SYB1170,와인과소믈리에론,2018,2,2018/2 ~ 2019/2,대학(학부/서울),41.67,25,25,8.33,,,,,,,,,5,3,3,1,,,,,,,,,ok,outputs/pdfs_seoul_university/서울_대학__SYB1170__와인과소믈리에론.pdf,,12
H0002256,H0002256,서울 대학,SYB1171,미술과정신병리,2019,1,2019/1 ~ 2019/2,대학(학부/서울),18.18,27.27,54.55,,,,,,,,,,2,3,6,,,,,,,,,,ok,outputs/pdfs_seoul_university/서울_대학__SYB1171__미술과정신병리.pdf,,11
H0002256,H0002256,서울 대학,SYB1172,아동학개론,2019,1,2019/1 ~ 2019/2,대학(학부/서울),50,33.33,16.67,,,,,,,,,,6,4,2,,,,,,,,,,ok,outputs/pdfs_seoul_university/서울_대학__SYB1172__아동학개론.pdf,,12
H0002256,H0002256,서울 대학,SYB1173,온라인마케팅,2019,1,2019/1 ~ 2019/2,대학(학부/서울),72.73,18.18,9.09,,,,,,,,,,8,2,1,,,,,,,,,,ok,outputs/pdfs_seoul_university/서울_대학__SYB1173__온라인마케팅.pdf,,11
H0002256,H0002256,서울 대학,SYB1174,정서장애의이해와치료,2019,1,2019/1 ~ 2019/2,대학(학부/서울),40,20,20,,20,,,,,,,,4,2,2,,2,,,,,,,,ok,outputs/pdfs_seoul_university/서울_대학__SYB1174__정서장애의이해와치료.pdf,,10
H0002256,H0002256,서울 대학,SYB1175,상담사례연구,2019,1,2019/1 ~ 2019/2,대학(학부/서울),20,10,20,10,40,,,,,,,,2,1,2,1,4,,,,,,,,ok,outputs/pdfs_seoul_university/서울_대학__SYB1175__상담사례연구.pdf,,10
H0002256,H0002256,서울 대학,SYB1176,사회과학고전읽기,2019,2,2019/2 ~ 2019/2,대학(학부/서울),33.33,11.11,11.11,22.22,22.22,,,,,,,,3,1,1,2,2,,,,,,,,ok,outputs/pdfs_seoul_university/서울_대학__SYB1176__사회과학고전읽기.pdf,,9
H0002256,H0002256,서울 대학,SYB1177,경영자료작성및활용,2019,2,2019/2 ~ 2019/2,대학(학부/서울),66.67,,11.11,11.11,11.11,,,,,,,,6,,1,1,1,,,,,,,,ok,outputs/pdfs_seoul_university/서울_대학__SYB1177__경영자료작성및활용.pdf,,9
H0002256,H0002256,서울 대학,SYB1178,시사경제와금융지표,2019,2,2019/2 ~ 2019/2,대학(학부/서울),58.33,25,16.67,,,,,,,,,,7,3,2,,,,,,,,,,ok,outputs/pdfs_seoul_university/서울_대학__SYB1178__시사경제와금융지표.pdf,,12
H0002256,H0002256,서울 대학,SYB1179,국제여행매너,2019,2,2019/2 ~ 2019/2,대학(학부/서울),25,50,8.33,16.67,,,,,,,,,3,6,1,2,,,,,,,,,ok,outputs/pdfs_seoul_university/서울_대학__SYB1179__국제여행매너.pdf,,12
H0002256,H0002256,서울 대학,SYB1180,심리측정및검사,2019,2,2019/2 ~ 2019/2,대학(학부/서울),36.36,18.18,45.45,,,,,,,,,,4,2,5,,,,,,,,,,ok,outputs/pdfs_seoul_university/서울_대학__SYB1180__심리측정및검사.pdf,,11
H0002256,H0002256,서울 대학,SYB1181,사이버수사개론,2019,2,2019/2 ~ 2019/2,대학(학부/서울),66.67,25,8.33,,,,,,,,,,8,3,1,,,,,,,,,,ok,outputs/pdfs_seoul_university/서울_대학__SYB1181__사이버수사개론.pdf,,12
H0002256,H0002256,서울 대학,SYB2037,현대생활과건강관리,2001,1,2001/1 ~ 2027/2,대학(학부/서울),25,75,,,,,,,,,,,1,3,,,,,,,,,,,ok,outputs/pdfs_seoul_university/서울_대학__SYB2037__현대생활과건강관리.pdf,,4
H0002256,H0002256,서울 대학,SYB2039,회계와사회생활(이공회계),2003,1,2001/1 ~ 2027/2,대학(학부/서울),,16.67,66.67,16.67,,,,,,,,,,1,4,1,,,,,,,,,ok,outputs/pdfs_seoul_university/서울_대학__SYB2039__회계와사회생활(이공회계).pdf,,6
H0002256,H0002256,서울 대학,SYB2049,디지털신호처리,2015,2,2001/1 ~ 2019/2,대학(학부/서울),75,25,,,,,,,,,,,3,1,,,,,,,,,,,ok,outputs/pdfs_seoul_university/서울_대학__SYB2049__디지털신호처리.pdf,,4
H0002256,H0002256,서울 대학,SYB2056,인공지능,2004,1,2001/1 ~ 2019/2,대학(학부/서울),33.33,33.33,,33.33,,,,,,,,,1,1,,1,,,,,,,,,ok,outputs/pdfs_seoul_university/서울_대학__SYB2056__인공지능.pdf,,3
H0002256,H0002256,서울 대학,SYB2089,미디어와사회,2005,1,2001/1 ~ 2027/2,대학(학부/서울),,,100,,,,,,,,,,,,1,,,,,,,,,,ok,outputs/pdfs_seoul_university/서울_대학__SYB2089__미디어와사회.pdf,,1
H0002256,H0002256,서울 대학,SYB2095,여성복지론,2017,1,2002/1 ~ 2019/2,대학(학부/서울),58.33,,25,,16.67,,,,,,,,7,,3,,2,,,,,,,,ok,outputs/pdfs_seoul_university/서울_대학__SYB2095__여성복지론.pdf,,12
H0002256,H0002256,서울 대학,SYB2100,교육프로그램평가,2018,1,2015/1 ~ 2019/2,대학(학부/서울),33.33,33.33,22.22,,,,,11.11,,,,,3,3,2,,,,,1,,,,,ok,outputs/pdfs_seoul_university/서울_대학__SYB2100__교육프로그램평가.pdf,,9
H0002256,H0002256,서울 대학,SYB2101,계량경제학의기초,2015,1,2015/1 ~ 2019/2,대학(학부/서울),54.55,18.18,,9.09,18.18,,,,,,,,6,2,,1,2,,,,,,,,ok,outputs/pdfs_seoul_university/서울_대학__SYB2101__계량경제학의기초.pdf,,11
H0002256,H0002256,서울 대학,SYB2102,시스템해킹실무,2017,1,2017/1 ~ 2019/2,대학(학부/서울),,33.33,33.33,33.33,,,,,,,,,,2,2,2,,,,,,,,,ok,outputs/pdfs_seoul_university/서울_대학__SYB2102__시스템해킹실무.pdf,,6
H0002256,H0002256,서울 대학,SYB2103,정보검색과빅데이터,2017,1,2017/1 ~ 2019/2,대학(학부/서울),50,37.5,,,12.5,,,,,,,,4,3,,,1,,,,,,,,ok,outputs/pdfs_seoul_university/서울_대학__SYB2103__정보검색과빅데이터.pdf,,8
H0002256,H0002256,서울 대학,SYB2104,창의적미술치료,2017,1,2017/1 ~ 2019/2,대학(학부/서울),9.09,,27.27,27.27,9.09,27.27,,,,,,,1,,3,3,1,3,,,,,,,ok,outputs/pdfs_seoul_university/서울_대학__SYB2104__창의적미술치료.pdf,,11
H0002256,H0002256,서울 대학,SYB2105,방과후아동지도론,2017,1,2017/1 ~ 2019/2,대학(학부/서울),41.67,16.67,8.33,,25,,8.33,,,,,,5,2,1,,3,,1,,,,,,ok,outputs/pdfs_seoul_university/서울_대학__SYB2105__방과후아동지도론.pdf,,12
H0002256,H0002256,서울 대학,SYB2106,시사영어청취,2017,1,2017/1 ~ 2019/2,대학(학부/서울),9.09,72.73,9.09,9.09,,,,,,,,,1,8,1,1,,,,,,,,,ok,outputs/pdfs_seoul_university/서울_대학__SYB2106__시사영어청취.pdf,,11
H0002256,H0002256,서울 대학,SYB2107,도시주택경제론,2017,1,2017/1 ~ 2019/2,대학(학부/서울),37.5,37.5,,12.5,12.5,,,,,,,,3,3,,1,1,,,,,,,,ok,outputs/pdfs_seoul_university/서울_대학__SYB2107__도시주택경제론.pdf,,8
H0002256,H0002256,서울 대학,SYB2108,다문화사회복지론,2017,1,2017/1 ~ 2019/2,대학(학부/서울),33.33,16.67,,16.67,33.33,,,,,,,,2,1,,1,2,,,,,,,,ok,outputs/pdfs_seoul_university/서울_대학__SYB2108__다문화사회복지론.pdf,,6
H0002256,H0002256,서울 대학,SYB2109,IMC전략의이해,2017,1,2017/1 ~ 2019/2,대학(학부/서울),50,,50,,,,,,,,,,1,,1,,,,,,,,,,ok,outputs/pdfs_seoul_university/서울_대학__SYB2109__IMC전략의이해.pdf,,2
H0002256,H0002256,서울 대학,SYB2110,신상품마케팅,2017,1,2017/1 ~ 2019/2,대학(학부/서울),20,,50,10,20,,,,,,,,2,,5,1,2,,,,,,,,ok,outputs/pdfs_seoul_university/서울_대학__SYB2110__신상품마케팅.pdf,,10
H0002256,H0002256,서울 대학,SYB2111,보도홍보실무론,2017,1,2017/1 ~ 2019/2,대학(학부/서울),100,,,,,,,,,,,,1,,,,,,,,,,,,ok,outputs/pdfs_seoul_university/서울_대학__SYB2111__보도홍보실무론.pdf,,1
H0002256,H0002256,서울 대학,SYB2112,여행상품개발,2018,1,2017/1 ~ 2019/2,대학(학부/서울),45.45,9.09,18.18,18.18,9.09,,,,,,,,5,1,2,2,1,,,,,,,,ok,outputs/pdfs_seoul_university/서울_대학__SYB2112__여행상품개발.pdf,,11
H0002256,H0002256,서울 대학,SYB3029,자료구조론,2003,2,2001/1 ~ 2019/2,대학(학부/서울),37.5,25,25,12.5,,,,,,,,,3,2,2,1,,,,,,,,,ok,outputs/pdfs_seoul_university/서울_대학__SYB3029__자료구조론.pdf,,8
H0002256,H0002256,서울 대학,SYB3067,데이터베이스론,2002,1,2001/1 ~ 2027/2,대학(학부/서울),16.67,,33.33,,50,,,,,,,,1,,2,,3,,,,,,,,ok,outputs/pdfs_seoul_university/서울_대학__SYB3067__데이터베이스론.pdf,,6
H0002256,H0002256,서울 대학,SYB3094,디지털포토그래피,2019,2,2002/1 ~ 2019/2,대학(학부/서울),25,,75,,,,,,,,,,2,,6,,,,,,,,,,ok,outputs/pdfs_seoul_university/서울_대학__SYB3094__디지털포토그래피.pdf,,8
H0002256,H0002256,서울 대학,SYB3100,교수설계전략,2015,1,2015/1 ~ 2019/2,대학(학부/서울),33.33,33.33,16.67,16.67,,,,,,,,,2,2,1,1,,,,,,,,,ok,outputs/pdfs_seoul_university/서울_대학__SYB3100__교수설계전략.pdf,,6
H0002256,H0002256,서울 대학,SYB3101,의료정보관리학,2015,1,2015/1 ~ 2019/2,대학(학부/서울),20,50,20,,10,,,,,,,,2,5,2,,1,,,,,,,,ok,outputs/pdfs_seoul_university/서울_대학__SYB3101__의료정보관리학.pdf,,10
H0002256,H0002256,서울 대학,SYB3102,국제시장조사론,2015,1,2015/1 ~ 2019/2,대학(학부/서울),45.45,,18.18,18.18,18.18,,,,,,,,5,,2,2,2,,,,,,,,ok,outputs/pdfs_seoul_university/서울_대학__SYB3102__국제시장조사론.pdf,,11
H0002256,H0002256,서울 대학,SYB3103,사회복지상담의이론과실제,2020,1,2015/1 ~ 2027/2,대학(학부/서울),42.86,28.57,28.57,,,,,,,,,,3,2,2,,,,,,,,,,ok,outputs/pdfs_seoul_university/서울_대학__SYB3103__사회복지상담의이론과실제.pdf,,7
H0002256,H0002256,서울 대학,SYB4028,C프로그래밍1,2005,1,2003/1 ~ 2019/2,대학(학부/서울),100,,,,,,,,,,,,8,,,,,,,,,,,,ok,outputs/pdfs_seoul_university/서울_대학__SYB4028__C프로그래밍1.pdf,,8
H0002256,H0002256,서울 대학,SYB4032,교수매체의이해,2014,2,2003/1 ~ 2019/2,대학(학부/서울),18.18,27.27,36.36,9.09,9.09,,,,,,,,2,3,4,1,1,,,,,,,,ok,outputs/pdfs_seoul_university/서울_대학__SYB4032__교수매체의이해.pdf,,11
H0002256,H0002256,서울 대학,SYB4034,웹기반시스템과S/W활용1,2016,1,2003/1 ~ 2019/2,대학(학부/서울),45.45,9.09,36.36,9.09,,,,,,,,,5,1,4,1,,,,,,,,,ok,outputs/pdfs_seoul_university/서울_대학__SYB4034__웹기반시스템과S_W활용1.pdf,,11
H0002256,H0002256,서울 대학,SYB4036,디지털조형연습1,2004,1,2003/1 ~ 2027/2,대학(학부/서울),75,,,,25,,,,,,,,3,,,,1,,,,,,,,ok,outputs/pdfs_seoul_university/서울_대학__SYB4036__디지털조형연습1.pdf,,4
H0002256,H0002256,서울 대학,SYB4037,생활속의디자인,2019,1,2003/1 ~ 2019/2,대학(학부/서울),50,20,,,30,,,,,,,,5,2,,,3,,,,,,,,ok,outputs/pdfs_seoul_university/서울_대학__SYB4037__생활속의디자인.pdf,,10
H0002256,H0002256,서울 대학,SYB4062,ASIC설계및실습,2004,1,2003/1 ~ 2027/2,대학(학부/서울),33.33,33.33,33.33,,,,,,,,,,1,1,1,,,,,,,,,,ok,outputs/pdfs_seoul_university/서울_대학__SYB4062__ASIC설계및실습.pdf,,3
H0002256,H0002256,서울 대학,SYB4063,C#프로그래밍,2004,1,2003/1 ~ 2027/2,대학(학부/서울),80,20,,,,,,,,,,,4,1,,,,,,,,,,,ok,outputs/pdfs_seoul_university/서울_대학__SYB4063__C#프로그래밍.pdf,,5
H0002256,H0002256,서울 대학,SYB4100,호텔관광외식상품기획,2015,1,2015/1 ~ 2019/2,대학(학부/서울),16.67,25,41.67,8.33,,8.33,,,,,,,2,3,5,1,,1,,,,,,,ok,outputs/pdfs_seoul_university/서울_대학__SYB4100__호텔관광외식상품기획.pdf,,12
H0002256,H0002256,서울 대학,SYB4101,시니어비즈니스세미나,2015,1,2015/1 ~ 2019/2,대학(학부/서울),,10,30,30,20,,10,,,,,,,1,3,3,2,,1,,,,,,ok,outputs/pdfs_seoul_university/서울_대학__SYB4101__시니어비즈니스세미나.pdf,,10
H0002256,H0002256,서울 대학,SYB4102,일한번역연습,2015,1,2015/1 ~ 2019/2,대학(학부/서울),50,,41.67,,8.33,,,,,,,,6,,5,,1,,,,,,,,ok,outputs/pdfs_seoul_university/서울_대학__SYB4102__일한번역연습.pdf,,12
H0002256,H0002256,서울 대학,SYB5004,C프로그래밍2,2003,2,2003/1 ~ 2019/2,대학(학부/서울),50,37.5,,,12.5,,,,,,,,4,3,,,1,,,,,,,,ok,outputs/pdfs_seoul_university/서울_대학__SYB5004__C프로그래밍2.pdf,,8
H0002256,H0002256,서울 대학,SYB5011,웹기반시스템과S/W 활용2,2013,2,2003/1 ~ 2019/2,대학(학부/서울),60,,40,,,,,,,,,,6,,4,,,,,,,,,,ok,outputs/pdfs_seoul_university/서울_대학__SYB5011__웹기반시스템과S_W_활용2.pdf,,10
H0002256,H0002256,서울 대학,SYB5021,디지털조형연습2,2019,2,2003/1 ~ 2019/2,대학(학부/서울),33.33,22.22,33.33,,,11.11,,,,,,,3,2,3,,,1,,,,,,,ok,outputs/pdfs_seoul_university/서울_대학__SYB5021__디지털조형연습2.pdf,,9
H0002256,H0002256,서울 대학,SYB5026,3차원영상의기초,2004,1,2003/1 ~ 2027/2,대학(학부/서울),,,75,25,,,,,,,,,,,3,1,,,,,,,,,ok,outputs/pdfs_seoul_university/서울_대학__SYB5026__3차원영상의기초.pdf,,4
H0002256,H0002256,서울 대학,SYB5051,교육용컨텐츠개발,2013,1,2004/1 ~ 2019/2,대학(학부/서울),9.09,63.64,18.18,9.09,,,,,,,,,1,7,2,1,,,,,,,,,ok,outputs/pdfs_seoul_university/서울_대학__SYB5051__교육용컨텐츠개발.pdf,,11
H0002256,H0002256,서울 대학,SYB5064,자원봉사론,2018,1,2004/1 ~ 2019/2,대학(학부/서울),44.44,,44.44,,11.11,,,,,,,,4,,4,,1,,,,,,,,ok,outputs/pdfs_seoul_university/서울_대학__SYB5064__자원봉사론.pdf,,9
H0002256,H0002256,서울 대학,SYB5100,일본현대소설독해,2015,2,2015/2 ~ 2019/2,대학(학부/서울),37.5,12.5,25,12.5,,12.5,,,,,,,3,1,2,1,,1,,,,,,,ok,outputs/pdfs_seoul_university/서울_대학__SYB5100__일본현대소설독해.pdf,,8
H0002256,H0002256,서울 대학,SYB5101,현대일본의경제,2015,2,2015/2 ~ 2019/2,대학(학부/서울),61.54,30.77,7.69,,,,,,,,,,8,4,1,,,,,,,,,,ok,outputs/pdfs_seoul_university/서울_대학__SYB5101__현대일본의경제.pdf,,13
H0002256,H0002256,서울 대학,SYB5102,부동산금융론,2017,2,2015/2 ~ 2019/2,대학(학부/서울),27.27,27.27,36.36,,9.09,,,,,,,,3,3,4,,1,,,,,,,,ok,outputs/pdfs_seoul_university/서울_대학__SYB5102__부동산금융론.pdf,,11
H0002256,H0002256,서울 대학,SYB5104,조사방법론,2015,2,2015/2 ~ 2019/2,대학(학부/서울),33.33,11.11,22.22,11.11,11.11,11.11,,,,,,,3,1,2,1,1,1,,,,,,,ok,outputs/pdfs_seoul_university/서울_대학__SYB5104__조사방법론.pdf,,9
H0002256,H0002256,서울 대학,SYB5106,물권법론,2017,2,2015/2 ~ 2019/2,대학(학부/서울),62.5,12.5,12.5,,12.5,,,,,,,,5,1,1,,1,,,,,,,,ok,outputs/pdfs_seoul_university/서울_대학__SYB5106__물권법론.pdf,,8
H0002256,H0002256,서울 대학,SYB5107,시니어비즈니스컨설팅,2015,2,2015/2 ~ 2019/2,대학(학부/서울),,,,,50,50,,,,,,,,,,,1,1,,,,,,,ok,outputs/pdfs_seoul_university/서울_대학__SYB5107__시니어비즈니스컨설팅.pdf,,2
H0002256,H0002256,서울 대학,SYB5108,노인문화프로그램개발,2015,2,2015/2 ~ 2019/2,대학(학부/서울),20,20,40,20,,,,,,,,,1,1,2,1,,,,,,,,,ok,outputs/pdfs_seoul_university/서울_대학__SYB5108__노인문화프로그램개발.pdf,,5
H0002256,H0002256,서울 대학,SYB5109,광고디자인,2015,2,2015/2 ~ 2019/2,대학(학부/서울),,62.5,25,12.5,,,,,,,,,,5,2,1,,,,,,,,,ok,outputs/pdfs_seoul_university/서울_대학__SYB5109__광고디자인.pdf,,8
H0002256,H0002256,서울 대학,SYB5110,디자인기획2,2015,2,2015/2 ~ 2019/2,대학(학부/서울),,,100,,,,,,,,,,,,1,,,,,,,,,,ok,outputs/pdfs_seoul_university/서울_대학__SYB5110__디자인기획2.pdf,,1
H0002256,H0002256,서울 대학,SYB6003,CMOS회로설계1,2004,1,2004/1 ~ 2027/2,대학(학부/서울),75,25,,,,,,,,,,,3,1,,,,,,,,,,,ok,outputs/pdfs_seoul_university/서울_대학__SYB6003__CMOS회로설계1.pdf,,4
H0002256,H0002256,서울 대학,SYB6050,3D입체영상기술,2005,1,2005/1 ~ 2027/2,대학(학부/서울),50,16.67,16.67,16.67,,,,,,,,,3,1,1,1,,,,,,,,,ok,outputs/pdfs_seoul_university/서울_대학__SYB6050__3D입체영상기술.pdf,,6
H0002256,H0002256,서울 대학,SYB6081,회로이론2,2005,2,2005/1 ~ 2019/2,대학(학부/서울),100,,,,,,,,,,,,8,,,,,,,,,,,,ok,outputs/pdfs_seoul_university/서울_대학__SYB6081__회로이론2.pdf,,8
H0002256,H0002256,서울 대학,SYB6087,21세기리더십,2008,2,2005/1 ~ 2019/2,대학(학부/서울),66.67,33.33,,,,,,,,,,,4,2,,,,,,,,,,,ok,outputs/pdfs_seoul_university/서울_대학__SYB6087__21세기리더십.pdf,,6
H0002256,H0002256,서울 대학,SYB7052,공학영어2,2013,2,2006/1 ~ 2019/2,대학(학부/서울),18.18,45.45,27.27,,,,9.09,,,,,,2,5,3,,,,1,,,,,,ok,outputs/pdfs_seoul_university/서울_대학__SYB7052__공학영어2.pdf,,11
H0002256,H0002256,서울 대학,SYB7063,풍수지리와생활공간,2017,2,2006/1 ~ 2019/2,대학(학부/서울),50,16.67,33.33,,,,,,,,,,6,2,4,,,,,,,,,,ok,outputs/pdfs_seoul_university/서울_대학__SYB7063__풍수지리와생활공간.pdf,,12
H0002256,H0002256,서울 대학,SYB7068,3D시네마의기초,2006,2,2006/1 ~ 2027/2,대학(학부/서울),37.5,25,,37.5,,,,,,,,,3,2,,3,,,,,,,,,ok,outputs/pdfs_seoul_university/서울_대학__SYB7068__3D시네마의기초.pdf,,8
H0002256,H0002256,서울 대학,SYB7080,21세기성공론,2007,1,2007/1 ~ 2019/2,대학(학부/서울),87.5,,,,,,,12.5,,,,,7,,,,,,,1,,,,,ok,outputs/pdfs_seoul_university/서울_대학__SYB7080__21세기성공론.pdf,,8
H0002256,H0002256,서울 대학,SYB8003,국제협상및로비론,2014,2,2007/1 ~ 2019/2,대학(학부/서울),72.73,9.09,9.09,,9.09,,,,,,,,8,1,1,,1,,,,,,,,ok,outputs/pdfs_seoul_university/서울_대학__SYB8003__국제협상및로비론.pdf,,11
H0002256,H0002256,서울 대학,SYB8009,디지털애니메이션,2014,2,2007/1 ~ 2019/2,대학(학부/서울),36.36,45.45,18.18,,,,,,,,,,4,5,2,,,,,,,,,,ok,outputs/pdfs_seoul_university/서울_대학__SYB8009__디지털애니메이션.pdf,,11
H0002256,H0002256,서울 대학,SYB8024,5.18과민주인권,2008,1,2008/1 ~ 2027/2,대학(학부/서울),40,,40,,20,,,,,,,,2,,2,,1,,,,,,,,ok,outputs/pdfs_seoul_university/서울_대학__SYB8024__5.18과민주인권.pdf,,5
H0002256,H0002256,서울 대학,SYB8025,6시그마경영,2008,1,2008/1 ~ 2027/2,대학(학부/서울),20,20,60,,,,,,,,,,1,1,3,,,,,,,,,,ok,outputs/pdfs_seoul_university/서울_대학__SYB8025__6시그마경영.pdf,,5
H0002256,H0002256,서울 대학,SYB8058,도시마케팅,2019,1,2009/1 ~ 2019/2,대학(학부/서울),36.36,45.45,18.18,,,,,,,,,,4,5,2,,,,,,,,,,ok,outputs/pdfs_seoul_university/서울_대학__SYB8058__도시마케팅.pdf,,11
H0002256,H0002256,서울 대학,SYB8060,영상처리특론,2015,1,2009/1 ~ 2019/2,대학(학부/서울),33.33,11.11,22.22,22.22,,11.11,,,,,,,3,1,2,2,,1,,,,,,,ok,outputs/pdfs_seoul_university/서울_대학__SYB8060__영상처리특론.pdf,,9
H0002256,H0002256,서울 대학,SYB8072,관광가이드일본어,2014,2,2009/1 ~ 2019/2,대학(학부/서울),60,,20,10,,10,,,,,,,6,,2,1,,1,,,,,,,ok,outputs/pdfs_seoul_university/서울_대학__SYB8072__관광가이드일본어.pdf,,10
H0002256,H0002256,서울 대학,SYB8080,박물관과교육,2014,1,2009/1 ~ 2019/2,대학(학부/서울),14.29,42.86,28.57,7.14,,,7.14,,,,,,2,6,4,1,,,1,,,,,,ok,outputs/pdfs_seoul_university/서울_대학__SYB8080__박물관과교육.pdf,,14
H0002256,H0002256,서울 대학,SYB8087,유아와멀티미디어,2015,1,2009/1 ~ 2019/2,대학(학부/서울),33.33,25,8.33,16.67,,8.33,8.33,,,,,,4,3,1,2,,1,1,,,,,,ok,outputs/pdfs_seoul_university/서울_대학__SYB8087__유아와멀티미디어.pdf,,12
H0002256,H0002256,서울 대학,SYB8090,실버금융자산관리론,2020,1,2009/1 ~ 2027/2,대학(학부/서울),55.56,22.22,11.11,11.11,,,,,,,,,5,2,1,1,,,,,,,,,ok,outputs/pdfs_seoul_university/서울_대학__SYB8090__실버금융자산관리론.pdf,,9
H0002256,H0002256,서울 대학,SYB8093,애니메이션무브먼트,2013,1,2009/1 ~ 2019/2,대학(학부/서울),27.27,18.18,27.27,9.09,18.18,,,,,,,,3,2,3,1,2,,,,,,,,ok,outputs/pdfs_seoul_university/서울_대학__SYB8093__애니메이션무브먼트.pdf,,11
H0002256,H0002256,서울 대학,SYB8094,관광정책론,2015,2,2009/1 ~ 2019/2,대학(학부/서울),20,40,20,,,20,,,,,,,1,2,1,,,1,,,,,,,ok,outputs/pdfs_seoul_university/서울_대학__SYB8094__관광정책론.pdf,,5
H0002256,H0002256,서울 대학,SYB8096,제품디자인스튜디오,2013,2,2009/1 ~ 2019/2,대학(학부/서울),11.11,88.89,,,,,,,,,,,1,8,,,,,,,,,,,ok,outputs/pdfs_seoul_university/서울_대학__SYB8096__제품디자인스튜디오.pdf,,9
H0002256,H0002256,서울 대학,SYB8097,인터렉티브미디어디자인,2016,1,2009/1 ~ 2019/2,대학(학부/서울),,42.86,57.14,,,,,,,,,,,3,4,,,,,,,,,,ok,outputs/pdfs_seoul_university/서울_대학__SYB8097__인터렉티브미디어디자인.pdf,,7
H0002256,H0002256,서울 대학,SYB8098,1인미디어와융합콘텐츠,2026,1,2012/1 ~ 2027/2,대학(학부/서울),7.95,52.27,26.14,9.09,1.14,2.27,1.14,,,,,,7,46,23,8,1,2,1,,,,,,ok,outputs/pdfs_seoul_university/서울_대학__SYB8098__1인미디어와융합콘텐츠.pdf,,88
H0002256,H0002256,서울 대학,SYB8099,문화콘텐츠스토리텔링전략,2026,1,2009/1 ~ 2027/2,대학(학부/서울),2.99,19.4,13.43,17.91,29.85,13.43,1.49,1.49,,,,,2,13,9,12,20,9,1,1,,,,,ok,outputs/pdfs_seoul_university/서울_대학__SYB8099__문화콘텐츠스토리텔링전략.pdf,,67
H0002256,H0002256,서울 대학,SYB9000,외식프랜차이징,2016,1,2009/1 ~ 2019/2,대학(학부/서울),60,20,20,,,,,,,,,,6,2,2,,,,,,,,,,ok,outputs/pdfs_seoul_university/서울_대학__SYB9000__외식프랜차이징.pdf,,10
H0002256,H0002256,서울 대학,SYB9002,학습이론의이해와적용,2018,2,2009/1 ~ 2019/2,대학(학부/서울),33.33,33.33,8.33,16.67,,,8.33,,,,,,4,4,1,2,,,1,,,,,,ok,outputs/pdfs_seoul_university/서울_대학__SYB9002__학습이론의이해와적용.pdf,,12
H0002256,H0002256,서울 대학,SYB9003,다중지능교육의이론과실제,2018,2,2009/1 ~ 2019/2,대학(학부/서울),,,,,100,,,,,,,,,,,,1,,,,,,,,ok,outputs/pdfs_seoul_university/서울_대학__SYB9003__다중지능교육의이론과실제.pdf,,1
H0002256,H0002256,서울 대학,SYB9019,교육영상매체제작,2011,2,2009/1 ~ 2019/2,대학(학부/서울),,60,20,20,,,,,,,,,,3,1,1,,,,,,,,,ok,outputs/pdfs_seoul_university/서울_대학__SYB9019__교육영상매체제작.pdf,,5
H0002256,H0002256,서울 대학,SYB9023,서비스경영,2015,2,2009/1 ~ 2019/2,대학(학부/서울),46.15,46.15,7.69,,,,,,,,,,6,6,1,,,,,,,,,,ok,outputs/pdfs_seoul_university/서울_대학__SYB9023__서비스경영.pdf,,13
H0002256,H0002256,서울 대학,SYB9024,광고와문화콘텐츠,2017,2,2009/1 ~ 2019/2,대학(학부/서울),50,,41.67,,8.33,,,,,,,,6,,5,,1,,,,,,,,ok,outputs/pdfs_seoul_university/서울_대학__SYB9024__광고와문화콘텐츠.pdf,,12
H0002256,H0002256,서울 대학,SYB9026,글로벌스포츠관광,2014,2,2009/1 ~ 2019/2,대학(학부/서울),36.36,27.27,36.36,,,,,,,,,,4,3,4,,,,,,,,,,ok,outputs/pdfs_seoul_university/서울_대학__SYB9026__글로벌스포츠관광.pdf,,11
H0002256,H0002256,서울 대학,SYB9027,게임디자인스튜디오,2015,2,2009/1 ~ 2019/2,대학(학부/서울),9.09,36.36,27.27,18.18,,,,9.09,,,,,1,4,3,2,,,,1,,,,,ok,outputs/pdfs_seoul_university/서울_대학__SYB9027__게임디자인스튜디오.pdf,,11
H0002256,H0002256,서울 대학,SYB9030,그린IT의이해,2026,1,2012/1 ~ 2027/2,대학(학부/서울),46.15,35.9,8.55,2.56,3.42,2.56,,0.85,,,,,54,42,10,3,4,3,,1,,,,,ok,outputs/pdfs_seoul_university/서울_대학__SYB9030__그린IT의이해.pdf,,117
H0002256,H0002256,서울 대학,SYB9031,문화기술과사회변동,2026,1,2012/1 ~ 2027/2,대학(학부/서울),54.96,19.85,4.58,11.45,2.29,1.53,4.58,0.76,,,,,72,26,6,15,3,2,6,1,,,,,ok,outputs/pdfs_seoul_university/서울_대학__SYB9031__문화기술과사회변동.pdf,,131
H0002256,H0002256,서울 대학,SYB9032,문화콘텐츠마케팅전략의수립과집행,2026,1,2012/1 ~ 2027/2,대학(학부/서울),58.93,15.18,8.04,8.04,5.36,1.79,2.68,,,,,,66,17,9,9,6,2,3,,,,,,ok,outputs/pdfs_seoul_university/서울_대학__SYB9032__문화콘텐츠마케팅전략의수립과집행.pdf,,112
H0002256,H0002256,서울 대학,SYB9033,웰니스와삶의질,2022,2,2012/1 ~ 2027/2,대학(학부/서울),35.82,40.3,14.93,7.46,,1.49,,,,,,,24,27,10,5,,1,,,,,,,ok,outputs/pdfs_seoul_university/서울_대학__SYB9033__웰니스와삶의질.pdf,,67
H0002256,H0002256,서울 대학,SYB9035,음식과세계문화,2026,1,2012/1 ~ 2027/2,대학(학부/서울),79.57,13.98,5.38,,1.08,,,,,,,,74,13,5,,1,,,,,,,,ok,outputs/pdfs_seoul_university/서울_대학__SYB9035__음식과세계문화.pdf,,93
H0002256,H0002256,서울 대학,SYB9036,글로벌시대의예술과가치,2026,1,2012/1 ~ 2027/2,대학(학부/서울),55.79,27.37,9.47,2.11,4.21,,1.05,,,,,,53,26,9,2,4,,1,,,,,,ok,outputs/pdfs_seoul_university/서울_대학__SYB9036__글로벌시대의예술과가치.pdf,,95
H0002256,H0002256,서울 대학,SYB9037,고객관계관리,2020,1,2012/1 ~ 2027/2,대학(학부/서울),79.72,8.39,2.1,2.8,3.5,1.4,0.7,1.4,,,,,114,12,3,4,5,2,1,2,,,,,ok,outputs/pdfs_seoul_university/서울_대학__SYB9037__고객관계관리.pdf,,143
H0002256,H0002256,서울 대학,SYB9042,지적법규의이해,2013,1,2012/1 ~ 2019/2,대학(학부/서울),66.67,11.11,22.22,,,,,,,,,,6,1,2,,,,,,,,,,ok,outputs/pdfs_seoul_university/서울_대학__SYB9042__지적법규의이해.pdf,,9
H0002256,H0002256,서울 대학,SYB9044,데이터베이스관리,2014,1,2012/1 ~ 2019/2,대학(학부/서울),30,20,20,10,10,10,,,,,,,3,2,2,1,1,1,,,,,,,ok,outputs/pdfs_seoul_university/서울_대학__SYB9044__데이터베이스관리.pdf,,10
H0002256,H0002256,서울 대학,SYB9046,세법,2015,1,2012/1 ~ 2019/2,대학(학부/서울),75,,8.33,8.33,8.33,,,,,,,,9,,1,1,1,,,,,,,,ok,outputs/pdfs_seoul_university/서울_대학__SYB9046__세법.pdf,,12
H0002256,H0002256,서울 대학,SYB9048,영상디자인론,2015,1,2012/1 ~ 2019/2,대학(학부/서울),,36.36,36.36,9.09,18.18,,,,,,,,,4,4,1,2,,,,,,,,ok,outputs/pdfs_seoul_university/서울_대학__SYB9048__영상디자인론.pdf,,11
H0002256,H0002256,서울 대학,SYB9050,모션그래픽스,2014,1,2012/1 ~ 2019/2,대학(학부/서울),11.11,,55.56,,,,11.11,22.22,,,,,1,,5,,,,1,2,,,,,ok,outputs/pdfs_seoul_university/서울_대학__SYB9050__모션그래픽스.pdf,,9
H0002256,H0002256,서울 대학,SYB9052,노인요양산업개론,2015,1,2012/1 ~ 2019/2,대학(학부/서울),,18.18,54.55,18.18,9.09,,,,,,,,,2,6,2,1,,,,,,,,ok,outputs/pdfs_seoul_university/서울_대학__SYB9052__노인요양산업개론.pdf,,11
H0002256,H0002256,서울 대학,SYB9063,현대사회와미디어,2021,1,2012/1 ~ 2027/2,대학(학부/서울),36.36,27.27,27.27,9.09,,,,,,,,,4,3,3,1,,,,,,,,,ok,outputs/pdfs_seoul_university/서울_대학__SYB9063__현대사회와미디어.pdf,,11
H0002256,H0002256,서울 대학,SYB9064,현대노인과여가,2017,2,2012/1 ~ 2019/2,대학(학부/서울),20,40,30,,10,,,,,,,,2,4,3,,1,,,,,,,,ok,outputs/pdfs_seoul_university/서울_대학__SYB9064__현대노인과여가.pdf,,10
H0002256,H0002256,서울 대학,SYB9068,지속가능발전교육,2013,1,2013/1 ~ 2019/2,대학(학부/서울),54.55,18.18,18.18,9.09,,,,,,,,,6,2,2,1,,,,,,,,,ok,outputs/pdfs_seoul_university/서울_대학__SYB9068__지속가능발전교육.pdf,,11
H0002256,H0002256,서울 대학,SYB9069,정보보안개론1,2013,1,2013/1 ~ 2019/2,대학(학부/서울),22.22,22.22,44.44,11.11,,,,,,,,,2,2,4,1,,,,,,,,,ok,outputs/pdfs_seoul_university/서울_대학__SYB9069__정보보안개론1.pdf,,9
H0002256,H0002256,서울 대학,SYB9070,공학도를위한경영학원론,2013,1,2013/1 ~ 2019/2,대학(학부/서울),20,30,10,30,10,,,,,,,,2,3,1,3,1,,,,,,,,ok,outputs/pdfs_seoul_university/서울_대학__SYB9070__공학도를위한경영학원론.pdf,,10
H0002256,H0002256,서울 대학,SYB9071,21세기기업의인재상,2026,1,2013/1 ~ 2027/2,대학(학부/서울),95.17,4.14,,0.69,,,,,,,,,138,6,,1,,,,,,,,,ok,outputs/pdfs_seoul_university/서울_대학__SYB9071__21세기기업의인재상.pdf,,145
H0002256,H0002256,서울 대학,SYB9072,영어교육론,2013,1,2013/1 ~ 2019/2,대학(학부/서울),63.64,18.18,9.09,9.09,,,,,,,,,7,2,1,1,,,,,,,,,ok,outputs/pdfs_seoul_university/서울_대학__SYB9072__영어교육론.pdf,,11
H0002256,H0002256,서울 대학,SYB9073,미술치료매체연구,2013,1,2013/1 ~ 2019/2,대학(학부/서울),11.11,44.44,44.44,,,,,,,,,,1,4,4,,,,,,,,,,ok,outputs/pdfs_seoul_university/서울_대학__SYB9073__미술치료매체연구.pdf,,9
H0002256,H0002256,서울 대학,SYB9074,일본어발음연습,2013,1,2013/1 ~ 2019/2,대학(학부/서울),45.45,,54.55,,,,,,,,,,5,,6,,,,,,,,,,ok,outputs/pdfs_seoul_university/서울_대학__SYB9074__일본어발음연습.pdf,,11
H0002256,H0002256,서울 대학,SYB9075,보건교육학,2013,1,2013/1 ~ 2019/2,대학(학부/서울),50,,33.33,8.33,8.33,,,,,,,,6,,4,1,1,,,,,,,,ok,outputs/pdfs_seoul_university/서울_대학__SYB9075__보건교육학.pdf,,12
H0002256,H0002256,서울 대학,SYB9076,e-비즈니스전략,2013,1,2013/1 ~ 2019/2,대학(학부/서울),75,8.33,8.33,,,,8.33,,,,,,9,1,1,,,,1,,,,,,ok,outputs/pdfs_seoul_university/서울_대학__SYB9076__e-비즈니스전략.pdf,,12
H0002256,H0002256,서울 대학,SYB9077,재무회계,2013,1,2013/1 ~ 2019/2,대학(학부/서울),63.64,9.09,9.09,,,18.18,,,,,,,7,1,1,,,2,,,,,,,ok,outputs/pdfs_seoul_university/서울_대학__SYB9077__재무회계.pdf,,11
H0002256,H0002256,서울 대학,SYB9078,노인케어기술론,2013,1,2013/1 ~ 2019/2,대학(학부/서울),33.33,11.11,33.33,11.11,11.11,,,,,,,,3,1,3,1,1,,,,,,,,ok,outputs/pdfs_seoul_university/서울_대학__SYB9078__노인케어기술론.pdf,,9
H0002256,H0002256,서울 대학,SYB9079,기초공간디자인,2013,1,2013/1 ~ 2019/2,대학(학부/서울),14.29,,71.43,,,14.29,,,,,,,1,,5,,,1,,,,,,,ok,outputs/pdfs_seoul_university/서울_대학__SYB9079__기초공간디자인.pdf,,7
H0002256,H0002256,서울 대학,SYB9080,디자인조사방법,2013,1,2013/1 ~ 2019/2,대학(학부/서울),33.33,11.11,44.44,,11.11,,,,,,,,3,1,4,,1,,,,,,,,ok,outputs/pdfs_seoul_university/서울_대학__SYB9080__디자인조사방법.pdf,,9
H0002256,H0002256,서울 대학,SYB9081,장애인복지론,2013,1,2013/1 ~ 2019/2,대학(학부/서울),,30,,40,10,10,10,,,,,,,3,,4,1,1,1,,,,,,ok,outputs/pdfs_seoul_university/서울_대학__SYB9081__장애인복지론.pdf,,10
H0002256,H0002256,서울 대학,SYB9082,색채심리와현대생활,2026,1,2013/1 ~ 2027/2,대학(학부/서울),65.96,21.28,7.45,3.19,,,1.06,1.06,,,,,62,20,7,3,,,1,1,,,,,ok,outputs/pdfs_seoul_university/서울_대학__SYB9082__색채심리와현대생활.pdf,,94
H0002256,H0002256,서울 대학,SYB9083,알기쉬운녹색경영과CSR,2013,2,2013/1 ~ 2019/2,대학(학부/서울),88.89,,11.11,,,,,,,,,,8,,1,,,,,,,,,,ok,outputs/pdfs_seoul_university/서울_대학__SYB9083__알기쉬운녹색경영과CSR.pdf,,9
H0002256,H0002256,서울 대학,SYB9084,교수설계모형연습,2013,2,2013/1 ~ 2019/2,대학(학부/서울),18.18,18.18,45.45,9.09,,,,9.09,,,,,2,2,5,1,,,,1,,,,,ok,outputs/pdfs_seoul_university/서울_대학__SYB9084__교수설계모형연습.pdf,,11
H0002256,H0002256,서울 대학,SYB9085,통번역의이론과실제,2017,2,2013/1 ~ 2019/2,대학(학부/서울),60,10,10,10,10,,,,,,,,6,1,1,1,1,,,,,,,,ok,outputs/pdfs_seoul_university/서울_대학__SYB9085__통번역의이론과실제.pdf,,10
H0002256,H0002256,서울 대학,SYB9086,교과교재연구및지도법,2013,2,2013/1 ~ 2019/2,대학(학부/서울),75,,12.5,12.5,,,,,,,,,6,,1,1,,,,,,,,,ok,outputs/pdfs_seoul_university/서울_대학__SYB9086__교과교재연구및지도법.pdf,,8
H0002256,H0002256,서울 대학,SYB9087,미술치료표현기법,2013,2,2013/1 ~ 2019/2,대학(학부/서울),33.33,50,16.67,,,,,,,,,,2,3,1,,,,,,,,,,ok,outputs/pdfs_seoul_university/서울_대학__SYB9087__미술치료표현기법.pdf,,6
H0002256,H0002256,서울 대학,SYB9088,진로및직업상담,2013,2,2013/1 ~ 2019/2,대학(학부/서울),30,20,30,20,,,,,,,,,3,2,3,2,,,,,,,,,ok,outputs/pdfs_seoul_university/서울_대학__SYB9088__진로및직업상담.pdf,,10
H0002256,H0002256,서울 대학,SYB9089,중급일본어강독,2013,2,2013/1 ~ 2019/2,대학(학부/서울),70,,20,,,,10,,,,,,7,,2,,,,1,,,,,,ok,outputs/pdfs_seoul_university/서울_대학__SYB9089__중급일본어강독.pdf,,10
H0002256,H0002256,서울 대학,SYB9090,부동산세무실무,2013,2,2013/1 ~ 2019/2,대학(학부/서울),55.56,11.11,11.11,22.22,,,,,,,,,5,1,1,2,,,,,,,,,ok,outputs/pdfs_seoul_university/서울_대학__SYB9090__부동산세무실무.pdf,,9
H0002256,H0002256,서울 대학,SYB9091,사회복지윤리와철학,2013,2,2013/1 ~ 2019/2,대학(학부/서울),77.78,11.11,11.11,,,,,,,,,,7,1,1,,,,,,,,,,ok,outputs/pdfs_seoul_university/서울_대학__SYB9091__사회복지윤리와철학.pdf,,9
H0002256,H0002256,서울 대학,SYB9092,국제재무관리및국제금융론,2013,2,2013/1 ~ 2019/2,대학(학부/서울),22.22,66.67,11.11,,,,,,,,,,2,6,1,,,,,,,,,,ok,outputs/pdfs_seoul_university/서울_대학__SYB9092__국제재무관리및국제금융론.pdf,,9
H0002256,H0002256,서울 대학,SYB9093,미디어커뮤니케이션과효과론,2015,2,2013/1 ~ 2019/2,대학(학부/서울),33.33,16.67,33.33,8.33,8.33,,,,,,,,4,2,4,1,1,,,,,,,,ok,outputs/pdfs_seoul_university/서울_대학__SYB9093__미디어커뮤니케이션과효과론.pdf,,12
H0002256,H0002256,서울 대학,SYB9094,호텔외식회계,2016,2,2013/1 ~ 2019/2,대학(학부/서울),70,20,10,,,,,,,,,,7,2,1,,,,,,,,,,ok,outputs/pdfs_seoul_university/서울_대학__SYB9094__호텔외식회계.pdf,,10
H0002256,H0002256,서울 대학,SYB9095,실버산업컨설팅,2013,2,2013/1 ~ 2019/2,대학(학부/서울),54.55,,36.36,9.09,,,,,,,,,6,,4,1,,,,,,,,,ok,outputs/pdfs_seoul_university/서울_대학__SYB9095__실버산업컨설팅.pdf,,11
H0002256,H0002256,서울 대학,SYB9096,성공하는문화콘텐츠소재개발전략,2026,1,2014/1 ~ 2027/2,대학(학부/서울),56.93,31.39,5.11,4.38,,,2.19,,,,,,78,43,7,6,,,3,,,,,,ok,outputs/pdfs_seoul_university/서울_대학__SYB9096__성공하는문화콘텐츠소재개발전략.pdf,,137
H0002256,H0002256,서울 대학,SYB9097,수학과문화,2016,1,2014/1 ~ 2027/2,대학(학부/서울),74.07,13.33,4.44,2.22,1.48,2.22,0.74,1.48,,,,,100,18,6,3,2,3,1,2,,,,,ok,outputs/pdfs_seoul_university/서울_대학__SYB9097__수학과문화.pdf,,135
H0002256,H0002256,서울 대학,SYB9098,생활속의계약과협상,2026,1,2014/1 ~ 2027/2,대학(학부/서울),65.26,22.11,3.16,5.26,2.11,2.11,,,,,,,62,21,3,5,2,2,,,,,,,ok,outputs/pdfs_seoul_university/서울_대학__SYB9098__생활속의계약과협상.pdf,,95
H0002256,H0002256,서울 대학,SYB9099,전략적의사결정과문제해결,2026,1,2014/1 ~ 2027/2,대학(학부/서울),23.86,42.05,18.18,7.95,2.27,,1.14,4.55,,,,,21,37,16,7,2,,1,4,,,,,ok,outputs/pdfs_seoul_university/서울_대학__SYB9099__전략적의사결정과문제해결.pdf,,88
H0002256,H0002256,서울 대학,SYB9102,미래소비사회와상품,2026,1,2018/2 ~ 2027/2,대학(학부/서울),71.43,18.37,4.08,4.08,1.02,1.02,,,,,,,70,18,4,4,1,1,,,,,,,ok,outputs/pdfs_seoul_university/서울_대학__SYB9102__미래소비사회와상품.pdf,,98
H0002256,H0002256,서울 대학,SYB9103,행복한금융생활,2026,1,2018/2 ~ 2027/2,대학(학부/서울),18.07,32.53,24.1,12.05,6.02,6.02,,1.2,,,,,15,27,20,10,5,5,,1,,,,,ok,outputs/pdfs_seoul_university/서울_대학__SYB9103__행복한금융생활.pdf,,83
H0002256,H0002256,서울 대학,SYB9104,현대사회와신소재,2026,1,2018/2 ~ 2027/2,대학(학부/서울),94.2,4.35,1.45,,,,,,,,,,65,3,1,,,,,,,,,,ok,outputs/pdfs_seoul_university/서울_대학__SYB9104__현대사회와신소재.pdf,,69
H0002256,H0002256,서울 대학,SYB9105,4차산업혁명으로의항해,2023,2,2018/2 ~ 2027/2,대학(학부/서울),53.57,21.43,8.93,3.57,1.79,5.36,1.79,3.57,,,,,30,12,5,2,1,3,1,2,,,,,ok,outputs/pdfs_seoul_university/서울_대학__SYB9105__4차산업혁명으로의항해.pdf,,56
H0002256,H0002256,서울 대학,SYB9111,모두의스타트업코딩,2024,1,2019/2 ~ 2027/2,대학(학부/서울),24,20,24,12,,,8,12,,,,,6,5,6,3,,,2,3,,,,,ok,outputs/pdfs_seoul_university/서울_대학__SYB9111__모두의스타트업코딩.pdf,,25
H0002256,H0002256,서울 대학,SYB9112,"화폐와금융의과거,현재,그리고미래",2026,1,2019/2 ~ 2027/2,대학(학부/서울),89.58,6.94,1.39,,1.39,0.69,,,,,,,129,10,2,,2,1,,,,,,,ok,"outputs/pdfs_seoul_university/서울_대학__SYB9112__화폐와금융의과거,현재,그리고미래.pdf",,144
H0002256,H0002256,서울 대학,SYB9116,일상생활과세금,2020,1,2020/1 ~ 2027/2,대학(학부/서울),58.33,41.67,,,,,,,,,,,7,5,,,,,,,,,,,ok,outputs/pdfs_seoul_university/서울_대학__SYB9116__일상생활과세금.pdf,,12
H0002256,H0002256,서울 대학,SYB9117,파워포인트디자인,2020,1,2020/1 ~ 2027/2,대학(학부/서울),25,25,50,,,,,,,,,,3,3,6,,,,,,,,,,ok,outputs/pdfs_seoul_university/서울_대학__SYB9117__파워포인트디자인.pdf,,12
H0002256,H0002256,서울 대학,SYB9118,도시관광의이해,2020,1,2020/1 ~ 2027/2,대학(학부/서울),54.55,27.27,18.18,,,,,,,,,,6,3,2,,,,,,,,,,ok,outputs/pdfs_seoul_university/서울_대학__SYB9118__도시관광의이해.pdf,,11
H0002256,H0002256,서울 대학,SYB9119,그림으로배우는사이버일본어,2022,1,2020/1 ~ 2027/2,대학(학부/서울),42.11,10.53,31.58,15.79,,,,,,,,,8,2,6,3,,,,,,,,,ok,outputs/pdfs_seoul_university/서울_대학__SYB9119__그림으로배우는사이버일본어.pdf,,19
H0002256,H0002256,서울 대학,SYB9120,기초영어학습전략,2021,1,2020/1 ~ 2027/2,대학(학부/서울),70,20,,10,,,,,,,,,7,2,,1,,,,,,,,,ok,outputs/pdfs_seoul_university/서울_대학__SYB9120__기초영어학습전략.pdf,,10
H0002256,H0002256,서울 대학,SYB9121,외국문화와관광영어,2021,1,2020/1 ~ 2027/2,대학(학부/서울),50,33.33,16.67,,,,,,,,,,6,4,2,,,,,,,,,,ok,outputs/pdfs_seoul_university/서울_대학__SYB9121__외국문화와관광영어.pdf,,12
H0002256,H0002256,서울 대학,SYB9122,공동주거관리론,2021,1,2020/1 ~ 2027/2,대학(학부/서울),36.36,36.36,18.18,,9.09,,,,,,,,4,4,2,,1,,,,,,,,ok,outputs/pdfs_seoul_university/서울_대학__SYB9122__공동주거관리론.pdf,,11
H0002256,H0002256,서울 대학,SYB9123,크리에이터영상제작론,2020,1,2020/1 ~ 2027/2,대학(학부/서울),75,16.67,8.33,,,,,,,,,,9,2,1,,,,,,,,,,ok,outputs/pdfs_seoul_university/서울_대학__SYB9123__크리에이터영상제작론.pdf,,12
H0002256,H0002256,서울 대학,SYB9124,세계도시건축,2025,2,2020/2 ~ 2027/2,대학(학부/서울),67.5,22.5,7.5,,,,,2.5,,,,,27,9,3,,,,,1,,,,,ok,outputs/pdfs_seoul_university/서울_대학__SYB9124__세계도시건축.pdf,,40
H0002256,H0002256,서울 대학,SYB9125,사회복지실천과현장,2025,1,2020/2 ~ 2027/2,대학(학부/서울),36.36,24.24,15.15,12.12,3.03,6.06,,3.03,,,,,12,8,5,4,1,2,,1,,,,,ok,outputs/pdfs_seoul_university/서울_대학__SYB9125__사회복지실천과현장.pdf,,33
H0002256,H0002256,서울 대학,SYB9127,글로벌영어의역사,2021,2,2020/2 ~ 2027/2,대학(학부/서울),25,58.33,8.33,,,8.33,,,,,,,3,7,1,,,1,,,,,,,ok,outputs/pdfs_seoul_university/서울_대학__SYB9127__글로벌영어의역사.pdf,,12
H0002256,H0002256,서울 대학,SYB9128,비즈니스모델디자인과린스타트업활동,2026,1,2020/2 ~ 2027/2,대학(학부/서울),65.63,28.13,5.21,,,,1.04,,,,,,63,27,5,,,,1,,,,,,ok,outputs/pdfs_seoul_university/서울_대학__SYB9128__비즈니스모델디자인과린스타트업활동.pdf,,96
H0002256,H0002256,서울 대학,SYB9131,AI와첫만남-우린Data로말해,2026,1,2026/1 ~ 2027/2,대학(학부/서울),80.52,5.19,3.9,2.6,1.3,,6.49,,,,,,62,4,3,2,1,,5,,,,,,ok,outputs/pdfs_seoul_university/서울_대학__SYB9131__AI와첫만남-우린Data로말해.pdf,,77
H0002256,H0002256,서울 대학,SYB9132,서비스기획실전:AI활용하기,2026,1,2026/1 ~ 2027/2,대학(학부/서울),81.91,7.45,4.26,3.19,1.06,1.06,,1.06,,,,,77,7,4,3,1,1,,1,,,,,ok,outputs/pdfs_seoul_university/서울_대학__SYB9132__서비스기획실전_AI활용하기.pdf,,94
H0002256,H0002256,서울 대학,SYB9133,나도콘텐츠크리에이터:AI로배우는창작,2026,1,2026/1 ~ 2027/2,대학(학부/서울),43.62,36.17,10.64,4.26,4.26,,1.06,,,,,,41,34,10,4,4,,1,,,,,,ok,outputs/pdfs_seoul_university/서울_대학__SYB9133__나도콘텐츠크리에이터_AI로배우는창작.pdf,,94
H0002256,H0002256,서울 대학,SYB9134,코딩없이배우는데이터분석실무:노코드AI,2026,1,2026/1 ~ 2027/2,대학(학부/서울),85.56,7.78,3.33,3.33,,,,,,,,,77,7,3,3,,,,,,,,,ok,outputs/pdfs_seoul_university/서울_대학__SYB9134__코딩없이배우는데이터분석실무_노코드AI.pdf,,90
H0002256,H0002256,서울 대학,SYB9135,아이디어를현실로:바이브코딩,2026,1,2026/1 ~ 2027/2,대학(학부/서울),90.53,4.21,5.26,,,,,,,,,,86,4,5,,,,,,,,,,ok,outputs/pdfs_seoul_university/서울_대학__SYB9135__아이디어를현실로_바이브코딩.pdf,,95
H0002256,H0002256,서울 대학,SYB9137,통계적학습및인공지능,2026,1,2026/1 ~ 2027/2,대학(학부/서울),63.16,5.26,5.26,10.53,15.79,,,,,,,,12,1,1,2,3,,,,,,,,ok,outputs/pdfs_seoul_university/서울_대학__SYB9137__통계적학습및인공지능.pdf,,19
H0002256,H0002256,서울 대학,SYB9138,현실속의수학,2026,1,2026/1 ~ 2027/2,대학(학부/서울),82.35,5.88,5.88,5.88,,,,,,,,,14,1,1,1,,,,,,,,,ok,outputs/pdfs_seoul_university/서울_대학__SYB9138__현실속의수학.pdf,,17
H0002256,H0002256,서울 대학,SYB9142,"세상속의화학:물질,에너지,환경",2026,1,2026/1 ~ 2027/2,대학(학부/서울),66.67,16.67,5.56,5.56,5.56,,,,,,,,12,3,1,1,1,,,,,,,,ok,"outputs/pdfs_seoul_university/서울_대학__SYB9142__세상속의화학_물질,에너지,환경.pdf",,18
H0002256,H0002942,통상한국어커뮤니케이션전공,SYG0001,글로컬국제경영,2025,2,2010/1 ~ 2020/2,통상한국어커뮤니케이션전공,18.75,21.88,21.88,18.75,18.75,,,,,,,,6,7,7,6,6,,,,,,,,ok,outputs/pdfs_full/통상한국어커뮤니케이션전공__SYG0001__글로컬국제경영.pdf,,32
H0002256,H0002942,통상한국어커뮤니케이션전공,SYG0002,직업과인력관리,2025,2,2010/1 ~ 2020/2,통상한국어커뮤니케이션전공,9.38,9.38,15.63,6.25,25,18.75,9.38,,,,6.25,,3,3,5,2,8,6,3,,,,2,,ok,outputs/pdfs_full/통상한국어커뮤니케이션전공__SYG0002__직업과인력관리.pdf,,32
H0002256,H0002942,통상한국어커뮤니케이션전공,SYG0003,경제와경영,2026,1,2010/1 ~ 2020/2,통상한국어커뮤니케이션전공,42.86,,39.29,,,17.86,,,,,,,12,,11,,,5,,,,,,,ok,outputs/pdfs_full/통상한국어커뮤니케이션전공__SYG0003__경제와경영.pdf,,28
H0002256,H0002942,통상한국어커뮤니케이션전공,SYG0006,국제통상과마케팅,2026,1,2012/1 ~ 2022/2,통상한국어커뮤니케이션전공,35.94,4.69,42.19,,17.19,,,,,,,,23,3,27,,11,,,,,,,,ok,outputs/pdfs_full/통상한국어커뮤니케이션전공__SYG0006__국제통상과마케팅.pdf,,64
H0002256,H0002886,건축학부,SYH0001,사랑의실천1(한양나눔),2026,1,2007/1 ~ 2027/2,건축학부(학부/서울),,,,,,,,,,100,,,,,,,,,,,,3803,,,ok,outputs/pdfs_full/건축학부__SYH0001__사랑의실천1(한양나눔).pdf,,3803
H0002256,H0002886,건축학부,SYH0002,사랑의실천2(스마트커뮤니케이션),2025,2,2008/1 ~ 2028/2,건축학부(학부/서울),,,,,,,,,,100,,,,,,,,,,,,3546,,,ok,outputs/pdfs_full/건축학부__SYH0002__사랑의실천2(스마트커뮤니케이션).pdf,,3546
H0002256,H0002886,건축학부,SYH0003,사랑의실천3(기업가정신),2025,2,2011/1 ~ 2029/2,건축학부(학부/서울),,,,,,,,,,100,,,,,,,,,,,,3366,,,ok,outputs/pdfs_full/건축학부__SYH0003__사랑의실천3(기업가정신).pdf,,3366
H0002256,H0002886,건축학부,SYH0004,사랑의실천4(미래실용인재),2026,1,2012/1 ~ 2030/2,건축학부(학부/서울),,,,,,,,,,100,,,,,,,,,,,,1913,,,ok,outputs/pdfs_full/건축학부__SYH0004__사랑의실천4(미래실용인재).pdf,,1913
H0002256,H0002794,국어국문학과,TEA3021,국어논리및논술,2018,2,2011/1 ~ 2029/2,국어국문학(학부-인문과/서울),100,,,,,,,,,,,,1,,,,,,,,,,,,ok,outputs/pdfs_full/국어국문학과__TEA3021__국어논리및논술.pdf,,1
H0002256,H0002809,중어중문학과,TEA3022,중국어논리및논술,2014,2,2011/1 ~ 2015/1,중어중문학(학부/서울),100,,,,,,,,,,,,2,,,,,,,,,,,,ok,outputs/pdfs_full/중어중문학과__TEA3022__중국어논리및논술.pdf,,2
H0002256,H0002815,철학과,TEA3023,철학논리및논술,2022,2,2011/1 ~ 2029/2,철학(학부/서울),100,,,,,,,,,,,,1,,,,,,,,,,,,ok,outputs/pdfs_full/철학과__TEA3023__철학논리및논술.pdf,,1
H0002256,H0002801,독어독문학과,TEA3025,독일어논리및논술,2014,2,2011/1 ~ 2015/1,독어독문학(학부/서울),60,40,,,,,,,,,,,3,2,,,,,,,,,,,ok,outputs/pdfs_full/독어독문학과__TEA3025__독일어논리및논술.pdf,,5
H0002256,H0002814,사학과,TEA3026,역사논리및논술,2025,2,2011/1 ~ 2029/2,사학(학부-인문과/서울),100,,,,,,,,,,,,2,,,,,,,,,,,,ok,outputs/pdfs_full/사학과__TEA3026__역사논리및논술.pdf,,2
H0002256,H0003589,연극영화학과,TEA3027,연극영화논리및논술,2025,2,2013/1 ~ 2029/2,연극영화학과,50,50,,,,,,,,,,,1,1,,,,,,,,,,,ok,outputs/pdfs_full/연극영화학과__TEA3027__연극영화논리및논술.pdf,,2
H0002256,H0002517,건설환경공학과,TEA3028,공업논리및논술,2017,2,2011/1 ~ 2017/2,건설환경공학과(학부/서울),100,,,,,,,,,,,,1,,,,,,,,,,,,ok,outputs/pdfs_full/건설환경공학과__TEA3028__공업논리및논술.pdf,,1
H0002256,H0003560,수학과,TEA3029,수학논리및논술,2025,2,2015/1 ~ 2029/2,수학과,66.67,33.33,,,,,,,,,,,2,1,,,,,,,,,,,ok,outputs/pdfs_full/수학과__TEA3029__수학논리및논술.pdf,,3
H0002256,H0003561,물리학과,TEA3030,물리논리및논술,2014,2,2015/1 ~ 2015/1,물리학과,100,,,,,,,,,,,,1,,,,,,,,,,,,ok,outputs/pdfs_full/물리학과__TEA3030__물리논리및논술.pdf,,1
H0002256,H0003562,화학과,TEA3031,화학논리및논술,2014,2,2015/1 ~ 2015/1,화학과,100,,,,,,,,,,,,1,,,,,,,,,,,,ok,outputs/pdfs_full/화학과__TEA3031__화학논리및논술.pdf,,1
H0002256,H0003563,생명과학과,TEA3032,생물논리및논술,2014,2,2015/1 ~ 2015/1,생명과학과,100,,,,,,,,,,,,1,,,,,,,,,,,,ok,outputs/pdfs_full/생명과학과__TEA3032__생물논리및논술.pdf,,1
H0002256,H0003663,정치외교학과,TEA3033,일반사회논리및논술,2024,2,2011/1 ~ 2029/2,정치외교학과,100,,,,,,,,,,,,2,,,,,,,,,,,,ok,outputs/pdfs_full/정치외교학과__TEA3033__일반사회논리및논술.pdf,,2
H0002256,H0002894,경영학부,TEA3034,상업논리및논술,2024,2,2011/1 ~ 2029/2,경영학부(학부/서울/경영),100,,,,,,,,,,,,2,,,,,,,,,,,,ok,outputs/pdfs_full/경영학부__TEA3034__상업논리및논술.pdf,,2
H0002256,H0003583,의류학과,TEA3035,가정논리및논술,2022,2,2013/1 ~ 2029/2,의류학과,100,,,,,,,,,,,,1,,,,,,,,,,,,ok,outputs/pdfs_full/의류학과__TEA3035__가정논리및논술.pdf,,1
H0002256,H0002737,성악과,TEA3036,음악논리및논술,2025,2,2015/1 ~ 2029/2,성악과(학부/서울),88.89,,,11.11,,,,,,,,,8,,,1,,,,,,,,,ok,outputs/pdfs_full/성악과__TEA3036__음악논리및논술.pdf,,9
H0002256,H0003587,체육학과,TEA3037,체육논리및논술,2025,2,2013/1 ~ 2024/2,체육학과,33.33,50,16.67,,,,,,,,,,2,3,1,,,,,,,,,,ok,outputs/pdfs_full/체육학과__TEA3037__체육논리및논술.pdf,,6
H0002256,H0002839,관광학부,TEA3038,관광논리및논술,2025,2,2011/1 ~ 2029/2,관광학부(학부/서울),100,,,,,,,,,,,,1,,,,,,,,,,,,ok,outputs/pdfs_full/관광학부__TEA3038__관광논리및논술.pdf,,1
H0002256,H0002809,중어중문학과,TEA3044,외국어논리및논술,2025,2,2015/2 ~ 2029/2,중어중문학(학부/서울),100,,,,,,,,,,,,7,,,,,,,,,,,,ok,outputs/pdfs_full/중어중문학과__TEA3044__외국어논리및논술.pdf,,7
H0002256,H0003561,물리학과,TEA3045,과학논리및논술,2024,2,2015/2 ~ 2029/2,물리학과,100,,,,,,,,,,,,1,,,,,,,,,,,,ok,outputs/pdfs_full/물리학과__TEA3045__과학논리및논술.pdf,,1
H0002256,H0002894,경영학부,TEA4021,상업교수법,2024,2,2019/2 ~ 2030/2,경영학부(학부/서울/경영),50,,,50,,,,,,,,,1,,,1,,,,,,,,,ok,outputs/pdfs_full/경영학부__TEA4021__상업교수법.pdf,,2
H0002256,H0002794,국어국문학과,TEA5001,국어교과교육론,2017,1,2011/1 ~ 2029/2,국어국문학(학부-인문과/서울),60,40,,,,,,,,,,,3,2,,,,,,,,,,,ok,outputs/pdfs_full/국어국문학과__TEA5001__국어교과교육론.pdf,,5
H0002256,H0002809,중어중문학과,TEA5002,중국어교과교육론,2015,1,2011/1 ~ 2015/1,중어중문학(학부/서울),40,40,,,20,,,,,,,,2,2,,,1,,,,,,,,ok,outputs/pdfs_full/중어중문학과__TEA5002__중국어교과교육론.pdf,,5
H0002256,H0002815,철학과,TEA5003,철학교과교육론,2023,1,2011/1 ~ 2029/2,철학(학부/서울),,100,,,,,,,,,,,,1,,,,,,,,,,,ok,outputs/pdfs_full/철학과__TEA5003__철학교과교육론.pdf,,1
H0002256,H0002800,영어영문학과,TEA5004,영어교과교육론,2015,1,2011/1 ~ 2015/1,영어영문학(학부/서울),66.67,33.33,,,,,,,,,,,2,1,,,,,,,,,,,ok,outputs/pdfs_full/영어영문학과__TEA5004__영어교과교육론.pdf,,3
H0002256,H0002801,독어독문학과,TEA5005,독일어교과교육론,2015,1,2011/1 ~ 2015/1,독어독문학(학부/서울),100,,,,,,,,,,,,1,,,,,,,,,,,,ok,outputs/pdfs_full/독어독문학과__TEA5005__독일어교과교육론.pdf,,1
H0002256,H0002814,사학과,TEA5006,역사교과교육론,2026,1,2011/1 ~ 2029/2,사학(학부-인문과/서울),50,50,,,,,,,,,,,3,3,,,,,,,,,,,ok,outputs/pdfs_full/사학과__TEA5006__역사교과교육론.pdf,,6
H0002256,H0003589,연극영화학과,TEA5007,연극영화교과교육론,2026,1,2013/1 ~ 2029/2,연극영화학과,66.67,,,,,,33.33,,,,,,2,,,,,,1,,,,,,ok,outputs/pdfs_full/연극영화학과__TEA5007__연극영화교과교육론.pdf,,3
H0002256,H0002517,건설환경공학과,TEA5008,공업교과교육론,2017,1,2011/1 ~ 2017/2,건설환경공학과(학부/서울),100,,,,,,,,,,,,1,,,,,,,,,,,,ok,outputs/pdfs_full/건설환경공학과__TEA5008__공업교과교육론.pdf,,1
H0002256,H0003560,수학과,TEA5009,수학교과교육론,2026,1,2015/1 ~ 2029/2,수학과,,,,100,,,,,,,,,,,,1,,,,,,,,,ok,outputs/pdfs_full/수학과__TEA5009__수학교과교육론.pdf,,1
H0002256,H0003561,물리학과,TEA5010,물리교과교육론,2014,1,2015/1 ~ 2015/1,물리학과,100,,,,,,,,,,,,1,,,,,,,,,,,,ok,outputs/pdfs_full/물리학과__TEA5010__물리교과교육론.pdf,,1
H0002256,H0003562,화학과,TEA5011,화학교과교육론,2015,1,2015/1 ~ 2015/1,화학과,100,,,,,,,,,,,,1,,,,,,,,,,,,ok,outputs/pdfs_full/화학과__TEA5011__화학교과교육론.pdf,,1
H0002256,H0003563,생명과학과,TEA5012,생물교과교육론,2015,1,2015/1 ~ 2015/1,생명과학과,100,,,,,,,,,,,,1,,,,,,,,,,,,ok,outputs/pdfs_full/생명과학과__TEA5012__생물교과교육론.pdf,,1
H0002256,H0003663,정치외교학과,TEA5013,일반사회교과교육론,2024,1,2011/1 ~ 2029/2,정치외교학과,100,,,,,,,,,,,,1,,,,,,,,,,,,ok,outputs/pdfs_full/정치외교학과__TEA5013__일반사회교과교육론.pdf,,1
H0002256,H0002894,경영학부,TEA5014,상업교과교육론,2025,1,2011/1 ~ 2029/2,경영학부(학부/서울/경영),50,25,25,,,,,,,,,,2,1,1,,,,,,,,,,ok,outputs/pdfs_full/경영학부__TEA5014__상업교과교육론.pdf,,4
H0002256,H0003583,의류학과,TEA5015,가정교과교육론,2023,1,2013/1 ~ 2029/2,의류학과,100,,,,,,,,,,,,2,,,,,,,,,,,,ok,outputs/pdfs_full/의류학과__TEA5015__가정교과교육론.pdf,,2
H0002256,H0002737,성악과,TEA5016,음악교과교육론,2026,1,2011/1 ~ 2029/2,성악과(학부/서울),100,,,,,,,,,,,,6,,,,,,,,,,,,ok,outputs/pdfs_full/성악과__TEA5016__음악교과교육론.pdf,,6
H0002256,H0003587,체육학과,TEA5017,체육교과교육론,2026,1,2013/1 ~ 2025/2,체육학과,100,,,,,,,,,,,,7,,,,,,,,,,,,ok,outputs/pdfs_full/체육학과__TEA5017__체육교과교육론.pdf,,7
H0002256,H0002839,관광학부,TEA5020,관광교과교육론,2026,1,2011/1 ~ 2029/2,관광학부(학부/서울),100,,,,,,,,,,,,2,,,,,,,,,,,,ok,outputs/pdfs_full/관광학부__TEA5020__관광교과교육론.pdf,,2
H0002256,H0003561,물리학과,TEA5021,과학교과교육론,2026,1,2015/2 ~ 2029/2,물리학과,100,,,,,,,,,,,,1,,,,,,,,,,,,ok,outputs/pdfs_full/물리학과__TEA5021__과학교과교육론.pdf,,1
H0002256,H0002809,중어중문학과,TEA5022,외국어교과교육론,2026,1,2015/2 ~ 2029/2,중어중문학(학부/서울),100,,,,,,,,,,,,3,,,,,,,,,,,,ok,outputs/pdfs_full/중어중문학과__TEA5022__외국어교과교육론.pdf,,3
H0002256,H0002794,국어국문학과,TEA6001,국어교과교재연구및지도,2018,1,2012/1 ~ 2030/2,국어국문학(학부-인문과/서울),100,,,,,,,,,,,,2,,,,,,,,,,,,ok,outputs/pdfs_full/국어국문학과__TEA6001__국어교과교재연구및지도.pdf,,2
H0002256,H0002815,철학과,TEA6003,철학교과교재연구및지도,2022,1,2012/1 ~ 2030/2,철학(학부/서울),100,,,,,,,,,,,,1,,,,,,,,,,,,ok,outputs/pdfs_full/철학과__TEA6003__철학교과교재연구및지도.pdf,,1
H0002256,H0002814,사학과,TEA6006,역사교과교재연구및지도,2026,1,2012/1 ~ 2030/2,사학(학부-인문과/서울),100,,,,,,,,,,,,2,,,,,,,,,,,,ok,outputs/pdfs_full/사학과__TEA6006__역사교과교재연구및지도.pdf,,2
H0002256,H0003589,연극영화학과,TEA6007,연극영화교과교재연구및지도,2026,1,2013/1 ~ 2030/2,연극영화학과,100,,,,,,,,,,,,3,,,,,,,,,,,,ok,outputs/pdfs_full/연극영화학과__TEA6007__연극영화교과교재연구및지도.pdf,,3
H0002256,H0002517,건설환경공학과,TEA6008,공업교과교재연구및지도,2017,2,2012/1 ~ 2018/2,건설환경공학과(학부/서울),100,,,,,,,,,,,,1,,,,,,,,,,,,ok,outputs/pdfs_full/건설환경공학과__TEA6008__공업교과교재연구및지도.pdf,,1
H0002256,H0003560,수학과,TEA6009,수학교과교재연구및지도,2025,1,2016/1 ~ 2030/2,수학과,,50,,,50,,,,,,,,,1,,,1,,,,,,,,ok,outputs/pdfs_full/수학과__TEA6009__수학교과교재연구및지도.pdf,,2
H0002256,H0003663,정치외교학과,TEA6013,일반사회교과교재연구및지도,2023,1,2012/1 ~ 2030/2,정치외교학과,100,,,,,,,,,,,,1,,,,,,,,,,,,ok,outputs/pdfs_full/정치외교학과__TEA6013__일반사회교과교재연구및지도.pdf,,1
H0002256,H0002894,경영학부,TEA6014,상업교과교재연구및지도,2025,1,2012/1 ~ 2030/2,경영학부(학부/서울/경영),100,,,,,,,,,,,,1,,,,,,,,,,,,ok,outputs/pdfs_full/경영학부__TEA6014__상업교과교재연구및지도.pdf,,1
H0002256,H0003583,의류학과,TEA6015,가정교과교재연구및지도,2022,1,2013/1 ~ 2030/2,의류학과,50,50,,,,,,,,,,,1,1,,,,,,,,,,,ok,outputs/pdfs_full/의류학과__TEA6015__가정교과교재연구및지도.pdf,,2
H0002256,H0002737,성악과,TEA6016,음악교과교재연구및지도,2026,1,2012/1 ~ 2030/2,성악과(학부/서울),87.5,,12.5,,,,,,,,,,7,,1,,,,,,,,,,ok,outputs/pdfs_full/성악과__TEA6016__음악교과교재연구및지도.pdf,,8
H0002256,H0003587,체육학과,TEA6017,체육교과교재연구및지도,2026,1,2013/1 ~ 2026/2,체육학과,100,,,,,,,,,,,,10,,,,,,,,,,,,ok,outputs/pdfs_full/체육학과__TEA6017__체육교과교재연구및지도.pdf,,10
H0002256,H0002839,관광학부,TEA6020,관광교과교재연구및지도,2026,1,2012/1 ~ 2030/2,관광학부(학부/서울),100,,,,,,,,,,,,1,,,,,,,,,,,,ok,outputs/pdfs_full/관광학부__TEA6020__관광교과교재연구및지도.pdf,,1
H0002256,H0002809,중어중문학과,TEA6021,외국어교과교재연구및지도,2026,1,2016/1 ~ 2030/2,중어중문학(학부/서울),66.67,16.67,,16.67,,,,,,,,,4,1,,1,,,,,,,,,ok,outputs/pdfs_full/중어중문학과__TEA6021__외국어교과교재연구및지도.pdf,,6
H0002256,H0003561,물리학과,TEA6022,과학교과교재연구및지도,2025,1,2015/2 ~ 2030/2,물리학과,100,,,,,,,,,,,,1,,,,,,,,,,,,ok,outputs/pdfs_full/물리학과__TEA6022__과학교과교재연구및지도.pdf,,1
H0002256,H0002839,관광학부,TOU1011,관광론,2026,1,2004/1 ~ 2027/2,관광학부(학부/서울),35.24,14.29,7.62,6.67,2.86,1.9,9.52,,,,,,37,15,8,7,3,2,10,,,,,,ok,outputs/pdfs_full/관광학부__TOU1011__관광론.pdf,,82
H0002256,H0002839,관광학부,TOU1012,관광개발의이해,2025,2,2004/1 ~ 2027/2,관광학부(학부/서울),21.43,16.07,21.43,14.29,12.5,7.14,5.36,1.79,,,,,12,9,12,8,7,4,3,1,,,,,ok,outputs/pdfs_full/관광학부__TOU1012__관광개발의이해.pdf,,56
H0002256,H0002839,관광학부,TOU1013,레저학의이해,2025,2,2004/1 ~ 2027/2,관광학부(학부/서울),20.69,18.97,17.24,17.24,17.24,,,,,6.9,1.72,,12,11,10,10,10,,,,,4,1,,ok,outputs/pdfs_full/관광학부__TOU1013__레저학의이해.pdf,,58
H0002256,H0002839,관광학부,TOU1014,국제관광의이해,2015,2,2004/1 ~ 2015/2,관광학부(학부/서울),28.36,1.49,40.3,,25.37,4.48,,,,,,,19,1,27,,17,3,,,,,,,ok,outputs/pdfs_full/관광학부__TOU1014__국제관광의이해.pdf,,67
H0002256,H0002839,관광학부,TOU1016,호스피탈러티산업의이해,2015,2,2004/1 ~ 2015/2,관광학부(학부/서울),26.87,2.99,34.33,5.97,25.37,4.48,,,,,,,18,2,23,4,17,3,,,,,,,ok,outputs/pdfs_full/관광학부__TOU1016__호스피탈러티산업의이해.pdf,,67
H0002256,H0002839,관광학부,TOU1017,지속가능한관광론,2026,1,2004/1 ~ 2028/2,관광학부(학부/서울),25,14.29,25,14.29,14.29,7.14,,,,,,,7,4,7,4,4,2,,,,,,,ok,outputs/pdfs_full/관광학부__TOU1017__지속가능한관광론.pdf,,28
H0002256,H0002839,관광학부,TOU1019,관광지리의이해,2025,2,2009/1 ~ 2027/2,관광학부(학부/서울),8.33,30,33.33,8.33,10,10,,,,,,,5,18,20,5,6,6,,,,,,,ok,outputs/pdfs_full/관광학부__TOU1019__관광지리의이해.pdf,,60
H0002256,H0002839,관광학부,TOU1020,문화관광경영,2026,1,2013/1 ~ 2027/2,관광학부(학부/서울),41.3,,41.3,,17.39,,,,,,,,19,,19,,8,,,,,,,,ok,outputs/pdfs_full/관광학부__TOU1020__문화관광경영.pdf,,46
H0002256,H0002839,관광학부,TOU1021,신융합관광의이해,2026,1,2016/1 ~ 2027/2,관광학부(학부/서울),98.55,1.45,,,,,,,,,,,68,1,,,,,,,,,,,ok,outputs/pdfs_full/관광학부__TOU1021__신융합관광의이해.pdf,,69
H0002256,H0002839,관광학부,TOU1022,호텔의이해,2025,2,2016/1 ~ 2027/2,관광학부(학부/서울),21.43,14.29,20,14.29,17.14,5.71,,,,7.14,,,15,10,14,10,12,4,,,,5,,,ok,outputs/pdfs_full/관광학부__TOU1022__호텔의이해.pdf,,70
H0002256,H0002839,관광학부,TOU1023,국제관광행동론,2025,2,2025/2 ~ 2027/2,관광학부(학부/서울),38.89,,40.74,,20.37,,,,,,,,21,,22,,11,,,,,,,,ok,outputs/pdfs_full/관광학부__TOU1023__국제관광행동론.pdf,,54
H0002256,H0002839,관광학부,TOU2005,호텔경영론,2016,1,2004/1 ~ 2016/2,관광학부(학부/서울),37.04,7.41,33.33,,7.41,,,7.41,,7.41,,,10,2,9,,2,,,2,,2,,,ok,outputs/pdfs_full/관광학부__TOU2005__호텔경영론.pdf,,27
H0002256,H0002839,관광학부,TOU2012,관광계획및개발론,2024,1,2004/1 ~ 2028/2,관광학부(학부/서울),17.5,20,27.5,15,17.5,2.5,,,,,,,7,8,11,6,7,1,,,,,,,ok,outputs/pdfs_full/관광학부__TOU2012__관광계획및개발론.pdf,,40
H0002256,H0002839,관광학부,TOU2023,관광영어1,2025,2,1998/1 ~ 2028/2,관광학부(학부/서울),97.96,,2.04,,,,,,,,,,48,,1,,,,,,,,,,ok,outputs/pdfs_full/관광학부__TOU2023__관광영어1.pdf,,49
H0002256,H0002839,관광학부,TOU2024,관광영어2,2026,1,1998/1 ~ 2029/2,관광학부(학부/서울),80.43,6.52,13.04,,,,,,,,,,37,3,6,,,,,,,,,,ok,outputs/pdfs_full/관광학부__TOU2024__관광영어2.pdf,,46
H0002256,H0002839,관광학부,TOU2029,푸드(F&B)컨텐츠와융합비즈니스,2025,2,2004/1 ~ 2028/2,관광학부(학부/서울),11.76,11.76,52.94,11.76,11.76,,,,,,,,2,2,9,2,2,,,,,,,,ok,outputs/pdfs_full/관광학부__TOU2029__푸드(F&B)컨텐츠와융합비즈니스.pdf,,17
H0002256,H0002839,관광학부,TOU2031,현대여행업론,2018,1,2004/1 ~ 2018/2,관광학부(학부/서울),38.1,,42.86,,19.05,,,,,,,,8,,9,,4,,,,,,,,ok,outputs/pdfs_full/관광학부__TOU2031__현대여행업론.pdf,,21
H0002256,H0002839,관광학부,TOU2032,관광개발사례연구,2021,1,2005/1 ~ 2026/2,관광학부(학부/서울),28.57,11.43,31.43,14.29,5.71,8.57,,,,,,,10,4,11,5,2,3,,,,,,,ok,outputs/pdfs_full/관광학부__TOU2032__관광개발사례연구.pdf,,35
H0002256,H0002839,관광학부,TOU2034,컨벤션전시경영론,2020,1,2005/1 ~ 2020/2,관광학부(학부/서울),23.08,19.23,23.08,28.85,5.77,,,,,,,,12,10,12,15,3,,,,,,,,ok,outputs/pdfs_full/관광학부__TOU2034__컨벤션전시경영론.pdf,,52
H0002256,H0002839,관광학부,TOU2035,관광산업인턴쉽및경력관리1,2022,1,2006/1 ~ 2022/2,관광학부(학부/서울),88.89,11.11,,,,,,,,,,,8,1,,,,,,,,,,,ok,outputs/pdfs_full/관광학부__TOU2035__관광산업인턴쉽및경력관리1.pdf,,9
H0002256,H0002839,관광학부,TOU2036,관광산업인턴쉽및경력관리2,2015,2,2006/1 ~ 2016/2,관광학부(학부/서울),37.5,,37.5,4.17,16.67,4.17,,,,,,,9,,9,1,4,1,,,,,,,ok,outputs/pdfs_full/관광학부__TOU2036__관광산업인턴쉽및경력관리2.pdf,,24
H0002256,H0002839,관광학부,TOU2037,관광자원총론,2025,2,2010/1 ~ 2028/2,관광학부(학부/서울),50,32.14,14.29,3.57,,,,,,,,,14,9,4,1,,,,,,,,,ok,outputs/pdfs_full/관광학부__TOU2037__관광자원총론.pdf,,28
H0002256,H0002839,관광학부,TOU2038,관광산업환경네트워크,2015,2,2010/1 ~ 2016/2,관광학부(학부/서울),28.13,12.5,31.25,9.38,18.75,,,,,,,,9,4,10,3,6,,,,,,,,ok,outputs/pdfs_full/관광학부__TOU2038__관광산업환경네트워크.pdf,,32
H0002256,H0002839,관광학부,TOU2042,관광계량정보,2016,2,2014/1 ~ 2016/2,관광학부(학부/서울),39.58,,39.58,,20.83,,,,,,,,19,,19,,10,,,,,,,,ok,outputs/pdfs_full/관광학부__TOU2042__관광계량정보.pdf,,48
H0002256,H0002839,관광학부,TOU2043,서비스산업이슈세미나,2026,1,2021/1 ~ 2028/2,관광학부(학부/서울),79.59,16.33,2.04,2.04,,,,,,,,,39,8,1,1,,,,,,,,,ok,outputs/pdfs_full/관광학부__TOU2043__서비스산업이슈세미나.pdf,,49
H0002256,H0002839,관광학부,TOU2044,여행관광행복론,2025,2,2025/1 ~ 2028/2,관광학부(학부/서울),41.86,,44.19,,13.95,,,,,,,,18,,19,,6,,,,,,,,ok,outputs/pdfs_full/관광학부__TOU2044__여행관광행복론.pdf,,43
H0002256,H0002839,관광학부,TOU3005,관광정책론,2024,2,2000/1 ~ 2025/1,관광학부(학부/서울),32.86,24.29,18.57,15.71,8.57,,,,,,,,23,17,13,11,6,,,,,,,,ok,outputs/pdfs_full/관광학부__TOU3005__관광정책론.pdf,,70
H0002256,H0002839,관광학부,TOU3016,관광통계학,2026,1,1998/1 ~ 2029/2,관광학부(학부/서울),18.42,18.42,5.26,18.42,13.16,15.79,10.53,,,,,,7,7,2,7,5,6,4,,,,,,ok,outputs/pdfs_full/관광학부__TOU3016__관광통계학.pdf,,38
H0002256,H0002839,관광학부,TOU3040,레저관광심리학,2026,1,2004/1 ~ 2028/2,관광학부(학부/서울),33.33,,38.1,,19.05,,,,,,9.52,,7,,8,,4,,,,,,2,,ok,outputs/pdfs_full/관광학부__TOU3040__레저관광심리학.pdf,,21
H0002256,H0002839,관광학부,TOU3042,관광경제학,2025,2,2004/1 ~ 2028/2,관광학부(학부/서울),69.23,9.62,7.69,13.46,,,,,,,,,36,5,4,7,,,,,,,,,ok,outputs/pdfs_full/관광학부__TOU3042__관광경제학.pdf,,52
H0002256,H0002839,관광학부,TOU3050,관광연구방법론,2016,2,2006/1 ~ 2021/2,관광학부(학부/서울),60,24,8,8,,,,,,,,,15,6,2,2,,,,,,,,,ok,outputs/pdfs_full/관광학부__TOU3050__관광연구방법론.pdf,,25
H0002256,H0002839,관광학부,TOU3055,축제이벤트론,2026,1,2006/1 ~ 2029/2,관광학부(학부/서울),61.54,25.64,5.13,7.69,,,,,,,,,24,10,2,3,,,,,,,,,ok,outputs/pdfs_full/관광학부__TOU3055__축제이벤트론.pdf,,39
H0002256,H0002839,관광학부,TOU3058,엔터테인먼트산업,2017,1,2007/1 ~ 2017/2,관광학부(학부/서울),22.22,16.67,16.67,22.22,11.11,11.11,,,,,,,4,3,3,4,2,2,,,,,,,ok,outputs/pdfs_full/관광학부__TOU3058__엔터테인먼트산업.pdf,,18
H0002256,H0002839,관광학부,TOU3060,관광저널리즘,2016,2,2007/1 ~ 2017/2,관광학부(학부/서울),25,15.63,34.38,6.25,12.5,6.25,,,,,,,8,5,11,2,4,2,,,,,,,ok,outputs/pdfs_full/관광학부__TOU3060__관광저널리즘.pdf,,32
H0002256,H0002839,관광학부,TOU3062,관광지리자원세미나,2017,2,2011/1 ~ 2017/2,관광학부(학부/서울),27.27,13.64,31.82,9.09,18.18,,,,,,,,6,3,7,2,4,,,,,,,,ok,outputs/pdfs_full/관광학부__TOU3062__관광지리자원세미나.pdf,,22
H0002256,H0002839,관광학부,TOU3064,레저놀이와사회이슈세미나,2017,2,2011/1 ~ 2017/2,관광학부(학부/서울),43.48,,39.13,,17.39,,,,,,,,10,,9,,4,,,,,,,,ok,outputs/pdfs_full/관광학부__TOU3064__레저놀이와사회이슈세미나.pdf,,23
H0002256,H0002839,관광학부,TOU3067,관광법의이해,2017,2,2011/1 ~ 2017/2,관광학부(학부/서울),25,25,37.5,,12.5,,,,,,,,6,6,9,,3,,,,,,,,ok,outputs/pdfs_full/관광학부__TOU3067__관광법의이해.pdf,,24
H0002256,H0002839,관광학부,TOU3069,관광정보경영,2025,2,2011/1 ~ 2030/2,관광학부(학부/서울),25,50,12.5,12.5,,,,,,,,,2,4,1,1,,,,,,,,,ok,outputs/pdfs_full/관광학부__TOU3069__관광정보경영.pdf,,8
H0002256,H0002839,관광학부,TOU3070,호텔·관광소비자행동론,2017,2,2011/1 ~ 2017/2,관광학부(학부/서울),40,,40,,18,,,2,,,,,20,,20,,9,,,1,,,,,ok,outputs/pdfs_full/관광학부__TOU3070__호텔·관광소비자행동론.pdf,,50
H0002256,H0002839,관광학부,TOU3071,한국관광사,2026,1,2015/1 ~ 2029/2,관광학부(학부/서울),19.23,15.38,26.92,15.38,3.85,15.38,,,,,3.85,,5,4,7,4,1,4,,,,,1,,ok,outputs/pdfs_full/관광학부__TOU3071__한국관광사.pdf,,26
H0002256,H0002839,관광학부,TOU3072,관광정책사례분석,2024,1,2015/1 ~ 2030/2,관광학부(학부/서울),53.66,19.51,4.88,7.32,12.2,2.44,,,,,,,22,8,2,3,5,1,,,,,,,ok,outputs/pdfs_full/관광학부__TOU3072__관광정책사례분석.pdf,,41
H0002256,H0002839,관광학부,TOU3073,호텔·관광마케팅론,2026,1,2015/1 ~ 2028/2,관광학부(학부/서울),47.73,31.82,15.91,2.27,,,,,,,2.27,,21,14,7,1,,,,,,,1,,ok,outputs/pdfs_full/관광학부__TOU3073__호텔·관광마케팅론.pdf,,44
H0002256,H0002839,관광학부,TOU3075,지속가능한항공경영론,2026,1,2018/1 ~ 2029/2,관광학부(학부/서울),34.15,,36.59,,19.51,,,,,,9.76,,14,,15,,8,,,,,,4,,ok,outputs/pdfs_full/관광학부__TOU3075__지속가능한항공경영론.pdf,,41
H0002256,H0002839,관광학부,TOU3077,호텔·관광사례및트렌드분석,2025,2,2018/1 ~ 2029/2,관광학부(학부/서울),9.09,22.73,31.82,,22.73,,13.64,,,,,,2,5,7,,5,,3,,,,,,ok,outputs/pdfs_full/관광학부__TOU3077__호텔·관광사례및트렌드분석.pdf,,22
H0002256,H0002839,관광학부,TOU3078,도시및지역관광개발론,2021,1,2018/1 ~ 2025/2,관광학부(학부/서울),22.22,19.05,28.57,15.87,6.35,6.35,,,,1.59,,,14,12,18,10,4,4,,,,1,,,ok,outputs/pdfs_full/관광학부__TOU3078__도시및지역관광개발론.pdf,,63
H0002256,H0002839,관광학부,TOU3079,관광패널이슈세미나,2020,2,2018/1 ~ 2025/2,관광학부(학부/서울),13.79,27.59,22.41,10.34,8.62,13.79,3.45,,,,,,8,16,13,6,5,8,2,,,,,,ok,outputs/pdfs_full/관광학부__TOU3079__관광패널이슈세미나.pdf,,58
H0002256,H0002839,관광학부,TOU3080,미래관광과여행산업,2025,1,2021/1 ~ 2029/2,관광학부(학부/서울),24,8,40,,28,,,,,,,,6,2,10,,7,,,,,,,,ok,outputs/pdfs_full/관광학부__TOU3080__미래관광과여행산업.pdf,,25
H0002256,H0002839,관광학부,TOU3081,글로벌서비스론,2025,2,2021/2 ~ 2029/2,관광학부(학부/서울),57.14,31.43,11.43,,,,,,,,,,20,11,4,,,,,,,,,,ok,outputs/pdfs_full/관광학부__TOU3081__글로벌서비스론.pdf,,35
H0002256,H0002839,관광학부,TOU3082,관광수익관리,2025,2,2022/1 ~ 2029/2,관광학부(학부/서울),39.29,28.57,3.57,10.71,3.57,10.71,,3.57,,,,,11,8,1,3,1,3,,1,,,,,ok,outputs/pdfs_full/관광학부__TOU3082__관광수익관리.pdf,,28
H0002256,H0002839,관광학부,TOU3083,디지털트랜스포메이션과관광혁신창업,2025,1,2023/1 ~ 2030/2,관광학부(학부/서울),52,20,24,4,,,,,,,,,13,5,6,1,,,,,,,,,ok,outputs/pdfs_full/관광학부__TOU3083__디지털트랜스포메이션과관광혁신창업.pdf,,25
H0002256,H0002839,관광학부,TOU4030,지역관광개발론,2017,1,2000/1 ~ 2017/2,관광학부(학부/서울),35.29,,37.25,,15.69,,,,,11.76,,,18,,19,,8,,,,,6,,,ok,outputs/pdfs_full/관광학부__TOU4030__지역관광개발론.pdf,,51
H0002256,H0002839,관광학부,TOU4043,관광정책커뮤니케이션,2022,1,2007/1 ~ 2026/2,관광학부(학부/서울),27.59,13.79,41.38,17.24,,,,,,,,,8,4,12,5,,,,,,,,,ok,outputs/pdfs_full/관광학부__TOU4043__관광정책커뮤니케이션.pdf,,29
H0002256,H0002839,관광학부,TOU4045,관광자원기획실습,2017,1,2007/1 ~ 2018/2,관광학부(학부/서울),42.86,,28.57,21.43,7.14,,,,,,,,6,,4,3,1,,,,,,,,ok,outputs/pdfs_full/관광학부__TOU4045__관광자원기획실습.pdf,,14
H0002256,H0002839,관광학부,TOU4047,축제이벤트기획프로젝트,2025,2,2007/1 ~ 2026/2,관광학부(학부/서울),33.33,13.33,6.67,40,,6.67,,,,,,,5,2,1,6,,1,,,,,,,ok,outputs/pdfs_full/관광학부__TOU4047__축제이벤트기획프로젝트.pdf,,15
H0002256,H0002839,관광학부,TOU4050,관광정책이슈분석,2018,2,2012/1 ~ 2018/2,관광학부(학부/서울),33.33,5.56,27.78,,33.33,,,,,,,,6,1,5,,6,,,,,,,,ok,outputs/pdfs_full/관광학부__TOU4050__관광정책이슈분석.pdf,,18
H0002256,H0002839,관광학부,TOU4052,관광개발세미나,2018,2,2012/1 ~ 2018/2,관광학부(학부/서울),36.36,4.55,40.91,,18.18,,,,,,,,8,1,9,,4,,,,,,,,ok,outputs/pdfs_full/관광학부__TOU4052__관광개발세미나.pdf,,22
H0002256,H0002839,관광학부,TOU4053,관광개발프로젝트,2015,1,2012/1 ~ 2018/2,관광학부(학부/서울),30,10,40,,10,10,,,,,,,3,1,4,,1,1,,,,,,,ok,outputs/pdfs_full/관광학부__TOU4053__관광개발프로젝트.pdf,,10
H0002256,H0002839,관광학부,TOU4055,호텔·관광인적자원관리론,2022,2,2012/1 ~ 2026/2,관광학부(학부/서울),26.47,14.71,29.41,23.53,5.88,,,,,,,,9,5,10,8,2,,,,,,,,ok,outputs/pdfs_full/관광학부__TOU4055__호텔·관광인적자원관리론.pdf,,34
H0002256,H0002839,관광학부,TOU4056,호텔·관광경영커뮤니케이션,2015,2,2011/1 ~ 2018/2,관광학부(학부/서울),37.5,,43.75,,18.75,,,,,,,,6,,7,,3,,,,,,,,ok,outputs/pdfs_full/관광학부__TOU4056__호텔·관광경영커뮤니케이션.pdf,,16
H0002256,H0002839,관광학부,TOU4057,기후변화와관광:계획과관리,2014,2,2012/1 ~ 2018/2,관광학부(학부/서울),50,28.57,14.29,7.14,,,,,,,,,7,4,2,1,,,,,,,,,ok,outputs/pdfs_full/관광학부__TOU4057__기후변화와관광_계획과관리.pdf,,14
H0002256,H0002839,관광학부,TOU4058,호텔·관광캡스톤디자인,2015,1,2012/1 ~ 2018/2,관광학부(학부/서울),85.19,7.41,7.41,,,,,,,,,,23,2,2,,,,,,,,,,ok,outputs/pdfs_full/관광학부__TOU4058__호텔·관광캡스톤디자인.pdf,,27
H0002256,H0002839,관광학부,TOU4059,컨벤션전시기획캡스톤디자인,2024,2,2012/1 ~ 2030/2,관광학부(학부/서울),50,33.33,11.11,,5.56,,,,,,,,9,6,2,,1,,,,,,,,ok,outputs/pdfs_full/관광학부__TOU4059__컨벤션전시기획캡스톤디자인.pdf,,18
H0002256,H0002839,관광학부,TOU4060,문화관광전략,2026,1,2013/1 ~ 2028/2,관광학부(학부/서울),43.48,8.7,4.35,13.04,21.74,8.7,,,,,,,10,2,1,3,5,2,,,,,,,ok,outputs/pdfs_full/관광학부__TOU4060__문화관광전략.pdf,,23
H0002256,H0002839,관광학부,TOU4061,호텔·관광리더십,2026,1,2023/1 ~ 2030/2,관광학부(학부/서울),51.43,20,20,8.57,,,,,,,,,18,7,7,3,,,,,,,,,ok,outputs/pdfs_full/관광학부__TOU4061__호텔·관광리더십.pdf,,35
H0002256,H0002839,관광학부,TOU4062,서비스문제해결방법론,2026,1,2021/1 ~ 2030/2,관광학부(학부/서울),42.11,,39.47,,18.42,,,,,,,,16,,15,,7,,,,,,,,ok,outputs/pdfs_full/관광학부__TOU4062__서비스문제해결방법론.pdf,,38
H0002256,H0002839,관광학부,TOU4063,글로벌커뮤니케이션론,2025,2,2023/2 ~ 2030/2,관광학부(학부/서울),23.33,36.67,16.67,16.67,6.67,,,,,,,,7,11,5,5,2,,,,,,,,ok,outputs/pdfs_full/관광학부__TOU4063__글로벌커뮤니케이션론.pdf,,30
H0002256,H0002839,관광학부,TOU4065,관광정책과전략기획,2026,1,2026/1 ~ 2030/2,관광학부(학부/서울),84.38,15.63,,,,,,,,,,,27,5,,,,,,,,,,,ok,outputs/pdfs_full/관광학부__TOU4065__관광정책과전략기획.pdf,,32
H0002256,H0002570,도시공학과,TRE2001,교통공학,2025,2,1995/1 ~ 2029/2,도시공학과(학부/서울),13.79,13.79,17.24,17.24,13.79,13.79,,,,,10.34,,4,4,5,5,4,4,,,,,3,,ok,outputs/pdfs_full/도시공학과__TRE2001__교통공학.pdf,,29
H0002256,H0002570,도시공학과,TRE3003,교통계획,2026,1,1995/1 ~ 2029/2,도시공학과(학부/서울),22.03,20.34,22.03,8.47,13.56,6.78,1.69,,,3.39,1.69,,13,12,13,5,8,4,1,,,2,1,,ok,outputs/pdfs_full/도시공학과__TRE3003__교통계획.pdf,,59
H0002256,H0002570,도시공학과,URE1002,도시와인간,2026,1,1993/1 ~ 2027/2,도시공학과(학부/서울),20.83,10.42,39.58,,25,4.17,,,,,,,10,5,19,,12,2,,,,,,,ok,outputs/pdfs_full/도시공학과__URE1002__도시와인간.pdf,,48
H0002256,H0002570,도시공학과,URE1004,도시디자인의이해1,2015,1,2009/1 ~ 2015/2,도시공학과(학부/서울),20,26,36,10,4,,2,2,,,,,10,13,18,5,2,,1,1,,,,,ok,outputs/pdfs_full/도시공학과__URE1004__도시디자인의이해1.pdf,,50
H0002256,H0002570,도시공학과,URE1005,도시디자인의이해2,2015,2,2009/1 ~ 2015/2,도시공학과(학부/서울),25,42.86,17.86,7.14,3.57,3.57,,,,,,,7,12,5,2,1,1,,,,,,,ok,outputs/pdfs_full/도시공학과__URE1005__도시디자인의이해2.pdf,,28
H0002256,H0002570,도시공학과,URE1007,도시와디자인,2025,2,2016/1 ~ 2027/2,도시공학과(학부/서울),51.43,42.86,5.71,,,,,,,,,,18,15,2,,,,,,,,,,ok,outputs/pdfs_full/도시공학과__URE1007__도시와디자인.pdf,,35
H0002256,H0002570,도시공학과,URE2006,도시계획개론,2026,1,1994/1 ~ 2028/2,도시공학과(학부/서울),15.91,15.91,22.73,13.64,13.64,6.82,2.27,,,4.55,4.55,,7,7,10,6,6,3,1,,,2,2,,ok,outputs/pdfs_full/도시공학과__URE2006__도시계획개론.pdf,,44
H0002256,H0002570,도시공학과,URE2008,GIS와도시공간분석,2026,1,2011/1 ~ 2029/2,도시공학과(학부/서울),14.29,21.43,35.71,3.57,10.71,3.57,,7.14,,,3.57,,4,6,10,1,3,1,,2,,,1,,ok,outputs/pdfs_full/도시공학과__URE2008__GIS와도시공간분석.pdf,,28
H0002256,H0002570,도시공학과,URE2010,단지계획,2016,1,2010/1 ~ 2016/2,도시공학과(학부/서울),4.17,33.33,41.67,20.83,,,,,,,,,1,8,10,5,,,,,,,,,ok,outputs/pdfs_full/도시공학과__URE2010__단지계획.pdf,,24
H0002256,H0002886,건축학부,URE3001,단지계획,2021,2,2007/1 ~ 2022/1,건축학부(학부/서울),28.24,56.47,11.76,,,2.35,,,,1.18,,,24,48,10,,,2,,,,1,,,ok,outputs/pdfs_full/건축학부__URE3001__단지계획.pdf,,85
H0002256,H0002570,도시공학과,URE3002,도시법규,2017,1,1991/1 ~ 2017/2,도시공학과(학부/서울),29.41,,41.18,,29.41,,,,,,,,5,,7,,5,,,,,,,,ok,outputs/pdfs_full/도시공학과__URE3002__도시법규.pdf,,17
H0002256,H0002570,도시공학과,URE3004,계획이론,2013,1,1991/1 ~ 2017/2,도시공학과(학부/서울),7.41,22.22,29.63,14.81,18.52,3.7,3.7,,,,,,2,6,8,4,5,1,1,,,,,,ok,outputs/pdfs_full/도시공학과__URE3004__계획이론.pdf,,27
H0002256,H0002570,도시공학과,URE3006,토지이용,2025,2,1991/1 ~ 2028/2,도시공학과(학부/서울),16.36,14.55,38.18,5.45,20,3.64,,,,1.82,,,9,8,21,3,11,2,,,,1,,,ok,outputs/pdfs_full/도시공학과__URE3006__토지이용.pdf,,55
H0002256,H0002570,도시공학과,URE3011,도시설계1,2026,1,1991/1 ~ 2028/2,도시공학과(학부/서울),36.36,38.64,15.91,,6.82,2.27,,,,,,,16,17,7,,3,1,,,,,,,ok,outputs/pdfs_full/도시공학과__URE3011__도시설계1.pdf,,44
H0002256,H0002570,도시공학과,URE3012,도시설계2,2025,2,1991/1 ~ 2028/2,도시공학과(학부/서울),57.45,17.02,19.15,6.38,,,,,,,,,27,8,9,3,,,,,,,,,ok,outputs/pdfs_full/도시공학과__URE3012__도시설계2.pdf,,47
H0002256,H0002570,도시공학과,URE3018,컴퓨터응용도시설계,2025,2,1995/1 ~ 2028/2,도시공학과(학부/서울),31.58,42.11,10.53,10.53,5.26,,,,,,,,6,8,2,2,1,,,,,,,,ok,outputs/pdfs_full/도시공학과__URE3018__컴퓨터응용도시설계.pdf,,19
H0002256,H0002570,도시공학과,URE3021,데이터기반도시설계,2026,1,1999/1 ~ 2029/2,도시공학과(학부/서울),75,25,,,,,,,,,,,18,6,,,,,,,,,,,ok,outputs/pdfs_full/도시공학과__URE3021__데이터기반도시설계.pdf,,24
H0002256,H0002570,도시공학과,URE3022,인공지능기반도시설계,2025,2,1999/1 ~ 2029/2,도시공학과(학부/서울),38.46,23.08,38.46,,,,,,,,,,5,3,5,,,,,,,,,,ok,outputs/pdfs_full/도시공학과__URE3022__인공지능기반도시설계.pdf,,13
H0002256,H0002570,도시공학과,URE3024,비용편익분석,2014,2,2011/1 ~ 2017/2,도시공학과(학부/서울),10.53,21.05,42.11,,15.79,5.26,5.26,,,,,,2,4,8,,3,1,1,,,,,,ok,outputs/pdfs_full/도시공학과__URE3024__비용편익분석.pdf,,19
H0002256,H0002570,도시공학과,URE3027,환경생태계획,2023,2,2011/1 ~ 2029/2,도시공학과(학부/서울),25,12.5,29.17,20.83,12.5,,,,,,,,6,3,7,5,3,,,,,,,,ok,outputs/pdfs_full/도시공학과__URE3027__환경생태계획.pdf,,24
H0002256,H0002570,도시공학과,URE3029,도시계량분석,2025,2,2025/1 ~ 2028/2,도시공학과(학부/서울),12.66,13.92,25.32,17.72,16.46,,6.33,5.06,,,2.53,,10,11,20,14,13,,5,4,,,2,,ok,outputs/pdfs_full/도시공학과__URE3029__도시계량분석.pdf,,79
H0002256,H0002570,도시공학과,URE3030,도시빅데이터분석,2026,1,2026/1 ~ 2029/2,도시공학과(학부/서울),28.21,12.82,30.77,7.69,12.82,,,5.13,,,2.56,,11,5,12,3,5,,,2,,,1,,ok,outputs/pdfs_full/도시공학과__URE3030__도시빅데이터분석.pdf,,39
H0002256,H0002570,도시공학과,URE3055,도시계획사,2025,2,1994/1 ~ 2029/2,도시공학과(학부/서울),33.33,22.22,11.11,11.11,22.22,,,,,,,,3,2,1,1,2,,,,,,,,ok,outputs/pdfs_full/도시공학과__URE3055__도시계획사.pdf,,9
H0002256,H0002570,도시공학과,URE4001,국토및지역계획,2017,2,1992/1 ~ 2017/2,도시공학과(학부/서울),18.75,12.5,25,18.75,12.5,,,12.5,,,,,3,2,4,3,2,,,2,,,,,ok,outputs/pdfs_full/도시공학과__URE4001__국토및지역계획.pdf,,16
H0002256,H0002886,건축학부,URE4006,조경이론및설계,2025,2,2008/1 ~ 2030/2,건축학부(학부/서울),29.63,,40.74,,25.93,3.7,,,,,,,8,,11,,7,1,,,,,,,ok,outputs/pdfs_full/건축학부__URE4006__조경이론및설계.pdf,,27
H0002256,H0002570,도시공학과,URE4008,도시공학종합설계1(URIP),2026,1,1992/1 ~ 2030/2,도시공학과(학부/서울),97.44,2.56,,,,,,,,,,,38,1,,,,,,,,,,,ok,outputs/pdfs_full/도시공학과__URE4008__도시공학종합설계1(URIP).pdf,,39
H0002256,H0002570,도시공학과,URE4009,도시공학종합설계2(URIP),2025,2,1992/1 ~ 2030/2,도시공학과(학부/서울),92.68,4.88,,2.44,,,,,,,,,38,2,,1,,,,,,,,,ok,outputs/pdfs_full/도시공학과__URE4009__도시공학종합설계2(URIP).pdf,,41
H0002256,H0002886,건축학부,URE4010,도시설계론,2026,1,2019/1 ~ 2030/2,건축학부(학부/서울),18.75,12.5,37.5,,18.75,12.5,,,,,,,3,2,6,,3,2,,,,,,,ok,outputs/pdfs_full/건축학부__URE4010__도시설계론.pdf,,16
H0002256,H0002570,도시공학과,URE4017,조경.경관계획,2018,1,2000/1 ~ 2018/2,도시공학과(학부/서울),16.67,16.67,16.67,16.67,25,8.33,,,,,,,2,2,2,2,3,1,,,,,,,ok,outputs/pdfs_full/도시공학과__URE4017__조경.경관계획.pdf,,12
H0002256,H0002570,도시공학과,URE4022,부동산개발및마케팅분석,2025,2,2011/1 ~ 2029/2,도시공학과(학부/서울),26.32,5.26,42.11,,26.32,,,,,,,,5,1,8,,5,,,,,,,,ok,outputs/pdfs_full/도시공학과__URE4022__부동산개발및마케팅분석.pdf,,19
H0002256,H0002570,도시공학과,URE4024,도시개발및도시재생,2024,2,2012/1 ~ 2030/2,도시공학과(학부/서울),54.55,36.36,,9.09,,,,,,,,,6,4,,1,,,,,,,,,ok,outputs/pdfs_full/도시공학과__URE4024__도시개발및도시재생.pdf,,11
H0002256,H0002570,도시공학과,URE4025,공간구조와도시지리,2021,2,2012/1 ~ 2026/2,도시공학과(학부/서울),33.33,11.11,27.78,16.67,5.56,5.56,,,,,,,6,2,5,3,1,1,,,,,,,ok,outputs/pdfs_full/도시공학과__URE4025__공간구조와도시지리.pdf,,18
H0002256,H0002570,도시공학과,URE4026,대중교통및녹색교통,2017,1,2012/1 ~ 2018/2,도시공학과(학부/서울),15.38,30.77,7.69,7.69,,7.69,,,,30.77,,,2,4,1,1,,1,,,,4,,,ok,outputs/pdfs_full/도시공학과__URE4026__대중교통및녹색교통.pdf,,13
H0002256,H0002570,도시공학과,URE4028,환경오염과도시관리,2012,2,2012/1 ~ 2018/2,도시공학과(학부/서울),40,30,30,,,,,,,,,,4,3,3,,,,,,,,,,ok,outputs/pdfs_full/도시공학과__URE4028__환경오염과도시관리.pdf,,10
H0002256,H0002570,도시공학과,URE4029,도시방재및인프라시설,2018,2,2012/1 ~ 2018/2,도시공학과(학부/서울),29.17,,41.67,,29.17,,,,,,,,7,,10,,7,,,,,,,,ok,outputs/pdfs_full/도시공학과__URE4029__도시방재및인프라시설.pdf,,24
H0002256,H0002570,도시공학과,URE4030,부동산금융및투자,2026,1,2012/1 ~ 2030/2,도시공학과(학부/서울),27.27,9.09,45.45,,18.18,,,,,,,,3,1,5,,2,,,,,,,,ok,outputs/pdfs_full/도시공학과__URE4030__부동산금융및투자.pdf,,11
H0002256,H0002570,도시공학과,URE4031,도시및부동산경제,2025,1,2012/1 ~ 2029/2,도시공학과(학부/서울),27.03,2.7,35.14,5.41,27.03,,,,,,2.7,,10,1,13,2,10,,,,,,1,,ok,outputs/pdfs_full/도시공학과__URE4031__도시및부동산경제.pdf,,37
H0002256,H0002570,도시공학과,URE4032,부동산평가및자산관리,2025,2,2014/1 ~ 2030/2,도시공학과(학부/서울),55.56,44.44,,,,,,,,,,,5,4,,,,,,,,,,,ok,outputs/pdfs_full/도시공학과__URE4032__부동산평가및자산관리.pdf,,9
H0002256,H0002570,도시공학과,URE4033,도시및부동산법규,2026,1,2019/1 ~ 2030/2,도시공학과(학부/서울),30.43,,39.13,,30.43,,,,,,,,7,,9,,7,,,,,,,,ok,outputs/pdfs_full/도시공학과__URE4033__도시및부동산법규.pdf,,23
H0002256,H0004360,글로벌 CEO 창업 융합전공,VEN1001,현대사회와마케팅,2026,1,2024/1 ~ 2027/2,글로벌 CEO 창업 융합전공,37.5,22.28,28.8,7.07,2.72,,1.09,0.54,,,,,69,41,53,13,5,,2,1,,,,,ok,outputs/pdfs_full/글로벌_CEO_창업_융합전공__VEN1001__현대사회와마케팅.pdf,,184
H0002256,H0003878,창업융합전공,VEN2001,창업기초:창업과기업가정신,2026,1,2015/1 ~ 2028/2,창업융합전공,30.77,11.54,34.62,3.85,3.85,15.38,,,,,,,8,3,9,1,1,4,,,,,,,ok,outputs/pdfs_full/창업융합전공__VEN2001__창업기초_창업과기업가정신.pdf,,26
H0002256,H0003878,창업융합전공,VEN2002,창업실습:실전창업워크숍1,2026,1,2015/1 ~ 2030/2,창업융합전공,50,40,10,,,,,,,,,,10,8,2,,,,,,,,,,ok,outputs/pdfs_full/창업융합전공__VEN2002__창업실습_실전창업워크숍1.pdf,,20
H0002256,H0003878,창업융합전공,VEN2003,창업심화:스타트업 A to Z,2025,1,2015/1 ~ 2029/2,창업융합전공,46.15,38.46,7.69,7.69,,,,,,,,,6,5,1,1,,,,,,,,,ok,outputs/pdfs_full/창업융합전공__VEN2003__창업심화_스타트업_A_to_Z.pdf,,13
H0002256,H0003878,창업융합전공,VEN2005,창업기초:디자인씽킹,2025,2,2015/2 ~ 2028/2,창업융합전공,52,44,4,,,,,,,,,,13,11,1,,,,,,,,,,ok,outputs/pdfs_full/창업융합전공__VEN2005__창업기초_디자인씽킹.pdf,,25
H0002256,H0003878,창업융합전공,VEN2009,창업기초:스타트업기업가정신의이해와사례,2026,1,2015/2 ~ 2028/2,창업융합전공,66.67,12.82,20.51,,,,,,,,,,26,5,8,,,,,,,,,,ok,outputs/pdfs_full/창업융합전공__VEN2009__창업기초_스타트업기업가정신의이해와사례.pdf,,39
H0002256,H0003878,창업융합전공,VEN2011,Business Model Schema,2020,2,2016/2 ~ 2022/1,창업융합전공,21.28,21.28,19.15,23.4,6.38,6.38,2.13,,,,,,10,10,9,11,3,3,1,,,,,,ok,outputs/pdfs_full/창업융합전공__VEN2011__Business_Model_Schema.pdf,,47
H0002256,H0003878,창업융합전공,VEN2012,스타트업트렌드1,2018,2,2016/2 ~ 2022/1,창업융합전공,32.39,,33.8,8.45,22.54,,2.82,,,,,,23,,24,6,16,,2,,,,,,ok,outputs/pdfs_full/창업융합전공__VEN2012__스타트업트렌드1.pdf,,71
H0002256,H0003878,창업융합전공,VEN2013,스타트업트렌드2,2018,2,2016/2 ~ 2022/1,창업융합전공,12.28,19.3,8.77,14.04,14.04,15.79,,15.79,,,,,7,11,5,8,8,9,,9,,,,,ok,outputs/pdfs_full/창업융합전공__VEN2013__스타트업트렌드2.pdf,,57
H0002256,H0003878,창업융합전공,VEN2014,창업기초:사회적기업가정신액션러닝,2026,1,2016/2 ~ 2028/2,창업융합전공,86.67,,13.33,,,,,,,,,,26,,4,,,,,,,,,,ok,outputs/pdfs_full/창업융합전공__VEN2014__창업기초_사회적기업가정신액션러닝.pdf,,30
H0002256,H0003878,창업융합전공,VEN2015,레드라이언을위한씽씽스타트업1,2023,2,2017/2 ~ 2025/2,창업융합전공,37.5,,62.5,,,,,,,,,,6,,10,,,,,,,,,,ok,outputs/pdfs_full/창업융합전공__VEN2015__레드라이언을위한씽씽스타트업1.pdf,,16
H0002256,H0004360,글로벌 CEO 창업 융합전공,VEN2016,레드라이언을위한씽씽스타트업2,2024,1,2019/1 ~ 2028/2,글로벌 CEO 창업 융합전공,35.29,29.41,17.65,17.65,,,,,,,,,6,5,3,3,,,,,,,,,ok,outputs/pdfs_full/글로벌_CEO_창업_융합전공__VEN2016__레드라이언을위한씽씽스타트업2.pdf,,17
H0002256,H0003878,창업융합전공,VEN2017,창업기초:사업기회의발견,2026,1,2020/1 ~ 2028/2,창업융합전공,27.78,33.33,11.11,5.56,16.67,5.56,,,,,,,5,6,2,1,3,1,,,,,,,ok,outputs/pdfs_full/창업융합전공__VEN2017__창업기초_사업기회의발견.pdf,,18
H0002256,H0003878,창업융합전공,VEN2018,창업심화:스타트업마케팅,2026,1,2020/1 ~ 2029/2,창업융합전공,23.08,15.38,23.08,23.08,7.69,7.69,,,,,,,3,2,3,3,1,1,,,,,,,ok,outputs/pdfs_full/창업융합전공__VEN2018__창업심화_스타트업마케팅.pdf,,13
H0002256,H0004360,글로벌 CEO 창업 융합전공,VEN2019,한국문화와한류,2026,1,2022/1 ~ 2028/2,글로벌 CEO 창업 융합전공,52.24,38.81,5.97,1.49,,1.49,,,,,,,35,26,4,1,,1,,,,,,,ok,outputs/pdfs_full/글로벌_CEO_창업_융합전공__VEN2019__한국문화와한류.pdf,,67
H0002256,H0004360,글로벌 CEO 창업 융합전공,VEN2020,소비자행동과콘텐츠제작,2026,1,2023/1 ~ 2029/2,글로벌 CEO 창업 융합전공,6,8,14,30,20,12,6,4,,,,,3,4,7,15,10,6,3,2,,,,,ok,outputs/pdfs_full/글로벌_CEO_창업_융합전공__VEN2020__소비자행동과콘텐츠제작.pdf,,50
H0002256,H0003878,창업융합전공,VEN2021,세상을바꾸는스타트업이야기,2024,1,2024/1 ~ 2025/2,창업융합전공,28.21,48.72,23.08,,,,,,,,,,11,19,9,,,,,,,,,,ok,outputs/pdfs_full/창업융합전공__VEN2021__세상을바꾸는스타트업이야기.pdf,,39
H0002256,H0004360,글로벌 CEO 창업 융합전공,VEN2022,과학기술혁명,2026,1,2024/2 ~ 2028/2,글로벌 CEO 창업 융합전공,33.33,58.33,2.78,,5.56,,,,,,,,12,21,1,,2,,,,,,,,ok,outputs/pdfs_full/글로벌_CEO_창업_융합전공__VEN2022__과학기술혁명.pdf,,36
H0002256,H0004360,글로벌 CEO 창업 융합전공,VEN2023,사회혁신과UN지속가능개발목표,2025,1,2024/2 ~ 2028/2,글로벌 CEO 창업 융합전공,38.64,45.45,6.82,6.82,,2.27,,,,,,,17,20,3,3,,1,,,,,,,ok,outputs/pdfs_full/글로벌_CEO_창업_융합전공__VEN2023__사회혁신과UN지속가능개발목표.pdf,,44
H0002256,H0004360,글로벌 CEO 창업 융합전공,VEN2024,Cultural Industry and Data Analysis,2026,1,2024/2 ~ 2027/2,글로벌 CEO 창업 융합전공,23.53,26.47,32.35,17.65,,,,,,,,,8,9,11,6,,,,,,,,,ok,outputs/pdfs_full/글로벌_CEO_창업_융합전공__VEN2024__Cultural_Industry_and_Data_Analysis.pdf,,34
H0002256,H0004360,글로벌 CEO 창업 융합전공,VEN2025,Media Communication in Korea,2026,1,2024/2 ~ 2027/2,글로벌 CEO 창업 융합전공,14.29,20,45.71,11.43,2.86,2.86,2.86,,,,,,5,7,16,4,1,1,1,,,,,,ok,outputs/pdfs_full/글로벌_CEO_창업_융합전공__VEN2025__Media_Communication_in_Korea.pdf,,35
H0002256,H0004360,글로벌 CEO 창업 융합전공,VEN2026,Platform Revolution and Culture Industry,2026,1,2024/2 ~ 2027/2,글로벌 CEO 창업 융합전공,8.57,40,8.57,22.86,14.29,5.71,,,,,,,3,14,3,8,5,2,,,,,,,ok,outputs/pdfs_full/글로벌_CEO_창업_융합전공__VEN2026__Platform_Revolution_and_Culture_Industry.pdf,,35
H0002256,H0004360,글로벌 CEO 창업 융합전공,VEN2027,Understanding K-Pop Industry,2026,1,2024/2 ~ 2027/2,글로벌 CEO 창업 융합전공,25,12.5,40.63,15.63,6.25,,,,,,,,8,4,13,5,2,,,,,,,,ok,outputs/pdfs_full/글로벌_CEO_창업_융합전공__VEN2027__Understanding_K-Pop_Industry.pdf,,32
H0002256,H0004360,글로벌 CEO 창업 융합전공,VEN2028,From Oldboy to Squid Game: Navigating the Korean Cultural Wave,2026,1,2025/1 ~ 2027/2,글로벌 CEO 창업 융합전공,42.31,43.85,10.77,2.31,,0.77,,,,,,,55,57,14,3,,1,,,,,,,ok,outputs/pdfs_full/글로벌_CEO_창업_융합전공__VEN2028__From_Oldboy_to_Squid_Game__Navigating_the_Korean_Cultural_Wave.pdf,,130
H0002256,H0004360,글로벌 CEO 창업 융합전공,VEN2029,Korean for Beginners,2026,1,2025/1 ~ 2027/2,글로벌 CEO 창업 융합전공,54.02,26.79,10.71,6.7,0.45,0.89,,0.45,,,,,121,60,24,15,1,2,,1,,,,,ok,outputs/pdfs_full/글로벌_CEO_창업_융합전공__VEN2029__Korean_for_Beginners.pdf,,224
H0002256,H0004360,글로벌 CEO 창업 융합전공,VEN2030,Global Entrepreneurship_Launch your startup,2026,1,2025/2 ~ 2027/2,글로벌 CEO 창업 융합전공,11.2,31.2,27.2,12.8,6.4,5.6,3.2,2.4,,,,,14,39,34,16,8,7,4,3,,,,,ok,outputs/pdfs_full/글로벌_CEO_창업_융합전공__VEN2030__Global_Entrepreneurship_Launch_your_startup.pdf,,125
H0002256,H0003878,창업융합전공,VEN2031,미디어AI크리에이터창업의기초,2026,1,2026/1 ~ 2028/2,창업융합전공,80.77,19.23,,,,,,,,,,,21,5,,,,,,,,,,,ok,outputs/pdfs_full/창업융합전공__VEN2031__미디어AI크리에이터창업의기초.pdf,,26
H0002256,H0004360,글로벌 CEO 창업 융합전공,VEN2032,Entrepreneurial Insights & Korean Trends,2026,1,2026/1 ~ 2028/2,글로벌 CEO 창업 융합전공,48.84,16.28,18.6,6.98,6.98,,2.33,,,,,,21,7,8,3,3,,1,,,,,,ok,outputs/pdfs_full/글로벌_CEO_창업_융합전공__VEN2032__Entrepreneurial_Insights_&_Korean_Trends.pdf,,43
H0002256,H0003878,창업융합전공,VEN3001,창업심화:스타트업법률이슈,2025,2,2015/1 ~ 2029/2,창업융합전공,30,,40,,25,5,,,,,,,6,,8,,5,1,,,,,,,ok,outputs/pdfs_full/창업융합전공__VEN3001__창업심화_스타트업법률이슈.pdf,,20
H0002256,H0003878,창업융합전공,VEN3002,창업심화:스타트업특허,2025,2,2015/1 ~ 2029/2,창업융합전공,18.75,25,31.25,12.5,12.5,,,,,,,,3,4,5,2,2,,,,,,,,ok,outputs/pdfs_full/창업융합전공__VEN3002__창업심화_스타트업특허.pdf,,16
H0002256,H0003878,창업융합전공,VEN3004,창업실습:협력적비즈니스모델의성공조건,2017,2,2015/1 ~ 2022/1,창업융합전공,88.89,,,,,,,11.11,,,,,8,,,,,,,1,,,,,ok,outputs/pdfs_full/창업융합전공__VEN3004__창업실습_협력적비즈니스모델의성공조건.pdf,,9
H0002256,H0003878,창업융합전공,VEN3005,창업실습:캠퍼스CEO,2025,2,2015/2 ~ 2029/2,창업융합전공,36.84,47.37,10.53,,,5.26,,,,,,,7,9,2,,,1,,,,,,,ok,outputs/pdfs_full/창업융합전공__VEN3005__창업실습_캠퍼스CEO.pdf,,19
H0002256,H0003878,창업융합전공,VEN3006,창업실습1,2025,2,2015/2 ~ 2029/2,창업융합전공,75,,12.5,12.5,,,,,,,,,6,,1,1,,,,,,,,,ok,outputs/pdfs_full/창업융합전공__VEN3006__창업실습1.pdf,,8
H0002256,H0003878,창업융합전공,VEN3007,창업실습2,2026,1,2016/1 ~ 2030/2,창업융합전공,100,,,,,,,,,,,,7,,,,,,,,,,,,ok,outputs/pdfs_full/창업융합전공__VEN3007__창업실습2.pdf,,7
H0002256,H0003878,창업융합전공,VEN3008,창업기초:글로벌스타트업멘토링,2026,1,2016/1 ~ 2028/2,창업융합전공,67.57,27.03,2.7,,2.7,,,,,,,,25,10,1,,1,,,,,,,,ok,outputs/pdfs_full/창업융합전공__VEN3008__창업기초_글로벌스타트업멘토링.pdf,,37
H0002256,H0003878,창업융합전공,VEN3009,창업심화:스타트업투자유치전략,2025,2,2016/1 ~ 2029/2,창업융합전공,68.75,31.25,,,,,,,,,,,11,5,,,,,,,,,,,ok,outputs/pdfs_full/창업융합전공__VEN3009__창업심화_스타트업투자유치전략.pdf,,16
H0002256,H0003878,창업융합전공,VEN3010,창업기초:3D프린팅이해와활용,2022,1,2016/1 ~ 2022/2,창업융합전공,21.74,60.87,13.04,4.35,,,,,,,,,5,14,3,1,,,,,,,,,ok,outputs/pdfs_full/창업융합전공__VEN3010__창업기초_3D프린팅이해와활용.pdf,,23
H0002256,H0003878,창업융합전공,VEN3011,창업기초:문화예술산업의이해,2025,2,2016/1 ~ 2028/2,창업융합전공,26.32,42.11,15.79,5.26,10.53,,,,,,,,5,8,3,1,2,,,,,,,,ok,outputs/pdfs_full/창업융합전공__VEN3011__창업기초_문화예술산업의이해.pdf,,19
H0002256,H0003878,창업융합전공,VEN3012,창업실습:3D프린팅스타트업,2018,2,2016/2 ~ 2025/2,창업융합전공,85.71,10.71,,3.57,,,,,,,,,24,3,,1,,,,,,,,,ok,outputs/pdfs_full/창업융합전공__VEN3012__창업실습_3D프린팅스타트업.pdf,,28
H0002256,H0003878,창업융합전공,VEN3013,창업실습:도전크라우드펀딩,2018,2,2017/2 ~ 2025/2,창업융합전공,30,40,30,,,,,,,,,,3,4,3,,,,,,,,,,ok,outputs/pdfs_full/창업융합전공__VEN3013__창업실습_도전크라우드펀딩.pdf,,10
H0002256,H0003878,창업융합전공,VEN3014,창업실습:스타트랙1,2026,1,2019/1 ~ 2029/2,창업융합전공,100,,,,,,,,,,,,5,,,,,,,,,,,,ok,outputs/pdfs_full/창업융합전공__VEN3014__창업실습_스타트랙1.pdf,,5
H0002256,H0004360,글로벌 CEO 창업 융합전공,VEN3015,차이나마케팅,2024,1,2022/1 ~ 2029/2,글로벌 CEO 창업 융합전공,40,,50,10,,,,,,,,,4,,5,1,,,,,,,,,ok,outputs/pdfs_full/글로벌_CEO_창업_융합전공__VEN3015__차이나마케팅.pdf,,10
H0002256,H0004360,글로벌 CEO 창업 융합전공,VEN3016,한중소비트렌드,2023,2,2022/1 ~ 2029/2,글로벌 CEO 창업 융합전공,16.67,22.22,44.44,16.67,,,,,,,,,3,4,8,3,,,,,,,,,ok,outputs/pdfs_full/글로벌_CEO_창업_융합전공__VEN3016__한중소비트렌드.pdf,,18
H0002256,H0003878,창업융합전공,VEN3017,클라우드비즈니스모델,2024,1,2021/1 ~ 2029/2,창업융합전공,46.15,30.77,15.38,7.69,,,,,,,,,6,4,2,1,,,,,,,,,ok,outputs/pdfs_full/창업융합전공__VEN3017__클라우드비즈니스모델.pdf,,13
H0002256,H0003878,창업융합전공,VEN3018,창업실무:고객데이터분석및활용기초,2024,1,2022/1 ~ 2029/2,창업융합전공,82.76,13.79,3.45,,,,,,,,,,24,4,1,,,,,,,,,,ok,outputs/pdfs_full/창업융합전공__VEN3018__창업실무_고객데이터분석및활용기초.pdf,,29
H0002256,H0003878,창업융합전공,VEN3019,창업실무:쉽게배우는모바일앱개발,2026,1,2022/1 ~ 2029/2,창업융합전공,81.25,12.5,6.25,,,,,,,,,,26,4,2,,,,,,,,,,ok,outputs/pdfs_full/창업융합전공__VEN3019__창업실무_쉽게배우는모바일앱개발.pdf,,32
H0002256,H0003878,창업융합전공,VEN3020,창업실무:모바일게임프로그래밍기초,2023,2,2022/1 ~ 2029/2,창업융합전공,93.75,6.25,,,,,,,,,,,15,1,,,,,,,,,,,ok,outputs/pdfs_full/창업융합전공__VEN3020__창업실무_모바일게임프로그래밍기초.pdf,,16
H0002256,H0003878,창업융합전공,VEN3021,창업실무:금융DT와핀테크SW기초,2024,2,2022/1 ~ 2029/2,창업융합전공,85.19,7.41,,3.7,,3.7,,,,,,,23,2,,1,,1,,,,,,,ok,outputs/pdfs_full/창업융합전공__VEN3021__창업실무_금융DT와핀테크SW기초.pdf,,27
H0002256,H0004360,글로벌 CEO 창업 융합전공,VEN3022,기초비즈니스통계,2026,1,2023/1 ~ 2029/2,글로벌 CEO 창업 융합전공,2.13,38.3,27.66,14.89,14.89,,,2.13,,,,,1,18,13,7,7,,,1,,,,,ok,outputs/pdfs_full/글로벌_CEO_창업_융합전공__VEN3022__기초비즈니스통계.pdf,,47
H0002256,H0004360,글로벌 CEO 창업 융합전공,VEN3023,비즈니스행동경제학,2026,1,2023/1 ~ 2029/2,글로벌 CEO 창업 융합전공,32.5,22.5,27.5,12.5,2.5,2.5,,,,,,,13,9,11,5,1,1,,,,,,,ok,outputs/pdfs_full/글로벌_CEO_창업_융합전공__VEN3023__비즈니스행동경제학.pdf,,40
H0002256,H0003878,창업융합전공,VEN3024,창업가정신과사회적혁신,2025,2,2023/2 ~ 2028/2,창업융합전공,64.86,10.81,13.51,8.11,2.7,,,,,,,,24,4,5,3,1,,,,,,,,ok,outputs/pdfs_full/창업융합전공__VEN3024__창업가정신과사회적혁신.pdf,,37
H0002256,H0003878,창업융합전공,VEN3025,창업실무:엔엘코드(No-LowCode)를활용한IT서비스기획,2026,1,2024/1 ~ 2029/2,창업융합전공,78.57,3.57,17.86,,,,,,,,,,22,1,5,,,,,,,,,,ok,outputs/pdfs_full/창업융합전공__VEN3025__창업실무_엔엘코드(No-LowCode)를활용한IT서비스기획.pdf,,28
H0002256,H0003878,창업융합전공,VEN4001,창업실습:캡스톤디자인,2025,1,2015/2 ~ 2030/2,창업융합전공,50,25,25,,,,,,,,,,2,1,1,,,,,,,,,,ok,outputs/pdfs_full/창업융합전공__VEN4001__창업실습_캡스톤디자인.pdf,,4
H0002256,H0003878,창업융합전공,VEN4003,블록체인과비즈니스모델,2025,2,2018/2 ~ 2029/2,창업융합전공,44.44,33.33,22.22,,,,,,,,,,4,3,2,,,,,,,,,,ok,outputs/pdfs_full/창업융합전공__VEN4003__블록체인과비즈니스모델.pdf,,9
H0002256,H0004360,글로벌 CEO 창업 융합전공,VEN4004,전략적마케팅과케이스스터디,2023,2,2023/2 ~ 2028/2,글로벌 CEO 창업 융합전공,31.58,23.68,31.58,5.26,7.89,,,,,,,,12,9,12,2,3,,,,,,,,ok,outputs/pdfs_full/글로벌_CEO_창업_융합전공__VEN4004__전략적마케팅과케이스스터디.pdf,,38
H0002256,H0004360,글로벌 CEO 창업 융합전공,VEN4005,비즈니스리서치와분석,2026,1,2023/2 ~ 2030/2,글로벌 CEO 창업 융합전공,33.33,24.44,28.89,8.89,4.44,,,,,,,,15,11,13,4,2,,,,,,,,ok,outputs/pdfs_full/글로벌_CEO_창업_융합전공__VEN4005__비즈니스리서치와분석.pdf,,45
H0002256,H0003878,창업융합전공,VEN4006,창업심화:스타트업경영전략,2026,1,2024/1 ~ 2029/2,창업융합전공,30.43,13.04,8.7,17.39,8.7,8.7,,13.04,,,,,7,3,2,4,2,2,,3,,,,,ok,outputs/pdfs_full/창업융합전공__VEN4006__창업심화_스타트업경영전략.pdf,,23
H0002256,H0003878,창업융합전공,VEN6001,스타트업토크콘서트,2026,1,2017/1 ~ 2028/2,창업융합전공,,,,,,,,,,100,,,,,,,,,,,,121,,,ok,outputs/pdfs_full/창업융합전공__VEN6001__스타트업토크콘서트.pdf,,121
H0002256,H0002737,성악과,VOC1003,성악전공실기1,2026,1,1999/1 ~ 2027/2,성악과(학부/서울),,10.34,89.66,,,,,,,,,,,3,26,,,,,,,,,,ok,outputs/pdfs_full/성악과__VOC1003__성악전공실기1.pdf,,29
H0002256,H0002737,성악과,VOC1004,성악전공실기2,2025,2,1999/1 ~ 2027/2,성악과(학부/서울),,17.39,82.61,,,,,,,,,,,4,19,,,,,,,,,,ok,outputs/pdfs_full/성악과__VOC1004__성악전공실기2.pdf,,23
H0002256,H0002737,성악과,VOC1005,독일어딕션1,2016,1,2005/1 ~ 2016/2,성악과(학부/서울),21.88,9.38,15.63,28.13,6.25,18.75,,,,,,,7,3,5,9,2,6,,,,,,,ok,outputs/pdfs_full/성악과__VOC1005__독일어딕션1.pdf,,32
H0002256,H0002737,성악과,VOC1006,독일어딕션2,2016,2,2005/1 ~ 2016/2,성악과(학부/서울),21.21,18.18,30.3,9.09,12.12,9.09,,,,,,,7,6,10,3,4,3,,,,,,,ok,outputs/pdfs_full/성악과__VOC1006__독일어딕션2.pdf,,33
H0002256,H0002739,피아노과,VOC1007,가창과반주실습1,2015,1,2009/1 ~ 2015/2,피아노과(학부/서울),22.22,18.52,18.52,22.22,18.52,,,,,,,,6,5,5,6,5,,,,,,,,ok,outputs/pdfs_full/피아노과__VOC1007__가창과반주실습1.pdf,,27
H0002256,H0002739,피아노과,VOC1008,가창과반주실습2,2015,2,2009/1 ~ 2015/2,피아노과(학부/서울),18.52,18.52,29.63,14.81,14.81,3.7,,,,,,,5,5,8,4,4,1,,,,,,,ok,outputs/pdfs_full/피아노과__VOC1008__가창과반주실습2.pdf,,27
H0002256,H0002737,성악과,VOC1009,이태리어딕션1,2015,1,2013/1 ~ 2015/2,성악과(학부/서울),16.13,16.13,22.58,16.13,29.03,,,,,,,,5,5,7,5,9,,,,,,,,ok,outputs/pdfs_full/성악과__VOC1009__이태리어딕션1.pdf,,31
H0002256,H0002737,성악과,VOC1010,이태리어딕션2,2015,2,2013/1 ~ 2015/2,성악과(학부/서울),17.86,17.86,14.29,21.43,14.29,7.14,3.57,,,3.57,,,5,5,4,6,4,2,1,,,1,,,ok,outputs/pdfs_full/성악과__VOC1010__이태리어딕션2.pdf,,28
H0002256,H0002737,성악과,VOC1011,딕션1,2026,1,2016/1 ~ 2027/2,성악과(학부/서울),3.23,12.9,35.48,22.58,19.35,3.23,,,,3.23,,,1,4,11,7,6,1,,,,1,,,ok,outputs/pdfs_full/성악과__VOC1011__딕션1.pdf,,31
H0002256,H0002737,성악과,VOC1012,피아노실습1,2026,1,2016/1 ~ 2027/2,성악과(학부/서울),19.35,12.9,32.26,19.35,6.45,6.45,3.23,,,,,,6,4,10,6,2,2,1,,,,,,ok,outputs/pdfs_full/성악과__VOC1012__피아노실습1.pdf,,31
H0002256,H0002737,성악과,VOC1013,딕션2,2025,2,2016/1 ~ 2027/2,성악과(학부/서울),18.18,13.64,31.82,13.64,22.73,,,,,,,,4,3,7,3,5,,,,,,,,ok,outputs/pdfs_full/성악과__VOC1013__딕션2.pdf,,22
H0002256,H0002737,성악과,VOC1014,피아노실습2,2025,2,2016/1 ~ 2027/2,성악과(학부/서울),31.58,26.32,31.58,10.53,,,,,,,,,6,5,6,2,,,,,,,,,ok,outputs/pdfs_full/성악과__VOC1014__피아노실습2.pdf,,19
H0002256,H0002739,피아노과,VOC2055,가창1,2016,1,1991/1 ~ 2008/2,피아노과(학부/서울),62.5,18.75,,,,18.75,,,,,,,10,3,,,,3,,,,,,,ok,outputs/pdfs_full/피아노과__VOC2055__가창1.pdf,,16
H0002256,H0002739,피아노과,VOC2056,가창2,2016,2,1991/1 ~ 2008/2,피아노과(학부/서울),64.29,21.43,7.14,,,7.14,,,,,,,9,3,1,,,1,,,,,,,ok,outputs/pdfs_full/피아노과__VOC2056__가창2.pdf,,14
H0002256,H0002737,성악과,VOC2059,성악전공실기3,2026,1,1999/1 ~ 2028/2,성악과(학부/서울),,7.14,92.86,,,,,,,,,,,2,26,,,,,,,,,,ok,outputs/pdfs_full/성악과__VOC2059__성악전공실기3.pdf,,28
H0002256,H0002737,성악과,VOC2060,성악전공실기4,2025,2,1999/1 ~ 2028/2,성악과(학부/서울),,12,88,,,,,,,,,,,3,22,,,,,,,,,,ok,outputs/pdfs_full/성악과__VOC2060__성악전공실기4.pdf,,25
H0002256,H0002737,성악과,VOC2067,무대연기법1,2016,1,2014/1 ~ 2016/2,성악과(학부/서울),28.57,42.86,28.57,,,,,,,,,,4,6,4,,,,,,,,,,ok,outputs/pdfs_full/성악과__VOC2067__무대연기법1.pdf,,14
H0002256,H0002737,성악과,VOC2068,무대연기법2,2016,2,2014/1 ~ 2016/2,성악과(학부/서울),38.46,15.38,38.46,7.69,,,,,,,,,5,2,5,1,,,,,,,,,ok,outputs/pdfs_full/성악과__VOC2068__무대연기법2.pdf,,13
H0002256,H0002737,성악과,VOC2069,피아노실습3,2026,1,2017/1 ~ 2028/2,성악과(학부/서울),36.36,18.18,27.27,18.18,,,,,,,,,8,4,6,4,,,,,,,,,ok,outputs/pdfs_full/성악과__VOC2069__피아노실습3.pdf,,22
H0002256,H0002737,성악과,VOC2070,딕션3,2026,1,2017/1 ~ 2028/2,성악과(학부/서울),,19.23,34.62,26.92,15.38,3.85,,,,,,,,5,9,7,4,1,,,,,,,ok,outputs/pdfs_full/성악과__VOC2070__딕션3.pdf,,26
H0002256,H0002737,성악과,VOC2071,무대예술1,2026,1,2017/1 ~ 2028/2,성악과(학부/서울),40,46.67,,6.67,,6.67,,,,,,,6,7,,1,,1,,,,,,,ok,outputs/pdfs_full/성악과__VOC2071__무대예술1.pdf,,15
H0002256,H0002737,성악과,VOC2072,피아노실습4,2025,2,2017/1 ~ 2028/2,성악과(학부/서울),40,20,30,10,,,,,,,,,4,2,3,1,,,,,,,,,ok,outputs/pdfs_full/성악과__VOC2072__피아노실습4.pdf,,10
H0002256,H0002737,성악과,VOC2073,딕션4,2025,2,2017/1 ~ 2028/2,성악과(학부/서울),29.17,45.83,20.83,4.17,,,,,,,,,7,11,5,1,,,,,,,,,ok,outputs/pdfs_full/성악과__VOC2073__딕션4.pdf,,24
H0002256,H0002737,성악과,VOC2074,무대예술2,2025,2,2017/1 ~ 2028/2,성악과(학부/서울),66.67,11.11,11.11,11.11,,,,,,,,,6,1,1,1,,,,,,,,,ok,outputs/pdfs_full/성악과__VOC2074__무대예술2.pdf,,9
H0002256,H0002737,성악과,VOC3033,성악전공실기5,2026,1,1999/1 ~ 2029/2,성악과(학부/서울),,4.35,95.65,,,,,,,,,,,1,22,,,,,,,,,,ok,outputs/pdfs_full/성악과__VOC3033__성악전공실기5.pdf,,23
H0002256,H0002737,성악과,VOC3034,성악전공실기6,2025,2,1999/1 ~ 2029/2,성악과(학부/서울),,16,80,4,,,,,,,,,,4,20,1,,,,,,,,,ok,outputs/pdfs_full/성악과__VOC3034__성악전공실기6.pdf,,25
H0002256,H0002737,성악과,VOC3040,프랑스어딕션1,2017,1,2007/1 ~ 2017/2,성악과(학부/서울),25.81,12.9,41.94,,19.35,,,,,,,,8,4,13,,6,,,,,,,,ok,outputs/pdfs_full/성악과__VOC3040__프랑스어딕션1.pdf,,31
H0002256,H0002737,성악과,VOC3046,프랑스어딕션2,2017,2,2007/1 ~ 2017/2,성악과(학부/서울),24.24,18.18,18.18,18.18,12.12,9.09,,,,,,,8,6,6,6,4,3,,,,,,,ok,outputs/pdfs_full/성악과__VOC3046__프랑스어딕션2.pdf,,33
H0002256,H0002737,성악과,VOC3048,예술가곡실습1,2017,1,2015/1 ~ 2017/2,성악과(학부/서울),4.55,22.73,40.91,22.73,,,9.09,,,,,,1,5,9,5,,,2,,,,,,ok,outputs/pdfs_full/성악과__VOC3048__예술가곡실습1.pdf,,22
H0002256,H0002737,성악과,VOC3049,오페라워크샵1,2017,1,2015/1 ~ 2017/2,성악과(학부/서울),53.33,26.67,13.33,6.67,,,,,,,,,8,4,2,1,,,,,,,,,ok,outputs/pdfs_full/성악과__VOC3049__오페라워크샵1.pdf,,15
H0002256,H0002737,성악과,VOC3050,예술가곡실습2,2017,2,2015/1 ~ 2017/2,성악과(학부/서울),23.53,23.53,41.18,5.88,5.88,,,,,,,,4,4,7,1,1,,,,,,,,ok,outputs/pdfs_full/성악과__VOC3050__예술가곡실습2.pdf,,17
H0002256,H0002737,성악과,VOC3051,오페라워크샵2,2017,2,2015/1 ~ 2017/2,성악과(학부/서울),40,45,,10,5,,,,,,,,8,9,,2,1,,,,,,,,ok,outputs/pdfs_full/성악과__VOC3051__오페라워크샵2.pdf,,20
H0002256,H0002737,성악과,VOC3052,딕션5,2026,1,2018/1 ~ 2029/2,성악과(학부/서울),43.48,,34.78,8.7,13.04,,,,,,,,10,,8,2,3,,,,,,,,ok,outputs/pdfs_full/성악과__VOC3052__딕션5.pdf,,23
H0002256,H0002737,성악과,VOC3053,가곡과앙상블1,2026,1,2018/1 ~ 2029/2,성악과(학부/서울),11.11,55.56,22.22,11.11,,,,,,,,,2,10,4,2,,,,,,,,,ok,outputs/pdfs_full/성악과__VOC3053__가곡과앙상블1.pdf,,18
H0002256,H0002737,성악과,VOC3054,무대예술3,2026,1,2018/1 ~ 2029/2,성악과(학부/서울),33.33,50,16.67,,,,,,,,,,6,9,3,,,,,,,,,,ok,outputs/pdfs_full/성악과__VOC3054__무대예술3.pdf,,18
H0002256,H0002737,성악과,VOC3055,딕션6,2025,2,2018/1 ~ 2029/2,성악과(학부/서울),40,,40,,20,,,,,,,,10,,10,,5,,,,,,,,ok,outputs/pdfs_full/성악과__VOC3055__딕션6.pdf,,25
H0002256,H0002737,성악과,VOC3056,가곡과앙상블2,2025,2,2018/1 ~ 2029/2,성악과(학부/서울),,80,13.33,6.67,,,,,,,,,,12,2,1,,,,,,,,,ok,outputs/pdfs_full/성악과__VOC3056__가곡과앙상블2.pdf,,15
H0002256,H0002737,성악과,VOC3057,무대예술4,2025,2,2018/1 ~ 2029/2,성악과(학부/서울),26.67,53.33,20,,,,,,,,,,4,8,3,,,,,,,,,,ok,outputs/pdfs_full/성악과__VOC3057__무대예술4.pdf,,15
H0002256,H0002737,성악과,VOC3058,연주기획과평론1,2026,1,2022/1 ~ 2029/2,성악과(학부/서울),73.91,13.04,8.7,,4.35,,,,,,,,17,3,2,,1,,,,,,,,ok,outputs/pdfs_full/성악과__VOC3058__연주기획과평론1.pdf,,23
H0002256,H0002737,성악과,VOC3059,연주기획과평론2,2025,2,2022/1 ~ 2029/2,성악과(학부/서울),70.83,20.83,4.17,4.17,,,,,,,,,17,5,1,1,,,,,,,,,ok,outputs/pdfs_full/성악과__VOC3059__연주기획과평론2.pdf,,24
H0002256,H0002737,성악과,VOC4001,성악앙상블1,2018,1,1991/1 ~ 2018/2,성악과(학부/서울),9.09,18.18,50,22.73,,,,,,,,,2,4,11,5,,,,,,,,,ok,outputs/pdfs_full/성악과__VOC4001__성악앙상블1.pdf,,22
H0002256,H0002737,성악과,VOC4002,성악앙상블2,2018,2,1991/1 ~ 2018/2,성악과(학부/서울),5.26,52.63,36.84,5.26,,,,,,,,,1,10,7,1,,,,,,,,,ok,outputs/pdfs_full/성악과__VOC4002__성악앙상블2.pdf,,19
H0002256,H0002737,성악과,VOC4008,성악문헌1,2026,1,2014/1 ~ 2029/2,성악과(학부/서울),20,20,20,40,,,,,,,,,2,2,2,4,,,,,,,,,ok,outputs/pdfs_full/성악과__VOC4008__성악문헌1.pdf,,10
H0002256,H0002737,성악과,VOC4009,성악문헌2,2019,2,2014/1 ~ 2029/2,성악과(학부/서울),13.79,27.59,31.03,,13.79,10.34,3.45,,,,,,4,8,9,,4,3,1,,,,,,ok,outputs/pdfs_full/성악과__VOC4009__성악문헌2.pdf,,29
H0002256,H0002737,성악과,VOC4021,한국가곡문헌1,2026,1,1996/1 ~ 2030/2,성악과(학부/서울),45.45,,36.36,18.18,,,,,,,,,5,,4,2,,,,,,,,,ok,outputs/pdfs_full/성악과__VOC4021__한국가곡문헌1.pdf,,11
H0002256,H0002737,성악과,VOC4022,한국가곡문헌2,2023,2,1996/1 ~ 2030/2,성악과(학부/서울),37.5,25,25,12.5,,,,,,,,,3,2,2,1,,,,,,,,,ok,outputs/pdfs_full/성악과__VOC4022__한국가곡문헌2.pdf,,8
H0002256,H0002737,성악과,VOC4027,성악전공실기7,2026,1,1999/1 ~ 2030/2,성악과(학부/서울),,11.11,81.48,7.41,,,,,,,,,,3,22,2,,,,,,,,,ok,outputs/pdfs_full/성악과__VOC4027__성악전공실기7.pdf,,27
H0002256,H0002737,성악과,VOC4028,성악전공실기8,2025,2,1999/1 ~ 2030/2,성악과(학부/서울),,86.67,13.33,,,,,,,,,,,26,4,,,,,,,,,,ok,outputs/pdfs_full/성악과__VOC4028__성악전공실기8.pdf,,30
H0002256,H0002737,성악과,VOC4029,영어딕션1,2018,1,2008/1 ~ 2018/2,성악과(학부/서울),29.03,9.68,25.81,16.13,19.35,,,,,,,,9,3,8,5,6,,,,,,,,ok,outputs/pdfs_full/성악과__VOC4029__영어딕션1.pdf,,31
H0002256,H0002737,성악과,VOC4043,영어딕션2,2018,2,2008/1 ~ 2018/2,성악과(학부/서울),33.33,9.09,27.27,12.12,18.18,,,,,,,,11,3,9,4,6,,,,,,,,ok,outputs/pdfs_full/성악과__VOC4043__영어딕션2.pdf,,33
H0002256,H0002737,성악과,VOC4052,예술경영및마케팅1,2026,1,2016/1 ~ 2018/2,성악과(학부/서울),41.67,,58.33,,,,,,,,,,5,,7,,,,,,,,,,ok,outputs/pdfs_full/성악과__VOC4052__예술경영및마케팅1.pdf,,12
H0002256,H0002737,성악과,VOC4053,예술가곡실습3,2018,1,2016/1 ~ 2018/2,성악과(학부/서울),60.87,13.04,13.04,13.04,,,,,,,,,14,3,3,3,,,,,,,,,ok,outputs/pdfs_full/성악과__VOC4053__예술가곡실습3.pdf,,23
H0002256,H0002737,성악과,VOC4054,오페라워크샵3,2018,1,2016/1 ~ 2018/2,성악과(학부/서울),63.64,36.36,,,,,,,,,,,7,4,,,,,,,,,,,ok,outputs/pdfs_full/성악과__VOC4054__오페라워크샵3.pdf,,11
H0002256,H0002737,성악과,VOC4055,예술경영및마케팅2,2024,2,2016/1 ~ 2018/2,성악과(학부/서울),37.5,62.5,,,,,,,,,,,3,5,,,,,,,,,,,ok,outputs/pdfs_full/성악과__VOC4055__예술경영및마케팅2.pdf,,8
H0002256,H0002737,성악과,VOC4056,예술가곡실습4,2018,2,2016/1 ~ 2018/2,성악과(학부/서울),57.69,15.38,7.69,7.69,3.85,7.69,,,,,,,15,4,2,2,1,2,,,,,,,ok,outputs/pdfs_full/성악과__VOC4056__예술가곡실습4.pdf,,26
H0002256,H0002737,성악과,VOC4057,오페라워크샵4,2018,2,2016/1 ~ 2018/2,성악과(학부/서울),75,25,,,,,,,,,,,3,1,,,,,,,,,,,ok,outputs/pdfs_full/성악과__VOC4057__오페라워크샵4.pdf,,4
H0002256,H0002737,성악과,VOC4058,성악마스터클래스1,2019,1,2019/1 ~ 2022/2,성악과(학부/서울),53.33,13.33,26.67,6.67,,,,,,,,,8,2,4,1,,,,,,,,,ok,outputs/pdfs_full/성악과__VOC4058__성악마스터클래스1.pdf,,15
H0002256,H0002737,성악과,VOC4059,딕션7,2026,1,2019/1 ~ 2030/2,성악과(학부/서울),14.81,25.93,18.52,22.22,14.81,3.7,,,,,,,4,7,5,6,4,1,,,,,,,ok,outputs/pdfs_full/성악과__VOC4059__딕션7.pdf,,27
H0002256,H0002737,성악과,VOC4060,가곡과앙상블3,2022,1,2019/1 ~ 2022/2,성악과(학부/서울),54.55,27.27,9.09,9.09,,,,,,,,,6,3,1,1,,,,,,,,,ok,outputs/pdfs_full/성악과__VOC4060__가곡과앙상블3.pdf,,11
H0002256,H0002737,성악과,VOC4061,무대예술5,2026,1,2019/1 ~ 2030/2,성악과(학부/서울),13.33,20,13.33,53.33,,,,,,,,,2,3,2,8,,,,,,,,,ok,outputs/pdfs_full/성악과__VOC4061__무대예술5.pdf,,15
H0002256,H0002737,성악과,VOC4063,딕션8,2025,2,2019/1 ~ 2030/2,성악과(학부/서울),16.67,23.33,23.33,16.67,20,,,,,,,,5,7,7,5,6,,,,,,,,ok,outputs/pdfs_full/성악과__VOC4063__딕션8.pdf,,30
H0002256,H0002737,성악과,VOC4064,가곡과앙상블4,2022,2,2019/1 ~ 2022/2,성악과(학부/서울),72.73,9.09,18.18,,,,,,,,,,8,1,2,,,,,,,,,,ok,outputs/pdfs_full/성악과__VOC4064__가곡과앙상블4.pdf,,11
H0002256,H0002737,성악과,VOC4065,무대예술6,2025,2,2019/1 ~ 2030/2,성악과(학부/서울),25,25,50,,,,,,,,,,1,1,2,,,,,,,,,,ok,outputs/pdfs_full/성악과__VOC4065__무대예술6.pdf,,4
H0002256,H0002737,성악과,VOC4066,예술가곡1,2026,1,2023/1 ~ 2030/2,성악과(학부/서울),17.39,30.43,34.78,13.04,4.35,,,,,,,,4,7,8,3,1,,,,,,,,ok,outputs/pdfs_full/성악과__VOC4066__예술가곡1.pdf,,23
H0002256,H0002737,성악과,VOC4067,예술가곡2,2025,2,2023/1 ~ 2030/2,성악과(학부/서울),,68.18,27.27,4.55,,,,,,,,,,15,6,1,,,,,,,,,ok,outputs/pdfs_full/성악과__VOC4067__예술가곡2.pdf,,22
